    30.818    -1.000     0.000         0
    27.432     2.783     0.060         1
    28.217     2.410     0.060         1
    29.018     2.099     0.060         1
    29.819     1.873     0.060         1
    30.595     1.786     0.060         1
    28.857     2.490     0.060         2
    29.658     2.299     0.060         2
    30.439     2.208     0.060         2
    28.217     2.896     0.060         3
    29.018     2.691     0.060         3
    29.819     2.566     0.060         3
    30.595     2.551     0.060         3
     3.881     7.511     0.060         5
     4.704     7.401     0.060         5
     5.541     7.267     0.060         5
     6.340     7.170     0.060         5
     7.147     7.064     0.060         5
     7.951     6.957     0.060         5
     8.778     6.828     0.060         5
     9.590     6.703     0.060         5
    10.387     6.585     0.060         5
    11.208     6.452     0.060         5
    12.042     6.319     0.060         5
    12.866     6.209     0.060         5
    13.656     6.069     0.060         5
    14.458     5.930     0.060         5
    15.271     5.794     0.060         5
    16.086     5.671     0.060         5
    16.910     5.537     0.060         5
    17.709     5.397     0.060         5
    18.502     5.252     0.060         5
    19.290     5.108     0.060         5
    20.065     4.953     0.060         5
    20.843     4.795     0.060         5
    21.634     4.636     0.060         5
    22.401     4.468     0.060         5
    23.192     4.293     0.060         5
    23.981     4.103     0.060         5
    24.760     3.893     0.060         5
    25.543     3.697     0.060         5
     4.379     8.167     0.060        14
     5.541     8.008     0.060        14
     6.340     7.909     0.060        14
     7.147     7.830     0.060        14
     8.116     7.679     0.060        14
     8.939     7.537     0.060        14
     9.752     7.420     0.060        14
    10.548     7.280     0.060        14
    11.380     7.156     0.060        14
    12.207     7.028     0.060        14
    13.027     6.892     0.060        14
    13.817     6.762     0.060        14
    14.619     6.628     0.060        14
    15.435     6.506     0.060        14
    16.248     6.359     0.060        14
    17.074     6.207     0.060        14
    17.870     6.073     0.060        14
    18.656     5.933     0.060        14
    19.441     5.792     0.060        14
    20.216     5.649     0.060        14
    21.007     5.498     0.060        14
    21.785     5.340     0.060        14
    22.565     5.177     0.060        14
    23.343     4.987     0.060        14
    24.128     4.796     0.060        14
    24.922     4.594     0.060        14
     3.881    11.937     0.060        24
     5.706    11.468     0.060        24
     7.628    10.995     0.060        24
     9.590    10.478     0.060        24
    11.208    10.061     0.060        24
    13.027     9.636     0.060        24
    14.304     9.347     0.060        24
    15.922     8.931     0.060        24
    17.558     8.477     0.060        24
    30.818     1.000     0.000         0
    31.557     1.876     0.060         1
    32.360     2.105     0.060         1
    33.158     2.417     0.060         1
    33.970     2.801     0.060         1
    30.947     2.204     0.060         2
    31.717     2.287     0.060         2
    32.525     2.481     0.060         2
    33.319     2.758     0.060         2
    31.557     2.602     0.060         3
    32.360     2.722     0.060         3
    35.606     3.584     0.060         5
    36.415     3.847     0.060         5
    37.221     4.049     0.060         5
    38.031     4.183     0.060         5
    38.844     4.356     0.060         5
    39.656     4.499     0.060         5
    40.469     4.629     0.060         5
    41.286     4.752     0.060         5
    42.082     4.867     0.060         5
    42.881     4.972     0.060         5
    43.650     5.086     0.060         5
    44.449     5.207     0.060         5
    45.226     5.332     0.060         5
    46.018     5.454     0.060         5
    46.798     5.587     0.060         5
    47.590     5.694     0.060         5
    48.371     5.792     0.060         5
    49.320     5.931     0.060         5
    50.098     6.081     0.060         5
    50.886     6.260     0.060         5
    51.833     6.466     0.060         5
    52.604     6.669     0.060         5
    53.368     6.819     0.060         5
    54.125     6.975     0.060         5
    54.884     7.110     0.060         5
    55.651     7.254     0.060         5
    56.421     7.392     0.060         5
    57.343     7.546     0.060         5
    58.107     7.674     0.060         5
    58.868     7.820     0.060         5
    59.643     7.951     0.060         5
    60.407     8.054     0.060         5
    61.171     8.183     0.060         5
    61.922     8.334     0.060         5
    62.685     8.456     0.060         5
    63.440     8.588     0.060         5
    64.181     8.707     0.060         5
    64.942     8.817     0.060         5
    65.858     8.981     0.060         5
    66.620     9.092     0.060         5
    67.381     9.235     0.060         5
    68.148     9.354     0.060         5
    68.920     9.453     0.060         5
    69.697     9.601     0.060         5
    70.483     9.744     0.060         5
    71.260     9.862     0.060         5
    72.672    10.074     0.060         5
    74.844    10.401     0.060         5
    77.457    10.818     0.060         5
    80.082    11.229     0.060         5
    83.353    11.733     0.060         5
    85.549    12.081     0.060         5
    87.594    12.393     0.060         5
    89.478    12.664     0.060         5
    90.878    12.862     0.060         5
    94.664    13.342     0.060         5
    97.515    13.529     0.060         5
   100.615    13.806     0.060         5
   104.313    14.298     0.060         5
   108.234    14.826     0.060         5
   110.579    15.160     0.060         5
   114.308    15.706     0.060         5
   117.969    16.302     0.060         5
   121.670    16.942     0.060         5
   124.997    17.531     0.060         5
    70.171    10.069     0.060         7
    75.752    10.885     0.060         7
    81.628    11.752     0.060         7
   113.510    16.379     0.060         8
   114.634    16.548     0.060         8
   115.602    16.687     0.060         8
   116.714    16.834     0.060         8
   117.657    16.961     0.060         8
   118.604    17.105     0.060         8
   119.567    17.235     0.060         8
   120.535    17.363     0.060         8
   122.146    17.604     0.060         8
   124.367    18.008     0.060         8
    36.093     4.404     0.060        14
    37.057     4.667     0.060        14
    37.870     4.837     0.060        14
    38.679     4.987     0.060        14
    39.492     5.136     0.060        14
    40.305     5.290     0.060        14
    41.128     5.428     0.060        14
    41.921     5.527     0.060        14
    42.730     5.636     0.060        14
    43.499     5.776     0.060        14
    44.287     5.898     0.060        14
    45.065     6.019     0.060        14
    45.856     6.133     0.060        14
    46.648     6.247     0.060        14
    47.428     6.386     0.060        14
    48.217     6.486     0.060        14
    48.998     6.580     0.060        14
    49.793     6.745     0.060        14
    50.574     6.902     0.060        14
    51.356     7.089     0.060        14
    52.145     7.239     0.060        14
    52.906     7.431     0.060        14
    53.670     7.600     0.060        14
    54.429     7.727     0.060        14
    55.185     7.868     0.060        14
    55.955     8.013     0.060        14
    56.722     8.124     0.060        14
    57.494     8.252     0.060        14
    58.258     8.384     0.060        14
    59.016     8.532     0.060        14
    59.794     8.692     0.060        14
    60.565     8.805     0.060        14
    61.314     8.933     0.060        14
    62.076     9.057     0.060        14
    62.839     9.201     0.060        14
    63.590     9.319     0.060        14
    64.335     9.442     0.060        14
    65.089     9.570     0.060        14
    65.858     9.706     0.060        14
    66.620     9.840     0.060        14
    67.381     9.945     0.060        14
    68.148    10.096     0.060        14
    68.920    10.234     0.060        14
    69.697    10.358     0.060        14
    70.483    10.511     0.060        14
    71.260    10.618     0.060        14
    72.042    10.739     0.060        14
    72.826    10.873     0.060        14
    73.614    10.994     0.060        14
    74.392    11.096     0.060        14
    75.142    11.244     0.060        14
    76.057    11.383     0.060        14
    77.457    11.573     0.060        14
    79.009    11.788     0.060        14
    80.232    11.960     0.060        14
    82.259    12.259     0.060        14
    83.819    12.514     0.060        14
    85.237    12.704     0.060        14
    86.806    12.952     0.060        14
    88.536    13.221     0.060        14
    89.944    13.404     0.060        14
    91.508    13.604     0.060        14
    93.238    13.798     0.060        14
    95.616    14.061     0.060        14
    98.147    14.292     0.060        14
   100.464    14.468     0.060        14
   103.372    14.804     0.060        14
   105.727    15.115     0.060        14
   108.234    15.495     0.060        14
   110.579    15.869     0.060        14
   113.351    16.292     0.060        14
   116.244    16.771     0.060        14
   119.406    17.279     0.060        14
    40.305     7.242     0.060        24
    42.418     7.926     0.060        24
    43.650     8.244     0.060        24
    45.226     8.650     0.060        24
    46.798     9.028     0.060        24
    48.217     9.405     0.060        24
    49.632     9.843     0.060        24
    50.739    10.183     0.060        24
    52.906    10.808     0.060        24
    55.035    11.453     0.060        24
    56.722    11.890     0.060        24
    59.643    12.670     0.060        24
    61.772    13.291     0.060        24
    62.989    13.594     0.060        24
    66.167    14.539     0.060        24
    73.929    16.801     0.060        24
    74.693    17.001     0.060        24
    75.602    17.244     0.060        24
    76.372    17.465     0.060        24
    77.142    17.665     0.060        24
    77.912    17.839     0.060        24
    78.697    17.997     0.060        24
    79.468    18.198     0.060        24
    80.232    18.394     0.060        24
    81.014    18.612     0.060        24
    81.940    18.871     0.060        24
    82.722    19.073     0.060        24
    83.507    19.319     0.060        24
    85.237    19.763     0.060        24
    91.028    21.338     0.060        24
    93.399    22.050     0.060        24
    95.777    22.637     0.060        24
    97.827    23.101     0.060        24
   104.152    24.711     0.060        24
   106.042    25.165     0.060        24
   109.167    25.887     0.060        24
   111.816    26.540     0.060        24
   119.241    28.529     0.060        24
   121.344    29.061     0.060        24
   124.367    29.714     0.060        24
   125.785    30.127     0.060        24
   126.560    30.299     0.060        24
   127.342    30.477     0.060        24
   128.119    30.673     0.060        24
   128.921    30.876     0.060        24
   129.736    31.037     0.060        24
   130.527    31.261     0.060        24
   131.330    31.472     0.060        24
   140.614    33.854     0.060        24
   143.016    34.446     0.060        24
   108.084    27.050     0.060        28
   112.749    28.131     0.060        28
   116.556    29.066     0.060        28
   122.146    30.282     0.060        28
   126.409    31.280     0.060        28
   131.330    32.425     0.060        28
    36.848    -1.000     0.000         0
    33.318     2.814     0.060         1
    34.131     2.410     0.060         1
    34.943     2.055     0.060         1
    35.931     1.791     0.060         1
    36.746     1.722     0.060         1
    33.644     2.897     0.060         2
    34.456     2.571     0.060         2
    35.280     2.353     0.060         2
    36.092     2.186     0.060         2
    36.790     2.151     0.060         2
     4.543     8.365     0.060         5
     5.370     8.254     0.060         5
     6.190     8.118     0.060         5
     6.987     8.033     0.060         5
     7.790     7.918     0.060         5
     8.603     7.797     0.060         5
     9.430     7.675     0.060         5
    10.236     7.553     0.060         5
    11.044     7.442     0.060         5
    11.882     7.306     0.060         5
    12.705     7.174     0.060         5
    13.506     7.057     0.060         5
    14.305     6.926     0.060         5
    15.110     6.795     0.060         5
    15.923     6.676     0.060         5
    16.739     6.546     0.060         5
    17.559     6.416     0.060         5
    18.341     6.292     0.060         5
    19.130     6.160     0.060         5
    19.915     6.028     0.060         5
    20.693     5.887     0.060         5
    21.474     5.759     0.060         5
    22.251     5.636     0.060         5
    23.032     5.508     0.060         5
    23.821     5.372     0.060         5
    24.600     5.227     0.060         5
    25.393     5.084     0.060         5
    26.168     4.947     0.060         5
    26.956     4.777     0.060         5
    27.745     4.632     0.060         5
    28.544     4.466     0.060         5
    29.335     4.297     0.060         5
    30.131     4.128     0.060         5
    30.923     3.920     0.060         5
     4.379     9.251     0.060        14
     5.206     9.167     0.060        14
     6.029     9.048     0.060        14
     6.825     8.936     0.060        14
     7.629     8.808     0.060        14
     8.442     8.716     0.060        14
     9.268     8.587     0.060        14
    10.075     8.443     0.060        14
    10.880     8.370     0.060        14
    11.707     8.234     0.060        14
    12.544     8.098     0.060        14
    13.347     7.984     0.060        14
    14.144     7.824     0.060        14
    14.946     7.709     0.060        14
    15.751     7.577     0.060        14
    16.574     7.451     0.060        14
    17.398     7.331     0.060        14
    18.183     7.211     0.060        14
    18.979     7.070     0.060        14
    19.754     6.928     0.060        14
    20.532     6.763     0.060        14
    21.320     6.646     0.060        14
    22.101     6.510     0.060        14
    22.879     6.374     0.060        14
    23.656     6.219     0.060        14
    24.442     6.073     0.060        14
    25.232     5.939     0.060        14
    26.017     5.794     0.060        14
    26.795     5.632     0.060        14
    27.594     5.479     0.060        14
    28.379     5.329     0.060        14
     3.720    13.631     0.060        24
     4.543    13.462     0.060        24
     5.370    13.274     0.060        24
     6.190    13.063     0.060        24
     6.987    12.867     0.060        24
     7.790    12.697     0.060        24
     8.603    12.469     0.060        24
     9.430    12.256     0.060        24
    10.236    12.066     0.060        24
    11.044    11.848     0.060        24
    11.882    11.619     0.060        24
    12.705    11.433     0.060        24
    13.506    11.256     0.060        24
    14.305    11.028     0.060        24
    15.110    10.850     0.060        24
    15.923    10.656     0.060        24
    16.739    10.437     0.060        24
    17.559    10.212     0.060        24
    18.341     9.985     0.060        24
    19.130     9.785     0.060        24
    19.915     9.526     0.060        24
    20.693     9.307     0.060        24
    21.474     9.095     0.060        24
    22.251     8.868     0.060        24
    23.032     8.603     0.060        24
    23.821     8.371     0.060        24
    36.848     1.000     0.000         0
    37.382     1.773     0.060         1
    38.192     1.973     0.060         1
    39.005     2.285     0.060         1
    39.817     2.669     0.060         1
    40.630     3.101     0.060         1
    37.705     2.250     0.060         2
    38.518     2.447     0.060         2
    39.330     2.704     0.060         2
    41.921     3.623     0.060         5
    42.731     3.792     0.060         5
    43.499     3.960     0.060         5
    44.288     4.115     0.060         5
    45.065     4.268     0.060         5
    45.857     4.428     0.060         5
    46.648     4.561     0.060         5
    47.429     4.700     0.060         5
    48.217     4.815     0.060         5
    48.998     4.935     0.060         5
    49.794     5.084     0.060         5
    50.574     5.246     0.060         5
    51.357     5.416     0.060         5
    52.145     5.629     0.060         5
    52.906     5.810     0.060         5
    53.670     5.979     0.060         5
    54.429     6.130     0.060         5
    55.186     6.266     0.060         5
    55.956     6.403     0.060         5
    56.723     6.539     0.060         5
    57.494     6.684     0.060         5
    58.258     6.812     0.060         5
    59.016     6.951     0.060         5
    59.794     7.070     0.060         5
    60.565     7.211     0.060         5
    61.314     7.335     0.060         5
    62.076     7.455     0.060         5
    62.839     7.597     0.060         5
    63.590     7.711     0.060         5
    64.334     7.837     0.060         5
    65.089     7.942     0.060         5
    65.858     8.070     0.060         5
    66.620     8.195     0.060         5
    67.381     8.315     0.060         5
    68.148     8.451     0.060         5
    68.920     8.579     0.060         5
    69.698     8.712     0.060         5
    70.483     8.836     0.060         5
    71.260     8.977     0.060         5
    72.043     9.088     0.060         5
    72.826     9.215     0.060         5
    73.615     9.347     0.060         5
    74.392     9.469     0.060         5
    75.142     9.591     0.060         5
    75.906     9.700     0.060         5
    76.676     9.821     0.060         5
    77.761     9.977     0.060         5
    79.157    10.186     0.060         5
    80.542    10.372     0.060         5
    81.940    10.586     0.060         5
    83.196    10.789     0.060         5
    84.285    10.952     0.060         5
    86.176    11.269     0.060         5
    89.478    11.816     0.060         5
    93.550    12.401     0.060         5
    96.881    12.801     0.060         5
   100.464    13.117     0.060         5
   104.152    13.538     0.060         5
   109.315    14.296     0.060         5
   114.957    15.124     0.060         5
   119.729    15.887     0.060         5
   122.959    16.457     0.060         5
   127.493    17.075     0.060         5
   132.296    17.760     0.060         5
   139.655    18.926     0.060         5
   143.017    19.412     0.060         5
   148.153    20.110     0.060         5
    69.232     8.976     0.060         7
    74.693     9.826     0.060         7
    79.770    10.573     0.060         7
    85.714    11.476     0.060         7
    90.259    12.143     0.060         7
   110.730    15.178     0.060         8
   114.470    15.711     0.060         8
   117.188    16.089     0.060         8
   120.051    16.495     0.060         8
   122.633    16.898     0.060         8
    43.973     4.793     0.060        14
    44.761     4.947     0.060        14
    45.542     5.114     0.060        14
    46.333     5.271     0.060        14
    47.114     5.417     0.060        14
    47.902     5.542     0.060        14
    48.683     5.676     0.060        14
    49.471     5.797     0.060        14
    50.259     5.973     0.060        14
    51.048     6.204     0.060        14
    51.833     6.349     0.060        14
    52.605     6.553     0.060        14
    53.369     6.726     0.060        14
    54.125     6.888     0.060        14
    54.884     7.032     0.060        14
    55.651     7.159     0.060        14
    56.421     7.286     0.060        14
    57.182     7.461     0.060        14
    57.957     7.572     0.060        14
    58.718     7.705     0.060        14
    59.482     7.835     0.060        14
    60.256     7.927     0.060        14
    61.020     8.099     0.060        14
    61.772     8.231     0.060        14
    62.531     8.365     0.060        14
    63.286     8.488     0.060        14
    64.041     8.622     0.060        14
    64.794     8.749     0.060        14
    65.546     8.875     0.060        14
    66.314     9.025     0.060        14
    67.077     9.105     0.060        14
    67.844     9.230     0.060        14
    68.619     9.361     0.060        14
    69.393     9.502     0.060        14
    70.171     9.624     0.060        14
    70.948     9.758     0.060        14
    71.731     9.873     0.060        14
    72.511     9.993     0.060        14
    73.300    10.111     0.060        14
    74.091    10.284     0.060        14
    74.844    10.398     0.060        14
    75.602    10.511     0.060        14
    76.372    10.588     0.060        14
    77.761    10.803     0.060        14
    79.009    10.981     0.060        14
    80.542    11.188     0.060        14
    82.101    11.413     0.060        14
    83.669    11.616     0.060        14
    53.067     9.043     0.060        24
    56.572    10.122     0.060        24
    60.407    11.286     0.060        24
    67.995    13.538     0.060        24
    71.572    14.621     0.060        24
    77.296    16.170     0.060        24
    81.477    17.261     0.060        24
   104.793    25.215     0.060        28
   108.694    26.074     0.060        28
   113.352    27.161     0.060        28
   120.213    28.646     0.060        28
   127.342    30.084     0.060        28
    42.860    -1.000     0.000         0
    39.657     2.548     0.060         1
    40.470     2.160     0.060         1
    41.286     1.827     0.060         1
    42.081     1.624     0.060         1
    42.796     1.578     0.060         1
    41.598     2.129     0.060         2
    42.416     2.024     0.060         2
     3.233     9.428     0.060         5
     4.056     9.313     0.060         5
     4.880     9.210     0.060         5
     5.706     9.095     0.060         5
     6.505     8.989     0.060         5
     7.309     8.880     0.060         5
     8.116     8.739     0.060         5
     8.939     8.621     0.060         5
     9.752     8.518     0.060         5
    10.548     8.369     0.060         5
    11.381     8.266     0.060         5
    12.207     8.140     0.060         5
    13.028     8.036     0.060         5
    13.818     7.904     0.060         5
    14.620     7.773     0.060         5
    15.436     7.646     0.060         5
    16.248     7.532     0.060         5
    17.075     7.404     0.060         5
    17.871     7.280     0.060         5
    18.656     7.155     0.060         5
    19.442     7.034     0.060         5
    20.216     6.902     0.060         5
    21.008     6.793     0.060         5
    21.786     6.668     0.060         5
    22.566     6.548     0.060         5
    23.344     6.414     0.060         5
    24.130     6.273     0.060         5
    24.923     6.148     0.060         5
    25.705     6.022     0.060         5
    26.480     5.885     0.060         5
    27.268     5.738     0.060         5
    28.067     5.620     0.060         5
    28.859     5.483     0.060         5
    29.661     5.339     0.060         5
    30.446     5.217     0.060         5
    31.237     5.074     0.060         5
    32.032     4.911     0.060         5
    32.845     4.723     0.060         5
    33.644     4.567     0.060         5
    34.456     4.382     0.060         5
    35.280     4.196     0.060         5
    36.092     3.998     0.060         5
    36.907     3.786     0.060         5
     5.041     9.799     0.060        14
     6.505     9.575     0.060        14
     8.116     9.309     0.060        14
    10.236     8.991     0.060        14
    12.379     8.641     0.060        14
    15.436     8.171     0.060        14
    17.398     7.879     0.060        14
    20.066     7.475     0.060        14
    21.947     7.170     0.060        14
    24.130     6.810     0.060        14
    26.329     6.443     0.060        14
    28.379     6.082     0.060        14
    30.761     5.676     0.060        14
    33.482     5.128     0.060        14
    35.767     4.595     0.060        14
     7.952    14.112     0.060        24
     8.778    13.894     0.060        24
     9.591    13.679     0.060        24
    10.387    13.506     0.060        24
    11.209    13.319     0.060        24
    12.043    13.130     0.060        24
    12.866    12.913     0.060        24
    13.656    12.665     0.060        24
    14.458    12.493     0.060        24
    15.271    12.292     0.060        24
    16.087    12.097     0.060        24
    16.910    11.876     0.060        24
    17.710    11.648     0.060        24
    18.503    11.445     0.060        24
    19.291    11.230     0.060        24
    20.066    11.015     0.060        24
    20.844    10.780     0.060        24
    21.635    10.549     0.060        24
    22.402    10.335     0.060        24
    23.193    10.153     0.060        24
    23.982     9.959     0.060        24
    24.761     9.787     0.060        24
    25.544     9.547     0.060        24
    26.329     9.333     0.060        24
    27.117     9.101     0.060        24
    27.906     8.856     0.060        24
    28.694     8.600     0.060        24
    29.496     8.351     0.060        24
    30.285     8.078     0.060        24
    31.076     7.831     0.060        24
    31.878     7.651     0.060        24
    42.860     1.000     0.000         0
    43.043     1.581     0.060         1
    43.815     1.724     0.060         1
    44.602     1.992     0.060         1
    45.392     2.366     0.060         1
    43.345     2.072     0.060         2
    44.129     2.196     0.060         2
    44.914     2.446     0.060         2
    48.683     3.631     0.060         5
    49.471     3.810     0.060         5
    50.259     4.015     0.060         5
    51.048     4.214     0.060         5
    51.833     4.419     0.060         5
    52.605     4.661     0.060         5
    53.369     4.861     0.060         5
    54.125     5.040     0.060         5
    54.884     5.199     0.060         5
    55.651     5.353     0.060         5
    56.421     5.478     0.060         5
    57.182     5.655     0.060         5
    57.957     5.779     0.060         5
    58.718     5.922     0.060         5
    59.482     6.051     0.060         5
    60.256     6.165     0.060         5
    61.020     6.319     0.060         5
    61.772     6.476     0.060         5
    62.531     6.608     0.060         5
    63.286     6.727     0.060         5
    64.041     6.860     0.060         5
    64.794     6.982     0.060         5
    65.546     7.106     0.060         5
    66.314     7.248     0.060         5
    67.077     7.398     0.060         5
    67.844     7.504     0.060         5
    68.619     7.628     0.060         5
    69.393     7.768     0.060         5
    70.171     7.892     0.060         5
    70.948     8.039     0.060         5
    71.731     8.169     0.060         5
    72.511     8.279     0.060         5
    73.300     8.415     0.060         5
    74.091     8.545     0.060         5
    74.844     8.665     0.060         5
    75.602     8.788     0.060         5
    76.372     8.907     0.060         5
    77.142     9.027     0.060         5
    78.073     9.142     0.060         5
    78.848     9.257     0.060         5
    79.770     9.385     0.060         5
    81.015     9.565     0.060         5
    82.101     9.758     0.060         5
    82.884     9.902     0.060         5
    83.984    10.088     0.060         5
    84.761    10.219     0.060         5
    86.026    10.396     0.060         5
    86.806    10.503     0.060         5
    87.595    10.610     0.060         5
    88.386    10.736     0.060         5
   104.628    13.764     0.060         8
   106.830    14.020     0.060         8
   108.855    14.303     0.060         8
   111.192    14.642     0.060         8
   113.510    14.918     0.060         8
   115.279    15.182     0.060         8
   117.497    15.490     0.060         8
   119.890    15.826     0.060         8
   121.670    16.104     0.060         8
   123.733    16.445     0.060         8
   125.786    16.686     0.060         8
   127.805    16.915     0.060         8
   129.887    17.213     0.060         8
   132.296    17.519     0.060         8
   134.400    17.836     0.060         8
   136.633    18.176     0.060         8
   139.167    18.540     0.060         8
   141.090    18.826     0.060         8
   143.826    19.191     0.060         8
   106.830    14.642     0.060        12
   109.167    14.953     0.060        12
   111.192    15.234     0.060        12
   113.510    15.581     0.060        12
   115.763    15.865     0.060        12
   117.658    16.140     0.060        12
   120.051    16.451     0.060        12
   121.985    16.717     0.060        12
   124.206    17.060     0.060        12
   126.409    17.331     0.060        12
   128.921    17.690     0.060        12
   131.168    17.913     0.060        12
   133.100    18.212     0.060        12
   135.204    18.498     0.060        12
   137.575    18.797     0.060        12
   140.127    19.193     0.060        12
   143.017    19.578     0.060        12
    49.471     4.556     0.060        14
    50.259     4.754     0.060        14
    51.357     5.024     0.060        14
    52.145     5.204     0.060        14
    52.906     5.446     0.060        14
    53.670     5.638     0.060        14
    54.429     5.832     0.060        14
    55.186     5.978     0.060        14
    55.955     6.123     0.060        14
    56.722     6.256     0.060        14
    57.494     6.395     0.060        14
    58.258     6.540     0.060        14
    59.016     6.702     0.060        14
    59.794     6.814     0.060        14
    60.565     6.954     0.060        14
    61.314     7.071     0.060        14
    62.076     7.224     0.060        14
    62.839     7.352     0.060        14
    63.590     7.472     0.060        14
    64.334     7.600     0.060        14
    65.089     7.725     0.060        14
    65.858     7.861     0.060        14
    66.620     7.965     0.060        14
    67.381     8.091     0.060        14
    68.148     8.211     0.060        14
    68.920     8.324     0.060        14
    69.697     8.460     0.060        14
    70.483     8.599     0.060        14
    71.260     8.731     0.060        14
    72.043     8.879     0.060        14
    72.826     8.975     0.060        14
    73.614     9.122     0.060        14
    74.392     9.210     0.060        14
    75.142     9.358     0.060        14
    75.906     9.462     0.060        14
    76.676     9.606     0.060        14
    77.912     9.787     0.060        14
    79.931    10.055     0.060        14
    82.722    10.531     0.060        14
    85.714    11.060     0.060        14
    88.232    11.528     0.060        14
    89.632    11.720     0.060        14
    90.878    11.875     0.060        14
    59.794     9.493     0.060        24
    63.143    10.482     0.060        24
    65.398    11.137     0.060        24
    68.148    11.858     0.060        24
    70.321    12.467     0.060        24
    72.511    13.087     0.060        24
    74.392    13.687     0.060        24
    76.372    14.369     0.060        24
    78.536    14.973     0.060        24
    80.853    15.618     0.060        24
    82.884    16.187     0.060        24
    84.761    16.723     0.060        24
    86.176    17.103     0.060        24
    88.386    17.723     0.060        24
   108.694    24.490     0.060        28
   111.192    24.936     0.060        28
   112.900    25.228     0.060        28
   115.118    25.801     0.060        28
   118.292    26.573     0.060        28
   121.022    27.258     0.060        28
   123.895    27.932     0.060        28
   127.181    28.645     0.060        28
    48.860    -1.000     0.000         0
    44.761     3.087     0.060         1
    45.542     2.665     0.060         1
    46.333     2.267     0.060         1
    47.114     1.912     0.060         1
    47.902     1.662     0.060         1
    48.680     1.553     0.060         1
    46.799     2.247     0.060         2
    47.590     1.970     0.060         2
    48.371     1.821     0.060         2
    47.278     2.206     0.060         3
    48.052     2.068     0.060         3
    48.830     2.026     0.060         3
     4.056    10.164     0.060         5
     4.880    10.064     0.060         5
     5.706     9.958     0.060         5
     6.505     9.867     0.060         5
     7.309     9.769     0.060         5
     8.116     9.617     0.060         5
     8.939     9.495     0.060         5
     9.752     9.370     0.060         5
    10.548     9.265     0.060         5
    11.381     9.128     0.060         5
    12.207     8.998     0.060         5
    13.028     8.888     0.060         5
    13.818     8.746     0.060         5
    14.784     8.604     0.060         5
    15.600     8.479     0.060         5
    16.413     8.359     0.060         5
    17.236     8.233     0.060         5
    18.032     8.114     0.060         5
    18.818     7.987     0.060         5
    19.603     7.867     0.060         5
    20.378     7.721     0.060         5
    21.159     7.604     0.060         5
    21.947     7.500     0.060         5
    22.717     7.366     0.060         5
    23.506     7.215     0.060         5
    24.291     7.111     0.060         5
    25.073     6.993     0.060         5
    25.856     6.866     0.060         5
    26.641     6.736     0.060         5
    27.432     6.600     0.060         5
    28.218     6.488     0.060         5
    29.020     6.359     0.060         5
    29.822     6.227     0.060         5
    30.610     6.095     0.060         5
    31.388     5.971     0.060         5
    32.196     5.839     0.060         5
    33.006     5.699     0.060         5
    33.969     5.509     0.060         5
    34.782     5.359     0.060         5
    35.605     5.203     0.060         5
    36.415     5.037     0.060         5
    37.222     4.871     0.060         5
    38.031     4.697     0.060         5
    38.844     4.536     0.060         5
    39.657     4.340     0.060         5
    40.470     4.182     0.060         5
    41.287     4.005     0.060         5
    42.083     3.812     0.060         5
     7.952    10.021     0.060         7
    10.387     9.724     0.060         7
    14.143     9.253     0.060         7
     3.394    10.898     0.060        14
     5.041    10.674     0.060        14
     7.148    10.360     0.060        14
     9.104    10.067     0.060        14
    10.716     9.826     0.060        14
    12.043     9.624     0.060        14
    12.866     9.500     0.060        14
    13.656     9.374     0.060        14
    14.459     9.220     0.060        14
    15.271     9.101     0.060        14
    16.087     8.997     0.060        14
    16.910     8.855     0.060        14
    17.710     8.727     0.060        14
    18.503     8.616     0.060        14
    19.291     8.493     0.060        14
    20.066     8.380     0.060        14
    20.844     8.267     0.060        14
    21.635     8.131     0.060        14
    22.402     8.019     0.060        14
    23.194     7.887     0.060        14
    23.982     7.735     0.060        14
    24.761     7.611     0.060        14
    25.544     7.491     0.060        14
    26.329     7.357     0.060        14
    27.117     7.231     0.060        14
    27.906     7.106     0.060        14
    28.694     6.997     0.060        14
    29.496     6.861     0.060        14
    30.285     6.733     0.060        14
    31.076     6.613     0.060        14
    31.878     6.468     0.060        14
    32.683     6.312     0.060        14
    33.482     6.155     0.060        14
    34.292     6.011     0.060        14
    35.108     5.868     0.060        14
    35.931     5.709     0.060        14
    36.745     5.554     0.060        14
    37.544     5.398     0.060        14
    38.357     5.232     0.060        14
    39.170     5.050     0.060        14
     4.543    16.338     0.060        24
     5.370    16.111     0.060        24
     6.190    15.932     0.060        24
     6.986    15.728     0.060        24
     7.790    15.486     0.060        24
     8.603    15.322     0.060        24
     9.429    15.109     0.060        24
    10.236    14.920     0.060        24
    11.044    14.704     0.060        24
    11.882    14.487     0.060        24
    12.705    14.259     0.060        24
    13.506    14.077     0.060        24
    14.305    13.842     0.060        24
    15.110    13.665     0.060        24
    15.923    13.507     0.060        24
    16.738    13.282     0.060        24
    17.559    13.075     0.060        24
    18.341    12.840     0.060        24
    19.130    12.643     0.060        24
    19.915    12.412     0.060        24
    20.693    12.202     0.060        24
    21.474    11.999     0.060        24
    22.251    11.768     0.060        24
    23.032    11.525     0.060        24
    23.821    11.280     0.060        24
    24.600    11.082     0.060        24
    25.393    10.872     0.060        24
    26.168    10.659     0.060        24
    26.956    10.445     0.060        24
    27.745    10.210     0.060        24
    28.544     9.975     0.060        24
    29.335     9.746     0.060        24
    30.131     9.538     0.060        24
    30.922     9.297     0.060        24
    31.714     9.019     0.060        24
    32.522     8.848     0.060        24
    33.318     8.605     0.060        24
    34.131     8.345     0.060        24
    34.943     8.124     0.060        24
    35.767     7.885     0.060        24
    36.584     7.641     0.060        24
    37.383     7.386     0.060        24
    48.860     1.000     0.000         0
    49.160     1.579     0.060         1
    49.945     1.769     0.060         1
    50.739     2.062     0.060         1
    51.518     2.436     0.060         1
    52.444     2.918     0.060         1
    53.218     3.358     0.060         1
    49.472     1.882     0.060         2
    50.260     2.087     0.060         2
    51.048     2.393     0.060         2
    49.321     2.077     0.060         3
    50.098     2.234     0.060         3
    55.035     4.007     0.060         5
    55.805     4.187     0.060         5
    56.572     4.365     0.060         5
    57.343     4.547     0.060         5
    58.107     4.701     0.060         5
    58.868     4.840     0.060         5
    59.643     4.999     0.060         5
    60.407     5.142     0.060         5
    61.171     5.284     0.060         5
    61.923     5.443     0.060         5
    62.685     5.604     0.060         5
    63.440     5.747     0.060         5
    64.181     5.883     0.060         5
    64.942     6.029     0.060         5
    65.707     6.156     0.060         5
    66.473     6.287     0.060         5
    67.228     6.440     0.060         5
    67.995     6.566     0.060         5
    68.769     6.698     0.060         5
    69.544     6.831     0.060         5
    70.636     7.026     0.060         5
    71.572     7.189     0.060         5
    72.358     7.317     0.060         5
    73.138     7.435     0.060         5
    74.091     7.587     0.060         5
    74.844     7.715     0.060         5
    75.602     7.844     0.060         5
    76.372     7.949     0.060         5
    77.142     8.074     0.060         5
    77.912     8.175     0.060         5
    78.697     8.308     0.060         5
    79.619     8.410     0.060         5
    80.394     8.538     0.060         5
    81.165     8.654     0.060         5
    82.101     8.802     0.060         5
    82.884     8.932     0.060         5
    83.984     9.100     0.060         5
    84.761     9.222     0.060         5
    85.714     9.358     0.060         5
    86.491     9.488     0.060         5
    87.283     9.602     0.060         5
    88.232     9.745     0.060         5
    89.163     9.896     0.060         5
    90.097    10.041     0.060         5
   105.258    13.801     0.060        12
   111.977    14.682     0.060        12
   116.244    15.291     0.060        12
   119.890    15.742     0.060        12
   124.368    16.358     0.060        12
   128.120    16.779     0.060        12
   132.131    17.312     0.060        12
   136.157    17.901     0.060        12
   140.127    18.471     0.060        12
    55.339     4.606     0.060        14
    56.106     4.794     0.060        14
    56.881     4.949     0.060        14
    57.655     5.139     0.060        14
    58.409     5.286     0.060        14
    59.178     5.449     0.060        14
    60.407     5.686     0.060        14
    61.923     5.980     0.060        14
    63.590     6.287     0.060        14
    64.334     6.434     0.060        14
    65.089     6.569     0.060        14
    65.858     6.689     0.060        14
    66.620     6.825     0.060        14
    68.310     7.121     0.060        14
    69.859     7.377     0.060        14
    71.731     7.708     0.060        14
    73.614     8.021     0.060        14
    75.441     8.317     0.060        14
    77.912     8.702     0.060        14
    79.157     8.877     0.060        14
    80.232     9.036     0.060        14
    81.015     9.153     0.060        14
    81.789     9.265     0.060        14
    83.196     9.500     0.060        14
    83.984     9.620     0.060        14
    84.761     9.749     0.060        14
    85.550     9.882     0.060        14
    86.341    10.010     0.060        14
    87.132    10.116     0.060        14
    87.920    10.235     0.060        14
    88.698    10.352     0.060        14
    89.478    10.466     0.060        14
    90.259    10.583     0.060        14
    54.860    -1.000     0.000         0
    51.518     2.767     0.060         1
    52.293     2.357     0.060         1
    53.067     2.036     0.060         1
    53.819     1.862     0.060         1
    54.578     1.779     0.060         1
    51.984     2.853     0.060         2
    52.755     2.638     0.060         2
    53.518     2.458     0.060         2
    54.274     2.349     0.060         2
     3.394    11.263     0.060         5
     4.217    11.156     0.060         5
     5.041    11.054     0.060         5
     5.867    10.925     0.060         5
     6.663    10.821     0.060         5
     7.467    10.704     0.060         5
     8.277    10.575     0.060         5
     9.103    10.448     0.060         5
     9.913    10.323     0.060         5
    10.715    10.182     0.060         5
    11.545    10.074     0.060         5
    12.379     9.945     0.060         5
    13.186     9.823     0.060         5
    13.979     9.682     0.060         5
    14.784     9.577     0.060         5
    15.600     9.448     0.060         5
    16.412     9.321     0.060         5
    17.236     9.191     0.060         5
    18.032     9.101     0.060         5
    18.817     8.965     0.060         5
    19.603     8.837     0.060         5
    20.377     8.720     0.060         5
    21.158     8.594     0.060         5
    21.947     8.481     0.060         5
    22.717     8.356     0.060         5
    23.505     8.231     0.060         5
    24.291     8.099     0.060         5
    25.073     7.995     0.060         5
    25.855     7.852     0.060         5
    26.641     7.734     0.060         5
    27.432     7.616     0.060         5
    28.217     7.486     0.060         5
    29.020     7.365     0.060         5
    29.822     7.240     0.060         5
    30.610     7.105     0.060         5
    31.388     6.982     0.060         5
    32.196     6.831     0.060         5
    33.006     6.678     0.060         5
    33.808     6.542     0.060         5
    34.617     6.422     0.060         5
    35.444     6.281     0.060         5
    36.253     6.126     0.060         5
    37.057     5.987     0.060         5
    37.870     5.855     0.060         5
    38.679     5.715     0.060         5
    39.492     5.547     0.060         5
    40.305     5.368     0.060         5
    41.128     5.211     0.060         5
    41.921     5.083     0.060         5
    42.731     4.938     0.060         5
    43.499     4.805     0.060         5
    44.288     4.652     0.060         5
    45.065     4.495     0.060         5
    45.857     4.315     0.060         5
    46.648     4.138     0.060         5
    47.429     3.980     0.060         5
    48.217     3.863     0.060         5
    18.341     9.370     0.060         7
    19.129     9.251     0.060         7
    19.915     9.123     0.060         7
    20.692     9.002     0.060         7
    21.473     8.879     0.060         7
    22.402     8.747     0.060         7
    23.193     8.631     0.060         7
    23.981     8.524     0.060         7
    24.761     8.430     0.060         7
    25.543     8.319     0.060         7
    26.329     8.212     0.060         7
    27.117     8.108     0.060         7
     9.103    11.292     0.060        14
     9.913    11.195     0.060        14
    10.715    11.081     0.060        14
    11.545    10.943     0.060        14
    12.379    10.800     0.060        14
    13.186    10.665     0.060        14
    13.979    10.582     0.060        14
    14.784    10.432     0.060        14
    15.600    10.331     0.060        14
    16.412    10.210     0.060        14
    17.236    10.090     0.060        14
    18.032     9.964     0.060        14
    18.817     9.853     0.060        14
    19.603     9.717     0.060        14
    20.377     9.617     0.060        14
    21.158     9.491     0.060        14
    21.947     9.371     0.060        14
    22.717     9.262     0.060        14
    23.505     9.142     0.060        14
    24.291     9.014     0.060        14
    25.073     8.903     0.060        14
    25.855     8.772     0.060        14
    26.641     8.658     0.060        14
    27.432     8.516     0.060        14
    28.217     8.387     0.060        14
    29.020     8.261     0.060        14
    29.822     8.147     0.060        14
    30.610     8.026     0.060        14
    31.388     7.909     0.060        14
    32.196     7.773     0.060        14
    33.006     7.642     0.060        14
    33.808     7.495     0.060        14
    34.617     7.366     0.060        14
    35.444     7.219     0.060        14
    36.253     7.074     0.060        14
    37.057     6.907     0.060        14
    37.870     6.753     0.060        14
    38.679     6.618     0.060        14
    39.492     6.455     0.060        14
    40.305     6.288     0.060        14
    41.128     6.148     0.060        14
    41.921     6.002     0.060        14
    42.731     5.841     0.060        14
    43.499     5.701     0.060        14
    44.288     5.544     0.060        14
    45.065     5.386     0.060        14
    45.857     5.231     0.060        14
    33.643     9.419     0.060        23
    34.617     9.061     0.060        23
    35.766     8.688     0.060        23
    36.584     8.453     0.060        23
    37.383     8.210     0.060        23
    38.192     7.978     0.060        23
    39.005     7.711     0.060        23
    39.818     7.460     0.060        23
    40.631     7.216     0.060        23
    41.448     6.930     0.060        23
    42.244     6.713     0.060        23
    43.029     6.470     0.060        23
    43.811     6.218     0.060        23
    44.600     5.979     0.060        23
    45.391     5.721     0.060        23
    14.945    15.638     0.060        24
    15.922    15.351     0.060        24
    16.738    15.206     0.060        24
    17.558    14.959     0.060        24
    18.341    14.785     0.060        24
    19.129    14.564     0.060        24
    19.915    14.352     0.060        24
    20.692    14.130     0.060        24
    21.473    13.903     0.060        24
    22.251    13.670     0.060        24
    23.032    13.502     0.060        24
    23.820    13.264     0.060        24
    24.600    13.026     0.060        24
    25.393    12.868     0.060        24
    26.167    12.632     0.060        24
    26.956    12.430     0.060        24
    27.744    12.255     0.060        24
    28.543    11.976     0.060        24
    29.335    11.811     0.060        24
    30.131    11.563     0.060        24
    30.922    11.262     0.060        24
    31.713    11.108     0.060        24
    32.521    10.827     0.060        24
    33.318    10.626     0.060        24
    34.130    10.363     0.060        24
    34.943    10.116     0.060        24
    35.766     9.866     0.060        24
    36.584     9.631     0.060        24
    37.383     9.363     0.060        24
    38.192     9.090     0.060        24
    39.005     8.875     0.060        24
    39.818     8.619     0.060        24
    40.631     8.378     0.060        24
    54.860     1.000     0.000         0
    55.037     1.747     0.060         1
    55.804     1.888     0.060         1
    56.571     2.138     0.060         1
    57.343     2.465     0.060         1
    58.107     2.847     0.060         1
    55.500     2.398     0.060         2
    56.259     2.534     0.060         2
    57.031     2.717     0.060         2
    60.105     3.747     0.060         5
    60.866     3.996     0.060         5
    61.618     4.245     0.060         5
    62.380     4.494     0.060         5
    63.142     4.691     0.060         5
    63.887     4.858     0.060         5
    64.635     5.023     0.060         5
    65.398     5.163     0.060         5
    66.166     5.331     0.060         5
    66.929     5.449     0.060         5
    67.693     5.593     0.060         5
    68.460     5.730     0.060         5
    69.231     5.874     0.060         5
    70.006     6.028     0.060         5
    70.797     6.191     0.060         5
    71.572     6.323     0.060         5
    72.357     6.451     0.060         5
    73.138     6.568     0.060         5
    73.929     6.700     0.060         5
    74.693     6.834     0.060         5
    75.440     6.966     0.060         5
    76.221     7.064     0.060         5
    76.991     7.192     0.060         5
    77.761     7.323     0.060         5
    78.535     7.447     0.060         5
    79.317     7.533     0.060         5
    80.081     7.665     0.060         5
    80.853     7.792     0.060         5
    81.628     7.910     0.060         5
    82.410     8.032     0.060         5
    83.195     8.163     0.060         5
    83.983     8.280     0.060         5
    84.761     8.404     0.060         5
    85.549     8.523     0.060         5
    86.340     8.672     0.060         5
    87.132     8.795     0.060         5
    87.920     8.927     0.060         5
    88.697     9.047     0.060         5
    89.478     9.154     0.060         5
    90.258     9.260     0.060         5
    91.028     9.353     0.060         5
    91.819     9.439     0.060         5
    92.603     9.510     0.060         5
    94.187     9.729     0.060         5
    95.616     9.892     0.060         5
    97.676    10.086     0.060         5
    99.840    10.259     0.060         5
   101.842    10.453     0.060         5
   103.837    10.694     0.060         5
   106.518    11.072     0.060         5
   109.005    11.455     0.060         5
   110.880    11.759     0.060         5
   112.440    12.004     0.060         5
   113.996    12.283     0.060         5
   115.763    12.593     0.060         5
   119.406    13.179     0.060         5
   259.592    33.966     0.060         5
   265.221    34.534     0.060         5
   270.073    35.000     0.060         5
    70.482     6.563     0.060         7
    72.826     6.893     0.060         7
    75.293     7.221     0.060         7
   115.924    13.773     0.060         8
   117.496    13.994     0.060         8
   119.241    14.231     0.060         8
   121.022    14.496     0.060         8
   122.633    14.733     0.060         8
   124.685    15.026     0.060         8
   126.560    15.225     0.060         8
   128.606    15.488     0.060         8
   129.887    15.659     0.060         8
   131.655    15.885     0.060         8
   133.425    16.117     0.060         8
   135.043    16.369     0.060         8
   136.471    16.569     0.060         8
   138.215    16.837     0.060         8
   139.804    17.109     0.060         8
   141.738    17.409     0.060         8
   125.947    16.115     0.060        12
   133.587    17.123     0.060        12
    66.314     6.264     0.060        14
    67.077     6.411     0.060        14
    67.844     6.556     0.060        14
    68.618     6.690     0.060        14
    69.393     6.828     0.060        14
    70.170     6.973     0.060        14
    70.948     7.117     0.060        14
    71.730     7.255     0.060        14
    72.511     7.377     0.060        14
    73.299     7.514     0.060        14
    74.090     7.647     0.060        14
    74.844     7.780     0.060        14
    75.602     7.903     0.060        14
    76.371     8.022     0.060        14
    77.141     8.157     0.060        14
    77.911     8.273     0.060        14
    78.697     8.386     0.060        14
    79.468     8.510     0.060        14
    80.232     8.615     0.060        14
    81.014     8.739     0.060        14
    81.789     8.858     0.060        14
    82.561     8.995     0.060        14
    83.353     9.127     0.060        14
    84.134     9.257     0.060        14
    84.922     9.372     0.060        14
    85.713     9.500     0.060        14
    86.491     9.630     0.060        14
    87.282     9.761     0.060        14
    88.070     9.891     0.060        14
    88.851    10.004     0.060        14
    89.631    10.105     0.060        14
    90.409    10.198     0.060        14
    91.193    10.286     0.060        14
    91.973    10.373     0.060        14
    92.764    10.452     0.060        14
    93.549    10.545     0.060        14
    94.351    10.618     0.060        14
    95.140    10.707     0.060        14
    95.938    10.816     0.060        14
    96.727    10.905     0.060        14
    97.515    10.980     0.060        14
    98.297    11.071     0.060        14
    99.068    11.105     0.060        14
    99.840    11.206     0.060        14
   100.615    11.314     0.060        14
   101.384    11.383     0.060        14
   102.147    11.435     0.060        14
   102.916    11.557     0.060        14
   103.683    11.652     0.060        14
   104.467    11.767     0.060        14
   105.258    11.884     0.060        14
   106.041    11.966     0.060        14
   106.830    12.064     0.060        14
   107.607    12.176     0.060        14
   108.395    12.278     0.060        14
   109.167    12.374     0.060        14
   109.952    12.507     0.060        14
   110.729    12.631     0.060        14
   111.504    12.745     0.060        14
   112.289    12.860     0.060        14
   113.050    12.993     0.060        14
   113.832    13.097     0.060        14
   114.634    13.224     0.060        14
   115.440    13.335     0.060        14
    75.440    10.886     0.060        24
    77.295    11.366     0.060        24
    78.847    11.796     0.060        24
    81.477    12.520     0.060        24
    84.449    13.350     0.060        24
    86.176    13.855     0.060        24
    88.070    14.350     0.060        24
    92.764    15.559     0.060        24
    95.451    16.189     0.060        24
   111.192    20.032     0.060        24
   115.279    21.302     0.060        24
   116.875    21.821     0.060        24
   117.657    22.042     0.060        24
   118.443    22.281     0.060        24
   119.241    22.487     0.060        24
   120.051    22.725     0.060        24
   120.857    22.912     0.060        24
   124.521    23.739     0.060        24
   130.213    25.120     0.060        24
    60.860    -1.000     0.000         0
    57.657     2.596     0.060         1
    58.410     2.237     0.060         1
    59.178     1.954     0.060         1
    59.945     1.780     0.060         1
    60.706     1.689     0.060         1
    59.178     2.519     0.060         2
    59.945     2.382     0.060         2
    60.706     2.309     0.060         2
     8.603    11.566     0.060         5
     9.430    11.456     0.060         5
    10.237    11.340     0.060         5
    11.045    11.240     0.060         5
    11.882    11.123     0.060         5
    12.705    10.977     0.060         5
    13.506    10.852     0.060         5
    14.305    10.703     0.060         5
    15.110    10.586     0.060         5
    15.923    10.491     0.060         5
    16.739    10.367     0.060         5
    17.559    10.240     0.060         5
    18.342    10.126     0.060         5
    19.130     9.988     0.060         5
    19.915     9.867     0.060         5
    20.693     9.743     0.060         5
    21.474     9.625     0.060         5
    22.252     9.517     0.060         5
    23.032     9.373     0.060         5
    23.821     9.245     0.060         5
    24.600     9.129     0.060         5
    25.393     8.999     0.060         5
    26.168     8.881     0.060         5
    26.956     8.757     0.060         5
    27.745     8.629     0.060         5
    28.544     8.509     0.060         5
    29.335     8.370     0.060         5
    30.131     8.271     0.060         5
    30.923     8.158     0.060         5
    31.714     8.025     0.060         5
    32.522     7.881     0.060         5
    33.318     7.733     0.060         5
    34.131     7.586     0.060         5
    34.944     7.465     0.060         5
    35.767     7.335     0.060         5
    36.584     7.214     0.060         5
    37.383     7.088     0.060         5
    38.193     6.942     0.060         5
    39.006     6.791     0.060         5
    39.819     6.631     0.060         5
    40.631     6.504     0.060         5
    41.449     6.351     0.060         5
    42.245     6.208     0.060         5
    43.030     6.072     0.060         5
    43.812     5.911     0.060         5
    44.601     5.781     0.060         5
    45.392     5.639     0.060         5
    46.173     5.492     0.060         5
    46.964     5.330     0.060         5
    47.752     5.201     0.060         5
    48.533     5.123     0.060         5
    49.321     5.056     0.060         5
    50.099     4.985     0.060         5
    50.887     4.931     0.060         5
    51.673     4.841     0.060         5
     4.705    12.229     0.060         7
     5.542    12.104     0.060         7
     6.341    12.019     0.060         7
     7.148    11.898     0.060         7
     7.952    11.789     0.060         7
     8.778    11.669     0.060         7
     9.591    11.567     0.060         7
    10.387    11.458     0.060         7
    11.209    11.353     0.060         7
    12.043    11.264     0.060         7
    12.867    11.162     0.060         7
    13.657    11.068     0.060         7
    14.459    10.957     0.060         7
    15.272    10.853     0.060         7
    16.087    10.744     0.060         7
    16.911    10.622     0.060         7
    17.710    10.547     0.060         7
    53.370     4.433     0.060         9
    54.126     4.190     0.060         9
    54.885     3.937     0.060         9
    55.652     3.667     0.060         9
    10.880    12.046     0.060        14
    11.707    11.919     0.060        14
    12.544    11.791     0.060        14
    13.348    11.664     0.060        14
    14.144    11.538     0.060        14
    14.946    11.415     0.060        14
    15.751    11.294     0.060        14
    16.574    11.176     0.060        14
    17.398    11.054     0.060        14
    18.183    10.935     0.060        14
    18.979    10.816     0.060        14
    19.754    10.713     0.060        14
    20.532    10.602     0.060        14
    21.320    10.476     0.060        14
    22.101    10.369     0.060        14
    22.879    10.246     0.060        14
    23.657    10.123     0.060        14
    24.442     9.988     0.060        14
    25.232     9.874     0.060        14
    26.017     9.753     0.060        14
    26.795     9.621     0.060        14
    27.594     9.481     0.060        14
    28.380     9.358     0.060        14
    29.185     9.232     0.060        14
    29.973     9.121     0.060        14
    30.761     9.007     0.060        14
    31.553     8.885     0.060        14
    32.358     8.751     0.060        14
    33.157     8.619     0.060        14
    33.970     8.479     0.060        14
    34.782     8.351     0.060        14
    35.606     8.215     0.060        14
    36.415     8.079     0.060        14
    37.222     7.947     0.060        14
    38.032     7.811     0.060        14
    38.845     7.669     0.060        14
    39.657     7.512     0.060        14
    40.470     7.347     0.060        14
    41.287     7.218     0.060        14
    42.083     7.085     0.060        14
    42.882     6.941     0.060        14
    43.651     6.805     0.060        14
    44.450     6.667     0.060        14
    45.228     6.535     0.060        14
    46.019     6.395     0.060        14
    46.800     6.241     0.060        14
    47.591     6.118     0.060        14
    48.372     6.039     0.060        14
    49.160     5.949     0.060        14
    49.945     5.868     0.060        14
    50.740     5.831     0.060        14
     8.278    19.130     0.060        24
     9.104    18.888     0.060        24
     9.914    18.701     0.060        24
    10.716    18.478     0.060        24
    11.545    18.274     0.060        24
    12.380    18.084     0.060        24
    13.186    17.920     0.060        24
    13.979    17.700     0.060        24
    14.785    17.485     0.060        24
    15.600    17.288     0.060        24
    16.413    17.046     0.060        24
    17.237    16.823     0.060        24
    18.033    16.640     0.060        24
    18.818    16.454     0.060        24
    19.603    16.212     0.060        24
    20.378    16.026     0.060        24
    21.159    15.783     0.060        24
    21.947    15.601     0.060        24
    22.717    15.381     0.060        24
    23.506    15.165     0.060        24
    24.291    14.933     0.060        24
    25.074    14.729     0.060        24
    25.856    14.515     0.060        24
    26.641    14.324     0.060        24
    27.433    14.107     0.060        24
    28.218    13.872     0.060        24
    29.020    13.694     0.060        24
    29.822    13.500     0.060        24
    30.611    13.310     0.060        24
    31.388    13.100     0.060        24
    32.197    12.880     0.060        24
    33.006    12.705     0.060        24
    33.808    12.462     0.060        24
    34.618    12.254     0.060        24
    35.444    11.995     0.060        24
    36.254    11.761     0.060        24
    37.058    11.550     0.060        24
    37.871    11.298     0.060        24
    38.680    11.057     0.060        24
    39.493    10.786     0.060        24
    40.306    10.568     0.060        24
    41.129    10.328     0.060        24
    41.922    10.099     0.060        24
    42.732     9.886     0.060        24
    43.500     9.674     0.060        24
    44.289     9.471     0.060        24
    45.066     9.234     0.060        24
    45.858     9.026     0.060        24
    60.860     1.000     0.000         0
    61.619     1.799     0.060         1
    62.381     2.017     0.060         1
    63.143     2.319     0.060         1
    63.888     2.678     0.060         1
    61.027     2.328     0.060         2
    61.772     2.433     0.060         2
    62.532     2.576     0.060         2
    63.287     2.769     0.060         2
    71.892     5.579     0.060         5
    72.673     5.717     0.060         5
    73.451     5.855     0.060         5
    74.242     6.022     0.060         5
    74.992     6.159     0.060         5
    75.753     6.298     0.060         5
    76.526     6.420     0.060         5
    77.296     6.542     0.060         5
    78.073     6.680     0.060         5
    78.848     6.786     0.060         5
    79.620     6.883     0.060         5
    80.394     7.001     0.060         5
    81.166     7.141     0.060         5
    81.940     7.266     0.060         5
    82.723     7.396     0.060         5
    83.508     7.529     0.060         5
    84.285     7.665     0.060         5
    85.074     7.797     0.060         5
    85.865     7.911     0.060         5
    86.656     8.069     0.060         5
    87.444     8.185     0.060         5
    88.232     8.301     0.060         5
    89.013     8.433     0.060         5
    89.794     8.554     0.060         5
    90.563     8.661     0.060         5
    91.355     8.759     0.060         5
    92.135     8.850     0.060         5
    92.916     8.917     0.060         5
    93.715     9.022     0.060         5
    94.513     9.095     0.060         5
    95.302     9.227     0.060         5
    96.090     9.303     0.060         5
    96.881     9.372     0.060         5
    97.677     9.449     0.060         5
    98.459     9.487     0.060         5
    99.228     9.586     0.060         5
   100.002     9.611     0.060         5
   100.777     9.719     0.060         5
   101.536     9.781     0.060         5
   102.298     9.888     0.060         5
   103.068     9.971     0.060         5
   103.838    10.075     0.060         5
   104.629    10.166     0.060         5
   105.423    10.302     0.060         5
   106.203    10.411     0.060         5
   106.992    10.534     0.060         5
   107.769    10.629     0.060         5
   108.544    10.754     0.060         5
   109.315    10.877     0.060         5
   110.103    10.999     0.060         5
   110.881    11.114     0.060         5
   111.666    11.193     0.060         5
   112.440    11.315     0.060         5
   113.201    11.448     0.060         5
   113.997    11.598     0.060         5
   114.796    11.719     0.060         5
   115.602    11.861     0.060         5
   116.395    11.986     0.060         5
   117.188    12.129     0.060         5
   117.970    12.245     0.060         5
   118.766    12.386     0.060         5
   119.568    12.501     0.060         5
   120.374    12.601     0.060         5
   121.184    12.766     0.060         5
   121.985    12.863     0.060         5
   122.798    13.008     0.060         5
   123.583    13.139     0.060         5
   124.368    13.280     0.060         5
   125.635    13.460     0.060         5
   127.805    13.769     0.060         5
   129.888    14.049     0.060         5
   131.970    14.358     0.060         5
   133.752    14.641     0.060         5
   136.157    15.033     0.060         5
   138.215    15.383     0.060         5
   140.453    15.789     0.060         5
   144.947    16.465     0.060         5
   225.239    28.781     0.060         5
   228.888    29.512     0.060         5
   231.988    30.081     0.060         5
   236.100    30.743     0.060         5
   241.354    31.487     0.060         5
   247.671    32.246     0.060         5
   253.009    32.837     0.060         5
   114.470    13.100     0.060         8
   116.244    13.329     0.060         8
   118.293    13.593     0.060         8
   120.213    13.849     0.060         8
   122.147    14.134     0.060         8
   123.734    14.386     0.060         8
   125.947    14.655     0.060         8
   128.281    14.935     0.060         8
   130.378    15.179     0.060         8
   132.457    15.483     0.060         8
   134.400    15.766     0.060         8
   136.948    16.110     0.060         8
   139.003    16.428     0.060         8
   140.776    16.702     0.060         8
   142.702    16.975     0.060         8
   143.987    17.143     0.060         8
   145.757    17.367     0.060         8
    65.708     3.686     0.060         9
    66.473     3.926     0.060         9
    67.228     4.159     0.060         9
    67.995     4.382     0.060         9
    68.770     4.630     0.060         9
    69.544     4.887     0.060         9
    70.322     5.156     0.060         9
   128.120    15.908     0.060        12
   133.262    16.588     0.060        12
   137.739    17.300     0.060        12
   142.064    17.946     0.060        12
   253.009    32.595     0.060        13
   268.638    33.758     0.060        13
   275.737    34.119     0.060        13
   280.739    34.424     0.060        13
    81.316     8.015     0.060        14
    83.820     8.423     0.060        14
    86.026     8.783     0.060        14
    88.537     9.186     0.060        14
    90.725     9.476     0.060        14
    93.077     9.744     0.060        14
    96.090    10.100     0.060        14
    97.989    10.333     0.060        14
   100.002    10.581     0.060        14
   100.777    10.695     0.060        14
   102.462    10.739     0.060        14
   104.947    11.073     0.060        14
   107.296    11.432     0.060        14
   109.953    11.830     0.060        14
   111.817    12.109     0.060        14
   113.510    12.356     0.060        14
   115.602    12.708     0.060        14
   118.293    13.165     0.060        14
   120.213    13.485     0.060        14
   122.147    13.805     0.060        14
   124.686    14.220     0.060        14
   126.722    14.527     0.060        14
   131.970    15.337     0.060        14
   133.913    15.661     0.060        14
    82.561    11.699     0.060        24
    86.341    12.781     0.060        24
    90.878    13.955     0.060        24
    93.550    14.606     0.060        24
    96.090    15.228     0.060        24
    98.919    15.941     0.060        24
   107.923    18.235     0.060        24
   109.006    18.514     0.060        24
   109.953    18.744     0.060        24
   111.193    19.055     0.060        24
   112.588    19.432     0.060        24
   116.086    20.302     0.060        24
   118.605    20.986     0.060        24
   120.213    21.392     0.060        24
   121.345    21.731     0.060        24
   122.634    22.069     0.060        24
   124.046    22.387     0.060        24
   125.786    22.774     0.060        24
   127.031    23.081     0.060        24
   128.607    23.439     0.060        24
   131.169    24.071     0.060        24
   134.400    24.977     0.060        24
   137.424    25.741     0.060        24
   140.776    26.673     0.060        24
   108.396    20.991     0.060        28
   110.881    21.474     0.060        28
   115.764    22.701     0.060        28
   119.242    23.616     0.060        28
   121.985    24.334     0.060        28
   124.522    24.931     0.060        28
   127.655    25.608     0.060        28
    72.860    -1.000     0.000         0
    68.770     3.198     0.060         1
    69.545     2.768     0.060         1
    70.323     2.404     0.060         1
    71.111     2.134     0.060         1
    71.892     1.957     0.060         1
    72.672     1.891     0.060         1
    70.799     2.693     0.060         2
    71.573     2.511     0.060         2
    72.358     2.416     0.060         2
     3.233    14.193     0.060         5
     4.057    14.091     0.060         5
     4.880    13.978     0.060         5
     5.707    13.886     0.060         5
     6.506    13.785     0.060         5
     7.309    13.651     0.060         5
     8.116    13.528     0.060         5
     8.940    13.407     0.060         5
     9.752    13.263     0.060         5
    10.549    13.151     0.060         5
    11.381    13.026     0.060         5
    12.207    12.916     0.060         5
    13.028    12.801     0.060         5
    13.818    12.649     0.060         5
    14.620    12.538     0.060         5
    15.436    12.410     0.060         5
    16.249    12.309     0.060         5
    17.075    12.174     0.060         5
    17.871    12.062     0.060         5
    18.657    11.926     0.060         5
    19.442    11.827     0.060         5
    20.217    11.709     0.060         5
    21.008    11.571     0.060         5
    21.786    11.461     0.060         5
    22.567    11.344     0.060         5
    23.344    11.208     0.060         5
    24.130    11.080     0.060         5
    24.923    10.940     0.060         5
    25.705    10.816     0.060         5
    26.480    10.713     0.060         5
    27.268    10.605     0.060         5
    28.068    10.465     0.060         5
    28.859    10.345     0.060         5
    29.661    10.216     0.060         5
    30.446    10.098     0.060         5
    31.238     9.980     0.060         5
    32.032     9.848     0.060         5
    32.845     9.706     0.060         5
    33.644     9.588     0.060         5
    34.457     9.457     0.060         5
    35.280     9.327     0.060         5
    36.093     9.187     0.060         5
    36.907     9.051     0.060         5
    37.706     8.918     0.060         5
    38.519     8.786     0.060         5
    39.332     8.643     0.060         5
    40.144     8.507     0.060         5
    40.968     8.376     0.060         5
    41.761     8.249     0.060         5
    42.570     8.122     0.060         5
    43.339     7.979     0.060         5
    44.127     7.842     0.060         5
    44.913     7.746     0.060         5
    45.707     7.612     0.060         5
    46.485     7.486     0.060         5
    47.279     7.358     0.060         5
    48.848     7.128     0.060         5
    50.260     7.018     0.060         5
    51.358     6.944     0.060         5
    52.756     6.797     0.060         5
    53.822     6.652     0.060         5
    55.957     6.389     0.060         5
    57.657     6.106     0.060         5
    59.483     5.817     0.060         5
    61.315     5.514     0.060         5
     9.430    13.359     0.060         7
    10.237    13.272     0.060         7
    11.707    13.067     0.060         7
    13.348    12.857     0.060         7
    15.272    12.591     0.060         7
    17.236    12.296     0.060         7
    19.130    12.025     0.060         7
    20.532    11.851     0.060         7
    21.786    11.705     0.060         7
    23.194    11.510     0.060         7
    64.041     4.828     0.060        10
    65.547     4.441     0.060        10
     3.394    15.228     0.060        14
     4.218    15.072     0.060        14
     5.041    14.980     0.060        14
     5.868    14.874     0.060        14
     6.664    14.783     0.060        14
     7.468    14.688     0.060        14
     8.278    14.581     0.060        14
     9.104    14.466     0.060        14
     9.914    14.371     0.060        14
    10.716    14.265     0.060        14
    11.545    14.115     0.060        14
    12.380    14.007     0.060        14
    13.186    13.897     0.060        14
    13.979    13.763     0.060        14
    14.784    13.665     0.060        14
    15.600    13.532     0.060        14
    16.413    13.409     0.060        14
    17.236    13.280     0.060        14
    18.033    13.156     0.060        14
    18.818    13.040     0.060        14
    19.603    12.917     0.060        14
    20.378    12.817     0.060        14
    21.159    12.689     0.060        14
    21.947    12.588     0.060        14
    22.717    12.476     0.060        14
    23.506    12.343     0.060        14
    24.291    12.207     0.060        14
    25.074    12.084     0.060        14
    25.856    11.973     0.060        14
    26.641    11.853     0.060        14
    27.433    11.721     0.060        14
    28.218    11.604     0.060        14
    29.020    11.475     0.060        14
    29.822    11.346     0.060        14
    30.611    11.225     0.060        14
    31.388    11.122     0.060        14
    32.196    11.012     0.060        14
    33.006    10.874     0.060        14
    33.808    10.734     0.060        14
    34.618    10.598     0.060        14
    35.444    10.470     0.060        14
    36.254    10.331     0.060        14
    37.058    10.155     0.060        14
    37.870    10.030     0.060        14
    38.680     9.916     0.060        14
    39.493     9.789     0.060        14
    40.306     9.639     0.060        14
    41.129     9.524     0.060        14
    41.922     9.392     0.060        14
    42.732     9.255     0.060        14
    43.500     9.138     0.060        14
    44.289     9.013     0.060        14
    45.066     8.864     0.060        14
    45.858     8.782     0.060        14
    46.649     8.654     0.060        14
    47.430     8.586     0.060        14
    48.218     8.440     0.060        14
    48.999     8.321     0.060        14
    49.795     8.283     0.060        14
    50.575     8.218     0.060        14
    51.358     8.109     0.060        14
    52.146     8.044     0.060        14
    52.907     7.941     0.060        14
    53.671     7.842     0.060        14
    54.430     7.759     0.060        14
    55.187     7.676     0.060        14
    55.957     7.559     0.060        14
    56.724     7.435     0.060        14
    57.495     7.330     0.060        14
    58.259     7.210     0.060        14
    59.017     7.058     0.060        14
    59.795     6.942     0.060        14
     4.705    23.371     0.060        24
     7.148    22.720     0.060        24
     8.116    22.482     0.060        24
     8.940    22.305     0.060        24
     9.914    22.052     0.060        24
    10.716    21.865     0.060        24
    11.545    21.632     0.060        24
    12.380    21.422     0.060        24
    13.348    21.192     0.060        24
    14.144    21.000     0.060        24
    14.946    20.816     0.060        24
    15.751    20.570     0.060        24
    16.574    20.379     0.060        24
    17.398    20.169     0.060        24
    18.183    19.980     0.060        24
    18.979    19.739     0.060        24
    19.754    19.527     0.060        24
    20.532    19.332     0.060        24
    21.320    19.141     0.060        24
    22.101    18.931     0.060        24
    22.879    18.720     0.060        24
    23.656    18.502     0.060        24
    24.442    18.288     0.060        24
    25.232    18.086     0.060        24
    26.017    17.899     0.060        24
    26.795    17.684     0.060        24
    27.594    17.437     0.060        24
    28.380    17.251     0.060        24
    29.185    17.024     0.060        24
    29.973    16.820     0.060        24
    30.761    16.647     0.060        24
    31.553    16.399     0.060        24
    32.358    16.176     0.060        24
    33.157    15.965     0.060        24
    33.970    15.748     0.060        24
    34.782    15.524     0.060        24
    35.767    15.294     0.060        24
    36.584    15.026     0.060        24
    37.383    14.808     0.060        24
    38.193    14.593     0.060        24
    39.006    14.358     0.060        24
    39.819    14.160     0.060        24
    40.631    13.954     0.060        24
    41.449    13.747     0.060        24
    42.245    13.501     0.060        24
    43.030    13.253     0.060        24
    43.812    13.018     0.060        24
    44.601    12.791     0.060        24
    45.392    12.545     0.060        24
    46.173    12.362     0.060        24
    46.964    12.126     0.060        24
    47.752    11.926     0.060        24
    72.860     1.000     0.000         0
    73.300     1.896     0.060         1
    74.091     2.090     0.060         1
    74.844     2.347     0.060         1
    75.602     2.695     0.060         1
    76.372     3.042     0.060         1
    73.451     2.433     0.060         2
    74.242     2.570     0.060         2
    74.992     2.780     0.060         2
    86.341     6.080     0.060         5
    87.444     6.290     0.060         5
    88.698     6.512     0.060         5
    90.259     6.799     0.060         5
    91.508     6.980     0.060         5
    93.077     7.147     0.060         5
    94.188     7.275     0.060         5
    95.616     7.479     0.060         5
    96.566     7.625     0.060         5
    97.827     7.710     0.060         5
    99.069     7.792     0.060         5
   100.314     7.886     0.060         5
   101.536     7.980     0.060         5
   102.462     8.099     0.060         5
   103.218     8.199     0.060         5
   103.988     8.301     0.060         5
   104.793     8.406     0.060         5
   105.574     8.524     0.060         5
   106.368     8.644     0.060         5
   107.145     8.772     0.060         5
   107.923     8.904     0.060         5
   108.694     9.028     0.060         5
   109.479     9.160     0.060         5
   110.265     9.270     0.060         5
   111.042     9.397     0.060         5
   111.816     9.505     0.060         5
   112.588     9.601     0.060         5
   113.352     9.729     0.060         5
   114.148     9.882     0.060         5
   114.957    10.036     0.060         5
   115.764    10.168     0.060         5
   116.556    10.276     0.060         5
   117.346    10.395     0.060         5
   118.131    10.539     0.060         5
   118.930    10.668     0.060         5
   119.729    10.791     0.060         5
   120.535    10.915     0.060         5
   121.345    11.048     0.060         5
   122.147    11.191     0.060         5
   122.959    11.354     0.060         5
   123.734    11.488     0.060         5
   124.522    11.632     0.060         5
   125.313    11.748     0.060         5
   126.098    11.839     0.060         5
   126.872    11.951     0.060         5
   127.654    12.049     0.060         5
   128.446    12.162     0.060         5
   129.250    12.284     0.060         5
   130.052    12.404     0.060         5
   130.854    12.519     0.060         5
   131.655    12.655     0.060         5
   132.457    12.764     0.060         5
   133.262    12.889     0.060         5
   134.077    12.992     0.060         5
   134.890    13.153     0.060         5
   135.681    13.287     0.060         5
   136.472    13.426     0.060         5
   137.263    13.548     0.060         5
   138.051    13.708     0.060         5
   138.853    13.866     0.060         5
   139.654    13.970     0.060         5
   140.453    14.096     0.060         5
   141.252    14.221     0.060         5
   142.064    14.330     0.060         5
   142.866    14.446     0.060         5
   143.665    14.546     0.060         5
   144.474    14.676     0.060         5
   145.273    14.780     0.060         5
   146.082    14.856     0.060         5
   222.068    26.365     0.060         5
   226.124    27.495     0.060         5
   229.883    28.236     0.060         5
   234.949    29.023     0.060         5
   238.886    29.532     0.060         5
   241.970    29.819     0.060         5
   245.976    30.290     0.060         5
   252.681    31.136     0.060         5
   257.681    31.489     0.060         5
   264.081    32.032     0.060         5
   270.559    32.666     0.060         5
   124.522    13.246     0.060         8
   126.722    13.544     0.060         8
   128.281    13.722     0.060         8
   130.213    13.934     0.060         8
   131.806    14.128     0.060         8
   134.725    14.531     0.060         8
   137.739    15.011     0.060         8
   140.776    15.453     0.060         8
   144.148    15.824     0.060         8
   147.042    16.157     0.060         8
   228.318    28.409     0.060         8
   232.846    29.189     0.060         8
   237.832    29.795     0.060         8
   254.878    31.652     0.060         8
   260.702    31.990     0.060         8
   267.347    32.738     0.060         8
   273.939    33.358     0.060         8
    79.770     4.427     0.060        10
    81.478     4.894     0.060        10
    83.045     5.329     0.060        10
    84.450     5.684     0.060        10
    95.939     8.676     0.060        14
    96.727     8.750     0.060        14
    97.515     8.817     0.060        14
    98.298     8.883     0.060        14
    99.069     8.927     0.060        14
    99.841     8.962     0.060        14
   100.615     9.008     0.060        14
   101.689     9.168     0.060        14
   102.917     9.280     0.060        14
   104.153     9.451     0.060        14
   105.423     9.618     0.060        14
   106.680     9.813     0.060        14
   108.396    10.080     0.060        14
   109.641    10.293     0.060        14
   110.579    10.449     0.060        14
   111.816    10.636     0.060        14
   113.051    10.832     0.060        14
   113.997    10.985     0.060        14
   114.796    11.145     0.060        14
   115.602    11.272     0.060        14
   116.395    11.412     0.060        14
   117.188    11.548     0.060        14
   117.970    11.673     0.060        14
   118.766    11.771     0.060        14
   119.568    11.893     0.060        14
   120.535    12.018     0.060        14
   122.311    12.326     0.060        14
   123.895    12.623     0.060        14
   125.313    12.855     0.060        14
   126.722    13.046     0.060        14
   127.969    13.237     0.060        14
   128.922    13.379     0.060        14
   129.737    13.483     0.060        14
   130.692    13.627     0.060        14
   131.970    13.810     0.060        14
   133.587    14.058     0.060        14
   135.205    14.330     0.060        14
   136.948    14.630     0.060        14
   138.366    14.878     0.060        14
   109.006    15.154     0.060        24
   111.354    15.764     0.060        24
   114.309    16.515     0.060        24
   118.293    17.677     0.060        24
   121.670    18.681     0.060        24
   125.786    19.793     0.060        24
   130.213    20.944     0.060        24
   132.621    21.573     0.060        24
   135.530    22.338     0.060        24
   139.168    23.313     0.060        24
   142.225    24.051     0.060        24
    78.859    -1.000     0.000         0
    75.441     2.834     0.060         1
    76.222     2.489     0.060         1
    76.992     2.196     0.060         1
    77.761     1.996     0.060         1
    78.536     1.899     0.060         1
    75.907     3.012     0.060         2
    76.677     2.794     0.060         2
    77.457     2.604     0.060         2
    78.224     2.491     0.060         2
    75.143     3.577     0.060         3
    75.907     3.408     0.060         3
    76.677     3.272     0.060         3
    77.457     3.152     0.060         3
    78.224     3.096     0.060         3
     4.217    14.862     0.060         5
     5.041    14.750     0.060         5
     5.867    14.656     0.060         5
     6.663    14.529     0.060         5
     7.467    14.420     0.060         5
     8.277    14.299     0.060         5
     9.103    14.171     0.060         5
     9.913    14.059     0.060         5
    10.715    13.936     0.060         5
    11.545    13.830     0.060         5
    12.704    13.625     0.060         5
    13.817    13.440     0.060         5
    15.750    13.121     0.060         5
    16.910    12.961     0.060         5
    17.870    12.844     0.060         5
    18.656    12.712     0.060         5
    19.603    12.562     0.060         5
    20.377    12.460     0.060         5
    21.473    12.272     0.060         5
    22.251    12.182     0.060         5
    23.344    12.018     0.060         5
    24.129    11.886     0.060         5
    24.922    11.773     0.060         5
    25.705    11.651     0.060         5
    26.479    11.526     0.060         5
    27.432    11.382     0.060         5
    28.217    11.273     0.060         5
    29.020    11.117     0.060         5
    29.822    10.976     0.060         5
    30.761    10.826     0.060         5
    31.552    10.709     0.060         5
    33.005    10.480     0.060         5
    34.130    10.299     0.060         5
    35.279    10.096     0.060         5
    36.092     9.988     0.060         5
    36.906     9.861     0.060         5
    38.031     9.703     0.060         5
    38.844     9.565     0.060         5
    39.982     9.333     0.060         5
    40.792     9.195     0.060         5
    41.760     9.050     0.060         5
    42.570     8.916     0.060         5
    43.338     8.788     0.060         5
    44.127     8.664     0.060         5
    44.912     8.554     0.060         5
    45.706     8.421     0.060         5
    46.484     8.317     0.060         5
    47.590     8.160     0.060         5
    48.371     8.062     0.060         5
    49.471     7.952     0.060         5
    50.260     7.910     0.060         5
    51.048     7.863     0.060         5
    51.833     7.806     0.060         5
    52.605     7.705     0.060         5
    53.369     7.610     0.060         5
    54.125     7.506     0.060         5
    54.885     7.385     0.060         5
    55.652     7.302     0.060         5
    56.422     7.205     0.060         5
    57.183     7.105     0.060         5
    57.957     6.993     0.060         5
    58.718     6.885     0.060         5
    59.482     6.772     0.060         5
    60.257     6.668     0.060         5
    61.021     6.551     0.060         5
    61.772     6.459     0.060         5
    62.532     6.339     0.060         5
    63.286     6.226     0.060         5
    64.040     6.112     0.060         5
    64.794     6.003     0.060         5
    65.546     5.886     0.060         5
    66.315     5.752     0.060         5
    67.077     5.600     0.060         5
    69.394     4.968     0.060        10
    71.261     4.491     0.060        10
    72.827     4.087     0.060        10
     5.205    15.506     0.060        14
     7.790    15.157     0.060        14
    10.236    14.808     0.060        14
    12.207    14.501     0.060        14
    13.027    14.385     0.060        14
    13.817    14.260     0.060        14
    14.619    14.131     0.060        14
    15.435    14.010     0.060        14
    16.248    13.919     0.060        14
    17.074    13.809     0.060        14
    17.870    13.698     0.060        14
    18.656    13.587     0.060        14
    19.441    13.459     0.060        14
    20.216    13.346     0.060        14
    21.158    13.205     0.060        14
    21.947    13.079     0.060        14
    22.717    12.957     0.060        14
    23.505    12.822     0.060        14
    24.290    12.724     0.060        14
    25.073    12.623     0.060        14
    25.855    12.511     0.060        14
    26.641    12.373     0.060        14
    27.432    12.254     0.060        14
    28.217    12.126     0.060        14
    29.020    12.002     0.060        14
    29.822    11.870     0.060        14
    30.610    11.744     0.060        14
    31.388    11.627     0.060        14
    32.196    11.482     0.060        14
    33.005    11.350     0.060        14
    33.808    11.217     0.060        14
    34.617    11.084     0.060        14
    35.444    10.955     0.060        14
    36.253    10.822     0.060        14
    37.057    10.699     0.060        14
    37.870    10.563     0.060        14
    38.679    10.439     0.060        14
    39.492    10.295     0.060        14
    40.305    10.147     0.060        14
    41.128    10.010     0.060        14
    41.921     9.881     0.060        14
    42.731     9.782     0.060        14
    43.500     9.646     0.060        14
    44.288     9.518     0.060        14
    45.066     9.402     0.060        14
    45.857     9.291     0.060        14
    46.648     9.161     0.060        14
    47.429     9.041     0.060        14
    48.371     8.935     0.060        14
    49.321     8.845     0.060        14
    50.413     8.731     0.060        14
    51.357     8.655     0.060        14
    52.145     8.600     0.060        14
    52.906     8.489     0.060        14
    53.670     8.384     0.060        14
    54.430     8.282     0.060        14
    55.186     8.200     0.060        14
    55.956     8.095     0.060        14
    56.723     7.990     0.060        14
    57.495     7.883     0.060        14
    58.258     7.796     0.060        14
    59.016     7.696     0.060        14
    59.794     7.599     0.060        14
    60.566     7.473     0.060        14
    61.314     7.368     0.060        14
    62.077     7.258     0.060        14
    62.839     7.126     0.060        14
    63.590     7.009     0.060        14
    64.334     6.898     0.060        14
    65.089     6.770     0.060        14
    65.858     6.643     0.060        14
    66.621     6.485     0.060        14
    67.382     6.322     0.060        14
     6.190    24.259     0.060        24
     7.147    24.039     0.060        24
     7.951    23.826     0.060        24
     8.778    23.652     0.060        24
     9.590    23.449     0.060        24
    10.386    23.236     0.060        24
    11.208    23.032     0.060        24
    12.042    22.810     0.060        24
    12.866    22.587     0.060        24
    13.656    22.443     0.060        24
    14.458    22.225     0.060        24
    15.271    22.046     0.060        24
    16.087    21.826     0.060        24
    16.910    21.603     0.060        24
    17.709    21.397     0.060        24
    18.502    21.208     0.060        24
    19.291    20.978     0.060        24
    20.065    20.789     0.060        24
    20.843    20.565     0.060        24
    21.635    20.398     0.060        24
    22.402    20.191     0.060        24
    23.193    19.983     0.060        24
    23.981    19.783     0.060        24
    24.761    19.577     0.060        24
    25.543    19.359     0.060        24
    26.329    19.166     0.060        24
    27.117    18.962     0.060        24
    27.905    18.769     0.060        24
    28.694    18.550     0.060        24
    29.496    18.346     0.060        24
    30.284    18.129     0.060        24
    31.076    17.920     0.060        24
    31.878    17.684     0.060        24
    32.683    17.438     0.060        24
    33.482    17.205     0.060        24
    34.292    16.991     0.060        24
    35.107    16.760     0.060        24
    35.931    16.583     0.060        24
    36.745    16.393     0.060        24
    37.544    16.180     0.060        24
    38.357    15.933     0.060        24
    39.169    15.731     0.060        24
    39.982    15.519     0.060        24
    40.792    15.301     0.060        24
    41.599    15.096     0.060        24
    42.419    14.852     0.060        24
    43.191    14.675     0.060        24
    43.973    14.432     0.060        24
    44.761    14.241     0.060        24
    45.542    14.027     0.060        24
    78.859     1.000     0.000         0
    79.468     1.942     0.060         1
    80.232     2.127     0.060         1
    81.014     2.406     0.060         1
    81.789     2.752     0.060         1
    79.156     2.489     0.060         2
    79.931     2.572     0.060         2
    80.703     2.756     0.060         2
    81.477     2.987     0.060         2
    79.318     3.108     0.060         3
    80.081     3.182     0.060         3
    80.853     3.292     0.060         3
    81.628     3.458     0.060         3
    82.410     3.632     0.060         3
    92.288     6.078     0.060         5
    93.076     6.173     0.060         5
    93.875     6.260     0.060         5
    94.663     6.353     0.060         5
    95.451     6.457     0.060         5
    96.250     6.557     0.060         5
    97.041     6.627     0.060         5
    97.827     6.731     0.060         5
    98.606     6.773     0.060         5
    99.377     6.822     0.060         5
   100.152     6.894     0.060         5
   100.926     6.966     0.060         5
   101.689     7.038     0.060         5
   102.461     7.107     0.060         5
   103.218     7.197     0.060         5
   103.987     7.316     0.060         5
   104.792     7.451     0.060         5
   105.573     7.559     0.060         5
   106.367     7.666     0.060         5
   107.145     7.779     0.060         5
   107.922     7.921     0.060         5
   108.694     8.057     0.060         5
   109.479     8.198     0.060         5
   110.264     8.312     0.060         5
   111.041     8.411     0.060         5
   111.816     8.512     0.060         5
   112.587     8.618     0.060         5
   113.351     8.747     0.060         5
   114.147     8.910     0.060         5
   114.956     9.063     0.060         5
   115.763     9.199     0.060         5
   116.556     9.347     0.060         5
   117.345     9.478     0.060         5
   118.131     9.609     0.060         5
   118.929     9.718     0.060         5
   119.728     9.850     0.060         5
   120.535     9.986     0.060         5
   121.344    10.094     0.060         5
   122.146    10.206     0.060         5
   122.958    10.372     0.060         5
   123.733    10.546     0.060         5
   124.521    10.658     0.060         5
   125.312    10.764     0.060         5
   126.097    10.878     0.060         5
   126.872    10.982     0.060         5
   127.654    11.110     0.060         5
   128.445    11.245     0.060         5
   129.250    11.361     0.060         5
   130.051    11.452     0.060         5
   130.853    11.572     0.060         5
   131.655    11.699     0.060         5
   132.456    11.811     0.060         5
   133.587    11.987     0.060         5
   135.043    12.243     0.060         5
   136.947    12.534     0.060         5
   138.852    12.894     0.060         5
   140.775    13.244     0.060         5
   217.843    24.196     0.060         5
   219.731    24.747     0.060         5
   221.787    25.274     0.060         5
   226.715    26.655     0.060         5
   228.317    27.030     0.060         5
   230.716    27.489     0.060         5
   233.832    28.068     0.060         5
   236.812    28.507     0.060         5
   239.969    28.809     0.060         5
   261.013    31.302     0.060         8
   264.242    31.630     0.060         8
   267.510    32.038     0.060         8
   271.836    32.496     0.060         8
   275.072    32.681     0.060         8
   278.810    32.954     0.060         8
   282.497    33.254     0.060         8
   285.530    33.481     0.060         8
    85.549     4.414     0.060        10
    87.282     4.879     0.060        10
    89.012     5.287     0.060        10
    91.192     5.766     0.060        10
   284.089    34.155     0.060        12
   296.194    35.644     0.060        12
   304.998    37.019     0.060        12
    91.354     6.707     0.060        14
    92.134     6.843     0.060        14
    92.915     6.967     0.060        14
    93.714     7.069     0.060        14
    94.513     7.157     0.060        14
    95.301     7.264     0.060        14
    96.089     7.352     0.060        14
    96.880     7.448     0.060        14
    97.676     7.537     0.060        14
    98.458     7.596     0.060        14
    99.227     7.625     0.060        14
   100.001     7.701     0.060        14
   100.776     7.763     0.060        14
   101.535     7.857     0.060        14
   102.297     7.927     0.060        14
   103.067     8.020     0.060        14
   103.837     8.130     0.060        14
   104.628     8.251     0.060        14
   105.422     8.363     0.060        14
   106.203     8.484     0.060        14
   106.991     8.586     0.060        14
   107.768     8.695     0.060        14
   108.543     8.818     0.060        14
   109.314     8.978     0.060        14
   110.102     9.104     0.060        14
   110.880     9.205     0.060        14
   111.665     9.317     0.060        14
   112.440     9.414     0.060        14
   113.200     9.537     0.060        14
   113.996     9.655     0.060        14
   114.795     9.789     0.060        14
   115.601     9.951     0.060        14
   116.394    10.095     0.060        14
   117.187    10.225     0.060        14
   117.969    10.356     0.060        14
   118.765    10.488     0.060        14
   119.567    10.614     0.060        14
   120.373    10.740     0.060        14
   121.183    10.881     0.060        14
   121.985    11.005     0.060        14
   122.797    11.132     0.060        14
   123.582    11.287     0.060        14
   124.367    11.434     0.060        14
   125.161    11.549     0.060        14
   125.947    11.651     0.060        14
   126.721    11.752     0.060        14
   127.492    11.850     0.060        14
   128.281    11.971     0.060        14
   129.085    12.081     0.060        14
   129.887    12.196     0.060        14
   130.692    12.312     0.060        14
   131.490    12.432     0.060        14
   132.295    12.557     0.060        14
   133.100    12.694     0.060        14
   133.912    12.853     0.060        14
   134.725    12.958     0.060        14
   135.529    13.116     0.060        14
   136.307    13.266     0.060        14
   137.098    13.392     0.060        14
   137.900    13.538     0.060        14
   138.688    13.678     0.060        14
   139.489    13.842     0.060        14
   140.291    13.971     0.060        14
   141.090    14.072     0.060        14
   141.899    14.222     0.060        14
   142.701    14.298     0.060        14
   143.503    14.427     0.060        14
   219.045    25.849     0.060        14
   227.586    27.797     0.060        14
   236.382    29.144     0.060        14
    92.288     9.289     0.060        24
    93.076     9.466     0.060        24
    93.875     9.663     0.060        24
    94.663     9.875     0.060        24
    95.451    10.082     0.060        24
    96.250    10.276     0.060        24
    97.041    10.481     0.060        24
    97.827    10.615     0.060        24
    98.606    10.760     0.060        24
    99.377    10.926     0.060        24
   100.152    11.101     0.060        24
   100.926    11.293     0.060        24
   101.689    11.487     0.060        24
   102.461    11.692     0.060        24
   103.218    11.892     0.060        24
   103.987    12.079     0.060        24
   104.792    12.312     0.060        24
   105.573    12.515     0.060        24
   106.367    12.672     0.060        24
   107.145    12.911     0.060        24
   107.922    13.139     0.060        24
   108.694    13.377     0.060        24
   109.479    13.610     0.060        24
   110.264    13.876     0.060        24
   111.041    14.073     0.060        24
   111.816    14.322     0.060        24
   112.587    14.524     0.060        24
   113.351    14.743     0.060        24
   114.147    14.975     0.060        24
   114.956    15.192     0.060        24
   115.763    15.464     0.060        24
   116.556    15.689     0.060        24
   117.345    15.889     0.060        24
   118.131    16.116     0.060        24
   118.929    16.317     0.060        24
   119.728    16.562     0.060        24
   120.535    16.775     0.060        24
   121.344    17.007     0.060        24
   122.146    17.233     0.060        24
   122.958    17.488     0.060        24
   123.733    17.640     0.060        24
   124.521    17.781     0.060        24
   125.312    17.974     0.060        24
   126.097    18.149     0.060        24
   126.872    18.327     0.060        24
   127.654    18.515     0.060        24
   128.445    18.741     0.060        24
   129.250    18.942     0.060        24
   130.051    19.123     0.060        24
   130.853    19.297     0.060        24
   131.655    19.559     0.060        24
   132.456    19.783     0.060        24
   133.261    19.990     0.060        24
   134.077    20.183     0.060        24
   134.889    20.397     0.060        24
   135.680    20.612     0.060        24
   136.471    20.847     0.060        24
   137.262    21.086     0.060        24
   138.050    21.340     0.060        24
   138.852    21.536     0.060        24
   139.654    21.721     0.060        24
   140.452    21.975     0.060        24
   141.251    22.208     0.060        24
   142.063    22.455     0.060        24
   142.865    22.632     0.060        24
   143.664    22.823     0.060        24
   144.946    23.136     0.060        24
   147.840    23.851     0.060        24
   150.851    24.457     0.060        24
   125.473    20.920     0.060        28
   127.342    21.305     0.060        28
    84.860    -1.000     0.000         0
    81.015     3.093     0.060         1
    81.790     2.725     0.060         1
    82.561     2.380     0.060         1
    83.352     2.146     0.060         1
    84.132     1.987     0.060         1
    84.769     1.948     0.060         1
    82.883     2.764     0.060         2
    83.667     2.585     0.060         2
    84.445     2.508     0.060         2
     7.951    15.190     0.060         5
     8.778    15.035     0.060         5
     9.590    14.969     0.060         5
    10.387    14.846     0.060         5
    11.208    14.742     0.060         5
    12.042    14.610     0.060         5
    12.866    14.464     0.060         5
    13.656    14.380     0.060         5
    14.458    14.272     0.060         5
    15.271    14.140     0.060         5
    16.248    13.993     0.060         5
    17.074    13.876     0.060         5
    17.870    13.768     0.060         5
    18.656    13.642     0.060         5
    19.441    13.528     0.060         5
    20.216    13.399     0.060         5
    21.008    13.283     0.060         5
    21.785    13.164     0.060         5
    22.566    13.037     0.060         5
    23.344    12.948     0.060         5
    24.129    12.821     0.060         5
    24.922    12.720     0.060         5
    25.705    12.598     0.060         5
    26.479    12.477     0.060         5
    27.268    12.351     0.060         5
    28.067    12.241     0.060         5
    28.858    12.128     0.060         5
    29.660    12.008     0.060         5
    30.446    11.882     0.060         5
    31.237    11.773     0.060         5
    32.031    11.655     0.060         5
    32.844    11.527     0.060         5
    33.643    11.427     0.060         5
    34.617    11.260     0.060         5
    35.444    11.114     0.060         5
    36.253    10.984     0.060         5
    37.057    10.830     0.060         5
    38.031    10.670     0.060         5
    38.844    10.530     0.060         5
    40.305    10.279     0.060         5
    41.287    10.118     0.060         5
    42.419     9.936     0.060         5
    43.500     9.751     0.060         5
    44.288     9.633     0.060         5
    45.066     9.516     0.060         5
    45.857     9.378     0.060         5
    46.648     9.263     0.060         5
    47.590     9.113     0.060         5
    48.371     8.997     0.060         5
    49.321     8.868     0.060         5
    50.098     8.773     0.060         5
    50.887     8.722     0.060         5
    51.672     8.697     0.060         5
    52.444     8.592     0.060         5
    53.218     8.511     0.060         5
    53.975     8.405     0.060         5
    54.734     8.327     0.060         5
    55.501     8.237     0.060         5
    56.260     8.142     0.060         5
    57.032     8.040     0.060         5
    57.807     7.922     0.060         5
    58.568     7.820     0.060         5
    59.331     7.735     0.060         5
    60.106     7.622     0.060         5
    60.867     7.524     0.060         5
    61.619     7.422     0.060         5
    62.381     7.330     0.060         5
    63.143     7.225     0.060         5
    63.887     7.102     0.060         5
    64.635     6.994     0.060         5
    65.398     6.893     0.060         5
    66.167     6.765     0.060         5
    66.930     6.650     0.060         5
    67.694     6.547     0.060         5
    68.461     6.444     0.060         5
    69.232     6.313     0.060         5
    70.007     6.184     0.060         5
    70.798     6.033     0.060         5
    71.573     5.887     0.060         5
    72.358     5.734     0.060         5
    73.139     5.574     0.060         5
    73.930     5.433     0.060         5
     6.190    15.931     0.060         8
     8.116    15.662     0.060         8
     8.939    15.583     0.060         8
     9.752    15.500     0.060         8
    10.548    15.407     0.060         8
    11.380    15.320     0.060         8
    12.207    15.209     0.060         8
    13.027    15.125     0.060         8
    13.817    15.030     0.060         8
    14.619    14.929     0.060         8
    15.435    14.834     0.060         8
    16.248    14.750     0.060         8
    17.074    14.645     0.060         8
    17.870    14.550     0.060         8
    18.656    14.485     0.060         8
    19.441    14.368     0.060         8
    20.216    14.288     0.060         8
    21.008    14.198     0.060         8
    75.441     5.010     0.060        10
    76.992     4.610     0.060        10
     5.205    16.669     0.060        14
     6.029    16.551     0.060        14
     6.825    16.461     0.060        14
     7.628    16.352     0.060        14
     8.441    16.229     0.060        14
     9.268    16.101     0.060        14
    10.074    15.989     0.060        14
    10.880    15.888     0.060        14
    11.706    15.776     0.060        14
    12.543    15.662     0.060        14
    13.347    15.554     0.060        14
    14.143    15.434     0.060        14
    14.945    15.298     0.060        14
    15.750    15.158     0.060        14
    16.574    15.040     0.060        14
    17.397    14.927     0.060        14
    18.183    14.819     0.060        14
    18.979    14.708     0.060        14
    19.753    14.591     0.060        14
    20.531    14.469     0.060        14
    21.320    14.323     0.060        14
    22.100    14.213     0.060        14
    22.878    14.050     0.060        14
    23.656    13.927     0.060        14
    24.441    13.786     0.060        14
    25.231    13.648     0.060        14
    26.017    13.553     0.060        14
    26.794    13.411     0.060        14
    27.593    13.319     0.060        14
    28.379    13.208     0.060        14
    29.184    13.094     0.060        14
    29.972    12.988     0.060        14
    30.761    12.867     0.060        14
    31.552    12.724     0.060        14
    32.357    12.588     0.060        14
    33.156    12.430     0.060        14
    33.969    12.295     0.060        14
    34.782    12.170     0.060        14
    35.605    12.006     0.060        14
    36.415    11.834     0.060        14
    37.383    11.725     0.060        14
    38.192    11.598     0.060        14
    39.005    11.435     0.060        14
    39.818    11.341     0.060        14
    40.631    11.205     0.060        14
    41.448    11.097     0.060        14
    42.244    10.968     0.060        14
    43.029    10.845     0.060        14
    43.812    10.705     0.060        14
    44.600    10.570     0.060        14
    45.391    10.446     0.060        14
    46.172    10.316     0.060        14
    46.963    10.167     0.060        14
    47.752    10.038     0.060        14
    48.532     9.978     0.060        14
    49.321     9.859     0.060        14
    50.098     9.738     0.060        14
    50.887     9.710     0.060        14
    51.672     9.681     0.060        14
    52.444     9.598     0.060        14
    53.218     9.500     0.060        14
    53.975     9.390     0.060        14
    54.734     9.298     0.060        14
    55.501     9.218     0.060        14
    56.260     9.128     0.060        14
    57.032     9.018     0.060        14
    57.807     8.922     0.060        14
    58.568     8.821     0.060        14
    59.331     8.709     0.060        14
    60.106     8.600     0.060        14
    60.867     8.485     0.060        14
    61.619     8.370     0.060        14
    62.381     8.273     0.060        14
    63.143     8.164     0.060        14
    63.887     8.065     0.060        14
    64.635     7.962     0.060        14
    65.398     7.858     0.060        14
    66.167     7.763     0.060        14
    66.930     7.641     0.060        14
    67.694     7.538     0.060        14
    68.461     7.409     0.060        14
    69.232     7.285     0.060        14
    70.007     7.143     0.060        14
    70.798     7.006     0.060        14
    71.573     6.875     0.060        14
    72.358     6.726     0.060        14
    73.139     6.562     0.060        14
    73.930     6.364     0.060        14
     8.116    25.643     0.060        24
     8.939    25.399     0.060        24
     9.752    25.225     0.060        24
    10.548    24.976     0.060        24
    11.380    24.783     0.060        24
    12.207    24.563     0.060        24
    13.027    24.350     0.060        24
    13.817    24.183     0.060        24
    14.619    24.001     0.060        24
    15.435    23.780     0.060        24
    16.248    23.580     0.060        24
    17.074    23.333     0.060        24
    17.870    23.141     0.060        24
    18.656    22.930     0.060        24
    19.441    22.710     0.060        24
    20.216    22.495     0.060        24
    21.008    22.254     0.060        24
    21.785    22.042     0.060        24
    22.566    21.787     0.060        24
    23.344    21.615     0.060        24
    24.129    21.362     0.060        24
    24.922    21.140     0.060        24
    25.705    20.921     0.060        24
    26.479    20.729     0.060        24
    27.268    20.549     0.060        24
    28.067    20.332     0.060        24
    28.858    20.135     0.060        24
    29.660    19.938     0.060        24
    30.446    19.729     0.060        24
    31.388    19.491     0.060        24
    43.029    16.261     0.060        24
    43.812    16.064     0.060        24
    44.600    15.864     0.060        24
    45.391    15.632     0.060        24
    46.172    15.457     0.060        24
    49.633    14.541     0.060        24
    54.885    13.202     0.060        24
    56.422    12.855     0.060        24
    57.344    12.636     0.060        24
    58.108    12.473     0.060        24
    58.869    12.272     0.060        24
    59.643    12.111     0.060        24
    60.407    11.922     0.060        24
    61.171    11.770     0.060        24
    61.923    11.571     0.060        24
    62.685    11.386     0.060        24
    63.440    11.182     0.060        24
    64.181    11.001     0.060        24
    64.942    10.829     0.060        24
    84.860     1.000     0.000         0
    85.715     2.060     0.060         1
    86.492     2.270     0.060         1
    87.282     2.566     0.060         1
    88.071     2.923     0.060         1
    88.851     3.327     0.060         1
    85.552     2.550     0.060         2
    86.341     2.685     0.060         2
    87.132     2.893     0.060         2
    95.301     5.395     0.060         5
    96.089     5.491     0.060         5
    96.880     5.601     0.060         5
    97.676     5.682     0.060         5
    98.458     5.751     0.060         5
    99.227     5.762     0.060         5
   100.001     5.823     0.060         5
   100.776     5.904     0.060         5
   101.535     5.962     0.060         5
   102.297     6.037     0.060         5
   103.067     6.148     0.060         5
   103.837     6.262     0.060         5
   104.628     6.385     0.060         5
   105.422     6.496     0.060         5
   106.203     6.606     0.060         5
   106.991     6.717     0.060         5
   107.768     6.835     0.060         5
   108.543     6.969     0.060         5
   109.314     7.112     0.060         5
   110.103     7.250     0.060         5
   110.880     7.366     0.060         5
   111.665     7.475     0.060         5
   112.440     7.581     0.060         5
   113.200     7.706     0.060         5
   113.996     7.839     0.060         5
   114.795     7.982     0.060         5
   115.602     8.137     0.060         5
   116.394     8.269     0.060         5
   117.187     8.405     0.060         5
   117.969     8.541     0.060         5
   118.765     8.684     0.060         5
   119.567     8.832     0.060         5
   120.373     8.952     0.060         5
   121.183     9.073     0.060         5
   121.985     9.207     0.060         5
   122.797     9.373     0.060         5
   123.582     9.523     0.060         5
   124.367     9.663     0.060         5
   125.161     9.781     0.060         5
   125.947     9.871     0.060         5
   126.721     9.992     0.060         5
   127.493    10.107     0.060         5
   128.281    10.241     0.060         5
   129.085    10.374     0.060         5
   129.887    10.479     0.060         5
   130.692    10.587     0.060         5
   131.491    10.712     0.060         5
   132.295    10.829     0.060         5
   133.100    10.940     0.060         5
   133.912    11.076     0.060         5
   134.725    11.219     0.060         5
   135.529    11.352     0.060         5
   136.307    11.480     0.060         5
   137.098    11.628     0.060         5
   137.900    11.765     0.060         5
   138.688    11.905     0.060         5
   139.489    12.025     0.060         5
   140.291    12.160     0.060         5
   141.090    12.272     0.060         5
   227.586    26.074     0.060         5
   230.022    26.494     0.060         5
   231.987    26.896     0.060         5
   235.378    27.411     0.060         5
   237.691    27.741     0.060         5
   265.882    30.945     0.060         8
   272.323    31.582     0.060         8
   277.528    32.031     0.060         8
   283.126    32.500     0.060         8
   288.101    32.878     0.060         8
    91.028     4.211     0.060        10
    92.764     4.651     0.060        10
    93.714     4.930     0.060        10
    94.513     5.134     0.060        10
    96.250     6.459     0.060        14
    97.042     6.552     0.060        14
    97.827     6.650     0.060        14
    98.606     6.682     0.060        14
    99.377     6.729     0.060        14
   100.152     6.799     0.060        14
   100.927     6.872     0.060        14
   101.689     6.922     0.060        14
   102.461     6.981     0.060        14
   103.218     7.113     0.060        14
   103.988     7.228     0.060        14
   104.792     7.349     0.060        14
   105.573     7.465     0.060        14
   106.367     7.572     0.060        14
   107.145     7.698     0.060        14
   107.922     7.826     0.060        14
   108.694     7.951     0.060        14
   109.479     8.061     0.060        14
   110.264     8.183     0.060        14
   111.041     8.315     0.060        14
   111.816     8.436     0.060        14
   112.587     8.542     0.060        14
   113.351     8.683     0.060        14
   114.147     8.834     0.060        14
   114.956     8.977     0.060        14
   115.763     9.124     0.060        14
   116.556     9.262     0.060        14
   117.345     9.394     0.060        14
   118.131     9.525     0.060        14
   118.929     9.649     0.060        14
   119.728     9.765     0.060        14
   120.535     9.873     0.060        14
   121.344    10.018     0.060        14
   122.146    10.176     0.060        14
   122.958    10.326     0.060        14
   123.894    10.511     0.060        14
   125.473    10.775     0.060        14
   127.181    11.022     0.060        14
   128.445    11.214     0.060        14
   129.887    11.429     0.060        14
   131.168    11.629     0.060        14
   132.621    11.849     0.060        14
   134.077    12.093     0.060        14
   135.680    12.357     0.060        14
   137.574    12.663     0.060        14
   139.167    12.923     0.060        14
   140.291    13.115     0.060        14
   105.422    10.817     0.060        24
   106.203    11.035     0.060        24
   106.991    11.218     0.060        24
   107.768    11.407     0.060        24
   108.543    11.616     0.060        24
   109.314    11.777     0.060        24
   110.103    12.029     0.060        24
   110.880    12.228     0.060        24
   111.665    12.421     0.060        24
   112.440    12.632     0.060        24
   113.671    12.954     0.060        24
   115.440    13.450     0.060        24
   116.244    13.691     0.060        24
   117.026    13.890     0.060        24
   119.080    14.431     0.060        24
   119.890    14.660     0.060        24
   120.696    14.874     0.060        24
   122.472    15.363     0.060        24
   123.582    15.664     0.060        24
   124.367    15.923     0.060        24
   125.161    16.145     0.060        24
   125.947    16.361     0.060        24
   126.721    16.554     0.060        24
   127.493    16.742     0.060        24
   129.250    17.180     0.060        24
   130.051    17.411     0.060        24
   131.168    17.702     0.060        24
   132.621    18.125     0.060        24
   133.425    18.327     0.060        24
   134.889    18.774     0.060        24
   136.947    19.329     0.060        24
   139.328    19.976     0.060        24
   140.127    20.188     0.060        24
   141.090    20.470     0.060        24
   143.825    21.205     0.060        24
   147.679    22.208     0.060        24
   150.060    22.793     0.060        24
    90.860    -1.000     0.000         0
    87.595     2.787     0.060         1
    88.386     2.466     0.060         1
    89.163     2.190     0.060         1
    89.944     2.004     0.060         1
    90.725     1.917     0.060         1
    88.232     2.982     0.060         2
    89.013     2.747     0.060         2
    89.793     2.587     0.060         2
    90.563     2.539     0.060         2
     5.041    16.502     0.060         5
     9.103    15.905     0.060         5
    13.347    15.312     0.060         5
    17.236    14.755     0.060         5
    21.158    14.169     0.060         5
    23.981    13.763     0.060         5
    26.956    13.317     0.060         5
    30.131    12.855     0.060         5
    33.005    12.416     0.060         5
    36.584    11.836     0.060         5
    39.331    11.281     0.060         5
    43.029    10.649     0.060         5
    46.018    10.207     0.060         5
    48.998     9.884     0.060         5
    52.145     9.557     0.060         5
    52.906     9.447     0.060         5
    53.670     9.387     0.060         5
    54.430     9.289     0.060         5
    55.340     9.187     0.060         5
    56.107     9.072     0.060         5
    56.881     8.982     0.060         5
    57.656     8.867     0.060         5
    58.409     8.783     0.060         5
    59.178     8.681     0.060         5
    59.945     8.577     0.060         5
    60.716     8.464     0.060         5
    61.468     8.386     0.060         5
    62.227     8.284     0.060         5
    62.990     8.157     0.060         5
    63.733     8.045     0.060         5
    64.485     7.947     0.060         5
    65.251     7.844     0.060         5
    66.009     7.741     0.060         5
    66.782     7.649     0.060         5
    67.532     7.541     0.060         5
    68.310     7.438     0.060         5
    69.082     7.331     0.060         5
    69.859     7.216     0.060         5
    70.637     7.090     0.060         5
    71.422     6.977     0.060         5
    72.207     6.861     0.060         5
    72.988     6.745     0.060         5
    73.768     6.613     0.060         5
    74.694     6.478     0.060         5
    75.441     6.341     0.060         5
    76.222     6.210     0.060         5
    76.992     6.066     0.060         5
    77.761     5.923     0.060         5
    80.542     5.157     0.060        10
    82.102     4.794     0.060        10
    83.819     4.398     0.060        10
     4.217    17.871     0.060        14
     6.663    17.492     0.060        14
     8.778    17.169     0.060        14
    10.715    16.886     0.060        14
    11.881    16.711     0.060        14
    13.817    16.406     0.060        14
    15.599    16.134     0.060        14
    17.397    15.892     0.060        14
    19.915    15.538     0.060        14
    21.947    15.227     0.060        14
    23.505    14.999     0.060        14
    25.231    14.740     0.060        14
    27.117    14.436     0.060        14
    28.858    14.177     0.060        14
    30.761    13.923     0.060        14
    32.196    13.724     0.060        14
    34.130    13.409     0.060        14
    35.605    13.189     0.060        14
    55.501    10.097     0.060        14
    56.260     9.990     0.060        14
    57.032     9.886     0.060        14
    57.806     9.788     0.060        14
    58.567     9.684     0.060        14
    59.331     9.576     0.060        14
    60.106     9.476     0.060        14
    60.867     9.363     0.060        14
    61.619     9.281     0.060        14
    62.381     9.167     0.060        14
    63.143     9.081     0.060        14
    63.887     8.969     0.060        14
    64.794     8.842     0.060        14
    65.546     8.736     0.060        14
    66.315     8.633     0.060        14
    67.077     8.539     0.060        14
    67.844     8.423     0.060        14
    68.619     8.311     0.060        14
    69.394     8.216     0.060        14
    70.171     8.099     0.060        14
    70.949     7.983     0.060        14
    71.731     7.867     0.060        14
    72.512     7.737     0.060        14
    72.043     7.200     0.060        17
    77.142     6.164     0.060        17
    16.087    25.070     0.060        24
    19.441    24.214     0.060        24
    23.505    23.139     0.060        24
    28.067    21.922     0.060        24
    37.705    19.336     0.060        24
    42.244    18.167     0.060        24
    46.333    17.120     0.060        24
    51.518    15.884     0.060        24
    56.881    14.570     0.060        24
    90.860     1.000     0.000         0
    91.508     2.001     0.060         1
    92.288     2.177     0.060         1
    93.076     2.464     0.060         1
    93.875     2.806     0.060         1
    91.193     2.557     0.060         2
    91.973     2.637     0.060         2
    92.764     2.814     0.060         2
    93.549     3.038     0.060         2
    98.606     4.767     0.060         5
    99.377     4.801     0.060         5
   100.152     4.861     0.060         5
   100.926     4.964     0.060         5
   101.689     5.034     0.060         5
   102.461     5.110     0.060         5
   103.218     5.206     0.060         5
   103.987     5.323     0.060         5
   104.792     5.454     0.060         5
   105.573     5.561     0.060         5
   106.367     5.664     0.060         5
   107.145     5.783     0.060         5
   107.922     5.923     0.060         5
   108.694     6.044     0.060         5
   109.479     6.179     0.060         5
   110.264     6.331     0.060         5
   111.041     6.430     0.060         5
   111.977     6.588     0.060         5
   112.748     6.682     0.060         5
   113.509     6.837     0.060         5
   114.308     6.984     0.060         5
   115.118     7.119     0.060         5
   115.924     7.270     0.060         5
   116.714     7.406     0.060         5
   117.496     7.548     0.060         5
   118.292     7.680     0.060         5
   119.080     7.809     0.060         5
   119.889     7.940     0.060         5
   120.696     8.053     0.060         5
   121.508     8.211     0.060         5
   122.310     8.339     0.060         5
   123.109     8.478     0.060         5
   123.894     8.623     0.060         5
   124.685     8.751     0.060         5
   125.473     8.881     0.060         5
   126.248     8.988     0.060         5
   127.030     9.123     0.060         5
   127.969     9.255     0.060         5
   128.770     9.374     0.060         5
   129.575     9.499     0.060         5
    97.041     4.308     0.060        10
    98.146     4.599     0.060        10
   101.231     6.196     0.060        14
   101.993     6.258     0.060        14
   102.763     6.346     0.060        14
   103.522     6.467     0.060        14
   104.313     6.588     0.060        14
   105.107     6.718     0.060        14
   105.891     6.836     0.060        14
   106.679     6.951     0.060        14
   107.457     7.067     0.060        14
   108.234     7.203     0.060        14
   109.005     7.361     0.060        14
   109.791     7.487     0.060        14
   110.579     7.632     0.060        14
   111.353     7.728     0.060        14
   112.128     7.840     0.060        14
   112.899     7.950     0.060        14
   113.671     8.066     0.060        14
   114.469     8.231     0.060        14
   115.279     8.367     0.060        14
   116.085     8.532     0.060        14
   116.875     8.664     0.060        14
   117.657     8.783     0.060        14
   118.443     8.907     0.060        14
   119.241     9.047     0.060        14
   120.051     9.182     0.060        14
   120.857     9.311     0.060        14
   121.670     9.455     0.060        14
   122.471     9.595     0.060        14
   123.270     9.743     0.060        14
   125.312    10.047     0.060        14
   127.342    10.346     0.060        14
   128.606    10.545     0.060        14
   217.691    24.681     0.060        14
   220.680    25.441     0.060        14
   223.936    26.150     0.060        14
   227.435    26.866     0.060        14
   231.423    27.563     0.060        14
   236.382    28.371     0.060        14
   240.442    28.935     0.060        14
    97.353     4.820     0.060        17
   102.461     5.715     0.060        17
   103.987     8.731     0.060        24
   107.295     9.613     0.060        24
   110.103    10.386     0.060        24
   112.899    11.151     0.060        24
   115.279    11.778     0.060        24
   117.496    12.402     0.060        24
   119.889    13.132     0.060        24
   122.310    13.818     0.060        24
   124.836    14.500     0.060        24
   132.295    16.479     0.060        24
   134.725    17.124     0.060        24
   116.875    17.902     0.060        28
   124.206    19.315     0.060        28
   135.680    21.512     0.060        28
    96.859    -1.000     0.000         0
    93.077     2.988     0.060         1
    93.876     2.613     0.060         1
    94.664     2.299     0.060         1
    95.452     2.041     0.060         1
    96.251     1.886     0.060         1
    93.550     3.167     0.060         3
    94.513     2.886     0.060         3
    95.777     2.597     0.060         3
     8.603    16.673     0.060         5
     9.429    16.554     0.060         5
    10.236    16.429     0.060         5
    11.044    16.302     0.060         5
    11.881    16.191     0.060         5
    12.866    16.035     0.060         5
    13.656    15.928     0.060         5
    14.458    15.804     0.060         5
    15.271    15.681     0.060         5
    16.087    15.579     0.060         5
    16.910    15.462     0.060         5
    17.871    15.310     0.060         5
    18.656    15.195     0.060         5
    19.441    15.079     0.060         5
    20.216    14.976     0.060         5
    21.008    14.870     0.060         5
    21.785    14.733     0.060         5
    22.566    14.604     0.060         5
    23.820    14.417     0.060         5
    24.761    14.282     0.060         5
    25.705    14.143     0.060         5
    26.479    14.015     0.060         5
    27.268    13.895     0.060         5
    28.067    13.784     0.060         5
    28.858    13.681     0.060         5
    29.660    13.540     0.060         5
    30.446    13.445     0.060         5
    31.237    13.338     0.060         5
    32.032    13.231     0.060         5
    33.006    13.082     0.060         5
    33.808    12.959     0.060         5
    35.279    12.757     0.060         5
    37.705    12.395     0.060         5
    40.792    11.912     0.060         5
    43.650    11.462     0.060         5
    46.333    11.047     0.060         5
    49.159    10.617     0.060         5
    51.833    10.293     0.060         5
    54.734     9.924     0.060         5
    55.805     9.782     0.060         5
    56.572     9.675     0.060         5
    57.344     9.599     0.060         5
    58.409     9.449     0.060         5
    59.178     9.346     0.060         5
    59.945     9.249     0.060         5
    60.717     9.158     0.060         5
    61.468     9.046     0.060         5
    62.381     8.910     0.060         5
    63.143     8.819     0.060         5
    63.887     8.700     0.060         5
    64.636     8.611     0.060         5
    65.398     8.506     0.060         5
    66.167     8.402     0.060         5
    66.930     8.312     0.060         5
    67.694     8.204     0.060         5
    68.461     8.093     0.060         5
    69.232     8.002     0.060         5
    70.322     7.831     0.060         5
    71.110     7.721     0.060         5
    71.892     7.638     0.060         5
    72.673     7.511     0.060         5
    73.451     7.401     0.060         5
    74.242     7.270     0.060         5
    74.992     7.167     0.060         5
    75.753     7.074     0.060         5
    76.526     6.935     0.060         5
    77.296     6.808     0.060         5
    78.074     6.695     0.060         5
    78.848     6.595     0.060         5
    79.620     6.466     0.060         5
    80.394     6.365     0.060         5
    81.166     6.232     0.060         5
    81.940     6.097     0.060         5
    82.723     5.945     0.060         5
    83.508     5.793     0.060         5
    84.285     5.648     0.060         5
    85.074     5.502     0.060         5
    85.865     5.366     0.060         5
    86.656     5.225     0.060         5
    87.444     5.086     0.060         5
    15.110    16.591     0.060        14
    15.922    16.486     0.060        14
    16.738    16.360     0.060        14
    17.559    16.246     0.060        14
    18.341    16.132     0.060        14
    19.129    16.006     0.060        14
    19.915    15.900     0.060        14
    20.693    15.774     0.060        14
    21.473    15.646     0.060        14
    22.251    15.519     0.060        14
    23.032    15.414     0.060        14
    23.820    15.307     0.060        14
    24.600    15.172     0.060        14
    25.393    15.071     0.060        14
    26.167    14.962     0.060        14
    26.956    14.863     0.060        14
    27.744    14.740     0.060        14
    28.543    14.609     0.060        14
    29.335    14.513     0.060        14
    30.131    14.391     0.060        14
    30.922    14.277     0.060        14
    31.714    14.199     0.060        14
    32.522    14.075     0.060        14
    33.318    13.973     0.060        14
    34.130    13.855     0.060        14
    34.943    13.735     0.060        14
    35.766    13.612     0.060        14
    36.584    13.468     0.060        14
    37.383    13.367     0.060        14
    57.807    10.368     0.060        14
    59.482    10.167     0.060        14
    61.171     9.948     0.060        14
    62.532     9.762     0.060        14
    64.334     9.515     0.060        14
    65.089     9.449     0.060        14
    66.315     9.336     0.060        14
    67.078     9.152     0.060        14
    67.844     9.052     0.060        14
    68.619     8.968     0.060        14
    69.394     8.862     0.060        14
    70.171     8.759     0.060        14
    70.949     8.653     0.060        14
    71.731     8.551     0.060        14
    72.512     8.435     0.060        14
    73.300     8.298     0.060        14
    74.091     8.197     0.060        14
    74.845     8.139     0.060        14
    75.602     7.969     0.060        14
    76.372     7.858     0.060        14
    77.142     7.787     0.060        14
    77.912     7.639     0.060        14
    78.697     7.519     0.060        14
    79.469     7.388     0.060        14
    80.233     7.240     0.060        14
    81.015     7.108     0.060        14
     7.951    28.455     0.060        24
    14.620    26.799     0.060        24
    15.750    26.541     0.060        24
    18.032    26.001     0.060        24
    21.473    25.057     0.060        24
    22.251    24.859     0.060        24
    23.032    24.651     0.060        24
    23.820    24.418     0.060        24
    24.600    24.200     0.060        24
    25.393    24.001     0.060        24
    26.167    23.811     0.060        24
    32.196    22.303     0.060        24
    34.943    21.517     0.060        24
    55.956    16.177     0.060        24
    59.178    15.447     0.060        24
    66.167    13.729     0.060        24
    13.347    28.469     0.060        28
    18.032    27.391     0.060        28
    28.694    25.015     0.060        28
    36.584    23.328     0.060        28
    96.859     1.000     0.000         0
    97.205     1.876     0.060         1
    97.988     2.037     0.060         1
    98.767     2.279     0.060         1
    99.539     2.596     0.060         1
   100.313     2.984     0.060         1
    97.355     2.490     0.060         3
    98.458     2.688     0.060         3
   102.916     3.855     0.060         5
   103.683     3.993     0.060         5
   104.467     4.169     0.060         5
   105.258     4.321     0.060         5
   106.042     4.465     0.060         5
   106.830     4.630     0.060         5
   107.608     4.800     0.060         5
   108.396     4.965     0.060         5
   109.167     5.128     0.060         5
   109.952     5.290     0.060         5
   110.730     5.433     0.060         5
   111.504     5.565     0.060         5
   112.289     5.696     0.060         5
   113.050     5.817     0.060         5
   114.147     6.017     0.060         5
   115.118     6.203     0.060         5
   115.924     6.367     0.060         5
   116.714     6.537     0.060         5
   117.496     6.666     0.060         5
   118.292     6.826     0.060         5
   119.080     6.965     0.060         5
   119.890     7.105     0.060         5
   120.857     7.283     0.060         5
   121.670     7.432     0.060         5
   122.472     7.563     0.060         5
   123.270     7.694     0.060         5
   124.045     7.837     0.060         5
   124.836     7.948     0.060         5
   125.635     8.061     0.060         5
   126.409     8.185     0.060         5
   127.181     8.352     0.060         5
   127.969     8.479     0.060         5
   128.771     8.608     0.060         5
   129.575     8.728     0.060         5
   130.377     8.812     0.060         5
   131.168     8.948     0.060         5
   131.970     9.074     0.060         5
   132.782     9.214     0.060         5
   133.587     9.353     0.060         5
   134.399     9.476     0.060         5
   135.204     9.609     0.060         5
   135.995     9.753     0.060         5
   136.786     9.884     0.060         5
   137.574    10.023     0.060         5
   138.365    10.176     0.060         5
   139.167    10.295     0.060         5
   139.966    10.444     0.060         5
   140.929    10.581     0.060         5
   141.899    10.724     0.060         5
   143.016    10.900     0.060         5
   144.473    11.100     0.060         5
   145.917    11.289     0.060         5
   147.840    11.576     0.060         5
   149.745    11.821     0.060         5
   151.308    12.002     0.060         5
   235.099    26.151     0.060         8
   239.189    26.795     0.060         8
   243.856    27.311     0.060         8
   247.985    27.844     0.060         8
   252.363    28.350     0.060         8
   255.348    28.607     0.060         8
   258.801    28.903     0.060         8
   261.976    29.121     0.060         8
   265.383    29.393     0.060         8
   269.429    29.799     0.060         8
   272.162    30.027     0.060         8
   275.411    30.339     0.060         8
   279.934    30.715     0.060         8
   283.763    31.050     0.060         8
   289.065    31.397     0.060         8
   293.882    32.047     0.060         8
   299.421    33.006     0.060         8
   107.457     5.556     0.060        14
   108.234     5.695     0.060        14
   109.006     5.847     0.060        14
   109.791     5.996     0.060        14
   110.579     6.153     0.060        14
   111.353     6.287     0.060        14
   112.128     6.420     0.060        14
   112.899     6.576     0.060        14
   113.671     6.671     0.060        14
   114.470     6.834     0.060        14
   115.279     7.011     0.060        14
   116.085     7.143     0.060        14
   116.875     7.290     0.060        14
   117.658     7.433     0.060        14
   118.443     7.576     0.060        14
   119.241     7.719     0.060        14
   120.051     7.851     0.060        14
   120.857     7.983     0.060        14
   121.670     8.122     0.060        14
   122.472     8.297     0.060        14
   123.270     8.426     0.060        14
   124.045     8.562     0.060        14
   124.836     8.669     0.060        14
   125.635     8.768     0.060        14
   126.409     8.955     0.060        14
   127.181     9.050     0.060        14
   127.969     9.182     0.060        14
   128.771     9.316     0.060        14
   129.575     9.450     0.060        14
   130.377     9.560     0.060        14
   131.168     9.683     0.060        14
   131.970     9.819     0.060        14
   132.782     9.959     0.060        14
   133.587    10.091     0.060        14
   134.399    10.223     0.060        14
   135.204    10.371     0.060        14
   135.995    10.499     0.060        14
   136.786    10.631     0.060        14
   137.574    10.747     0.060        14
   138.365    10.899     0.060        14
   139.167    11.031     0.060        14
   139.966    11.145     0.060        14
   140.775    11.302     0.060        14
   141.577    11.425     0.060        14
   142.378    11.491     0.060        14
   143.177    11.592     0.060        14
   143.987    11.705     0.060        14
   144.785    11.812     0.060        14
   145.595    11.939     0.060        14
   146.404    12.041     0.060        14
   147.203    12.161     0.060        14
   148.001    12.254     0.060        14
   148.792    12.443     0.060        14
   149.580    12.559     0.060        14
   150.374    12.660     0.060        14
   117.808    11.274     0.060        24
   118.604    11.555     0.060        24
   119.406    11.801     0.060        24
   120.212    12.020     0.060        24
   121.022    12.265     0.060        24
   121.831    12.497     0.060        24
   122.633    12.738     0.060        24
   123.421    12.925     0.060        24
   124.206    13.138     0.060        24
   124.997    13.357     0.060        24
   125.785    13.595     0.060        24
   126.560    13.739     0.060        24
   127.342    13.948     0.060        24
   128.119    14.211     0.060        24
   128.921    14.422     0.060        24
   129.737    14.644     0.060        24
   130.528    14.875     0.060        24
   131.329    15.110     0.060        24
   132.131    15.420     0.060        24
   141.899    18.436     0.060        24
   144.473    19.068     0.060        24
   146.565    19.713     0.060        24
   148.316    20.164     0.060        24
   102.860    -1.000     0.000         0
    99.540     2.779     0.060         1
   100.315     2.414     0.060         1
   101.082     2.063     0.060         1
   101.844     1.879     0.060         1
   102.613     1.784     0.060         1
    28.380    14.499     0.060         5
    32.358    13.921     0.060         5
    36.746    13.241     0.060         5
    56.573    10.398     0.060         5
    59.945     9.963     0.060         5
    61.172     9.815     0.060         5
    62.077     9.696     0.060         5
    62.990     9.573     0.060         5
    64.486     9.347     0.060         5
    65.399     9.264     0.060         5
    66.168     9.135     0.060         5
    66.930     9.027     0.060         5
    67.694     8.926     0.060         5
    68.461     8.819     0.060         5
    69.233     8.709     0.060         5
    70.008     8.644     0.060         5
    70.799     8.495     0.060         5
    71.573     8.401     0.060         5
    72.359     8.290     0.060         5
    73.139     8.171     0.060         5
    73.931     8.063     0.060         5
    74.694     7.947     0.060         5
    75.442     7.827     0.060         5
    76.222     7.757     0.060         5
    76.992     7.565     0.060         5
    77.762     7.469     0.060         5
    78.537     7.348     0.060         5
    79.319     7.237     0.060         5
    80.083     7.117     0.060         5
    80.855     7.011     0.060         5
    81.629     6.866     0.060         5
    82.411     6.729     0.060         5
    83.196     6.612     0.060         5
    83.985     6.444     0.060         5
    84.762     6.340     0.060         5
    85.551     6.172     0.060         5
    86.342     6.077     0.060         5
    87.133     5.930     0.060         5
    87.921     5.816     0.060         5
    88.699     5.679     0.060         5
    89.479     5.571     0.060         5
    90.260     5.468     0.060         5
    91.975     5.131     0.060         5
    93.715     4.761     0.060        10
    94.514     4.468     0.060        10
    95.302     4.225     0.060        10
    96.091     3.973     0.060        10
    96.882     3.728     0.060        10
    97.678     3.482     0.060        10
   102.860     1.000     0.000         0
   103.524     1.847     0.060         1
   104.315     2.078     0.060         1
   105.109     2.401     0.060         1
   105.893     2.774     0.060         1
   112.588     4.483     0.060         5
   113.352     4.657     0.060         5
   114.148     4.825     0.060         5
   114.957     4.988     0.060         5
   115.763     5.141     0.060         5
   116.556     5.310     0.060         5
   117.346     5.463     0.060         5
   118.131     5.616     0.060         5
   118.930     5.742     0.060         5
   119.729     5.874     0.060         5
   120.536     6.015     0.060         5
   121.345     6.163     0.060         5
   122.147     6.319     0.060         5
   122.959     6.469     0.060         5
   124.046     6.690     0.060         5
   125.635     6.979     0.060         5
   127.343     7.250     0.060         5
   129.250     7.523     0.060         5
   131.018     7.768     0.060         5
   132.783     8.046     0.060         5
   134.564     8.380     0.060         5
   136.157     8.676     0.060         5
   138.051     9.010     0.060         5
   139.329     9.246     0.060         5
   140.776     9.466     0.060         5
   142.540     9.708     0.060         5
   143.987     9.903     0.060         5
   145.434    10.141     0.060         5
   147.042    10.365     0.060         5
   148.642    10.584     0.060         5
   150.690    10.846     0.060         5
   226.715    23.023     0.060         5
   229.319    23.573     0.060         5
   231.851    24.007     0.060         5
   234.949    24.513     0.060         5
   271.041    28.534     0.060         5
   274.912    28.911     0.060         5
   278.324    29.164     0.060         5
   283.127    29.558     0.060         5
   286.653    29.849     0.060         5
   291.994    30.384     0.060         5
   299.422    31.592     0.060         5
   303.910    32.277     0.060         5
   249.236    27.101     0.060         8
   252.845    27.388     0.060         8
   256.273    27.577     0.060         8
   260.391    27.862     0.060         8
   263.906    28.236     0.060         8
   268.473    28.746     0.060         8
   273.455    29.189     0.060         8
   277.048    29.430     0.060         8
   281.696    29.783     0.060         8
   106.992     3.112     0.060        10
   107.770     3.331     0.060        10
   108.544     3.529     0.060        10
   109.315     3.714     0.060        10
   110.103     3.910     0.060        10
   110.881     4.090     0.060        10
   108.860    -1.000     0.000         0
   105.726     2.485     0.060         1
   106.517     2.148     0.060         1
   107.293     1.832     0.060         1
   108.078     1.656     0.060         1
   108.773     1.603     0.060         1
   106.678     2.472     0.060         2
   107.454     2.253     0.060         2
   108.227     2.124     0.060         2
    11.706    18.023     0.060         5
    12.544    17.875     0.060         5
    13.347    17.758     0.060         5
    14.143    17.645     0.060         5
    14.946    17.546     0.060         5
    15.751    17.393     0.060         5
    16.738    17.255     0.060         5
    17.559    17.132     0.060         5
    18.656    16.979     0.060         5
    19.442    16.868     0.060         5
    20.532    16.697     0.060         5
    21.320    16.583     0.060         5
    22.101    16.451     0.060         5
    22.878    16.338     0.060         5
    23.656    16.216     0.060         5
    24.600    16.070     0.060         5
    25.705    15.907     0.060         5
    26.480    15.777     0.060         5
    27.268    15.681     0.060         5
    28.379    15.497     0.060         5
    29.184    15.359     0.060         5
    29.973    15.270     0.060         5
    30.922    15.121     0.060         5
    31.714    15.032     0.060         5
    32.522    14.909     0.060         5
    33.318    14.800     0.060         5
    34.131    14.662     0.060         5
    34.943    14.561     0.060         5
    35.767    14.411     0.060         5
    37.545    14.114     0.060         5
    39.983    13.682     0.060         5
    42.419    13.316     0.060         5
    44.288    12.985     0.060         5
    47.591    12.503     0.060         5
    51.048    12.063     0.060         5
    53.068    11.841     0.060         5
    54.126    11.731     0.060         5
    56.107    11.473     0.060         5
    56.882    11.363     0.060         5
    57.656    11.267     0.060         5
    58.410    11.186     0.060         5
    59.178    11.095     0.060         5
    59.945    10.994     0.060         5
    60.717    10.880     0.060         5
    61.469    10.782     0.060         5
    62.228    10.674     0.060         5
    62.990    10.575     0.060         5
    63.734    10.471     0.060         5
    64.485    10.373     0.060         5
    65.251    10.278     0.060         5
    66.009    10.168     0.060         5
    66.783    10.080     0.060         5
    67.694     9.947     0.060         5
    68.461     9.854     0.060         5
    69.233     9.760     0.060         5
    70.007     9.658     0.060         5
    70.799     9.529     0.060         5
    71.573     9.421     0.060         5
    72.358     9.302     0.060         5
    73.139     9.196     0.060         5
    73.930     9.070     0.060         5
    74.694     8.952     0.060         5
    75.442     8.848     0.060         5
    76.222     8.729     0.060         5
    76.992     8.622     0.060         5
    77.762     8.494     0.060         5
    78.536     8.395     0.060         5
    79.319     8.280     0.060         5
    80.083     8.161     0.060         5
    80.854     8.052     0.060         5
    81.629     7.918     0.060         5
    82.723     7.740     0.060         5
    83.508     7.601     0.060         5
    84.286     7.465     0.060         5
    85.074     7.337     0.060         5
    85.865     7.205     0.060         5
    86.656     7.074     0.060         5
    87.445     6.946     0.060         5
    88.233     6.818     0.060         5
    89.013     6.706     0.060         5
    89.794     6.597     0.060         5
    90.564     6.490     0.060         5
    91.355     6.369     0.060         5
    92.136     6.226     0.060         5
    93.077     6.059     0.060         5
     4.704    19.045     0.060         8
     5.867    18.919     0.060         8
     6.825    18.824     0.060         8
     7.628    18.758     0.060         8
     8.441    18.639     0.060         8
     9.268    18.554     0.060         8
    10.075    18.477     0.060         8
    10.880    18.386     0.060         8
    11.706    18.300     0.060         8
    12.544    18.178     0.060         8
    13.347    18.075     0.060         8
    14.143    17.988     0.060         8
    14.946    17.885     0.060         8
    15.751    17.798     0.060         8
    16.574    17.679     0.060         8
    17.398    17.585     0.060         8
    18.341    17.474     0.060         8
    19.130    17.387     0.060         8
    19.915    17.280     0.060         8
    20.693    17.193     0.060         8
    21.474    17.099     0.060         8
    22.566    16.960     0.060         8
    23.821    16.789     0.060         8
    25.393    16.566     0.060         8
    26.641    16.387     0.060         8
    28.544    16.137     0.060         8
    29.973    15.951     0.060         8
    31.714    15.729     0.060         8
    34.131    15.345     0.060         8
    35.931    15.115     0.060         8
    38.357    14.749     0.060         8
    40.631    14.439     0.060         8
    42.570    14.172     0.060         8
    94.979     5.705     0.060        10
    95.778     5.502     0.060        10
    96.567     5.281     0.060        10
    97.355     5.077     0.060        10
    98.148     4.831     0.060        10
    98.919     4.643     0.060        10
    99.691     4.461     0.060        10
   100.465     4.242     0.060        10
   101.232     4.060     0.060        10
   101.994     3.885     0.060        10
   102.764     3.702     0.060        10
   103.523     3.540     0.060        10
    10.075    19.330     0.060        12
    14.305    18.844     0.060        12
    18.656    18.300     0.060        12
    21.320    17.992     0.060        12
    24.761    17.536     0.060        12
    27.745    17.180     0.060        12
    32.196    16.665     0.060        12
    38.519    15.725     0.060        12
    42.731    15.032     0.060        12
    12.544    18.761     0.060        14
    13.656    18.584     0.060        14
    14.946    18.382     0.060        14
    15.751    18.262     0.060        14
    16.574    18.130     0.060        14
    17.398    17.984     0.060        14
    18.183    17.867     0.060        14
    18.979    17.748     0.060        14
    19.754    17.600     0.060        14
    20.532    17.472     0.060        14
    21.320    17.373     0.060        14
    22.101    17.264     0.060        14
    22.878    17.134     0.060        14
    23.656    17.002     0.060        14
    24.442    16.885     0.060        14
    25.232    16.762     0.060        14
    26.329    16.584     0.060        14
    27.118    16.464     0.060        14
    27.906    16.335     0.060        14
    28.694    16.246     0.060        14
    29.496    16.103     0.060        14
    30.285    15.989     0.060        14
    31.076    15.859     0.060        14
    31.878    15.714     0.060        14
    32.683    15.588     0.060        14
    33.482    15.474     0.060        14
    34.292    15.371     0.060        14
    35.931    15.123     0.060        14
    37.057    14.986     0.060        14
    39.170    14.645     0.060        14
    40.792    14.363     0.060        14
    42.570    14.044     0.060        14
    44.288    13.785     0.060        14
    46.334    13.493     0.060        14
    47.903    13.256     0.060        14
    49.472    13.044     0.060        14
    51.048    12.885     0.060        14
    52.444    12.725     0.060        14
    54.126    12.538     0.060        14
    56.261    12.300     0.060        14
    57.032    12.235     0.060        14
    57.807    12.131     0.060        14
    58.568    12.058     0.060        14
    59.332    11.967     0.060        14
    60.107    11.867     0.060        14
    60.868    11.774     0.060        14
    61.619    11.697     0.060        14
    62.381    11.597     0.060        14
    63.144    11.483     0.060        14
    63.888    11.396     0.060        14
    64.636    11.266     0.060        14
    65.399    11.179     0.060        14
    66.168    11.065     0.060        14
    66.930    10.978     0.060        14
    67.694    10.871     0.060        14
    68.461    10.760     0.060        14
    69.233    10.621     0.060        14
    70.007    10.533     0.060        14
    70.799    10.440     0.060        14
    71.573    10.328     0.060        14
    72.358    10.208     0.060        14
    73.139    10.060     0.060        14
    73.930     9.940     0.060        14
    74.694     9.828     0.060        14
    75.442     9.736     0.060        14
    76.222     9.621     0.060        14
    76.992     9.524     0.060        14
    77.762     9.423     0.060        14
    78.536     9.333     0.060        14
    79.319     9.210     0.060        14
    80.083     9.083     0.060        14
    80.854     8.961     0.060        14
    81.629     8.828     0.060        14
    82.411     8.688     0.060        14
    83.196     8.568     0.060        14
    83.985     8.427     0.060        14
    84.762     8.312     0.060        14
    85.550     8.179     0.060        14
    86.342     8.038     0.060        14
    87.133     7.911     0.060        14
    87.921     7.790     0.060        14
    88.699     7.674     0.060        14
    89.479     7.538     0.060        14
    90.260     7.446     0.060        14
    91.030     7.316     0.060        14
    91.821     7.187     0.060        14
     8.277    31.547     0.060        24
    12.379    30.486     0.060        24
    15.600    29.572     0.060        24
    17.075    29.188     0.060        24
    19.442    28.531     0.060        24
    22.878    27.597     0.060        24
    25.705    26.859     0.060        24
    28.067    26.178     0.060        24
    30.131    25.634     0.060        24
    32.683    25.043     0.060        24
    36.745    23.853     0.060        24
    41.922    22.573     0.060        24
    45.066    21.752     0.060        24
    46.964    21.256     0.060        24
    48.533    20.865     0.060        24
    50.887    20.309     0.060        24
    54.581    19.400     0.060        24
    56.882    18.809     0.060        24
    58.568    18.431     0.060        24
    60.257    18.011     0.060        24
    61.773    17.668     0.060        24
    63.287    17.263     0.060        24
    64.942    16.874     0.060        24
    66.474    16.527     0.060        24
    67.995    16.162     0.060        24
    71.732    15.275     0.060        24
    75.442    14.343     0.060        24
    78.536    13.499     0.060        24
    81.016    12.966     0.060        24
    84.450    11.998     0.060        24
    87.133    11.256     0.060        24
    10.548    31.723     0.060        28
    14.784    30.828     0.060        28
    16.574    30.405     0.060        28
    17.398    30.248     0.060        28
    18.183    30.033     0.060        28
    18.979    29.853     0.060        28
    19.754    29.681     0.060        28
    20.532    29.501     0.060        28
    21.320    29.337     0.060        28
    22.101    29.180     0.060        28
    22.878    28.970     0.060        28
    23.656    28.795     0.060        28
    24.442    28.637     0.060        28
    25.232    28.465     0.060        28
    26.017    28.255     0.060        28
    26.795    28.085     0.060        28
    27.594    27.879     0.060        28
    28.379    27.690     0.060        28
    29.184    27.496     0.060        28
    29.973    27.340     0.060        28
    30.761    27.168     0.060        28
    31.553    26.996     0.060        28
    32.358    26.820     0.060        28
    35.280    26.161     0.060        28
    39.331    25.243     0.060        28
    44.288    24.168     0.060        28
   108.860     1.000     0.000         0
   109.030     1.608     0.060         1
   109.794     1.741     0.060         1
   110.581     1.986     0.060         1
   111.355     2.341     0.060         1
   109.030     2.126     0.060         2
   109.794     2.195     0.060         2
   110.581     2.371     0.060         2
   118.604     4.783     0.060         5
   119.729     4.996     0.060         5
   120.535     5.149     0.060         5
   121.345     5.298     0.060         5
   122.147     5.467     0.060         5
   122.959     5.630     0.060         5
   123.733     5.779     0.060         5
   124.522     5.940     0.060         5
   125.313     6.083     0.060         5
   126.098     6.212     0.060         5
   126.872     6.327     0.060         5
   130.052     6.851     0.060         5
   132.621     7.268     0.060         5
   136.157     7.892     0.060         5
   138.215     8.298     0.060         5
   139.490     8.514     0.060         5
   141.416     8.813     0.060         5
   143.339     9.100     0.060         5
   145.434     9.370     0.060         5
   148.478     9.787     0.060         5
   151.470    10.197     0.060         5
   221.097    20.790     0.060         5
   223.205    21.307     0.060         5
   224.657    21.675     0.060         5
   226.123    22.059     0.060         5
   227.877    22.409     0.060         5
   229.595    22.726     0.060         5
   231.283    23.043     0.060         5
   233.125    23.421     0.060         5
   235.379    23.766     0.060         5
   237.832    24.113     0.060         5
   239.658    24.341     0.060         5
   242.274    24.661     0.060         5
   244.769    24.973     0.060         5
   247.520    25.332     0.060         5
   250.939    25.775     0.060         5
   253.634    26.104     0.060         5
   258.167    26.535     0.060         5
   261.339    26.692     0.060         5
   264.562    27.047     0.060         5
   266.863    27.376     0.060         5
   270.558    27.829     0.060         5
   274.422    28.237     0.060         5
   278.163    28.599     0.060         5
   284.890    29.060     0.060         5
   291.830    29.708     0.060         5
   300.332    31.014     0.060         5
   249.859    26.679     0.060         8
   254.096    27.034     0.060         8
   257.842    27.243     0.060         8
   261.178    27.387     0.060         8
   265.552    27.816     0.060         8
   268.801    28.106     0.060         8
   273.616    28.392     0.060         8
   113.832     3.552     0.060        10
   114.634     3.785     0.060        10
   115.441     4.005     0.060        10
   116.244     4.229     0.060        10
   117.026     4.434     0.060        10
   229.746    26.271     0.060        12
   238.423    27.025     0.060        12
   246.734    27.694     0.060        12
   253.795    28.162     0.060        12
   258.801    28.485     0.060        12
   265.222    28.922     0.060        12
   270.074    29.257     0.060        12
   276.227    29.662     0.060        12
   283.603    30.124     0.060        12
   292.785    30.885     0.060        12
   301.382    32.122     0.060        12
   312.355    33.972     0.060        12
   320.523    35.326     0.060        12
   328.108    36.612     0.060        12
   335.373    37.859     0.060        12
   346.354    39.486     0.060        12
   300.332    30.736     0.060        13
   305.159    31.395     0.060        13
   310.632    32.086     0.060        13
   314.070    32.556     0.060        13
   119.729     5.820     0.060        14
   121.509     6.163     0.060        14
   122.959     6.468     0.060        14
   125.162     6.829     0.060        14
   127.181     7.229     0.060        14
   129.737     7.659     0.060        14
   131.655     7.973     0.060        14
   133.426     8.296     0.060        14
   135.204     8.700     0.060        14
   137.424     9.101     0.060        14
   139.654     9.473     0.060        14
   142.064     9.820     0.060        14
   143.826    10.054     0.060        14
   146.082    10.405     0.060        14
   148.642    10.751     0.060        14
   150.690    11.008     0.060        14
   220.554    21.692     0.060        14
   222.068    22.093     0.060        14
   223.356    22.420     0.060        14
   224.808    22.780     0.060        14
   226.274    23.151     0.060        14
   227.877    23.533     0.060        14
   229.028    23.767     0.060        14
   230.716    24.061     0.060        14
   232.128    24.354     0.060        14
   233.692    24.628     0.060        14
   235.099    24.874     0.060        14
   236.522    25.164     0.060        14
   237.982    25.394     0.060        14
   239.504    25.582     0.060        14
   240.593    25.747     0.060        14
   242.120    25.890     0.060        14
   245.976    26.353     0.060        14
   256.735    27.482     0.060        14
   266.043    28.324     0.060        14
   274.586    29.104     0.060        14
   281.217    29.684     0.060        14
   305.783    32.574     0.060        15
   315.005    33.853     0.060        15
   119.567     7.291     0.060        24
   121.345     7.921     0.060        24
   123.271     8.708     0.060        24
   129.086    10.864     0.060        24
   134.889    12.558     0.060        24
   137.900    13.412     0.060        24
   142.701    14.790     0.060        24
   145.272    15.486     0.060        24
   150.375    16.821     0.060        24
   222.204    35.570     0.060        24
   226.414    36.547     0.060        24
   230.993    37.675     0.060        24
   114.812    -1.000     0.000         0
   111.347     2.750     0.060         1
   112.120     2.394     0.060         1
   112.889     2.051     0.060         1
   113.656     1.839     0.060         1
   114.423     1.732     0.060         1
    27.745    16.420     0.060         5
    31.878    15.823     0.060         5
    36.092    15.177     0.060         5
    40.305    14.518     0.060         5
    56.107    12.303     0.060         5
    58.869    11.929     0.060         5
    59.644    11.839     0.060         5
    60.408    11.763     0.060         5
    61.172    11.649     0.060         5
    61.923    11.551     0.060         5
    62.686    11.441     0.060         5
    63.440    11.318     0.060         5
    64.181    11.239     0.060         5
    65.251    11.089     0.060         5
    66.009    10.978     0.060         5
    66.782    10.871     0.060         5
    67.533    10.783     0.060         5
    68.310    10.680     0.060         5
    69.082    10.596     0.060         5
    69.860    10.492     0.060         5
    70.637    10.378     0.060         5
    71.423    10.256     0.060         5
    72.208    10.173     0.060         5
    72.988    10.057     0.060         5
    73.769     9.942     0.060         5
    74.543     9.830     0.060         5
    75.294     9.695     0.060         5
    76.222     9.575     0.060         5
    77.143     9.456     0.060         5
    77.912     9.343     0.060         5
    78.698     9.208     0.060         5
    79.469     9.117     0.060         5
    80.233     8.998     0.060         5
    81.016     8.882     0.060         5
    81.790     8.750     0.060         5
    82.562     8.595     0.060         5
    83.355     8.481     0.060         5
    84.135     8.330     0.060         5
    84.923     8.234     0.060         5
    85.715     8.094     0.060         5
    86.492     7.961     0.060         5
    87.595     7.777     0.060         5
    88.386     7.654     0.060         5
    89.164     7.526     0.060         5
    89.944     7.439     0.060         5
    90.725     7.337     0.060         5
    91.508     7.208     0.060         5
    92.289     7.051     0.060         5
    93.077     6.944     0.060         5
    93.876     6.847     0.060         5
    94.664     6.737     0.060         5
    95.452     6.636     0.060         5
    18.503    18.132     0.060         8
    19.291    18.098     0.060         8
    20.066    17.991     0.060         8
    20.844    17.872     0.060         8
    21.635    17.755     0.060         8
    22.402    17.654     0.060         8
    23.194    17.543     0.060         8
    23.982    17.444     0.060         8
    24.761    17.357     0.060         8
    25.544    17.239     0.060         8
    26.329    17.132     0.060         8
    27.118    17.029     0.060         8
    27.906    16.980     0.060         8
    28.694    16.815     0.060         8
    29.497    16.711     0.060         8
    30.285    16.617     0.060         8
    31.076    16.495     0.060         8
    31.878    16.407     0.060         8
    32.683    16.314     0.060         8
    33.482    16.189     0.060         8
    34.292    16.074     0.060         8
    35.108    15.943     0.060         8
    35.931    15.879     0.060         8
    36.746    15.733     0.060         8
    37.545    15.622     0.060         8
    38.357    15.527     0.060         8
    39.170    15.440     0.060         8
    39.983    15.285     0.060         8
    40.792    15.200     0.060         8
    41.599    15.085     0.060         8
    42.419    15.041     0.060         8
    96.089     6.348     0.060        10
    96.881     6.155     0.060        10
    97.676     5.937     0.060        10
    98.459     5.759     0.060        10
    99.228     5.602     0.060        10
   100.002     5.454     0.060        10
   100.777     5.312     0.060        10
   101.536     5.173     0.060        10
   102.297     5.027     0.060        10
   103.067     4.899     0.060        10
   103.836     4.772     0.060        10
   104.627     4.622     0.060        10
   105.421     4.456     0.060        10
   106.200     4.294     0.060        10
   106.988     4.122     0.060        10
   107.765     3.964     0.060        10
    26.329    17.413     0.060        14
    29.185    17.013     0.060        14
    32.032    16.584     0.060        14
    35.108    16.148     0.060        14
    38.680    15.590     0.060        14
    59.483    12.810     0.060        14
    62.077    12.494     0.060        14
    63.440    12.331     0.060        14
    65.546    12.025     0.060        14
    67.845    11.720     0.060        14
    70.322    11.376     0.060        14
    72.208    11.096     0.060        14
    74.543    10.754     0.060        14
    77.296    10.355     0.060        14
    80.704     9.869     0.060        14
    84.135     9.301     0.060        14
    87.283     8.763     0.060        14
    90.259     8.338     0.060        14
    93.238     7.874     0.060        14
    14.620    31.160     0.060        24
    18.183    30.278     0.060        24
    22.567    29.136     0.060        24
    26.480    28.156     0.060        24
    31.076    27.096     0.060        24
    34.618    26.284     0.060        24
    38.844    25.129     0.060        24
    42.419    24.198     0.060        24
    45.228    23.536     0.060        24
    48.533    22.683     0.060        24
    51.358    21.998     0.060        24
    54.581    21.199     0.060        24
    57.032    20.609     0.060        24
    59.644    19.973     0.060        24
    63.734    18.999     0.060        24
    66.621    18.306     0.060        24
    70.007    17.447     0.060        24
    72.827    16.644     0.060        24
    76.222    15.730     0.060        24
    78.848    15.008     0.060        24
    82.102    14.048     0.060        24
    85.238    13.169     0.060        24
    88.852    12.164     0.060        24
    15.923    31.850     0.060        28
    19.603    31.010     0.060        28
    22.402    30.386     0.060        28
    26.017    29.548     0.060        28
    29.973    28.659     0.060        28
    33.482    27.901     0.060        28
    37.383    27.053     0.060        28
    40.470    26.385     0.060        28
   114.812     1.000     0.000         0
   115.048     1.730     0.060         1
   115.778     1.855     0.060         1
   116.562     2.121     0.060         1
   117.349     2.462     0.060         1
   118.133     2.857     0.060         1
   122.959     4.608     0.060         5
   123.734     4.809     0.060         5
   124.522     4.985     0.060         5
   125.313     5.117     0.060         5
   126.098     5.268     0.060         5
   126.872     5.422     0.060         5
   127.654     5.531     0.060         5
   128.445     5.671     0.060         5
   129.250     5.803     0.060         5
   130.052     5.918     0.060         5
   130.854     6.057     0.060         5
   131.656     6.187     0.060         5
   132.457     6.305     0.060         5
   133.262     6.479     0.060         5
   134.078     6.627     0.060         5
   134.890     6.776     0.060         5
   135.681     6.923     0.060         5
   136.472     7.064     0.060         5
   137.263     7.234     0.060         5
   138.051     7.354     0.060         5
   138.853     7.547     0.060         5
   139.655     7.678     0.060         5
   140.454     7.794     0.060         5
   141.252     7.919     0.060         5
   142.065     8.051     0.060         5
   142.866     8.161     0.060         5
   143.665     8.286     0.060         5
   144.474     8.382     0.060         5
   145.273     8.512     0.060         5
   146.082     8.648     0.060         5
   146.881     8.790     0.060         5
   147.680     8.879     0.060         5
   148.478     9.024     0.060         5
   149.266     9.086     0.060         5
   150.061     9.209     0.060         5
   150.852     9.304     0.060         5
   151.778     9.435     0.060         5
   227.436    21.572     0.060         5
   231.560    22.297     0.060         5
   235.530    22.862     0.060         5
   239.190    23.412     0.060         5
   242.995    23.937     0.060         5
   247.671    24.521     0.060         5
   273.777    27.292     0.060         5
   277.840    27.725     0.060         5
   283.452    28.161     0.060         5
   287.464    28.480     0.060         5
   292.145    29.051     0.060         5
   296.195    29.646     0.060         5
   135.366     7.696     0.060        14
   137.425     8.076     0.060        14
   139.805     8.489     0.060        14
   142.702     8.932     0.060        14
   144.625     9.209     0.060        14
   147.204     9.552     0.060        14
   149.581     9.915     0.060        14
   130.213     9.449     0.060        24
   132.947    10.486     0.060        24
   137.099    11.872     0.060        24
   141.578    13.286     0.060        24
   144.786    14.181     0.060        24
   147.354    15.034     0.060        24
   120.860    -1.000     0.000         0
   118.131     2.527     0.060         1
   118.930     2.202     0.060         1
   119.727     1.968     0.060         1
   120.525     1.867     0.060         1
   118.443     2.666     0.060         2
   119.241     2.439     0.060         2
   120.049     2.303     0.060         2
   120.771     2.261     0.060         2
    29.822    16.943     0.060         5
    32.683    16.521     0.060         5
    34.943    16.170     0.060         5
    38.193    15.663     0.060         5
    40.469    15.349     0.060         5
    57.957    12.886     0.060         5
    60.408    12.608     0.060         5
    64.181    12.108     0.060         5
    67.694    11.628     0.060         5
    69.232    11.425     0.060         5
    70.322    11.270     0.060         5
    71.731    11.081     0.060         5
    72.512    10.951     0.060         5
    73.300    10.853     0.060         5
    74.091    10.743     0.060         5
    74.845    10.629     0.060         5
    75.603    10.517     0.060         5
    76.373    10.439     0.060         5
    77.142    10.314     0.060         5
    77.912    10.196     0.060         5
    78.698    10.095     0.060         5
    79.469     9.988     0.060         5
    80.233     9.862     0.060         5
    81.015     9.759     0.060         5
    81.790     9.636     0.060         5
    82.562     9.546     0.060         5
    83.354     9.414     0.060         5
    84.135     9.286     0.060         5
    84.923     9.158     0.060         5
    85.714     8.994     0.060         5
    86.492     8.865     0.060         5
    87.283     8.775     0.060         5
    88.071     8.651     0.060         5
    88.852     8.591     0.060         5
    89.633     8.435     0.060         5
    90.410     8.315     0.060         5
    91.194     8.203     0.060         5
    91.974     8.095     0.060         5
    92.765     7.946     0.060         5
    93.551     7.817     0.060         5
    94.352     7.707     0.060         5
    95.141     7.564     0.060         5
    95.939     7.450     0.060         5
    96.728     7.206     0.060         5
    97.516     7.026     0.060         5
    98.298     6.814     0.060         5
    99.070     6.663     0.060         5
    99.841     6.478     0.060         5
   100.616     6.302     0.060         5
   101.385     6.179     0.060         5
   102.148     6.064     0.060         5
   102.917     5.936     0.060         5
   103.684     5.821     0.060         5
   104.468     5.700     0.060         5
   105.259     5.569     0.060         5
   106.042     5.439     0.060         5
   106.830     5.318     0.060         5
   107.608     5.215     0.060         5
   108.396     5.059     0.060         5
   109.167     4.931     0.060         5
   109.953     4.803     0.060         5
   110.730     4.664     0.060         5
   111.505     4.529     0.060         5
   112.290     4.413     0.060         5
    13.185    19.591     0.060         8
    13.978    19.496     0.060         8
    14.784    19.393     0.060         8
    15.599    19.302     0.060         8
    16.412    19.218     0.060         8
    17.236    19.082     0.060         8
    18.032    19.003     0.060         8
    18.817    18.934     0.060         8
    19.602    18.854     0.060         8
    20.377    18.650     0.060         8
    21.158    18.600     0.060         8
    21.947    18.500     0.060         8
    22.717    18.442     0.060         8
    23.505    18.287     0.060         8
    24.291    18.187     0.060         8
    25.073    18.088     0.060         8
    25.856    17.967     0.060         8
    26.641    17.867     0.060         8
    27.432    17.747     0.060         8
    28.218    17.633     0.060         8
    29.020    17.528     0.060         8
    29.822    17.431     0.060         8
    30.610    17.331     0.060         8
    31.388    17.206     0.060         8
    32.196    17.098     0.060         8
    33.006    16.924     0.060         8
    33.808    16.878     0.060         8
    34.617    16.754     0.060         8
    35.444    16.649     0.060         8
    36.254    16.532     0.060         8
    37.057    16.413     0.060         8
    37.870    16.267     0.060         8
    38.680    16.190     0.060         8
    39.492    16.035     0.060         8
    40.305    15.976     0.060         8
    41.128    15.828     0.060         8
    41.921    15.751     0.060         8
    42.731    15.647     0.060         8
    57.957    14.045     0.060         8
    60.408    13.842     0.060         8
    62.990    13.599     0.060         8
    66.009    13.318     0.060         8
   113.672     4.152     0.060        10
   114.796     3.855     0.060        10
    30.610    17.354     0.060        14
    33.643    16.893     0.060        14
    37.057    16.363     0.060        14
    39.982    15.941     0.060        14
    67.995    12.208     0.060        14
    70.798    11.844     0.060        14
    72.673    11.573     0.060        14
    74.091    11.362     0.060        14
    74.992    11.227     0.060        14
    75.753    11.120     0.060        14
    76.526    11.016     0.060        14
    77.296    10.929     0.060        14
    78.074    10.825     0.060        14
    78.848    10.732     0.060        14
    79.620    10.609     0.060        14
    80.394    10.446     0.060        14
    81.166    10.338     0.060        14
    81.941    10.207     0.060        14
    82.723    10.079     0.060        14
    83.508     9.975     0.060        14
    84.286     9.823     0.060        14
    85.074     9.695     0.060        14
    85.865     9.570     0.060        14
    86.656     9.453     0.060        14
    87.445     9.335     0.060        14
    88.233     9.228     0.060        14
    89.013     9.100     0.060        14
    89.794     8.990     0.060        14
    90.564     8.895     0.060        14
    91.355     8.760     0.060        14
    92.135     8.644     0.060        14
    93.077     8.470     0.060        14
    93.876     8.363     0.060        14
    94.664     8.268     0.060        14
    95.617     8.080     0.060        14
    96.566     7.876     0.060        14
    97.677     7.628     0.060        14
    98.459     7.494     0.060        14
    99.228     7.218     0.060        14
   100.002     7.064     0.060        14
   100.777     6.901     0.060        14
   101.536     6.790     0.060        14
   102.298     6.696     0.060        14
   103.068     6.584     0.060        14
   103.838     6.464     0.060        14
   104.629     6.331     0.060        14
   105.423     6.174     0.060        14
   106.203     6.056     0.060        14
   106.992     5.932     0.060        14
   107.769     5.828     0.060        14
   108.544     5.666     0.060        14
   109.315     5.510     0.060        14
   110.103     5.396     0.060        14
   110.881     5.234     0.060        14
   111.666     5.080     0.060        14
   112.441     4.959     0.060        14
    48.053    24.226     0.060        24
    50.887    23.522     0.060        24
    54.276    22.663     0.060        24
    56.723    21.979     0.060        24
    68.310    19.059     0.060        24
    72.043    18.083     0.060        24
    92.916    12.268     0.060        24
   104.947     8.651     0.060        24
   109.953     6.786     0.060        24
   113.051     5.674     0.060        24
    32.196    29.398     0.060        28
    37.544    28.144     0.060        28
    42.731    27.023     0.060        28
   107.145     6.871     0.060        30
   107.923     6.597     0.060        30
   108.694     6.329     0.060        30
   109.479     6.062     0.060        30
   110.265     5.796     0.060        30
   111.042     5.513     0.060        30
   111.817     5.240     0.060        30
   112.588     4.960     0.060        30
   113.352     4.684     0.060        30
   114.148     4.359     0.060        30
   120.860     1.000     0.000         0
   121.674     1.978     0.060         1
   122.474     2.212     0.060         1
   123.272     2.517     0.060         1
   121.194     2.276     0.060         2
   121.988     2.404     0.060         2
   129.250     4.672     0.060         5
   130.052     4.803     0.060         5
   130.853     4.942     0.060         5
   131.655     5.088     0.060         5
   132.457     5.241     0.060         5
   133.261     5.369     0.060         5
   134.077     5.525     0.060         5
   134.889     5.678     0.060         5
   135.680     5.845     0.060         5
   136.471     5.985     0.060         5
   137.262     6.157     0.060         5
   138.050     6.307     0.060         5
   138.852     6.478     0.060         5
   139.654     6.628     0.060         5
   140.453     6.765     0.060         5
   141.251     6.901     0.060         5
   142.064     7.044     0.060         5
   142.865     7.178     0.060         5
   143.664     7.268     0.060         5
   144.474     7.397     0.060         5
   145.272     7.528     0.060         5
   146.082     7.662     0.060         5
   146.880     7.794     0.060         5
   147.679     7.880     0.060         5
   148.478     8.004     0.060         5
   149.266     8.119     0.060         5
   150.060     8.205     0.060         5
   150.851     8.308     0.060         5
   151.623     8.435     0.060         5
   152.399     8.528     0.060         5
   153.479     8.639     0.060         5
   233.125    21.874     0.060         5
   236.813    22.400     0.060         5
   281.381    27.024     0.060         5
   286.327    27.432     0.060         5
   291.830    28.029     0.060         5
   294.812    28.522     0.060         5
   299.421    29.290     0.060         5
   304.221    30.031     0.060         5
   251.727    25.139     0.060         8
   255.187    25.348     0.060         8
   258.167    25.506     0.060         8
   261.178    25.684     0.060         8
   263.584    25.889     0.060         8
   267.510    26.302     0.060         8
   272.162    26.672     0.060         8
   126.722     4.104     0.060        10
   127.805     4.346     0.060        10
   128.771     4.551     0.060        10
   252.681    26.069     0.060        12
   253.480    26.095     0.060        12
   254.257    26.139     0.060        12
   255.348    26.188     0.060        12
   256.272    26.243     0.060        12
   257.046    26.292     0.060        12
   257.842    26.324     0.060        12
   258.640    26.312     0.060        12
   259.438    26.340     0.060        12
   260.229    26.354     0.060        12
   261.014    26.405     0.060        12
   261.812    26.446     0.060        12
   262.624    26.523     0.060        12
   263.433    26.569     0.060        12
   264.242    26.618     0.060        12
   265.053    26.687     0.060        12
   265.882    26.799     0.060        12
   266.698    26.891     0.060        12
   267.510    26.974     0.060        12
   268.319    27.055     0.060        12
   269.119    27.130     0.060        12
   269.917    27.175     0.060        12
   270.712    27.267     0.060        12
   271.519    27.311     0.060        12
   272.323    27.363     0.060        12
   273.132    27.408     0.060        12
   273.938    27.444     0.060        12
   274.747    27.471     0.060        12
   275.573    27.528     0.060        12
   276.398    27.579     0.060        12
   277.206    27.629     0.060        12
   278.162    27.688     0.060        12
   278.974    27.756     0.060        12
   279.773    27.837     0.060        12
   280.577    27.877     0.060        12
   281.381    27.926     0.060        12
   282.172    27.962     0.060        12
   283.452    28.050     0.060        12
   286.652    28.318     0.060        12
   291.504    28.790     0.060        12
   299.728    29.748     0.060        12
   128.771     4.960     0.060        14
   129.576     5.124     0.060        14
   130.377     5.272     0.060        14
   131.168     5.445     0.060        14
   131.970     5.579     0.060        14
   132.782     5.729     0.060        14
   133.587     5.903     0.060        14
   134.399     6.074     0.060        14
   135.204     6.225     0.060        14
   135.995     6.342     0.060        14
   136.786     6.490     0.060        14
   137.574     6.659     0.060        14
   138.365     6.814     0.060        14
   139.167     6.989     0.060        14
   139.966     7.130     0.060        14
   140.775     7.256     0.060        14
   141.577     7.389     0.060        14
   142.379     7.558     0.060        14
   143.177     7.694     0.060        14
   143.987     7.777     0.060        14
   144.785     7.903     0.060        14
   145.595     8.051     0.060        14
   146.404     8.160     0.060        14
   147.203     8.288     0.060        14
   148.002     8.391     0.060        14
   148.793     8.503     0.060        14
   149.581     8.626     0.060        14
   150.375     8.746     0.060        14
   151.155     8.848     0.060        14
   151.931     8.949     0.060        14
   152.717     9.056     0.060        14
   153.479     9.146     0.060        14
   227.586    22.079     0.060        14
   231.283    22.625     0.060        14
   235.099    23.217     0.060        14
   238.885    23.771     0.060        14
   133.261     7.650     0.060        24
   136.786     9.013     0.060        24
   139.490    10.180     0.060        24
   142.540    11.180     0.060        24
   145.756    12.131     0.060        24
   148.002    12.783     0.060        24
   150.060    13.315     0.060        24
   130.692     5.982     0.060        30
   131.491     6.265     0.060        30
   132.296     6.533     0.060        30
   133.100     6.857     0.060        30
   133.913     7.152     0.060        30
   134.725     7.414     0.060        30
   135.530     7.736     0.060        30
   136.307     8.067     0.060        30
   137.098     8.406     0.060        30
   137.900     8.679     0.060        30
   138.688     9.066     0.060        30
   139.490     9.377     0.060        30
   140.291     9.685     0.060        30
   141.090    10.020     0.060        30
   141.899    10.375     0.060        30
   126.796    -1.000     0.000         0
   123.894     2.574     0.060         1
   124.684     2.233     0.060         1
   125.471     1.972     0.060         1
   126.239     1.810     0.060         1
   124.205     3.042     0.060         3
   124.996     2.892     0.060         3
   125.781     2.781     0.060         3
   126.536     2.770     0.060         3
     7.790    21.149     0.060         5
    11.881    20.604     0.060         5
    25.543    18.576     0.060         5
    28.544    18.118     0.060         5
    31.388    17.687     0.060         5
    33.808    17.311     0.060         5
    36.584    16.901     0.060         5
    61.021    13.595     0.060         5
    62.990    13.333     0.060         5
    65.708    12.926     0.060         5
    68.149    12.617     0.060         5
    70.799    12.286     0.060         5
    72.827    11.986     0.060         5
    76.058    11.502     0.060         5
    79.158    11.068     0.060         5
    80.233    10.908     0.060         5
    82.261    10.599     0.060         5
    84.762    10.192     0.060         5
    87.284     9.792     0.060         5
    89.945     9.409     0.060         5
    93.239     8.939     0.060         5
    96.252     8.409     0.060         5
    99.070     7.768     0.060         5
   102.918     7.085     0.060         5
   106.043     6.602     0.060         5
   110.104     5.946     0.060         5
   112.750     5.568     0.060         5
   114.310     5.400     0.060         5
   115.603     5.168     0.060         5
   116.877     4.933     0.060         5
   118.132     4.636     0.060         5
   120.052     4.283     0.060         5
    12.379    20.675     0.060         8
    15.271    20.311     0.060         8
    18.656    19.863     0.060         8
    21.635    19.474     0.060         8
    26.017    18.860     0.060         8
    29.184    18.423     0.060         8
    32.358    17.961     0.060         8
    35.606    17.524     0.060         8
    38.357    17.161     0.060         8
    40.792    16.819     0.060         8
    44.127    16.395     0.060         8
    46.173    16.128     0.060         8
    48.372    15.908     0.060         8
    50.414    15.750     0.060         8
    52.294    15.603     0.060         8
    53.068    15.537     0.060         8
    53.822    15.418     0.060         8
    54.581    15.344     0.060         8
    55.340    15.278     0.060         8
    56.107    15.191     0.060         8
    56.882    15.101     0.060         8
    57.958    15.007     0.060         8
    58.719    14.895     0.060         8
    59.483    14.822     0.060         8
    60.257    14.751     0.060         8
    61.021    14.705     0.060         8
    61.773    14.636     0.060         8
    62.532    14.544     0.060         8
    63.287    14.497     0.060         8
    64.041    14.430     0.060         8
    64.795    14.385     0.060         8
    65.547    14.320     0.060         8
    66.315    14.254     0.060         8
    67.078    14.187     0.060         8
    67.845    14.099     0.060         8
    68.620    14.067     0.060         8
    69.394    14.026     0.060         8
    70.172    13.957     0.060         8
    70.949    13.930     0.060         8
    71.732    13.809     0.060         8
    72.512    13.772     0.060         8
   126.796     1.000     0.000         0
   127.063     1.804     0.060         1
   127.814     1.957     0.060         1
   128.611     2.220     0.060         1
   129.414     2.521     0.060         1
   130.215     2.938     0.060         1
   127.505     2.799     0.060         3
   128.287     2.926     0.060         3
   129.089     3.065     0.060         3
   133.262     4.274     0.060         5
   134.077     4.481     0.060         5
   134.890     4.703     0.060         5
   135.681     4.912     0.060         5
   136.472     5.108     0.060         5
   137.263     5.287     0.060         5
   138.051     5.456     0.060         5
   138.853     5.634     0.060         5
   139.654     5.783     0.060         5
   140.453     5.912     0.060         5
   141.252     6.040     0.060         5
   142.064     6.180     0.060         5
   142.866     6.315     0.060         5
   143.664     6.437     0.060         5
   144.474     6.564     0.060         5
   145.273     6.691     0.060         5
   146.082     6.815     0.060         5
   146.881     6.945     0.060         5
   147.679     7.072     0.060         5
   148.478     7.200     0.060         5
   149.266     7.322     0.060         5
   150.060     7.453     0.060         5
   150.851     7.549     0.060         5
   151.624     7.664     0.060         5
   152.399     7.751     0.060         5
   153.175     7.814     0.060         5
   153.937     7.908     0.060         5
   154.695     7.897     0.060         5
   155.463     7.948     0.060         5
   156.233     7.988     0.060         5
   157.000     8.090     0.060         5
   157.744     8.158     0.060         5
   158.467     8.195     0.060         5
   159.159     8.306     0.060         5
   159.785     8.368     0.060         5
   270.238    25.285     0.060         5
   272.971    25.492     0.060         5
   250.470    24.404     0.060         8
   253.327    24.536     0.060         8
   257.842    24.830     0.060         8
   263.111    25.175     0.060         8
   268.473    25.732     0.060         8
   271.519    25.950     0.060         8
   274.422    26.079     0.060         8
   278.488    26.263     0.060         8
   305.159    29.191     0.060        13
   312.667    30.153     0.060        13
   316.405    30.661     0.060        13
   352.068    35.592     0.060        13
   132.785    -1.000     0.000         0
   129.737     2.608     0.060         1
   130.527     2.236     0.060         1
   131.327     1.989     0.060         1
   132.123     1.851     0.060         1
   129.411     3.043     0.060         2
   130.212     2.796     0.060         2
   131.016     2.598     0.060         2
   131.801     2.463     0.060         2
   132.584     2.396     0.060         2
   130.051     3.240     0.060         3
   130.852     3.092     0.060         3
   131.651     2.985     0.060         3
   132.439     2.954     0.060         3
    66.782    13.637     0.060         5
    69.545    13.263     0.060         5
    72.043    12.905     0.060         5
    74.992    12.500     0.060         5
    78.074    12.066     0.060         5
    81.166    11.608     0.060         5
    85.074    11.047     0.060         5
    87.757    10.628     0.060         5
    90.410    10.243     0.060         5
    92.916     9.886     0.060         5
    95.140     9.478     0.060         5
    98.459     8.695     0.060         5
   102.298     8.046     0.060         5
   106.367     7.404     0.060         5
   109.791     6.903     0.060         5
   112.749     6.488     0.060         5
   115.118     6.212     0.060         5
   115.925     6.076     0.060         5
   116.715     5.952     0.060         5
   117.497     5.799     0.060         5
   118.293     5.665     0.060         5
   119.081     5.505     0.060         5
   119.890     5.397     0.060         5
   120.697     5.301     0.060         5
   121.509     5.202     0.060         5
   122.311     5.103     0.060         5
     4.379    22.390     0.060         8
     5.205    22.328     0.060         8
     6.029    22.225     0.060         8
     6.825    22.137     0.060         8
     7.629    22.041     0.060         8
     8.441    21.931     0.060         8
     9.268    21.822     0.060         8
    10.075    21.720     0.060         8
    11.044    21.568     0.060         8
    12.042    21.466     0.060         8
    12.866    21.362     0.060         8
    13.656    21.256     0.060         8
    14.458    21.159     0.060         8
    15.271    21.066     0.060         8
    16.087    20.970     0.060         8
    16.910    20.880     0.060         8
    17.709    20.758     0.060         8
    18.502    20.662     0.060         8
    19.291    20.558     0.060         8
    20.065    20.447     0.060         8
    20.843    20.339     0.060         8
    21.635    20.224     0.060         8
    22.402    20.115     0.060         8
    23.193    20.005     0.060         8
    23.981    19.892     0.060         8
    24.761    19.789     0.060         8
    25.543    19.679     0.060         8
    26.329    19.579     0.060         8
    27.117    19.481     0.060         8
    27.906    19.394     0.060         8
    51.357    16.354     0.060         8
    52.293    16.235     0.060         8
    53.219    16.137     0.060         8
    53.975    16.067     0.060         8
    54.734    16.001     0.060         8
    55.501    15.935     0.060         8
    56.261    15.852     0.060         8
    57.032    15.765     0.060         8
    57.807    15.691     0.060         8
    58.719    15.597     0.060         8
    59.483    15.520     0.060         8
    60.257    15.476     0.060         8
    61.021    15.386     0.060         8
    61.773    15.315     0.060         8
    62.532    15.265     0.060         8
    63.440    15.178     0.060         8
    64.181    15.135     0.060         8
    65.251    15.016     0.060         8
   123.271     4.940     0.060        10
   124.046     4.740     0.060        10
   124.837     4.548     0.060        10
   125.635     4.335     0.060        10
   126.410     4.119     0.060        10
    13.347    36.911     0.060        28
    18.817    35.589     0.060        28
    24.441    34.306     0.060        28
   132.785     1.000     0.000         0
   132.988     1.808     0.060         1
   133.761     1.965     0.060         1
   134.570     2.250     0.060         1
   135.370     2.572     0.060         1
   133.127     2.415     0.060         2
   134.085     2.542     0.060         2
   134.894     2.753     0.060         2
   133.127     2.969     0.060         3
   134.085     3.077     0.060         3
   134.894     3.223     0.060         3
   139.492     4.466     0.060         5
   140.294     4.696     0.060         5
   141.092     4.851     0.060         5
   141.901     5.030     0.060         5
   142.703     5.213     0.060         5
   143.505     5.369     0.060         5
   144.311     5.490     0.060         5
   145.113     5.638     0.060         5
   145.919     5.771     0.060         5
   146.717     5.913     0.060         5
   147.516     6.041     0.060         5
   148.318     6.173     0.060         5
   149.116     6.309     0.060         5
   149.907     6.431     0.060         5
   150.691     6.557     0.060         5
   151.471     6.663     0.060         5
   152.247     6.746     0.060         5
   153.023     6.817     0.060         5
   153.789     6.938     0.060         5
   154.544     6.978     0.060         5
   155.312     6.955     0.060         5
   156.085     7.037     0.060         5
   156.849     7.141     0.060         5
   157.598     7.212     0.060         5
   158.339     7.275     0.060         5
   159.041     7.347     0.060         5
   275.902    24.740     0.060         5
   279.612    25.064     0.060         5
   282.973    25.432     0.060         5
   286.814    25.766     0.060         5
   290.527    26.310     0.060         5
   293.414    26.780     0.060         5
   298.194    27.583     0.060         5
   261.977    24.408     0.060         8
   271.041    25.062     0.060         8
   281.056    25.720     0.060         8
   308.291    28.955     0.060        13
   311.882    29.431     0.060        13
   318.482    30.231     0.060        13
   328.424    31.707     0.060        13
   338.558    33.137     0.060        13
   141.740     5.793     0.060        14
   142.542     5.961     0.060        14
   143.340     6.110     0.060        14
   144.150     6.252     0.060        14
   144.948     6.411     0.060        14
   145.757     6.547     0.060        14
   146.567     6.679     0.060        14
   147.355     6.827     0.060        14
   148.153     6.930     0.060        14
   148.955     7.062     0.060        14
   149.746     7.177     0.060        14
   150.537     7.285     0.060        14
   151.310     7.385     0.060        14
   152.094     7.482     0.060        14
   152.873     7.595     0.060        14
   153.635     7.686     0.060        14
   154.390     7.761     0.060        14
   155.159     7.831     0.060        14
   228.167    22.048     0.060        16
   233.832    22.393     0.060        16
   239.658    22.890     0.060        16
   246.584    23.524     0.060        16
   250.163    23.790     0.060        16
   138.753    -1.000     0.000         0
   135.530     2.836     0.060         1
   136.307     2.480     0.060         1
   137.098     2.242     0.060         1
   137.900     2.100     0.060         1
   138.680     2.039     0.060         1
    11.208    22.165     0.060         5
    14.945    21.624     0.060         5
    19.129    21.021     0.060         5
    22.251    20.574     0.060         5
    26.328    19.975     0.060         5
    29.019    19.609     0.060         5
    32.844    19.032     0.060         5
    35.766    18.561     0.060         5
    38.192    18.181     0.060         5
    41.287    17.731     0.060         5
    44.449    17.286     0.060         5
    47.114    16.924     0.060         5
    49.471    16.640     0.060         5
    52.906    16.191     0.060         5
    57.495    15.633     0.060         5
    60.717    15.238     0.060         5
    63.440    14.872     0.060         5
    66.009    14.560     0.060         5
    69.082    14.155     0.060         5
    71.110    13.893     0.060         5
    73.769    13.524     0.060         5
    76.830    13.094     0.060         5
    79.932    12.661     0.060         5
    84.135    12.018     0.060         5
    87.756    11.431     0.060         5
    91.029    10.953     0.060         5
    94.826    10.483     0.060         5
    95.617    10.279     0.060         5
    96.416    10.098     0.060         5
    97.204     9.921     0.060         5
    97.989     9.745     0.060         5
    98.768     9.566     0.060         5
    99.540     9.385     0.060         5
   100.314     9.265     0.060         5
   101.081     9.146     0.060         5
   101.843     9.016     0.060         5
   102.613     8.891     0.060         5
   103.372     8.775     0.060         5
   104.153     8.675     0.060         5
   104.947     8.556     0.060         5
   105.727     8.440     0.060         5
   106.518     8.333     0.060         5
   107.296     8.209     0.060         5
   108.084     8.054     0.060         5
   108.856     7.977     0.060         5
   109.641     7.821     0.060         5
   110.418     7.717     0.060         5
   111.193     7.626     0.060         5
   111.978     7.529     0.060         5
   112.749     7.420     0.060         5
   113.510     7.359     0.060         5
   114.309     7.263     0.060         5
   115.119     7.145     0.060         5
   115.925     7.013     0.060         5
   116.715     6.885     0.060         5
   117.497     6.749     0.060         5
   118.293     6.590     0.060         5
   119.081     6.460     0.060         5
   119.890     6.364     0.060         5
   120.697     6.278     0.060         5
   121.509     6.187     0.060         5
   122.311     6.098     0.060         5
   123.110     5.975     0.060         5
   123.895     5.832     0.060         5
   124.686     5.700     0.060         5
   125.474     5.544     0.060         5
   126.248     5.405     0.060         5
   127.030     5.253     0.060         5
   127.804     5.101     0.060         5
   128.606     4.969     0.060         5
   129.411     4.826     0.060         5
   130.528     4.558     0.060         5
     3.393    23.336     0.060         8
     6.340    22.972     0.060         8
     9.429    22.588     0.060         8
    12.378    22.235     0.060         8
    14.783    21.950     0.060         8
    17.235    21.624     0.060         8
    20.216    21.262     0.060         8
    23.193    20.928     0.060         8
    26.794    20.426     0.060         8
    31.075    19.848     0.060         8
    34.943    19.356     0.060         8
    39.170    18.749     0.060         8
    51.357    17.211     0.060         8
    54.734    16.789     0.060         8
    57.344    16.511     0.060         8
    60.257    16.194     0.060         8
    63.734    15.891     0.060         8
    66.621    15.621     0.060         8
    69.394    15.404     0.060         8
    72.207    15.099     0.060         8
    76.372    14.674     0.060         8
    80.703    14.312     0.060         8
     8.777    23.382     0.060        14
    12.704    22.763     0.060        14
    16.412    22.249     0.060        14
    20.065    21.734     0.060        14
    23.193    21.279     0.060        14
    26.167    20.868     0.060        14
    29.660    20.376     0.060        14
    32.844    19.910     0.060        14
    35.766    19.460     0.060        14
    39.818    18.816     0.060        14
    57.957    16.455     0.060        14
    60.106    16.178     0.060        14
    61.772    15.987     0.060        14
    63.591    15.746     0.060        14
    65.708    15.470     0.060        14
    67.532    15.226     0.060        14
    69.544    14.974     0.060        14
    71.261    14.727     0.060        14
    73.139    14.484     0.060        14
    74.845    14.242     0.060        14
    76.992    13.952     0.060        14
    79.009    13.641     0.060        14
    81.015    13.362     0.060        14
    83.354    12.999     0.060        14
    85.238    12.680     0.060        14
    87.283    12.370     0.060        14
    89.013    12.117     0.060        14
    90.564    11.874     0.060        14
    92.604    11.546     0.060        14
    94.979    11.191     0.060        14
    97.828    10.512     0.060        14
   100.465     9.973     0.060        14
   102.917     9.582     0.060        14
   105.727     9.138     0.060        14
   107.769     8.856     0.060        14
   109.953     8.566     0.060        14
   112.290     8.276     0.060        14
    10.074    38.828     0.060        24
    13.027    38.026     0.060        24
    15.750    37.391     0.060        24
    18.341    36.675     0.060        24
    21.473    35.841     0.060        24
    24.290    35.127     0.060        24
    26.640    34.427     0.060        24
    29.496    33.741     0.060        24
    57.032    27.113     0.060        24
    59.794    26.381     0.060        24
    62.381    25.699     0.060        24
    65.399    24.902     0.060        24
    67.995    24.212     0.060        24
    70.637    23.508     0.060        24
    74.242    22.623     0.060        24
    78.697    21.486     0.060        24
    81.790    20.775     0.060        24
    84.135    20.137     0.060        24
    86.177    19.557     0.060        24
    90.410    18.453     0.060        24
    93.238    17.707     0.060        24
    95.778    17.077     0.060        24
   105.423    14.434     0.060        24
   110.103    13.205     0.060        24
   116.715    11.129     0.060        29
   117.497    10.827     0.060        29
   118.293    10.473     0.060        29
   119.081    10.144     0.060        29
   119.890     9.800     0.060        29
   120.697     9.468     0.060        29
   121.509     9.061     0.060        29
   122.311     8.779     0.060        29
   123.110     8.474     0.060        29
   123.895     8.175     0.060        29
   124.686     7.868     0.060        29
   125.474     7.552     0.060        29
   126.248     7.264     0.060        29
   127.030     6.979     0.060        29
   127.804     6.728     0.060        29
   128.606     6.436     0.060        29
   129.411     6.099     0.060        29
   130.213     5.789     0.060        29
   131.018     5.566     0.060        29
   131.806     5.287     0.060        29
   132.621     5.063     0.060        29
   115.925    10.628     0.060        30
   117.658     9.977     0.060        30
   119.081     9.360     0.060        30
   119.890     9.049     0.060        30
   120.697     8.727     0.060        30
   121.509     8.377     0.060        30
   122.311     8.104     0.060        30
   123.110     7.766     0.060        30
   123.895     7.478     0.060        30
   124.686     7.175     0.060        30
   125.474     6.900     0.060        30
   126.248     6.591     0.060        30
   127.030     6.334     0.060        30
   127.804     6.025     0.060        30
   128.606     5.730     0.060        30
   129.411     5.450     0.060        30
   138.753     1.000     0.000         0
   138.856     2.033     0.060         1
   139.654     2.178     0.060         1
   140.453     2.415     0.060         1
   141.251     2.734     0.060         1
   144.785     4.260     0.060         5
   145.595     4.453     0.060         5
   146.404     4.628     0.060         5
   147.203     4.786     0.060         5
   148.002     4.938     0.060         5
   148.793     5.097     0.060         5
   149.581     5.248     0.060         5
   150.375     5.379     0.060         5
   151.155     5.515     0.060         5
   151.931     5.640     0.060         5
   152.717     5.739     0.060         5
   153.479     5.857     0.060         5
   154.244     5.932     0.060         5
   155.002     5.943     0.060         5
   155.767     5.966     0.060         5
   156.545     6.083     0.060         5
   157.300     6.186     0.060         5
   158.039     6.264     0.060         5
   158.897     6.353     0.060         5
   159.684     6.451     0.060         5
   160.533     6.510     0.060         5
   218.455    15.369     0.060         5
   220.820    16.034     0.060         5
   223.064    16.698     0.060         5
   224.807    17.237     0.060         5
   227.005    17.803     0.060         5
   229.027    18.212     0.060         5
   231.987    18.743     0.060         5
   235.098    19.260     0.060         5
   238.885    19.792     0.060         5
   258.965    22.267     0.060         5
   263.745    22.733     0.060         5
   270.712    23.722     0.060         5
   276.226    24.093     0.060         5
   280.891    24.468     0.060         5
   286.488    24.950     0.060         5
   293.718    25.824     0.060         5
   298.357    26.583     0.060         5
   302.816    27.208     0.060         5
   234.808    21.609     0.060         8
   241.507    22.168     0.060         8
   246.269    22.522     0.060         8
   250.470    22.826     0.060         8
   255.186    23.056     0.060         8
   258.640    23.253     0.060         8
   264.561    23.652     0.060         8
   268.473    23.934     0.060         8
   272.810    24.227     0.060         8
   277.679    24.494     0.060         8
   281.217    24.705     0.060         8
   284.890    24.967     0.060         8
   312.043    28.528     0.060        13
   320.219    29.663     0.060        13
   339.675    32.504     0.060        13
   349.208    33.715     0.060        13
   359.340    35.261     0.060        13
   217.843    16.318     0.060        14
   220.680    17.102     0.060        14
   224.366    18.154     0.060        14
   228.608    19.082     0.060        14
   232.697    19.740     0.060        14
   233.832    22.691     0.060        25
   240.743    23.315     0.060        25
   247.202    23.784     0.060        25
   253.480    24.010     0.060        25
   259.116    24.290     0.060        25
   266.376    24.789     0.060        25
   274.422    25.258     0.060        25
   283.126    25.786     0.060        25
   293.252    26.916     0.060        25
   304.221    28.506     0.060        25
   310.632    29.473     0.060        25
   144.754    -1.000     0.000         0
   141.414     2.851     0.060         1
   142.223     2.489     0.060         1
   143.012     2.183     0.060         1
   143.818     2.026     0.060         1
   144.576     1.961     0.060         1
   141.575     3.118     0.060         2
   142.376     2.869     0.060         2
   143.173     2.691     0.060         2
   143.978     2.573     0.060         2
   144.631     2.550     0.060         2
    15.271    22.558     0.060         5
    18.656    22.101     0.060         5
    23.343    21.383     0.060         5
    27.117    20.788     0.060         5
    31.237    20.170     0.060         5
    33.807    19.771     0.060         5
    36.906    19.288     0.060         5
    56.107    16.748     0.060         5
    59.482    16.312     0.060         5
    63.286    15.824     0.060         5
    66.167    15.476     0.060         5
    68.770    15.143     0.060         5
    72.043    14.678     0.060         5
    75.143    14.252     0.060         5
    78.848    13.727     0.060         5
    81.940    13.269     0.060         5
    84.286    12.935     0.060         5
   101.843     9.960     0.060         5
   102.613     9.846     0.060         5
   103.372     9.732     0.060         5
   104.152     9.622     0.060         5
   104.946     9.486     0.060         5
   105.727     9.388     0.060         5
   106.518     9.267     0.060         5
   107.295     9.131     0.060         5
   108.084     9.024     0.060         5
   108.855     8.910     0.060         5
   109.640     8.783     0.060         5
   110.418     8.683     0.060         5
   111.192     8.563     0.060         5
   111.978     8.499     0.060         5
   112.749     8.397     0.060         5
   113.510     8.325     0.060         5
   114.309     8.244     0.060         5
   115.118     8.123     0.060         5
   115.925     7.992     0.060         5
   116.715     7.889     0.060         5
   117.497     7.761     0.060         5
   118.293     7.605     0.060         5
   119.081     7.474     0.060         5
   119.890     7.393     0.060         5
   120.697     7.317     0.060         5
   121.509     7.233     0.060         5
   122.311     7.149     0.060         5
   123.110     7.033     0.060         5
   123.895     6.905     0.060         5
   124.686     6.745     0.060         5
   125.474     6.599     0.060         5
   126.249     6.457     0.060         5
   127.031     6.299     0.060         5
   127.805     6.189     0.060         5
   128.607     6.047     0.060         5
   129.412     5.929     0.060         5
   130.214     5.808     0.060         5
   131.018     5.685     0.060         5
   131.806     5.552     0.060         5
   132.622     5.425     0.060         5
   133.426     5.299     0.060         5
   134.239     5.130     0.060         5
   135.043     4.979     0.060         5
   135.842     4.847     0.060         5
    50.575    18.066     0.060         8
    52.906    17.836     0.060         8
    55.652    17.550     0.060         8
    58.718    17.311     0.060         8
    61.619    16.999     0.060         8
    64.636    16.723     0.060         8
    68.461    16.345     0.060         8
    71.893    15.987     0.060         8
    74.393    15.742     0.060         8
    76.677    15.516     0.060         8
    79.318    15.282     0.060         8
    81.478    15.064     0.060         8
    83.984    14.835     0.060         8
    85.865    14.648     0.060         8
    66.167    17.794     0.060        12
    69.232    17.480     0.060        12
    71.110    17.326     0.060        12
    73.615    17.065     0.060        12
    12.206    23.538     0.060        14
    16.086    23.072     0.060        14
    20.216    22.499     0.060        14
    23.981    21.937     0.060        14
    26.955    21.518     0.060        14
    31.237    20.877     0.060        14
    34.781    20.318     0.060        14
    55.501    17.513     0.060        14
    57.032    17.270     0.060        14
    59.332    17.037     0.060        14
    60.867    16.795     0.060        14
    62.839    16.533     0.060        14
    65.089    16.288     0.060        14
    66.782    16.059     0.060        14
    69.082    15.747     0.060        14
    70.798    15.502     0.060        14
    72.988    15.171     0.060        14
    76.372    14.707     0.060        14
    78.375    14.398     0.060        14
    80.233    14.093     0.060        14
    82.411    13.834     0.060        14
   100.465    10.714     0.060        14
   101.232    10.603     0.060        14
   101.994    10.501     0.060        14
   102.764    10.392     0.060        14
   103.523    10.275     0.060        14
   104.314    10.188     0.060        14
   105.108    10.062     0.060        14
   105.891     9.954     0.060        14
   106.679     9.842     0.060        14
   107.607     9.727     0.060        14
   108.395     9.607     0.060        14
   109.167     9.501     0.060        14
   109.952     9.394     0.060        14
   110.730     9.287     0.060        14
   111.504     9.195     0.060        14
   112.440     9.089     0.060        14
   113.201     8.986     0.060        14
   113.997     8.868     0.060        14
   114.796     8.779     0.060        14
   115.602     8.675     0.060        14
   116.395     8.567     0.060        14
   117.188     8.445     0.060        14
   117.970     8.298     0.060        14
   118.766     8.153     0.060        14
   119.568     8.058     0.060        14
   120.374     7.984     0.060        14
   121.184     7.900     0.060        14
   121.986     7.806     0.060        14
   122.798     7.679     0.060        14
   123.583     7.558     0.060        14
   124.368     7.424     0.060        14
   125.162     7.264     0.060        14
   125.947     7.130     0.060        14
   126.722     6.973     0.060        14
   127.493     6.849     0.060        14
   128.281     6.720     0.060        14
   129.086     6.592     0.060        14
   129.888     6.490     0.060        14
   130.693     6.382     0.060        14
   131.491     6.243     0.060        14
   132.296     6.103     0.060        14
   133.101     5.971     0.060        14
    23.655    36.594     0.060        24
    28.543    35.325     0.060        24
    51.672    29.656     0.060        24
    55.956    28.432     0.060        24
    57.495    28.056     0.060        24
    59.644    27.608     0.060        24
    64.942    26.437     0.060        24
    66.782    26.022     0.060        24
    67.844    25.771     0.060        24
    70.007    25.275     0.060        24
    72.207    24.726     0.060        24
    73.769    24.332     0.060        24
    75.602    23.826     0.060        24
    76.992    23.461     0.060        24
    77.761    23.282     0.060        24
    78.536    23.111     0.060        24
    79.318    22.884     0.060        24
    81.015    22.481     0.060        24
    83.984    21.737     0.060        24
    87.756    20.713     0.060        24
    89.944    20.126     0.060        24
    92.289    19.498     0.060        24
   107.607    15.338     0.060        24
   112.749    14.076     0.060        24
   115.764    13.308     0.060        24
   117.970    12.665     0.060        24
   120.697    11.988     0.060        24
   123.110    11.233     0.060        24
   125.947    10.380     0.060        24
   127.805     9.847     0.060        24
   129.576     9.303     0.060        24
    58.568    29.732     0.060        28
    62.077    29.035     0.060        28
    66.930    28.095     0.060        28
    72.512    27.006     0.060        28
    78.073    25.614     0.060        28
    83.045    24.588     0.060        28
    93.238    22.858     0.060        28
    97.989    21.996     0.060        28
   100.777    21.603     0.060        28
   134.400     5.720     0.060        30
   135.204     5.477     0.060        30
   135.995     5.228     0.060        30
   136.786     4.964     0.060        30
   137.574     4.697     0.060        30
   144.754     1.000     0.000         0
   144.979     1.972     0.060         1
   145.762     2.111     0.060         1
   146.568     2.346     0.060         1
   147.355     2.706     0.060         1
   145.131     2.553     0.060         2
   145.922     2.673     0.060         2
   146.883     2.907     0.060         2
   154.545     4.748     0.060         5
   155.314     4.801     0.060         5
   156.087     4.848     0.060         5
   157.004     4.974     0.060         5
   157.751     5.070     0.060         5
   158.628     5.166     0.060         5
   159.583     5.312     0.060         5
   268.158    22.574     0.060         5
   274.911    23.255     0.060         5
   280.098    23.643     0.060         5
   288.262    24.395     0.060         5
   294.497    25.169     0.060         5
   242.119    21.565     0.060         8
   245.239    21.831     0.060         8
   248.458    22.104     0.060         8
   251.574    22.357     0.060         8
   255.187    22.558     0.060         8
   258.479    22.661     0.060         8
   263.272    22.942     0.060         8
   268.158    23.228     0.060         8
   271.683    23.376     0.060         8
   276.226    23.600     0.060         8
   231.423    22.111     0.060        12
   239.969    22.584     0.060        12
   248.770    23.237     0.060        12
   255.971    23.520     0.060        12
   265.713    24.188     0.060        12
   273.132    24.561     0.060        12
   278.810    24.836     0.060        12
   288.101    25.697     0.060        12
   300.934    27.299     0.060        12
   313.905    29.029     0.060        12
   306.885    27.084     0.060        13
   316.877    28.483     0.060        13
   331.371    30.574     0.060        13
   150.731    -1.000     0.000         0
   147.515     2.758     0.060         1
   148.317     2.424     0.060         1
   149.265     2.102     0.060         1
   150.059     1.959     0.060         1
    13.027    23.757     0.060         5
    16.738    23.211     0.060         5
    20.377    22.697     0.060         5
    24.290    22.117     0.060         5
    28.217    21.535     0.060         5
    33.643    20.768     0.060         5
   104.629    10.426     0.060         5
   106.680    10.137     0.060         5
   108.544     9.856     0.060         5
   110.418     9.588     0.060         5
   112.129     9.372     0.060         5
   113.833     9.165     0.060         5
   115.441     8.980     0.060         5
   117.027     8.749     0.060         5
   118.443     8.502     0.060         5
   119.729     8.334     0.060         5
   121.022     8.205     0.060         5
   121.832     8.131     0.060         5
   122.633     8.040     0.060         5
   123.422     7.916     0.060         5
   124.207     7.779     0.060         5
   124.998     7.652     0.060         5
   125.786     7.520     0.060         5
   126.560     7.387     0.060         5
   127.342     7.257     0.060         5
   128.120     7.116     0.060         5
   128.921     6.992     0.060         5
   129.737     6.841     0.060         5
   130.528     6.749     0.060         5
   131.330     6.628     0.060         5
   132.132     6.504     0.060         5
   132.947     6.389     0.060         5
   133.752     6.258     0.060         5
   134.564     6.154     0.060         5
   135.366     6.056     0.060         5
   136.157     5.953     0.060         5
   136.948     5.811     0.060         5
   137.739     5.652     0.060         5
   138.527     5.474     0.060         5
   139.329     5.322     0.060         5
   140.128     5.165     0.060         5
   140.930     5.015     0.060         5
   142.379     4.709     0.060        10
   143.178     4.514     0.060        10
   143.987     4.276     0.060        10
     3.880    25.773     0.060        12
    13.027    24.530     0.060        12
    23.031    23.223     0.060        12
    15.435    23.025     0.060        13
    19.602    22.496     0.060        13
     8.115    24.909     0.060        14
    13.978    24.038     0.060        14
    20.692    23.000     0.060        14
    27.267    22.057     0.060        14
    33.643    21.044     0.060        14
   102.917    10.989     0.060        14
   105.574    10.577     0.060        14
   108.084    10.229     0.060        14
   110.103     9.931     0.060        14
   112.129     9.667     0.060        14
   113.833     9.511     0.060        14
   116.086     9.206     0.060        14
   118.605     8.798     0.060        14
   120.052     8.584     0.060        14
   120.858     8.527     0.060        14
   121.670     8.430     0.060        14
   122.472     8.369     0.060        14
   123.271     8.237     0.060        14
   124.045     8.104     0.060        14
   124.836     7.962     0.060        14
   125.635     7.826     0.060        14
   126.410     7.698     0.060        14
   127.181     7.567     0.060        14
   127.969     7.445     0.060        14
   128.771     7.309     0.060        14
   129.576     7.190     0.060        14
   130.377     7.055     0.060        14
   131.169     6.928     0.060        14
   131.970     6.826     0.060        14
   132.783     6.715     0.060        14
   133.587     6.610     0.060        14
   134.400     6.494     0.060        14
   135.205     6.386     0.060        14
   135.996     6.270     0.060        14
   136.787     6.145     0.060        14
   137.575     6.021     0.060        14
   138.366     5.846     0.060        14
   139.168     5.692     0.060        14
   139.966     5.543     0.060        14
   140.776     5.371     0.060        14
   141.578     5.202     0.060        14
    79.009    24.276     0.060        24
    84.285    22.904     0.060        24
    88.852    21.716     0.060        24
   105.892    17.253     0.060        24
   110.580    16.063     0.060        24
   113.833    15.236     0.060        24
   119.242    13.913     0.060        24
   122.959    12.867     0.060        24
   125.786    12.022     0.060        24
   126.560    11.775     0.060        24
   127.342    11.547     0.060        24
   128.120    11.322     0.060        24
   128.921    11.110     0.060        24
   129.737    10.851     0.060        24
   134.077     9.636     0.060        24
   138.689     6.609     0.060        29
   139.490     6.318     0.060        29
   140.292     6.009     0.060        29
   141.091     5.735     0.060        29
   138.051     6.409     0.060        30
   138.853     6.118     0.060        30
   139.655     5.841     0.060        30
   140.453     5.534     0.060        30
   141.252     5.253     0.060        30
   150.731     1.000     0.000         0
   150.855     1.931     0.060         1
   151.623     2.065     0.060         1
   152.399     2.279     0.060         1
   153.175     2.600     0.060         1
   218.902    13.627     0.060         5
   221.096    14.210     0.060         5
   222.925    14.879     0.060         5
   225.238    15.609     0.060         5
   227.586    16.150     0.060         5
   230.575    16.716     0.060         5
   234.388    17.343     0.060         5
   250.162    19.736     0.060         5
   254.878    20.204     0.060         5
   253.173    21.574     0.060         8
   255.971    21.726     0.060         8
   258.328    21.835     0.060         8
   259.753    21.817     0.060         8
   261.490    21.788     0.060         8
   265.383    22.133     0.060         8
   268.637    22.396     0.060         8
   270.394    22.473     0.060         8
   273.293    22.592     0.060         8
   276.226    22.735     0.060         8
   278.974    22.882     0.060         8
   282.021    23.081     0.060         8
   285.530    23.413     0.060         8
   288.262    23.663     0.060         8
   291.343    23.972     0.060         8
   296.194    24.698     0.060         8
   303.128    25.693     0.060         8
   154.246     3.027     0.060        10
   155.466     3.393     0.060        10
   251.727    22.568     0.060        12
   254.257    22.662     0.060        12
   256.584    22.786     0.060        12
   259.753    22.896     0.060        12
   262.785    22.894     0.060        12
   265.713    22.986     0.060        12
   269.596    23.216     0.060        12
   273.777    23.428     0.060        12
   277.206    23.560     0.060        12
   281.381    23.860     0.060        12
   287.940    24.358     0.060        12
   293.567    25.052     0.060        12
   300.178    26.156     0.060        12
   218.762    14.040     0.060        14
   220.957    14.709     0.060        14
   223.495    15.566     0.060        14
   227.005    16.419     0.060        14
   156.702    -1.000     0.000         0
   154.236     1.972     0.060         1
   154.982     1.608     0.060         1
   155.719     1.388     0.060         1
   156.358     1.302     0.060         1
   103.523    11.719     0.060         5
   106.831    11.237     0.060         5
   111.354    10.588     0.060         5
   114.309    10.278     0.060         5
   118.132     9.675     0.060         5
   120.052     9.452     0.060         5
   123.422     9.065     0.060         5
   124.369     8.920     0.060         5
   125.163     8.777     0.060         5
   125.948     8.652     0.060         5
   126.722     8.520     0.060         5
   127.494     8.400     0.060         5
   128.282     8.281     0.060         5
   129.087     8.186     0.060         5
   129.888     8.054     0.060         5
   130.693     7.923     0.060         5
   132.132     7.722     0.060         5
   133.263     7.545     0.060         5
   134.078     7.457     0.060         5
   134.890     7.358     0.060         5
   135.681     7.256     0.060         5
   136.472     7.137     0.060         5
   137.263     7.034     0.060         5
   138.052     6.902     0.060         5
   138.853     6.767     0.060         5
   141.252     6.249     0.060         5
   143.988     5.681     0.060         5
   146.244     5.189     0.060         5
   148.003     4.642     0.060        10
   149.582     4.255     0.060        10
    13.027    24.403     0.060        13
    19.441    23.653     0.060        13
    25.855    22.834     0.060        13
   120.213     9.746     0.060        14
   122.312     9.544     0.060        14
   123.734     9.291     0.060        14
   124.522     9.155     0.060        14
   125.313     9.023     0.060        14
   126.098     8.896     0.060        14
   126.873     8.773     0.060        14
   127.655     8.677     0.060        14
   128.446     8.540     0.060        14
   129.251     8.418     0.060        14
   130.053     8.275     0.060        14
   130.854     8.179     0.060        14
   131.656     8.054     0.060        14
   132.458     7.975     0.060        14
   133.263     7.865     0.060        14
   134.078     7.748     0.060        14
   134.890     7.611     0.060        14
   135.681     7.509     0.060        14
   136.472     7.434     0.060        14
   137.263     7.311     0.060        14
   138.052     7.183     0.060        14
   138.853     7.020     0.060        14
   139.655     6.868     0.060        14
   140.454     6.721     0.060        14
   141.252     6.587     0.060        14
   142.065     6.445     0.060        14
   142.866     6.268     0.060        14
   143.665     6.078     0.060        14
   145.596     5.632     0.060        14
    76.526    27.093     0.060        24
    82.261    25.546     0.060        24
   118.931    16.120     0.060        24
   122.147    15.244     0.060        24
   129.888    13.024     0.060        24
   156.702     1.000     0.000         0
   157.392     1.379     0.060         1
   158.136     1.637     0.060         1
   158.897     1.974     0.060         1
   217.999    12.624     0.060         5
   219.731    13.076     0.060         5
   221.223    13.483     0.060         5
   222.774    14.000     0.060         5
   224.076    14.463     0.060         5
   225.679    14.890     0.060         5
   227.737    15.351     0.060         5
   229.458    15.714     0.060         5
   231.423    16.081     0.060         5
   233.692    16.530     0.060         5
   235.809    16.939     0.060         5
   237.982    17.235     0.060         5
   239.969    17.496     0.060         5
   287.464    22.674     0.060        13
   299.268    24.278     0.060        13
   218.762    13.226     0.060        14
   221.640    14.192     0.060        14
   225.389    15.174     0.060        14
   230.159    16.154     0.060        14
   235.099    17.041     0.060        14
   220.680    22.737     0.060        24
   222.344    23.289     0.060        24
   223.786    23.821     0.060        24
   233.972    26.944     0.060        24
   235.669    27.384     0.060        24
   238.423    28.234     0.060        24
   241.507    29.203     0.060        24
   162.784    -1.000     0.000         0
   101.232    13.052     0.060         5
   103.372    12.762     0.060         5
   105.727    12.411     0.060         5
   108.543    11.984     0.060         5
   111.354    11.599     0.060         5
   114.309    11.251     0.060         5
   116.876    10.939     0.060         5
   120.213    10.482     0.060         5
   122.798    10.225     0.060         5
   123.583    10.088     0.060         5
   124.368     9.953     0.060         5
   125.162     9.816     0.060         5
   125.947     9.700     0.060         5
   126.722     9.571     0.060         5
   127.493     9.452     0.060         5
   128.281     9.336     0.060         5
   129.086     9.229     0.060         5
   129.888     9.128     0.060         5
   130.693     9.009     0.060         5
   131.491     8.893     0.060         5
   132.296     8.778     0.060         5
   133.101     8.683     0.060         5
   133.913     8.573     0.060         5
   134.725     8.478     0.060         5
   135.530     8.374     0.060         5
   136.307     8.272     0.060         5
   137.098     8.155     0.060         5
   137.900     8.043     0.060         5
   138.688     7.915     0.060         5
   139.490     7.779     0.060         5
   140.291     7.647     0.060         5
   141.090     7.519     0.060         5
   141.900     7.354     0.060         5
   142.701     7.206     0.060         5
   143.503     7.049     0.060         5
   144.309     6.910     0.060         5
   145.111     6.728     0.060         5
   145.917     6.580     0.060         5
   146.716     6.396     0.060         5
   147.679     6.206     0.060         5
   148.478     6.022     0.060         5
   149.266     5.784     0.060         5
   150.059     5.548     0.060         5
   150.850     5.274     0.060         5
   151.622     4.977     0.060         5
   152.397     4.746     0.060         5
   153.172     4.474     0.060         5
   153.932     4.173     0.060         5
   154.687     3.927     0.060         5
   155.452     3.669     0.060         5
   156.369     3.316     0.060         5
   157.127     3.067     0.060         5
    76.372    16.932     0.060         7
    81.166    16.287     0.060         7
    85.238    15.717     0.060         7
    90.563    14.970     0.060         7
    95.939    14.274     0.060         7
   100.153    13.721     0.060         7
   104.467    13.222     0.060         7
   109.167    12.704     0.060         7
   114.309    12.200     0.060         7
     4.056    27.176     0.060         8
     9.751    26.464     0.060         8
    16.248    25.636     0.060         8
    23.820    24.626     0.060         8
    30.130    23.735     0.060         8
   162.784     1.000     0.000         0
   215.921    11.155     0.060         5
   216.357    11.260     0.060         5
   216.976    11.410     0.060         5
   217.691    11.589     0.060         5
   218.455    11.783     0.060         5
   219.185    11.971     0.060         5
   220.148    12.236     0.060         5
   220.820    12.433     0.060         5
   221.500    12.633     0.060         5
   222.204    12.865     0.060         5
   222.925    13.176     0.060         5
   223.646    13.405     0.060         5
   224.366    13.643     0.060         5
   225.098    13.814     0.060         5
   225.829    14.000     0.060         5
   226.564    14.186     0.060         5
   227.295    14.372     0.060         5
   228.027    14.516     0.060         5
   228.748    14.654     0.060         5
   229.458    14.796     0.060         5
   230.159    14.920     0.060         5
   230.856    15.071     0.060         5
   231.700    15.169     0.060         5
   232.407    15.339     0.060         5
   233.125    15.442     0.060         5
   233.832    15.596     0.060         5
   234.948    15.766     0.060         5
   236.239    15.968     0.060         5
   237.691    16.177     0.060         5
   238.885    16.349     0.060         5
   310.009    24.881     0.060        13
   316.877    25.864     0.060        13
   212.751    -1.000     0.000         0
    89.794    22.310     0.060         5
    94.664    21.574     0.060         5
    98.298    20.879     0.060         5
   103.068    20.163     0.060         5
   109.792    19.288     0.060         5
   113.051    18.826     0.060         5
   115.765    18.449     0.060         5
   119.407    17.931     0.060         5
   122.148    17.558     0.060         5
   124.687    17.192     0.060         5
   127.655    16.790     0.060         5
   130.693    16.373     0.060         5
   132.458    16.164     0.060         5
   134.240    15.960     0.060         5
   135.044    15.847     0.060         5
   135.843    15.752     0.060         5
   136.634    15.674     0.060         5
   137.425    15.575     0.060         5
   138.528    15.407     0.060         5
   139.330    15.288     0.060         5
   140.129    15.184     0.060         5
   140.930    15.069     0.060         5
   141.740    14.953     0.060         5
   142.541    14.785     0.060         5
   143.340    14.668     0.060         5
   144.149    14.541     0.060         5
   144.948    14.417     0.060         5
   145.758    14.261     0.060         5
   146.567    14.129     0.060         5
   147.355    14.005     0.060         5
   148.154    13.841     0.060         5
   148.955    13.741     0.060         5
   149.746    13.613     0.060         5
   150.537    13.473     0.060         5
   151.310    13.260     0.060         5
   152.093    13.122     0.060         5
   152.872    12.944     0.060         5
   153.634    12.730     0.060         5
   154.388    12.505     0.060         5
   155.156    12.314     0.060         5
   155.928    12.105     0.060         5
   156.695    11.935     0.060         5
    35.444    29.613     0.060         8
    40.305    28.933     0.060         8
    43.973    28.360     0.060         8
    47.114    27.972     0.060         8
    50.260    27.642     0.060         8
    52.605    27.412     0.060         8
    55.652    27.076     0.060         8
    57.495    26.834     0.060         8
    61.172    26.470     0.060         8
    65.251    25.983     0.060         8
    68.770    25.603     0.060         8
    72.512    25.187     0.060         8
    75.753    24.793     0.060         8
    79.157    24.356     0.060         8
    82.411    23.970     0.060         8
    84.923    23.688     0.060         8
    86.968    23.441     0.060         8
    89.013    23.178     0.060         8
    90.260    23.031     0.060         8
    91.029    22.944     0.060         8
    91.821    22.860     0.060         8
    92.604    22.783     0.060         8
    93.400    22.713     0.060         8
    94.188    22.636     0.060         8
    94.979    22.514     0.060         8
    95.778    22.481     0.060         8
    80.083    24.778     0.060        12
    86.342    23.978     0.060        12
    93.077    23.204     0.060        12
   100.616    20.867     0.060        14
   105.108    20.261     0.060        14
   129.412    16.958     0.060        14
   132.948    16.513     0.060        14
   135.997    16.149     0.060        14
   139.806    15.652     0.060        14
   144.475    14.915     0.060        14
   147.842    14.343     0.060        14
   212.751     1.000     0.000         0
   234.112     7.993     0.060         5
   237.832     8.525     0.060         5
   240.295     8.864     0.060         5
   242.994     9.177     0.060         5
   249.085     9.956     0.060         5
   254.096    10.608     0.060         5
   216.995     2.295     0.060        10
   217.693     2.500     0.060        10
   218.456     2.774     0.060        10
   219.185     3.034     0.060        10
   219.871     3.259     0.060        10
   220.554     3.498     0.060        10
   221.223     3.774     0.060        10
   221.928     4.002     0.060        10
   222.635     4.331     0.060        10
   223.356     4.585     0.060        10
   224.076     4.872     0.060        10
   224.808     5.144     0.060        10
   225.529     5.413     0.060        10
   226.274     5.644     0.060        10
   227.005     5.852     0.060        10
   227.737     6.008     0.060        10
   228.461     6.159     0.060        10
   229.179     6.304     0.060        10
   229.883     6.419     0.060        10
   230.576     6.548     0.060        10
   231.283     6.689     0.060        10
   231.988     6.800     0.060        10
   234.252     8.861     0.060        14
   239.190     9.585     0.060        14
   243.419    10.162     0.060        14
   247.671    10.718     0.060        14
   251.103    11.142     0.060        14
   216.692    -1.000     0.000         0
   104.152    20.465     0.060         5
   109.640    19.671     0.060         5
   113.510    19.247     0.060         5
   117.027    18.859     0.060         5
   122.472    18.093     0.060         5
   127.655    17.278     0.060         5
   135.366    16.265     0.060         5
   140.128    15.611     0.060         5
   144.149    15.021     0.060         5
    23.343    31.589     0.060        13
    28.543    30.916     0.060        13
   216.692     1.000     0.000         0
   242.273     8.526     0.060         5
   242.994     8.620     0.060         5
   243.716     8.720     0.060         5
   244.460     8.820     0.060         5
   245.239     8.928     0.060         5
   245.975     9.023     0.060         5
   246.734     9.133     0.060         5
   247.520     9.256     0.060         5
   248.608     9.415     0.060         5
   250.316     9.610     0.060         5
   252.045     9.817     0.060         5
   253.795     9.971     0.060         5
   257.680    10.306     0.060         5
   259.914    10.462     0.060         5
   262.137    10.647     0.060         5
   264.733    10.930     0.060         5
   267.510    11.256     0.060         5
   271.040    11.639     0.060         5
   274.747    12.004     0.060         5
   277.528    12.302     0.060         5
   280.576    12.509     0.060         5
   283.126    12.746     0.060         5
   285.530    12.956     0.060         5
   288.420    13.274     0.060         5
   292.469    13.814     0.060         5
   297.582    14.727     0.060         5
   303.285    15.694     0.060         5
   310.159    16.785     0.060         5
   280.097    13.747     0.060         8
   283.602    13.992     0.060         8
   286.652    14.188     0.060         8
   290.039    14.442     0.060         8
   292.948    14.759     0.060         8
   296.498    15.267     0.060         8
   299.728    15.725     0.060         8
   303.597    16.278     0.060         8
   307.814    16.864     0.060         8
   312.505    17.538     0.060         8
   315.627    18.005     0.060         8
   221.640     3.035     0.060         9
   222.344     3.358     0.060         9
   223.065     3.651     0.060         9
   223.785     3.976     0.060         9
   224.517     4.254     0.060        10
   225.238     4.495     0.060        10
   225.972     4.769     0.060        10
   222.699    -1.000     0.000         0
   221.497     2.197     0.060         1
   222.199     2.073     0.060         1
    26.017    32.547     0.060         5
    35.443    31.140     0.060         5
    44.761    29.696     0.060         5
    53.369    28.653     0.060         5
    62.076    27.643     0.060         5
    69.081    26.788     0.060         5
    76.526    25.773     0.060         5
    82.411    24.938     0.060         5
    86.026    24.486     0.060         5
    90.563    23.828     0.060         5
    94.825    23.155     0.060         5
    98.459    22.419     0.060         5
   101.994    21.686     0.060         5
   104.946    21.310     0.060         5
   108.084    20.839     0.060         5
   113.050    20.259     0.060         5
   118.293    19.597     0.060         5
   122.959    18.879     0.060         5
   125.948    18.398     0.060         5
   128.922    17.963     0.060         5
   131.971    17.509     0.060         5
   110.103    21.082     0.060         7
   115.925    20.527     0.060         7
   121.345    19.963     0.060         7
   125.636    19.452     0.060         7
   132.296    18.636     0.060         7
   137.901    17.969     0.060         7
    57.957    28.376     0.060         8
    65.250    27.518     0.060         8
    72.358    26.656     0.060         8
    78.375    25.975     0.060         8
    85.238    25.032     0.060         8
    90.259    24.379     0.060         8
    98.768    23.326     0.060         8
   106.203    22.418     0.060         8
   103.522    22.245     0.060        14
   106.203    21.847     0.060        14
   109.479    21.406     0.060        14
   112.588    21.022     0.060        14
   115.118    20.689     0.060        14
   117.970    20.285     0.060        14
   121.832    19.667     0.060        14
   125.163    19.188     0.060        14
   127.970    18.765     0.060        14
   130.214    18.433     0.060        14
   132.622    18.066     0.060        14
   134.890    17.730     0.060        14
   122.311    32.832     0.060        24
   125.948    31.881     0.060        24
   129.412    30.983     0.060        24
   132.458    30.223     0.060        24
   135.681    29.445     0.060        24
   139.655    28.416     0.060        24
   222.699     1.000     0.000         0
   223.212     2.129     0.060         1
   223.939     2.273     0.060         1
   224.659     2.486     0.060         1
   225.390     2.823     0.060         1
   232.698     5.582     0.060         5
   235.379     6.248     0.060         5
   237.982     6.746     0.060         5
   240.744     7.227     0.060         5
   242.704     7.515     0.060         5
   244.460     7.827     0.060         5
   246.583     8.169     0.060         5
   249.085     8.519     0.060         5
   251.102     8.736     0.060         5
   252.845     8.974     0.060         5
   254.728     9.147     0.060         5
   271.040    10.630     0.060         5
   273.616    10.817     0.060         5
   275.573    10.914     0.060         5
   278.162    11.269     0.060         5
   280.891    11.585     0.060         5
   282.497    11.718     0.060         5
   284.564    11.926     0.060         5
   286.488    12.108     0.060         5
   287.940    12.242     0.060         5
   289.556    12.452     0.060         5
   291.829    12.743     0.060         5
   295.113    13.319     0.060         5
   297.278    13.753     0.060         5
   299.575    14.185     0.060         5
   301.863    14.572     0.060         5
   304.371    14.996     0.060         5
   309.073    15.700     0.060         5
   312.978    16.338     0.060         5
   315.928    16.805     0.060         5
   318.632    17.256     0.060         5
   327.946    18.776     0.060         5
   331.054    19.379     0.060         5
   333.675    19.838     0.060         5
   336.492    20.371     0.060         5
   339.833    20.857     0.060         5
   343.654    21.333     0.060         5
   227.738     3.887     0.060        10
   228.749     4.316     0.060        10
   229.596     4.652     0.060        10
   230.300     4.857     0.060        10
   230.993     5.071     0.060        10
   231.700     5.276     0.060        10
   333.369    19.575     0.060        13
   336.492    20.068     0.060        13
   340.306    20.673     0.060        13
   250.470     9.431     0.060        14
   253.795     9.805     0.060        14
   272.649    11.704     0.060        14
   275.411    11.888     0.060        14
   277.840    12.124     0.060        14
   280.098    12.397     0.060        14
   282.333    12.626     0.060        14
   284.239    12.765     0.060        14
   286.327    12.898     0.060        14
   288.581    13.044     0.060        14
   291.668    13.453     0.060        14
   294.812    14.008     0.060        14
   296.963    14.403     0.060        14
   300.025    14.935     0.060        14
   302.655    15.387     0.060        14
   305.943    15.958     0.060        14
   308.912    16.384     0.060        14
   312.043    16.862     0.060        14
   315.155    17.340     0.060        14
   317.995    17.762     0.060        14
   320.684    18.194     0.060        14
   328.733    19.642     0.060        14
   330.285    19.941     0.060        14
   332.768    20.430     0.060        14
   335.688    21.025     0.060        14
   338.095    21.425     0.060        14
   340.934    21.813     0.060        14
   343.654    22.130     0.060        14
   241.055    11.419     0.060        19
   241.819    11.524     0.060        19
   242.553    11.642     0.060        19
   243.717    11.807     0.060        19
   246.268    12.224     0.060        19
   249.235    12.729     0.060        19
   252.045    13.062     0.060        19
   255.348    13.402     0.060        19
   259.914    13.750     0.060        19
   264.733    14.268     0.060        19
   270.073    14.953     0.060        19
   276.398    15.449     0.060        19
   283.287    16.085     0.060        19
   289.226    16.608     0.060        19
   296.813    17.906     0.060        19
   303.909    19.067     0.060        19
   306.884    19.560     0.060        19
   311.416    20.262     0.060        19
   313.905    20.631     0.060        19
   319.746    21.745     0.060        19
   329.358    23.270     0.060        20
   333.072    23.888     0.060        20
   336.806    24.433     0.060        20
   340.614    24.931     0.060        20
   332.451    24.030     0.060        21
   337.288    24.859     0.060        21
   342.197    25.471     0.060        21
   348.091    26.307     0.060        21
   276.886    19.663     0.060        24
   279.447    20.380     0.060        24
   296.662    24.825     0.060        24
   301.382    26.110     0.060        24
   304.060    26.823     0.060        24
   306.731    27.496     0.060        24
   234.665    -1.000     0.000         0
   230.577     3.523     0.060         1
   231.284     3.204     0.060         1
   231.988     2.919     0.060         1
   232.698     2.678     0.060         1
   233.416     2.505     0.060         1
   234.112     2.381     0.060         1
   230.160     4.331     0.060         3
   230.856     4.201     0.060         3
   231.560     4.038     0.060         3
   232.268     3.935     0.060         3
   232.985     3.844     0.060         3
   233.692     3.748     0.060         3
   234.389     3.698     0.060         3
    19.441    35.758     0.060         5
    29.334    34.258     0.060         5
    37.382    32.887     0.060         5
    45.857    31.662     0.060         5
    57.182    30.312     0.060         5
    65.858    29.311     0.060         5
    74.543    28.260     0.060         5
    82.884    27.282     0.060         5
    88.537    26.475     0.060         5
    92.915    25.720     0.060         5
    96.566    24.994     0.060         5
   100.615    24.166     0.060         5
   103.372    23.692     0.060         5
   106.679    23.172     0.060         5
   111.354    22.555     0.060         5
   114.309    22.252     0.060         5
   117.970    21.814     0.060         5
   121.985    21.292     0.060         5
   125.162    20.838     0.060         5
   128.922    20.261     0.060         5
   132.621    19.699     0.060         5
   135.842    19.348     0.060         5
   139.329    18.866     0.060         5
   143.665    18.219     0.060         5
   146.566    17.714     0.060         5
   102.917    23.899     0.060         7
   107.296    23.319     0.060         7
   113.510    22.608     0.060         7
   118.443    22.057     0.060         7
   122.472    21.704     0.060         7
   129.411    20.836     0.060         7
   133.752    20.368     0.060         7
   138.216    19.844     0.060         7
    18.978    34.888     0.060        13
    30.760    33.390     0.060        13
    40.469    32.114     0.060        13
     6.190    38.819     0.060        14
    16.910    37.348     0.060        14
    27.432    35.666     0.060        14
    41.598    33.373     0.060        14
    53.067    32.151     0.060        14
    65.707    30.712     0.060        14
    77.296    29.290     0.060        14
    89.013    27.937     0.060        14
   102.147    25.432     0.060        14
   107.769    24.463     0.060        14
   112.749    23.805     0.060        14
   117.658    23.198     0.060        14
   121.832    22.641     0.060        14
   126.248    22.169     0.060        14
   130.377    21.488     0.060        14
   136.948    20.545     0.060        14
   142.866    19.612     0.060        14
   149.267    18.491     0.060        14
   156.232    16.750     0.060        14
   121.985    37.260     0.060        24
   133.913    35.688     0.060        28
   143.504    33.662     0.060        28
   234.665     1.000     0.000         0
   234.808     2.367     0.060         1
   235.529     2.447     0.060         1
   236.239     2.612     0.060         1
   236.963     2.809     0.060         1
   237.691     3.128     0.060         1
   238.422     3.491     0.060         1
   234.948     3.704     0.060         3
   235.669     3.727     0.060         3
   236.382     3.784     0.060         3
   237.099     3.867     0.060         3
   237.831     3.980     0.060         3
   243.131     5.151     0.060         5
   244.460     5.422     0.060         5
   245.825     5.763     0.060         5
   247.202     6.067     0.060         5
   248.770     6.342     0.060         5
   250.316     6.600     0.060         5
   252.680     6.929     0.060         5
   255.036     7.237     0.060         5
   256.584     7.375     0.060         5
   257.368     7.452     0.060         5
   258.167     7.505     0.060         5
   258.965     7.581     0.060         5
   259.753     7.653     0.060         5
   260.551     7.720     0.060         5
   262.624     7.992     0.060         5
   264.561     8.257     0.060         5
   266.698     8.573     0.060         5
   268.319     8.786     0.060         5
   270.237     8.983     0.060         5
   272.648     9.232     0.060         5
   275.411     9.462     0.060         5
   278.323     9.692     0.060         5
   281.856    10.050     0.060         5
   285.369    10.384     0.060         5
   288.742    10.711     0.060         5
   293.567    11.402     0.060         5
   296.812    12.054     0.060         5
   300.331    12.625     0.060         5
   304.683    13.358     0.060         5
   309.073    14.018     0.060         5
   312.354    14.527     0.060         5
   315.316    14.994     0.060         5
   318.481    15.515     0.060         5
   321.450    16.084     0.060         5
   324.510    16.678     0.060         5
   328.107    17.266     0.060         5
   332.297    17.919     0.060         5
   336.645    18.749     0.060         5
   341.718    19.452     0.060         5
   347.469    20.286     0.060         5
   352.704    21.042     0.060         5
   303.909    13.632     0.060         8
   305.470    13.841     0.060         8
   307.661    14.110     0.060         8
   309.697    14.399     0.060         8
   312.042    14.737     0.060         8
   314.219    15.055     0.060         8
   316.877    15.426     0.060         8
   319.276    15.847     0.060         8
   320.988    16.137     0.060         8
   322.985    16.494     0.060         8
   325.598    16.939     0.060         8
   329.049    17.464     0.060         8
   327.476    17.051     0.060        13
   331.054    17.596     0.060        13
   334.132    18.078     0.060        13
   336.492    18.506     0.060        13
   339.352    18.982     0.060        13
   357.743    21.550     0.060        13
   360.130    21.969     0.060        13
   362.681    22.429     0.060        13
   245.387     6.963     0.060        14
   248.458     7.496     0.060        14
   251.256     7.973     0.060        14
   254.415     8.396     0.060        14
   256.895     8.630     0.060        14
   260.229     9.009     0.060        14
   264.080     9.408     0.060        14
   267.185     9.824     0.060        14
   270.558    10.238     0.060        14
   273.615    10.488     0.060        14
   277.205    10.855     0.060        14
   280.098    11.130     0.060        14
   282.647    11.345     0.060        14
   286.326    11.685     0.060        14
   289.717    12.107     0.060        14
   292.948    12.643     0.060        14
   297.116    13.464     0.060        14
   299.421    13.838     0.060        14
   302.816    14.318     0.060        14
   305.470    14.699     0.060        14
   308.129    15.122     0.060        14
   310.632    15.538     0.060        14
   314.069    16.069     0.060        14
   317.199    16.593     0.060        14
   320.369    17.183     0.060        14
   323.149    17.679     0.060        14
   326.853    18.316     0.060        14
   331.207    18.966     0.060        14
   334.436    19.590     0.060        14
   337.931    20.128     0.060        14
   341.253    20.590     0.060        14
   343.654    20.865     0.060        14
   346.515    21.278     0.060        14
   348.890    21.580     0.060        14
   351.745    21.993     0.060        14
   355.054    22.451     0.060        14
   358.057    22.889     0.060        14
   361.259    23.452     0.060        14
   256.121    12.355     0.060        24
   260.067    13.223     0.060        24
   263.744    13.983     0.060        24
   271.519    15.705     0.060        24
   279.286    17.514     0.060        24
   284.890    18.753     0.060        24
   292.308    20.509     0.060        24
   299.114    22.360     0.060        24
   305.782    24.239     0.060        24
   312.204    26.048     0.060        24
   316.240    27.157     0.060        24
   321.138    28.552     0.060        24
   326.071    29.935     0.060        24
   331.054    31.243     0.060        24
   240.757    -1.000     0.000         0
   237.101     3.210     0.060         1
   237.832     2.929     0.060         1
   238.574     2.664     0.060         1
   239.343     2.473     0.060         1
   240.133     2.368     0.060         1
    32.196    34.464     0.060         5
    38.357    33.539     0.060         5
    45.542    32.435     0.060         5
    52.605    31.644     0.060         5
    61.021    30.695     0.060         5
    68.619    29.716     0.060         5
    77.142    28.684     0.060         5
    84.762    27.653     0.060         5
    91.974    26.574     0.060         5
    96.881    25.701     0.060         5
   102.462    24.646     0.060         5
   110.730    23.536     0.060         5
   121.345    22.222     0.060         5
   127.969    21.265     0.060         5
   133.262    20.558     0.060         5
   138.366    19.944     0.060         5
   218.903     6.878     0.060         5
   220.149     6.924     0.060         5
   221.224     6.932     0.060         5
   221.928     6.948     0.060         5
   222.926     6.892     0.060         5
   223.647     6.843     0.060         5
   224.367     6.768     0.060         5
   225.099     6.679     0.060         5
   225.830     6.558     0.060         5
   226.565     6.464     0.060         5
   227.296     6.370     0.060         5
   228.028     6.245     0.060         5
    95.939    26.486     0.060         8
   103.372    25.350     0.060         8
   110.730    24.452     0.060         8
   117.658    23.784     0.060         8
   124.207    23.122     0.060         8
   228.168     5.915     0.060        10
   228.889     5.798     0.060        10
   229.596     5.670     0.060        10
   230.300     5.503     0.060        10
   230.993     5.350     0.060        10
   231.701     5.179     0.060        10
   232.408     5.030     0.060        10
   233.126     4.866     0.060        10
   233.833     4.665     0.060        10
   234.529     4.486     0.060        10
    13.656    36.097     0.060        13
    21.635    35.158     0.060        13
    38.679    32.887     0.060        13
    48.371    31.757     0.060        13
    55.186    31.105     0.060        13
    61.314    30.470     0.060        13
   121.022    39.207     0.060        24
   123.583    38.581     0.060        24
   240.757     1.000     0.000         0
   241.353     2.380     0.060         1
   242.120     2.538     0.060         1
   242.844     2.762     0.060         1
   243.569     3.026     0.060         1
   247.052     4.574     0.060         5
   248.297     4.854     0.060         5
   249.547     5.154     0.060         5
   250.938     5.442     0.060         5
   252.199     5.653     0.060         5
   253.009     5.785     0.060         5
   253.795     5.896     0.060         5
   254.566     6.004     0.060         5
   255.348     6.104     0.060         5
   256.122     6.198     0.060         5
   256.896     6.267     0.060         5
   257.680     6.349     0.060         5
   258.479     6.415     0.060         5
   259.277     6.494     0.060         5
   260.068     6.573     0.060         5
   260.863     6.657     0.060         5
   261.651     6.755     0.060         5
   262.460     6.836     0.060         5
   263.272     6.926     0.060         5
   264.081     7.042     0.060         5
   264.891     7.146     0.060         5
   265.713     7.277     0.060         5
   266.537     7.400     0.060         5
   267.346     7.476     0.060         5
   268.158     7.576     0.060         5
   268.955     7.677     0.060         5
   270.558     7.905     0.060         5
   272.162     8.037     0.060         5
   275.072     8.362     0.060         5
   277.528     8.599     0.060         5
   279.447     8.779     0.060         5
   281.055     8.901     0.060         5
   282.812     9.080     0.060         5
   284.729     9.273     0.060         5
   286.173     9.401     0.060         5
   287.625     9.562     0.060         5
   289.717     9.730     0.060         5
   292.308    10.064     0.060         5
   294.648    10.457     0.060         5
   297.431    11.045     0.060         5
   303.128    11.980     0.060         5
   307.815    12.727     0.060         5
   312.666    13.436     0.060         5
   317.038    14.107     0.060         5
   321.300    14.909     0.060         5
   324.825    15.522     0.060         5
   329.049    16.276     0.060         5
   332.768    16.920     0.060         5
   335.534    17.460     0.060         5
   339.833    18.128     0.060         5
   344.294    18.754     0.060         5
   348.091    19.325     0.060         5
   351.906    19.876     0.060         5
   301.084    12.301     0.060         8
   305.632    12.933     0.060         8
   308.291    13.249     0.060         8
   311.255    13.666     0.060         8
   314.220    14.121     0.060         8
   317.200    14.545     0.060         8
   320.219    15.085     0.060         8
   322.520    15.486     0.060         8
   325.287    15.923     0.060         8
   328.266    16.379     0.060         8
   334.905    17.246     0.060        13
   339.674    17.905     0.060        13
   344.294    18.545     0.060        13
   358.536    20.676     0.060        13
   361.421    21.182     0.060        13
   364.309    21.782     0.060        13
   367.341    22.465     0.060        13
   371.444    22.994     0.060        13
   374.615    23.345     0.060        13
   252.527     6.529     0.060        14
   255.971     7.013     0.060        14
   259.438     7.429     0.060        14
   262.624     7.730     0.060        14
   281.542     9.941     0.060        14
   284.565    10.190     0.060        14
   288.101    10.551     0.060        14
   291.668    10.989     0.060        14
   295.732    11.633     0.060        14
   299.421    12.204     0.060        14
   303.748    12.928     0.060        14
   307.511    13.527     0.060        14
   310.159    13.971     0.060        14
   313.755    14.555     0.060        14
   317.200    15.138     0.060        14
   322.206    16.028     0.060        14
   325.921    16.776     0.060        14
   330.285    17.438     0.060        14
   333.522    17.965     0.060        14
   336.645    18.485     0.060        14
   340.305    19.097     0.060        14
   343.980    19.590     0.060        14
   347.787    20.176     0.060        14
   358.861    21.651     0.060        14
   362.842    22.407     0.060        14
   260.863    11.530     0.060        24
   277.206    15.197     0.060        24
   281.055    15.912     0.060        24
   286.012    16.918     0.060        24
   295.277    18.936     0.060        24
   299.268    20.215     0.060        24
   303.597    21.427     0.060        24
   310.944    23.702     0.060        24
   312.978    24.258     0.060        24
   315.466    24.916     0.060        24
   318.159    25.708     0.060        24
   321.139    26.593     0.060        24
   324.056    27.424     0.060        24
   326.383    28.107     0.060        24
   328.585    28.735     0.060        24
   331.371    29.471     0.060        24
   294.347    20.524     0.060        28
   302.332    22.273     0.060        28
   310.320    24.082     0.060        28
   317.511    26.060     0.060        28
   322.520    27.488     0.060        28
   325.448    28.177     0.060        28
   328.424    28.909     0.060        28
   332.297    29.859     0.060        28
   246.787    -1.000     0.000         0
   243.717     3.025     0.060         1
   244.461     2.712     0.060         1
   245.240     2.498     0.060         1
   245.975     2.361     0.060         1
   246.732     2.293     0.060         1
   102.917    25.649     0.060         5
   106.680    25.151     0.060         5
   109.315    24.789     0.060         5
   112.440    24.361     0.060         5
   116.245    23.823     0.060         5
   118.930    23.457     0.060         5
   121.345    23.187     0.060         5
   124.522    22.798     0.060         5
   127.969    22.362     0.060         5
   131.018    22.012     0.060         5
   134.564    21.554     0.060         5
   138.215    21.062     0.060         5
   142.866    20.445     0.060         5
   150.376    19.255     0.060         5
   225.529     7.634     0.060         5
   227.006     7.384     0.060         5
   228.749     7.115     0.060         5
   230.440     6.812     0.060         5
   231.851     6.545     0.060         5
   233.265     6.246     0.060         5
   234.529     5.978     0.060         5
   235.379     5.779     0.060         5
   236.673     5.471     0.060         5
   237.541     5.243     0.060         5
    63.733    31.962     0.060         8
    70.798    31.053     0.060         8
    76.057    30.335     0.060         8
    81.790    29.531     0.060         8
    88.071    28.631     0.060         8
    93.077    27.819     0.060         8
    99.069    26.908     0.060         8
   106.368    25.896     0.060         8
   112.128    25.214     0.060         8
   116.715    24.776     0.060         8
   122.472    24.231     0.060         8
   128.771    23.480     0.060         8
   134.564    23.006     0.060         8
   140.615    22.413     0.060         8
    10.715    37.212     0.060        13
    22.402    35.864     0.060        13
    32.357    34.511     0.060        13
    36.906    33.908     0.060        13
    43.812    33.062     0.060        13
    63.143    31.133     0.060        13
    68.920    30.524     0.060        13
    82.102    28.993     0.060        13
   102.298    26.897     0.060        14
   106.203    26.377     0.060        14
   109.315    25.952     0.060        14
   112.440    25.544     0.060        14
   115.119    25.248     0.060        14
   118.293    24.885     0.060        14
   121.986    24.434     0.060        14
   125.313    23.969     0.060        14
   127.805    23.644     0.060        14
   130.213    23.359     0.060        14
   133.913    22.900     0.060        14
   137.739    22.394     0.060        14
   141.578    21.803     0.060        14
   225.239     8.537     0.060        14
   231.284     7.503     0.060        14
   236.240     6.411     0.060        14
   118.443    25.262     0.060        16
   125.474    24.596     0.060        16
   133.101    24.127     0.060        16
   137.424    23.952     0.060        16
   143.826    23.480     0.060        16
   134.564    37.269     0.060        24
   135.530    37.109     0.060        24
   136.472    36.859     0.060        24
   137.901    36.555     0.060        24
   138.689    36.304     0.060        24
   139.490    36.073     0.060        24
   140.292    35.904     0.060        24
   141.416    35.577     0.060        24
   142.379    35.263     0.060        24
   143.987    34.780     0.060        24
   144.947    34.466     0.060        24
   246.787     1.000     0.000         0
   247.366     2.355     0.060         1
   248.146     2.513     0.060         1
   248.920     2.747     0.060         1
   249.708     3.040     0.060         1
   250.470     3.404     0.060         1
   256.122     4.999     0.060         5
   256.896     5.104     0.060         5
   257.681     5.222     0.060         5
   258.479     5.304     0.060         5
   259.277     5.384     0.060         5
   260.068     5.487     0.060         5
   260.863     5.567     0.060         5
   261.651     5.665     0.060         5
   262.460     5.780     0.060         5
   263.272     5.895     0.060         5
   264.081     6.025     0.060         5
   264.891     6.180     0.060         5
   265.713     6.328     0.060         5
   266.537     6.468     0.060         5
   267.346     6.617     0.060         5
   269.275     6.833     0.060         5
   271.355     7.068     0.060         5
   273.777     7.294     0.060         5
   276.226     7.503     0.060         5
   278.162     7.688     0.060         5
   280.738     7.927     0.060         5
   283.602     8.249     0.060         5
   285.684     8.428     0.060         5
   287.789     8.631     0.060         5
   289.717     8.835     0.060         5
   292.469     9.199     0.060         5
   294.648     9.593     0.060         5
   298.040    10.215     0.060         5
   300.332    10.639     0.060         5
   302.171    10.965     0.060         5
   304.844    11.426     0.060         5
   307.976    11.936     0.060         5
   310.793    12.389     0.060         5
   313.292    12.769     0.060         5
   316.240    13.250     0.060         5
   319.276    13.833     0.060         5
   322.671    14.462     0.060         5
   325.126    14.854     0.060         5
   328.585    15.423     0.060         5
   332.604    16.050     0.060         5
   336.970    16.830     0.060         5
   316.716    13.782     0.060         8
   320.684    14.322     0.060         8
   324.975    14.995     0.060         8
   328.266    15.528     0.060         8
   332.450    16.197     0.060         8
   336.492    16.871     0.060         8
   340.933    17.530     0.060         8
   344.612    18.046     0.060         8
   348.091    18.580     0.060         8
   350.953    19.035     0.060         8
   343.001    17.591     0.060        13
   346.840    18.169     0.060        13
   350.484    18.739     0.060        13
   373.814    22.526     0.060        13
   376.220    22.677     0.060        13
   256.273     6.039     0.060        14
   261.178     6.637     0.060        14
   264.081     7.077     0.060        14
   264.891     7.206     0.060        14
   265.713     7.349     0.060        14
   266.537     7.467     0.060        14
   267.346     7.634     0.060        14
   268.158     7.753     0.060        14
   268.955     7.864     0.060        14
   270.558     8.115     0.060        14
   271.355     8.197     0.060        14
   273.455     8.406     0.060        14
   275.573     8.588     0.060        14
   276.886     8.746     0.060        14
   277.679     8.858     0.060        14
   278.488     8.937     0.060        14
   279.286     9.013     0.060        14
   280.098     9.118     0.060        14
   280.891     9.183     0.060        14
   281.696     9.268     0.060        14
   282.497     9.348     0.060        14
   283.287     9.443     0.060        14
   284.089     9.489     0.060        14
   285.369     9.648     0.060        14
   287.139     9.798     0.060        14
   287.940     9.894     0.060        14
   288.743     9.964     0.060        14
   289.556    10.052     0.060        14
   290.365    10.150     0.060        14
   291.182    10.271     0.060        14
   291.994    10.388     0.060        14
   292.784    10.476     0.060        14
   293.567    10.651     0.060        14
   294.347    10.807     0.060        14
   295.113    10.940     0.060        14
   295.882    11.080     0.060        14
   296.662    11.224     0.060        14
   297.431    11.365     0.060        14
   298.193    11.476     0.060        14
   298.961    11.621     0.060        14
   299.728    11.735     0.060        14
   300.482    11.845     0.060        14
   301.232    11.963     0.060        14
   302.021    12.139     0.060        14
   302.816    12.228     0.060        14
   303.598    12.368     0.060        14
   304.371    12.505     0.060        14
   305.159    12.623     0.060        14
   305.944    12.769     0.060        14
   306.731    12.931     0.060        14
   307.511    13.033     0.060        14
   308.291    13.151     0.060        14
   309.074    13.265     0.060        14
   309.847    13.369     0.060        14
   310.632    13.508     0.060        14
   311.416    13.622     0.060        14
   312.204    13.740     0.060        14
   312.978    13.911     0.060        14
   313.755    14.011     0.060        14
   314.531    14.123     0.060        14
   315.316    14.283     0.060        14
   316.090    14.392     0.060        14
   316.877    14.555     0.060        14
   317.672    14.684     0.060        14
   318.481    14.806     0.060        14
   319.276    14.967     0.060        14
   320.058    15.133     0.060        14
   320.835    15.225     0.060        14
   321.604    15.356     0.060        14
   322.370    15.501     0.060        14
   323.150    15.644     0.060        14
   323.905    15.739     0.060        14
   324.671    15.887     0.060        14
   325.448    16.035     0.060        14
   326.233    16.195     0.060        14
   327.004    16.331     0.060        14
   327.799    16.466     0.060        14
   328.585    16.612     0.060        14
   329.357    16.737     0.060        14
   330.124    16.860     0.060        14
   330.903    16.991     0.060        14
   331.675    17.151     0.060        14
   332.450    17.326     0.060        14
   333.225    17.428     0.060        14
   333.979    17.551     0.060        14
   334.741    17.671     0.060        14
   335.534    17.833     0.060        14
   336.327    17.959     0.060        14
   337.134    18.056     0.060        14
   337.931    18.204     0.060        14
   338.718    18.316     0.060        14
   339.513    18.439     0.060        14
   340.305    18.549     0.060        14
   341.092    18.661     0.060        14
   341.882    18.783     0.060        14
   342.686    18.903     0.060        14
   343.490    19.020     0.060        14
   344.294    19.117     0.060        14
   345.090    19.206     0.060        14
   345.878    19.348     0.060        14
   346.679    19.463     0.060        14
   347.470    19.593     0.060        14
   348.255    19.708     0.060        14
   349.044    19.850     0.060        14
   349.842    19.988     0.060        14
   350.645    20.129     0.060        14
   351.434    20.241     0.060        14
   352.229    20.382     0.060        14
   293.099    16.811     0.060        24
   295.277    17.434     0.060        24
   301.084    18.982     0.060        24
   303.128    19.639     0.060        24
   306.570    20.595     0.060        24
   308.444    21.142     0.060        24
   315.155    23.069     0.060        24
   317.200    23.655     0.060        24
   332.297    28.230     0.060        24
   334.741    28.888     0.060        24
   338.407    29.948     0.060        24
   341.882    30.931     0.060        24
   344.133    31.619     0.060        24
   346.203    32.180     0.060        24
   318.954    25.172     0.060        28
   322.055    25.868     0.060        28
   325.448    26.746     0.060        28
   252.812    -1.000     0.000         0
   249.708     2.934     0.060         1
   250.471     2.565     0.060         1
   251.257     2.332     0.060         1
   252.046     2.168     0.060         1
   252.749     2.125     0.060         1
   250.632     3.194     0.060         2
   251.411     3.035     0.060         2
   252.199     2.943     0.060         2
   250.013     3.968     0.060         3
   250.785     3.843     0.060         3
   251.575     3.724     0.060         3
    55.501    33.073     0.060         5
    61.468    32.325     0.060         5
    70.799    31.177     0.060         5
    76.222    30.530     0.060         5
    81.790    29.837     0.060         5
    87.921    28.959     0.060         5
    94.038    27.962     0.060         5
   100.153    26.973     0.060         5
   105.108    26.190     0.060         5
   110.104    25.500     0.060         5
   115.280    24.876     0.060         5
   120.858    24.295     0.060         5
   125.474    23.714     0.060         5
   225.530     8.660     0.060         5
   227.146     8.431     0.060         5
   229.459     8.061     0.060         5
   231.424     7.726     0.060         5
   233.553     7.359     0.060         5
   234.949     7.059     0.060         5
   236.383     6.788     0.060         5
   238.123     6.424     0.060         5
   239.820     6.076     0.060         5
   241.669     5.683     0.060         5
   242.845     5.419     0.060         5
    69.545    31.674     0.060         8
    74.092    31.106     0.060         8
    78.224    30.562     0.060         8
    83.355    29.862     0.060         8
    89.013    29.076     0.060         8
    95.453    28.192     0.060         8
   104.314    26.923     0.060         8
   109.316    26.361     0.060         8
   117.027    25.447     0.060         8
   124.686    24.540     0.060         8
   130.854    23.669     0.060         8
   137.740    22.928     0.060         8
   142.380    22.340     0.060         8
   146.881    21.731     0.060         8
   151.156    20.968     0.060         8
   223.356     9.978     0.060        14
   225.831     9.695     0.060        14
   228.028     9.376     0.060        14
   230.440     8.937     0.060        14
   233.126     8.460     0.060        14
   235.670     7.979     0.060        14
   238.273     7.436     0.060        14
   241.056     6.824     0.060        14
   242.705     6.356     0.060        14
   138.216    37.840     0.060        24
   224.368    13.924     0.060        24
   226.565    13.277     0.060        24
   228.609    12.731     0.060        24
   230.300    12.264     0.060        24
   231.701    11.863     0.060        24
   233.553    11.297     0.060        24
   234.253     7.717     0.060        30
   234.949     7.540     0.060        30
   235.670     7.349     0.060        30
   236.383     7.163     0.060        30
   237.101     6.985     0.060        30
   237.832     6.819     0.060        30
   238.575     6.613     0.060        30
   252.812     1.000     0.000         0
   253.179     2.155     0.060         1
   253.949     2.290     0.060         1
   254.728     2.501     0.060         1
   255.499     2.836     0.060         1
   256.273     3.228     0.060         1
   253.179     2.897     0.060         2
   253.949     2.989     0.060         2
   259.277     3.996     0.060         5
   260.068     4.119     0.060         5
   260.863     4.243     0.060         5
   261.651     4.352     0.060         5
   262.460     4.494     0.060         5
   263.272     4.638     0.060         5
   264.081     4.781     0.060         5
   264.892     4.928     0.060         5
   265.714     5.081     0.060         5
   266.538     5.236     0.060         5
   267.347     5.368     0.060         5
   268.159     5.517     0.060         5
   268.955     5.661     0.060         5
   269.750     5.773     0.060         5
   270.558     5.882     0.060         5
   271.355     5.958     0.060         5
   272.162     6.018     0.060         5
   272.971     6.093     0.060         5
   273.777     6.178     0.060         5
   274.586     6.222     0.060         5
   275.412     6.281     0.060         5
   276.227     6.366     0.060         5
   277.048     6.441     0.060         5
   277.840     6.543     0.060         5
   278.649     6.668     0.060         5
   279.447     6.744     0.060         5
   280.262     6.817     0.060         5
   281.056     6.918     0.060         5
   281.857     6.990     0.060         5
   282.648     7.040     0.060         5
   283.452     7.141     0.060         5
   284.240     7.209     0.060         5
   285.044     7.282     0.060         5
   285.848     7.390     0.060         5
   286.652     7.466     0.060         5
   287.464     7.559     0.060         5
   288.262     7.638     0.060         5
   289.065     7.723     0.060         5
   289.879     7.825     0.060         5
   290.688     7.933     0.060         5
   291.669     8.048     0.060         5
   292.949     8.230     0.060         5
   294.183     8.448     0.060         5
   295.428     8.689     0.060         5
   296.813     8.973     0.060         5
   298.040     9.187     0.060         5
   299.728     9.471     0.060         5
   300.633     9.597     0.060         5
   302.172     9.856     0.060         5
   303.598    10.112     0.060         5
   304.998    10.327     0.060         5
   306.420    10.571     0.060         5
   307.815    10.770     0.060         5
   309.224    11.012     0.060         5
   310.482    11.207     0.060         5
   312.043    11.444     0.060         5
   313.443    11.679     0.060         5
   314.532    11.854     0.060         5
   316.241    12.134     0.060         5
   317.834    12.398     0.060         5
   319.427    12.683     0.060         5
   320.523    12.896     0.060         5
   322.370    13.263     0.060         5
   324.056    13.546     0.060         5
   325.287    13.768     0.060         5
   327.004    14.078     0.060         5
   328.585    14.382     0.060         5
   330.124    14.679     0.060         5
   310.321    11.926     0.060         8
   313.132    12.320     0.060         8
   315.316    12.608     0.060         8
   317.834    12.982     0.060         8
   320.058    13.305     0.060         8
   322.056    13.611     0.060         8
   324.210    13.928     0.060         8
   326.233    14.270     0.060         8
   328.108    14.606     0.060         8
   331.054    15.068     0.060         8
   332.768    15.339     0.060         8
   334.905    15.689     0.060         8
   336.492    15.959     0.060         8
   338.407    16.269     0.060         8
   340.145    16.518     0.060         8
   341.882    16.703     0.060         8
   344.294    16.950     0.060         8
   346.203    17.219     0.060         8
   347.938    17.488     0.060         8
   350.003    17.819     0.060         8
   344.927    16.930     0.060        13
   355.369    18.528     0.060        13
   361.894    19.618     0.060        13
   260.068     5.010     0.060        14
   263.272     5.585     0.060        14
   265.883     6.049     0.060        14
   268.638     6.495     0.060        14
   272.488     6.991     0.060        14
   276.398     7.397     0.060        14
   280.098     7.778     0.060        14
   282.812     8.008     0.060        14
   286.327     8.407     0.060        14
   288.743     8.710     0.060        14
   291.830     9.143     0.060        14
   294.347     9.551     0.060        14
   297.278    10.072     0.060        14
   301.702    10.792     0.060        14
   304.998    11.293     0.060        14
   308.444    11.890     0.060        14
   311.567    12.439     0.060        14
   314.220    12.850     0.060        14
   317.200    13.325     0.060        14
   319.277    13.696     0.060        14
   323.605    14.485     0.060        14
   328.585    15.389     0.060        14
   333.522    16.220     0.060        14
   261.812     7.404     0.060        24
   264.562     8.135     0.060        24
   268.802     9.392     0.060        24
   271.519    10.146     0.060        24
   293.882    15.133     0.060        24
   297.278    15.918     0.060        24
   299.575    16.630     0.060        24
   301.544    17.163     0.060        24
   303.598    17.765     0.060        24
   306.420    18.476     0.060        24
   309.224    19.266     0.060        24
   311.731    19.977     0.060        24
   264.830    -1.000     0.000         0
   262.946     1.849     0.060         1
   263.744     1.605     0.060         1
   264.560     1.486     0.060         1
   262.298     2.594     0.060         3
   263.110     2.418     0.060         3
   263.905     2.302     0.060         3
   264.729     2.269     0.060         3
    93.400    29.837     0.060         5
    96.251    29.233     0.060         5
    99.540    28.598     0.060         5
   102.462    28.111     0.060         5
   105.892    27.608     0.060         5
   109.953    27.026     0.060         5
   113.997    26.506     0.060         5
   118.293    25.991     0.060         5
   128.120    24.606     0.060         5
   135.205    23.770     0.060         5
   137.901    23.493     0.060         5
   141.252    22.974     0.060         5
   143.178    22.671     0.060         5
   146.082    22.215     0.060         5
   225.239    10.543     0.060         5
   225.973    10.409     0.060         5
   226.715    10.255     0.060         5
   227.436    10.194     0.060         5
   228.168    10.126     0.060         5
   228.889     9.997     0.060         5
   229.596     9.886     0.060         5
   230.300     9.748     0.060         5
   230.993     9.653     0.060         5
   231.701     9.552     0.060         5
   232.408     9.436     0.060         5
   233.126     9.332     0.060         5
   233.833     9.192     0.060         5
   234.529     9.084     0.060         5
   235.239     8.968     0.060         5
   235.949     8.836     0.060         5
   236.673     8.701     0.060         5
   237.391     8.519     0.060         5
   238.122     8.394     0.060         5
   238.886     8.288     0.060         5
   239.658     8.164     0.060         5
   240.443     8.012     0.060         5
   241.206     7.888     0.060         5
   241.970     7.760     0.060         5
   242.704     7.636     0.060         5
   243.419     7.524     0.060         5
   244.163     7.407     0.060         5
   244.931     7.239     0.060         5
   245.689     7.077     0.060         5
   246.431     6.895     0.060         5
   247.203     6.725     0.060         5
   247.986     6.555     0.060         5
   248.771     6.358     0.060         5
   249.548     6.193     0.060         5
   250.317     6.012     0.060         5
   251.103     5.788     0.060         5
   251.881     5.609     0.060         5
   252.680     5.403     0.060         5
   253.480     5.187     0.060         5
   254.256     4.934     0.060         5
   255.036     4.694     0.060         5
   255.810     4.450     0.060         5
   256.584     4.213     0.060         5
   257.369     3.943     0.060         5
   258.167     3.659     0.060         5
   258.965     3.443     0.060         5
    71.110    33.023     0.060         8
    77.296    32.265     0.060         8
    85.399    31.213     0.060         8
    90.878    30.500     0.060         8
    96.416    29.623     0.060         8
   118.766    26.515     0.060         8
   125.313    25.781     0.060         8
   131.169    25.057     0.060         8
   137.575    24.321     0.060         8
   225.973    11.103     0.060        14
   227.146    10.944     0.060        14
   228.609    10.746     0.060        14
   229.883    10.558     0.060        14
   231.561    10.313     0.060        14
   234.252     9.865     0.060        14
   237.101     9.293     0.060        14
   239.819     8.688     0.060        14
   242.120     8.304     0.060        14
   243.419     8.108     0.060        14
   245.689     7.675     0.060        14
   247.836     7.191     0.060        14
   249.397     6.840     0.060        14
   250.785     6.472     0.060        14
   252.199     6.071     0.060        14
   253.794     5.626     0.060        14
   255.347     5.209     0.060        14
   256.734     4.800     0.060        14
    41.448    36.712     0.060        16
    53.975    35.190     0.060        16
    68.770    33.581     0.060        16
   228.889    15.744     0.060        24
   231.424    15.136     0.060        24
   234.113    14.526     0.060        24
   237.101    13.774     0.060        24
   239.344    13.192     0.060        24
   241.508    12.576     0.060        24
   243.419    11.947     0.060        24
   245.538    11.253     0.060        24
   247.367    10.552     0.060        24
   264.830     1.000     0.000         0
   265.053     1.524     0.060         1
   265.883     1.717     0.060         1
   266.699     2.016     0.060         1
   265.383     2.276     0.060         3
   266.205     2.408     0.060         3
   271.355     3.520     0.060         5
   272.811     3.737     0.060         5
   273.777     3.934     0.060         5
   274.586     4.023     0.060         5
   275.412     4.093     0.060         5
   276.227     4.195     0.060         5
   277.048     4.320     0.060         5
   277.840     4.419     0.060         5
   278.649     4.548     0.060         5
   279.447     4.662     0.060         5
   280.262     4.771     0.060         5
   281.056     4.876     0.060         5
   281.857     4.963     0.060         5
   282.647     5.061     0.060         5
   283.452     5.140     0.060         5
   284.239     5.243     0.060         5
   285.044     5.343     0.060         5
   285.848     5.454     0.060         5
   286.652     5.551     0.060         5
   287.464     5.645     0.060         5
   288.262     5.742     0.060         5
   289.065     5.814     0.060         5
   289.879     5.941     0.060         5
   290.687     6.052     0.060         5
   291.504     6.162     0.060         5
   292.308     6.289     0.060         5
   293.099     6.408     0.060         5
   293.882     6.550     0.060         5
   294.648     6.703     0.060         5
   295.428     6.852     0.060         5
   296.194     7.022     0.060         5
   296.963     7.179     0.060         5
   297.736     7.326     0.060         5
   298.500     7.466     0.060         5
   299.268     7.598     0.060         5
   300.025     7.722     0.060         5
   300.784     7.822     0.060         5
   301.544     7.921     0.060         5
   302.333     8.063     0.060         5
   303.128     8.214     0.060         5
   303.909     8.362     0.060         5
   304.683     8.482     0.060         5
   305.471     8.610     0.060         5
   306.258     8.766     0.060         5
   307.046     8.856     0.060         5
   307.815     8.986     0.060         5
   308.598     9.150     0.060         5
   309.385     9.281     0.060         5
   310.159     9.369     0.060         5
   310.944     9.512     0.060         5
   311.731     9.640     0.060         5
   312.666     9.792     0.060         5
   313.443     9.916     0.060         5
   314.220    10.020     0.060         5
   315.004    10.196     0.060         5
   315.778    10.316     0.060         5
   316.555    10.424     0.060         5
   317.350    10.568     0.060         5
   318.159    10.712     0.060         5
   318.954    10.848     0.060         5
   319.746    10.984     0.060         5
   320.523    11.118     0.060         5
   321.300    11.271     0.060         5
   322.055    11.419     0.060         5
   322.835    11.551     0.060         5
   323.604    11.698     0.060         5
   324.360    11.830     0.060         5
   325.126    11.979     0.060         5
   325.921    12.109     0.060         5
   326.853    12.285     0.060         5
   327.638    12.435     0.060         5
   328.424    12.593     0.060         5
   329.196    12.721     0.060         5
   330.435    12.904     0.060         5
   332.146    13.198     0.060         5
   333.979    13.546     0.060         5
   336.002    13.904     0.060         5
   337.606    14.174     0.060         5
   339.202    14.432     0.060         5
   341.403    14.714     0.060         5
   343.818    15.039     0.060         5
   345.727    15.330     0.060         5
   348.890    15.825     0.060         5
   350.953    16.202     0.060         5
   353.642    16.624     0.060         5
   356.938    17.184     0.060         5
   361.095    18.001     0.060         5
   363.825    18.646     0.060         5
   366.540    19.438     0.060         5
   372.068    20.222     0.060         5
   306.570     9.869     0.060         8
   311.417    10.572     0.060         8
   315.929    11.210     0.060         8
   318.632    11.612     0.060         8
   321.905    12.086     0.060         8
   325.599    12.665     0.060         8
   328.424    13.075     0.060         8
   331.207    13.489     0.060         8
   333.072    13.787     0.060         8
   335.688    14.222     0.060         8
   338.557    14.657     0.060         8
   342.839    15.213     0.060         8
   346.039    15.646     0.060         8
   349.680    16.160     0.060         8
   353.330    16.740     0.060         8
   400.228    23.212     0.060        13
   405.034    23.522     0.060        13
   276.063     4.773     0.060        14
   280.262     5.333     0.060        14
   284.239     5.848     0.060        14
   288.262     6.343     0.060        14
   292.308     6.910     0.060        14
   296.813     7.768     0.060        14
   300.934     8.582     0.060        14
   305.159     9.321     0.060        14
   309.536    10.067     0.060        14
   314.381    10.884     0.060        14
   318.954    11.644     0.060        14
   322.206    12.195     0.060        14
   325.448    12.768     0.060        14
   329.049    13.416     0.060        14
   333.522    14.222     0.060        14
   336.492    14.770     0.060        14
   340.614    15.409     0.060        14
   345.563    16.136     0.060        14
   351.584    17.091     0.060        14
   356.463    17.903     0.060        14
   361.259    18.800     0.060        14
   365.110    19.837     0.060        14
   301.383    13.821     0.060        24
   305.320    14.922     0.060        24
   310.159    16.376     0.060        24
   314.532    17.697     0.060        24
   319.115    18.980     0.060        24
   323.300    20.191     0.060        24
   327.476    21.397     0.060        24
   339.833    25.043     0.060        24
   346.203    26.691     0.060        24
   349.680    27.626     0.060        24
   270.805    -1.000     0.000         0
   267.508     2.510     0.060         1
   268.315     2.029     0.060         1
   269.115     1.658     0.060         1
   269.916     1.435     0.060         1
   270.711     1.358     0.060         1
   268.633     2.205     0.060         2
   269.426     1.961     0.060         2
   270.237     1.850     0.060         2
   268.951     2.396     0.060         3
   269.748     2.211     0.060         3
   270.559     2.097     0.060         3
    90.724    31.113     0.060         5
    97.042    29.988     0.060         5
   103.522    28.793     0.060         5
   109.952    27.893     0.060         5
   114.957    27.340     0.060         5
   225.973    11.238     0.060         5
   226.715    11.135     0.060         5
   227.436    11.030     0.060         5
   228.167    10.936     0.060         5
   228.888    10.842     0.060         5
   229.595    10.738     0.060         5
   230.300    10.637     0.060         5
   230.993    10.532     0.060         5
   231.700    10.428     0.060         5
   232.407    10.314     0.060         5
   233.265    10.176     0.060         5
   233.972    10.044     0.060         5
   234.669     9.924     0.060         5
   235.809     9.695     0.060         5
   237.251     9.335     0.060         5
   239.039     9.031     0.060         5
   240.744     8.762     0.060         5
   243.131     8.439     0.060         5
   244.461     8.240     0.060         5
   245.239     8.098     0.060         5
   245.975     7.973     0.060         5
   246.734     7.846     0.060         5
   247.520     7.653     0.060         5
   248.297     7.497     0.060         5
   249.236     7.307     0.060         5
   250.013     7.150     0.060         5
   250.785     6.980     0.060         5
   251.574     6.797     0.060         5
   252.363     6.631     0.060         5
   253.173     6.441     0.060         5
   253.945     6.247     0.060         5
   254.727     6.049     0.060         5
   255.498     5.855     0.060         5
   256.273     5.683     0.060         5
   257.047     5.460     0.060         5
   257.842     5.218     0.060         5
   258.640     4.990     0.060         5
   259.439     4.778     0.060         5
   260.229     4.572     0.060         5
   261.014     4.393     0.060         5
   261.812     4.166     0.060         5
   262.624     3.995     0.060         5
   263.433     3.763     0.060         5
   264.242     3.574     0.060         5
   265.053     3.395     0.060         5
   265.881     3.184     0.060         5
   121.022    26.965     0.060         8
   126.098    26.317     0.060         8
   130.213    25.743     0.060         8
   136.307    25.049     0.060         8
   142.064    24.288     0.060         8
   145.918    23.696     0.060         8
   149.745    23.055     0.060         8
   152.399    22.492     0.060         8
   154.694    21.965     0.060         8
    22.401    38.804     0.060        13
    31.877    37.654     0.060        13
    37.057    36.966     0.060        13
    46.172    35.826     0.060        13
    58.258    34.548     0.060        13
    67.228    33.682     0.060        13
    74.844    32.967     0.060        13
    55.186    36.598     0.060        14
    66.473    35.268     0.060        14
    81.789    33.356     0.060        14
    94.825    31.411     0.060        14
   108.234    29.438     0.060        14
   121.831    27.788     0.060        14
   137.739    25.701     0.060        14
   150.224    23.695     0.060        14
   227.145    11.811     0.060        14
   229.746    11.370     0.060        14
   232.268    11.006     0.060        14
   234.669    10.584     0.060        14
   237.100    10.187     0.060        14
   239.343     9.802     0.060        14
   241.669     9.429     0.060        14
   244.461     8.970     0.060        14
   247.052     8.465     0.060        14
   249.236     7.995     0.060        14
   251.410     7.541     0.060        14
   253.480     7.042     0.060        14
   254.878     6.656     0.060        14
   256.735     6.143     0.060        14
   258.329     5.762     0.060        14
   259.753     5.351     0.060        14
   261.178     5.001     0.060        14
   263.111     4.542     0.060        14
   265.221     4.052     0.060        14
    71.260    33.800     0.060        16
    88.536    31.640     0.060        16
   100.927    29.854     0.060        16
   106.830    29.162     0.060        16
   114.309    28.366     0.060        16
   122.633    27.660     0.060        16
   133.752    27.063     0.060        16
   234.252    15.690     0.060        24
   237.100    14.961     0.060        24
   239.190    14.459     0.060        24
   241.354    13.849     0.060        24
   244.313    13.174     0.060        24
   246.430    12.629     0.060        24
   248.609    11.956     0.060        24
   250.785    11.079     0.060        24
   252.363    10.351     0.060        24
   270.805     1.000     0.000         0
   271.837     1.554     0.060         1
   272.649     1.874     0.060         1
   273.454     2.295     0.060         1
   271.205     1.814     0.060         2
   271.998     1.974     0.060         2
   271.205     2.094     0.060         3
   271.998     2.235     0.060         3
   274.260     2.635     0.060         5
   275.072     2.710     0.060         5
   275.901     2.798     0.060         5
   276.728     2.956     0.060         5
   277.528     3.123     0.060         5
   278.323     3.273     0.060         5
   279.124     3.425     0.060         5
   279.933     3.514     0.060         5
   280.738     3.624     0.060         5
   281.542     3.760     0.060         5
   282.332     3.881     0.060         5
   283.126     3.987     0.060         5
   283.927     4.094     0.060         5
   284.728     4.188     0.060         5
   285.530     4.307     0.060         5
   286.326     4.443     0.060         5
   287.138     4.554     0.060         5
   287.939     4.675     0.060         5
   288.742     4.742     0.060         5
   289.556     4.824     0.060         5
   290.365     4.927     0.060         5
   291.181     5.069     0.060         5
   291.993     5.193     0.060         5
   292.784     5.327     0.060         5
   293.567     5.460     0.060         5
   294.346     5.642     0.060         5
   295.113     5.789     0.060         5
   295.882     5.950     0.060         5
   296.662     6.130     0.060         5
   297.431     6.280     0.060         5
   298.193     6.417     0.060         5
   298.960     6.550     0.060         5
   299.728     6.702     0.060         5
   300.482     6.846     0.060         5
   301.231     6.933     0.060         5
   302.020     7.059     0.060         5
   302.816     7.195     0.060         5
   303.597     7.368     0.060         5
   304.371     7.498     0.060         5
   305.159     7.601     0.060         5
   305.943     7.772     0.060         5
   306.731     7.844     0.060         5
   307.510     7.985     0.060         5
   308.290     8.103     0.060         5
   309.073     8.245     0.060         5
   309.847     8.370     0.060         5
   310.631     8.485     0.060         5
   311.416     8.617     0.060         5
   312.203     8.753     0.060         5
   312.977     8.906     0.060         5
   313.754     8.972     0.060         5
   314.531     9.113     0.060         5
   315.316     9.273     0.060         5
   316.089     9.376     0.060         5
   316.877     9.491     0.060         5
   317.672     9.612     0.060         5
   318.481     9.784     0.060         5
   319.276     9.913     0.060         5
   320.058    10.068     0.060         5
   320.834    10.214     0.060         5
   321.604    10.365     0.060         5
   322.370    10.504     0.060         5
   323.149    10.620     0.060         5
   323.905    10.781     0.060         5
   324.671    10.901     0.060         5
   325.448    11.065     0.060         5
   326.232    11.197     0.060         5
   327.003    11.360     0.060         5
   327.798    11.481     0.060         5
   328.585    11.628     0.060         5
   329.357    11.776     0.060         5
   330.123    11.896     0.060         5
   330.903    12.024     0.060         5
   331.675    12.158     0.060         5
   332.450    12.316     0.060         5
   333.225    12.455     0.060         5
   333.979    12.595     0.060         5
   334.740    12.738     0.060         5
   335.534    12.899     0.060         5
   336.327    13.035     0.060         5
   337.134    13.176     0.060         5
   337.930    13.289     0.060         5
   338.718    13.390     0.060         5
   339.513    13.501     0.060         5
   340.305    13.599     0.060         5
   341.091    13.713     0.060         5
   341.882    13.824     0.060         5
   342.686    13.906     0.060         5
   343.490    14.064     0.060         5
   344.294    14.164     0.060         5
   345.090    14.279     0.060         5
   345.877    14.419     0.060         5
   346.678    14.531     0.060         5
   347.469    14.656     0.060         5
   348.254    14.790     0.060         5
   350.322    15.149     0.060         5
   352.392    15.499     0.060         5
   355.368    15.996     0.060         5
   359.503    16.824     0.060         5
   363.005    17.587     0.060         5
   365.910    18.356     0.060         5
   370.810    19.095     0.060         5
   306.094     9.213     0.060         8
   309.073     9.581     0.060         8
   313.131    10.077     0.060         8
   316.555    10.497     0.060         8
   319.115    10.916     0.060         8
   322.055    11.366     0.060         8
   324.209    11.721     0.060         8
   325.448    11.908     0.060         8
   326.232    11.995     0.060         8
   327.003    12.094     0.060         8
   327.798    12.188     0.060         8
   328.585    12.315     0.060         8
   329.357    12.442     0.060         8
   330.123    12.548     0.060         8
   330.903    12.663     0.060         8
   331.675    12.772     0.060         8
   332.450    12.912     0.060         8
   333.225    13.021     0.060         8
   333.979    13.151     0.060         8
   334.740    13.285     0.060         8
   335.534    13.413     0.060         8
   336.327    13.538     0.060         8
   337.134    13.645     0.060         8
   337.930    13.772     0.060         8
   338.718    13.894     0.060         8
   339.513    13.989     0.060         8
   340.305    14.092     0.060         8
   341.091    14.191     0.060         8
   341.882    14.249     0.060         8
   342.686    14.351     0.060         8
   343.490    14.470     0.060         8
   344.294    14.566     0.060         8
   345.090    14.654     0.060         8
   345.877    14.773     0.060         8
   346.678    14.839     0.060         8
   347.469    14.966     0.060         8
   348.254    15.072     0.060         8
   349.043    15.207     0.060         8
   349.841    15.315     0.060         8
   350.644    15.464     0.060         8
   351.433    15.610     0.060         8
   352.228    15.734     0.060         8
   356.938    16.511     0.060         8
   319.276    11.994     0.060        12
   328.890    13.326     0.060        12
   337.288    14.559     0.060        12
   346.203    15.737     0.060        12
   356.623    17.371     0.060        12
   364.794    19.002     0.060        12
   277.678     4.060     0.060        14
   278.487     4.158     0.060        14
   279.286     4.270     0.060        14
   280.098     4.388     0.060        14
   280.891     4.501     0.060        14
   281.695     4.621     0.060        14
   282.496     4.704     0.060        14
   283.287     4.804     0.060        14
   284.088     4.920     0.060        14
   284.890     5.030     0.060        14
   285.683     5.178     0.060        14
   286.487     5.270     0.060        14
   287.302     5.380     0.060        14
   288.100     5.497     0.060        14
   288.903     5.576     0.060        14
   289.717     5.721     0.060        14
   290.526     5.827     0.060        14
   291.343     5.978     0.060        14
   292.144     6.137     0.060        14
   292.948     6.277     0.060        14
   293.717     6.414     0.060        14
   294.497     6.569     0.060        14
   295.277     6.707     0.060        14
   296.043     6.887     0.060        14
   296.812     6.958     0.060        14
   297.582     7.104     0.060        14
   298.357     7.266     0.060        14
   299.114     7.382     0.060        14
   299.874     7.538     0.060        14
   300.632     7.648     0.060        14
   301.382     7.770     0.060        14
   302.171     7.925     0.060        14
   302.966     8.048     0.060        14
   303.748     8.202     0.060        14
   304.532     8.319     0.060        14
   305.320     8.452     0.060        14
   306.094     8.620     0.060        14
   306.884     8.726     0.060        14
   307.661     8.842     0.060        14
   308.444     8.993     0.060        14
   309.224     9.104     0.060        14
   310.008     9.236     0.060        14
   310.793     9.343     0.060        14
   311.567     9.515     0.060        14
   312.354     9.657     0.060        14
   313.131     9.861     0.060        14
   313.905     9.954     0.060        14
   314.692    10.094     0.060        14
   315.466    10.200     0.060        14
   316.240    10.371     0.060        14
   317.038    10.492     0.060        14
   317.833    10.593     0.060        14
   318.631    10.757     0.060        14
   319.427    10.886     0.060        14
   320.219    11.019     0.060        14
   320.988    11.199     0.060        14
   321.754    11.293     0.060        14
   322.520    11.469     0.060        14
   323.300    11.593     0.060        14
   324.055    11.768     0.060        14
   324.825    11.935     0.060        14
   325.598    12.039     0.060        14
   326.383    12.253     0.060        14
   327.164    12.351     0.060        14
   327.946    12.500     0.060        14
   328.732    12.619     0.060        14
   329.505    12.729     0.060        14
   330.285    12.891     0.060        14
   331.054    13.013     0.060        14
   331.829    13.149     0.060        14
   332.604    13.337     0.060        14
   333.368    13.460     0.060        14
   334.132    13.595     0.060        14
   334.904    13.738     0.060        14
   335.687    13.810     0.060        14
   336.491    13.935     0.060        14
   337.288    14.168     0.060        14
   338.095    14.272     0.060        14
   338.879    14.376     0.060        14
   339.674    14.523     0.060        14
   340.453    14.638     0.060        14
   341.252    14.705     0.060        14
   342.046    14.825     0.060        14
   342.839    14.918     0.060        14
   343.654    15.048     0.060        14
   344.458    15.208     0.060        14
   345.251    15.287     0.060        14
   346.038    15.394     0.060        14
   346.840    15.557     0.060        14
   347.622    15.637     0.060        14
   348.408    15.746     0.060        14
   349.207    15.870     0.060        14
   350.002    16.051     0.060        14
   350.791    16.160     0.060        14
   351.583    16.244     0.060        14
   352.392    16.381     0.060        14
   353.176    16.481     0.060        14
   353.956    16.595     0.060        14
   354.739    16.793     0.060        14
   355.529    16.897     0.060        14
   356.312    17.043     0.060        14
   357.102    17.176     0.060        14
   357.895    17.399     0.060        14
   358.699    17.555     0.060        14
   359.503    17.650     0.060        14
   360.294    17.800     0.060        14
   361.095    17.983     0.060        14
   361.893    18.126     0.060        14
   362.680    18.317     0.060        14
   363.499    18.512     0.060        14
   371.283    20.193     0.060        15
   377.843    20.832     0.060        15
   387.327    21.900     0.060        15
   395.392    23.106     0.060        15
   401.838    24.310     0.060        15
   297.889    11.033     0.060        24
   306.569    13.603     0.060        24
   309.847    14.535     0.060        24
   322.055    18.230     0.060        24
   327.003    19.688     0.060        24
   329.669    20.569     0.060        24
   332.146    21.259     0.060        24
   335.687    22.278     0.060        24
   338.406    23.056     0.060        24
   367.015    31.336     0.060        24
   371.906    32.729     0.060        24
   375.583    33.717     0.060        24
   276.757    -1.000     0.000         0
   274.587     1.690     0.060         1
   275.412     1.295     0.060         1
   276.226     1.047     0.060         1
   276.398     1.753     0.060         2
    89.794    31.870     0.060         5
    96.881    30.706     0.060         5
   100.777    29.872     0.060         5
   103.988    29.421     0.060         5
   104.793    29.310     0.060         5
   105.574    29.201     0.060         5
   106.368    29.112     0.060         5
   107.145    29.000     0.060         5
   107.923    28.907     0.060         5
   108.694    28.788     0.060         5
   109.479    28.656     0.060         5
   110.265    28.596     0.060         5
   140.929    24.557     0.060         5
   146.405    23.710     0.060         5
   224.808    12.137     0.060         5
   225.529    12.069     0.060         5
   226.274    11.983     0.060         5
   227.006    11.910     0.060         5
   227.737    11.772     0.060         5
   228.461    11.672     0.060         5
   229.179    11.588     0.060         5
   229.883    11.500     0.060         5
   230.577    11.416     0.060         5
   231.284    11.281     0.060         5
   231.988    11.147     0.060         5
   232.698    11.027     0.060         5
   233.416    10.910     0.060         5
   234.112    10.809     0.060         5
   234.809    10.695     0.060         5
   235.530    10.534     0.060         5
   236.240    10.417     0.060         5
   236.964    10.260     0.060         5
   237.692    10.104     0.060         5
   238.424     9.978     0.060         5
   239.190     9.851     0.060         5
   239.970     9.759     0.060         5
   240.744     9.635     0.060         5
   241.508     9.510     0.060         5
   242.274     9.385     0.060         5
   242.995     9.290     0.060         5
   243.717     9.200     0.060         5
   244.461     9.059     0.060         5
   245.240     8.939     0.060         5
   245.976     8.756     0.060         5
   246.735     8.636     0.060         5
   247.521     8.527     0.060         5
   248.298     8.423     0.060         5
   249.085     8.254     0.060         5
   249.859     8.045     0.060         5
   250.632     7.894     0.060         5
   251.410     7.722     0.060         5
   252.199     7.536     0.060         5
   253.009     7.367     0.060         5
   253.795     7.203     0.060         5
   254.566     7.008     0.060         5
   255.348     6.832     0.060         5
   256.122     6.661     0.060         5
   256.896     6.462     0.060         5
   257.681     6.250     0.060         5
   258.479     6.039     0.060         5
   259.278     5.833     0.060         5
   260.068     5.633     0.060         5
   260.864     5.461     0.060         5
   261.651     5.309     0.060         5
   262.460     5.136     0.060         5
   263.272     4.981     0.060         5
   264.081     4.820     0.060         5
   264.892     4.631     0.060         5
   265.713     4.465     0.060         5
   266.537     4.263     0.060         5
   267.346     4.099     0.060         5
   268.158     3.853     0.060         5
   268.955     3.621     0.060         5
   269.750     3.405     0.060         5
   270.559     3.179     0.060         5
   271.355     2.938     0.060         5
   272.162     2.725     0.060         5
   272.971     2.440     0.060         5
   120.697    27.611     0.060         8
   126.872    26.831     0.060         8
   137.263    25.473     0.060         8
   146.717    24.137     0.060         8
   153.633    22.885     0.060         8
    67.228    33.980     0.060        13
    75.143    33.061     0.060        13
   225.239    12.714     0.060        14
   227.587    12.426     0.060        14
   229.596    12.135     0.060        14
   232.128    11.743     0.060        14
   233.973    11.440     0.060        14
   236.240    11.066     0.060        14
   238.574    10.644     0.060        14
   240.443    10.298     0.060        14
   242.274     9.963     0.060        14
   244.314     9.563     0.060        14
   246.735     9.121     0.060        14
   248.609     8.710     0.060        14
   250.164     8.385     0.060        14
   252.199     7.989     0.060        14
   254.096     7.571     0.060        14
   255.660     7.186     0.060        14
   257.369     6.726     0.060        14
   259.117     6.300     0.060        14
   261.014     5.792     0.060        14
   263.111     5.390     0.060        14
   265.383     4.988     0.060        14
   267.023     4.553     0.060        14
   228.889    18.774     0.060        24
   231.701    18.041     0.060        24
   233.973    17.415     0.060        24
   235.670    16.954     0.060        24
   237.542    16.427     0.060        24
   239.658    15.861     0.060        24
   241.354    15.385     0.060        24
   243.132    14.902     0.060        24
   245.825    14.098     0.060        24
   248.298    13.244     0.060        24
   251.574    12.114     0.060        24
   255.036    10.997     0.060        24
   276.757     1.000     0.000         0
   277.206     1.091     0.060         1
   278.002     1.349     0.060         1
   278.810     1.736     0.060         1
   281.217     2.372     0.060         5
   282.021     2.517     0.060         5
   282.811     2.642     0.060         5
   283.602     2.758     0.060         5
   284.403     2.884     0.060         5
   285.205     3.015     0.060         5
   286.012     3.143     0.060         5
   286.813     3.263     0.060         5
   287.625     3.378     0.060         5
   288.420     3.481     0.060         5
   289.226     3.601     0.060         5
   290.040     3.736     0.060         5
   290.849     3.860     0.060         5
   291.668     4.014     0.060         5
   292.469     4.135     0.060         5
   293.252     4.254     0.060         5
   294.032     4.415     0.060         5
   294.812     4.627     0.060         5
   295.578     4.776     0.060         5
   296.347     4.957     0.060         5
   297.117     5.108     0.060         5
   297.889     5.297     0.060         5
   298.653     5.432     0.060         5
   299.421     5.585     0.060         5
   300.178     5.717     0.060         5
   300.934     5.839     0.060         5
   301.702     5.956     0.060         5
   302.494     6.098     0.060         5
   303.286     6.213     0.060         5
   304.060     6.367     0.060         5
   304.844     6.511     0.060         5
   305.632     6.638     0.060         5
   306.419     6.775     0.060         5
   307.196     6.871     0.060         5
   307.976     7.005     0.060         5
   308.759     7.155     0.060         5
   309.536     7.283     0.060         5
   310.320     7.375     0.060         5
   311.105     7.526     0.060         5
   311.881     7.665     0.060         5
   312.666     7.776     0.060         5
   313.443     7.905     0.060         5
   314.220     8.030     0.060         5
   315.004     8.189     0.060         5
   315.778     8.330     0.060         5
   316.555     8.430     0.060         5
   317.350     8.554     0.060         5
   318.159     8.691     0.060         5
   318.954     8.847     0.060         5
   319.746     8.995     0.060         5
   320.523     9.160     0.060         5
   321.300     9.305     0.060         5
   322.055     9.441     0.060         5
   322.835     9.573     0.060         5
   323.604     9.720     0.060         5
   324.360     9.851     0.060         5
   325.126     9.994     0.060         5
   325.921    10.165     0.060         5
   326.692    10.279     0.060         5
   327.476    10.427     0.060         5
   328.266    10.576     0.060         5
   329.049    10.684     0.060         5
   329.820    10.820     0.060         5
   330.589    10.964     0.060         5
   331.372    11.104     0.060         5
   332.297    11.260     0.060         5
   333.072    11.415     0.060         5
   333.826    11.558     0.060         5
   334.590    11.698     0.060         5
   335.373    11.855     0.060         5
   336.166    11.987     0.060         5
   336.970    12.119     0.060         5
   337.770    12.254     0.060         5
   338.557    12.385     0.060         5
   339.352    12.507     0.060         5
   340.144    12.620     0.060         5
   340.933    12.713     0.060         5
   341.718    12.808     0.060         5
   342.522    12.907     0.060         5
   343.329    13.020     0.060         5
   344.133    13.117     0.060         5
   344.926    13.224     0.060         5
   345.727    13.348     0.060         5
   346.515    13.451     0.060         5
   347.308    13.575     0.060         5
   348.091    13.699     0.060         5
   348.890    13.826     0.060         5
   349.680    13.946     0.060         5
   350.483    14.082     0.060         5
   351.272    14.221     0.060         5
   324.975    11.029     0.060         8
   325.760    11.113     0.060         8
   326.544    11.225     0.060         8
   327.326    11.341     0.060         8
   328.107    11.454     0.060         8
   328.891    11.528     0.060         8
   329.669    11.624     0.060         8
   330.435    11.764     0.060         8
   331.207    11.860     0.060         8
   332.147    12.009     0.060         8
   332.922    12.142     0.060         8
   333.675    12.293     0.060         8
   334.590    12.431     0.060         8
   335.534    12.609     0.060         8
   336.327    12.735     0.060         8
   337.134    12.835     0.060         8
   337.931    12.977     0.060         8
   338.718    13.101     0.060         8
   339.513    13.197     0.060         8
   340.305    13.277     0.060         8
   341.092    13.326     0.060         8
   341.882    13.438     0.060         8
   342.686    13.538     0.060         8
   343.979    13.670     0.060         8
   345.090    13.807     0.060         8
   346.515    14.000     0.060         8
   347.937    14.198     0.060         8
   348.890    14.326     0.060         8
   361.732    16.521     0.060         8
   365.109    17.242     0.060         8
   370.187    18.092     0.060         8
   376.219    18.795     0.060         8
   279.447     2.062     0.060        10
   280.262     2.259     0.060        10
   325.126    11.535     0.060        12
   330.285    12.262     0.060        12
   337.931    13.441     0.060        12
   344.926    14.267     0.060        12
   281.381     2.917     0.060        14
   282.171     3.049     0.060        14
   282.973     3.168     0.060        14
   283.763     3.290     0.060        14
   284.564     3.411     0.060        14
   285.369     3.529     0.060        14
   286.173     3.652     0.060        14
   286.977     3.756     0.060        14
   287.789     3.903     0.060        14
   288.581     4.013     0.060        14
   289.387     4.122     0.060        14
   290.201     4.243     0.060        14
   291.021     4.397     0.060        14
   291.829     4.526     0.060        14
   292.623     4.639     0.060        14
   293.413     4.775     0.060        14
   294.183     4.914     0.060        14
   294.963     5.077     0.060        14
   295.732     5.249     0.060        14
   296.498     5.446     0.060        14
   297.278     5.636     0.060        14
   298.039     5.795     0.060        14
   298.807     5.951     0.060        14
   299.575     6.111     0.060        14
   300.332     6.242     0.060        14
   301.084     6.357     0.060        14
   301.863     6.493     0.060        14
   302.655     6.652     0.060        14
   303.436     6.818     0.060        14
   304.221     6.963     0.060        14
   304.998     7.079     0.060        14
   305.782     7.234     0.060        14
   306.570     7.368     0.060        14
   307.350     7.458     0.060        14
   308.129     7.559     0.060        14
   308.912     7.710     0.060        14
   309.697     7.843     0.060        14
   310.481     7.968     0.060        14
   311.255     8.089     0.060        14
   312.043     8.216     0.060        14
   312.817     8.349     0.060        14
   313.604     8.487     0.060        14
   314.381     8.608     0.060        14
   315.155     8.761     0.060        14
   315.929     8.889     0.060        14
   316.716     9.014     0.060        14
   317.672     9.175     0.060        14
   318.481     9.328     0.060        14
   319.276     9.442     0.060        14
   320.058     9.586     0.060        14
   320.835     9.727     0.060        14
   321.604     9.883     0.060        14
   322.370    10.037     0.060        14
   323.300    10.172     0.060        14
   324.056    10.308     0.060        14
   324.825    10.432     0.060        14
   325.599    10.598     0.060        14
   326.383    10.754     0.060        14
   327.165    10.911     0.060        14
   327.946    11.080     0.060        14
   328.733    11.226     0.060        14
   329.505    11.343     0.060        14
   330.285    11.493     0.060        14
   331.054    11.593     0.060        14
   331.829    11.712     0.060        14
   332.604    11.878     0.060        14
   333.368    12.019     0.060        14
   334.133    12.161     0.060        14
   334.905    12.298     0.060        14
   335.687    12.454     0.060        14
   336.491    12.588     0.060        14
   337.288    12.717     0.060        14
   338.095    12.835     0.060        14
   338.879    12.958     0.060        14
   339.674    13.068     0.060        14
   340.453    13.182     0.060        14
   341.253    13.279     0.060        14
   342.046    13.388     0.060        14
   342.839    13.479     0.060        14
   343.654    13.592     0.060        14
   344.458    13.700     0.060        14
   345.251    13.824     0.060        14
   346.039    13.947     0.060        14
   346.840    14.088     0.060        14
   347.623    14.200     0.060        14
   348.408    14.307     0.060        14
   349.208    14.444     0.060        14
   282.729    -1.000     0.000         0
   281.382     1.023     0.060         1
   282.173     0.712     0.060         1
   281.382     1.689     0.060         3
   282.173     1.531     0.060         3
    92.765    32.163     0.060         5
    98.607    31.087     0.060         5
   104.468    30.168     0.060         5
   124.837    27.557     0.060         5
   231.284    12.328     0.060         5
   231.988    12.182     0.060         5
   232.698    12.074     0.060         5
   233.416    11.944     0.060         5
   234.113    11.819     0.060         5
   234.809    11.691     0.060         5
   235.530    11.552     0.060         5
   236.240    11.442     0.060         5
   236.964    11.314     0.060         5
   237.692    11.190     0.060         5
   238.424    11.085     0.060         5
   239.190    10.970     0.060         5
   239.970    10.826     0.060         5
   240.744    10.693     0.060         5
   241.508    10.571     0.060         5
   242.274    10.461     0.060         5
   242.995    10.351     0.060         5
   243.718    10.235     0.060         5
   244.461    10.080     0.060         5
   245.240     9.967     0.060         5
   245.976     9.831     0.060         5
   246.735     9.671     0.060         5
   247.521     9.529     0.060         5
   248.298     9.346     0.060         5
   249.086     9.209     0.060         5
   249.860     9.070     0.060         5
   250.632     8.926     0.060         5
   251.410     8.733     0.060         5
   252.364     8.554     0.060         5
   253.174     8.355     0.060         5
   253.946     8.187     0.060         5
   254.728     8.023     0.060         5
   255.499     7.851     0.060         5
   256.273     7.682     0.060         5
   257.047     7.484     0.060         5
   257.843     7.286     0.060         5
   258.641     7.090     0.060         5
   259.439     6.916     0.060         5
   260.230     6.740     0.060         5
   261.015     6.575     0.060         5
   261.813     6.433     0.060         5
   262.625     6.272     0.060         5
   263.434     6.126     0.060         5
   264.243     5.969     0.060         5
   265.054     5.807     0.060         5
   265.882     5.657     0.060         5
   266.699     5.489     0.060         5
   267.511     5.291     0.060         5
   268.320     5.083     0.060         5
   269.119     4.895     0.060         5
   269.918     4.713     0.060         5
   270.713     4.447     0.060         5
   271.520     4.249     0.060         5
   272.324     4.031     0.060         5
   273.133     3.808     0.060         5
   273.939     3.576     0.060         5
   274.748     3.347     0.060         5
   275.573     3.121     0.060         5
   276.399     2.930     0.060         5
   277.207     2.760     0.060         5
   272.324     4.773     0.060        14
   274.261     4.235     0.060        14
   276.399     3.673     0.060        14
   282.729     1.000     0.000         0
   283.288     0.813     0.060         1
   284.089     1.171     0.060         1
   283.452     1.525     0.060         3
   289.065     2.509     0.060         5
   292.144     3.083     0.060         5
   294.032     3.460     0.060         5
   295.732     3.856     0.060         5
   298.040     4.388     0.060         5
   301.085     4.979     0.060         5
   304.998     5.685     0.060         5
   307.662     6.133     0.060         5
   311.105     6.729     0.060         5
   313.443     7.101     0.060         5
   315.778     7.526     0.060         5
   319.277     8.135     0.060         5
   322.056     8.665     0.060         5
   324.360     9.088     0.060         5
   326.853     9.552     0.060         5
   329.197     9.944     0.060         5
   331.372    10.310     0.060         5
   333.369    10.683     0.060         5
   336.645    11.296     0.060         5
   339.983    11.804     0.060         5
   343.001    12.192     0.060         5
   347.308    12.873     0.060         5
   350.953    13.470     0.060         5
   323.604    10.183     0.060         8
   326.383    10.568     0.060         8
   329.358    10.969     0.060         8
   331.372    11.225     0.060         8
   333.226    11.526     0.060         8
   334.905    11.806     0.060         8
   337.288    12.186     0.060         8
   339.513    12.468     0.060         8
   341.403    12.657     0.060         8
   343.329    12.870     0.060         8
   345.090    13.076     0.060         8
   346.679    13.298     0.060         8
   351.272    14.016     0.060         8
   357.896    15.137     0.060         8
   363.167    16.223     0.060         8
   367.176    17.108     0.060         8
   284.890     1.578     0.060        10
   285.684     1.817     0.060        10
   286.488     2.028     0.060        10
   373.338    17.859     0.060        13
   377.031    18.156     0.060        13
   286.327     2.154     0.060        30
   287.139     2.440     0.060        30
   287.940     2.741     0.060        30
   288.735    -1.000     0.000         0
   287.139     1.027     0.060         1
   287.940     0.554     0.060         1
   288.726     0.381     0.060         1
   287.464     1.375     0.060         3
   288.262     1.110     0.060         3
   100.927    31.728     0.060         5
   106.042    31.030     0.060         5
   109.315    30.574     0.060         5
   113.050    30.148     0.060         5
   118.292    29.584     0.060         5
   125.312    28.544     0.060         5
   225.099    14.154     0.060         5
   231.133    13.266     0.060         5
   236.673    12.227     0.060         5
   239.970    11.647     0.060         5
   242.120    11.322     0.060         5
   243.857    11.085     0.060         5
   244.622    10.936     0.060         5
   245.387    10.796     0.060         5
   246.129    10.699     0.060         5
   246.888    10.574     0.060         5
   248.147    10.314     0.060         5
   248.921    10.146     0.060         5
   249.709     9.992     0.060         5
   250.785     9.781     0.060         5
   251.574     9.611     0.060         5
   252.363     9.428     0.060         5
   253.173     9.255     0.060         5
   253.946     9.097     0.060         5
   254.727     8.920     0.060         5
   255.498     8.728     0.060         5
   256.273     8.548     0.060         5
   257.047     8.372     0.060         5
   257.842     8.202     0.060         5
   258.640     8.029     0.060         5
   259.439     7.821     0.060         5
   260.702     7.606     0.060         5
   261.651     7.462     0.060         5
   262.460     7.300     0.060         5
   263.272     7.152     0.060         5
   264.081     7.020     0.060         5
   264.892     6.894     0.060         5
   265.713     6.744     0.060         5
   266.537     6.583     0.060         5
   267.346     6.400     0.060         5
   268.158     6.210     0.060         5
   268.955     6.017     0.060         5
   269.750     5.816     0.060         5
   270.558     5.601     0.060         5
   271.355     5.420     0.060         5
   272.162     5.238     0.060         5
   273.294     4.952     0.060         5
   274.100     4.740     0.060         5
   274.912     4.509     0.060         5
   275.737     4.314     0.060         5
   276.557     4.134     0.060         5
   277.367     3.956     0.060         5
   278.163     3.753     0.060         5
   278.975     3.532     0.060         5
   279.773     3.343     0.060         5
   280.577     3.167     0.060         5
   281.381     2.961     0.060         5
   282.172     2.747     0.060         5
   282.973     2.529     0.060         5
   283.764     2.291     0.060         5
   284.565     2.089     0.060         5
   288.735     1.000     0.000         0
   289.387     0.645     0.060         1
   290.201     1.035     0.060         1
   289.065     1.158     0.060         3
   289.879     1.421     0.060         3
   292.144     1.766     0.060         5
   292.948     1.971     0.060         5
   293.717     2.163     0.060         5
   294.497     2.350     0.060         5
   295.277     2.550     0.060         5
   296.043     2.809     0.060         5
   296.812     3.004     0.060         5
   297.581     3.208     0.060         5
   298.357     3.384     0.060         5
   299.114     3.553     0.060         5
   299.874     3.758     0.060         5
   300.633     3.898     0.060         5
   301.382     4.062     0.060         5
   302.171     4.175     0.060         5
   302.966     4.347     0.060         5
   303.748     4.521     0.060         5
   304.532     4.692     0.060         5
   305.320     4.832     0.060         5
   306.094     4.978     0.060         5
   306.884     5.114     0.060         5
   307.661     5.241     0.060         5
   308.444     5.392     0.060         5
   309.224     5.562     0.060         5
   310.008     5.699     0.060         5
   310.793     5.844     0.060         5
   311.566     5.968     0.060         5
   312.354     6.117     0.060         5
   313.131     6.243     0.060         5
   315.627     6.681     0.060         5
   317.994     7.101     0.060         5
   320.684     7.610     0.060         5
   323.149     8.034     0.060         5
   325.598     8.478     0.060         5
   327.946     8.914     0.060         5
   330.124     9.302     0.060         5
   332.146     9.645     0.060         5
   334.436    10.098     0.060         5
   336.645    10.495     0.060         5
   339.352    10.941     0.060         5
   341.882    11.238     0.060         5
   344.611    11.639     0.060         5
   348.725    12.286     0.060         5
   351.906    13.607     0.060         8
   354.739    13.979     0.060         8
   357.417    14.320     0.060         8
   359.818    14.698     0.060         8
   362.043    15.188     0.060         8
   364.945    15.922     0.060         8
   367.340    16.441     0.060         8
   370.022    16.903     0.060         8
   373.012    17.216     0.060         8
   292.308     2.045     0.060        30
   293.099     2.375     0.060        30
   293.881     2.637     0.060        30
   294.793    -1.000     0.000         0
   293.568     0.842     0.060         1
   294.348     0.520     0.060         1
   293.568     1.414     0.060         3
   294.348     1.325     0.060         3
   102.462    32.255     0.060         5
   109.006    31.358     0.060         5
   117.188    30.326     0.060         5
   122.959    29.569     0.060         5
   129.250    28.642     0.060         5
   137.099    27.820     0.060         5
   145.434    26.658     0.060         5
   152.400    25.529     0.060         5
   225.680    14.778     0.060         5
   229.319    14.279     0.060         5
   232.128    13.806     0.060         5
   234.389    13.430     0.060         5
   237.542    12.863     0.060         5
   240.134    12.427     0.060         5
   242.414    12.076     0.060         5
   243.717    11.846     0.060         5
   244.461    11.716     0.060         5
   245.240    11.585     0.060         5
   245.976    11.448     0.060         5
   246.735    11.311     0.060         5
   247.521    11.155     0.060         5
   248.610    10.973     0.060         5
   249.397    10.785     0.060         5
   250.164    10.639     0.060         5
   250.939    10.497     0.060         5
   251.728    10.354     0.060         5
   252.528    10.196     0.060         5
   253.327    10.006     0.060         5
   254.096     9.848     0.060         5
   254.878     9.685     0.060         5
   255.660     9.498     0.060         5
   256.434     9.336     0.060         5
   257.208     9.173     0.060         5
   258.006     8.988     0.060         5
   258.802     8.810     0.060         5
   259.593     8.632     0.060         5
   260.391     8.461     0.060         5
   261.179     8.317     0.060         5
   261.977     8.185     0.060         5
   262.786     8.036     0.060         5
   263.584     7.902     0.060         5
   264.401     7.770     0.060         5
   265.222     7.630     0.060         5
   266.043     7.487     0.060         5
   266.863     7.331     0.060         5
   267.672     7.169     0.060         5
   268.473     6.978     0.060         5
   269.276     6.806     0.060         5
   270.074     6.626     0.060         5
   270.876     6.435     0.060         5
   271.684     6.256     0.060         5
   272.488     6.098     0.060         5
   273.294     5.889     0.060         5
   274.100     5.656     0.060         5
   274.912     5.461     0.060         5
   275.737     5.292     0.060         5
   276.557     5.133     0.060         5
   277.368     4.976     0.060         5
   278.163     4.787     0.060         5
   278.975     4.601     0.060         5
   279.773     4.440     0.060         5
   280.577     4.279     0.060         5
   281.382     4.105     0.060         5
   282.172     3.928     0.060         5
   282.974     3.751     0.060         5
   283.764     3.571     0.060         5
   284.565     3.372     0.060         5
   285.370     3.145     0.060         5
   286.174     2.897     0.060         5
   234.949    14.043     0.060         8
   237.251    13.731     0.060         8
   240.134    13.260     0.060         8
   287.790     2.527     0.060        10
   289.879     1.977     0.060        10
    97.204    32.593     0.060        13
   105.259    31.547     0.060        13
   111.817    30.803     0.060        13
   119.890    29.775     0.060        13
   141.416    27.855     0.060        14
   146.566    27.054     0.060        14
   229.596    14.928     0.060        14
   243.857    12.484     0.060        14
   244.622    12.323     0.060        14
   245.387    12.235     0.060        14
   246.129    12.109     0.060        14
   246.888    11.947     0.060        14
   247.671    11.820     0.060        14
   248.459    11.662     0.060        14
   249.236    11.500     0.060        14
   250.013    11.390     0.060        14
   250.785    11.231     0.060        14
   251.574    11.034     0.060        14
   252.363    10.859     0.060        14
   253.174    10.659     0.060        14
   253.946    10.527     0.060        14
   254.728    10.346     0.060        14
   255.499    10.188     0.060        14
   256.273    10.010     0.060        14
   257.047     9.835     0.060        14
   257.842     9.640     0.060        14
   258.641     9.487     0.060        14
   259.439     9.307     0.060        14
   260.230     9.103     0.060        14
   261.014     8.974     0.060        14
   261.813     8.830     0.060        14
   262.625     8.705     0.060        14
   263.434     8.544     0.060        14
   264.243     8.410     0.060        14
   265.053     8.260     0.060        14
   265.882     8.121     0.060        14
   266.699     7.987     0.060        14
   267.511     7.829     0.060        14
   268.320     7.627     0.060        14
   269.119     7.444     0.060        14
   269.917     7.273     0.060        14
   270.712     7.087     0.060        14
   271.519     6.928     0.060        14
   272.324     6.758     0.060        14
   273.133     6.547     0.060        14
   273.939     6.339     0.060        14
   274.748     6.079     0.060        14
   275.573     5.885     0.060        14
   276.399     5.751     0.060        14
   277.207     5.588     0.060        14
   278.002     5.412     0.060        14
   278.811     5.226     0.060        14
   279.612     5.067     0.060        14
   280.413     4.893     0.060        14
   281.218     4.711     0.060        14
   282.022     4.530     0.060        14
   282.812     4.348     0.060        14
   283.603     4.163     0.060        14
   284.404     3.977     0.060        14
   285.205     3.779     0.060        14
   286.013     3.576     0.060        14
   286.814     3.376     0.060        14
   287.626     3.192     0.060        14
   249.709    16.345     0.060        24
   251.881    15.664     0.060        24
   254.258    15.051     0.060        24
   255.811    14.562     0.060        24
   258.479    13.831     0.060        24
   261.014    13.017     0.060        24
   263.434    12.441     0.060        24
   265.882    11.776     0.060        24
   267.347    11.269     0.060        24
   269.119    10.658     0.060        24
   272.163     9.650     0.060        24
   275.412     8.573     0.060        24
   294.793     1.000     0.000         0
   295.428     0.695     0.060         1
   296.194     1.103     0.060         1
   302.656     3.207     0.060         5
   303.437     3.394     0.060         5
   304.221     3.573     0.060         5
   304.998     3.730     0.060         5
   305.782     3.916     0.060         5
   306.570     4.072     0.060         5
   307.350     4.177     0.060         5
   308.130     4.339     0.060         5
   308.913     4.537     0.060         5
   309.697     4.704     0.060         5
   310.481     4.832     0.060         5
   311.255     4.948     0.060         5
   312.043     5.084     0.060         5
   312.817     5.229     0.060         5
   313.604     5.365     0.060         5
   314.693     5.580     0.060         5
   315.466     5.692     0.060         5
   316.240     5.853     0.060         5
   317.350     6.018     0.060         5
   318.159     6.167     0.060         5
   318.954     6.346     0.060         5
   319.746     6.491     0.060         5
   320.523     6.657     0.060         5
   321.754     6.916     0.060         5
   322.520     7.085     0.060         5
   323.300     7.222     0.060         5
   324.209     7.385     0.060         5
   324.975     7.507     0.060         5
   325.760     7.692     0.060         5
   326.544     7.838     0.060         5
   327.326     7.954     0.060         5
   328.107     8.098     0.060         5
   328.891     8.239     0.060         5
   329.669     8.365     0.060         5
   330.436     8.502     0.060         5
   331.208     8.614     0.060         5
   331.993     8.760     0.060         5
   332.768     8.893     0.060         5
   333.522     9.058     0.060         5
   334.283     9.195     0.060         5
   335.058     9.361     0.060         5
   335.852     9.526     0.060         5
   336.645     9.642     0.060         5
   337.452     9.767     0.060         5
   338.245     9.885     0.060         5
   339.040     9.992     0.060         5
   339.833    10.105     0.060         5
   340.614    10.188     0.060         5
   341.567    10.330     0.060         5
   342.361    10.428     0.060         5
   343.165    10.549     0.060         5
   343.979    10.651     0.060         5
   344.773    10.772     0.060         5
   345.563    10.904     0.060         5
   346.353    11.038     0.060         5
   347.154    11.170     0.060         5
   347.937    11.297     0.060         5
   348.726    11.393     0.060         5
   349.519    11.538     0.060         5
   350.322    11.669     0.060         5
   351.114    11.810     0.060         5
   339.674    11.435     0.060         8
   343.818    11.944     0.060         8
   347.308    12.437     0.060         8
   350.792    12.943     0.060         8
   355.054    13.418     0.060         8
   358.700    13.927     0.060         8
   361.581    14.445     0.060         8
   364.795    15.195     0.060         8
   368.606    15.949     0.060         8
   372.851    16.465     0.060         8
   377.356    16.928     0.060         8
   296.963     1.481     0.060         9
   297.736     1.819     0.060         9
   298.501     2.115     0.060        10
   299.269     2.339     0.060        10
   300.027     2.559     0.060        10
   300.786     2.786     0.060        10
   302.022     3.902     0.060        14
   304.221     4.361     0.060        14
   306.570     4.816     0.060        14
   309.074     5.285     0.060        14
   312.043     5.814     0.060        14
   315.466     6.431     0.060        14
   317.995     6.864     0.060        14
   320.684     7.364     0.060        14
   322.520     7.760     0.060        14
   324.975     8.217     0.060        14
   327.638     8.711     0.060        14
   329.970     9.134     0.060        14
   332.297     9.512     0.060        14
   334.437     9.892     0.060        14
   336.491    10.272     0.060        14
   338.718    10.684     0.060        14
   342.522    11.183     0.060        14
   345.402    11.584     0.060        14
   348.091    12.010     0.060        14
   309.697     7.956     0.060        24
   311.731     8.536     0.060        24
   313.755     9.118     0.060        24
   318.793    10.790     0.060        24
   320.835    11.437     0.060        24
   322.835    11.970     0.060        24
   324.975    12.626     0.060        24
   326.853    13.134     0.060        24
   328.266    13.564     0.060        24
   330.750    14.287     0.060        24
   332.451    14.842     0.060        24
   334.133    15.268     0.060        24
   344.926    18.471     0.060        24
   346.990    18.975     0.060        24
   300.793    -1.000     0.000         0
   299.268     1.126     0.060         1
   300.025     0.810     0.060         1
   300.759     0.702     0.060         1
   300.481     1.362     0.060         3
   119.890    30.755     0.060         5
   126.560    29.880     0.060         5
   131.491    29.197     0.060         5
   135.043    28.785     0.060         5
   138.366    28.415     0.060         5
   142.866    27.807     0.060         5
   147.042    27.190     0.060         5
   150.536    26.614     0.060         5
   153.787    26.001     0.060         5
   226.855    15.390     0.060         5
   230.993    14.866     0.060         5
   235.239    14.152     0.060         5
   238.574    13.629     0.060         5
   241.354    13.166     0.060         5
   243.717    12.721     0.060         5
   244.461    12.534     0.060         5
   245.239    12.406     0.060         5
   245.975    12.312     0.060         5
   246.734    12.189     0.060         5
   247.520    12.031     0.060         5
   248.297    11.894     0.060         5
   249.085    11.708     0.060         5
   249.859    11.596     0.060         5
   250.632    11.456     0.060         5
   251.410    11.309     0.060         5
   252.199    11.093     0.060         5
   253.009    10.952     0.060         5
   253.796    10.803     0.060         5
   254.567    10.685     0.060         5
   255.348    10.479     0.060         5
   256.122    10.301     0.060         5
   256.896    10.116     0.060         5
   257.681     9.904     0.060         5
   258.479     9.737     0.060         5
   259.278     9.565     0.060         5
   260.068     9.419     0.060         5
   260.864     9.241     0.060         5
   261.651     9.101     0.060         5
   262.460     8.973     0.060         5
   263.272     8.876     0.060         5
   264.081     8.765     0.060         5
   264.892     8.609     0.060         5
   265.713     8.469     0.060         5
   266.537     8.336     0.060         5
   267.346     8.175     0.060         5
   268.158     8.006     0.060         5
   268.954     7.823     0.060         5
   269.750     7.654     0.060         5
   270.559     7.489     0.060         5
   271.355     7.323     0.060         5
   272.163     7.101     0.060         5
   272.971     6.898     0.060         5
   273.777     6.742     0.060         5
   274.586     6.551     0.060         5
   275.412     6.350     0.060         5
   276.227     6.172     0.060         5
   277.048     6.023     0.060         5
   277.840     5.862     0.060         5
   278.649     5.669     0.060         5
   279.447     5.513     0.060         5
   280.262     5.375     0.060         5
   281.056     5.209     0.060         5
   281.857     5.064     0.060         5
   282.648     4.893     0.060         5
   283.452     4.737     0.060         5
   284.239     4.553     0.060         5
   285.044     4.383     0.060         5
   285.848     4.214     0.060         5
   286.652     4.044     0.060         5
   287.464     3.855     0.060         5
   288.262     3.678     0.060         5
   289.065     3.507     0.060         5
   289.878     3.358     0.060         5
   290.687     3.221     0.060         5
   291.503     3.085     0.060         5
   292.307     2.961     0.060         5
   222.635    16.024     0.060         8
   225.099    15.988     0.060         8
   228.748    15.631     0.060         8
   231.851    15.322     0.060         8
   234.809    14.847     0.060         8
   238.423    14.243     0.060         8
   241.669    13.826     0.060         8
   293.412     2.776     0.060        10
   294.182     2.642     0.060        10
   294.961     2.447     0.060        10
   295.731     2.283     0.060        10
   296.497     2.119     0.060        10
   124.686    29.689     0.060        13
   130.692    29.124     0.060        13
   136.472    28.491     0.060        13
   237.541    14.371     0.060        14
   242.274    13.630     0.060        14
   247.203    12.808     0.060        14
   252.363    11.786     0.060        14
   257.047    10.828     0.060        14
   261.178     9.900     0.060        14
   266.043     9.031     0.060        14
   271.041     8.033     0.060        14
   276.227     6.917     0.060        14
   280.413     6.038     0.060        14
   283.288     5.398     0.060        14
   286.652     4.660     0.060        14
   290.200     3.898     0.060        14
   249.397    19.532     0.060        24
   253.796    18.102     0.060        24
   292.783     3.696     0.060        30
   295.276     2.800     0.060        30
   300.793     1.000     0.000         0
   301.543     0.915     0.060         1
   302.332     1.297     0.060         1
   301.382     1.352     0.060         3
   307.662     3.033     0.060         5
   308.444     3.189     0.060         5
   309.224     3.409     0.060         5
   310.009     3.590     0.060         5
   310.793     3.743     0.060         5
   311.567     3.867     0.060         5
   312.355     4.032     0.060         5
   313.132     4.209     0.060         5
   313.905     4.337     0.060         5
   314.693     4.489     0.060         5
   315.467     4.676     0.060         5
   316.241     4.800     0.060         5
   317.039     4.942     0.060         5
   317.834     5.087     0.060         5
   318.632     5.248     0.060         5
   319.428     5.407     0.060         5
   320.220     5.579     0.060         5
   320.989     5.760     0.060         5
   321.755     5.895     0.060         5
   322.521     6.062     0.060         5
   323.301     6.201     0.060         5
   324.056     6.343     0.060         5
   324.825     6.470     0.060         5
   325.599     6.613     0.060         5
   326.384     6.776     0.060         5
   327.166     6.925     0.060         5
   327.947     7.068     0.060         5
   328.734     7.196     0.060         5
   329.507     7.323     0.060         5
   330.287     7.474     0.060         5
   331.055     7.585     0.060         5
   331.994     7.777     0.060         5
   332.769     7.930     0.060         5
   333.522     8.073     0.060         5
   334.284     8.228     0.060         5
   335.059     8.387     0.060         5
   335.852     8.531     0.060         5
   336.645     8.664     0.060         5
   337.452     8.801     0.060         5
   338.245     8.935     0.060         5
   339.041     9.063     0.060         5
   339.833     9.218     0.060         5
   340.614     9.304     0.060         5
   341.404     9.358     0.060         5
   342.197     9.458     0.060         5
   343.001     9.561     0.060         5
   343.818     9.668     0.060         5
   344.612     9.790     0.060         5
   345.402     9.902     0.060         5
   346.203    10.046     0.060         5
   346.991    10.190     0.060         5
   347.787    10.318     0.060         5
   348.572    10.446     0.060         5
   349.358    10.582     0.060         5
   350.164    10.714     0.060         5
   350.953    10.862     0.060         5
   351.745    11.008     0.060         5
   351.114    12.110     0.060         8
   353.016    12.346     0.060         8
   355.834    12.698     0.060         8
   360.130    13.449     0.060         8
   363.825    14.197     0.060         8
   367.655    14.942     0.060         8
   372.067    15.546     0.060         8
   375.744    15.958     0.060         8
   378.987    16.135     0.060         8
   381.552    16.093     0.060         8
   383.590    16.097     0.060         8
   387.781    16.673     0.060         8
   392.010    17.531     0.060         8
   396.201    18.446     0.060         8
   303.748     2.023     0.060        10
   304.684     2.351     0.060        10
   305.783     2.640     0.060        10
   308.912     4.021     0.060        14
   310.944     4.425     0.060        14
   312.817     4.818     0.060        14
   315.005     5.230     0.060        14
   317.351     5.689     0.060        14
   319.116     6.014     0.060        14
   320.836     6.362     0.060        14
   322.986     6.795     0.060        14
   325.288     7.190     0.060        14
   327.477     7.623     0.060        14
   329.507     7.974     0.060        14
   331.209     8.252     0.060        14
   332.922     8.546     0.060        14
   335.059     8.984     0.060        14
   337.452     9.382     0.060        14
   338.879     9.633     0.060        14
   340.453     9.845     0.060        14
   342.361    10.102     0.060        14
   343.818    10.348     0.060        14
   345.727    10.657     0.060        14
   347.623    10.923     0.060        14
   323.755    10.719     0.060        24
   326.384    11.529     0.060        24
   329.198    12.240     0.060        24
   331.055    12.748     0.060        24
   333.826    13.488     0.060        24
   380.431    27.309     0.060        24
   387.942    29.219     0.060        24
   306.784    -1.000     0.000         0
   305.321     1.185     0.060         1
   306.094     0.902     0.060         1
   306.094     1.497     0.060         2
    99.841    34.055     0.060         5
   105.727    33.245     0.060         5
   112.440    32.396     0.060         5
   116.715    31.906     0.060         5
   122.798    31.051     0.060         5
   128.120    30.354     0.060         5
   133.426    29.649     0.060         5
   138.215    29.077     0.060         5
   144.310    28.223     0.060         5
   149.745    27.386     0.060         5
   232.558    15.426     0.060         5
   234.112    15.172     0.060         5
   236.383    14.773     0.060         5
   237.982    14.471     0.060         5
   239.970    14.160     0.060         5
   241.819    13.862     0.060         5
   244.163    13.450     0.060         5
   247.203    12.914     0.060         5
   250.632    12.257     0.060         5
   253.946    11.581     0.060         5
   256.273    11.090     0.060         5
   258.641    10.556     0.060         5
   261.651     9.953     0.060         5
   263.745     9.620     0.060         5
   264.562     9.471     0.060         5
   265.383     9.321     0.060         5
   266.204     9.195     0.060         5
   267.024     9.074     0.060         5
   267.833     8.908     0.060         5
   268.637     8.730     0.060         5
   269.429     8.578     0.060         5
   270.238     8.384     0.060         5
   271.041     8.215     0.060         5
   271.837     8.047     0.060         5
   272.649     7.867     0.060         5
   273.455     7.686     0.060         5
   274.261     7.480     0.060         5
   275.073     7.270     0.060         5
   275.902     7.099     0.060         5
   276.729     6.980     0.060         5
   277.529     6.854     0.060         5
   278.324     6.675     0.060         5
   279.125     6.512     0.060         5
   279.934     6.363     0.060         5
   280.738     6.214     0.060         5
   281.543     6.040     0.060         5
   282.333     5.876     0.060         5
   283.127     5.711     0.060         5
   283.928     5.582     0.060         5
   284.729     5.412     0.060         5
   285.531     5.238     0.060         5
   286.327     5.064     0.060         5
   287.139     4.898     0.060         5
   287.940     4.730     0.060         5
   288.743     4.572     0.060         5
   289.557     4.450     0.060         5
   290.366     4.340     0.060         5
   291.182     4.208     0.060         5
   291.994     4.067     0.060         5
   292.785     3.938     0.060         5
   293.568     3.841     0.060         5
   294.347     3.748     0.060         5
   295.114     3.635     0.060         5
   295.883     3.550     0.060         5
   296.663     3.421     0.060         5
   297.432     3.277     0.060         5
   298.194     3.186     0.060         5
   298.961     3.035     0.060         5
   299.728     2.876     0.060         5
   300.481     2.703     0.060         5
   223.786    16.769     0.060         8
   225.973    16.613     0.060         8
   227.737    16.385     0.060         8
   230.440    16.061     0.060         8
   233.972    15.563     0.060         8
   237.100    15.043     0.060         8
   240.295    14.569     0.060         8
   243.717    14.116     0.060         8
   301.542     2.456     0.060        10
   302.655     2.141     0.060        10
   303.437     1.932     0.060        10
    97.515    33.869     0.060        13
   107.923    32.583     0.060        13
   122.472    30.789     0.060        13
   131.330    29.743     0.060        13
   252.845    12.330     0.060        14
   255.348    11.796     0.060        14
   258.168    11.200     0.060        14
   260.702    10.671     0.060        14
   264.242    10.115     0.060        14
   267.185     9.566     0.060        14
   269.429     9.059     0.060        14
   272.163     8.497     0.060        14
   274.422     8.002     0.060        14
   276.399     7.516     0.060        14
   278.324     7.114     0.060        14
   280.892     6.580     0.060        14
   283.452     6.082     0.060        14
   286.174     5.509     0.060        14
   288.743     5.030     0.060        14
   291.504     4.588     0.060        14
   294.813     4.085     0.060        14
   298.358     3.546     0.060        14
   240.295    23.298     0.060        24
   248.459    20.592     0.060        24
   251.574    19.635     0.060        24
   306.784     1.000     0.000         0
   307.511     0.982     0.060         1
   308.291     1.329     0.060         1
   307.511     1.666     0.060         2
   312.505     2.720     0.060         5
   313.292     2.913     0.060         5
   314.069     3.070     0.060         5
   315.004     3.296     0.060         5
   315.778     3.481     0.060         5
   316.555     3.633     0.060         5
   317.350     3.769     0.060         5
   318.159     3.951     0.060         5
   318.954     4.129     0.060         5
   319.746     4.296     0.060         5
   320.523     4.488     0.060         5
   321.300     4.667     0.060         5
   322.055     4.832     0.060         5
   322.835     5.007     0.060         5
   323.604     5.153     0.060         5
   324.360     5.305     0.060         5
   325.126     5.465     0.060         5
   325.921     5.629     0.060         5
   327.165     5.851     0.060         5
   328.424     6.148     0.060         5
   330.590     6.593     0.060         5
   332.604     6.961     0.060         5
   334.283     7.285     0.060         5
   336.002     7.622     0.060         5
   337.769     7.932     0.060         5
   339.513     8.178     0.060         5
   341.091     8.414     0.060         5
   342.686     8.624     0.060         5
   344.294     8.849     0.060         5
   346.039     9.104     0.060         5
   347.787     9.381     0.060         5
   349.680     9.671     0.060         5
   352.067    10.053     0.060         5
   310.159     2.123     0.060        10
   313.131     3.442     0.060        14
   316.090     4.103     0.060        14
   317.995     4.570     0.060        14
   320.370     5.060     0.060        14
   322.835     5.682     0.060        14
   325.599     6.248     0.060        14
   327.799     6.689     0.060        14
   330.286     7.207     0.060        14
   332.297     7.620     0.060        14
   333.979     7.954     0.060        14
   336.645     8.402     0.060        14
   339.201     8.780     0.060        14
   342.046     9.162     0.060        14
   343.818     9.382     0.060        14
   346.514     9.838     0.060        14
   348.890    10.224     0.060        14
   351.433    10.668     0.060        14
   333.072    11.771     0.060        24
   336.645    12.786     0.060        24
   340.772    14.031     0.060        24
   345.878    15.528     0.060        24
   349.841    16.546     0.060        24
   363.825    20.467     0.060        24
   318.781    -1.000     0.000         0
   316.555     1.641     0.060         1
   317.351     1.258     0.060         1
   318.159     0.998     0.060         1
   317.673     1.830     0.060         3
   318.482     1.736     0.060         3
   232.986    17.083     0.060         5
   233.693    16.984     0.060         5
   234.389    16.872     0.060         5
   235.100    16.748     0.060         5
   235.810    16.648     0.060         5
   236.523    16.520     0.060         5
   237.251    16.387     0.060         5
   237.983    16.296     0.060         5
   238.725    16.185     0.060         5
   239.505    16.026     0.060         5
   240.296    15.940     0.060         5
   241.207    15.766     0.060         5
   241.970    15.663     0.060         5
   242.704    15.545     0.060         5
   243.419    15.421     0.060         5
   244.314    15.249     0.060         5
   245.388    15.095     0.060         5
   246.130    14.994     0.060         5
   247.053    14.791     0.060         5
   247.836    14.648     0.060         5
   248.610    14.509     0.060         5
   249.397    14.332     0.060         5
   250.164    14.183     0.060         5
   250.939    14.036     0.060         5
   251.728    13.871     0.060         5
   252.528    13.702     0.060         5
   253.327    13.554     0.060         5
   254.097    13.376     0.060         5
   254.878    13.208     0.060         5
   255.660    13.063     0.060         5
   256.434    12.915     0.060         5
   257.208    12.735     0.060         5
   258.007    12.573     0.060         5
   258.802    12.386     0.060         5
   259.593    12.230     0.060         5
   260.391    12.069     0.060         5
   261.179    11.940     0.060         5
   261.977    11.817     0.060         5
   262.786    11.668     0.060         5
   263.584    11.548     0.060         5
   264.401    11.423     0.060         5
   265.222    11.292     0.060         5
   266.044    11.130     0.060         5
   266.863    10.996     0.060         5
   267.672    10.836     0.060         5
   268.474    10.664     0.060         5
   269.276    10.490     0.060         5
   270.074    10.315     0.060         5
   270.877    10.136     0.060         5
   271.684     9.965     0.060         5
   272.488     9.815     0.060         5
   273.294     9.639     0.060         5
   274.100     9.444     0.060         5
   274.912     9.250     0.060         5
   275.738     9.084     0.060         5
   276.557     8.956     0.060         5
   277.368     8.812     0.060         5
   278.163     8.643     0.060         5
   278.975     8.465     0.060         5
   279.773     8.319     0.060         5
   280.578     8.173     0.060         5
   281.382     8.011     0.060         5
   282.172     7.853     0.060         5
   282.974     7.706     0.060         5
   283.764     7.593     0.060         5
   284.566     7.440     0.060         5
   285.370     7.257     0.060         5
   286.174     7.078     0.060         5
   286.978     6.932     0.060         5
   287.790     6.784     0.060         5
   288.582     6.641     0.060         5
   289.388     6.516     0.060         5
   290.202     6.411     0.060         5
   291.021     6.287     0.060         5
   291.830     6.179     0.060         5
   292.624     6.086     0.060         5
   293.414     5.971     0.060         5
   294.184     5.902     0.060         5
   294.964     5.813     0.060         5
   295.733     5.715     0.060         5
   296.499     5.625     0.060         5
   297.279     5.503     0.060         5
   298.040     5.409     0.060         5
   298.808     5.333     0.060         5
   299.575     5.226     0.060         5
   300.331     5.098     0.060         5
   301.084     4.985     0.060         5
   301.862     4.929     0.060         5
   302.655     4.823     0.060         5
   303.437     4.687     0.060         5
   304.221     4.588     0.060         5
   304.998     4.448     0.060         5
   305.783     4.338     0.060         5
   306.570     4.129     0.060         5
   307.350     3.946     0.060         5
   308.130     3.784     0.060         5
   308.912     3.639     0.060         5
   309.697     3.499     0.060         5
   310.482     3.363     0.060         5
   311.256     3.182     0.060         5
   312.043     2.995     0.060         5
   221.928    18.494     0.060         8
   222.635    18.507     0.060         8
   223.356    18.512     0.060         8
   224.077    18.465     0.060         8
   224.809    18.423     0.060         8
   225.529    18.366     0.060         8
   226.275    18.256     0.060         8
   227.006    18.184     0.060         8
   227.738    18.075     0.060         8
   228.461    17.977     0.060         8
   229.179    17.884     0.060         8
   229.883    17.799     0.060         8
   230.577    17.699     0.060         8
   231.284    17.604     0.060         8
   231.988    17.505     0.060         8
   232.698    17.404     0.060         8
   233.416    17.297     0.060         8
   234.113    17.172     0.060         8
   234.809    17.062     0.060         8
   235.530    16.974     0.060         8
   236.240    16.869     0.060         8
   236.964    16.732     0.060         8
   237.692    16.619     0.060         8
   238.424    16.499     0.060         8
   239.190    16.394     0.060         8
   239.970    16.282     0.060         8
   240.744    16.173     0.060         8
   241.508    16.068     0.060         8
   242.274    15.977     0.060         8
   242.995    15.881     0.060         8
   243.717    15.790     0.060         8
   244.461    15.691     0.060         8
   245.240    15.569     0.060         8
   245.976    15.446     0.060         8
   246.735    15.332     0.060         8
   247.521    15.194     0.060         8
   248.298    15.029     0.060         8
   249.086    14.882     0.060         8
   249.860    14.777     0.060         8
   250.632    14.629     0.060         8
   251.410    14.494     0.060         8
   252.199    14.337     0.060         8
   253.010    14.202     0.060         8
   253.795    14.048     0.060         8
   254.567    13.904     0.060         8
   255.348    13.762     0.060         8
   256.122    13.625     0.060         8
   256.896    13.489     0.060         8
   257.681    13.334     0.060         8
   258.480    13.124     0.060         8
   259.278    12.992     0.060         8
   260.069    12.856     0.060         8
   260.864    12.737     0.060         8
   261.652    12.583     0.060         8
   262.461    12.460     0.060         8
   263.584    12.319     0.060         8
   264.401    12.187     0.060         8
   265.222    12.072     0.060         8
   266.044    11.970     0.060         8
   266.863    11.853     0.060         8
   267.672    11.741     0.060         8
   268.474    11.600     0.060         8
   269.276    11.475     0.060         8
   270.074    11.342     0.060         8
   270.877    11.175     0.060         8
   271.684    11.038     0.060         8
   272.488    10.861     0.060         8
   273.616    10.640     0.060         8
   274.748    10.400     0.060         8
   312.817     2.874     0.060        10
   313.605     2.707     0.060        10
   314.381     2.510     0.060        10
   117.809    32.873     0.060        13
   124.368    32.125     0.060        13
   132.457    31.146     0.060        13
   142.866    29.863     0.060        13
   151.156    28.539     0.060        13
   243.419    16.080     0.060        14
   249.086    15.108     0.060        14
   255.811    13.773     0.060        14
   263.434    12.243     0.060        14
   271.355    10.789     0.060        14
   278.163     9.360     0.060        14
   284.730     8.013     0.060        14
   293.568     6.561     0.060        14
   303.598     5.124     0.060        14
   318.781     1.000     0.000         0
   319.588     1.148     0.060         1
   320.370     1.483     0.060         1
   321.139     1.908     0.060         1
   319.276     1.752     0.060         3
   324.056     3.058     0.060         5
   324.825     3.235     0.060         5
   325.599     3.431     0.060         5
   326.383     3.625     0.060         5
   327.165     3.795     0.060         5
   327.946     3.963     0.060         5
   328.733     4.133     0.060         5
   329.506     4.282     0.060         5
   330.286     4.468     0.060         5
   331.055     4.636     0.060         5
   331.829     4.807     0.060         5
   332.604     4.980     0.060         5
   333.368     5.125     0.060         5
   334.133     5.310     0.060         5
   335.058     5.531     0.060         5
   336.645     5.929     0.060         5
   339.202     6.385     0.060         5
   342.197     6.815     0.060         5
   345.402     7.313     0.060         5
   349.208     7.934     0.060         5
   351.584     8.345     0.060         5
   365.424    11.239     0.060         5
   330.286     4.840     0.060         7
   333.368     5.389     0.060         7
   337.288     6.057     0.060         7
   341.092     6.712     0.060         7
   321.905     2.309     0.060        10
   322.671     2.625     0.060        10
   323.451     2.904     0.060        10
   324.975     4.020     0.060        14
   329.050     5.023     0.060        14
   333.522     5.963     0.060        14
   338.246     6.881     0.060        14
   344.773     7.829     0.060        14
   349.358     8.636     0.060        14
   324.769    -1.000     0.000         0
   322.370     1.870     0.060         1
   323.150     1.499     0.060         1
   323.905     1.247     0.060         1
   324.665     1.135     0.060         1
   323.451     1.695     0.060         2
   324.208     1.567     0.060         2
   323.150     2.024     0.060         3
   323.905     1.927     0.060         3
   324.665     1.933     0.060         3
   252.681    14.675     0.060         5
   257.047    13.809     0.060         5
   260.863    13.093     0.060         5
   265.552    12.220     0.060         5
   278.649     9.445     0.060         5
   283.764     8.418     0.060         5
   288.743     7.440     0.060         5
   290.366     7.237     0.060         5
   292.623     6.969     0.060         5
   294.813     6.728     0.060         5
   296.964     6.457     0.060         5
   299.421     6.122     0.060         5
   300.632     5.977     0.060         5
   301.542     5.862     0.060         5
   302.493     5.748     0.060         5
   303.597     5.590     0.060         5
   304.371     5.495     0.060         5
   305.320     5.353     0.060         5
   306.258     5.175     0.060         5
   307.046     5.057     0.060         5
   307.815     4.933     0.060         5
   308.597     4.809     0.060         5
   309.385     4.665     0.060         5
   310.159     4.536     0.060         5
   310.943     4.402     0.060         5
   311.731     4.262     0.060         5
   312.505     4.111     0.060         5
   313.292     4.004     0.060         5
   314.069     3.866     0.060         5
   314.843     3.713     0.060         5
   315.628     3.577     0.060         5
   316.405     3.436     0.060         5
   317.200     3.284     0.060         5
   317.995     3.129     0.060         5
   318.793     2.980     0.060         5
   231.560    18.383     0.060         8
   235.379    17.836     0.060         8
   239.970    17.088     0.060         8
   243.717    16.553     0.060         8
   247.986    15.861     0.060         8
   251.410    15.256     0.060         8
   255.810    14.392     0.060         8
   259.753    13.637     0.060         8
   320.524     2.634     0.060        10
   321.451     2.300     0.060        10
   230.160    19.464     0.060        14
   238.574    18.116     0.060        14
   245.240    16.896     0.060        14
   253.634    15.420     0.060        14
   258.479    14.370     0.060        14
   263.584    13.351     0.060        14
   270.238    12.057     0.060        14
   282.021     9.479     0.060        14
   288.421     8.333     0.060        14
   294.498     7.507     0.060        14
   299.267     6.993     0.060        14
   304.371     6.353     0.060        14
   310.632     5.326     0.060        14
   316.716     4.087     0.060        14
   324.769     1.000     0.000         0
   325.288     1.219     0.060         1
   326.071     1.484     0.060         1
   326.853     1.864     0.060         1
   327.637     2.314     0.060         1
   325.599     1.665     0.060         2
   325.128     1.963     0.060         3
   325.921     2.077     0.060         3
   326.691     2.244     0.060         3
   331.372     3.506     0.060         5
   332.297     3.725     0.060         5
   333.368     3.985     0.060         5
   334.132     4.181     0.060         5
   334.904     4.397     0.060         5
   335.687     4.584     0.060         5
   336.491     4.788     0.060         5
   337.288     4.987     0.060         5
   338.095     5.154     0.060         5
   338.879     5.308     0.060         5
   339.674     5.451     0.060         5
   340.453     5.594     0.060         5
   341.252     5.713     0.060         5
   342.046     5.829     0.060         5
   342.839     5.940     0.060         5
   343.654     6.081     0.060         5
   344.458     6.205     0.060         5
   345.251     6.345     0.060         5
   346.039     6.469     0.060         5
   346.840     6.618     0.060         5
   347.622     6.762     0.060         5
   348.408     6.899     0.060         5
   349.208     7.026     0.060         5
   350.003     7.177     0.060         5
   350.792     7.334     0.060         5
   351.583     7.483     0.060         5
   352.392     7.618     0.060         5
   353.176     7.727     0.060         5
   353.956     7.863     0.060         5
   354.739     7.976     0.060         5
   355.529     8.095     0.060         5
   356.312     8.205     0.060         5
   357.102     8.376     0.060         5
   357.896     8.528     0.060         5
   358.700     8.687     0.060         5
   359.504     8.835     0.060         5
   360.444     9.012     0.060         5
   361.259     9.195     0.060         5
   362.043     9.377     0.060         5
   362.841     9.517     0.060         5
   363.664     9.730     0.060         5
   365.109    10.084     0.060         5
   366.539    10.459     0.060         5
   328.424     2.692     0.060        10
   329.197     2.939     0.060        10
   329.971     3.165     0.060        10
   333.825     5.020     0.060        14
   337.606     5.789     0.060        14
   341.882     6.506     0.060        14
   346.679     7.370     0.060        14
   351.906     8.369     0.060        14
   357.578     9.341     0.060        14
   361.420    10.151     0.060        14
   363.825    10.715     0.060        14
   330.766    -1.000     0.000         0
   326.071     3.211     0.060         1
   326.853     2.790     0.060         1
   327.637     2.349     0.060         1
   328.424     1.995     0.060         1
   329.197     1.683     0.060         1
   329.969     1.462     0.060         1
   330.728     1.409     0.060         1
   330.587     1.727     0.060         2
   329.358     2.084     0.060         3
   330.123     1.972     0.060         3
   243.282    17.137     0.060         5
   245.387    16.752     0.060         5
   246.888    16.546     0.060         5
   247.986    16.320     0.060         5
   249.085    16.094     0.060         5
   251.103    15.746     0.060         5
   252.363    15.495     0.060         5
   254.257    15.104     0.060         5
   255.660    14.804     0.060         5
   257.046    14.507     0.060         5
   258.006    14.298     0.060         5
   258.801    14.123     0.060         5
   259.592    13.976     0.060         5
   260.702    13.768     0.060         5
   261.490    13.590     0.060         5
   262.299    13.446     0.060         5
   263.111    13.307     0.060         5
   263.906    13.202     0.060         5
   264.734    13.080     0.060         5
   265.552    12.950     0.060         5
   266.376    12.828     0.060         5
   267.185    12.678     0.060         5
   267.994    12.498     0.060         5
   268.802    12.313     0.060         5
   269.596    12.165     0.060         5
   270.394    12.009     0.060         5
   271.204    11.841     0.060         5
   271.998    11.679     0.060         5
   272.810    11.513     0.060         5
   273.616    11.328     0.060         5
   274.422    11.162     0.060         5
   275.237    10.939     0.060         5
   276.062    10.742     0.060         5
   276.887    10.555     0.060         5
   277.679    10.422     0.060         5
   278.488    10.235     0.060         5
   279.286    10.083     0.060         5
   280.098     9.935     0.060         5
   281.056     9.795     0.060         5
   281.857     9.642     0.060         5
   282.648     9.470     0.060         5
   283.452     9.341     0.060         5
   284.240     9.198     0.060         5
   285.369     8.938     0.060         5
   286.173     8.798     0.060         5
   286.977     8.637     0.060         5
   287.789     8.502     0.060         5
   288.582     8.373     0.060         5
   289.718     8.213     0.060         5
   290.527     8.104     0.060         5
   291.343     7.980     0.060         5
   292.145     7.870     0.060         5
   292.949     7.769     0.060         5
   293.718     7.690     0.060         5
   294.498     7.582     0.060         5
   295.278     7.504     0.060         5
   296.044     7.420     0.060         5
   296.813     7.325     0.060         5
   297.582     7.221     0.060         5
   298.357     7.121     0.060         5
   299.113     7.053     0.060         5
   299.873     6.963     0.060         5
   300.631     6.854     0.060         5
   301.381     6.815     0.060         5
   302.170     6.744     0.060         5
   302.966     6.664     0.060         5
   303.747     6.534     0.060         5
   304.532     6.422     0.060         5
   305.320     6.307     0.060         5
   306.094     6.181     0.060         5
   306.884     6.033     0.060         5
   307.661     5.918     0.060         5
   308.443     5.787     0.060         5
   309.223     5.635     0.060         5
   310.008     5.555     0.060         5
   310.792     5.458     0.060         5
   311.566     5.318     0.060         5
   312.354     5.187     0.060         5
   313.131     5.077     0.060         5
   314.069     4.930     0.060         5
   314.843     4.789     0.060         5
   315.627     4.666     0.060         5
   316.404     4.515     0.060         5
   317.199     4.354     0.060         5
   317.995     4.211     0.060         5
   318.793     4.083     0.060         5
   319.588     3.975     0.060         5
   320.370     3.818     0.060         5
   321.139     3.697     0.060         5
   321.905     3.562     0.060         5
   322.671     3.442     0.060         5
   323.451     3.296     0.060         5
   324.209     3.145     0.060         5
   324.975     2.959     0.060         5
   231.423    19.153     0.060         8
   235.529    18.510     0.060         8
   240.593    17.699     0.060         8
   246.734    16.766     0.060         8
   252.681    15.675     0.060         8
   257.208    14.799     0.060         8
   261.812    13.957     0.060         8
   268.320    13.021     0.060         8
   275.737    11.653     0.060         8
   282.812    10.457     0.060         8
   296.662     9.107     0.060         8
   246.269    17.290     0.060        14
   253.945    15.835     0.060        14
   263.906    13.877     0.060        14
   270.558    12.666     0.060        14
   277.048    11.379     0.060        14
   283.127    10.124     0.060        14
   288.743     8.958     0.060        14
   294.648     8.123     0.060        14
   303.597     7.102     0.060        14
   308.911     6.290     0.060        14
   314.380     5.424     0.060        14
   320.835     4.286     0.060        14
   243.569    28.400     0.060        24
   252.681    25.508     0.060        24
   260.863    23.202     0.060        24
   330.766     1.000     0.000         0
   331.525     1.519     0.060         1
   332.297     1.787     0.060         1
   333.072     2.131     0.060         1
   333.827     2.549     0.060         1
   334.592     2.938     0.060         1
   335.375     3.454     0.060         1
   331.207     1.765     0.060         2
   331.525     2.042     0.060         3
   332.297     2.257     0.060         3
   346.840     5.507     0.060         5
   348.256     5.735     0.060         5
   350.323     6.161     0.060         5
   352.393     6.498     0.060         5
   354.271     6.846     0.060         5
   356.463     7.206     0.060         5
   358.536     7.603     0.060         5
   361.096     8.175     0.060         5
   362.842     8.554     0.060         5
   364.795     9.026     0.060         5
   366.865     9.555     0.060         5
   368.921     9.948     0.060         5
   370.660    10.195     0.060         5
   372.852    10.497     0.060         5
   374.943    10.714     0.060         5
   377.031    10.942     0.060         5
   378.501    11.112     0.060         5
   380.105    11.258     0.060         5
   381.703    11.336     0.060         5
   334.592     2.809     0.060        10
   335.375     3.088     0.060        10
   336.168     3.271     0.060        10
   336.972     3.462     0.060        10
   337.772     3.604     0.060        10
   338.559     3.777     0.060        10
   339.354     3.953     0.060        10
   340.454     4.187     0.060        10
   347.787     6.131     0.060        14
   356.148     7.703     0.060        14
   363.986     9.492     0.060        14
   371.595    10.889     0.060        14
   381.867    11.876     0.060        14
   335.536     3.321     0.060        30
   336.329     3.628     0.060        30
   337.137     3.906     0.060        30
   337.933     4.163     0.060        30
   336.632    -1.000     0.000         0
   333.367     2.553     0.060         1
   334.133     2.156     0.060         1
   334.905     1.795     0.060         1
   335.688     1.593     0.060         1
   336.491     1.488     0.060         1
   335.688     1.986     0.060         2
   336.491     1.961     0.060         2
   335.059     2.269     0.060         3
   335.852     2.163     0.060         3
   336.618     2.138     0.060         3
   258.802    15.142     0.060         5
   263.111    14.324     0.060         5
   265.053    13.987     0.060         5
   266.863    13.687     0.060         5
   269.119    13.187     0.060         5
   271.205    12.755     0.060         5
   273.133    12.383     0.060         5
   274.748    12.052     0.060         5
   276.399    11.715     0.060         5
   277.841    11.443     0.060         5
   279.448    11.129     0.060         5
   281.217    10.781     0.060         5
   282.648    10.496     0.060         5
   284.565    10.111     0.060         5
   286.013     9.825     0.060         5
   287.626     9.544     0.060         5
   288.904     9.332     0.060         5
   290.040     9.163     0.060         5
   291.669     8.907     0.060         5
   293.568     8.689     0.060         5
   295.114     8.537     0.060         5
   296.499     8.376     0.060         5
   297.279     8.307     0.060         5
   298.040     8.231     0.060         5
   298.808     8.143     0.060         5
   299.575     8.029     0.060         5
   300.332     7.881     0.060         5
   301.084     7.831     0.060         5
   301.863     7.756     0.060         5
   302.655     7.665     0.060         5
   303.437     7.584     0.060         5
   304.221     7.460     0.060         5
   304.998     7.395     0.060         5
   305.783     7.291     0.060         5
   306.570     7.174     0.060         5
   307.350     7.023     0.060         5
   308.130     6.933     0.060         5
   308.913     6.838     0.060         5
   309.697     6.707     0.060         5
   310.482     6.613     0.060         5
   311.256     6.512     0.060         5
   312.043     6.406     0.060         5
   312.817     6.274     0.060         5
   313.605     6.199     0.060         5
   314.382     6.088     0.060         5
   315.155     5.938     0.060         5
   315.929     5.792     0.060         5
   316.717     5.677     0.060         5
   317.512     5.558     0.060         5
   318.321     5.439     0.060         5
   319.116     5.324     0.060         5
   319.908     5.222     0.060         5
   320.685     5.086     0.060         5
   321.451     4.981     0.060         5
   322.206     4.855     0.060         5
   322.986     4.722     0.060         5
   323.755     4.573     0.060         5
   324.511     4.423     0.060         5
   325.288     4.254     0.060         5
   326.072     4.109     0.060         5
   326.853     3.983     0.060         5
   327.638     3.800     0.060         5
   328.423     3.661     0.060         5
   329.194     3.519     0.060         5
   329.967     3.391     0.060         5
   330.747     3.260     0.060         5
   231.283    20.193     0.060         8
   236.382    19.366     0.060         8
   240.295    18.750     0.060         8
   246.430    17.702     0.060         8
   250.785    16.852     0.060         8
   252.199    16.606     0.060         8
   253.481    16.329     0.060         8
   255.348    16.001     0.060         8
   256.434    15.772     0.060         8
   257.842    15.523     0.060         8
   258.966    15.296     0.060         8
   259.915    15.120     0.060         8
   261.651    14.858     0.060         8
   262.947    14.658     0.060         8
   264.734    14.445     0.060         8
   266.205    14.214     0.060         8
   267.511    14.054     0.060         8
   269.276    13.716     0.060         8
   271.519    13.280     0.060         8
   273.294    12.918     0.060         8
   275.573    12.417     0.060         8
   277.529    12.093     0.060         8
   278.975    11.855     0.060         8
   280.577    11.585     0.060         8
   281.857    11.395     0.060         8
   283.928    11.077     0.060         8
   291.505    10.074     0.060         8
   294.963     9.801     0.060         8
   297.583     9.697     0.060         8
   302.021     9.355     0.060         8
   232.558    19.696     0.060        13
   235.379    19.267     0.060        13
   240.443    18.451     0.060        13
   245.240    17.678     0.060        13
   329.666     3.757     0.060        30
   330.432     3.540     0.060        30
   331.205     3.328     0.060        30
   331.991     3.090     0.060        30
   336.632     1.000     0.000         0
   337.134     1.552     0.060         1
   337.931     1.769     0.060         1
   338.718     2.093     0.060         1
   339.513     2.479     0.060         1
   337.452     2.090     0.060         2
   337.134     2.171     0.060         3
   343.490     3.646     0.060         5
   344.294     3.841     0.060         5
   345.090     4.036     0.060         5
   345.877     4.202     0.060         5
   346.679     4.401     0.060         5
   347.469     4.551     0.060         5
   348.255     4.685     0.060         5
   349.043     4.825     0.060         5
   349.841     4.994     0.060         5
   350.644     5.149     0.060         5
   351.433     5.338     0.060         5
   352.228     5.469     0.060         5
   353.016     5.622     0.060         5
   353.806     5.784     0.060         5
   354.586     5.946     0.060         5
   355.368     6.060     0.060         5
   356.148     6.194     0.060         5
   356.938     6.378     0.060         5
   357.742     6.545     0.060         5
   358.535     6.727     0.060         5
   359.339     6.904     0.060         5
   360.130     7.090     0.060         5
   360.934     7.276     0.060         5
   361.732     7.450     0.060         5
   362.519     7.626     0.060         5
   363.338     7.797     0.060         5
   364.147     8.041     0.060         5
   364.945     8.288     0.060         5
   365.749     8.563     0.060         5
   366.539     8.755     0.060         5
   367.340     8.924     0.060         5
   368.130     9.078     0.060         5
   368.921     9.219     0.060         5
   369.711     9.351     0.060         5
   370.498     9.490     0.060         5
   371.283     9.601     0.060         5
   372.067     9.689     0.060         5
   372.851     9.796     0.060         5
   373.652     9.828     0.060         5
   374.453     9.938     0.060         5
   375.268    10.050     0.060         5
   376.069    10.166     0.060         5
   376.870    10.256     0.060         5
   377.678    10.295     0.060         5
   378.500    10.365     0.060         5
   379.301    10.426     0.060         5
   380.105    10.500     0.060         5
   380.909    10.557     0.060         5
   381.702    10.579     0.060         5
   382.496    10.592     0.060         5
   383.286    10.641     0.060         5
   342.678    -1.000     0.000         0
   339.040     2.715     0.060         1
   339.833     2.240     0.060         1
   340.615     1.849     0.060         1
   341.404     1.523     0.060         1
   342.197     1.312     0.060         1
   341.092     2.271     0.060         2
   341.883     2.132     0.060         2
   342.656     2.056     0.060         2
   339.833     2.723     0.060         3
   340.615     2.495     0.060         3
   341.404     2.386     0.060         3
   342.197     2.323     0.060         3
   253.009    17.299     0.060         5
   255.499    16.808     0.060         5
   257.842    16.304     0.060         5
   260.068    15.850     0.060         5
   262.138    15.506     0.060         5
   264.734    15.110     0.060         5
   267.995    14.513     0.060         5
   270.712    13.911     0.060         5
   273.133    13.418     0.060         5
   275.737    12.891     0.060         5
   278.163    12.438     0.060         5
   281.056    11.875     0.060         5
   284.090    11.260     0.060         5
   286.978    10.724     0.060         5
   288.905    10.329     0.060         5
   289.718    10.227     0.060         5
   290.527    10.118     0.060         5
   291.344    10.020     0.060         5
   292.145     9.950     0.060         5
   292.949     9.830     0.060         5
   293.718     9.717     0.060         5
   294.498     9.637     0.060         5
   295.278     9.567     0.060         5
   296.044     9.483     0.060         5
   296.814     9.421     0.060         5
   297.583     9.313     0.060         5
   298.358     9.186     0.060         5
   299.115     9.137     0.060         5
   299.874     9.046     0.060         5
   300.633     8.993     0.060         5
   301.382     8.896     0.060         5
   302.172     8.823     0.060         5
   302.967     8.750     0.060         5
   303.749     8.626     0.060         5
   304.845     8.485     0.060         5
   307.046     8.183     0.060         5
   307.815     8.039     0.060         5
   308.598     7.954     0.060         5
   309.386     7.826     0.060         5
   310.160     7.732     0.060         5
   312.043     7.432     0.060         5
   314.382     7.093     0.060         5
   316.405     6.799     0.060         5
   318.482     6.533     0.060         5
   320.370     6.315     0.060         5
   322.521     6.006     0.060         5
   324.361     5.733     0.060         5
   326.072     5.456     0.060         5
   327.947     5.144     0.060         5
   329.970     4.908     0.060         5
   330.750     4.765     0.060         5
   331.525     4.649     0.060         5
   332.298     4.456     0.060         5
   333.073     4.351     0.060         5
   225.679    21.917     0.060         8
   229.028    21.459     0.060         8
   231.851    21.007     0.060         8
   235.529    20.395     0.060         8
   238.273    19.960     0.060         8
   240.443    19.668     0.060         8
   243.419    19.187     0.060         8
   246.888    18.598     0.060         8
   250.013    18.029     0.060         8
   252.845    17.459     0.060         8
   255.811    16.929     0.060         8
   257.681    16.533     0.060         8
   259.915    16.096     0.060         8
   263.584    15.557     0.060         8
   266.538    15.152     0.060         8
   268.802    14.761     0.060         8
   270.877    14.385     0.060         8
   272.810    14.017     0.060         8
   276.557    13.308     0.060         8
   279.773    12.747     0.060         8
   283.452    12.094     0.060         8
   286.814    11.526     0.060         8
   291.830    10.932     0.060         8
   296.964    10.576     0.060         8
   300.332    10.434     0.060         8
   292.949    10.726     0.060        14
   299.115    10.042     0.060        14
   304.845     9.383     0.060        14
   310.160     8.653     0.060        14
   317.200     7.716     0.060        14
   322.207     7.059     0.060        14
   328.733     6.028     0.060        14
   250.317    30.023     0.060        24
   254.258    28.903     0.060        24
   291.021    18.439     0.060        24
   342.678     1.000     0.000         0
   343.001     1.320     0.060         1
   343.819     1.530     0.060         1
   344.612     1.857     0.060         1
   345.403     2.306     0.060         1
   346.204     2.786     0.060         1
   343.330     2.116     0.060         2
   343.001     2.275     0.060         3
   343.819     2.346     0.060         3
   344.612     2.505     0.060         3
   348.409     3.578     0.060         5
   349.209     3.772     0.060         5
   350.004     3.965     0.060         5
   350.792     4.196     0.060         5
   351.584     4.404     0.060         5
   352.393     4.587     0.060         5
   353.177     4.763     0.060         5
   353.957     4.895     0.060         5
   354.739     4.947     0.060         5
   355.530     5.128     0.060         5
   356.312     5.353     0.060         5
   357.103     5.478     0.060         5
   357.896     5.652     0.060         5
   358.700     5.802     0.060         5
   359.504     6.016     0.060         5
   360.295     6.252     0.060         5
   361.096     6.444     0.060         5
   361.893     6.630     0.060         5
   362.681     6.808     0.060         5
   363.500     7.008     0.060         5
   364.309     7.175     0.060         5
   365.109     7.447     0.060         5
   365.910     7.699     0.060         5
   366.701     7.969     0.060         5
   367.491     8.123     0.060         5
   368.292     8.258     0.060         5
   369.072     8.396     0.060         5
   369.862     8.595     0.060         5
   370.660     8.702     0.060         5
   371.444     8.789     0.060         5
   372.218     8.916     0.060         5
   373.013     8.998     0.060         5
   373.814     9.043     0.060         5
   374.615     9.155     0.060         5
   375.418     9.363     0.060         5
   376.219     9.469     0.060         5
   377.031     9.513     0.060         5
   377.843     9.579     0.060         5
   378.665     9.683     0.060         5
   379.466     9.749     0.060         5
   380.270     9.755     0.060         5
   382.342     9.737     0.060         5
   384.848     9.876     0.060         5
   388.558    10.381     0.060         5
   345.626    -1.000     0.000         0
   341.882     2.733     0.060         1
   342.686     2.259     0.060         1
   343.490     1.818     0.060         1
   344.294     1.471     0.060         1
   345.091     1.286     0.060         1
   344.459     2.114     0.060         2
   345.252     2.028     0.060         2
   343.819     2.372     0.060         3
   344.612     2.273     0.060         3
   345.402     2.224     0.060         3
   271.040    14.132     0.060         5
   273.294    13.723     0.060         5
   275.237    13.392     0.060         5
   277.367    12.977     0.060         5
   279.286    12.624     0.060         5
   281.056    12.276     0.060         5
   283.127    11.894     0.060         5
   285.044    11.524     0.060         5
   287.139    11.131     0.060         5
   288.904    10.809     0.060         5
   291.669    10.433     0.060         5
   293.718    10.172     0.060         5
   294.963    10.068     0.060         5
   296.044     9.943     0.060         5
   296.813     9.828     0.060         5
   297.582     9.727     0.060         5
   298.358     9.661     0.060         5
   299.114     9.562     0.060         5
   299.874     9.461     0.060         5
   300.632     9.360     0.060         5
   301.382     9.288     0.060         5
   302.171     9.217     0.060         5
   302.967     9.115     0.060         5
   303.748     9.019     0.060         5
   304.533     8.945     0.060         5
   305.320     8.865     0.060         5
   306.094     8.760     0.060         5
   306.885     8.663     0.060         5
   307.662     8.515     0.060         5
   308.444     8.389     0.060         5
   309.224     8.265     0.060         5
   310.009     8.185     0.060         5
   310.793     8.082     0.060         5
   311.567     7.942     0.060         5
   312.355     7.831     0.060         5
   313.132     7.745     0.060         5
   313.905     7.648     0.060         5
   314.693     7.523     0.060         5
   315.467     7.431     0.060         5
   316.241     7.344     0.060         5
   317.039     7.240     0.060         5
   317.834     7.102     0.060         5
   318.632     7.008     0.060         5
   319.427     6.912     0.060         5
   320.219     6.845     0.060         5
   320.989     6.728     0.060         5
   321.755     6.637     0.060         5
   322.521     6.541     0.060         5
   323.301     6.434     0.060         5
   324.056     6.310     0.060         5
   324.825     6.204     0.060         5
   325.599     6.075     0.060         5
   326.384     5.943     0.060         5
   327.165     5.811     0.060         5
   327.946     5.683     0.060         5
   328.732     5.559     0.060         5
   329.504     5.434     0.060         5
   330.284     5.313     0.060         5
   331.053     5.200     0.060         5
   331.828     5.084     0.060         5
   332.604     4.989     0.060         5
   230.159    21.631     0.060         8
   232.127    21.366     0.060         8
   234.252    20.997     0.060         8
   236.522    20.621     0.060         8
   239.504    20.142     0.060         8
   241.969    19.755     0.060         8
   243.856    19.464     0.060         8
   246.129    19.096     0.060         8
   248.770    18.631     0.060         8
   251.256    18.148     0.060         8
   253.946    17.613     0.060         8
   257.519    16.917     0.060         8
   260.229    16.398     0.060         8
   262.785    15.974     0.060         8
   265.713    15.486     0.060         8
   268.473    15.014     0.060         8
   271.998    14.380     0.060         8
   273.616    14.091     0.060         8
   275.737    13.706     0.060         8
   277.840    13.337     0.060         8
   279.447    13.048     0.060         8
   283.127    12.440     0.060         8
   287.303    11.757     0.060         8
   336.328     4.321     0.060        10
   337.135     4.173     0.060        10
   337.931     3.988     0.060        10
   338.719     3.760     0.060        10
   339.514     3.570     0.060        10
   340.306     3.337     0.060        10
   123.894    35.500     0.060        13
   127.805    35.079     0.060        13
   131.491    34.659     0.060        13
   275.573    14.145     0.060        14
   278.649    13.600     0.060        14
   282.333    12.947     0.060        14
   285.684    12.312     0.060        14
   288.904    11.726     0.060        14
   292.144    11.257     0.060        14
   294.498    10.932     0.060        14
   296.498    10.773     0.060        14
   298.961    10.444     0.060        14
   301.701    10.095     0.060        14
   304.998     9.679     0.060        14
   308.291     9.252     0.060        14
   311.417     8.841     0.060        14
   314.220     8.489     0.060        14
   317.834     8.004     0.060        14
   320.370     7.707     0.060        14
   323.150     7.277     0.060        14
   252.045    30.443     0.060        24
   255.348    29.507     0.060        24
   258.801    28.446     0.060        24
   345.626     1.000     0.000         0
   345.727     1.267     0.060         1
   346.514     1.420     0.060         1
   347.308     1.716     0.060         1
   348.090     2.150     0.060         1
   348.890     2.625     0.060         1
   346.038     2.056     0.060         2
   345.877     2.216     0.060         3
   346.678     2.306     0.060         3
   347.469     2.471     0.060         3
   353.806     4.235     0.060         5
   354.585     4.388     0.060         5
   355.368     4.538     0.060         5
   356.148     4.701     0.060         5
   356.938     4.855     0.060         5
   357.742     5.035     0.060         5
   358.535     5.247     0.060         5
   359.339     5.436     0.060         5
   360.130     5.644     0.060         5
   360.934     5.850     0.060         5
   361.732     6.035     0.060         5
   362.519     6.202     0.060         5
   363.338     6.412     0.060         5
   364.147     6.672     0.060         5
   364.945     6.905     0.060         5
   365.749     7.171     0.060         5
   366.539     7.389     0.060         5
   367.340     7.568     0.060         5
   368.130     7.739     0.060         5
   368.921     7.895     0.060         5
   369.711     8.032     0.060         5
   370.498     8.172     0.060         5
   371.282     8.298     0.060         5
   372.067     8.416     0.060         5
   372.851     8.507     0.060         5
   373.652     8.588     0.060         5
   374.453     8.683     0.060         5
   375.267     8.826     0.060         5
   376.068     8.985     0.060         5
   376.869     9.079     0.060         5
   377.678     9.125     0.060         5
   378.500     9.205     0.060         5
   379.301     9.229     0.060         5
   381.387     9.223     0.060         5
   383.751     9.230     0.060         5
   387.326     9.777     0.060         5
   390.296    10.405     0.060         5
   393.455    11.022     0.060         5
   349.842     3.057     0.060        10
   350.644     3.357     0.060        10
   351.433     3.653     0.060        10
   352.228     3.975     0.060        10
   355.683     5.483     0.060        14
   358.535     6.095     0.060        14
   360.294     6.554     0.060        14
   362.207     7.085     0.060        14
   364.147     7.657     0.060        14
   365.749     8.206     0.060        14
   368.445     8.778     0.060        14
   371.906     9.293     0.060        14
   375.582     9.637     0.060        14
   378.986     9.971     0.060        14
   381.866    10.034     0.060        14
   385.001    10.261     0.060        14
   388.095    10.764     0.060        14
   392.171    11.460     0.060        14
   348.590    -1.000     0.000         0
   346.040     2.076     0.060         1
   346.841     1.690     0.060         1
   347.624     1.428     0.060         1
   348.409     1.310     0.060         1
   347.624     1.871     0.060         2
   348.409     1.819     0.060         2
   347.156     2.424     0.060         3
   347.939     2.417     0.060         3
   256.435    17.520     0.060         5
   257.682    17.234     0.060         5
   259.117    16.923     0.060         5
   260.864    16.570     0.060         5
   262.139    16.324     0.060         5
   262.948    16.194     0.060         5
   263.746    16.085     0.060         5
   264.563    15.960     0.060         5
   265.714    15.817     0.060         5
   267.347    15.533     0.060         5
   268.474    15.312     0.060         5
   270.395    14.891     0.060         5
   271.356    14.653     0.060         5
   272.489    14.405     0.060         5
   273.617    14.171     0.060         5
   274.423    14.019     0.060         5
   275.238    13.846     0.060         5
   276.063    13.680     0.060         5
   276.888    13.537     0.060         5
   277.680    13.389     0.060         5
   278.489    13.242     0.060         5
   279.287    13.077     0.060         5
   280.099    12.931     0.060         5
   280.893    12.785     0.060         5
   281.697    12.630     0.060         5
   282.498    12.472     0.060         5
   283.289    12.319     0.060         5
   284.241    12.134     0.060         5
   285.849    11.817     0.060         5
   287.465    11.483     0.060         5
   289.389    11.144     0.060         5
   290.689    10.971     0.060         5
   293.719    10.624     0.060         5
   296.045    10.390     0.060         5
   298.359    10.093     0.060         5
   299.875     9.938     0.060         5
   301.703     9.703     0.060         5
   302.656     9.619     0.060         5
   304.846     9.376     0.060         5
   306.732     9.128     0.060         5
   308.445     8.862     0.060         5
   310.010     8.666     0.060         5
   312.044     8.398     0.060         5
   313.906     8.129     0.060         5
   316.406     7.784     0.060         5
   318.633     7.516     0.060         5
   321.906     7.112     0.060         5
   323.302     6.932     0.060         5
   325.288     6.655     0.060         5
   326.546     6.468     0.060         5
   327.947     6.261     0.060         5
   329.357     6.054     0.060         5
   331.054     5.812     0.060         5
   231.133    21.991     0.060         8
   232.558    21.763     0.060         8
   233.973    21.534     0.060         8
   235.379    21.295     0.060         8
   236.673    21.053     0.060         8
   238.886    20.678     0.060         8
   240.594    20.436     0.060         8
   241.820    20.259     0.060         8
   244.016    19.909     0.060         8
   245.825    19.611     0.060         8
   247.671    19.287     0.060         8
   249.398    18.962     0.060         8
   251.411    18.582     0.060         8
   253.796    18.131     0.060         8
   256.273    17.632     0.060         8
   258.168    17.265     0.060         8
   261.340    16.708     0.060         8
   279.287    13.547     0.060         8
   280.099    13.411     0.060         8
   280.893    13.269     0.060         8
   281.697    13.127     0.060         8
   282.498    12.987     0.060         8
   283.453    12.824     0.060         8
   284.241    12.692     0.060         8
   285.045    12.573     0.060         8
   288.102    12.067     0.060         8
   290.850    11.811     0.060         8
   293.719    11.649     0.060         8
   296.499    11.482     0.060         8
   298.808    11.363     0.060         8
   302.334    11.087     0.060         8
   305.472    10.807     0.060         8
   308.445    10.455     0.060         8
   342.840     3.566     0.060         9
   343.819     3.140     0.060         9
   344.613     2.813     0.060         9
   335.689     5.052     0.060        10
   336.493     4.931     0.060        10
   337.289     4.782     0.060        10
   338.096     4.607     0.060        10
   338.881     4.444     0.060        10
   339.676     4.255     0.060        10
   340.454     4.080     0.060        10
   341.253     3.892     0.060        10
   342.047     3.692     0.060        10
   311.106     9.583     0.060        14
   314.221     9.162     0.060        14
   317.996     8.682     0.060        14
   321.452     8.222     0.060        14
   324.361     7.837     0.060        14
   327.327     7.390     0.060        14
   330.285     6.931     0.060        14
   318.160    13.345     0.060        24
   339.834     5.197     0.060        30
   340.615     4.835     0.060        30
   341.404     4.482     0.060        30
   342.197     4.173     0.060        30
   348.590     1.000     0.000         0
   349.360     1.451     0.060         1
   350.164     1.690     0.060         1
   350.953     2.113     0.060         1
   349.210     1.876     0.060         2
   349.210     2.410     0.060         3
   350.003     2.548     0.060         3
   355.054     3.804     0.060         5
   355.834     4.022     0.060         5
   356.624     4.235     0.060         5
   357.418     4.445     0.060         5
   358.211     4.676     0.060         5
   359.015     4.883     0.060         5
   359.819     5.108     0.060         5
   360.609     5.301     0.060         5
   361.421     5.493     0.060         5
   362.208     5.689     0.060         5
   363.006     5.889     0.060         5
   363.825     6.099     0.060         5
   364.631     6.345     0.060         5
   365.424     6.625     0.060         5
   366.225     6.898     0.060         5
   367.016     7.076     0.060         5
   367.817     7.237     0.060         5
   368.607     7.418     0.060         5
   369.387     7.594     0.060         5
   370.187     7.744     0.060         5
   370.972     7.837     0.060         5
   371.756     7.951     0.060         5
   372.530     8.038     0.060         5
   373.338     8.106     0.060         5
   374.139     8.193     0.060         5
   374.943     8.306     0.060         5
   375.744     8.458     0.060         5
   376.706     8.592     0.060         5
   377.518     8.681     0.060         5
   378.329     8.769     0.060         5
   379.141     8.851     0.060         5
   379.952     8.878     0.060         5
   380.746     8.786     0.060         5
   381.553     8.773     0.060         5
   382.343     8.795     0.060         5
   383.125     8.812     0.060         5
   384.220     8.835     0.060         5
   385.317     8.945     0.060         5
   386.397     9.063     0.060         5
   352.229     2.773     0.060        10
   353.017     3.091     0.060        10
   353.807     3.388     0.060        10
   355.998     4.402     0.060        30
   356.788     4.716     0.060        30
   357.579     5.013     0.060        30
   358.375     5.340     0.060        30
   359.179     5.639     0.060        30
   359.980     5.985     0.060        30
   360.770     6.274     0.060        30
   361.582     6.555     0.060        30
   362.359     6.862     0.060        30
   363.167     7.160     0.060        30
   363.987     7.455     0.060        30
   351.584    -1.000     0.000         0
   348.409     2.360     0.060         1
   349.208     1.953     0.060         1
   350.003     1.595     0.060         1
   350.793     1.349     0.060         1
   351.566     1.262     0.060         1
   349.208     2.779     0.060         3
   350.003     2.704     0.060         3
   350.793     2.681     0.060         3
   351.566     2.660     0.060         3
   280.413    13.476     0.060         5
   282.812    13.024     0.060         5
   285.370    12.489     0.060         5
   287.790    12.029     0.060         5
   290.041    11.707     0.060         5
   292.624    11.342     0.060         5
   295.278    11.039     0.060         5
   296.499    10.920     0.060         5
   297.432    10.803     0.060         5
   298.194    10.729     0.060         5
   299.115    10.616     0.060         5
   299.875    10.532     0.060         5
   300.784    10.429     0.060         5
   301.544    10.347     0.060         5
   302.333    10.265     0.060         5
   303.128    10.169     0.060         5
   303.910    10.077     0.060         5
   304.684     9.982     0.060         5
   305.471     9.870     0.060         5
   306.259     9.763     0.060         5
   307.197     9.632     0.060         5
   307.977     9.510     0.060         5
   308.760     9.411     0.060         5
   309.537     9.284     0.060         5
   310.321     9.207     0.060         5
   311.106     9.118     0.060         5
   311.882     9.015     0.060         5
   312.667     8.895     0.060         5
   313.444     8.815     0.060         5
   314.221     8.715     0.060         5
   315.005     8.595     0.060         5
   315.779     8.487     0.060         5
   316.556     8.402     0.060         5
   317.351     8.279     0.060         5
   318.160     8.190     0.060         5
   318.955     8.087     0.060         5
   319.747     7.995     0.060         5
   320.524     7.906     0.060         5
   321.301     7.808     0.060         5
   322.056     7.719     0.060         5
   322.836     7.628     0.060         5
   323.605     7.542     0.060         5
   324.361     7.444     0.060         5
   325.127     7.361     0.060         5
   325.922     7.253     0.060         5
   326.693     7.136     0.060         5
   327.477     7.020     0.060         5
   328.266     6.892     0.060         5
   329.049     6.773     0.060         5
   329.819     6.658     0.060         5
   330.903     6.484     0.060         5
   333.226     6.137     0.060         5
   334.906     5.873     0.060         5
   232.698    22.320     0.060         8
   235.529    21.837     0.060         8
   239.190    21.206     0.060         8
   241.206    20.892     0.060         8
   241.970    20.771     0.060         8
   242.704    20.667     0.060         8
   243.419    20.569     0.060         8
   244.163    20.458     0.060         8
   244.931    20.330     0.060         8
   245.688    20.206     0.060         8
   246.430    20.094     0.060         8
   247.203    19.970     0.060         8
   247.986    19.812     0.060         8
   248.770    19.663     0.060         8
   249.547    19.514     0.060         8
   250.317    19.375     0.060         8
   251.103    19.221     0.060         8
   251.882    19.079     0.060         8
   252.681    18.922     0.060         8
   253.481    18.759     0.060         8
   254.258    18.597     0.060         8
   255.037    18.450     0.060         8
   255.811    18.293     0.060         8
   256.585    18.132     0.060         8
   257.369    17.955     0.060         8
   258.168    17.777     0.060         8
   258.966    17.627     0.060         8
   259.754    17.499     0.060         8
   260.552    17.387     0.060         8
   261.340    17.284     0.060         8
   262.138    17.179     0.060         8
   262.947    17.066     0.060         8
   263.746    16.963     0.060         8
   264.562    16.874     0.060         8
   265.384    16.761     0.060         8
   266.205    16.620     0.060         8
   267.024    16.475     0.060         8
   267.833    16.322     0.060         8
   268.638    16.160     0.060         8
   269.430    15.990     0.060         8
   270.238    15.823     0.060         8
   271.041    15.664     0.060         8
   271.837    15.518     0.060         8
   272.649    15.359     0.060         8
   273.455    15.226     0.060         8
   274.261    15.063     0.060         8
   275.073    14.888     0.060         8
   276.063    14.700     0.060         8
   277.048    14.580     0.060         8
   278.650    14.273     0.060         8
   279.612    14.111     0.060         8
   280.413    13.996     0.060         8
   281.218    13.854     0.060         8
   282.022    13.720     0.060         8
   282.812    13.576     0.060         8
   283.603    13.420     0.060         8
   284.566    13.263     0.060         8
   285.370    13.138     0.060         8
   286.814    12.941     0.060         8
   287.941    12.782     0.060         8
   289.227    12.638     0.060         8
   291.021    12.400     0.060         8
   292.624    12.264     0.060         8
   293.718    12.175     0.060         8
   294.813    12.098     0.060         8
   295.733    12.021     0.060         8
   296.663    11.963     0.060         8
   297.583    11.877     0.060         8
   298.654    11.768     0.060         8
   300.179    11.629     0.060         8
   345.403     3.673     0.060         9
   346.354     3.266     0.060         9
   334.906     6.021     0.060        10
   335.688     5.847     0.060        10
   336.492     5.670     0.060        10
   337.289     5.492     0.060        10
   338.096     5.325     0.060        10
   338.880     5.171     0.060        10
   339.675     4.982     0.060        10
   340.454     4.819     0.060        10
   341.253     4.640     0.060        10
   342.047     4.470     0.060        10
   342.840     4.310     0.060        10
   227.586    22.618     0.060        13
   229.883    22.340     0.060        13
   232.985    21.862     0.060        13
   235.099    21.598     0.060        13
   237.692    21.253     0.060        13
   300.179    11.920     0.060        14
   304.222    11.429     0.060        14
   307.512    10.976     0.060        14
   311.732    10.400     0.060        14
   316.241     9.813     0.060        14
   320.059     9.309     0.060        14
   253.010    32.405     0.060        24
   256.273    31.505     0.060        24
   272.163    27.020     0.060        24
   275.738    25.860     0.060        24
   280.413    24.421     0.060        24
   297.432    19.867     0.060        24
   303.598    18.393     0.060        24
   351.584     1.000     0.000         0
   352.229     1.378     0.060         1
   353.016     1.625     0.060         1
   353.806     1.993     0.060         1
   354.586     2.454     0.060         1
   352.393     2.696     0.060         3
   353.177     2.793     0.060         3
   353.957     2.886     0.060         3
   361.732     4.934     0.060         5
   362.519     5.153     0.060         5
   363.339     5.351     0.060         5
   364.147     5.589     0.060         5
   364.945     5.891     0.060         5
   365.749     6.161     0.060         5
   366.539     6.397     0.060         5
   367.340     6.577     0.060         5
   368.131     6.746     0.060         5
   368.921     6.931     0.060         5
   369.711     7.109     0.060         5
   370.499     7.254     0.060         5
   371.283     7.374     0.060         5
   372.067     7.508     0.060         5
   372.852     7.582     0.060         5
   373.652     7.657     0.060         5
   374.453     7.770     0.060         5
   377.356     8.231     0.060         5
   379.791     8.320     0.060         5
   382.496     8.314     0.060         5
   385.942     8.688     0.060         5
   389.660     9.408     0.060         5
   392.969    10.051     0.060         5
   355.998     3.017     0.060        10
   356.788     3.266     0.060        10
   357.578     3.480     0.060        10
   358.375     3.757     0.060        10
   359.179     4.049     0.060        10
   359.980     4.318     0.060        10
   367.655     8.012     0.060        14
   371.595     8.775     0.060        14
   375.908     9.396     0.060        14
   379.302     9.671     0.060        14
   382.810     9.818     0.060        14
   385.163    10.032     0.060        14
   388.096    10.492     0.060        14
   354.535    -1.000     0.000         0
   352.393     1.833     0.060         1
   353.177     1.458     0.060         1
   353.957     1.262     0.060         1
   352.705     2.685     0.060         3
   353.492     2.516     0.060         3
   354.271     2.429     0.060         3
   319.589     8.555     0.060         5
   320.370     8.443     0.060         5
   321.140     8.352     0.060         5
   321.906     8.262     0.060         5
   322.672     8.196     0.060         5
   323.452     8.099     0.060         5
   324.210     8.009     0.060         5
   324.976     7.908     0.060         5
   325.761     7.802     0.060         5
   326.545     7.685     0.060         5
   327.327     7.580     0.060         5
   328.108     7.458     0.060         5
   328.891     7.390     0.060         5
   329.669     7.264     0.060         5
   330.435     7.155     0.060         5
   331.207     7.034     0.060         5
   331.993     6.939     0.060         5
   332.769     6.853     0.060         5
   333.676     6.707     0.060         5
   334.438     6.557     0.060         5
   335.223     6.425     0.060         5
   336.003     6.321     0.060         5
   336.807     6.198     0.060         5
   337.606     6.008     0.060         5
   338.407     5.879     0.060         5
   339.353     5.705     0.060         5
   340.773     5.428     0.060         5
   342.361     5.126     0.060         5
   343.655     4.856     0.060         5
   344.927     4.566     0.060         5
   254.878    19.153     0.060         8
   257.842    18.583     0.060         8
   260.703    18.060     0.060         8
   263.584    17.558     0.060         8
   266.699    17.022     0.060         8
   269.430    16.529     0.060         8
   272.972    15.851     0.060         8
   275.902    15.275     0.060         8
   279.287    14.664     0.060         8
   282.172    14.120     0.060         8
   286.013    13.493     0.060         8
   289.879    12.947     0.060         8
   291.994    12.789     0.060         8
   294.184    12.608     0.060         8
   296.195    12.455     0.060         8
   297.736    12.296     0.060         8
   299.575    12.105     0.060         8
   302.494    11.802     0.060         8
   347.155     4.029     0.060         9
   348.256     3.591     0.060         9
   349.520     3.137     0.060         9
   347.938     3.851     0.060        10
   248.921    33.493     0.060        24
   255.499    31.562     0.060        24
   266.377    28.672     0.060        24
   271.999    26.989     0.060        24
   283.127    23.945     0.060        24
   354.535     1.000     0.000         0
   354.901     1.246     0.060         1
   355.683     1.459     0.060         1
   356.463     1.831     0.060         1
   355.054     2.411     0.060         3
   355.833     2.469     0.060         3
   364.308     4.968     0.060         5
   365.109     5.256     0.060         5
   365.910     5.566     0.060         5
   366.701     5.805     0.060         5
   367.491     5.974     0.060         5
   368.292     6.157     0.060         5
   369.072     6.317     0.060         5
   369.862     6.496     0.060         5
   370.660     6.669     0.060         5
   371.444     6.772     0.060         5
   372.218     6.910     0.060         5
   373.013     7.002     0.060         5
   373.814     7.075     0.060         5
   374.615     7.172     0.060         5
   375.418     7.315     0.060         5
   376.219     7.422     0.060         5
   377.031     7.556     0.060         5
   378.665     7.775     0.060         5
   380.431     7.768     0.060         5
   382.657     7.771     0.060         5
   385.002     7.903     0.060         5
   388.096     8.402     0.060         5
   390.447     8.941     0.060         5
   392.658     9.304     0.060         5
   359.015     3.057     0.060        10
   360.445     3.584     0.060        10
   361.582     3.962     0.060        10
   362.358     4.268     0.060        10
   363.167     4.556     0.060        10
   367.491     6.476     0.060        14
   370.338     7.068     0.060        14
   372.379     7.390     0.060        14
   375.104     7.743     0.060        14
   357.449    -1.000     0.000         0
   355.215     1.877     0.060         1
   355.998     1.563     0.060         1
   356.788     1.336     0.060         1
   355.530     2.081     0.060         3
   356.463     1.903     0.060         3
   306.420    10.578     0.060         5
   310.482    10.073     0.060         5
   313.755     9.666     0.060         5
   315.155     9.522     0.060         5
   317.351     9.242     0.060         5
   319.277     9.015     0.060         5
   321.755     8.703     0.060         5
   323.755     8.455     0.060         5
   325.922     8.130     0.060         5
   327.799     7.874     0.060         5
   328.890     7.756     0.060         5
   329.669     7.628     0.060         5
   330.435     7.517     0.060         5
   331.207     7.428     0.060         5
   331.993     7.312     0.060         5
   332.768     7.240     0.060         5
   333.522     7.131     0.060         5
   334.284     7.017     0.060         5
   335.059     6.899     0.060         5
   335.852     6.788     0.060         5
   336.646     6.676     0.060         5
   337.453     6.536     0.060         5
   338.246     6.371     0.060         5
   339.041     6.205     0.060         5
   339.833     6.026     0.060         5
   340.615     5.868     0.060         5
   341.403     5.701     0.060         5
   342.197     5.577     0.060         5
   343.001     5.431     0.060         5
   343.819     5.317     0.060         5
   344.612     5.194     0.060         5
   345.403     5.049     0.060         5
   346.204     4.912     0.060         5
   239.504    21.975     0.060         8
   243.282    21.434     0.060         8
   246.734    20.899     0.060         8
   250.316    20.311     0.060         8
   254.096    19.568     0.060         8
   257.207    18.883     0.060         8
   259.592    18.371     0.060         8
   262.138    18.001     0.060         8
   265.552    17.491     0.060         8
   268.802    16.926     0.060         8
   271.998    16.254     0.060         8
   274.261    15.824     0.060         8
   277.048    15.344     0.060         8
   280.413    14.751     0.060         8
   284.891    13.961     0.060         8
   287.940    13.429     0.060         8
   292.309    12.899     0.060         8
   295.278    12.679     0.060         8
   299.268    12.324     0.060         8
   301.863    12.173     0.060         8
   304.060    12.064     0.060         8
   349.359     4.090     0.060        10
   350.164     3.785     0.060        10
   350.953     3.546     0.060        10
   351.745     3.257     0.060        10
   352.554     2.960     0.060        10
   353.331     2.676     0.060        10
   226.123    23.510     0.060        13
   230.716    22.959     0.060        13
   357.449     1.000     0.000         0
   357.579     1.294     0.060         1
   358.374     1.442     0.060         1
   359.178     1.769     0.060         1
   359.979     2.156     0.060         1
   358.535     2.053     0.060         3
   368.606     5.597     0.060         5
   369.386     5.793     0.060         5
   370.187     5.938     0.060         5
   370.971     6.095     0.060         5
   371.755     6.222     0.060         5
   372.529     6.322     0.060         5
   373.338     6.445     0.060         5
   374.139     6.519     0.060         5
   375.104     6.676     0.060         5
   376.705     6.925     0.060         5
   378.167     7.151     0.060         5
   379.465     7.263     0.060         5
   380.594     7.285     0.060         5
   382.495     7.379     0.060         5
   383.751     7.443     0.060         5
   385.466     7.601     0.060         5
   387.477     7.829     0.060         5
   388.396     7.972     0.060         5
   389.820     8.281     0.060         5
   390.922     8.520     0.060         5
   392.010     8.756     0.060         5
   362.043     3.306     0.060        10
   363.005     3.689     0.060        10
   363.825     4.043     0.060        10
   364.630     4.361     0.060        10
   365.424     4.643     0.060        10
   366.225     4.958     0.060        10
   367.015     5.224     0.060        10
   368.130     5.799     0.060        14
   370.971     6.358     0.060        14
   373.652     6.736     0.060        14
   397.334    16.670     0.060        24
   399.899    17.353     0.060        24
   401.677    18.061     0.060        24
   403.910    18.908     0.060        24
   360.428    -1.000     0.000         0
   357.743     2.391     0.060         1
   358.536     2.060     0.060         1
   359.340     1.827     0.060         1
   360.130     1.709     0.060         1
   359.504     2.210     0.060         3
   360.293     2.138     0.060         3
   314.843     9.724     0.060         5
   315.628     9.625     0.060         5
   316.405     9.534     0.060         5
   317.200     9.435     0.060         5
   317.995     9.324     0.060         5
   318.793     9.225     0.060         5
   319.588     9.114     0.060         5
   320.370     9.035     0.060         5
   321.139     8.928     0.060         5
   321.905     8.845     0.060         5
   322.835     8.726     0.060         5
   323.605     8.644     0.060         5
   324.360     8.549     0.060         5
   325.126     8.474     0.060         5
   325.921     8.355     0.060         5
   326.692     8.245     0.060         5
   327.799     8.115     0.060         5
   328.585     8.018     0.060         5
   329.504     7.894     0.060         5
   330.284     7.775     0.060         5
   331.053     7.668     0.060         5
   331.828     7.581     0.060         5
   332.604     7.500     0.060         5
   333.368     7.418     0.060         5
   334.283     7.288     0.060         5
   335.373     7.160     0.060         5
   336.167     7.038     0.060         5
   336.971     6.913     0.060         5
   337.770     6.759     0.060         5
   338.557     6.594     0.060         5
   339.352     6.462     0.060         5
   340.145     6.319     0.060         5
   340.934     6.166     0.060         5
   341.718     6.007     0.060         5
   342.522     5.832     0.060         5
   343.329     5.710     0.060         5
   344.133     5.599     0.060         5
   344.926     5.451     0.060         5
   345.728     5.342     0.060         5
   346.515     5.222     0.060         5
   347.308     5.078     0.060         5
   348.091     4.942     0.060         5
   354.586     3.156     0.060         7
   239.189    22.317     0.060         8
   251.102    20.377     0.060         8
   260.702    18.486     0.060         8
   266.863    17.427     0.060         8
   269.750    16.932     0.060         8
   273.455    16.182     0.060         8
   277.367    15.453     0.060         8
   280.738    14.903     0.060         8
   283.764    14.389     0.060         8
   285.530    14.082     0.060         8
   287.464    13.774     0.060         8
   290.201    13.406     0.060         8
   293.099    13.153     0.060         8
   295.278    12.964     0.060         8
   297.117    12.811     0.060         8
   299.575    12.574     0.060         8
   302.494    12.256     0.060         8
   304.683    12.099     0.060         8
   352.865     3.668     0.060         9
   353.642     3.428     0.060         9
   354.425     3.141     0.060         9
   355.215     2.933     0.060         9
   355.998     2.709     0.060         9
   356.788     2.492     0.060         9
   349.681     4.604     0.060        10
   350.483     4.375     0.060        10
   351.272     4.174     0.060        10
   225.679    24.329     0.060        12
   234.948    23.037     0.060        12
   243.569    21.862     0.060        12
   253.173    20.249     0.060        12
   260.390    18.982     0.060        12
   132.947    36.301     0.060        13
   142.064    35.307     0.060        13
   149.745    34.245     0.060        13
   226.273    23.627     0.060        13
   234.388    22.571     0.060        13
   239.504    21.785     0.060        13
   246.268    20.808     0.060        13
   252.680    19.778     0.060        13
   259.438    18.442     0.060        13
   325.287     8.890     0.060        14
   333.675     7.842     0.060        14
   342.046     6.431     0.060        14
   352.393     3.913     0.060        17
   353.177     3.716     0.060        17
   353.957     3.536     0.060        17
   239.657    36.356     0.060        24
   244.769    35.022     0.060        24
   258.479    31.375     0.060        24
   269.596    28.497     0.060        24
   281.217    25.696     0.060        24
   286.173    24.296     0.060        24
   360.428     1.000     0.000         0
   360.934     1.750     0.060         1
   361.731     1.937     0.060         1
   362.519     2.240     0.060         1
   360.610     2.169     0.060         3
   361.420     2.301     0.060         3
   362.207     2.493     0.060         3
   379.301     6.589     0.060         5
   380.594     6.679     0.060         5
   381.551     6.609     0.060         5
   382.810     6.649     0.060         5
   384.218     6.718     0.060         5
   386.557     7.005     0.060         5
   388.872     7.501     0.060         5
   391.233     7.996     0.060         5
   393.291     8.406     0.060         5
   395.717     8.885     0.060         5
   366.539     4.161     0.060        10
   367.340     4.475     0.060        10
   368.130     4.727     0.060        10
   368.920     4.963     0.060        10
   369.711     5.170     0.060        10
   370.498     5.354     0.060        10
   371.755     5.554     0.060        10
   374.289     5.874     0.060        10
   363.422    -1.000     0.000         0
   360.770     2.672     0.060         1
   361.582     2.382     0.060         1
   362.358     2.170     0.060         1
   363.166     2.065     0.060         1
   361.732     2.827     0.060         2
   362.519     2.670     0.060         2
   363.338     2.569     0.060         2
   326.692     8.602     0.060         5
   328.266     8.400     0.060         5
   330.123     8.152     0.060         5
   332.146     7.891     0.060         5
   333.369     7.749     0.060         5
   334.284     7.691     0.060         5
   335.373     7.536     0.060         5
   336.492     7.356     0.060         5
   337.606     7.181     0.060         5
   339.202     6.894     0.060         5
   340.453     6.655     0.060         5
   341.404     6.479     0.060         5
   342.522     6.299     0.060         5
   343.490     6.131     0.060         5
   344.927     5.874     0.060         5
   346.991     5.563     0.060         5
   348.409     5.350     0.060         5
   247.202    21.333     0.060         8
   250.631    20.655     0.060         8
   253.480    20.102     0.060         8
   257.519    19.316     0.060         8
   260.863    18.677     0.060         8
   264.081    18.253     0.060         8
   268.473    17.527     0.060         8
   271.519    16.934     0.060         8
   274.747    16.305     0.060         8
   278.488    15.635     0.060         8
   281.056    15.207     0.060         8
   285.530    14.452     0.060         8
   289.557    13.831     0.060         8
   293.099    13.430     0.060         8
   296.044    13.182     0.060         8
   350.164     5.004     0.060        10
   350.953     4.820     0.060        10
   351.745     4.635     0.060        10
   352.554     4.426     0.060        10
   353.331     4.224     0.060        10
   354.110     4.007     0.060        10
   354.901     3.801     0.060        10
   355.684     3.644     0.060        10
   356.463     3.477     0.060        10
   357.264     3.308     0.060        10
   358.058     3.145     0.060        10
   358.861     3.015     0.060        10
   359.665     2.909     0.060        10
   225.238    24.039     0.060        13
   230.439    23.491     0.060        13
   235.099    22.816     0.060        13
   238.885    22.198     0.060        13
   243.717    21.558     0.060        13
   248.458    20.789     0.060        13
   363.422     1.000     0.000         0
   364.147     2.136     0.060         1
   364.945     2.326     0.060         1
   365.749     2.627     0.060         1
   366.539     2.953     0.060         1
   367.340     3.349     0.060         1
   363.986     2.655     0.060         2
   364.794     2.824     0.060         2
   376.544     5.771     0.060         5
   378.003     5.951     0.060         5
   379.465     6.108     0.060         5
   381.073     6.209     0.060         5
   381.866     6.231     0.060         5
   382.810     6.239     0.060         5
   384.065     6.236     0.060         5
   385.627     6.377     0.060         5
   387.477     6.688     0.060         5
   389.509     7.070     0.060         5
   391.860     7.676     0.060         5
   393.455     7.984     0.060         5
   394.747     8.301     0.060         5
   368.606     3.990     0.060        10
   369.386     4.291     0.060        10
   370.187     4.517     0.060        10
   370.971     4.742     0.060        10
   371.755     4.948     0.060        10
   372.851     5.184     0.060        10
   374.453     5.391     0.060        10
   366.483    -1.000     0.000         0
   363.007     3.017     0.060         1
   363.826     2.654     0.060         1
   364.631     2.374     0.060         1
   365.424     2.176     0.060         1
   366.223     2.101     0.060         1
   364.148     3.295     0.060         2
   365.110     3.172     0.060         2
   365.910     3.124     0.060         2
   279.774    15.850     0.060         5
   283.603    15.106     0.060         5
   286.489    14.589     0.060         5
   289.389    14.096     0.060         5
   292.949    13.665     0.060         5
   296.045    13.298     0.060         5
   298.962    12.962     0.060         5
   302.022    12.546     0.060         5
   305.321    12.150     0.060         5
   309.849    11.493     0.060         5
   312.979    11.049     0.060         5
   315.005    10.783     0.060         5
   317.040    10.518     0.060         5
   318.321    10.366     0.060         5
   321.140    10.029     0.060         5
   322.836     9.844     0.060         5
   324.057     9.735     0.060         5
   325.288     9.582     0.060         5
   326.693     9.385     0.060         5
   328.585     9.144     0.060         5
   330.435     8.896     0.060         5
   332.297     8.684     0.060         5
   333.980     8.509     0.060         5
   335.223     8.359     0.060         5
   336.003     8.243     0.060         5
   336.807     8.103     0.060         5
   337.607     7.981     0.060         5
   338.408     7.816     0.060         5
   339.203     7.657     0.060         5
   339.984     7.486     0.060         5
   340.773     7.350     0.060         5
   341.568     7.207     0.060         5
   342.362     7.074     0.060         5
   343.166     6.960     0.060         5
   343.980     6.837     0.060         5
   344.774     6.711     0.060         5
   345.564     6.583     0.060         5
   346.355     6.477     0.060         5
   347.156     6.343     0.060         5
   347.938     6.226     0.060         5
   348.727     6.111     0.060         5
   349.520     5.970     0.060         5
   350.323     5.778     0.060         5
   351.115     5.599     0.060         5
   351.907     5.434     0.060         5
   352.705     5.234     0.060         5
   353.492     5.034     0.060         5
   354.272     4.852     0.060         5
   355.055     4.663     0.060         5
   355.834     4.522     0.060         5
   356.625     4.394     0.060         5
   357.418     4.290     0.060         5
   358.212     4.205     0.060         5
   359.016     4.085     0.060         5
   359.820     4.003     0.060         5
   360.610     3.921     0.060         5
   255.811    20.208     0.060         8
   260.230    19.357     0.060         8
   264.243    18.749     0.060         8
   267.672    18.324     0.060         8
   270.559    17.801     0.060         8
   275.074    16.899     0.060         8
   278.650    16.253     0.060         8
   280.739    15.906     0.060         8
   281.543    15.767     0.060         8
   282.334    15.627     0.060         8
   283.127    15.503     0.060         8
   283.929    15.389     0.060         8
   284.730    15.248     0.060         8
   285.531    15.096     0.060         8
   286.328    14.967     0.060         8
   287.140    14.818     0.060         8
   287.941    14.690     0.060         8
   288.744    14.555     0.060         8
   289.557    14.471     0.060         8
   290.366    14.364     0.060         8
   291.183    14.280     0.060         8
   291.995    14.196     0.060         8
   292.785    14.127     0.060         8
   293.568    14.089     0.060         8
   294.499    14.005     0.060         8
   295.278    13.974     0.060         8
   296.045    13.893     0.060         8
   296.814    13.811     0.060         8
   297.583    13.756     0.060         8
   298.358    13.656     0.060         8
   299.115    13.574     0.060         8
   299.875    13.525     0.060         8
   300.633    13.447     0.060         8
   301.383    13.386     0.060         8
   302.172    13.329     0.060         8
   304.534    13.142     0.060         8
   227.436    24.546     0.060        13
   229.746    24.261     0.060        13
   232.268    23.924     0.060        13
   235.670    23.414     0.060        13
   238.273    23.006     0.060        13
   241.669    22.496     0.060        13
   244.461    22.123     0.060        13
   246.735    21.801     0.060        13
   250.317    21.172     0.060        13
   310.794    11.683     0.060        14
   313.294    11.378     0.060        14
   315.629    11.112     0.060        14
   317.835    10.835     0.060        14
   320.059    10.517     0.060        14
   321.906    10.287     0.060        14
   324.511     9.976     0.060        14
   326.693     9.702     0.060        14
   328.891     9.411     0.060        14
   331.208     9.105     0.060        14
   333.676     8.823     0.060        14
   336.329     8.520     0.060        14
   339.353     7.950     0.060        14
   341.883     7.515     0.060        14
   344.295     7.116     0.060        14
   347.156     6.677     0.060        14
   350.004     6.178     0.060        14
   352.393     5.646     0.060        14
   354.901     5.107     0.060        14
   322.987    16.917     0.060        24
   327.004    15.913     0.060        24
   331.372    14.764     0.060        24
   335.535    13.749     0.060        24
   340.145    12.621     0.060        24
   343.166    11.889     0.060        24
   366.483     1.000     0.000         0
   367.017     2.158     0.060         1
   367.817     2.300     0.060         1
   368.607     2.579     0.060         1
   369.386     2.884     0.060         1
   366.705     3.129     0.060         2
   367.492     3.187     0.060         2
   368.292     3.300     0.060         2
   378.826     5.395     0.060         5
   379.791     5.476     0.060         5
   380.595     5.520     0.060         5
   381.388     5.558     0.060         5
   382.182     5.597     0.060         5
   382.972     5.639     0.060         5
   383.751     5.675     0.060         5
   384.534     5.732     0.060         5
   385.316     5.816     0.060         5
   386.096     5.923     0.060         5
   386.862     6.061     0.060         5
   387.631     6.217     0.060         5
   388.397     6.370     0.060         5
   389.184     6.558     0.060         5
   389.982     6.721     0.060         5
   390.759     6.915     0.060         5
   391.546     7.092     0.060         5
   371.756     3.958     0.060        10
   372.530     4.134     0.060        10
   373.339     4.294     0.060        10
   374.139     4.426     0.060        10
   374.943     4.622     0.060        10
   375.744     4.867     0.060        10
   376.545     5.085     0.060        10
   381.552     5.905     0.060        14
   387.942     6.581     0.060        14
   369.535    -1.000     0.000         0
   367.016     2.573     0.060         1
   367.816     2.310     0.060         1
   368.607     2.128     0.060         1
   369.383     2.062     0.060         1
   368.445     2.874     0.060         2
   369.234     2.782     0.060         2
   366.701     3.438     0.060         3
   367.491     3.275     0.060         3
   368.292     3.178     0.060         3
   369.071     3.132     0.060         3
   310.159    11.953     0.060         5
   311.882    11.716     0.060         5
   313.293    11.528     0.060         5
   315.779    11.215     0.060         5
   318.159    10.924     0.060         5
   319.908    10.720     0.060         5
   322.056    10.470     0.060         5
   324.360    10.198     0.060         5
   326.384     9.928     0.060         5
   328.424     9.654     0.060         5
   330.750     9.361     0.060         5
   332.297     9.179     0.060         5
   333.676     9.039     0.060         5
   334.741     8.931     0.060         5
   336.003     8.770     0.060         5
   337.606     8.539     0.060         5
   338.719     8.347     0.060         5
   339.514     8.199     0.060         5
   340.306     8.059     0.060         5
   341.092     7.902     0.060         5
   341.882     7.768     0.060         5
   342.686     7.632     0.060         5
   343.490     7.505     0.060         5
   344.294     7.384     0.060         5
   345.091     7.265     0.060         5
   345.878     7.151     0.060         5
   346.679     7.031     0.060         5
   347.470     6.922     0.060         5
   348.255     6.799     0.060         5
   349.044     6.674     0.060         5
   349.842     6.506     0.060         5
   350.645     6.336     0.060         5
   351.434     6.157     0.060         5
   352.229     6.029     0.060         5
   353.016     5.812     0.060         5
   353.806     5.626     0.060         5
   354.586     5.428     0.060         5
   355.369     5.276     0.060         5
   356.149     5.148     0.060         5
   356.939     5.042     0.060         5
   357.743     4.950     0.060         5
   358.536     4.880     0.060         5
   359.340     4.820     0.060         5
   360.130     4.773     0.060         5
   231.283    25.132     0.060         8
   235.529    24.508     0.060         8
   239.343    23.889     0.060         8
   244.460    23.097     0.060         8
   247.670    22.565     0.060         8
   249.859    22.080     0.060         8
   253.326    21.396     0.060         8
   255.971    20.884     0.060         8
   259.753    20.091     0.060         8
   262.624    19.655     0.060         8
   265.551    19.232     0.060         8
   267.832    18.892     0.060         8
   270.074    18.492     0.060         8
   274.422    17.503     0.060         8
   275.901    17.256     0.060         8
   276.729    17.107     0.060         8
   277.529    16.960     0.060         8
   278.324    16.811     0.060         8
   279.125    16.662     0.060         8
   280.098    16.463     0.060         8
   280.892    16.326     0.060         8
   282.172    16.115     0.060         8
   282.973    15.965     0.060         8
   283.764    15.841     0.060         8
   284.565    15.709     0.060         8
   285.369    15.560     0.060         8
   286.173    15.437     0.060         8
   286.978    15.291     0.060         8
   287.790    15.159     0.060         8
   288.582    15.035     0.060         8
   289.388    14.938     0.060         8
   290.201    14.831     0.060         8
   291.021    14.716     0.060         8
   291.830    14.622     0.060         8
   292.949    14.544     0.060         8
   294.498    14.435     0.060         8
   296.194    14.301     0.060         8
   298.193    14.095     0.060         8
   300.332    13.911     0.060         8
   302.172    13.754     0.060         8
   302.967    13.684     0.060         8
   303.748    13.635     0.060         8
   304.533    13.581     0.060         8
   305.320    13.522     0.060         8
   362.358     4.478     0.060        10
   363.167     4.223     0.060        10
   363.987     3.942     0.060        10
   364.795     3.628     0.060        10
   365.585     3.313     0.060        10
   366.386     3.002     0.060        10
   260.068    21.474     0.060        12
   278.324    18.195     0.060        12
   286.173    16.835     0.060        12
   128.771    38.293     0.060        13
   134.238    37.649     0.060        13
   139.805    37.048     0.060        13
   146.881    36.092     0.060        13
   232.845    24.243     0.060        13
   238.724    23.329     0.060        13
   245.537    22.444     0.060        13
   263.433    19.266     0.060        13
   267.671    18.622     0.060        13
   271.837    17.877     0.060        13
   331.207    15.926     0.060        24
   340.453    13.571     0.060        24
   345.252    12.154     0.060        24
   319.588    21.430     0.060        28
   322.836    20.986     0.060        28
   325.760    20.572     0.060        28
   329.196    20.069     0.060        28
   369.535     1.000     0.000         0
   369.863     2.097     0.060         1
   370.659     2.218     0.060         1
   371.444     2.444     0.060         1
   372.217     2.796     0.060         1
   369.863     2.789     0.060         2
   370.659     2.925     0.060         2
   370.338     3.144     0.060         3
   371.121     3.177     0.060         3
   381.702     4.998     0.060         5
   382.495     5.018     0.060         5
   383.590     5.078     0.060         5
   384.533     5.137     0.060         5
   385.466     5.242     0.060         5
   386.246     5.394     0.060         5
   387.162     5.576     0.060         5
   388.095     5.816     0.060         5
   389.345     6.114     0.060         5
   390.607     6.328     0.060         5
   392.010     6.635     0.060         5
   393.291     6.996     0.060         5
   373.488     3.273     0.060        10
   374.289     3.438     0.060        10
   375.103     3.634     0.060        10
   375.907     3.933     0.060        10
   376.705     4.174     0.060        10
   377.517     4.375     0.060        10
   378.328     4.597     0.060        10
   379.140     4.746     0.060        10
   383.590     6.002     0.060        14
   372.584    -1.000     0.000         0
   369.073     2.928     0.060         1
   369.863     2.551     0.060         1
   370.661     2.247     0.060         1
   371.445     2.021     0.060         1
   372.219     1.902     0.060         1
   370.024     3.021     0.060         2
   370.811     2.705     0.060         2
   371.596     2.480     0.060         2
   372.379     2.399     0.060         2
   370.972     2.834     0.060         3
   371.757     2.673     0.060         3
   372.528     2.615     0.060         3
   338.096     9.095     0.060         5
   339.353     8.911     0.060         5
   340.773     8.657     0.060         5
   342.523     8.353     0.060         5
   344.134     8.101     0.060         5
   346.040     7.813     0.060         5
   348.092     7.473     0.060         5
   349.681     7.247     0.060         5
   351.907     6.819     0.060         5
   353.017     6.539     0.060         5
   354.740     6.189     0.060         5
   356.313     5.921     0.060         5
   357.897     5.747     0.060         5
   359.505     5.605     0.060         5
   271.684    18.774     0.060         8
   275.412    18.050     0.060         8
   279.126    17.424     0.060         8
   283.453    16.698     0.060         8
   288.905    15.872     0.060         8
   294.964    15.190     0.060         8
   301.232    14.608     0.060         8
   306.571    14.199     0.060         8
   312.667    13.694     0.060         8
   317.674    13.304     0.060         8
   322.672    12.851     0.060         8
   362.682     5.283     0.060        10
   363.501     5.045     0.060        10
   364.310     4.813     0.060        10
   365.111     4.586     0.060        10
   365.911     4.303     0.060        10
   366.702     3.975     0.060        10
   229.459    25.370     0.060        13
   234.252    24.733     0.060        13
   239.970    23.899     0.060        13
   245.079    23.132     0.060        13
   262.947    20.032     0.060        13
   269.119    19.001     0.060        13
   274.912    17.995     0.060        13
   372.584     1.000     0.000         0
   373.014     1.931     0.060         1
   373.814     2.115     0.060         1
   374.615     2.362     0.060         1
   373.175     2.448     0.060         2
   373.014     2.655     0.060         3
   373.814     2.751     0.060         3
   381.867     4.004     0.060         5
   382.657     4.057     0.060         5
   383.437     4.131     0.060         5
   384.219     4.215     0.060         5
   385.002     4.289     0.060         5
   385.782     4.409     0.060         5
   386.558     4.576     0.060         5
   387.327     4.725     0.060         5
   388.096     4.889     0.060         5
   388.873     5.075     0.060         5
   389.660     5.271     0.060         5
   390.447     5.450     0.060         5
   391.234     5.702     0.060         5
   392.011     5.902     0.060         5
   392.809     6.075     0.060         5
   377.518     3.478     0.060        10
   378.329     3.744     0.060        10
   379.141     3.979     0.060        10
   379.952     4.217     0.060        10
   380.745     4.445     0.060        10
   375.499    -1.000     0.000         0
   373.012     2.345     0.060         1
   373.812     2.004     0.060         1
   374.610     1.803     0.060         1
   375.365     1.732     0.060         1
   374.449     2.261     0.060         2
   375.244     2.159     0.060         2
   332.769    10.259     0.060         5
   337.770     9.581     0.060         5
   339.675     9.292     0.060         5
   341.883     8.947     0.060         5
   344.133     8.646     0.060         5
   346.203     8.341     0.060         5
   348.091     8.051     0.060         5
   350.483     7.644     0.060         5
   351.745     7.351     0.060         5
   352.554     7.152     0.060         5
   353.331     6.973     0.060         5
   354.272     6.784     0.060         5
   356.148     6.444     0.060         5
   358.057     6.246     0.060         5
   360.130     6.084     0.060         5
   361.581     5.974     0.060         5
   263.111    20.501     0.060         8
   267.346    19.709     0.060         8
   273.454    18.603     0.060         8
   280.263    17.500     0.060         8
   287.303    16.410     0.060         8
   291.669    15.801     0.060         8
   298.358    15.130     0.060         8
   303.748    14.656     0.060         8
   309.697    14.101     0.060         8
   314.381    13.649     0.060         8
   368.606     4.241     0.060         9
   369.385     3.926     0.060         9
   370.186     3.582     0.060         9
   363.500     5.835     0.060        10
   364.308     5.661     0.060        10
   365.109     5.423     0.060        10
   365.910     5.188     0.060        10
   366.700     4.935     0.060        10
   367.490     4.678     0.060        10
   368.291     4.383     0.060        10
   229.883    25.723     0.060        13
   237.100    24.662     0.060        13
   243.857    23.726     0.060        13
   249.235    22.853     0.060        13
   253.945    22.007     0.060        13
   260.229    20.802     0.060        13
   267.994    19.467     0.060        13
   375.499     1.000     0.000         0
   375.923     1.767     0.060         1
   376.710     1.949     0.060         1
   377.520     2.254     0.060         1
   375.640     2.163     0.060         2
   376.391     2.287     0.060         2
   382.343     3.471     0.060         5
   383.752     3.608     0.060         5
   385.629     3.829     0.060         5
   386.863     4.037     0.060         5
   388.398     4.318     0.060         5
   389.661     4.613     0.060         5
   390.759     4.945     0.060         5
   392.011     5.326     0.060         5
   392.970     5.552     0.060         5
   394.262     5.847     0.060         5
   395.231     6.065     0.060         5
   396.040     6.276     0.060         5
   397.173     6.481     0.060         5
   380.271     3.486     0.060         7
   379.141     2.980     0.060         9
   380.106     3.303     0.060         9
   380.910     3.590     0.060         9
   381.704     3.854     0.060         9
   378.481    -1.000     0.000         0
   375.578     2.410     0.060         1
   376.377     1.995     0.060         1
   377.183     1.705     0.060         1
   377.979     1.540     0.060         1
   377.022     2.653     0.060         2
   378.128     2.424     0.060         2
   376.377     2.960     0.060         3
   377.664     2.799     0.060         3
   335.852    10.488     0.060         5
   336.645    10.333     0.060         5
   337.452    10.228     0.060         5
   338.246    10.074     0.060         5
   339.041     9.956     0.060         5
   339.833     9.822     0.060         5
   340.615     9.694     0.060         5
   341.404     9.567     0.060         5
   342.197     9.426     0.060         5
   343.001     9.307     0.060         5
   343.819     9.187     0.060         5
   344.612     9.045     0.060         5
   345.402     8.986     0.060         5
   346.203     8.861     0.060         5
   346.991     8.729     0.060         5
   347.787     8.632     0.060         5
   348.572     8.550     0.060         5
   349.358     8.480     0.060         5
   350.164     8.288     0.060         5
   350.953     8.118     0.060         5
   351.745     7.941     0.060         5
   352.554     7.740     0.060         5
   353.331     7.554     0.060         5
   354.110     7.368     0.060         5
   354.901     7.248     0.060         5
   355.683     7.145     0.060         5
   356.463     6.995     0.060         5
   357.264     6.902     0.060         5
   358.057     6.803     0.060         5
   358.861     6.754     0.060         5
   359.664     6.712     0.060         5
   360.444     6.675     0.060         5
   361.258     6.665     0.060         5
   362.043     6.617     0.060         5
   362.841     6.512     0.060         5
   363.663     6.379     0.060         5
   364.630     6.190     0.060         5
   365.584     5.992     0.060         5
   246.584    24.535     0.060         8
   251.102    23.548     0.060         8
   255.036    22.746     0.060         8
   259.438    21.852     0.060         8
   267.672    20.223     0.060         8
   271.204    19.623     0.060         8
   274.586    19.003     0.060         8
   277.048    18.550     0.060         8
   279.612    18.077     0.060         8
   281.857    17.665     0.060         8
   284.729    17.164     0.060         8
   287.940    16.598     0.060         8
   291.994    16.086     0.060         8
   293.882    15.924     0.060         8
   295.883    15.771     0.060         8
   298.961    15.518     0.060         8
   302.494    15.182     0.060         8
   305.632    14.863     0.060         8
   308.598    14.562     0.060         8
   312.204    14.225     0.060         8
   315.779    13.876     0.060         8
   318.159    13.654     0.060         8
   320.835    13.372     0.060         8
   323.301    13.121     0.060         8
   367.339     5.618     0.060        10
   368.129     5.357     0.060        10
   368.919     5.070     0.060        10
   369.709     4.823     0.060        10
   370.497     4.539     0.060        10
   371.281     4.223     0.060        10
   372.066     3.968     0.060        10
   372.850     3.712     0.060        10
   232.558    25.744     0.060        13
   237.691    25.032     0.060        13
   241.507    24.475     0.060        13
   246.430    23.703     0.060        13
   250.470    22.962     0.060        13
   260.229    21.232     0.060        13
   378.481     1.000     0.000         0
   378.858     1.552     0.060         1
   379.637     1.743     0.060         1
   380.437     2.051     0.060         1
   381.708     2.543     0.060         5
   382.501     2.620     0.060         5
   383.440     2.725     0.060         5
   384.223     2.804     0.060         5
   385.006     2.881     0.060         5
   386.400     3.160     0.060         5
   387.330     3.369     0.060         5
   388.099     3.541     0.060         5
   389.026     3.716     0.060         5
   389.823     3.888     0.060         5
   390.610     4.090     0.060         5
   391.386     4.311     0.060         5
   392.173     4.595     0.060         5
   393.293     4.992     0.060         5
   394.101     5.213     0.060         5
   394.910     5.408     0.060         5
   395.718     5.614     0.060         5
   397.009     5.907     0.060         5
   381.407    -1.000     0.000         0
   378.665     2.189     0.060         1
   379.466     1.792     0.060         1
   380.269     1.517     0.060         1
   381.072     1.373     0.060         1
   380.269     2.378     0.060         3
   381.072     2.291     0.060         3
   336.328    10.515     0.060         5
   338.408    10.214     0.060         5
   339.514    10.049     0.060         5
   340.306     9.920     0.060         5
   341.092     9.800     0.060         5
   341.883     9.664     0.060         5
   342.687     9.538     0.060         5
   343.491     9.419     0.060         5
   344.295     9.292     0.060         5
   345.091     9.160     0.060         5
   345.879     9.050     0.060         5
   346.680     8.954     0.060         5
   347.470     8.843     0.060         5
   348.256     8.736     0.060         5
   349.044     8.622     0.060         5
   350.004     8.522     0.060         5
   350.954     8.325     0.060         5
   351.746     8.157     0.060         5
   352.554     7.977     0.060         5
   353.331     7.809     0.060         5
   354.111     7.642     0.060         5
   354.901     7.474     0.060         5
   355.684     7.339     0.060         5
   356.464     7.239     0.060         5
   357.265     7.128     0.060         5
   358.058     7.061     0.060         5
   358.862     7.022     0.060         5
   359.666     6.943     0.060         5
   360.446     6.915     0.060         5
   361.260     6.869     0.060         5
   362.045     6.882     0.060         5
   363.501     6.771     0.060         5
   365.911     6.551     0.060         7
   366.702     6.346     0.060         7
   367.492     6.138     0.060         7
   368.293     5.950     0.060         7
   369.072     5.748     0.060         7
   369.863     5.570     0.060         7
   370.661     5.407     0.060         7
   371.445     5.244     0.060         7
   251.256    23.600     0.060         8
   257.047    22.405     0.060         8
   261.490    21.583     0.060         8
   267.511    20.645     0.060         8
   273.294    19.549     0.060         8
   279.286    18.351     0.060         8
   286.978    17.005     0.060         8
   294.964    16.036     0.060         8
   301.544    15.335     0.060         8
   307.977    14.667     0.060         8
   315.156    14.027     0.060         8
   368.293     5.553     0.060        10
   370.024     4.950     0.060        10
   371.595     4.461     0.060        10
   374.140     3.844     0.060        10
   233.265    25.834     0.060        13
   240.295    24.742     0.060        13
   246.888    23.752     0.060        13
   255.972    22.220     0.060        13
   378.987     4.587     0.060        19
   379.791     4.393     0.060        19
   380.594     4.244     0.060        19
   381.368     4.014     0.060        19
   381.407     1.000     0.000         0
   382.020     1.438     0.060         1
   382.810     1.671     0.060         1
   383.590     1.970     0.060         1
   384.370     2.385     0.060         1
   381.704     2.303     0.060         3
   384.848     1.925     0.060         5
   387.631     2.496     0.060         5
   390.135     3.134     0.060         5
   392.011     3.745     0.060         5
   393.131     4.273     0.060         5
   396.365     5.122     0.060         5
   399.735     5.769     0.060         5
   402.317     6.501     0.060         5
   394.587     5.059     0.060         7
   395.392     5.152     0.060         7
   396.201     5.278     0.060         7
   397.009     5.352     0.060         7
   397.810     5.449     0.060         7
   398.600     5.597     0.060         7
   399.407     5.746     0.060         7
   400.227     5.927     0.060         7
   399.571     6.130     0.060        17
   400.392     6.237     0.060        17
   401.198     6.373     0.060        17
   401.992     6.499     0.060        17
   381.555     3.994     0.060        19
   382.343     3.954     0.060        19
   383.125     3.970     0.060        19
   383.905     3.980     0.060        19
   384.684     4.089     0.060        19
   384.545    -1.000     0.000         0
   382.646     1.494     0.060         1
   383.415     1.132     0.060         1
   384.141     0.943     0.060         1
   339.202    10.612     0.060         5
   339.984    10.489     0.060         5
   340.773    10.311     0.060         5
   341.568    10.163     0.060         5
   342.362    10.043     0.060         5
   343.166     9.949     0.060         5
   343.980     9.841     0.060         5
   344.773     9.705     0.060         5
   345.564     9.610     0.060         5
   346.354     9.529     0.060         5
   347.155     9.414     0.060         5
   347.938     9.276     0.060         5
   348.726     9.152     0.060         5
   349.519     9.051     0.060         5
   350.322     8.921     0.060         5
   351.115     8.798     0.060         5
   351.907     8.639     0.060         5
   352.705     8.474     0.060         5
   353.492     8.337     0.060         5
   354.586     8.122     0.060         5
   356.788     7.820     0.060         5
   358.861     7.608     0.060         5
   360.444     7.490     0.060         5
   362.358     7.393     0.060         5
   363.664     7.291     0.060         5
   364.470     7.196     0.060         5
   366.064     6.939     0.060         5
   367.655     6.549     0.060         5
   368.920     6.153     0.060         5
   370.022     5.766     0.060         5
   371.444     5.319     0.060         5
   373.012     4.883     0.060         5
   374.289     4.544     0.060         5
   375.418     4.168     0.060         5
   376.382     3.839     0.060         5
   377.355     3.531     0.060         5
   378.327     3.187     0.060         5
   379.464     2.767     0.060         5
   380.428     2.403     0.060         5
   368.920     6.309     0.060         7
   369.711     6.145     0.060         7
   370.498     5.977     0.060         7
   371.282     5.813     0.060         7
   240.744    26.041     0.060         8
   247.671    24.769     0.060         8
   254.416    23.447     0.060         8
   259.439    22.430     0.060         8
   263.745    21.652     0.060         8
   277.679    19.216     0.060         8
   285.370    17.763     0.060         8
   290.688    16.942     0.060         8
   296.499    16.221     0.060         8
   302.172    15.801     0.060         8
   307.815    15.273     0.060         8
   382.646     3.191     0.060        11
   383.415     2.927     0.060        11
   384.141     2.725     0.060        11
   375.743     4.400     0.060        14
   378.327     3.473     0.060        14
   384.545     1.000     0.000         0
   384.937     1.001     0.060         1
   385.658     1.239     0.060         1
   387.490     1.920     0.060         5
   389.353     2.412     0.060         5
   391.078     2.937     0.060         5
   392.501     3.426     0.060         5
   394.264     3.956     0.060         5
   396.688     4.577     0.060         5
   398.766     5.167     0.060         5
   400.711     5.712     0.060         5
   402.319     6.127     0.060         5
   394.911     4.786     0.060         7
   395.719     4.864     0.060         7
   396.527     4.925     0.060         7
   397.336     5.004     0.060         7
   398.123     5.086     0.060         7
   398.930     5.203     0.060         7
   385.212     2.694     0.060        11
   385.966     2.788     0.060        11
   386.728     2.978     0.060        11
   387.490     3.275     0.060        11
   390.142     2.882     0.060        14
   392.337     3.671     0.060        14
   399.573     5.712     0.060        17
   400.393     5.793     0.060        17
   401.200     5.904     0.060        17
   401.994     6.056     0.060        17
   402.797     6.265     0.060        17
   403.601     6.460     0.060        17
   404.388     6.653     0.060        17
   405.197     6.905     0.060        17
   387.558    -1.000     0.000         0
   385.943     1.259     0.060         1
   386.712     0.937     0.060         1
   387.486     0.801     0.060         1
   387.012     1.617     0.060         3
   338.246    11.215     0.060         5
   339.514    11.003     0.060         5
   340.934    10.786     0.060         5
   342.522    10.565     0.060         5
   343.654    10.373     0.060         5
   344.612    10.219     0.060         5
   345.728    10.071     0.060         5
   346.840     9.923     0.060         5
   348.573     9.669     0.060         5
   349.681     9.492     0.060         5
   352.067     9.140     0.060         5
   354.110     8.789     0.060         5
   355.998     8.474     0.060         5
   357.743     8.277     0.060         5
   359.015     8.169     0.060         5
   360.609     8.032     0.060         5
   246.583    25.602     0.060         8
   253.326    24.150     0.060         8
   258.965    23.043     0.060         8
   266.204    22.066     0.060         8
   294.648    17.094     0.060         8
   298.357    16.680     0.060         8
   304.372    16.070     0.060         8
   309.848    15.542     0.060         8
   313.604    15.239     0.060         8
   317.039    14.959     0.060         8
   367.341     7.205     0.060        10
   368.292     6.940     0.060        10
   369.072     6.718     0.060        10
   369.862     6.422     0.060        10
   370.660     6.181     0.060        10
   371.444     5.959     0.060        10
   372.218     5.734     0.060        10
   373.013     5.541     0.060        10
   373.814     5.393     0.060        10
   374.614     5.207     0.060        10
   375.418     4.983     0.060        10
   376.219     4.746     0.060        10
   377.842     4.129     0.060        10
   379.626     3.456     0.060        10
   382.020     2.762     0.060        10
   383.905     3.369     0.060        11
   384.684     3.030     0.060        11
   385.467     2.757     0.060        11
   386.247     2.568     0.060        11
   387.012     2.444     0.060        11
   226.273    27.563     0.060        13
   229.745    27.281     0.060        13
   233.265    26.739     0.060        13
   260.390    22.298     0.060        13
   263.433    21.796     0.060        13
   374.289     5.811     0.060        18
   375.104     5.558     0.060        18
   375.908     5.307     0.060        18
   376.706     5.022     0.060        18
   377.517     4.782     0.060        18
   378.329     4.519     0.060        18
   379.140     4.211     0.060        18
   379.952     3.926     0.060        18
   380.745     3.616     0.060        18
   381.552     3.324     0.060        18
   382.342     3.115     0.060        18
   385.943     2.901     0.060        22
   386.712     2.785     0.060        22
   387.477     2.743     0.060        22
   387.558     1.000     0.000         0
   388.095     0.915     0.060         1
   388.872     1.248     0.060         1
   389.659     1.646     0.060         1
   388.396     1.756     0.060         3
   406.003     6.674     0.060         5
   398.928     5.303     0.060         7
   399.735     5.375     0.060         7
   400.544     5.467     0.060         7
   401.359     5.612     0.060         7
   402.155     5.742     0.060         7
   402.959     5.936     0.060         7
   403.749     6.178     0.060         7
   404.547     6.366     0.060         7
   405.358     6.525     0.060         7
   406.164     6.721     0.060         7
   390.922     2.096     0.060        10
   393.130     2.854     0.060        10
   395.556     3.574     0.060        10
   397.960     4.340     0.060        10
   398.764     4.514     0.060        10
   399.571     4.714     0.060        10
   400.391     4.936     0.060        10
   401.198     5.154     0.060        10
   401.991     5.464     0.060        10
   402.795     5.692     0.060        10
   403.749     6.031     0.060        10
   387.780     2.429     0.060        11
   388.557     2.514     0.060        11
   389.344     2.741     0.060        11
   390.135     2.982     0.060        11
   390.922     3.324     0.060        11
   392.332     2.991     0.060        18
   393.130     3.245     0.060        18
   393.939     3.459     0.060        18
   394.747     3.718     0.060        18
   395.556     3.991     0.060        18
   388.245     2.787     0.060        22
   389.022     2.915     0.060        22
   389.820     3.111     0.060        22
   390.586    -1.000     0.000         0
   388.873     1.297     0.060         1
   389.660     0.951     0.060         1
   390.445     0.806     0.060         1
   389.982     1.244     0.060         2
   329.820    13.090     0.060         5
   330.589    13.005     0.060         5
   331.372    12.930     0.060         5
   332.147    12.835     0.060         5
   332.922    12.736     0.060         5
   333.676    12.624     0.060         5
   334.437    12.517     0.060         5
   335.223    12.418     0.060         5
   336.003    12.320     0.060         5
   336.807    12.203     0.060         5
   337.607    12.117     0.060         5
   338.408    11.989     0.060         5
   339.203    11.873     0.060         5
   339.984    11.746     0.060         5
   340.773    11.613     0.060         5
   341.568    11.488     0.060         5
   342.361    11.358     0.060         5
   343.166    11.249     0.060         5
   343.980    11.148     0.060         5
   344.774    11.032     0.060         5
   345.564    10.925     0.060         5
   346.354    10.826     0.060         5
   347.155    10.727     0.060         5
   347.938    10.595     0.060         5
   348.727    10.487     0.060         5
   349.520    10.343     0.060         5
   350.323    10.203     0.060         5
   351.115    10.067     0.060         5
   351.907     9.922     0.060         5
   352.705     9.737     0.060         5
   353.492     9.603     0.060         5
   354.272     9.448     0.060         5
   355.055     9.291     0.060         5
   355.834     9.159     0.060         5
   356.625     9.027     0.060         5
   357.418     8.936     0.060         5
   358.211     8.864     0.060         5
   359.015     8.788     0.060         5
   359.819     8.747     0.060         5
   360.610     8.748     0.060         5
   361.421     8.755     0.060         5
   362.359     8.723     0.060         5
   363.168     8.665     0.060         5
   363.987     8.560     0.060         5
   364.796     8.418     0.060         5
   365.586     8.294     0.060         5
   374.943     5.958     0.060         7
   375.744     5.750     0.060         7
   376.545     5.523     0.060         7
   377.357     5.295     0.060         7
   378.168     5.082     0.060         7
   378.987     4.829     0.060         7
   379.791     4.584     0.060         7
   380.595     4.334     0.060         7
   381.389     4.152     0.060         7
   382.182     4.024     0.060         7
   245.825    26.415     0.060         8
   252.199    25.170     0.060         8
   257.208    24.087     0.060         8
   262.947    23.064     0.060         8
   269.750    21.982     0.060         8
   275.901    20.760     0.060         8
   282.497    19.578     0.060         8
   288.421    18.606     0.060         8
   293.100    17.892     0.060         8
   298.808    17.303     0.060         8
   302.333    17.049     0.060         8
   306.571    16.654     0.060         8
   310.945    16.203     0.060         8
   367.016     8.098     0.060        10
   367.817     7.901     0.060        10
   368.607     7.690     0.060        10
   369.387     7.432     0.060        10
   370.188     7.130     0.060        10
   370.972     6.908     0.060        10
   371.756     6.673     0.060        10
   372.530     6.435     0.060        10
   373.338     6.216     0.060        10
   374.139     6.045     0.060        10
   374.943     5.855     0.060        10
   375.744     5.622     0.060        10
   376.545     5.390     0.060        10
   377.357     5.148     0.060        10
   378.168     4.842     0.060        10
   378.987     4.590     0.060        10
   379.791     4.292     0.060        10
   380.595     4.035     0.060        10
   381.389     3.805     0.060        10
   382.182     3.557     0.060        10
   382.972     3.300     0.060        10
   383.752     3.069     0.060        10
   384.534     2.879     0.060        10
   385.468     2.549     0.060        10
   386.398     3.538     0.060        11
   387.164     3.194     0.060        11
   387.943     2.914     0.060        11
   388.712     2.638     0.060        11
   389.510     2.456     0.060        11
   390.296     2.410     0.060        11
   230.440    27.919     0.060        13
   232.698    27.583     0.060        13
   237.391    26.867     0.060        13
   387.632     3.300     0.060        22
   388.398     3.072     0.060        22
   389.185     2.911     0.060        22
   389.982     2.824     0.060        22
   388.559     3.225     0.060        23
   389.982     3.262     0.060        23
   383.126     3.774     0.060        30
   383.905     3.467     0.060        30
   384.685     3.098     0.060        30
   385.468     2.766     0.060        30
   386.247     2.452     0.060        30
   390.586     1.000     0.000         0
   390.762     0.831     0.060         1
   391.546     1.049     0.060         1
   392.333     1.412     0.060         1
   391.235     1.343     0.060         2
   406.165     6.047     0.060         5
   407.470     6.286     0.060         5
   401.513     4.946     0.060         7
   402.317     5.115     0.060         7
   403.121     5.300     0.060         7
   403.911     5.484     0.060         7
   404.712     5.674     0.060         7
   394.426     2.484     0.060        10
   395.232     2.795     0.060        10
   396.041     3.109     0.060        10
   396.849     3.333     0.060        10
   397.647     3.527     0.060        10
   398.448     3.661     0.060        10
   399.254     3.821     0.060        10
   400.064     4.029     0.060        10
   400.870     4.285     0.060        10
   401.677     4.545     0.060        10
   402.481     4.794     0.060        10
   403.274     5.017     0.060        10
   404.072     5.252     0.060        10
   404.873     5.571     0.060        10
   390.762     2.394     0.060        11
   391.546     2.552     0.060        11
   392.333     2.854     0.060        11
   390.924     2.845     0.060        22
   391.699     2.959     0.060        22
   396.577    -1.000     0.000         0
   394.909     1.296     0.060         1
   395.718     0.986     0.060         1
   396.525     0.876     0.060         1
   396.525     1.630     0.060         3
   340.773    12.706     0.060         5
   342.361    12.465     0.060         5
   344.294    12.208     0.060         5
   346.840    11.913     0.060         5
   348.890    11.669     0.060         5
   350.645    11.449     0.060         5
   381.388     5.726     0.060         7
   382.972     5.471     0.060         7
   252.045    26.194     0.060         8
   259.438    24.764     0.060         8
   266.862    23.561     0.060         8
   272.648    22.531     0.060         8
   278.810    21.404     0.060         8
   288.101    19.757     0.060         8
   298.040    18.414     0.060         8
   303.910    17.781     0.060         8
   310.944    16.922     0.060         8
   313.755    16.685     0.060         8
   391.860     2.772     0.060         9
   392.658     2.446     0.060         9
   365.110     9.926     0.060        10
   365.911     9.698     0.060        10
   366.701     9.464     0.060        10
   367.491     9.244     0.060        10
   368.292     8.993     0.060        10
   369.072     8.773     0.060        10
   369.862     8.560     0.060        10
   370.660     8.368     0.060        10
   371.444     8.153     0.060        10
   372.218     7.915     0.060        10
   373.013     7.734     0.060        10
   373.814     7.515     0.060        10
   374.615     7.340     0.060        10
   375.419     7.152     0.060        10
   376.220     6.927     0.060        10
   377.031     6.718     0.060        10
   377.843     6.489     0.060        10
   378.665     6.254     0.060        10
   379.466     6.019     0.060        10
   380.270     5.823     0.060        10
   381.074     5.630     0.060        10
   381.867     5.476     0.060        10
   382.657     5.234     0.060        10
   383.437     5.022     0.060        10
   384.219     4.843     0.060        10
   385.002     4.692     0.060        10
   385.781     4.555     0.060        10
   386.558     4.402     0.060        10
   387.327     4.141     0.060        10
   388.096     3.818     0.060        10
   388.872     3.568     0.060        10
   389.659     3.362     0.060        10
   390.447     3.148     0.060        10
   393.131     3.505     0.060        11
   393.939     3.219     0.060        11
   394.748     2.972     0.060        11
   395.557     2.814     0.060        11
   396.365     2.757     0.060        11
   384.066     5.027     0.060        17
   394.100     2.478     0.060        29
   395.231     2.178     0.060        29
   396.040     1.972     0.060        29
   393.292     4.074     0.060        30
   394.100     3.992     0.060        30
   394.909     3.903     0.060        30
   395.718     3.791     0.060        30
   396.525     3.665     0.060        30
   396.577     1.000     0.000         0
   397.173     1.014     0.060         1
   397.960     1.320     0.060         1
   398.764     1.704     0.060         1
   405.842     4.498     0.060         5
   407.298     4.794     0.060         5
   400.391     2.561     0.060        10
   401.513     2.990     0.060        10
   403.120     3.544     0.060        10
   403.910     3.852     0.060        10
   404.711     4.171     0.060        10
   405.520     4.440     0.060        10
   397.334     2.819     0.060        11
   398.121     2.965     0.060        11
   398.928     3.216     0.060        11
   397.009     1.882     0.060        29
   397.334     3.593     0.060        30
   398.121     3.598     0.060        30
   398.928     3.751     0.060        30
   402.638    -1.000     0.000         0
   400.545     1.750     0.060         1
   401.360     1.385     0.060         1
   402.155     1.189     0.060         1
   401.513     1.811     0.060         3
   374.139     8.618     0.060         5
   374.943     8.475     0.060         5
   376.220     8.151     0.060         5
   378.004     7.700     0.060         5
   379.952     7.225     0.060         5
   381.553     6.794     0.060         5
   382.972     6.359     0.060         5
   384.685     5.988     0.060         5
   386.558     5.542     0.060         5
   388.873     5.074     0.060         5
   391.073     4.604     0.060         5
   256.734    26.174     0.060         8
   261.812    25.314     0.060         8
   266.204    24.697     0.060         8
   270.876    23.769     0.060         8
   277.206    22.499     0.060         8
   340.453    14.532     0.060         8
   343.490    14.174     0.060         8
   345.402    13.947     0.060         8
   347.308    13.714     0.060         8
   350.164    13.300     0.060         8
   352.068    12.990     0.060         8
   354.272    12.681     0.060         8
   357.103    12.408     0.060         8
   360.130    12.234     0.060         8
   362.681    12.195     0.060         8
   394.909     3.624     0.060        10
   396.526     3.111     0.060        10
   398.121     2.630     0.060        10
   402.638     1.000     0.000         0
   402.961     1.185     0.060         1
   403.750     1.414     0.060         1
   404.547     1.776     0.060         1
   405.358     2.215     0.060         1
   403.275     1.733     0.060         3
   408.758     3.509     0.060        10
   409.992     3.844     0.060        10
   408.680    -1.000     0.000         0
   406.647     2.014     0.060         1
   407.461     1.771     0.060         1
   408.244     1.638     0.060         1
   373.978     9.766     0.060         5
   375.583     9.445     0.060         5
   377.193     9.047     0.060         5
   378.987     8.635     0.060         5
   380.595     8.227     0.060         5
   382.972     7.696     0.060         5
   389.821     6.879     0.060         7
   392.011     6.575     0.060         7
   393.940     6.321     0.060         7
   395.717     6.136     0.060         7
   349.520    13.972     0.060         8
   352.393    13.423     0.060         8
   355.834    12.854     0.060         8
   357.579    12.692     0.060         8
   359.505    12.551     0.060         8
   361.583    12.489     0.060         8
   397.959     4.010     0.060        10
   398.763     3.836     0.060        10
   399.570     3.644     0.060        10
   400.391     3.467     0.060        10
   401.198     3.288     0.060        10
   401.992     3.115     0.060        10
   402.795     3.001     0.060        10
   403.911     2.799     0.060        10
   405.358     2.396     0.060        10
   408.680     1.000     0.000         0
   408.989     1.639     0.060         1
   409.710     1.794     0.060         1
   410.398     2.040     0.060         1
     0.000     0.000     0.000        -1
