10
s 55 3 602
r 35 0.01 2 13.4608 0.01
r 35.2 0.01 2 13.3319 0.01
r 35.4 0.01 2 13.2028 0.01
r 35.6 0.01 2 13.0737 0.01
r 35.8 0.01 2 12.9446 0.01
r 36 0.01 2 12.8153 0.01
r 36.2 0.01 2 12.6861 0.01
r 36.4 0.01 2 12.5568 0.01
r 36.6 0.01 2 12.4271 0.01
r 36.8 0.01 2 12.2974 0.01
r 37 0.01 2 12.1679 0.01
r 37.2 0.01 2 12.0382 0.01
r 37.4 0.01 2 11.9083 0.01
r 37.6 0.01 2 11.7785 0.01
r 37.8 0.01 2 11.6488 0.01
r 38 0.01 2 11.519 0.01
r 38.2 0.01 2 11.3892 0.01
r 38.4 0.01 2 11.2595 0.01
r 38.6 0.01 2 11.13 0.01
r 38.8 0.01 2 11.0002 0.01
r 39 0.01 2 10.8706 0.01
r 39.2 0.01 2 10.741 0.01
r 39.4 0.01 2 10.6115 0.01
r 39.6 0.01 2 10.4821 0.01
r 39.8 0.01 2 10.3528 0.01
r 40 0.01 2 10.2237 0.01
r 40.2 0.01 2 10.0945 0.01
r 40.4 0.01 2 9.96539 0.01
r 40.6 0.01 2 9.83635 0.01
r 40.8 0.01 2 9.70739 0.01
r 41 0.01 2 9.57853 0.01
r 41.2 0.01 2 9.44964 0.01
r 41.4 0.01 2 9.32082 0.01
r 41.6 0.01 2 9.19203 0.01
r 41.8 0.01 2 9.06328 0.01
r 42 0.01 2 8.93454 0.01
r 42.2 0.01 2 8.80582 0.01
r 42.4 0.01 2 8.67802 0.01
r 42.6 0.01 2 8.5489 0.01
r 42.8 0.01 2 8.41997 0.01
r 43 0.01 2 8.29105 0.01
r 43.2 0.01 2 8.16213 0.01
r 43.4 0.01 2 8.03341 0.01
r 43.6 0.01 2 7.90482 0.01
r 43.8 0.01 2 7.77631 0.01
r 44 0.01 2 7.6475 0.01
r 44.2 0.01 2 7.51815 0.01
r 44.4 0.01 2 7.3893 0.01
r 44.6 0.01 2 7.26062 0.01
r 44.8 0.01 2 7.13205 0.01
r 45 0.01 2 7.00342 0.01
r 45.2 0.01 2 6.87505 0.01
r 45.4 0.01 2 6.74687 0.01
r 45.6 0.01 2 6.61859 0.01
r 45.8 0.01 2 6.49065 0.01
r 46 0.01 2 6.36281 0.01
r 46.2 0.01 2 6.23539 0.01
r 46.4 0.01 2 6.1082 0.01
r 46.6 0.01 2 5.98109 0.01
r 46.8 0.01 2 5.85439 0.01
r 47 0.01 2 5.72808 0.01
r 47.2 0.01 2 5.60293 0.01
r 47.4 0.01 2 5.47596 0.01
r 47.6 0.01 2 5.35089 0.01
r 47.8 0.01 2 5.22629 0.01
r 48 0.01 2 5.10223 0.01
r 48.2 0.01 2 4.97877 0.01
r 48.4 0.01 2 4.85602 0.01
r 48.6 0.01 2 4.73386 0.01
r 48.8 0.01 2 4.61251 0.01
r 49 0.01 2 4.49199 0.01
r 49.2 0.01 2 4.37218 0.01
r 49.4 0.01 2 4.25326 0.01
r 49.6 0.01 2 4.1354 0.01
r 49.8 0.01 2 4.01854 0.01
r 50 0.01 2 3.90244 0.01
r 50.2 0.01 2 3.78792 0.01
r 50.4 0.01 2 3.67543 0.01
r 50.6 0.01 2 3.56473 0.01
r 50.8 0.01 2 3.45372 0.01
r 51 0.01 2 3.34281 0.01
r 51.2 0.01 2 3.23599 0.01
r 51.4 0.01 2 3.13137 0.01
r 51.6 0.01 2 3.02908 0.01
r 51.8 0.01 2 2.92943 0.01
r 52 0.01 2 2.8327 0.01
r 52.2 0.01 2 2.74002 0.01
r 52.4 0.01 2 2.64948 0.01
r 52.6 0.01 2 2.56468 0.01
r 52.8 0.01 2 2.48166 0.01
r 53 0.01 2 2.40632 0.01
r 53.2 0.01 2 2.33264 0.01
r 53.4 0.01 2 2.26646 0.01
r 53.6 0.01 2 2.20658 0.01
r 53.8 0.01 2 2.1535 0.01
r 54 0.01 2 2.10759 0.01
r 54.2 0.01 2 2.06944 0.01
r 54.4 0.01 2 2.03933 0.01
r 54.6 0.01 2 2.0178 0.01
r 54.8 0.01 2 2.00498 0.01
r 55 0.01 2 2.00216 0.01
r 55.2 0.01 2 2.00675 0.01
r 55.4 0.01 2 2.01901 0.01
r 55.6 0.01 2 2.0402 0.01
r 55.8 0.01 2 2.07072 0.01
r 56 0.01 2 2.10949 0.01
r 56.2 0.01 2 2.15622 0.01
r 56.4 0.01 2 2.21046 0.01
r 56.6 0.01 2 2.27143 0.01
r 56.8 0.01 2 2.33873 0.01
r 57 0.01 2 2.4143 0.01
r 57.2 0.01 2 2.49375 0.01
r 57.4 0.01 2 2.5744 0.01
r 57.6 0.01 2 2.65882 0.01
r 57.8 0.01 2 2.74813 0.01
r 58 0.01 2 2.84211 0.01
r 58.2 0.01 2 2.93863 0.01
r 58.4 0.01 2 3.03737 0.01
r 58.6 0.01 2 3.13781 0.01
r 58.8 0.01 2 3.24003 0.01
r 59 0.01 2 3.34414 0.01
r 59.2 0.01 2 3.44978 0.01
r 59.4 0.01 2 3.55649 0.01
r 59.6 0.01 2 3.66592 0.01
r 59.8 0.01 2 3.77448 0.01
r 60 0.01 2 3.88493 0.01
r 60.2 0.01 2 3.9966 0.01
r 60.4 0.01 2 4.10943 0.01
r 60.6 0.01 2 4.22349 0.01
r 60.8 0.01 2 4.33862 0.01
r 61 0.01 2 4.45445 0.01
r 61.2 0.01 2 4.57123 0.01
r 61.4 0.01 2 4.6889 0.01
r 61.6 0.01 2 4.80762 0.01
r 61.8 0.01 2 4.92687 0.01
r 62 0.01 2 5.04671 0.01
r 62.2 0.01 2 5.16754 0.01
r 62.4 0.01 2 5.28872 0.01
r 62.6 0.01 2 5.41078 0.01
r 62.8 0.01 2 5.53413 0.01
r 63 0.01 2 5.65732 0.01
r 63.2 0.01 2 5.78072 0.01
r 63.4 0.01 2 5.90488 0.01
r 63.6 0.01 2 6.02972 0.01
r 63.8 0.01 2 6.15497 0.01
r 64 0.01 2 6.28086 0.01
r 64.2 0.01 2 6.40691 0.01
r 64.4 0.01 2 6.53187 0.01
r 64.6 0.01 2 6.65799 0.01
r 64.8 0.01 2 6.78431 0.01
r 65 0.01 2 6.911 0.01
r 65.2 0.01 2 7.03775 0.01
r 65.4 0.01 2 7.16402 0.01
r 65.6 0.01 2 7.29081 0.01
r 65.8 0.01 2 7.41767 0.01
r 66 0.01 2 7.54462 0.01
r 66.2 0.01 2 7.67171 0.01
r 66.4 0.01 2 7.79937 0.01
r 66.6 0.01 2 7.92733 0.01
r 66.8 0.01 2 8.05584 0.01
r 67 0.01 2 8.18483 0.01
r 67.2 0.01 2 8.31426 0.01
r 67.4 0.01 2 8.44408 0.01
r 67.6 0.01 2 8.5742 0.01
r 67.8 0.01 2 8.70473 0.01
r 68 0.01 2 8.83552 0.01
r 68.2 0.01 2 8.9664 0.01
r 68.4 0.01 2 9.09707 0.01
r 68.6 0.01 2 9.22754 0.01
r 68.8 0.01 2 9.35786 0.01
r 69 0.01 2 9.48809 0.01
r 69.2 0.01 2 9.61823 0.01
r 69.4 0.01 2 9.74822 0.01
r 69.6 0.01 2 9.87818 0.01
r 69.8 0.01 2 10.0081 0.01
r 70 0.01 2 10.1379 0.01
r 70.2 0.01 2 10.268 0.01
r 70.4 0.01 2 10.3987 0.01
r 70.6 0.01 2 10.5298 0.01
r 70.8 0.01 2 10.6615 0.01
r 71 0.01 2 10.7939 0.01
r 71.2 0.01 2 10.9265 0.01
r 71.4 0.01 2 11.0594 0.01
r 71.6 0.01 2 11.1929 0.01
r 71.8 0.01 2 11.3269 0.01
r 72 0.01 2 11.4613 0.01
r 72.2 0.01 2 11.5959 0.01
r 72.4 0.01 2 11.7303 0.01
r 72.6 0.01 2 11.8646 0.01
r 72.8 0.01 2 11.9988 0.01
r 73 0.01 2 12.1332 0.01
r 73.2 0.01 2 12.2668 0.01
r 73.4 0.01 2 12.4004 0.01
r 73.6 0.01 2 12.534 0.01
r 73.8 0.01 2 12.667 0.01
r 74 0.01 2 12.7995 0.01
r 74.2 0.01 2 12.9319 0.01
r 74.4 0.01 2 13.0642 0.01
r 74.6 0.01 2 13.1964 0.01
r 74.8 0.01 2 13.3286 0.01
r 75 0.01 2 13.461 0.01
r 15 0.01 3 27.3416 0.01
r 15.2 0.01 3 27.2106 0.01
r 15.4 0.01 3 27.0797 0.01
r 15.6 0.01 3 26.949 0.01
r 15.8 0.01 3 26.8183 0.01
r 16 0.01 3 26.6877 0.01
r 16.2 0.01 3 26.5572 0.01
r 16.4 0.01 3 26.4267 0.01
r 16.6 0.01 3 26.2965 0.01
r 16.8 0.01 3 26.1663 0.01
r 17 0.01 3 26.0519 0.01
r 17.2 0.01 3 25.9206 0.01
r 17.4 0.01 3 25.7895 0.01
r 17.6 0.01 3 25.6582 0.01
r 17.8 0.01 3 25.5272 0.01
r 18 0.01 3 25.3963 0.01
r 18.2 0.01 3 25.2656 0.01
r 18.4 0.01 3 25.135 0.01
r 18.6 0.01 3 25.0042 0.01
r 18.8 0.01 3 24.8736 0.01
r 19 0.01 3 24.7518 0.01
r 19.2 0.01 3 24.6204 0.01
r 19.4 0.01 3 24.4893 0.01
r 19.6 0.01 3 24.3579 0.01
r 19.8 0.01 3 24.2267 0.01
r 20 0.01 3 24.0957 0.01
r 20.2 0.01 3 23.9644 0.01
r 20.4 0.01 3 23.8337 0.01
r 20.6 0.01 3 23.7023 0.01
r 20.8 0.01 3 23.5715 0.01
r 21 0.01 3 23.4462 0.01
r 21.2 0.01 3 23.3147 0.01
r 21.4 0.01 3 23.1833 0.01
r 21.6 0.01 3 23.0519 0.01
r 21.8 0.01 3 22.9207 0.01
r 22 0.01 3 22.7896 0.01
r 22.2 0.01 3 22.6585 0.01
r 22.4 0.01 3 22.5277 0.01
r 22.6 0.01 3 22.3972 0.01
r 22.8 0.01 3 22.2668 0.01
r 23 0.01 3 22.1447 0.01
r 23.2 0.01 3 22.0146 0.01
r 23.4 0.01 3 21.8847 0.01
r 23.6 0.01 3 21.7551 0.01
r 23.8 0.01 3 21.6258 0.01
r 24 0.01 3 21.4968 0.01
r 24.2 0.01 3 21.368 0.01
r 24.4 0.01 3 21.241 0.01
r 24.6 0.01 3 21.1125 0.01
r 24.8 0.01 3 20.9841 0.01
r 25 0.01 3 20.8561 0.01
r 25.2 0.01 3 20.7258 0.01
r 25.4 0.01 3 20.6004 0.01
r 25.6 0.01 3 20.4706 0.01
r 25.8 0.01 3 20.3444 0.01
r 26 0.01 3 20.2179 0.01
r 26.2 0.01 3 20.09 0.01
r 26.4 0.01 3 19.9627 0.01
r 26.6 0.01 3 19.8377 0.01
r 26.8 0.01 3 19.7096 0.01
r 27 0.01 3 19.5824 0.01
r 27.2 0.01 3 19.4557 0.01
r 27.4 0.01 3 19.3291 0.01
r 27.6 0.01 3 19.2027 0.01
r 27.8 0.01 3 19.0759 0.01
r 28 0.01 3 18.9503 0.01
r 28.2 0.01 3 18.8241 0.01
r 28.4 0.01 3 18.6983 0.01
r 28.6 0.01 3 18.5725 0.01
r 28.8 0.01 3 18.4466 0.01
r 29 0.01 3 18.5111 0.01
r 29.2 0.01 3 18.3812 0.01
r 29.4 0.01 3 18.2516 0.01
r 29.6 0.01 3 18.1223 0.01
r 29.8 0.01 3 17.9933 0.01
r 30 0.01 3 17.8639 0.01
r 30.2 0.01 3 17.7347 0.01
r 30.4 0.01 3 17.6055 0.01
r 30.6 0.01 3 17.4767 0.01
r 30.8 0.01 3 17.3468 0.01
r 31 0.01 3 17.3542 0.01
r 31.2 0.01 3 17.2189 0.01
r 31.4 0.01 3 17.1015 0.01
r 31.6 0.01 3 16.9694 0.01
r 31.8 0.01 3 16.8562 0.01
r 32 0.01 3 16.9581 0.01
r 32.2 0.01 3 16.5996 0.01
r 32.4 0.01 3 16.5911 0.01
r 32.6 0.01 3 16.3184 0.01
r 32.8 0.01 3 16.1943 0.01
r 33 0.01 3 16.0786 0.01
r 33.2 0.01 3 15.9376 0.01
r 33.4 0.01 3 15.8 0.01
r 33.6 0.01 3 15.6895 0.01
r 33.8 0.01 3 15.796 0.01
r 34 0.01 3 15.4165 0.01
r 34.2 0.01 3 15.297 0.01
r 34.4 0.01 3 15.1718 0.01
r 34.6 0.01 3 15.2116 0.01
r 34.8 0.01 3 14.9514 0.01
r 35 0.01 3 15.1298 0.01
r 35.2 0.01 3 14.6183 0.01
r 35.4 0.01 3 14.5561 0.01
r 35.6 0.01 3 14.4552 0.01
r 35.8 0.01 3 14.3227 0.01
r 36 0.01 3 14.2064 0.01
r 36.2 0.01 3 14.0881 0.01
r 36.4 0.01 3 13.9785 0.01
r 36.6 0.01 3 13.841 0.01
r 36.8 0.01 3 13.6626 0.01
r 37 0.01 3 13.555 0.01
r 37.2 0.01 3 13.4168 0.01
r 37.4 0.01 3 13.5475 0.01
r 37.6 0.01 3 13.4764 0.01
r 37.8 0.01 3 13.1347 0.01
r 38 0.01 3 13.2722 0.01
r 38.2 0.01 3 13.1452 0.01
r 38.4 0.01 3 12.7643 0.01
r 38.6 0.01 3 12.8769 0.01
r 38.8 0.01 3 12.7609 0.01
r 39 0.01 3 12.5402 0.01
r 39.2 0.01 3 12.2652 0.01
r 39.4 0.01 3 12.1028 0.01
r 39.6 0.01 3 11.9922 0.01
r 39.8 0.01 3 12.023 0.01
r 40 0.01 3 11.9087 0.01
r 40.2 0.01 3 11.8004 0.01
r 40.4 0.01 3 11.7092 0.01
r 40.6 0.01 3 11.4074 0.01
r 40.8 0.01 3 11.3566 0.01
r 41 0.01 3 11.2738 0.01
r 41.2 0.01 3 11.1519 0.01
r 41.4 0.01 3 11.114 0.01
r 41.6 0.01 3 10.9412 0.01
r 41.8 0.01 3 10.8779 0.01
r 42 0.01 3 10.6644 0.01
r 42.2 0.01 3 10.6338 0.01
r 42.4 0.01 3 10.5326 0.01
r 42.6 0.01 3 10.3782 0.01
r 42.8 0.01 3 10.2826 0.01
r 43 0.01 3 10.1795 0.01
r 43.2 0.01 3 10.0141 0.01
r 43.4 0.01 3 9.9593 0.01
r 43.6 0.01 3 9.8184 0.01
r 43.8 0.01 3 9.75468 0.01
r 44 0.01 3 9.58395 0.01
r 44.2 0.01 3 9.50139 0.01
r 44.4 0.01 3 9.37049 0.01
r 44.6 0.01 3 9.27641 0.01
r 44.8 0.01 3 9.16536 0.01
r 45 0.01 3 9.04847 0.01
r 45.2 0.01 3 8.94727 0.01
r 45.4 0.01 3 8.85218 0.01
r 45.6 0.01 3 8.7556 0.01
r 45.8 0.01 3 8.66001 0.01
r 46 0.01 3 8.56739 0.01
r 46.2 0.01 3 8.4872 0.01
r 46.4 0.01 3 8.37071 0.01
r 46.6 0.01 3 8.27314 0.01
r 46.8 0.01 3 8.17245 0.01
r 47 0.01 3 8.09222 0.01
r 47.2 0.01 3 7.9982 0.01
r 47.4 0.01 3 7.91099 0.01
r 47.6 0.01 3 7.81891 0.01
r 47.8 0.01 3 7.73044 0.01
r 48 0.01 3 7.64485 0.01
r 48.2 0.01 3 7.56077 0.01
r 48.4 0.01 3 7.47905 0.01
r 48.6 0.01 3 7.39817 0.01
r 48.8 0.01 3 7.31983 0.01
r 49 0.01 3 7.24631 0.01
r 49.2 0.01 3 7.17325 0.01
r 49.4 0.01 3 7.10262 0.01
r 49.6 0.01 3 7.02729 0.01
r 49.8 0.01 3 6.95966 0.01
r 50 0.01 3 6.89382 0.01
r 50.2 0.01 3 6.82877 0.01
r 50.4 0.01 3 6.76597 0.01
r 50.6 0.01 3 6.70592 0.01
r 50.8 0.01 3 6.64773 0.01
r 51 0.01 3 6.59033 0.01
r 51.2 0.01 3 6.5364 0.01
r 51.4 0.01 3 6.48514 0.01
r 51.6 0.01 3 6.43577 0.01
r 51.8 0.01 3 6.38907 0.01
r 52 0.01 3 6.34473 0.01
r 52.2 0.01 3 6.30281 0.01
r 52.4 0.01 3 6.26358 0.01
r 52.6 0.01 3 6.22713 0.01
r 52.8 0.01 3 6.19335 0.01
r 53 0.01 3 6.16251 0.01
r 53.2 0.01 3 6.13454 0.01
r 53.4 0.01 3 6.10914 0.01
r 53.6 0.01 3 6.08651 0.01
r 53.8 0.01 3 6.06651 0.01
r 54 0.01 3 6.0505 0.01
r 54.2 0.01 3 6.03675 0.01
r 54.4 0.01 3 6.02638 0.01
r 54.6 0.01 3 6.01877 0.01
r 54.8 0.01 3 6.01427 0.01
r 55 0.01 3 6.01418 0.01
r 55.2 0.01 3 6.01449 0.01
r 55.4 0.01 3 6.01819 0.01
r 55.6 0.01 3 6.02535 0.01
r 55.8 0.01 3 6.03552 0.01
r 56 0.01 3 6.04877 0.01
r 56.2 0.01 3 6.06545 0.01
r 56.4 0.01 3 6.08436 0.01
r 56.6 0.01 3 6.11279 0.01
r 56.8 0.01 3 6.13327 0.01
r 57 0.01 3 6.16199 0.01
r 57.2 0.01 3 6.19748 0.01
r 57.4 0.01 3 6.22555 0.01
r 57.6 0.01 3 6.25976 0.01
r 57.8 0.01 3 6.29771 0.01
r 58 0.01 3 6.34071 0.01
r 58.2 0.01 3 6.38088 0.01
r 58.4 0.01 3 6.42582 0.01
r 58.6 0.01 3 6.48243 0.01
r 58.8 0.01 3 6.54066 0.01
r 59 0.01 3 6.60124 0.01
r 59.2 0.01 3 6.66349 0.01
r 59.4 0.01 3 6.70342 0.01
r 59.6 0.01 3 6.79992 0.01
r 59.8 0.01 3 6.80947 0.01
r 60 0.01 3 6.87367 0.01
r 60.2 0.01 3 6.9399 0.01
r 60.4 0.01 3 7.01167 0.01
r 60.6 0.01 3 7.08146 0.01
r 60.8 0.01 3 7.15567 0.01
r 61 0.01 3 7.23371 0.01
r 61.2 0.01 3 7.31262 0.01
r 61.4 0.01 3 7.38963 0.01
r 61.6 0.01 3 7.4953 0.01
r 61.8 0.01 3 7.57024 0.01
r 62 0.01 3 7.64191 0.01
r 62.2 0.01 3 7.72817 0.01
r 62.4 0.01 3 7.81417 0.01
r 62.6 0.01 3 8.11043 0.01
r 62.8 0.01 3 7.9968 0.01
r 63 0.01 3 8.12407 0.01
r 63.2 0.01 3 8.20292 0.01
r 63.4 0.01 3 8.30732 0.01
r 63.6 0.01 3 8.37911 0.01
r 63.8 0.01 3 8.47969 0.01
r 64 0.01 3 8.55728 0.01
r 64.2 0.01 3 8.65171 0.01
r 64.4 0.01 3 8.74214 0.01
r 64.6 0.01 3 8.82978 0.01
r 64.8 0.01 3 8.93737 0.01
r 65 0.01 3 9.26967 0.01
r 65.2 0.01 3 9.1217 0.01
r 65.4 0.01 3 9.2203 0.01
r 65.6 0.01 3 9.32256 0.01
r 65.8 0.01 3 9.48548 0.01
r 66 0.01 3 9.65778 0.01
r 66.2 0.01 3 9.79142 0.01
r 66.4 0.01 3 9.8281 0.01
r 66.6 0.01 3 9.89083 0.01
r 66.8 0.01 3 10.0526 0.01
r 67 0.01 3 10.2024 0.01
r 67.2 0.01 3 10.2391 0.01
r 67.4 0.01 3 10.3306 0.01
r 67.6 0.01 3 10.424 0.01
r 67.8 0.01 3 10.5177 0.01
r 68 0.01 3 10.624 0.01
r 68.2 0.01 3 10.7187 0.01
r 68.4 0.01 3 10.8221 0.01
r 68.6 0.01 3 10.9272 0.01
r 68.8 0.01 3 11.0378 0.01
r 69 0.01 3 11.1469 0.01
r 69.2 0.01 3 11.295 0.01
r 69.4 0.01 3 11.3578 0.01
r 69.6 0.01 3 11.4687 0.01
r 69.8 0.01 3 11.5773 0.01
r 70 0.01 3 11.6897 0.01
r 70.2 0.01 3 11.848 0.01
r 70.4 0.01 3 11.9621 0.01
r 70.6 0.01 3 12.0828 0.01
r 70.8 0.01 3 12.1481 0.01
r 71 0.01 3 12.3212 0.01
r 71.2 0.01 3 12.4237 0.01
r 71.4 0.01 3 12.5354 0.01
r 71.6 0.01 3 12.6958 0.01
r 71.8 0.01 3 12.7846 0.01
r 72 0.01 3 12.9402 0.01
r 72.2 0.01 3 13.0088 0.01
r 72.4 0.01 3 13.2028 0.01
r 72.6 0.01 3 13.3029 0.01
r 72.8 0.01 3 13.3446 0.01
r 73 0.01 3 13.6563 0.01
r 73.2 0.01 3 14.1716 0.01
r 73.4 0.01 3 13.7307 0.01
r 73.6 0.01 3 13.9503 0.01
r 73.8 0.01 3 14.0203 0.01
r 74 0.01 3 14.9278 0.01
r 74.2 0.01 3 14.4678 0.01
r 74.4 0.01 3 14.3438 0.01
r 74.6 0.01 3 14.4813 0.01
r 74.8 0.01 3 14.5931 0.01
r 75 0.01 3 14.7111 0.01
r 75.2 0.01 3 15.1227 0.01
r 75.4 0.01 3 15.2739 0.01
r 75.6 0.01 3 15.3497 0.01
r 75.8 0.01 3 15.451 0.01
r 76 0.01 3 15.5787 0.01
r 76.2 0.01 3 15.6057 0.01
r 76.4 0.01 3 15.7189 0.01
r 76.6 0.01 3 15.8324 0.01
r 76.8 0.01 3 15.9326 0.01
r 77 0.01 3 16.2293 0.01
r 77.2 0.01 3 16.2058 0.01
r 77.4 0.01 3 16.1998 0.01
r 77.6 0.01 3 16.5787 0.01
r 77.8 0.01 3 16.6262 0.01
r 78 0.01 3 16.6763 0.01
r 78.2 0.01 3 16.8306 0.01
r 78.4 0.01 3 16.975 0.01
r 78.6 0.01 3 17.0799 0.01
r 78.8 0.01 3 17.1895 0.01
r 79 0.01 3 17.4886 0.01
r 79.2 0.01 3 17.4557 0.01
r 79.4 0.01 3 17.6352 0.01
r 79.6 0.01 3 17.6764 0.01
r 79.8 0.01 3 17.7592 0.01
r 80 0.01 3 17.908 0.01
r 80.2 0.01 3 17.9836 0.01
r 80.4 0.01 3 18.1202 0.01
r 80.6 0.01 3 18.3205 0.01
r 80.8 0.01 3 18.3711 0.01
r 81 0.01 3 18.5908 0.01
r 81.2 0.01 3 18.6922 0.01
r 81.4 0.01 3 18.74 0.01
r 81.6 0.01 3 18.9006 0.01
r 81.8 0.01 3 18.9972 0.01
r 82 0.01 3 19.0749 0.01
r 82.2 0.01 3 19.2214 0.01
r 82.4 0.01 3 19.3317 0.01
r 82.6 0.01 3 19.4439 0.01
r 82.8 0.01 3 19.5576 0.01
r 83 0.01 3 19.6885 0.01
r 83.2 0.01 3 19.8327 0.01
r 83.4 0.01 3 20.0262 0.01
r 83.6 0.01 3 20.0605 0.01
r 83.8 0.01 3 20.2436 0.01
r 84 0.01 3 20.3534 0.01
r 84.2 0.01 3 20.4636 0.01
r 84.4 0.01 3 20.5722 0.01
r 84.6 0.01 3 20.6607 0.01
r 84.8 0.01 3 20.7781 0.01
r 85 0.01 3 21.0034 0.01
r 85.2 0.01 3 21.0573 0.01
r 85.4 0.01 3 21.302 0.01
r 85.6 0.01 3 21.4075 0.01
r 85.8 0.01 3 21.5124 0.01
r 86 0.01 3 21.6192 0.01
r 86.2 0.01 3 21.7277 0.01
r 86.4 0.01 3 21.8369 0.01
r 86.6 0.01 3 21.9462 0.01
r 86.8 0.01 3 22.0568 0.01
r 87 0.01 3 22.1697 0.01
r 87.2 0.01 3 22.2827 0.01
r 87.4 0.01 3 22.3968 0.01
r 87.6 0.01 3 22.5126 0.01
r 87.8 0.01 3 22.6282 0.01
r 88 0.01 3 22.7429 0.01
r 88.2 0.01 3 22.8576 0.01
r 88.4 0.01 3 22.9726 0.01
r 88.6 0.01 3 23.088 0.01
r 88.8 0.01 3 23.2023 0.01
r 89 0.01 3 23.3845 0.01
r 89.2 0.01 3 23.4982 0.01
r 89.4 0.01 3 23.5872 0.01
r 89.6 0.01 3 23.7257 0.01
r 89.8 0.01 3 23.8385 0.01
r 90 0.01 3 23.951 0.01
r 90.2 0.01 3 24.0646 0.01
r 90.4 0.01 3 24.179 0.01
r 90.6 0.01 3 24.2949 0.01
r 90.8 0.01 3 24.4103 0.01
r 91 0.01 3 24.5242 0.01
r 91.2 0.01 3 24.6421 0.01
r 91.4 0.01 3 24.7605 0.01
r 91.6 0.01 3 24.8794 0.01
r 91.8 0.01 3 24.9985 0.01
r 92 0.01 3 25.1181 0.01
r 92.2 0.01 3 25.2369 0.01
r 92.4 0.01 3 25.3566 0.01
r 92.6 0.01 3 25.4765 0.01
r 92.8 0.01 3 25.5971 0.01
r 93 0.01 3 25.7179 0.01
r 93.2 0.01 3 25.8399 0.01
r 93.4 0.01 3 25.9625 0.01
r 93.6 0.01 3 26.0918 0.01
r 93.8 0.01 3 26.2121 0.01
r 94 0.01 3 26.3324 0.01
r 94.2 0.01 3 26.4525 0.01
r 94.4 0.01 3 26.5681 0.01
r 94.6 0.01 3 26.6879 0.01
r 94.8 0.01 3 26.8075 0.01
r 95 0.01 3 26.9313 0.01
s 65 3 602
r 45 0.01 2 13.547 0.01
r 45.2 0.01 2 13.4131 0.01
r 45.4 0.01 2 13.2793 0.01
r 45.6 0.01 2 13.1456 0.01
r 45.8 0.01 2 13.0119 0.01
r 46 0.01 2 12.8784 0.01
r 46.2 0.01 2 12.745 0.01
r 46.4 0.01 2 12.6117 0.01
r 46.6 0.01 2 12.4785 0.01
r 46.8 0.01 2 12.3454 0.01
r 47 0.01 2 12.2127 0.01
r 47.2 0.01 2 12.0798 0.01
r 47.4 0.01 2 11.9472 0.01
r 47.6 0.01 2 11.8147 0.01
r 47.8 0.01 2 11.6823 0.01
r 48 0.01 2 11.5501 0.01
r 48.2 0.01 2 11.4181 0.01
r 48.4 0.01 2 11.2861 0.01
r 48.6 0.01 2 11.1544 0.01
r 48.8 0.01 2 11.0227 0.01
r 49 0.01 2 10.891 0.01
r 49.2 0.01 2 10.7595 0.01
r 49.4 0.01 2 10.628 0.01
r 49.6 0.01 2 10.4966 0.01
r 49.8 0.01 2 10.3652 0.01
r 50 0.01 2 10.2339 0.01
r 50.2 0.01 2 10.1027 0.01
r 50.4 0.01 2 9.97165 0.01
r 50.6 0.01 2 9.84078 0.01
r 50.8 0.01 2 9.71034 0.01
r 51 0.01 2 9.57978 0.01
r 51.2 0.01 2 9.4493 0.01
r 51.4 0.01 2 9.3192 0.01
r 51.6 0.01 2 9.18936 0.01
r 51.8 0.01 2 9.05976 0.01
r 52 0.01 2 8.93042 0.01
r 52.2 0.01 2 8.80136 0.01
r 52.4 0.01 2 8.67258 0.01
r 52.6 0.01 2 8.54353 0.01
r 52.8 0.01 2 8.4146 0.01
r 53 0.01 2 8.28579 0.01
r 53.2 0.01 2 8.15717 0.01
r 53.4 0.01 2 8.02871 0.01
r 53.6 0.01 2 7.9004 0.01
r 53.8 0.01 2 7.77193 0.01
r 54 0.01 2 7.64366 0.01
r 54.2 0.01 2 7.51553 0.01
r 54.4 0.01 2 7.38677 0.01
r 54.6 0.01 2 7.25872 0.01
r 54.8 0.01 2 7.13102 0.01
r 55 0.01 2 7.00357 0.01
r 55.2 0.01 2 6.8762 0.01
r 55.4 0.01 2 6.74911 0.01
r 55.6 0.01 2 6.62229 0.01
r 55.8 0.01 2 6.4959 0.01
r 56 0.01 2 6.36985 0.01
r 56.2 0.01 2 6.24412 0.01
r 56.4 0.01 2 6.11834 0.01
r 56.6 0.01 2 5.99237 0.01
r 56.8 0.01 2 5.86618 0.01
r 57 0.01 2 5.73972 0.01
r 57.2 0.01 2 5.61342 0.01
r 57.4 0.01 2 5.48706 0.01
r 57.6 0.01 2 5.36063 0.01
r 57.8 0.01 2 5.23417 0.01
r 58 0.01 2 5.1078 0.01
r 58.2 0.01 2 4.98167 0.01
r 58.4 0.01 2 4.85633 0.01
r 58.6 0.01 2 4.73183 0.01
r 58.8 0.01 2 4.60828 0.01
r 59 0.01 2 4.48576 0.01
r 59.2 0.01 2 4.36421 0.01
r 59.4 0.01 2 4.24384 0.01
r 59.6 0.01 2 4.1246 0.01
r 59.8 0.01 2 4.00654 0.01
r 60 0.01 2 3.88977 0.01
r 60.2 0.01 2 3.77433 0.01
r 60.4 0.01 2 3.66024 0.01
r 60.6 0.01 2 3.54767 0.01
r 60.8 0.01 2 3.43677 0.01
r 61 0.01 2 3.32784 0.01
r 61.2 0.01 2 3.22086 0.01
r 61.4 0.01 2 3.11605 0.01
r 61.6 0.01 2 3.01373 0.01
r 61.8 0.01 2 2.91413 0.01
r 62 0.01 2 2.81761 0.01
r 62.2 0.01 2 2.72458 0.01
r 62.4 0.01 2 2.63512 0.01
r 62.6 0.01 2 2.54962 0.01
r 62.8 0.01 2 2.46864 0.01
r 63 0.01 2 2.39219 0.01
r 63.2 0.01 2 2.32119 0.01
r 63.4 0.01 2 2.25565 0.01
r 63.6 0.01 2 2.19648 0.01
r 63.8 0.01 2 2.14411 0.01
r 64 0.01 2 2.09872 0.01
r 64.2 0.01 2 2.06075 0.01
r 64.4 0.01 2 2.03132 0.01
r 64.6 0.01 2 2.00996 0.01
r 64.8 0.01 2 1.99807 0.01
r 65 0.01 2 1.99438 0.01
r 65.2 0.01 2 1.99977 0.01
r 65.4 0.01 2 2.01234 0.01
r 65.6 0.01 2 2.03332 0.01
r 65.8 0.01 2 2.06398 0.01
r 66 0.01 2 2.1028 0.01
r 66.2 0.01 2 2.14966 0.01
r 66.4 0.01 2 2.20427 0.01
r 66.6 0.01 2 2.26593 0.01
r 66.8 0.01 2 2.33406 0.01
r 67 0.01 2 2.40746 0.01
r 67.2 0.01 2 2.48619 0.01
r 67.4 0.01 2 2.56963 0.01
r 67.6 0.01 2 2.65687 0.01
r 67.8 0.01 2 2.74838 0.01
r 68 0.01 2 2.84369 0.01
r 68.2 0.01 2 2.94128 0.01
r 68.4 0.01 2 3.04152 0.01
r 68.6 0.01 2 3.14408 0.01
r 68.8 0.01 2 3.24877 0.01
r 69 0.01 2 3.35536 0.01
r 69.2 0.01 2 3.46381 0.01
r 69.4 0.01 2 3.57338 0.01
r 69.6 0.01 2 3.68467 0.01
r 69.8 0.01 2 3.79704 0.01
r 70 0.01 2 3.91049 0.01
r 70.2 0.01 2 4.02592 0.01
r 70.4 0.01 2 4.14269 0.01
r 70.6 0.01 2 4.26201 0.01
r 70.8 0.01 2 4.37989 0.01
r 71 0.01 2 4.49996 0.01
r 71.2 0.01 2 4.62113 0.01
r 71.4 0.01 2 4.74251 0.01
r 71.6 0.01 2 4.86471 0.01
r 71.8 0.01 2 4.98874 0.01
r 72 0.01 2 5.1118 0.01
r 72.2 0.01 2 5.23517 0.01
r 72.4 0.01 2 5.35831 0.01
r 72.6 0.01 2 5.48147 0.01
r 72.8 0.01 2 5.60502 0.01
r 73 0.01 2 5.72908 0.01
r 73.2 0.01 2 5.85223 0.01
r 73.4 0.01 2 5.97614 0.01
r 73.6 0.01 2 6.09962 0.01
r 73.8 0.01 2 6.22313 0.01
r 74 0.01 2 6.34708 0.01
r 74.2 0.01 2 6.47145 0.01
r 74.4 0.01 2 6.59601 0.01
r 74.6 0.01 2 6.72103 0.01
r 74.8 0.01 2 6.84619 0.01
r 75 0.01 2 6.97189 0.01
r 75.2 0.01 2 7.09768 0.01
r 75.4 0.01 2 7.22402 0.01
r 75.6 0.01 2 7.35059 0.01
r 75.8 0.01 2 7.47743 0.01
r 76 0.01 2 7.60476 0.01
r 76.2 0.01 2 7.73261 0.01
r 76.4 0.01 2 7.86099 0.01
r 76.6 0.01 2 7.99039 0.01
r 76.8 0.01 2 8.11961 0.01
r 77 0.01 2 8.24939 0.01
r 77.2 0.01 2 8.38017 0.01
r 77.4 0.01 2 8.51148 0.01
r 77.6 0.01 2 8.64303 0.01
r 77.8 0.01 2 8.77512 0.01
r 78 0.01 2 8.90829 0.01
r 78.2 0.01 2 9.04032 0.01
r 78.4 0.01 2 9.17251 0.01
r 78.6 0.01 2 9.30414 0.01
r 78.8 0.01 2 9.4358 0.01
r 79 0.01 2 9.56729 0.01
r 79.2 0.01 2 9.69832 0.01
r 79.4 0.01 2 9.82933 0.01
r 79.6 0.01 2 9.96026 0.01
r 79.8 0.01 2 10.0912 0.01
r 80 0.01 2 10.2222 0.01
r 80.2 0.01 2 10.3531 0.01
r 80.4 0.01 2 10.4844 0.01
r 80.6 0.01 2 10.6159 0.01
r 80.8 0.01 2 10.7477 0.01
r 81 0.01 2 10.8796 0.01
r 81.2 0.01 2 11.0119 0.01
r 81.4 0.01 2 11.1442 0.01
r 81.6 0.01 2 11.2768 0.01
r 81.8 0.01 2 11.4094 0.01
r 82 0.01 2 11.5422 0.01
r 82.2 0.01 2 11.6752 0.01
r 82.4 0.01 2 11.8084 0.01
r 82.6 0.01 2 11.9417 0.01
r 82.8 0.01 2 12.0752 0.01
r 83 0.01 2 12.2088 0.01
r 83.2 0.01 2 12.3428 0.01
r 83.4 0.01 2 12.4769 0.01
r 83.6 0.01 2 12.6113 0.01
r 83.8 0.01 2 12.7458 0.01
r 84 0.01 2 12.8806 0.01
r 84.2 0.01 2 13.0154 0.01
r 84.4 0.01 2 13.1503 0.01
r 84.6 0.01 2 13.2851 0.01
r 84.8 0.01 2 13.42 0.01
r 85 0.01 2 13.5549 0.01
r 25 0.01 3 27.2837 0.01
r 25.2 0.01 3 27.1557 0.01
r 25.4 0.01 3 27.0277 0.01
r 25.6 0.01 3 26.8999 0.01
r 25.8 0.01 3 26.7722 0.01
r 26 0.01 3 26.6448 0.01
r 26.2 0.01 3 26.5174 0.01
r 26.4 0.01 3 26.39 0.01
r 26.6 0.01 3 26.2627 0.01
r 26.8 0.01 3 26.1357 0.01
r 27 0.01 3 26.0238 0.01
r 27.2 0.01 3 25.9068 0.01
r 27.4 0.01 3 25.7778 0.01
r 27.6 0.01 3 25.6363 0.01
r 27.8 0.01 3 25.5071 0.01
r 28 0.01 3 25.378 0.01
r 28.2 0.01 3 25.261 0.01
r 28.4 0.01 3 25.1202 0.01
r 28.6 0.01 3 25.0033 0.01
r 28.8 0.01 3 24.8748 0.01
r 29 0.01 3 24.7528 0.01
r 29.2 0.01 3 24.6234 0.01
r 29.4 0.01 3 24.4934 0.01
r 29.6 0.01 3 24.3638 0.01
r 29.8 0.01 3 24.2343 0.01
r 30 0.01 3 24.1049 0.01
r 30.2 0.01 3 23.9756 0.01
r 30.4 0.01 3 23.8466 0.01
r 30.6 0.01 3 23.7175 0.01
r 30.8 0.01 3 23.5881 0.01
r 31 0.01 3 23.5849 0.01
r 31.2 0.01 3 23.4552 0.01
r 31.4 0.01 3 23.3255 0.01
r 31.6 0.01 3 23.196 0.01
r 31.8 0.01 3 23.0666 0.01
r 32 0.01 3 22.9373 0.01
r 32.2 0.01 3 22.8081 0.01
r 32.4 0.01 3 22.6791 0.01
r 32.6 0.01 3 22.5503 0.01
r 32.8 0.01 3 22.4216 0.01
r 33 0.01 3 22.3066 0.01
r 33.2 0.01 3 22.2919 0.01
r 33.4 0.01 3 22.0811 0.01
r 33.6 0.01 3 21.8745 0.01
r 33.8 0.01 3 21.7871 0.01
r 34 0.01 3 21.6542 0.01
r 34.2 0.01 3 21.4911 0.01
r 34.4 0.01 3 21.4306 0.01
r 34.6 0.01 3 21.2639 0.01
r 34.8 0.01 3 21.1774 0.01
r 35 0.01 3 20.9847 0.01
r 35.2 0.01 3 20.9172 0.01
r 35.4 0.01 3 20.793 0.01
r 35.6 0.01 3 20.6004 0.01
r 35.8 0.01 3 20.5374 0.01
r 36 0.01 3 20.415 0.01
r 36.2 0.01 3 20.2412 0.01
r 36.4 0.01 3 20.1607 0.01
r 36.6 0.01 3 20.1867 0.01
r 36.8 0.01 3 19.8984 0.01
r 37 0.01 3 19.7863 0.01
r 37.2 0.01 3 19.6554 0.01
r 37.4 0.01 3 19.4601 0.01
r 37.6 0.01 3 19.4142 0.01
r 37.8 0.01 3 19.2918 0.01
r 38 0.01 3 19.2963 0.01
r 38.2 0.01 3 18.9598 0.01
r 38.4 0.01 3 18.8544 0.01
r 38.6 0.01 3 18.7371 0.01
r 38.8 0.01 3 18.6069 0.01
r 39 0.01 3 18.4627 0.01
r 39.2 0.01 3 18.3678 0.01
r 39.4 0.01 3 18.2376 0.01
r 39.6 0.01 3 18.0883 0.01
r 39.8 0.01 3 17.9969 0.01
r 40 0.01 3 17.8778 0.01
r 40.2 0.01 3 17.7871 0.01
r 40.4 0.01 3 17.6375 0.01
r 40.6 0.01 3 17.4962 0.01
r 40.8 0.01 3 17.3601 0.01
r 41 0.01 3 17.4514 0.01
r 41.2 0.01 3 17.2094 0.01
r 41.4 0.01 3 17.051 0.01
r 41.6 0.01 3 16.9129 0.01
r 41.8 0.01 3 16.8203 0.01
r 42 0.01 3 16.6662 0.01
r 42.2 0.01 3 16.5637 0.01
r 42.4 0.01 3 16.4447 0.01
r 42.6 0.01 3 16.2769 0.01
r 42.8 0.01 3 16.1668 0.01
r 43 0.01 3 16.0652 0.01
r 43.2 0.01 3 15.916 0.01
r 43.4 0.01 3 15.7671 0.01
r 43.6 0.01 3 15.6559 0.01
r 43.8 0.01 3 15.5316 0.01
r 44 0.01 3 15.3951 0.01
r 44.2 0.01 3 15.2838 0.01
r 44.4 0.01 3 15.2436 0.01
r 44.6 0.01 3 15.069 0.01
r 44.8 0.01 3 14.9151 0.01
r 45 0.01 3 14.7943 0.01
r 45.2 0.01 3 14.6723 0.01
r 45.4 0.01 3 14.5365 0.01
r 45.6 0.01 3 14.4134 0.01
r 45.8 0.01 3 14.2841 0.01
r 46 0.01 3 14.1605 0.01
r 46.2 0.01 3 14.0048 0.01
r 46.4 0.01 3 13.9007 0.01
r 46.6 0.01 3 13.7678 0.01
r 46.8 0.01 3 13.6481 0.01
r 47 0.01 3 13.5248 0.01
r 47.2 0.01 3 13.396 0.01
r 47.4 0.01 3 13.2849 0.01
r 47.6 0.01 3 13.146 0.01
r 47.8 0.01 3 13.0649 0.01
r 48 0.01 3 12.9408 0.01
r 48.2 0.01 3 12.8171 0.01
r 48.4 0.01 3 12.6537 0.01
r 48.6 0.01 3 12.5807 0.01
r 48.8 0.01 3 12.4597 0.01
r 49 0.01 3 12.3061 0.01
r 49.2 0.01 3 12.1562 0.01
r 49.4 0.01 3 12.0521 0.01
r 49.6 0.01 3 11.9286 0.01
r 49.8 0.01 3 11.8075 0.01
r 50 0.01 3 11.6868 0.01
r 50.2 0.01 3 11.5909 0.01
r 50.4 0.01 3 11.4455 0.01
r 50.6 0.01 3 11.374 0.01
r 50.8 0.01 3 11.2606 0.01
r 51 0.01 3 11.1066 0.01
r 51.2 0.01 3 10.9916 0.01
r 51.4 0.01 3 10.8723 0.01
r 51.6 0.01 3 10.759 0.01
r 51.8 0.01 3 10.6462 0.01
r 52 0.01 3 10.5315 0.01
r 52.2 0.01 3 10.4257 0.01
r 52.4 0.01 3 10.3139 0.01
r 52.6 0.01 3 10.2055 0.01
r 52.8 0.01 3 10.0958 0.01
r 53 0.01 3 9.99005 0.01
r 53.2 0.01 3 9.88419 0.01
r 53.4 0.01 3 9.77862 0.01
r 53.6 0.01 3 9.68485 0.01
r 53.8 0.01 3 9.57461 0.01
r 54 0.01 3 9.46685 0.01
r 54.2 0.01 3 9.36623 0.01
r 54.4 0.01 3 9.26789 0.01
r 54.6 0.01 3 9.17109 0.01
r 54.8 0.01 3 9.08534 0.01
r 55 0.01 3 8.96582 0.01
r 55.2 0.01 3 8.86948 0.01
r 55.4 0.01 3 8.77474 0.01
r 55.6 0.01 3 8.67966 0.01
r 55.8 0.01 3 8.58702 0.01
r 56 0.01 3 8.496 0.01
r 56.2 0.01 3 8.41325 0.01
r 56.4 0.01 3 8.32136 0.01
r 56.6 0.01 3 8.24002 0.01
r 56.8 0.01 3 8.15603 0.01
r 57 0.01 3 8.06363 0.01
r 57.2 0.01 3 7.97286 0.01
r 57.4 0.01 3 7.89537 0.01
r 57.6 0.01 3 7.8077 0.01
r 57.8 0.01 3 7.7362 0.01
r 58 0.01 3 7.64872 0.01
r 58.2 0.01 3 7.57855 0.01
r 58.4 0.01 3 7.49782 0.01
r 58.6 0.01 3 7.44052 0.01
r 58.8 0.01 3 7.30933 0.01
r 59 0.01 3 7.29833 0.01
r 59.2 0.01 3 7.21277 0.01
r 59.4 0.01 3 7.15401 0.01
r 59.6 0.01 3 7.07255 0.01
r 59.8 0.01 3 6.99304 0.01
r 60 0.01 3 6.91874 0.01
r 60.2 0.01 3 6.85487 0.01
r 60.4 0.01 3 6.79671 0.01
r 60.6 0.01 3 6.75326 0.01
r 60.8 0.01 3 6.63059 0.01
r 61 0.01 3 6.57216 0.01
r 61.2 0.01 3 6.51532 0.01
r 61.4 0.01 3 6.4612 0.01
r 61.6 0.01 3 6.41064 0.01
r 61.8 0.01 3 6.36125 0.01
r 62 0.01 3 6.31555 0.01
r 62.2 0.01 3 6.27203 0.01
r 62.4 0.01 3 6.23112 0.01
r 62.6 0.01 3 6.19262 0.01
r 62.8 0.01 3 6.15702 0.01
r 63 0.01 3 6.1248 0.01
r 63.2 0.01 3 6.09606 0.01
r 63.4 0.01 3 6.06995 0.01
r 63.6 0.01 3 6.04776 0.01
r 63.8 0.01 3 6.03453 0.01
r 64 0.01 3 6.01743 0.01
r 64.2 0.01 3 6.00481 0.01
r 64.4 0.01 3 5.99701 0.01
r 64.6 0.01 3 5.99436 0.01
r 64.8 0.01 3 5.99499 0.01
r 65 0.01 3 5.99272 0.01
r 65.2 0.01 3 5.99416 0.01
r 65.4 0.01 3 6.00187 0.01
r 65.6 0.01 3 6.00968 0.01
r 65.8 0.01 3 6.02224 0.01
r 66 0.01 3 6.03807 0.01
r 66.2 0.01 3 6.0573 0.01
r 66.4 0.01 3 6.07931 0.01
r 66.6 0.01 3 6.10839 0.01
r 66.8 0.01 3 6.12888 0.01
r 67 0.01 3 6.15664 0.01
r 67.2 0.01 3 6.18529 0.01
r 67.4 0.01 3 6.21802 0.01
r 67.6 0.01 3 6.25325 0.01
r 67.8 0.01 3 6.29137 0.01
r 68 0.01 3 6.33252 0.01
r 68.2 0.01 3 6.37625 0.01
r 68.4 0.01 3 6.42015 0.01
r 68.6 0.01 3 6.46741 0.01
r 68.8 0.01 3 6.51823 0.01
r 69 0.01 3 6.57109 0.01
r 69.2 0.01 3 6.62653 0.01
r 69.4 0.01 3 6.68319 0.01
r 69.6 0.01 3 6.74183 0.01
r 69.8 0.01 3 6.80384 0.01
r 70 0.01 3 6.86935 0.01
r 70.2 0.01 3 6.93875 0.01
r 70.4 0.01 3 7.01147 0.01
r 70.6 0.01 3 7.08247 0.01
r 70.8 0.01 3 7.16625 0.01
r 71 0.01 3 7.24801 0.01
r 71.2 0.01 3 7.34494 0.01
r 71.4 0.01 3 7.46048 0.01
r 71.6 0.01 3 7.49831 0.01
r 71.8 0.01 3 7.61999 0.01
r 72 0.01 3 7.65713 0.01
r 72.2 0.01 3 7.72754 0.01
r 72.4 0.01 3 7.80993 0.01
r 72.6 0.01 3 7.89219 0.01
r 72.8 0.01 3 7.98078 0.01
r 73 0.01 3 8.14934 0.01
r 73.2 0.01 3 8.21551 0.01
r 73.4 0.01 3 8.34531 0.01
r 73.6 0.01 3 8.36251 0.01
r 73.8 0.01 3 8.50934 0.01
r 74 0.01 3 8.60688 0.01
r 74.2 0.01 3 8.67445 0.01
r 74.4 0.01 3 8.75974 0.01
r 74.6 0.01 3 8.86536 0.01
r 74.8 0.01 3 9.02505 0.01
r 75 0.01 3 9.05489 0.01
r 75.2 0.01 3 9.16221 0.01
r 75.4 0.01 3 9.22196 0.01
r 75.6 0.01 3 9.32949 0.01
r 75.8 0.01 3 9.4388 0.01
r 76 0.01 3 9.55894 0.01
r 76.2 0.01 3 9.6453 0.01
r 76.4 0.01 3 9.74923 0.01
r 76.6 0.01 3 9.84873 0.01
r 76.8 0.01 3 9.95477 0.01
r 77 0.01 3 10.1056 0.01
r 77.2 0.01 3 10.2 0.01
r 77.4 0.01 3 10.2981 0.01
r 77.6 0.01 3 10.5307 0.01
r 77.8 0.01 3 10.5316 0.01
r 78 0.01 3 10.644 0.01
r 78.2 0.01 3 10.7765 0.01
r 78.4 0.01 3 10.8628 0.01
r 78.6 0.01 3 10.9793 0.01
r 78.8 0.01 3 11.0765 0.01
r 79 0.01 3 11.3058 0.01
r 79.2 0.01 3 11.3035 0.01
r 79.4 0.01 3 11.4655 0.01
r 79.6 0.01 3 11.5194 0.01
r 79.8 0.01 3 11.6623 0.01
r 80 0.01 3 11.737 0.01
r 80.2 0.01 3 11.9365 0.01
r 80.4 0.01 3 12.0088 0.01
r 80.6 0.01 3 12.1156 0.01
r 80.8 0.01 3 12.2051 0.01
r 81 0.01 3 12.3367 0.01
r 81.2 0.01 3 12.4267 0.01
r 81.4 0.01 3 12.5708 0.01
r 81.6 0.01 3 12.6476 0.01
r 81.8 0.01 3 12.7825 0.01
r 82 0.01 3 12.891 0.01
r 82.2 0.01 3 12.999 0.01
r 82.4 0.01 3 13.1109 0.01
r 82.6 0.01 3 13.2241 0.01
r 82.8 0.01 3 13.3392 0.01
r 83 0.01 3 13.4583 0.01
r 83.2 0.01 3 13.5761 0.01
r 83.4 0.01 3 13.7199 0.01
r 83.6 0.01 3 13.8348 0.01
r 83.8 0.01 3 13.9322 0.01
r 84 0.01 3 14.1138 0.01
r 84.2 0.01 3 14.2266 0.01
r 84.4 0.01 3 14.34 0.01
r 84.6 0.01 3 14.4524 0.01
r 84.8 0.01 3 14.5686 0.01
r 85 0.01 3 14.7119 0.01
r 85.2 0.01 3 14.8343 0.01
r 85.4 0.01 3 14.938 0.01
r 85.6 0.01 3 15.0509 0.01
r 85.8 0.01 3 15.1527 0.01
r 86 0.01 3 15.2939 0.01
r 86.2 0.01 3 15.4753 0.01
r 86.4 0.01 3 15.5847 0.01
r 86.6 0.01 3 15.6957 0.01
r 86.8 0.01 3 15.8087 0.01
r 87 0.01 3 15.9798 0.01
r 87.2 0.01 3 16.0845 0.01
r 87.4 0.01 3 16.2544 0.01
r 87.6 0.01 3 16.2998 0.01
r 87.8 0.01 3 16.4094 0.01
r 88 0.01 3 16.4783 0.01
r 88.2 0.01 3 16.679 0.01
r 88.4 0.01 3 16.7862 0.01
r 88.6 0.01 3 16.895 0.01
r 88.8 0.01 3 17.0046 0.01
r 89 0.01 3 17.3574 0.01
r 89.2 0.01 3 17.3994 0.01
r 89.4 0.01 3 17.5944 0.01
r 89.6 0.01 3 17.6896 0.01
r 89.8 0.01 3 17.7685 0.01
r 90 0.01 3 17.854 0.01
r 90.2 0.01 3 17.9644 0.01
r 90.4 0.01 3 18.0688 0.01
r 90.6 0.01 3 18.278 0.01
r 90.8 0.01 3 18.3679 0.01
r 91 0.01 3 18.431 0.01
r 91.2 0.01 3 18.5511 0.01
r 91.4 0.01 3 18.6426 0.01
r 91.6 0.01 3 18.7719 0.01
r 91.8 0.01 3 18.8737 0.01
r 92 0.01 3 18.9784 0.01
r 92.2 0.01 3 19.08 0.01
r 92.4 0.01 3 19.1841 0.01
r 92.6 0.01 3 19.2894 0.01
r 92.8 0.01 3 19.3965 0.01
r 93 0.01 3 19.5967 0.01
r 93.2 0.01 3 19.6992 0.01
r 93.4 0.01 3 19.8074 0.01
r 93.6 0.01 3 19.9472 0.01
r 93.8 0.01 3 20.0502 0.01
r 94 0.01 3 20.1526 0.01
r 94.2 0.01 3 20.2438 0.01
r 94.4 0.01 3 20.3865 0.01
r 94.6 0.01 3 20.465 0.01
r 94.8 0.01 3 20.5792 0.01
r 95 0.01 3 20.6813 0.01
r 95.2 0.01 3 20.8114 0.01
r 95.4 0.01 3 20.9207 0.01
r 95.6 0.01 3 21.03 0.01
r 95.8 0.01 3 21.1414 0.01
r 96 0.01 3 21.2493 0.01
r 96.2 0.01 3 21.3622 0.01
r 96.4 0.01 3 21.5146 0.01
r 96.6 0.01 3 21.6522 0.01
r 96.8 0.01 3 21.7851 0.01
r 97 0.01 3 21.8846 0.01
r 97.2 0.01 3 22.0344 0.01
r 97.4 0.01 3 22.2123 0.01
r 97.6 0.01 3 22.3152 0.01
r 97.8 0.01 3 22.3376 0.01
r 98 0.01 3 22.5188 0.01
r 98.2 0.01 3 22.5739 0.01
r 98.4 0.01 3 22.7392 0.01
r 98.6 0.01 3 22.8454 0.01
r 98.8 0.01 3 22.938 0.01
r 99 0.01 3 23.0723 0.01
r 99.2 0.01 3 23.186 0.01
r 99.4 0.01 3 23.3018 0.01
r 99.6 0.01 3 23.4187 0.01
r 99.8 0.01 3 23.5364 0.01
r 100 0.01 3 23.653 0.01
r 100.2 0.01 3 23.7704 0.01
r 100.4 0.01 3 23.8883 0.01
r 100.6 0.01 3 24.0069 0.01
r 100.8 0.01 3 24.1258 0.01
r 101 0.01 3 24.2447 0.01
r 101.2 0.01 3 24.3648 0.01
r 101.4 0.01 3 24.4912 0.01
r 101.6 0.01 3 24.6111 0.01
r 101.8 0.01 3 24.7314 0.01
r 102 0.01 3 24.8521 0.01
r 102.2 0.01 3 24.9729 0.01
r 102.4 0.01 3 25.0938 0.01
r 102.6 0.01 3 25.2147 0.01
r 102.8 0.01 3 25.3344 0.01
r 103 0.01 3 25.4543 0.01
r 103.2 0.01 3 25.5725 0.01
r 103.4 0.01 3 25.6906 0.01
r 103.6 0.01 3 25.8081 0.01
r 103.8 0.01 3 25.9261 0.01
r 104 0.01 3 26.0435 0.01
r 104.2 0.01 3 26.1605 0.01
r 104.4 0.01 3 26.2784 0.01
r 104.6 0.01 3 26.3964 0.01
r 104.8 0.01 3 26.5144 0.01
r 105 0.01 3 26.6328 0.01
s 75 3 602
r 55 0.01 2 13.5455 0.01
r 55.2 0.01 2 13.4126 0.01
r 55.4 0.01 2 13.2797 0.01
r 55.6 0.01 2 13.1469 0.01
r 55.8 0.01 2 13.0142 0.01
r 56 0.01 2 12.882 0.01
r 56.2 0.01 2 12.7493 0.01
r 56.4 0.01 2 12.6165 0.01
r 56.6 0.01 2 12.4835 0.01
r 56.8 0.01 2 12.3502 0.01
r 57 0.01 2 12.2168 0.01
r 57.2 0.01 2 12.0832 0.01
r 57.4 0.01 2 11.9492 0.01
r 57.6 0.01 2 11.815 0.01
r 57.8 0.01 2 11.6804 0.01
r 58 0.01 2 11.5456 0.01
r 58.2 0.01 2 11.411 0.01
r 58.4 0.01 2 11.2768 0.01
r 58.6 0.01 2 11.1429 0.01
r 58.8 0.01 2 11.0093 0.01
r 59 0.01 2 10.8761 0.01
r 59.2 0.01 2 10.7432 0.01
r 59.4 0.01 2 10.6107 0.01
r 59.6 0.01 2 10.4785 0.01
r 59.8 0.01 2 10.3467 0.01
r 60 0.01 2 10.215 0.01
r 60.2 0.01 2 10.0837 0.01
r 60.4 0.01 2 9.9525 0.01
r 60.6 0.01 2 9.82146 0.01
r 60.8 0.01 2 9.69068 0.01
r 61 0.01 2 9.56041 0.01
r 61.2 0.01 2 9.43033 0.01
r 61.4 0.01 2 9.29999 0.01
r 61.6 0.01 2 9.17017 0.01
r 61.8 0.01 2 9.04059 0.01
r 62 0.01 2 8.91121 0.01
r 62.2 0.01 2 8.78202 0.01
r 62.4 0.01 2 8.65293 0.01
r 62.6 0.01 2 8.52496 0.01
r 62.8 0.01 2 8.39574 0.01
r 63 0.01 2 8.26641 0.01
r 63.2 0.01 2 8.1378 0.01
r 63.4 0.01 2 8.00929 0.01
r 63.6 0.01 2 7.881 0.01
r 63.8 0.01 2 7.7528 0.01
r 64 0.01 2 7.62492 0.01
r 64.2 0.01 2 7.49696 0.01
r 64.4 0.01 2 7.36929 0.01
r 64.6 0.01 2 7.24182 0.01
r 64.8 0.01 2 7.11437 0.01
r 65 0.01 2 6.98745 0.01
r 65.2 0.01 2 6.86036 0.01
r 65.4 0.01 2 6.73352 0.01
r 65.6 0.01 2 6.60684 0.01
r 65.8 0.01 2 6.4805 0.01
r 66 0.01 2 6.35445 0.01
r 66.2 0.01 2 6.22855 0.01
r 66.4 0.01 2 6.10262 0.01
r 66.6 0.01 2 5.97666 0.01
r 66.8 0.01 2 5.85073 0.01
r 67 0.01 2 5.72531 0.01
r 67.2 0.01 2 5.5995 0.01
r 67.4 0.01 2 5.4738 0.01
r 67.6 0.01 2 5.34831 0.01
r 67.8 0.01 2 5.22231 0.01
r 68 0.01 2 5.09668 0.01
r 68.2 0.01 2 4.9714 0.01
r 68.4 0.01 2 4.84678 0.01
r 68.6 0.01 2 4.72298 0.01
r 68.8 0.01 2 4.59985 0.01
r 69 0.01 2 4.47757 0.01
r 69.2 0.01 2 4.35629 0.01
r 69.4 0.01 2 4.23602 0.01
r 69.6 0.01 2 4.11701 0.01
r 69.8 0.01 2 3.99949 0.01
r 70 0.01 2 3.88373 0.01
r 70.2 0.01 2 3.76961 0.01
r 70.4 0.01 2 3.65691 0.01
r 70.6 0.01 2 3.54573 0.01
r 70.8 0.01 2 3.43618 0.01
r 71 0.01 2 3.32846 0.01
r 71.2 0.01 2 3.22299 0.01
r 71.4 0.01 2 3.1194 0.01
r 71.6 0.01 2 3.01866 0.01
r 71.8 0.01 2 2.91931 0.01
r 72 0.01 2 2.82286 0.01
r 72.2 0.01 2 2.73084 0.01
r 72.4 0.01 2 2.63939 0.01
r 72.6 0.01 2 2.55359 0.01
r 72.8 0.01 2 2.47201 0.01
r 73 0.01 2 2.39516 0.01
r 73.2 0.01 2 2.32375 0.01
r 73.4 0.01 2 2.25776 0.01
r 73.6 0.01 2 2.19814 0.01
r 73.8 0.01 2 2.14535 0.01
r 74 0.01 2 2.09989 0.01
r 74.2 0.01 2 2.06216 0.01
r 74.4 0.01 2 2.033 0.01
r 74.6 0.01 2 2.0118 0.01
r 74.8 0.01 2 2.00021 0.01
r 75 0.01 2 1.99709 0.01
r 75.2 0.01 2 2.00233 0.01
r 75.4 0.01 2 2.015 0.01
r 75.6 0.01 2 2.03646 0.01
r 75.8 0.01 2 2.06738 0.01
r 76 0.01 2 2.10653 0.01
r 76.2 0.01 2 2.15376 0.01
r 76.4 0.01 2 2.20868 0.01
r 76.6 0.01 2 2.27064 0.01
r 76.8 0.01 2 2.33912 0.01
r 77 0.01 2 2.41334 0.01
r 77.2 0.01 2 2.49223 0.01
r 77.4 0.01 2 2.5758 0.01
r 77.6 0.01 2 2.66449 0.01
r 77.8 0.01 2 2.75687 0.01
r 78 0.01 2 2.85149 0.01
r 78.2 0.01 2 2.9508 0.01
r 78.4 0.01 2 3.05112 0.01
r 78.6 0.01 2 3.15355 0.01
r 78.8 0.01 2 3.25851 0.01
r 79 0.01 2 3.36671 0.01
r 79.2 0.01 2 3.47533 0.01
r 79.4 0.01 2 3.58625 0.01
r 79.6 0.01 2 3.69592 0.01
r 79.8 0.01 2 3.80831 0.01
r 80 0.01 2 3.92227 0.01
r 80.2 0.01 2 4.03722 0.01
r 80.4 0.01 2 4.15404 0.01
r 80.6 0.01 2 4.27189 0.01
r 80.8 0.01 2 4.39066 0.01
r 81 0.01 2 4.51031 0.01
r 81.2 0.01 2 4.6307 0.01
r 81.4 0.01 2 4.75181 0.01
r 81.6 0.01 2 4.87354 0.01
r 81.8 0.01 2 4.99579 0.01
r 82 0.01 2 5.11865 0.01
r 82.2 0.01 2 5.24201 0.01
r 82.4 0.01 2 5.366 0.01
r 82.6 0.01 2 5.49057 0.01
r 82.8 0.01 2 5.61573 0.01
r 83 0.01 2 5.74188 0.01
r 83.2 0.01 2 5.86816 0.01
r 83.4 0.01 2 5.99476 0.01
r 83.6 0.01 2 6.12199 0.01
r 83.8 0.01 2 6.25014 0.01
r 84 0.01 2 6.37744 0.01
r 84.2 0.01 2 6.50484 0.01
r 84.4 0.01 2 6.63249 0.01
r 84.6 0.01 2 6.7593 0.01
r 84.8 0.01 2 6.88612 0.01
r 85 0.01 2 7.01321 0.01
r 85.2 0.01 2 7.13968 0.01
r 85.4 0.01 2 7.26636 0.01
r 85.6 0.01 2 7.39245 0.01
r 85.8 0.01 2 7.51799 0.01
r 86 0.01 2 7.64316 0.01
r 86.2 0.01 2 7.76834 0.01
r 86.4 0.01 2 7.89345 0.01
r 86.6 0.01 2 8.01849 0.01
r 86.8 0.01 2 8.14329 0.01
r 87 0.01 2 8.26784 0.01
r 87.2 0.01 2 8.39174 0.01
r 87.4 0.01 2 8.5154 0.01
r 87.6 0.01 2 8.63932 0.01
r 87.8 0.01 2 8.76187 0.01
r 88 0.01 2 8.88435 0.01
r 88.2 0.01 2 9.0068 0.01
r 88.4 0.01 2 9.12776 0.01
r 88.6 0.01 2 9.24863 0.01
r 88.8 0.01 2 9.36931 0.01
r 89 0.01 2 9.48971 0.01
r 89.2 0.01 2 9.61007 0.01
r 89.4 0.01 2 9.73047 0.01
r 89.6 0.01 2 9.85083 0.01
r 89.8 0.01 2 9.97125 0.01
r 90 0.01 2 10.0917 0.01
r 90.2 0.01 2 10.2123 0.01
r 90.4 0.01 2 10.3333 0.01
r 90.6 0.01 2 10.4549 0.01
r 90.8 0.01 2 10.577 0.01
r 91 0.01 2 10.6994 0.01
r 91.2 0.01 2 10.8221 0.01
r 91.4 0.01 2 10.9453 0.01
r 91.6 0.01 2 11.0688 0.01
r 91.8 0.01 2 11.1926 0.01
r 92 0.01 2 11.3167 0.01
r 92.2 0.01 2 11.4411 0.01
r 92.4 0.01 2 11.566 0.01
r 92.6 0.01 2 11.6911 0.01
r 92.8 0.01 2 11.8166 0.01
r 93 0.01 2 11.9424 0.01
r 93.2 0.01 2 12.0687 0.01
r 93.4 0.01 2 12.1949 0.01
r 93.6 0.01 2 12.3213 0.01
r 93.8 0.01 2 12.4477 0.01
r 94 0.01 2 12.5739 0.01
r 94.2 0.01 2 12.7 0.01
r 94.4 0.01 2 12.826 0.01
r 94.6 0.01 2 12.9517 0.01
r 94.8 0.01 2 13.0774 0.01
r 95 0.01 2 13.2026 0.01
r 35 0.01 3 27.3193 0.01
r 35.2 0.01 3 27.1913 0.01
r 35.4 0.01 3 27.0634 0.01
r 35.6 0.01 3 26.9354 0.01
r 35.8 0.01 3 26.8071 0.01
r 36 0.01 3 26.679 0.01
r 36.2 0.01 3 26.551 0.01
r 36.4 0.01 3 26.4229 0.01
r 36.6 0.01 3 26.2949 0.01
r 36.8 0.01 3 26.1669 0.01
r 37 0.01 3 26.0523 0.01
r 37.2 0.01 3 25.9232 0.01
r 37.4 0.01 3 25.7941 0.01
r 37.6 0.01 3 25.6651 0.01
r 37.8 0.01 3 25.5361 0.01
r 38 0.01 3 25.4071 0.01
r 38.2 0.01 3 25.2781 0.01
r 38.4 0.01 3 25.1461 0.01
r 38.6 0.01 3 25.02 0.01
r 38.8 0.01 3 24.8861 0.01
r 39 0.01 3 24.7843 0.01
r 39.2 0.01 3 24.6549 0.01
r 39.4 0.01 3 24.5259 0.01
r 39.6 0.01 3 24.3968 0.01
r 39.8 0.01 3 24.2679 0.01
r 40 0.01 3 24.1386 0.01
r 40.2 0.01 3 24.0099 0.01
r 40.4 0.01 3 23.8809 0.01
r 40.6 0.01 3 23.7524 0.01
r 40.8 0.01 3 23.6233 0.01
r 41 0.01 3 23.4951 0.01
r 41.2 0.01 3 23.3666 0.01
r 41.4 0.01 3 23.238 0.01
r 41.6 0.01 3 23.1095 0.01
r 41.8 0.01 3 22.9814 0.01
r 42 0.01 3 22.8532 0.01
r 42.2 0.01 3 22.7248 0.01
r 42.4 0.01 3 22.5968 0.01
r 42.6 0.01 3 22.4685 0.01
r 42.8 0.01 3 22.3402 0.01
r 43 0.01 3 22.2124 0.01
r 43.2 0.01 3 22.0841 0.01
r 43.4 0.01 3 21.9562 0.01
r 43.6 0.01 3 21.8279 0.01
r 43.8 0.01 3 21.6999 0.01
r 44 0.01 3 21.5717 0.01
r 44.2 0.01 3 21.4433 0.01
r 44.4 0.01 3 21.315 0.01
r 44.6 0.01 3 21.1868 0.01
r 44.8 0.01 3 21.0588 0.01
r 45 0.01 3 20.9332 0.01
r 45.2 0.01 3 20.8049 0.01
r 45.4 0.01 3 20.6763 0.01
r 45.6 0.01 3 20.548 0.01
r 45.8 0.01 3 20.4196 0.01
r 46 0.01 3 20.2919 0.01
r 46.2 0.01 3 20.1652 0.01
r 46.4 0.01 3 20.0388 0.01
r 46.6 0.01 3 19.9129 0.01
r 46.8 0.01 3 19.7865 0.01
r 47 0.01 3 19.6647 0.01
r 47.2 0.01 3 19.5418 0.01
r 47.4 0.01 3 19.4188 0.01
r 47.6 0.01 3 19.2947 0.01
r 47.8 0.01 3 19.1674 0.01
r 48 0.01 3 19.0264 0.01
r 48.2 0.01 3 18.9003 0.01
r 48.4 0.01 3 18.8017 0.01
r 48.6 0.01 3 18.6805 0.01
r 48.8 0.01 3 18.5296 0.01
r 49 0.01 3 18.4449 0.01
r 49.2 0.01 3 18.3244 0.01
r 49.4 0.01 3 18.1243 0.01
r 49.6 0.01 3 18.0012 0.01
r 49.8 0.01 3 17.9851 0.01
r 50 0.01 3 17.7796 0.01
r 50.2 0.01 3 17.6924 0.01
r 50.4 0.01 3 17.5773 0.01
r 50.6 0.01 3 17.3888 0.01
r 50.8 0.01 3 17.2808 0.01
r 51 0.01 3 17.1861 0.01
r 51.2 0.01 3 17.0411 0.01
r 51.4 0.01 3 16.9438 0.01
r 51.6 0.01 3 16.8374 0.01
r 51.8 0.01 3 16.6869 0.01
r 52 0.01 3 16.6125 0.01
r 52.2 0.01 3 16.5029 0.01
r 52.4 0.01 3 16.3807 0.01
r 52.6 0.01 3 16.2799 0.01
r 52.8 0.01 3 16.1652 0.01
r 53 0.01 3 16.0422 0.01
r 53.2 0.01 3 15.9361 0.01
r 53.4 0.01 3 15.8268 0.01
r 53.6 0.01 3 15.5767 0.01
r 53.8 0.01 3 15.4691 0.01
r 54 0.01 3 15.3429 0.01
r 54.2 0.01 3 15.2721 0.01
r 54.4 0.01 3 15.096 0.01
r 54.6 0.01 3 14.9846 0.01
r 54.8 0.01 3 14.8781 0.01
r 55 0.01 3 14.7978 0.01
r 55.2 0.01 3 14.6903 0.01
r 55.4 0.01 3 14.5406 0.01
r 55.6 0.01 3 14.3736 0.01
r 55.8 0.01 3 14.2934 0.01
r 56 0.01 3 14.1539 0.01
r 56.2 0.01 3 14.1121 0.01
r 56.4 0.01 3 14.0574 0.01
r 56.6 0.01 3 13.8468 0.01
r 56.8 0.01 3 13.6953 0.01
r 57 0.01 3 13.587 0.01
r 57.2 0.01 3 13.4197 0.01
r 57.4 0.01 3 13.3526 0.01
r 57.6 0.01 3 13.4003 0.01
r 57.8 0.01 3 13.0952 0.01
r 58 0.01 3 12.9601 0.01
r 58.2 0.01 3 12.8609 0.01
r 58.4 0.01 3 12.7569 0.01
r 58.6 0.01 3 12.6506 0.01
r 58.8 0.01 3 12.5196 0.01
r 59 0.01 3 12.2859 0.01
r 59.2 0.01 3 12.1672 0.01
r 59.4 0.01 3 12.0508 0.01
r 59.6 0.01 3 11.9351 0.01
r 59.8 0.01 3 11.8218 0.01
r 60 0.01 3 11.7107 0.01
r 60.2 0.01 3 11.5973 0.01
r 60.4 0.01 3 11.4965 0.01
r 60.6 0.01 3 11.3793 0.01
r 60.8 0.01 3 11.2723 0.01
r 61 0.01 3 11.1626 0.01
r 61.2 0.01 3 11.053 0.01
r 61.4 0.01 3 10.9472 0.01
r 61.6 0.01 3 10.8461 0.01
r 61.8 0.01 3 10.7376 0.01
r 62 0.01 3 10.6418 0.01
r 62.2 0.01 3 10.5418 0.01
r 62.4 0.01 3 10.4632 0.01
r 62.6 0.01 3 10.3694 0.01
r 62.8 0.01 3 10.2525 0.01
r 63 0.01 3 10.116 0.01
r 63.2 0.01 3 9.98881 0.01
r 63.4 0.01 3 10.0273 0.01
r 63.6 0.01 3 9.74498 0.01
r 63.8 0.01 3 9.63451 0.01
r 64 0.01 3 9.53915 0.01
r 64.2 0.01 3 9.39799 0.01
r 64.4 0.01 3 9.29479 0.01
r 64.6 0.01 3 9.21054 0.01
r 64.8 0.01 3 9.10001 0.01
r 65 0.01 3 8.9752 0.01
r 65.2 0.01 3 8.87683 0.01
r 65.4 0.01 3 8.78632 0.01
r 65.6 0.01 3 8.70797 0.01
r 65.8 0.01 3 8.62833 0.01
r 66 0.01 3 8.58991 0.01
r 66.2 0.01 3 8.43849 0.01
r 66.4 0.01 3 8.31745 0.01
r 66.6 0.01 3 8.28405 0.01
r 66.8 0.01 3 8.13411 0.01
r 67 0.01 3 8.67253 0.01
r 67.2 0.01 3 8.55307 0.01
r 67.4 0.01 3 7.88108 0.01
r 67.6 0.01 3 8.33261 0.01
r 67.8 0.01 3 7.70689 0.01
r 68 0.01 3 7.62068 0.01
r 68.2 0.01 3 7.54323 0.01
r 68.4 0.01 3 7.88027 0.01
r 68.6 0.01 3 7.37973 0.01
r 68.8 0.01 3 7.60963 0.01
r 69 0.01 3 7.50119 0.01
r 69.2 0.01 3 7.39393 0.01
r 69.4 0.01 3 7.08807 0.01
r 69.6 0.01 3 7.21181 0.01
r 69.8 0.01 3 7.15147 0.01
r 70 0.01 3 7.06222 0.01
r 70.2 0.01 3 6.97432 0.01
r 70.4 0.01 3 6.85452 0.01
r 70.6 0.01 3 6.79137 0.01
r 70.8 0.01 3 6.71319 0.01
r 71 0.01 3 6.56833 0.01
r 71.2 0.01 3 6.52562 0.01
r 71.4 0.01 3 6.46461 0.01
r 71.6 0.01 3 6.41064 0.01
r 71.8 0.01 3 6.36418 0.01
r 72 0.01 3 6.32016 0.01
r 72.2 0.01 3 6.27616 0.01
r 72.4 0.01 3 6.23644 0.01
r 72.6 0.01 3 6.20065 0.01
r 72.8 0.01 3 6.16503 0.01
r 73 0.01 3 6.13365 0.01
r 73.2 0.01 3 6.1059 0.01
r 73.4 0.01 3 6.08407 0.01
r 73.6 0.01 3 6.05792 0.01
r 73.8 0.01 3 6.03888 0.01
r 74 0.01 3 6.02409 0.01
r 74.2 0.01 3 6.01277 0.01
r 74.4 0.01 3 6.00437 0.01
r 74.6 0.01 3 5.99902 0.01
r 74.8 0.01 3 5.99757 0.01
r 75 0.01 3 5.99772 0.01
r 75.2 0.01 3 6.00108 0.01
r 75.4 0.01 3 6.00691 0.01
r 75.6 0.01 3 6.01593 0.01
r 75.8 0.01 3 6.02819 0.01
r 76 0.01 3 6.0436 0.01
r 76.2 0.01 3 6.06252 0.01
r 76.4 0.01 3 6.0844 0.01
r 76.6 0.01 3 6.11336 0.01
r 76.8 0.01 3 6.13421 0.01
r 77 0.01 3 6.16134 0.01
r 77.2 0.01 3 6.19268 0.01
r 77.4 0.01 3 6.22445 0.01
r 77.6 0.01 3 6.26045 0.01
r 77.8 0.01 3 6.29904 0.01
r 78 0.01 3 6.34328 0.01
r 78.2 0.01 3 6.38488 0.01
r 78.4 0.01 3 6.42956 0.01
r 78.6 0.01 3 6.47692 0.01
r 78.8 0.01 3 6.52894 0.01
r 79 0.01 3 6.57746 0.01
r 79.2 0.01 3 6.63208 0.01
r 79.4 0.01 3 6.69086 0.01
r 79.6 0.01 3 6.75613 0.01
r 79.8 0.01 3 6.81083 0.01
r 80 0.01 3 6.89454 0.01
r 80.2 0.01 3 6.96866 0.01
r 80.4 0.01 3 7.01738 0.01
r 80.6 0.01 3 7.088 0.01
r 80.8 0.01 3 7.15982 0.01
r 81 0.01 3 7.24105 0.01
r 81.2 0.01 3 7.32833 0.01
r 81.4 0.01 3 7.40157 0.01
r 81.6 0.01 3 7.49129 0.01
r 81.8 0.01 3 7.57198 0.01
r 82 0.01 3 7.64251 0.01
r 82.2 0.01 3 7.74862 0.01
r 82.4 0.01 3 7.92245 0.01
r 82.6 0.01 3 7.90862 0.01
r 82.8 0.01 3 7.99782 0.01
r 83 0.01 3 8.22349 0.01
r 83.2 0.01 3 8.23408 0.01
r 83.4 0.01 3 8.40869 0.01
r 83.6 0.01 3 8.49883 0.01
r 83.8 0.01 3 8.58227 0.01
r 84 0.01 3 8.66086 0.01
r 84.2 0.01 3 8.73946 0.01
r 84.4 0.01 3 8.81025 0.01
r 84.6 0.01 3 8.9236 0.01
r 84.8 0.01 3 8.98322 0.01
r 85 0.01 3 9.06443 0.01
r 85.2 0.01 3 9.16601 0.01
r 85.4 0.01 3 9.25053 0.01
r 85.6 0.01 3 9.35107 0.01
r 85.8 0.01 3 9.61011 0.01
r 86 0.01 3 9.54961 0.01
r 86.2 0.01 3 9.64247 0.01
r 86.4 0.01 3 9.74332 0.01
r 86.6 0.01 3 9.85122 0.01
r 86.8 0.01 3 9.94249 0.01
r 87 0.01 3 10.2664 0.01
r 87.2 0.01 3 10.1733 0.01
r 87.4 0.01 3 10.4105 0.01
r 87.6 0.01 3 10.4721 0.01
r 87.8 0.01 3 10.5009 0.01
r 88 0.01 3 10.6439 0.01
r 88.2 0.01 3 10.6923 0.01
r 88.4 0.01 3 10.8104 0.01
r 88.6 0.01 3 10.8523 0.01
r 88.8 0.01 3 11.4883 0.01
r 89 0.01 3 11.1641 0.01
r 89.2 0.01 3 11.2452 0.01
r 89.4 0.01 3 11.3318 0.01
r 89.6 0.01 3 11.6527 0.01
r 89.8 0.01 3 11.9352 0.01
r 90 0.01 3 11.8736 0.01
r 90.2 0.01 3 11.6711 0.01
r 90.4 0.01 3 12.1936 0.01
r 90.6 0.01 3 12.2647 0.01
r 90.8 0.01 3 12.3508 0.01
r 91 0.01 3 12.445 0.01
r 91.2 0.01 3 12.5439 0.01
r 91.4 0.01 3 12.6155 0.01
r 91.6 0.01 3 12.7152 0.01
r 91.8 0.01 3 12.8031 0.01
r 92 0.01 3 12.8968 0.01
r 92.2 0.01 3 13.0038 0.01
r 92.4 0.01 3 13.0945 0.01
r 92.6 0.01 3 13.1819 0.01
r 92.8 0.01 3 13.278 0.01
r 93 0.01 3 13.3655 0.01
r 93.2 0.01 3 13.4767 0.01
r 93.4 0.01 3 13.5822 0.01
r 93.6 0.01 3 13.699 0.01
r 93.8 0.01 3 13.8174 0.01
r 94 0.01 3 13.9448 0.01
r 94.2 0.01 3 14.0211 0.01
r 94.4 0.01 3 14.1399 0.01
r 94.6 0.01 3 14.2524 0.01
r 94.8 0.01 3 14.3708 0.01
r 95 0.01 3 14.4614 0.01
r 95.2 0.01 3 14.5699 0.01
r 95.4 0.01 3 14.7663 0.01
r 95.6 0.01 3 14.811 0.01
r 95.8 0.01 3 14.9124 0.01
r 96 0.01 3 15.0116 0.01
r 96.2 0.01 3 15.1296 0.01
r 96.4 0.01 3 15.26 0.01
r 96.6 0.01 3 15.3824 0.01
r 96.8 0.01 3 15.5022 0.01
r 97 0.01 3 15.5897 0.01
r 97.2 0.01 3 15.7165 0.01
r 97.4 0.01 3 15.9117 0.01
r 97.6 0.01 3 16.0133 0.01
r 97.8 0.01 3 16.1177 0.01
r 98 0.01 3 16.2237 0.01
r 98.2 0.01 3 16.2905 0.01
r 98.4 0.01 3 16.4379 0.01
r 98.6 0.01 3 16.5488 0.01
r 98.8 0.01 3 16.6605 0.01
r 99 0.01 3 16.7718 0.01
r 99.2 0.01 3 16.8863 0.01
r 99.4 0.01 3 17.0017 0.01
r 99.6 0.01 3 17.1179 0.01
r 99.8 0.01 3 17.2357 0.01
r 100 0.01 3 17.3521 0.01
r 100.2 0.01 3 17.4763 0.01
r 100.4 0.01 3 17.595 0.01
r 100.6 0.01 3 17.7138 0.01
r 100.8 0.01 3 17.8321 0.01
r 101 0.01 3 17.9741 0.01
r 101.2 0.01 3 18.1126 0.01
r 101.4 0.01 3 18.2275 0.01
r 101.6 0.01 3 18.3431 0.01
r 101.8 0.01 3 18.4587 0.01
r 102 0.01 3 18.5739 0.01
r 102.2 0.01 3 18.6923 0.01
r 102.4 0.01 3 18.8105 0.01
r 102.6 0.01 3 18.9287 0.01
r 102.8 0.01 3 19.0466 0.01
r 103 0.01 3 19.1592 0.01
r 103.2 0.01 3 19.2786 0.01
r 103.4 0.01 3 19.3964 0.01
r 103.6 0.01 3 19.5145 0.01
r 103.8 0.01 3 19.6318 0.01
r 104 0.01 3 19.7492 0.01
r 104.2 0.01 3 19.8668 0.01
r 104.4 0.01 3 19.9848 0.01
r 104.6 0.01 3 20.1027 0.01
r 104.8 0.01 3 20.2206 0.01
r 105 0.01 3 20.3372 0.01
r 105.2 0.01 3 20.4561 0.01
r 105.4 0.01 3 20.5754 0.01
r 105.6 0.01 3 20.6944 0.01
r 105.8 0.01 3 20.8135 0.01
r 106 0.01 3 20.9328 0.01
r 106.2 0.01 3 21.0525 0.01
r 106.4 0.01 3 21.1718 0.01
r 106.6 0.01 3 21.2915 0.01
r 106.8 0.01 3 21.4119 0.01
r 107 0.01 3 21.5757 0.01
r 107.2 0.01 3 21.6986 0.01
r 107.4 0.01 3 21.816 0.01
r 107.6 0.01 3 21.934 0.01
r 107.8 0.01 3 22.0517 0.01
r 108 0.01 3 22.1697 0.01
r 108.2 0.01 3 22.2883 0.01
r 108.4 0.01 3 22.4074 0.01
r 108.6 0.01 3 22.5268 0.01
r 108.8 0.01 3 22.6466 0.01
r 109 0.01 3 22.7784 0.01
r 109.2 0.01 3 22.8971 0.01
r 109.4 0.01 3 23.0163 0.01
r 109.6 0.01 3 23.1357 0.01
r 109.8 0.01 3 23.2555 0.01
r 110 0.01 3 23.3756 0.01
r 110.2 0.01 3 23.4959 0.01
r 110.4 0.01 3 23.6212 0.01
r 110.6 0.01 3 23.7411 0.01
r 110.8 0.01 3 23.8612 0.01
r 111 0.01 3 23.9818 0.01
r 111.2 0.01 3 24.101 0.01
r 111.4 0.01 3 24.2201 0.01
r 111.6 0.01 3 24.3391 0.01
r 111.8 0.01 3 24.4572 0.01
r 112 0.01 3 24.5752 0.01
r 112.2 0.01 3 24.6931 0.01
r 112.4 0.01 3 24.811 0.01
r 112.6 0.01 3 24.9284 0.01
r 112.8 0.01 3 25.0456 0.01
r 113 0.01 3 25.1779 0.01
r 113.2 0.01 3 25.2949 0.01
r 113.4 0.01 3 25.4121 0.01
r 113.6 0.01 3 25.5294 0.01
r 113.8 0.01 3 25.6469 0.01
r 114 0.01 3 25.7648 0.01
r 114.2 0.01 3 25.883 0.01
r 114.4 0.01 3 26.0014 0.01
r 114.6 0.01 3 26.1206 0.01
r 114.8 0.01 3 26.2401 0.01
r 115 0.01 3 26.3601 0.01
s 85 3 602
r 65 0.01 2 13.4099 0.01
r 65.2 0.01 2 13.2792 0.01
r 65.4 0.01 2 13.1488 0.01
r 65.6 0.01 2 13.0185 0.01
r 65.8 0.01 2 12.8886 0.01
r 66 0.01 2 12.7589 0.01
r 66.2 0.01 2 12.6292 0.01
r 66.4 0.01 2 12.4994 0.01
r 66.6 0.01 2 12.3693 0.01
r 66.8 0.01 2 12.2392 0.01
r 67 0.01 2 12.1087 0.01
r 67.2 0.01 2 11.978 0.01
r 67.4 0.01 2 11.8471 0.01
r 67.6 0.01 2 11.7158 0.01
r 67.8 0.01 2 11.5842 0.01
r 68 0.01 2 11.4523 0.01
r 68.2 0.01 2 11.3204 0.01
r 68.4 0.01 2 11.1889 0.01
r 68.6 0.01 2 11.0582 0.01
r 68.8 0.01 2 10.9272 0.01
r 69 0.01 2 10.7966 0.01
r 69.2 0.01 2 10.6665 0.01
r 69.4 0.01 2 10.5371 0.01
r 69.6 0.01 2 10.4079 0.01
r 69.8 0.01 2 10.2794 0.01
r 70 0.01 2 10.1516 0.01
r 70.2 0.01 2 10.0239 0.01
r 70.4 0.01 2 9.89632 0.01
r 70.6 0.01 2 9.7686 0.01
r 70.8 0.01 2 9.64069 0.01
r 71 0.01 2 9.51286 0.01
r 71.2 0.01 2 9.38454 0.01
r 71.4 0.01 2 9.25607 0.01
r 71.6 0.01 2 9.12724 0.01
r 71.8 0.01 2 8.99804 0.01
r 72 0.01 2 8.86964 0.01
r 72.2 0.01 2 8.73876 0.01
r 72.4 0.01 2 8.60983 0.01
r 72.6 0.01 2 8.48027 0.01
r 72.8 0.01 2 8.35107 0.01
r 73 0.01 2 8.2223 0.01
r 73.2 0.01 2 8.09375 0.01
r 73.4 0.01 2 7.9657 0.01
r 73.6 0.01 2 7.83807 0.01
r 73.8 0.01 2 7.71084 0.01
r 74 0.01 2 7.58392 0.01
r 74.2 0.01 2 7.45725 0.01
r 74.4 0.01 2 7.331 0.01
r 74.6 0.01 2 7.20403 0.01
r 74.8 0.01 2 7.07806 0.01
r 75 0.01 2 6.95282 0.01
r 75.2 0.01 2 6.82704 0.01
r 75.4 0.01 2 6.7018 0.01
r 75.6 0.01 2 6.577 0.01
r 75.8 0.01 2 6.4528 0.01
r 76 0.01 2 6.32911 0.01
r 76.2 0.01 2 6.20576 0.01
r 76.4 0.01 2 6.08252 0.01
r 76.6 0.01 2 5.9591 0.01
r 76.8 0.01 2 5.83608 0.01
r 77 0.01 2 5.71274 0.01
r 77.2 0.01 2 5.58948 0.01
r 77.4 0.01 2 5.46632 0.01
r 77.6 0.01 2 5.34304 0.01
r 77.8 0.01 2 5.21971 0.01
r 78 0.01 2 5.09597 0.01
r 78.2 0.01 2 4.97262 0.01
r 78.4 0.01 2 4.8504 0.01
r 78.6 0.01 2 4.72595 0.01
r 78.8 0.01 2 4.60377 0.01
r 79 0.01 2 4.48236 0.01
r 79.2 0.01 2 4.36137 0.01
r 79.4 0.01 2 4.24122 0.01
r 79.6 0.01 2 4.12196 0.01
r 79.8 0.01 2 4.00418 0.01
r 80 0.01 2 3.88732 0.01
r 80.2 0.01 2 3.77179 0.01
r 80.4 0.01 2 3.65742 0.01
r 80.6 0.01 2 3.54459 0.01
r 80.8 0.01 2 3.43328 0.01
r 81 0.01 2 3.32343 0.01
r 81.2 0.01 2 3.21555 0.01
r 81.4 0.01 2 3.11004 0.01
r 81.6 0.01 2 3.0069 0.01
r 81.8 0.01 2 2.90665 0.01
r 82 0.01 2 2.80954 0.01
r 82.2 0.01 2 2.71546 0.01
r 82.4 0.01 2 2.62615 0.01
r 82.6 0.01 2 2.53914 0.01
r 82.8 0.01 2 2.45666 0.01
r 83 0.01 2 2.37896 0.01
r 83.2 0.01 2 2.30563 0.01
r 83.4 0.01 2 2.23837 0.01
r 83.6 0.01 2 2.17724 0.01
r 83.8 0.01 2 2.12252 0.01
r 84 0.01 2 2.07501 0.01
r 84.2 0.01 2 2.03477 0.01
r 84.4 0.01 2 2.00272 0.01
r 84.6 0.01 2 1.9791 0.01
r 84.8 0.01 2 1.96524 0.01
r 85 0.01 2 1.95977 0.01
r 85.2 0.01 2 1.95985 0.01
r 85.4 0.01 2 1.97082 0.01
r 85.6 0.01 2 1.98935 0.01
r 85.8 0.01 2 2.01669 0.01
r 86 0.01 2 2.05193 0.01
r 86.2 0.01 2 2.09455 0.01
r 86.4 0.01 2 2.14408 0.01
r 86.6 0.01 2 2.20038 0.01
r 86.8 0.01 2 2.26384 0.01
r 87 0.01 2 2.33182 0.01
r 87.2 0.01 2 2.40444 0.01
r 87.4 0.01 2 2.48304 0.01
r 87.6 0.01 2 2.56401 0.01
r 87.8 0.01 2 2.6498 0.01
r 88 0.01 2 2.73979 0.01
r 88.2 0.01 2 2.83054 0.01
r 88.4 0.01 2 2.92428 0.01
r 88.6 0.01 2 3.02036 0.01
r 88.8 0.01 2 3.11848 0.01
r 89 0.01 2 3.22063 0.01
r 89.2 0.01 2 3.32323 0.01
r 89.4 0.01 2 3.42767 0.01
r 89.6 0.01 2 3.52931 0.01
r 89.8 0.01 2 3.6333 0.01
r 90 0.01 2 3.73995 0.01
r 90.2 0.01 2 3.84786 0.01
r 90.4 0.01 2 3.95678 0.01
r 90.6 0.01 2 4.06714 0.01
r 90.8 0.01 2 4.17839 0.01
r 91 0.01 2 4.29116 0.01
r 91.2 0.01 2 4.404 0.01
r 91.4 0.01 2 4.51817 0.01
r 91.6 0.01 2 4.63281 0.01
r 91.8 0.01 2 4.74963 0.01
r 92 0.01 2 4.86507 0.01
r 92.2 0.01 2 4.9817 0.01
r 92.4 0.01 2 5.09863 0.01
r 92.6 0.01 2 5.21696 0.01
r 92.8 0.01 2 5.33469 0.01
r 93 0.01 2 5.45298 0.01
r 93.2 0.01 2 5.57184 0.01
r 93.4 0.01 2 5.69073 0.01
r 93.6 0.01 2 5.81105 0.01
r 93.8 0.01 2 5.92991 0.01
r 94 0.01 2 6.04889 0.01
r 94.2 0.01 2 6.16821 0.01
r 94.4 0.01 2 6.28754 0.01
r 94.6 0.01 2 6.40718 0.01
r 94.8 0.01 2 6.52632 0.01
r 95 0.01 2 6.64557 0.01
r 95.2 0.01 2 6.76506 0.01
r 95.4 0.01 2 6.88487 0.01
r 95.6 0.01 2 7.00427 0.01
r 95.8 0.01 2 7.12385 0.01
r 96 0.01 2 7.24342 0.01
r 96.2 0.01 2 7.36346 0.01
r 96.4 0.01 2 7.48361 0.01
r 96.6 0.01 2 7.60394 0.01
r 96.8 0.01 2 7.72422 0.01
r 97 0.01 2 7.845 0.01
r 97.2 0.01 2 7.9658 0.01
r 97.4 0.01 2 8.08657 0.01
r 97.6 0.01 2 8.20762 0.01
r 97.8 0.01 2 8.32919 0.01
r 98 0.01 2 8.45052 0.01
r 98.2 0.01 2 8.57251 0.01
r 98.4 0.01 2 8.69456 0.01
r 98.6 0.01 2 8.81731 0.01
r 98.8 0.01 2 8.94016 0.01
r 99 0.01 2 9.06347 0.01
r 99.2 0.01 2 9.18757 0.01
r 99.4 0.01 2 9.31144 0.01
r 99.6 0.01 2 9.43566 0.01
r 99.8 0.01 2 9.56023 0.01
r 100 0.01 2 9.68501 0.01
r 100.2 0.01 2 9.80993 0.01
r 100.4 0.01 2 9.93515 0.01
r 100.6 0.01 2 10.0605 0.01
r 100.8 0.01 2 10.1862 0.01
r 101 0.01 2 10.3119 0.01
r 101.2 0.01 2 10.4381 0.01
r 101.4 0.01 2 10.5646 0.01
r 101.6 0.01 2 10.6914 0.01
r 101.8 0.01 2 10.8187 0.01
r 102 0.01 2 10.9463 0.01
r 102.2 0.01 2 11.0742 0.01
r 102.4 0.01 2 11.2025 0.01
r 102.6 0.01 2 11.331 0.01
r 102.8 0.01 2 11.4599 0.01
r 103 0.01 2 11.589 0.01
r 103.2 0.01 2 11.7186 0.01
r 103.4 0.01 2 11.8485 0.01
r 103.6 0.01 2 11.9787 0.01
r 103.8 0.01 2 12.1093 0.01
r 104 0.01 2 12.2401 0.01
r 104.2 0.01 2 12.3714 0.01
r 104.4 0.01 2 12.503 0.01
r 104.6 0.01 2 12.635 0.01
r 104.8 0.01 2 12.7673 0.01
r 105 0.01 2 12.8972 0.01
r 45 0.01 3 27.3617 0.01
r 45.2 0.01 3 27.2312 0.01
r 45.4 0.01 3 27.1005 0.01
r 45.6 0.01 3 26.97 0.01
r 45.8 0.01 3 26.84 0.01
r 46 0.01 3 26.7095 0.01
r 46.2 0.01 3 26.5787 0.01
r 46.4 0.01 3 26.4481 0.01
r 46.6 0.01 3 26.3176 0.01
r 46.8 0.01 3 26.1875 0.01
r 47 0.01 3 26.117 0.01
r 47.2 0.01 3 25.9845 0.01
r 47.4 0.01 3 25.8522 0.01
r 47.6 0.01 3 25.7201 0.01
r 47.8 0.01 3 25.5881 0.01
r 48 0.01 3 25.4563 0.01
r 48.2 0.01 3 25.3247 0.01
r 48.4 0.01 3 25.1935 0.01
r 48.6 0.01 3 25.0623 0.01
r 48.8 0.01 3 24.9306 0.01
r 49 0.01 3 24.8185 0.01
r 49.2 0.01 3 24.687 0.01
r 49.4 0.01 3 24.5561 0.01
r 49.6 0.01 3 24.4251 0.01
r 49.8 0.01 3 24.2943 0.01
r 50 0.01 3 24.1653 0.01
r 50.2 0.01 3 24.0326 0.01
r 50.4 0.01 3 23.9025 0.01
r 50.6 0.01 3 23.7728 0.01
r 50.8 0.01 3 23.6425 0.01
r 51 0.01 3 23.5131 0.01
r 51.2 0.01 3 23.3837 0.01
r 51.4 0.01 3 23.2538 0.01
r 51.6 0.01 3 23.1244 0.01
r 51.8 0.01 3 22.9958 0.01
r 52 0.01 3 22.8699 0.01
r 52.2 0.01 3 22.7397 0.01
r 52.4 0.01 3 22.6122 0.01
r 52.6 0.01 3 22.4851 0.01
r 52.8 0.01 3 22.3576 0.01
r 53 0.01 3 22.2294 0.01
r 53.2 0.01 3 22.104 0.01
r 53.4 0.01 3 21.9765 0.01
r 53.6 0.01 3 21.8508 0.01
r 53.8 0.01 3 21.7242 0.01
r 54 0.01 3 21.599 0.01
r 54.2 0.01 3 21.4725 0.01
r 54.4 0.01 3 21.3479 0.01
r 54.6 0.01 3 21.2218 0.01
r 54.8 0.01 3 21.0967 0.01
r 55 0.01 3 20.9333 0.01
r 55.2 0.01 3 20.8045 0.01
r 55.4 0.01 3 20.677 0.01
r 55.6 0.01 3 20.5488 0.01
r 55.8 0.01 3 20.4208 0.01
r 56 0.01 3 20.2943 0.01
r 56.2 0.01 3 20.169 0.01
r 56.4 0.01 3 20.0379 0.01
r 56.6 0.01 3 19.9095 0.01
r 56.8 0.01 3 19.7815 0.01
r 57 0.01 3 19.6545 0.01
r 57.2 0.01 3 19.5247 0.01
r 57.4 0.01 3 19.3954 0.01
r 57.6 0.01 3 19.2674 0.01
r 57.8 0.01 3 19.1364 0.01
r 58 0.01 3 19.0061 0.01
r 58.2 0.01 3 18.8779 0.01
r 58.4 0.01 3 18.7488 0.01
r 58.6 0.01 3 18.6205 0.01
r 58.8 0.01 3 18.4931 0.01
r 59 0.01 3 18.3659 0.01
r 59.2 0.01 3 18.2459 0.01
r 59.4 0.01 3 18.1178 0.01
r 59.6 0.01 3 17.9888 0.01
r 59.8 0.01 3 17.8651 0.01
r 60 0.01 3 17.7428 0.01
r 60.2 0.01 3 17.6203 0.01
r 60.4 0.01 3 17.4996 0.01
r 60.6 0.01 3 17.3787 0.01
r 60.8 0.01 3 17.2571 0.01
r 61 0.01 3 17.5429 0.01
r 61.2 0.01 3 17.3969 0.01
r 61.4 0.01 3 17.3108 0.01
r 61.6 0.01 3 17.1306 0.01
r 61.8 0.01 3 17.0518 0.01
r 62 0.01 3 16.8834 0.01
r 62.2 0.01 3 16.7807 0.01
r 62.4 0.01 3 16.6337 0.01
r 62.6 0.01 3 16.5164 0.01
r 62.8 0.01 3 16.3931 0.01
r 63 0.01 3 16.2669 0.01
r 63.2 0.01 3 16.1422 0.01
r 63.4 0.01 3 16.0261 0.01
r 63.6 0.01 3 15.882 0.01
r 63.8 0.01 3 15.7508 0.01
r 64 0.01 3 15.5991 0.01
r 64.2 0.01 3 15.4384 0.01
r 64.4 0.01 3 15.3272 0.01
r 64.6 0.01 3 15.2042 0.01
r 64.8 0.01 3 15.0479 0.01
r 65 0.01 3 14.9781 0.01
r 65.2 0.01 3 14.9234 0.01
r 65.4 0.01 3 14.6949 0.01
r 65.6 0.01 3 14.5715 0.01
r 65.8 0.01 3 14.414 0.01
r 66 0.01 3 14.409 0.01
r 66.2 0.01 3 14.1989 0.01
r 66.4 0.01 3 14.1578 0.01
r 66.6 0.01 3 13.9339 0.01
r 66.8 0.01 3 13.8928 0.01
r 67 0.01 3 13.7994 0.01
r 67.2 0.01 3 13.5332 0.01
r 67.4 0.01 3 13.4541 0.01
r 67.6 0.01 3 13.4058 0.01
r 67.8 0.01 3 13.2676 0.01
r 68 0.01 3 13.0601 0.01
r 68.2 0.01 3 13.0081 0.01
r 68.4 0.01 3 12.8024 0.01
r 68.6 0.01 3 12.6424 0.01
r 68.8 0.01 3 12.5162 0.01
r 69 0.01 3 12.4151 0.01
r 69.2 0.01 3 12.2918 0.01
r 69.4 0.01 3 12.1557 0.01
r 69.6 0.01 3 12.0127 0.01
r 69.8 0.01 3 11.8999 0.01
r 70 0.01 3 11.7759 0.01
r 70.2 0.01 3 11.6541 0.01
r 70.4 0.01 3 11.5316 0.01
r 70.6 0.01 3 11.4001 0.01
r 70.8 0.01 3 11.301 0.01
r 71 0.01 3 11.1787 0.01
r 71.2 0.01 3 11.071 0.01
r 71.4 0.01 3 10.9675 0.01
r 71.6 0.01 3 10.8224 0.01
r 71.8 0.01 3 10.7161 0.01
r 72 0.01 3 10.5903 0.01
r 72.2 0.01 3 10.5051 0.01
r 72.4 0.01 3 10.3874 0.01
r 72.6 0.01 3 10.2597 0.01
r 72.8 0.01 3 10.1581 0.01
r 73 0.01 3 10.0253 0.01
r 73.2 0.01 3 9.92505 0.01
r 73.4 0.01 3 9.80646 0.01
r 73.6 0.01 3 9.72267 0.01
r 73.8 0.01 3 9.59335 0.01
r 74 0.01 3 9.48777 0.01
r 74.2 0.01 3 9.38193 0.01
r 74.4 0.01 3 9.27999 0.01
r 74.6 0.01 3 9.18811 0.01
r 74.8 0.01 3 9.08195 0.01
r 75 0.01 3 8.96668 0.01
r 75.2 0.01 3 8.8748 0.01
r 75.4 0.01 3 8.77859 0.01
r 75.6 0.01 3 8.6852 0.01
r 75.8 0.01 3 8.58721 0.01
r 76 0.01 3 8.4947 0.01
r 76.2 0.01 3 8.4042 0.01
r 76.4 0.01 3 8.31692 0.01
r 76.6 0.01 3 8.22896 0.01
r 76.8 0.01 3 8.13974 0.01
r 77 0.01 3 8.05173 0.01
r 77.2 0.01 3 7.96502 0.01
r 77.4 0.01 3 7.87317 0.01
r 77.6 0.01 3 7.7917 0.01
r 77.8 0.01 3 7.70583 0.01
r 78 0.01 3 7.62186 0.01
r 78.2 0.01 3 7.54028 0.01
r 78.4 0.01 3 7.54933 0.01
r 78.6 0.01 3 7.37819 0.01
r 78.8 0.01 3 7.31481 0.01
r 79 0.01 3 7.22498 0.01
r 79.2 0.01 3 7.14784 0.01
r 79.4 0.01 3 7.07335 0.01
r 79.6 0.01 3 7.00224 0.01
r 79.8 0.01 3 6.93386 0.01
r 80 0.01 3 6.8659 0.01
r 80.2 0.01 3 6.79947 0.01
r 80.4 0.01 3 6.73792 0.01
r 80.6 0.01 3 6.67742 0.01
r 80.8 0.01 3 6.61824 0.01
r 81 0.01 3 6.56082 0.01
r 81.2 0.01 3 6.50511 0.01
r 81.4 0.01 3 6.4521 0.01
r 81.6 0.01 3 6.39981 0.01
r 81.8 0.01 3 6.35028 0.01
r 82 0.01 3 6.30121 0.01
r 82.2 0.01 3 6.25575 0.01
r 82.4 0.01 3 6.32898 0.01
r 82.6 0.01 3 6.17356 0.01
r 82.8 0.01 3 6.13654 0.01
r 83 0.01 3 6.12703 0.01
r 83.2 0.01 3 6.09897 0.01
r 83.4 0.01 3 6.04772 0.01
r 83.6 0.01 3 6.01165 0.01
r 83.8 0.01 3 5.98415 0.01
r 84 0.01 3 5.95959 0.01
r 84.2 0.01 3 5.93728 0.01
r 84.4 0.01 3 5.91891 0.01
r 84.6 0.01 3 5.90511 0.01
r 84.8 0.01 3 5.89019 0.01
r 85 0.01 3 5.88117 0.01
r 85.2 0.01 3 5.87512 0.01
r 85.4 0.01 3 5.87025 0.01
r 85.6 0.01 3 5.86925 0.01
r 85.8 0.01 3 5.8713 0.01
r 86 0.01 3 5.87643 0.01
r 86.2 0.01 3 5.88529 0.01
r 86.4 0.01 3 5.9008 0.01
r 86.6 0.01 3 5.9175 0.01
r 86.8 0.01 3 5.93556 0.01
r 87 0.01 3 5.96031 0.01
r 87.2 0.01 3 6.09383 0.01
r 87.4 0.01 3 6.01505 0.01
r 87.6 0.01 3 6.04654 0.01
r 87.8 0.01 3 6.08243 0.01
r 88 0.01 3 6.11732 0.01
r 88.2 0.01 3 6.15547 0.01
r 88.4 0.01 3 6.19552 0.01
r 88.6 0.01 3 6.23791 0.01
r 88.8 0.01 3 6.28479 0.01
r 89 0.01 3 6.33166 0.01
r 89.2 0.01 3 6.38052 0.01
r 89.4 0.01 3 6.43225 0.01
r 89.6 0.01 3 6.4859 0.01
r 89.8 0.01 3 6.54218 0.01
r 90 0.01 3 6.60129 0.01
r 90.2 0.01 3 6.66353 0.01
r 90.4 0.01 3 6.7435 0.01
r 90.6 0.01 3 6.79655 0.01
r 90.8 0.01 3 7.21923 0.01
r 91 0.01 3 7.0178 0.01
r 91.2 0.01 3 7.06703 0.01
r 91.4 0.01 3 7.12254 0.01
r 91.6 0.01 3 7.19467 0.01
r 91.8 0.01 3 7.41344 0.01
r 92 0.01 3 7.52946 0.01
r 92.2 0.01 3 7.45614 0.01
r 92.4 0.01 3 7.66783 0.01
r 92.6 0.01 3 7.65205 0.01
r 92.8 0.01 3 7.72342 0.01
r 93 0.01 3 7.75559 0.01
r 93.2 0.01 3 7.85481 0.01
r 93.4 0.01 3 7.95396 0.01
r 93.6 0.01 3 8.01417 0.01
r 93.8 0.01 3 8.15363 0.01
r 94 0.01 3 8.22432 0.01
r 94.2 0.01 3 8.30014 0.01
r 94.4 0.01 3 8.37931 0.01
r 94.6 0.01 3 8.50842 0.01
r 94.8 0.01 3 8.58304 0.01
r 95 0.01 3 8.66701 0.01
r 95.2 0.01 3 8.75319 0.01
r 95.4 0.01 3 8.84216 0.01
r 95.6 0.01 3 8.93857 0.01
r 95.8 0.01 3 9.0292 0.01
r 96 0.01 3 9.12186 0.01
r 96.2 0.01 3 9.21846 0.01
r 96.4 0.01 3 9.31425 0.01
r 96.6 0.01 3 9.40923 0.01
r 96.8 0.01 3 9.50684 0.01
r 97 0.01 3 9.74618 0.01
r 97.2 0.01 3 9.79947 0.01
r 97.4 0.01 3 9.92401 0.01
r 97.6 0.01 3 10.0012 0.01
r 97.8 0.01 3 10.0966 0.01
r 98 0.01 3 10.2142 0.01
r 98.2 0.01 3 10.3013 0.01
r 98.4 0.01 3 10.4507 0.01
r 98.6 0.01 3 10.5492 0.01
r 98.8 0.01 3 10.6439 0.01
r 99 0.01 3 10.7345 0.01
r 99.2 0.01 3 10.8433 0.01
r 99.4 0.01 3 10.9415 0.01
r 99.6 0.01 3 11.041 0.01
r 99.8 0.01 3 11.1451 0.01
r 100 0.01 3 11.251 0.01
r 100.2 0.01 3 11.3548 0.01
r 100.4 0.01 3 11.4605 0.01
r 100.6 0.01 3 11.5644 0.01
r 100.8 0.01 3 11.67 0.01
r 101 0.01 3 11.7769 0.01
r 101.2 0.01 3 11.8848 0.01
r 101.4 0.01 3 11.9942 0.01
r 101.6 0.01 3 12.103 0.01
r 101.8 0.01 3 12.212 0.01
r 102 0.01 3 12.3252 0.01
r 102.2 0.01 3 12.4367 0.01
r 102.4 0.01 3 12.5502 0.01
r 102.6 0.01 3 12.6634 0.01
r 102.8 0.01 3 12.7777 0.01
r 103 0.01 3 12.8892 0.01
r 103.2 0.01 3 13.0077 0.01
r 103.4 0.01 3 13.1578 0.01
r 103.6 0.01 3 13.2592 0.01
r 103.8 0.01 3 13.3631 0.01
r 104 0.01 3 13.4686 0.01
r 104.2 0.01 3 13.5761 0.01
r 104.4 0.01 3 13.6843 0.01
r 104.6 0.01 3 13.7941 0.01
r 104.8 0.01 3 13.9043 0.01
r 105 0.01 3 14.0159 0.01
r 105.2 0.01 3 14.1286 0.01
r 105.4 0.01 3 14.2421 0.01
r 105.6 0.01 3 14.3563 0.01
r 105.8 0.01 3 14.471 0.01
r 106 0.01 3 14.5873 0.01
r 106.2 0.01 3 14.7048 0.01
r 106.4 0.01 3 14.8213 0.01
r 106.6 0.01 3 14.9385 0.01
r 106.8 0.01 3 15.0539 0.01
r 107 0.01 3 15.171 0.01
r 107.2 0.01 3 15.2879 0.01
r 107.4 0.01 3 15.4052 0.01
r 107.6 0.01 3 15.5228 0.01
r 107.8 0.01 3 15.6413 0.01
r 108 0.01 3 15.7597 0.01
r 108.2 0.01 3 15.8779 0.01
r 108.4 0.01 3 15.9967 0.01
r 108.6 0.01 3 16.1163 0.01
r 108.8 0.01 3 16.235 0.01
r 109 0.01 3 16.3983 0.01
r 109.2 0.01 3 16.5125 0.01
r 109.4 0.01 3 16.6273 0.01
r 109.6 0.01 3 16.7428 0.01
r 109.8 0.01 3 16.8582 0.01
r 110 0.01 3 16.9742 0.01
r 110.2 0.01 3 17.0904 0.01
r 110.4 0.01 3 17.2069 0.01
r 110.6 0.01 3 17.3235 0.01
r 110.8 0.01 3 17.4447 0.01
r 111 0.01 3 17.5575 0.01
r 111.2 0.01 3 17.6784 0.01
r 111.4 0.01 3 17.795 0.01
r 111.6 0.01 3 17.9113 0.01
r 111.8 0.01 3 18.0278 0.01
r 112 0.01 3 18.1447 0.01
r 112.2 0.01 3 18.2617 0.01
r 112.4 0.01 3 18.378 0.01
r 112.6 0.01 3 18.495 0.01
r 112.8 0.01 3 18.6118 0.01
r 113 0.01 3 18.7283 0.01
r 113.2 0.01 3 18.8452 0.01
r 113.4 0.01 3 18.9624 0.01
r 113.6 0.01 3 19.0797 0.01
r 113.8 0.01 3 19.1974 0.01
r 114 0.01 3 19.3151 0.01
r 114.2 0.01 3 19.4333 0.01
r 114.4 0.01 3 19.5522 0.01
r 114.6 0.01 3 19.6713 0.01
r 114.8 0.01 3 19.7909 0.01
r 115 0.01 3 19.9105 0.01
r 115.2 0.01 3 20.0314 0.01
r 115.4 0.01 3 20.1518 0.01
r 115.6 0.01 3 20.2735 0.01
r 115.8 0.01 3 20.395 0.01
r 116 0.01 3 20.5173 0.01
r 116.2 0.01 3 20.6404 0.01
r 116.4 0.01 3 20.7637 0.01
r 116.6 0.01 3 20.8879 0.01
r 116.8 0.01 3 21.0124 0.01
r 117 0.01 3 21.1379 0.01
r 117.2 0.01 3 21.2635 0.01
r 117.4 0.01 3 21.3901 0.01
r 117.6 0.01 3 21.5175 0.01
r 117.8 0.01 3 21.6443 0.01
r 118 0.01 3 21.7727 0.01
r 118.2 0.01 3 21.8999 0.01
r 118.4 0.01 3 22.0288 0.01
r 118.6 0.01 3 22.1578 0.01
r 118.8 0.01 3 22.2872 0.01
r 119 0.01 3 22.4147 0.01
r 119.2 0.01 3 22.544 0.01
r 119.4 0.01 3 22.6735 0.01
r 119.6 0.01 3 22.8031 0.01
r 119.8 0.01 3 22.9329 0.01
r 120 0.01 3 23.0624 0.01
r 120.2 0.01 3 23.1924 0.01
r 120.4 0.01 3 23.3227 0.01
r 120.6 0.01 3 23.4535 0.01
r 120.8 0.01 3 23.5841 0.01
r 121 0.01 3 23.7194 0.01
r 121.2 0.01 3 23.8515 0.01
r 121.4 0.01 3 23.9841 0.01
r 121.6 0.01 3 24.1172 0.01
r 121.8 0.01 3 24.2508 0.01
r 122 0.01 3 24.3848 0.01
r 122.2 0.01 3 24.5191 0.01
r 122.4 0.01 3 24.6536 0.01
r 122.6 0.01 3 24.7883 0.01
r 122.8 0.01 3 24.923 0.01
r 123 0.01 3 25.0618 0.01
r 123.2 0.01 3 25.1955 0.01
r 123.4 0.01 3 25.3291 0.01
r 123.6 0.01 3 25.4626 0.01
r 123.8 0.01 3 25.5957 0.01
r 124 0.01 3 25.729 0.01
r 124.2 0.01 3 25.8592 0.01
r 124.4 0.01 3 25.9917 0.01
r 124.6 0.01 3 26.1219 0.01
r 124.8 0.01 3 26.2527 0.01
r 125 0.01 3 26.3699 0.01
s 95 3 602
r 75 0.01 2 13.0666 0.01
r 75.2 0.01 2 12.9349 0.01
r 75.4 0.01 2 12.8034 0.01
r 75.6 0.01 2 12.672 0.01
r 75.8 0.01 2 12.5408 0.01
r 76 0.01 2 12.4096 0.01
r 76.2 0.01 2 12.2784 0.01
r 76.4 0.01 2 12.147 0.01
r 76.6 0.01 2 12.0151 0.01
r 76.8 0.01 2 11.8823 0.01
r 77 0.01 2 11.7494 0.01
r 77.2 0.01 2 11.616 0.01
r 77.4 0.01 2 11.4823 0.01
r 77.6 0.01 2 11.3478 0.01
r 77.8 0.01 2 11.2128 0.01
r 78 0.01 2 11.0775 0.01
r 78.2 0.01 2 10.9423 0.01
r 78.4 0.01 2 10.8074 0.01
r 78.6 0.01 2 10.6729 0.01
r 78.8 0.01 2 10.5389 0.01
r 79 0.01 2 10.4054 0.01
r 79.2 0.01 2 10.2723 0.01
r 79.4 0.01 2 10.1397 0.01
r 79.6 0.01 2 10.0077 0.01
r 79.8 0.01 2 9.87629 0.01
r 80 0.01 2 9.74551 0.01
r 80.2 0.01 2 9.6152 0.01
r 80.4 0.01 2 9.48527 0.01
r 80.6 0.01 2 9.35572 0.01
r 80.8 0.01 2 9.22665 0.01
r 81 0.01 2 9.09806 0.01
r 81.2 0.01 2 8.96999 0.01
r 81.4 0.01 2 8.84247 0.01
r 81.6 0.01 2 8.71542 0.01
r 81.8 0.01 2 8.58923 0.01
r 82 0.01 2 8.46354 0.01
r 82.2 0.01 2 8.33842 0.01
r 82.4 0.01 2 8.21369 0.01
r 82.6 0.01 2 8.08945 0.01
r 82.8 0.01 2 7.96579 0.01
r 83 0.01 2 7.84258 0.01
r 83.2 0.01 2 7.71992 0.01
r 83.4 0.01 2 7.5976 0.01
r 83.6 0.01 2 7.47563 0.01
r 83.8 0.01 2 7.354 0.01
r 84 0.01 2 7.23243 0.01
r 84.2 0.01 2 7.11152 0.01
r 84.4 0.01 2 6.99074 0.01
r 84.6 0.01 2 6.87005 0.01
r 84.8 0.01 2 6.75008 0.01
r 85 0.01 2 6.63038 0.01
r 85.2 0.01 2 6.51015 0.01
r 85.4 0.01 2 6.39051 0.01
r 85.6 0.01 2 6.27125 0.01
r 85.8 0.01 2 6.15215 0.01
r 86 0.01 2 6.03185 0.01
r 86.2 0.01 2 5.91273 0.01
r 86.4 0.01 2 5.79381 0.01
r 86.6 0.01 2 5.67467 0.01
r 86.8 0.01 2 5.55564 0.01
r 87 0.01 2 5.4362 0.01
r 87.2 0.01 2 5.3172 0.01
r 87.4 0.01 2 5.19832 0.01
r 87.6 0.01 2 5.07958 0.01
r 87.8 0.01 2 4.96105 0.01
r 88 0.01 2 4.84247 0.01
r 88.2 0.01 2 4.72433 0.01
r 88.4 0.01 2 4.60771 0.01
r 88.6 0.01 2 4.49082 0.01
r 88.8 0.01 2 4.37475 0.01
r 89 0.01 2 4.26008 0.01
r 89.2 0.01 2 4.14656 0.01
r 89.4 0.01 2 4.03413 0.01
r 89.6 0.01 2 3.92286 0.01
r 89.8 0.01 2 3.81297 0.01
r 90 0.01 2 3.70434 0.01
r 90.2 0.01 2 3.59733 0.01
r 90.4 0.01 2 3.49246 0.01
r 90.6 0.01 2 3.38673 0.01
r 90.8 0.01 2 3.28369 0.01
r 91 0.01 2 3.18174 0.01
r 91.2 0.01 2 3.0819 0.01
r 91.4 0.01 2 2.98411 0.01
r 91.6 0.01 2 2.88857 0.01
r 91.8 0.01 2 2.79565 0.01
r 92 0.01 2 2.70591 0.01
r 92.2 0.01 2 2.61824 0.01
r 92.4 0.01 2 2.53411 0.01
r 92.6 0.01 2 2.45403 0.01
r 92.8 0.01 2 2.3776 0.01
r 93 0.01 2 2.30461 0.01
r 93.2 0.01 2 2.23711 0.01
r 93.4 0.01 2 2.17488 0.01
r 93.6 0.01 2 2.11851 0.01
r 93.8 0.01 2 2.06812 0.01
r 94 0.01 2 2.02433 0.01
r 94.2 0.01 2 1.98741 0.01
r 94.4 0.01 2 1.95856 0.01
r 94.6 0.01 2 1.93858 0.01
r 94.8 0.01 2 1.92618 0.01
r 95 0.01 2 1.92284 0.01
r 95.2 0.01 2 1.92561 0.01
r 95.4 0.01 2 1.93885 0.01
r 95.6 0.01 2 1.95903 0.01
r 95.8 0.01 2 1.9883 0.01
r 96 0.01 2 2.02546 0.01
r 96.2 0.01 2 2.06979 0.01
r 96.4 0.01 2 2.12093 0.01
r 96.6 0.01 2 2.17852 0.01
r 96.8 0.01 2 2.24219 0.01
r 97 0.01 2 2.31173 0.01
r 97.2 0.01 2 2.38512 0.01
r 97.4 0.01 2 2.46319 0.01
r 97.6 0.01 2 2.54586 0.01
r 97.8 0.01 2 2.63308 0.01
r 98 0.01 2 2.72096 0.01
r 98.2 0.01 2 2.8144 0.01
r 98.4 0.01 2 2.90954 0.01
r 98.6 0.01 2 3.0072 0.01
r 98.8 0.01 2 3.10748 0.01
r 99 0.01 2 3.21225 0.01
r 99.2 0.01 2 3.31625 0.01
r 99.4 0.01 2 3.42104 0.01
r 99.6 0.01 2 3.52799 0.01
r 99.8 0.01 2 3.63572 0.01
r 100 0.01 2 3.74575 0.01
r 100.2 0.01 2 3.85647 0.01
r 100.4 0.01 2 3.96829 0.01
r 100.6 0.01 2 4.08099 0.01
r 100.8 0.01 2 4.19445 0.01
r 101 0.01 2 4.3091 0.01
r 101.2 0.01 2 4.42448 0.01
r 101.4 0.01 2 4.54073 0.01
r 101.6 0.01 2 4.6575 0.01
r 101.8 0.01 2 4.77498 0.01
r 102 0.01 2 4.89381 0.01
r 102.2 0.01 2 5.01223 0.01
r 102.4 0.01 2 5.12986 0.01
r 102.6 0.01 2 5.24764 0.01
r 102.8 0.01 2 5.36633 0.01
r 103 0.01 2 5.48455 0.01
r 103.2 0.01 2 5.6026 0.01
r 103.4 0.01 2 5.72003 0.01
r 103.6 0.01 2 5.83744 0.01
r 103.8 0.01 2 5.95524 0.01
r 104 0.01 2 6.07202 0.01
r 104.2 0.01 2 6.18934 0.01
r 104.4 0.01 2 6.30698 0.01
r 104.6 0.01 2 6.42483 0.01
r 104.8 0.01 2 6.54296 0.01
r 105 0.01 2 6.66125 0.01
r 105.2 0.01 2 6.77963 0.01
r 105.4 0.01 2 6.89809 0.01
r 105.6 0.01 2 7.01654 0.01
r 105.8 0.01 2 7.1356 0.01
r 106 0.01 2 7.2547 0.01
r 106.2 0.01 2 7.37433 0.01
r 106.4 0.01 2 7.49394 0.01
r 106.6 0.01 2 7.61408 0.01
r 106.8 0.01 2 7.73428 0.01
r 107 0.01 2 7.85458 0.01
r 107.2 0.01 2 7.97572 0.01
r 107.4 0.01 2 8.09661 0.01
r 107.6 0.01 2 8.21788 0.01
r 107.8 0.01 2 8.33966 0.01
r 108 0.01 2 8.46188 0.01
r 108.2 0.01 2 8.58354 0.01
r 108.4 0.01 2 8.70593 0.01
r 108.6 0.01 2 8.82858 0.01
r 108.8 0.01 2 8.95163 0.01
r 109 0.01 2 9.07471 0.01
r 109.2 0.01 2 9.19799 0.01
r 109.4 0.01 2 9.32146 0.01
r 109.6 0.01 2 9.445 0.01
r 109.8 0.01 2 9.56862 0.01
r 110 0.01 2 9.69241 0.01
r 110.2 0.01 2 9.81608 0.01
r 110.4 0.01 2 9.93988 0.01
r 110.6 0.01 2 10.0633 0.01
r 110.8 0.01 2 10.1848 0.01
r 111 0.01 2 10.3088 0.01
r 111.2 0.01 2 10.4307 0.01
r 111.4 0.01 2 10.5531 0.01
r 111.6 0.01 2 10.6757 0.01
r 111.8 0.01 2 10.797 0.01
r 112 0.01 2 10.9191 0.01
r 112.2 0.01 2 11.0409 0.01
r 112.4 0.01 2 11.1602 0.01
r 112.6 0.01 2 11.2798 0.01
r 112.8 0.01 2 11.3993 0.01
r 113 0.01 2 11.5226 0.01
r 113.2 0.01 2 11.6418 0.01
r 113.4 0.01 2 11.7373 0.01
r 113.6 0.01 2 11.8551 0.01
r 113.8 0.01 2 11.9727 0.01
r 114 0.01 2 12.0936 0.01
r 114.2 0.01 2 12.2108 0.01
r 114.4 0.01 2 12.3283 0.01
r 114.6 0.01 2 12.4482 0.01
r 114.8 0.01 2 12.5674 0.01
r 115 0.01 2 12.6883 0.01
r 55 0.01 3 26.9647 0.01
r 55.2 0.01 3 26.8361 0.01
r 55.4 0.01 3 26.708 0.01
r 55.6 0.01 3 26.5797 0.01
r 55.8 0.01 3 26.4526 0.01
r 56 0.01 3 26.3237 0.01
r 56.2 0.01 3 26.1959 0.01
r 56.4 0.01 3 26.068 0.01
r 56.6 0.01 3 25.9398 0.01
r 56.8 0.01 3 25.8055 0.01
r 57 0.01 3 25.6982 0.01
r 57.2 0.01 3 25.567 0.01
r 57.4 0.01 3 25.4352 0.01
r 57.6 0.01 3 25.3034 0.01
r 57.8 0.01 3 25.1713 0.01
r 58 0.01 3 25.039 0.01
r 58.2 0.01 3 24.9071 0.01
r 58.4 0.01 3 24.7755 0.01
r 58.6 0.01 3 24.6445 0.01
r 58.8 0.01 3 24.5139 0.01
r 59 0.01 3 24.42 0.01
r 59.2 0.01 3 24.2874 0.01
r 59.4 0.01 3 24.1548 0.01
r 59.6 0.01 3 24.0227 0.01
r 59.8 0.01 3 23.891 0.01
r 60 0.01 3 23.7597 0.01
r 60.2 0.01 3 23.6284 0.01
r 60.4 0.01 3 23.4978 0.01
r 60.6 0.01 3 23.3668 0.01
r 60.8 0.01 3 23.2364 0.01
r 61 0.01 3 23.2407 0.01
r 61.2 0.01 3 23.1098 0.01
r 61.4 0.01 3 22.9793 0.01
r 61.6 0.01 3 22.8488 0.01
r 61.8 0.01 3 22.7184 0.01
r 62 0.01 3 22.5884 0.01
r 62.2 0.01 3 22.4589 0.01
r 62.4 0.01 3 22.3291 0.01
r 62.6 0.01 3 22.1994 0.01
r 62.8 0.01 3 22.0695 0.01
r 63 0.01 3 21.9768 0.01
r 63.2 0.01 3 21.8451 0.01
r 63.4 0.01 3 21.7135 0.01
r 63.6 0.01 3 21.5819 0.01
r 63.8 0.01 3 21.449 0.01
r 64 0.01 3 21.3173 0.01
r 64.2 0.01 3 21.1857 0.01
r 64.4 0.01 3 21.0543 0.01
r 64.6 0.01 3 20.9232 0.01
r 64.8 0.01 3 20.7922 0.01
r 65 0.01 3 20.6915 0.01
r 65.2 0.01 3 20.5612 0.01
r 65.4 0.01 3 20.4316 0.01
r 65.6 0.01 3 20.3016 0.01
r 65.8 0.01 3 20.172 0.01
r 66 0.01 3 20.0425 0.01
r 66.2 0.01 3 19.9132 0.01
r 66.4 0.01 3 19.783 0.01
r 66.6 0.01 3 19.654 0.01
r 66.8 0.01 3 19.5244 0.01
r 67 0.01 3 19.416 0.01
r 67.2 0.01 3 19.2858 0.01
r 67.4 0.01 3 19.1555 0.01
r 67.6 0.01 3 19.0249 0.01
r 67.8 0.01 3 18.8939 0.01
r 68 0.01 3 18.7627 0.01
r 68.2 0.01 3 18.6316 0.01
r 68.4 0.01 3 18.5008 0.01
r 68.6 0.01 3 18.3704 0.01
r 68.8 0.01 3 18.2402 0.01
r 69 0.01 3 18.1683 0.01
r 69.2 0.01 3 18.0383 0.01
r 69.4 0.01 3 17.9088 0.01
r 69.6 0.01 3 17.7797 0.01
r 69.8 0.01 3 17.6513 0.01
r 70 0.01 3 17.5234 0.01
r 70.2 0.01 3 17.3957 0.01
r 70.4 0.01 3 17.2682 0.01
r 70.6 0.01 3 17.1407 0.01
r 70.8 0.01 3 17.0132 0.01
r 71 0.01 3 17.0648 0.01
r 71.2 0.01 3 16.9377 0.01
r 71.4 0.01 3 16.807 0.01
r 71.6 0.01 3 16.6788 0.01
r 71.8 0.01 3 16.5515 0.01
r 72 0.01 3 16.4166 0.01
r 72.2 0.01 3 16.2456 0.01
r 72.4 0.01 3 16.1327 0.01
r 72.6 0.01 3 16.0241 0.01
r 72.8 0.01 3 15.8943 0.01
r 73 0.01 3 15.7302 0.01
r 73.2 0.01 3 15.5991 0.01
r 73.4 0.01 3 15.4688 0.01
r 73.6 0.01 3 15.3635 0.01
r 73.8 0.01 3 15.2547 0.01
r 74 0.01 3 15.1275 0.01
r 74.2 0.01 3 15.0057 0.01
r 74.4 0.01 3 14.869 0.01
r 74.6 0.01 3 14.7525 0.01
r 74.8 0.01 3 14.6293 0.01
r 75 0.01 3 14.494 0.01
r 75.2 0.01 3 14.3707 0.01
r 75.4 0.01 3 14.2421 0.01
r 75.6 0.01 3 14.1221 0.01
r 75.8 0.01 3 13.991 0.01
r 76 0.01 3 13.8631 0.01
r 76.2 0.01 3 13.7387 0.01
r 76.4 0.01 3 13.6167 0.01
r 76.6 0.01 3 13.5028 0.01
r 76.8 0.01 3 13.3644 0.01
r 77 0.01 3 13.4155 0.01
r 77.2 0.01 3 13.2848 0.01
r 77.4 0.01 3 13.1536 0.01
r 77.6 0.01 3 13.0221 0.01
r 77.8 0.01 3 12.8903 0.01
r 78 0.01 3 12.758 0.01
r 78.2 0.01 3 12.624 0.01
r 78.4 0.01 3 12.4919 0.01
r 78.6 0.01 3 12.3604 0.01
r 78.8 0.01 3 12.2327 0.01
r 79 0.01 3 12.101 0.01
r 79.2 0.01 3 11.9687 0.01
r 79.4 0.01 3 11.8389 0.01
r 79.6 0.01 3 11.7099 0.01
r 79.8 0.01 3 11.5824 0.01
r 80 0.01 3 11.4536 0.01
r 80.2 0.01 3 11.3265 0.01
r 80.4 0.01 3 11.2033 0.01
r 80.6 0.01 3 11.0772 0.01
r 80.8 0.01 3 10.9483 0.01
r 81 0.01 3 10.8255 0.01
r 81.2 0.01 3 10.7027 0.01
r 81.4 0.01 3 10.5761 0.01
r 81.6 0.01 3 10.4563 0.01
r 81.8 0.01 3 10.3339 0.01
r 82 0.01 3 10.2168 0.01
r 82.2 0.01 3 10.1 0.01
r 82.4 0.01 3 9.98026 0.01
r 82.6 0.01 3 9.85904 0.01
r 82.8 0.01 3 9.74144 0.01
r 83 0.01 3 9.63211 0.01
r 83.2 0.01 3 9.51812 0.01
r 83.4 0.01 3 9.41219 0.01
r 83.6 0.01 3 9.29643 0.01
r 83.8 0.01 3 9.1932 0.01
r 84 0.01 3 9.08639 0.01
r 84.2 0.01 3 8.98132 0.01
r 84.4 0.01 3 8.8798 0.01
r 84.6 0.01 3 8.77866 0.01
r 84.8 0.01 3 8.67927 0.01
r 85 0.01 3 8.58177 0.01
r 85.2 0.01 3 8.48583 0.01
r 85.4 0.01 3 8.3916 0.01
r 85.6 0.01 3 8.29866 0.01
r 85.8 0.01 3 8.2107 0.01
r 86 0.01 3 8.12388 0.01
r 86.2 0.01 3 8.04405 0.01
r 86.4 0.01 3 7.96608 0.01
r 86.6 0.01 3 7.88917 0.01
r 86.8 0.01 3 7.77445 0.01
r 87 0.01 3 7.69632 0.01
r 87.2 0.01 3 7.60566 0.01
r 87.4 0.01 3 7.51881 0.01
r 87.6 0.01 3 7.43383 0.01
r 87.8 0.01 3 7.35116 0.01
r 88 0.01 3 7.26927 0.01
r 88.2 0.01 3 7.19068 0.01
r 88.4 0.01 3 7.11297 0.01
r 88.6 0.01 3 7.03843 0.01
r 88.8 0.01 3 6.96695 0.01
r 89 0.01 3 6.8913 0.01
r 89.2 0.01 3 6.8239 0.01
r 89.4 0.01 3 6.75678 0.01
r 89.6 0.01 3 6.68097 0.01
r 89.8 0.01 3 6.6323 0.01
r 90 0.01 3 6.55966 0.01
r 90.2 0.01 3 6.53478 0.01
r 90.4 0.01 3 6.4845 0.01
r 90.6 0.01 3 6.40367 0.01
r 90.8 0.01 3 6.34397 0.01
r 91 0.01 3 6.26976 0.01
r 91.2 0.01 3 6.21826 0.01
r 91.4 0.01 3 6.1722 0.01
r 91.6 0.01 3 6.15072 0.01
r 91.8 0.01 3 6.08829 0.01
r 92 0.01 3 6.05139 0.01
r 92.2 0.01 3 6.01472 0.01
r 92.4 0.01 3 5.9814 0.01
r 92.6 0.01 3 5.951 0.01
r 92.8 0.01 3 5.92283 0.01
r 93 0.01 3 5.89583 0.01
r 93.2 0.01 3 5.87291 0.01
r 93.4 0.01 3 5.85548 0.01
r 93.6 0.01 3 5.83309 0.01
r 93.8 0.01 3 5.81724 0.01
r 94 0.01 3 5.80369 0.01
r 94.2 0.01 3 5.79213 0.01
r 94.4 0.01 3 5.78331 0.01
r 94.6 0.01 3 5.77766 0.01
r 94.8 0.01 3 5.77603 0.01
r 95 0.01 3 5.7757 0.01
r 95.2 0.01 3 5.77792 0.01
r 95.4 0.01 3 5.78368 0.01
r 95.6 0.01 3 5.79058 0.01
r 95.8 0.01 3 5.80174 0.01
r 96 0.01 3 5.81589 0.01
r 96.2 0.01 3 5.83246 0.01
r 96.4 0.01 3 5.85199 0.01
r 96.6 0.01 3 5.87783 0.01
r 96.8 0.01 3 5.8963 0.01
r 97 0.01 3 5.92236 0.01
r 97.2 0.01 3 5.94935 0.01
r 97.4 0.01 3 6.0167 0.01
r 97.6 0.01 3 6.01312 0.01
r 97.8 0.01 3 6.04802 0.01
r 98 0.01 3 6.08519 0.01
r 98.2 0.01 3 6.12615 0.01
r 98.4 0.01 3 6.16914 0.01
r 98.6 0.01 3 6.21506 0.01
r 98.8 0.01 3 6.26407 0.01
r 99 0.01 3 6.31018 0.01
r 99.2 0.01 3 6.36241 0.01
r 99.4 0.01 3 6.42154 0.01
r 99.6 0.01 3 6.47064 0.01
r 99.8 0.01 3 6.54896 0.01
r 100 0.01 3 6.59546 0.01
r 100.2 0.01 3 6.7171 0.01
r 100.4 0.01 3 6.71683 0.01
r 100.6 0.01 3 6.8696 0.01
r 100.8 0.01 3 6.8511 0.01
r 101 0.01 3 7.05119 0.01
r 101.2 0.01 3 7.14426 0.01
r 101.4 0.01 3 7.19814 0.01
r 101.6 0.01 3 7.23674 0.01
r 101.8 0.01 3 7.37909 0.01
r 102 0.01 3 7.44583 0.01
r 102.2 0.01 3 7.49909 0.01
r 102.4 0.01 3 7.5625 0.01
r 102.6 0.01 3 7.673 0.01
r 102.8 0.01 3 7.72511 0.01
r 103 0.01 3 7.86606 0.01
r 103.2 0.01 3 7.82532 0.01
r 103.4 0.01 3 8.01784 0.01
r 103.6 0.01 3 8.09625 0.01
r 103.8 0.01 3 8.17932 0.01
r 104 0.01 3 8.24825 0.01
r 104.2 0.01 3 8.32832 0.01
r 104.4 0.01 3 8.38603 0.01
r 104.6 0.01 3 8.47282 0.01
r 104.8 0.01 3 8.56126 0.01
r 105 0.01 3 8.65962 0.01
r 105.2 0.01 3 8.75871 0.01
r 105.4 0.01 3 8.85431 0.01
r 105.6 0.01 3 8.94486 0.01
r 105.8 0.01 3 9.04188 0.01
r 106 0.01 3 9.1354 0.01
r 106.2 0.01 3 9.23164 0.01
r 106.4 0.01 3 9.34529 0.01
r 106.6 0.01 3 9.43919 0.01
r 106.8 0.01 3 9.51685 0.01
r 107 0.01 3 9.6388 0.01
r 107.2 0.01 3 9.74052 0.01
r 107.4 0.01 3 9.84046 0.01
r 107.6 0.01 3 9.94229 0.01
r 107.8 0.01 3 10.0453 0.01
r 108 0.01 3 10.1491 0.01
r 108.2 0.01 3 10.2529 0.01
r 108.4 0.01 3 10.3583 0.01
r 108.6 0.01 3 10.4648 0.01
r 108.8 0.01 3 10.5719 0.01
r 109 0.01 3 10.6837 0.01
r 109.2 0.01 3 10.7916 0.01
r 109.4 0.01 3 10.8985 0.01
r 109.6 0.01 3 11.0082 0.01
r 109.8 0.01 3 11.1181 0.01
r 110 0.01 3 11.2274 0.01
r 110.2 0.01 3 11.3402 0.01
r 110.4 0.01 3 11.4549 0.01
r 110.6 0.01 3 11.569 0.01
r 110.8 0.01 3 11.6814 0.01
r 111 0.01 3 11.7932 0.01
r 111.2 0.01 3 11.9083 0.01
r 111.4 0.01 3 12.0228 0.01
r 111.6 0.01 3 12.1385 0.01
r 111.8 0.01 3 12.2551 0.01
r 112 0.01 3 12.3709 0.01
r 112.2 0.01 3 12.4866 0.01
r 112.4 0.01 3 12.5665 0.01
r 112.6 0.01 3 12.6899 0.01
r 112.8 0.01 3 12.8356 0.01
r 113 0.01 3 12.8794 0.01
r 113.2 0.01 3 12.9927 0.01
r 113.4 0.01 3 13.1063 0.01
r 113.6 0.01 3 13.2208 0.01
r 113.8 0.01 3 13.3359 0.01
r 114 0.01 3 13.4517 0.01
r 114.2 0.01 3 13.5678 0.01
r 114.4 0.01 3 13.686 0.01
r 114.6 0.01 3 13.8043 0.01
r 114.8 0.01 3 13.9232 0.01
r 115 0.01 3 14.0399 0.01
r 115.2 0.01 3 14.1593 0.01
r 115.4 0.01 3 14.2791 0.01
r 115.6 0.01 3 14.3999 0.01
r 115.8 0.01 3 14.5213 0.01
r 116 0.01 3 14.6436 0.01
r 116.2 0.01 3 14.7663 0.01
r 116.4 0.01 3 14.89 0.01
r 116.6 0.01 3 15.0146 0.01
r 116.8 0.01 3 15.1392 0.01
r 117 0.01 3 15.2639 0.01
r 117.2 0.01 3 15.3893 0.01
r 117.4 0.01 3 15.5155 0.01
r 117.6 0.01 3 15.6426 0.01
r 117.8 0.01 3 15.7697 0.01
r 118 0.01 3 15.8971 0.01
r 118.2 0.01 3 16.025 0.01
r 118.4 0.01 3 16.1538 0.01
r 118.6 0.01 3 16.2826 0.01
r 118.8 0.01 3 16.4118 0.01
r 119 0.01 3 16.5404 0.01
r 119.2 0.01 3 16.6703 0.01
r 119.4 0.01 3 16.7998 0.01
r 119.6 0.01 3 16.9291 0.01
r 119.8 0.01 3 17.0584 0.01
r 120 0.01 3 17.1882 0.01
r 120.2 0.01 3 17.318 0.01
r 120.4 0.01 3 17.4481 0.01
r 120.6 0.01 3 17.5791 0.01
r 120.8 0.01 3 17.7102 0.01
r 121 0.01 3 17.7639 0.01
r 121.2 0.01 3 17.8958 0.01
r 121.4 0.01 3 18.0282 0.01
r 121.6 0.01 3 18.1613 0.01
r 121.8 0.01 3 18.2947 0.01
r 122 0.01 3 18.4286 0.01
r 122.2 0.01 3 18.5628 0.01
r 122.4 0.01 3 18.6973 0.01
r 122.6 0.01 3 18.8317 0.01
r 122.8 0.01 3 18.9664 0.01
r 123 0.01 3 19.0333 0.01
r 123.2 0.01 3 19.1606 0.01
r 123.4 0.01 3 19.2881 0.01
r 123.6 0.01 3 19.4152 0.01
r 123.8 0.01 3 19.5423 0.01
r 124 0.01 3 19.6693 0.01
r 124.2 0.01 3 19.7963 0.01
r 124.4 0.01 3 19.9229 0.01
r 124.6 0.01 3 20.0475 0.01
r 124.8 0.01 3 20.1754 0.01
r 125 0.01 3 20.3015 0.01
r 125.2 0.01 3 20.4272 0.01
r 125.4 0.01 3 20.553 0.01
r 125.6 0.01 3 20.678 0.01
r 125.8 0.01 3 20.803 0.01
r 126 0.01 3 20.9234 0.01
r 126.2 0.01 3 21.0485 0.01
r 126.4 0.01 3 21.174 0.01
r 126.6 0.01 3 21.2997 0.01
r 126.8 0.01 3 21.4259 0.01
r 127 0.01 3 21.5523 0.01
r 127.2 0.01 3 21.679 0.01
r 127.4 0.01 3 21.8096 0.01
r 127.6 0.01 3 21.9335 0.01
r 127.8 0.01 3 22.0611 0.01
r 128 0.01 3 22.1891 0.01
r 128.2 0.01 3 22.3174 0.01
r 128.4 0.01 3 22.4456 0.01
r 128.6 0.01 3 22.5738 0.01
r 128.8 0.01 3 22.702 0.01
r 129 0.01 3 22.8202 0.01
r 129.2 0.01 3 22.9487 0.01
r 129.4 0.01 3 23.0771 0.01
r 129.6 0.01 3 23.2051 0.01
r 129.8 0.01 3 23.3334 0.01
r 130 0.01 3 23.4619 0.01
r 130.2 0.01 3 23.5901 0.01
r 130.4 0.01 3 23.7185 0.01
r 130.6 0.01 3 23.8464 0.01
r 130.8 0.01 3 23.9744 0.01
r 131 0.01 3 24.1069 0.01
r 131.2 0.01 3 24.2336 0.01
r 131.4 0.01 3 24.3614 0.01
r 131.6 0.01 3 24.4886 0.01
r 131.8 0.01 3 24.6167 0.01
r 132 0.01 3 24.742 0.01
r 132.2 0.01 3 24.8673 0.01
r 132.4 0.01 3 24.9947 0.01
r 132.6 0.01 3 25.1259 0.01
r 132.8 0.01 3 25.2542 0.01
r 133 0.01 3 25.3844 0.01
r 133.2 0.01 3 25.5127 0.01
r 133.4 0.01 3 25.6412 0.01
r 133.6 0.01 3 25.7701 0.01
r 133.8 0.01 3 25.899 0.01
r 134 0.01 3 26.028 0.01
r 134.2 0.01 3 26.1572 0.01
r 134.4 0.01 3 26.2865 0.01
r 134.6 0.01 3 26.4162 0.01
r 134.8 0.01 3 26.5462 0.01
r 135 0.01 3 26.6765 0.01
s 105 3 602
r 85 0.01 2 12.705 0.01
r 85.2 0.01 2 12.6071 0.01
r 85.4 0.01 2 12.4836 0.01
r 85.6 0.01 2 12.3592 0.01
r 85.8 0.01 2 12.2342 0.01
r 86 0.01 2 12.1102 0.01
r 86.2 0.01 2 11.9863 0.01
r 86.4 0.01 2 11.8625 0.01
r 86.6 0.01 2 11.7391 0.01
r 86.8 0.01 2 11.6159 0.01
r 87 0.01 2 11.4919 0.01
r 87.2 0.01 2 11.3677 0.01
r 87.4 0.01 2 11.2441 0.01
r 87.6 0.01 2 11.1198 0.01
r 87.8 0.01 2 10.9947 0.01
r 88 0.01 2 10.8717 0.01
r 88.2 0.01 2 10.746 0.01
r 88.4 0.01 2 10.6208 0.01
r 88.6 0.01 2 10.4961 0.01
r 88.8 0.01 2 10.372 0.01
r 89 0.01 2 10.2481 0.01
r 89.2 0.01 2 10.1251 0.01
r 89.4 0.01 2 10.0029 0.01
r 89.6 0.01 2 9.88104 0.01
r 89.8 0.01 2 9.75992 0.01
r 90 0.01 2 9.63953 0.01
r 90.2 0.01 2 9.51981 0.01
r 90.4 0.01 2 9.40009 0.01
r 90.6 0.01 2 9.28306 0.01
r 90.8 0.01 2 9.16197 0.01
r 91 0.01 2 9.04223 0.01
r 91.2 0.01 2 8.91982 0.01
r 91.4 0.01 2 8.79829 0.01
r 91.6 0.01 2 8.67976 0.01
r 91.8 0.01 2 8.5566 0.01
r 92 0.01 2 8.43631 0.01
r 92.2 0.01 2 8.31579 0.01
r 92.4 0.01 2 8.19523 0.01
r 92.6 0.01 2 8.07549 0.01
r 92.8 0.01 2 7.95491 0.01
r 93 0.01 2 7.83522 0.01
r 93.2 0.01 2 7.71478 0.01
r 93.4 0.01 2 7.59545 0.01
r 93.6 0.01 2 7.47556 0.01
r 93.8 0.01 2 7.3557 0.01
r 94 0.01 2 7.23595 0.01
r 94.2 0.01 2 7.11608 0.01
r 94.4 0.01 2 6.99659 0.01
r 94.6 0.01 2 6.87734 0.01
r 94.8 0.01 2 6.75844 0.01
r 95 0.01 2 6.64044 0.01
r 95.2 0.01 2 6.52055 0.01
r 95.4 0.01 2 6.40117 0.01
r 95.6 0.01 2 6.28155 0.01
r 95.8 0.01 2 6.16213 0.01
r 96 0.01 2 6.0433 0.01
r 96.2 0.01 2 5.92538 0.01
r 96.4 0.01 2 5.80564 0.01
r 96.6 0.01 2 5.68684 0.01
r 96.8 0.01 2 5.56789 0.01
r 97 0.01 2 5.44909 0.01
r 97.2 0.01 2 5.3306 0.01
r 97.4 0.01 2 5.21247 0.01
r 97.6 0.01 2 5.09495 0.01
r 97.8 0.01 2 4.97797 0.01
r 98 0.01 2 4.8616 0.01
r 98.2 0.01 2 4.7455 0.01
r 98.4 0.01 2 4.63023 0.01
r 98.6 0.01 2 4.51559 0.01
r 98.8 0.01 2 4.40069 0.01
r 99 0.01 2 4.2872 0.01
r 99.2 0.01 2 4.17501 0.01
r 99.4 0.01 2 4.06325 0.01
r 99.6 0.01 2 3.95271 0.01
r 99.8 0.01 2 3.84303 0.01
r 100 0.01 2 3.73419 0.01
r 100.2 0.01 2 3.62656 0.01
r 100.4 0.01 2 3.52123 0.01
r 100.6 0.01 2 3.41459 0.01
r 100.8 0.01 2 3.31062 0.01
r 101 0.01 2 3.20787 0.01
r 101.2 0.01 2 3.10694 0.01
r 101.4 0.01 2 3.00785 0.01
r 101.6 0.01 2 2.91083 0.01
r 101.8 0.01 2 2.81634 0.01
r 102 0.01 2 2.72495 0.01
r 102.2 0.01 2 2.63544 0.01
r 102.4 0.01 2 2.54957 0.01
r 102.6 0.01 2 2.4675 0.01
r 102.8 0.01 2 2.39014 0.01
r 103 0.01 2 2.31558 0.01
r 103.2 0.01 2 2.2467 0.01
r 103.4 0.01 2 2.18304 0.01
r 103.6 0.01 2 2.12552 0.01
r 103.8 0.01 2 2.07415 0.01
r 104 0.01 2 2.02974 0.01
r 104.2 0.01 2 1.99264 0.01
r 104.4 0.01 2 1.96361 0.01
r 104.6 0.01 2 1.94358 0.01
r 104.8 0.01 2 1.93106 0.01
r 105 0.01 2 1.92768 0.01
r 105.2 0.01 2 1.93016 0.01
r 105.4 0.01 2 1.94337 0.01
r 105.6 0.01 2 1.96347 0.01
r 105.8 0.01 2 1.99269 0.01
r 106 0.01 2 2.02982 0.01
r 106.2 0.01 2 2.07395 0.01
r 106.4 0.01 2 2.12499 0.01
r 106.6 0.01 2 2.18259 0.01
r 106.8 0.01 2 2.24607 0.01
r 107 0.01 2 2.3157 0.01
r 107.2 0.01 2 2.38947 0.01
r 107.4 0.01 2 2.46721 0.01
r 107.6 0.01 2 2.5499 0.01
r 107.8 0.01 2 2.63649 0.01
r 108 0.01 2 2.72611 0.01
r 108.2 0.01 2 2.81758 0.01
r 108.4 0.01 2 2.91237 0.01
r 108.6 0.01 2 3.00998 0.01
r 108.8 0.01 2 3.11001 0.01
r 109 0.01 2 3.21384 0.01
r 109.2 0.01 2 3.3189 0.01
r 109.4 0.01 2 3.4221 0.01
r 109.6 0.01 2 3.52706 0.01
r 109.8 0.01 2 3.63364 0.01
r 110 0.01 2 3.74202 0.01
r 110.2 0.01 2 3.85142 0.01
r 110.4 0.01 2 3.96173 0.01
r 110.6 0.01 2 4.07259 0.01
r 110.8 0.01 2 4.18418 0.01
r 111 0.01 2 4.29656 0.01
r 111.2 0.01 2 4.40907 0.01
r 111.4 0.01 2 4.52253 0.01
r 111.6 0.01 2 4.63659 0.01
r 111.8 0.01 2 4.75209 0.01
r 112 0.01 2 4.86582 0.01
r 112.2 0.01 2 4.98104 0.01
r 112.4 0.01 2 5.09602 0.01
r 112.6 0.01 2 5.21126 0.01
r 112.8 0.01 2 5.32683 0.01
r 113 0.01 2 5.44305 0.01
r 113.2 0.01 2 5.55907 0.01
r 113.4 0.01 2 5.67485 0.01
r 113.6 0.01 2 5.7913 0.01
r 113.8 0.01 2 5.90791 0.01
r 114 0.01 2 6.02517 0.01
r 114.2 0.01 2 6.14285 0.01
r 114.4 0.01 2 6.26122 0.01
r 114.6 0.01 2 6.37987 0.01
r 114.8 0.01 2 6.49929 0.01
r 115 0.01 2 6.61895 0.01
r 115.2 0.01 2 6.73913 0.01
r 115.4 0.01 2 6.85981 0.01
r 115.6 0.01 2 6.98145 0.01
r 115.8 0.01 2 7.10311 0.01
r 116 0.01 2 7.22507 0.01
r 116.2 0.01 2 7.34766 0.01
r 116.4 0.01 2 7.47109 0.01
r 116.6 0.01 2 7.5947 0.01
r 116.8 0.01 2 7.71919 0.01
r 117 0.01 2 7.84432 0.01
r 117.2 0.01 2 7.97004 0.01
r 117.4 0.01 2 8.09644 0.01
r 117.6 0.01 2 8.22331 0.01
r 117.8 0.01 2 8.3506 0.01
r 118 0.01 2 8.47857 0.01
r 118.2 0.01 2 8.6066 0.01
r 118.4 0.01 2 8.73553 0.01
r 118.6 0.01 2 8.86515 0.01
r 118.8 0.01 2 8.99326 0.01
r 119 0.01 2 9.12275 0.01
r 119.2 0.01 2 9.25205 0.01
r 119.4 0.01 2 9.38145 0.01
r 119.6 0.01 2 9.51089 0.01
r 119.8 0.01 2 9.6406 0.01
r 120 0.01 2 9.77033 0.01
r 120.2 0.01 2 9.90013 0.01
r 120.4 0.01 2 10.0304 0.01
r 120.6 0.01 2 10.1613 0.01
r 120.8 0.01 2 10.2926 0.01
r 121 0.01 2 10.4243 0.01
r 121.2 0.01 2 10.5566 0.01
r 121.4 0.01 2 10.6894 0.01
r 121.6 0.01 2 10.8227 0.01
r 121.8 0.01 2 10.9565 0.01
r 122 0.01 2 11.0908 0.01
r 122.2 0.01 2 11.2253 0.01
r 122.4 0.01 2 11.3599 0.01
r 122.6 0.01 2 11.4947 0.01
r 122.8 0.01 2 11.6296 0.01
r 123 0.01 2 11.7651 0.01
r 123.2 0.01 2 11.8999 0.01
r 123.4 0.01 2 12.0349 0.01
r 123.6 0.01 2 12.1743 0.01
r 123.8 0.01 2 12.3086 0.01
r 124 0.01 2 12.443 0.01
r 124.2 0.01 2 12.5773 0.01
r 124.4 0.01 2 12.7114 0.01
r 124.6 0.01 2 12.8454 0.01
r 124.8 0.01 2 12.9794 0.01
r 125 0.01 2 13.0993 0.01
r 65 0.01 3 26.6523 0.01
r 65.2 0.01 3 26.5218 0.01
r 65.4 0.01 3 26.3915 0.01
r 65.6 0.01 3 26.2592 0.01
r 65.8 0.01 3 26.1318 0.01
r 66 0.01 3 26.0025 0.01
r 66.2 0.01 3 25.8731 0.01
r 66.4 0.01 3 25.7434 0.01
r 66.6 0.01 3 25.6138 0.01
r 66.8 0.01 3 25.4841 0.01
r 67 0.01 3 25.3805 0.01
r 67.2 0.01 3 25.2502 0.01
r 67.4 0.01 3 25.1198 0.01
r 67.6 0.01 3 24.989 0.01
r 67.8 0.01 3 24.858 0.01
r 68 0.01 3 24.7268 0.01
r 68.2 0.01 3 24.5955 0.01
r 68.4 0.01 3 24.4644 0.01
r 68.6 0.01 3 24.3339 0.01
r 68.8 0.01 3 24.2035 0.01
r 69 0.01 3 24.081 0.01
r 69.2 0.01 3 23.9513 0.01
r 69.4 0.01 3 23.8222 0.01
r 69.6 0.01 3 23.6932 0.01
r 69.8 0.01 3 23.5656 0.01
r 70 0.01 3 23.4377 0.01
r 70.2 0.01 3 23.3122 0.01
r 70.4 0.01 3 23.1841 0.01
r 70.6 0.01 3 23.056 0.01
r 70.8 0.01 3 22.928 0.01
r 71 0.01 3 22.8136 0.01
r 71.2 0.01 3 22.6845 0.01
r 71.4 0.01 3 22.5553 0.01
r 71.6 0.01 3 22.4256 0.01
r 71.8 0.01 3 22.296 0.01
r 72 0.01 3 22.1656 0.01
r 72.2 0.01 3 22.0354 0.01
r 72.4 0.01 3 21.9054 0.01
r 72.6 0.01 3 21.7758 0.01
r 72.8 0.01 3 21.6462 0.01
r 73 0.01 3 21.5171 0.01
r 73.2 0.01 3 21.3883 0.01
r 73.4 0.01 3 21.2599 0.01
r 73.6 0.01 3 21.1315 0.01
r 73.8 0.01 3 21.0037 0.01
r 74 0.01 3 20.8762 0.01
r 74.2 0.01 3 20.749 0.01
r 74.4 0.01 3 20.622 0.01
r 74.6 0.01 3 20.4952 0.01
r 74.8 0.01 3 20.3688 0.01
r 75 0.01 3 20.2423 0.01
r 75.2 0.01 3 20.1164 0.01
r 75.4 0.01 3 19.9908 0.01
r 75.6 0.01 3 19.8655 0.01
r 75.8 0.01 3 19.7406 0.01
r 76 0.01 3 19.6161 0.01
r 76.2 0.01 3 19.4919 0.01
r 76.4 0.01 3 19.3676 0.01
r 76.6 0.01 3 19.2431 0.01
r 76.8 0.01 3 19.1188 0.01
r 77 0.01 3 19.1348 0.01
r 77.2 0.01 3 19.0018 0.01
r 77.4 0.01 3 18.8693 0.01
r 77.6 0.01 3 18.7321 0.01
r 77.8 0.01 3 18.6009 0.01
r 78 0.01 3 18.4649 0.01
r 78.2 0.01 3 18.3281 0.01
r 78.4 0.01 3 18.1938 0.01
r 78.6 0.01 3 18.0592 0.01
r 78.8 0.01 3 17.9249 0.01
r 79 0.01 3 17.8249 0.01
r 79.2 0.01 3 17.6919 0.01
r 79.4 0.01 3 17.5593 0.01
r 79.6 0.01 3 17.4273 0.01
r 79.8 0.01 3 17.296 0.01
r 80 0.01 3 17.1653 0.01
r 80.2 0.01 3 17.0349 0.01
r 80.4 0.01 3 16.9049 0.01
r 80.6 0.01 3 16.7754 0.01
r 80.8 0.01 3 16.6464 0.01
r 81 0.01 3 16.5177 0.01
r 81.2 0.01 3 16.3898 0.01
r 81.4 0.01 3 16.2624 0.01
r 81.6 0.01 3 16.1356 0.01
r 81.8 0.01 3 16.0095 0.01
r 82 0.01 3 15.8824 0.01
r 82.2 0.01 3 15.7579 0.01
r 82.4 0.01 3 15.6326 0.01
r 82.6 0.01 3 15.5088 0.01
r 82.8 0.01 3 15.3848 0.01
r 83 0.01 3 15.2625 0.01
r 83.2 0.01 3 15.1398 0.01
r 83.4 0.01 3 15.0172 0.01
r 83.6 0.01 3 14.8951 0.01
r 83.8 0.01 3 14.7735 0.01
r 84 0.01 3 14.6517 0.01
r 84.2 0.01 3 14.5304 0.01
r 84.4 0.01 3 14.4096 0.01
r 84.6 0.01 3 14.2894 0.01
r 84.8 0.01 3 14.1696 0.01
r 85 0.01 3 14.0524 0.01
r 85.2 0.01 3 13.9326 0.01
r 85.4 0.01 3 13.8132 0.01
r 85.6 0.01 3 13.6941 0.01
r 85.8 0.01 3 13.5746 0.01
r 86 0.01 3 13.4563 0.01
r 86.2 0.01 3 13.3394 0.01
r 86.4 0.01 3 13.2234 0.01
r 86.6 0.01 3 13.107 0.01
r 86.8 0.01 3 12.9909 0.01
r 87 0.01 3 12.8885 0.01
r 87.2 0.01 3 12.83 0.01
r 87.4 0.01 3 12.71 0.01
r 87.6 0.01 3 12.5901 0.01
r 87.8 0.01 3 12.4711 0.01
r 88 0.01 3 12.352 0.01
r 88.2 0.01 3 12.2329 0.01
r 88.4 0.01 3 12.1141 0.01
r 88.6 0.01 3 11.9958 0.01
r 88.8 0.01 3 11.8785 0.01
r 89 0.01 3 11.7639 0.01
r 89.2 0.01 3 11.6491 0.01
r 89.4 0.01 3 11.5353 0.01
r 89.6 0.01 3 11.4224 0.01
r 89.8 0.01 3 11.3104 0.01
r 90 0.01 3 11.1986 0.01
r 90.2 0.01 3 11.089 0.01
r 90.4 0.01 3 10.9827 0.01
r 90.6 0.01 3 10.8749 0.01
r 90.8 0.01 3 10.7676 0.01
r 91 0.01 3 10.662 0.01
r 91.2 0.01 3 10.556 0.01
r 91.4 0.01 3 10.4509 0.01
r 91.6 0.01 3 10.3469 0.01
r 91.8 0.01 3 10.244 0.01
r 92 0.01 3 10.1422 0.01
r 92.2 0.01 3 10.0398 0.01
r 92.4 0.01 3 9.93661 0.01
r 92.6 0.01 3 9.83313 0.01
r 92.8 0.01 3 9.73114 0.01
r 93 0.01 3 9.66455 0.01
r 93.2 0.01 3 9.55207 0.01
r 93.4 0.01 3 9.44542 0.01
r 93.6 0.01 3 9.33868 0.01
r 93.8 0.01 3 9.22163 0.01
r 94 0.01 3 9.12371 0.01
r 94.2 0.01 3 9.03477 0.01
r 94.4 0.01 3 8.93652 0.01
r 94.6 0.01 3 8.85858 0.01
r 94.8 0.01 3 8.72717 0.01
r 95 0.01 3 8.62378 0.01
r 95.2 0.01 3 8.54717 0.01
r 95.4 0.01 3 8.44607 0.01
r 95.6 0.01 3 8.34625 0.01
r 95.8 0.01 3 8.24624 0.01
r 96 0.01 3 8.15306 0.01
r 96.2 0.01 3 8.06271 0.01
r 96.4 0.01 3 7.97212 0.01
r 96.6 0.01 3 7.88296 0.01
r 96.8 0.01 3 7.79733 0.01
r 97 0.01 3 7.7093 0.01
r 97.2 0.01 3 7.62517 0.01
r 97.4 0.01 3 7.54336 0.01
r 97.6 0.01 3 7.46427 0.01
r 97.8 0.01 3 7.38708 0.01
r 98 0.01 3 7.31186 0.01
r 98.2 0.01 3 7.22654 0.01
r 98.4 0.01 3 7.15093 0.01
r 98.6 0.01 3 7.07969 0.01
r 98.8 0.01 3 7.00954 0.01
r 99 0.01 3 6.92864 0.01
r 99.2 0.01 3 6.84975 0.01
r 99.4 0.01 3 6.79343 0.01
r 99.6 0.01 3 6.71 0.01
r 99.8 0.01 3 6.64626 0.01
r 100 0.01 3 6.59499 0.01
r 100.2 0.01 3 6.55682 0.01
r 100.4 0.01 3 6.49274 0.01
r 100.6 0.01 3 6.44126 0.01
r 100.8 0.01 3 6.35508 0.01
r 101 0.01 3 6.30058 0.01
r 101.2 0.01 3 6.25285 0.01
r 101.4 0.01 3 6.2052 0.01
r 101.6 0.01 3 6.16153 0.01
r 101.8 0.01 3 6.12042 0.01
r 102 0.01 3 6.08155 0.01
r 102.2 0.01 3 6.04484 0.01
r 102.4 0.01 3 6.01062 0.01
r 102.6 0.01 3 5.97906 0.01
r 102.8 0.01 3 5.94993 0.01
r 103 0.01 3 5.92332 0.01
r 103.2 0.01 3 5.8994 0.01
r 103.4 0.01 3 5.87812 0.01
r 103.6 0.01 3 5.85788 0.01
r 103.8 0.01 3 5.84003 0.01
r 104 0.01 3 5.82463 0.01
r 104.2 0.01 3 5.81173 0.01
r 104.4 0.01 3 5.80153 0.01
r 104.6 0.01 3 5.79427 0.01
r 104.8 0.01 3 5.79 0.01
r 105 0.01 3 5.78964 0.01
r 105.2 0.01 3 5.79127 0.01
r 105.4 0.01 3 5.79527 0.01
r 105.6 0.01 3 5.80126 0.01
r 105.8 0.01 3 5.81104 0.01
r 106 0.01 3 5.82401 0.01
r 106.2 0.01 3 5.83933 0.01
r 106.4 0.01 3 5.85763 0.01
r 106.6 0.01 3 5.88033 0.01
r 106.8 0.01 3 5.89789 0.01
r 107 0.01 3 5.92269 0.01
r 107.2 0.01 3 5.94901 0.01
r 107.4 0.01 3 5.97703 0.01
r 107.6 0.01 3 6.00871 0.01
r 107.8 0.01 3 6.04187 0.01
r 108 0.01 3 6.0778 0.01
r 108.2 0.01 3 6.11713 0.01
r 108.4 0.01 3 6.16037 0.01
r 108.6 0.01 3 6.2031 0.01
r 108.8 0.01 3 6.24539 0.01
r 109 0.01 3 6.48845 0.01
r 109.2 0.01 3 6.34559 0.01
r 109.4 0.01 3 6.39709 0.01
r 109.6 0.01 3 6.45231 0.01
r 109.8 0.01 3 6.51037 0.01
r 110 0.01 3 6.5706 0.01
r 110.2 0.01 3 6.63314 0.01
r 110.4 0.01 3 6.69926 0.01
r 110.6 0.01 3 6.76692 0.01
r 110.8 0.01 3 6.83807 0.01
r 111 0.01 3 6.9061 0.01
r 111.2 0.01 3 6.97794 0.01
r 111.4 0.01 3 7.31514 0.01
r 111.6 0.01 3 7.35383 0.01
r 111.8 0.01 3 7.20975 0.01
r 112 0.01 3 7.48237 0.01
r 112.2 0.01 3 7.54088 0.01
r 112.4 0.01 3 7.60248 0.01
r 112.6 0.01 3 7.59531 0.01
r 112.8 0.01 3 7.68716 0.01
r 113 0.01 3 7.81246 0.01
r 113.2 0.01 3 7.90399 0.01
r 113.4 0.01 3 7.98151 0.01
r 113.6 0.01 3 8.04394 0.01
r 113.8 0.01 3 8.12461 0.01
r 114 0.01 3 8.20824 0.01
r 114.2 0.01 3 8.28889 0.01
r 114.4 0.01 3 8.37918 0.01
r 114.6 0.01 3 8.4668 0.01
r 114.8 0.01 3 8.55829 0.01
r 115 0.01 3 8.66332 0.01
r 115.2 0.01 3 8.75434 0.01
r 115.4 0.01 3 8.85047 0.01
r 115.6 0.01 3 8.9448 0.01
r 115.8 0.01 3 9.04986 0.01
r 116 0.01 3 9.14652 0.01
r 116.2 0.01 3 9.25098 0.01
r 116.4 0.01 3 9.35979 0.01
r 116.6 0.01 3 9.46716 0.01
r 116.8 0.01 3 9.57548 0.01
r 117 0.01 3 9.68783 0.01
r 117.2 0.01 3 9.79749 0.01
r 117.4 0.01 3 9.92595 0.01
r 117.6 0.01 3 10.035 0.01
r 117.8 0.01 3 10.1531 0.01
r 118 0.01 3 10.261 0.01
r 118.2 0.01 3 10.3747 0.01
r 118.4 0.01 3 10.5043 0.01
r 118.6 0.01 3 10.6435 0.01
r 118.8 0.01 3 10.7592 0.01
r 119 0.01 3 10.8254 0.01
r 119.2 0.01 3 10.9385 0.01
r 119.4 0.01 3 11.0536 0.01
r 119.6 0.01 3 11.1895 0.01
r 119.8 0.01 3 11.2985 0.01
r 120 0.01 3 11.4091 0.01
r 120.2 0.01 3 11.5212 0.01
r 120.4 0.01 3 11.634 0.01
r 120.6 0.01 3 11.7509 0.01
r 120.8 0.01 3 11.8706 0.01
r 121 0.01 3 11.9893 0.01
r 121.2 0.01 3 12.1076 0.01
r 121.4 0.01 3 12.2266 0.01
r 121.6 0.01 3 12.3462 0.01
r 121.8 0.01 3 12.4665 0.01
r 122 0.01 3 12.5877 0.01
r 122.2 0.01 3 12.7091 0.01
r 122.4 0.01 3 12.8308 0.01
r 122.6 0.01 3 12.9526 0.01
r 122.8 0.01 3 13.0745 0.01
r 123 0.01 3 13.196 0.01
r 123.2 0.01 3 13.3186 0.01
r 123.4 0.01 3 13.4415 0.01
r 123.6 0.01 3 13.561 0.01
r 123.8 0.01 3 13.6843 0.01
r 124 0.01 3 13.8079 0.01
r 124.2 0.01 3 13.9317 0.01
r 124.4 0.01 3 14.0551 0.01
r 124.6 0.01 3 14.1787 0.01
r 124.8 0.01 3 14.3025 0.01
r 125 0.01 3 14.4244 0.01
r 125.2 0.01 3 14.5483 0.01
r 125.4 0.01 3 14.6722 0.01
r 125.6 0.01 3 14.7968 0.01
r 125.8 0.01 3 14.9212 0.01
r 126 0.01 3 15.0455 0.01
r 126.2 0.01 3 15.17 0.01
r 126.4 0.01 3 15.2951 0.01
r 126.6 0.01 3 15.4202 0.01
r 126.8 0.01 3 15.546 0.01
r 127 0.01 3 15.6245 0.01
r 127.2 0.01 3 15.7496 0.01
r 127.4 0.01 3 15.8738 0.01
r 127.6 0.01 3 15.9987 0.01
r 127.8 0.01 3 16.1244 0.01
r 128 0.01 3 16.2504 0.01
r 128.2 0.01 3 16.3773 0.01
r 128.4 0.01 3 16.5044 0.01
r 128.6 0.01 3 16.6315 0.01
r 128.8 0.01 3 16.7587 0.01
r 129 0.01 3 16.8858 0.01
r 129.2 0.01 3 17.0134 0.01
r 129.4 0.01 3 17.141 0.01
r 129.6 0.01 3 17.2688 0.01
r 129.8 0.01 3 17.3966 0.01
r 130 0.01 3 17.5247 0.01
r 130.2 0.01 3 17.6527 0.01
r 130.4 0.01 3 17.7798 0.01
r 130.6 0.01 3 17.9078 0.01
r 130.8 0.01 3 18.0349 0.01
r 131 0.01 3 18.1614 0.01
r 131.2 0.01 3 18.2887 0.01
r 131.4 0.01 3 18.416 0.01
r 131.6 0.01 3 18.5437 0.01
r 131.8 0.01 3 18.6708 0.01
r 132 0.01 3 18.7981 0.01
r 132.2 0.01 3 18.9263 0.01
r 132.4 0.01 3 19.0542 0.01
r 132.6 0.01 3 19.1824 0.01
r 132.8 0.01 3 19.3106 0.01
r 133 0.01 3 19.4124 0.01
r 133.2 0.01 3 19.5408 0.01
r 133.4 0.01 3 19.6698 0.01
r 133.6 0.01 3 19.7986 0.01
r 133.8 0.01 3 19.9271 0.01
r 134 0.01 3 20.0561 0.01
r 134.2 0.01 3 20.1854 0.01
r 134.4 0.01 3 20.3148 0.01
r 134.6 0.01 3 20.4445 0.01
r 134.8 0.01 3 20.5745 0.01
r 135 0.01 3 20.6302 0.01
r 135.2 0.01 3 20.7601 0.01
r 135.4 0.01 3 20.8903 0.01
r 135.6 0.01 3 21.021 0.01
r 135.8 0.01 3 21.1521 0.01
r 136 0.01 3 21.2835 0.01
r 136.2 0.01 3 21.4153 0.01
r 136.4 0.01 3 21.5474 0.01
r 136.6 0.01 3 21.6801 0.01
r 136.8 0.01 3 21.8129 0.01
r 137 0.01 3 21.8288 0.01
r 137.2 0.01 3 21.9593 0.01
r 137.4 0.01 3 22.0911 0.01
r 137.6 0.01 3 22.2253 0.01
r 137.8 0.01 3 22.3534 0.01
r 138 0.01 3 22.4848 0.01
r 138.2 0.01 3 22.6154 0.01
r 138.4 0.01 3 22.7456 0.01
r 138.6 0.01 3 22.8754 0.01
r 138.8 0.01 3 23.0045 0.01
r 139 0.01 3 23.1077 0.01
r 139.2 0.01 3 23.2366 0.01
r 139.4 0.01 3 23.3654 0.01
r 139.6 0.01 3 23.4941 0.01
r 139.8 0.01 3 23.6228 0.01
r 140 0.01 3 23.7517 0.01
r 140.2 0.01 3 23.8804 0.01
r 140.4 0.01 3 24.0095 0.01
r 140.6 0.01 3 24.139 0.01
r 140.8 0.01 3 24.2688 0.01
r 141 0.01 3 24.3907 0.01
r 141.2 0.01 3 24.5137 0.01
r 141.4 0.01 3 24.6374 0.01
r 141.6 0.01 3 24.762 0.01
r 141.8 0.01 3 24.8866 0.01
r 142 0.01 3 25.0121 0.01
r 142.2 0.01 3 25.1386 0.01
r 142.4 0.01 3 25.2651 0.01
r 142.6 0.01 3 25.3922 0.01
r 142.8 0.01 3 25.5198 0.01
r 143 0.01 3 25.654 0.01
r 143.2 0.01 3 25.7814 0.01
r 143.4 0.01 3 25.9089 0.01
r 143.6 0.01 3 26.0376 0.01
r 143.8 0.01 3 26.1661 0.01
r 144 0.01 3 26.2948 0.01
r 144.2 0.01 3 26.4237 0.01
r 144.4 0.01 3 26.5525 0.01
r 144.6 0.01 3 26.6811 0.01
r 144.8 0.01 3 26.8095 0.01
r 145 0.01 3 26.938 0.01
s 115 3 602
r 95 0.01 2 12.825 0.01
r 95.2 0.01 2 12.7009 0.01
r 95.4 0.01 2 12.574 0.01
r 95.6 0.01 2 12.4552 0.01
r 95.8 0.01 2 12.325 0.01
r 96 0.01 2 12.1951 0.01
r 96.2 0.01 2 12.0655 0.01
r 96.4 0.01 2 11.9363 0.01
r 96.6 0.01 2 11.8074 0.01
r 96.8 0.01 2 11.6789 0.01
r 97 0.01 2 11.5507 0.01
r 97.2 0.01 2 11.4229 0.01
r 97.4 0.01 2 11.2956 0.01
r 97.6 0.01 2 11.1687 0.01
r 97.8 0.01 2 11.0422 0.01
r 98 0.01 2 10.9162 0.01
r 98.2 0.01 2 10.7906 0.01
r 98.4 0.01 2 10.6653 0.01
r 98.6 0.01 2 10.5404 0.01
r 98.8 0.01 2 10.4157 0.01
r 99 0.01 2 10.2914 0.01
r 99.2 0.01 2 10.1671 0.01
r 99.4 0.01 2 10.0432 0.01
r 99.6 0.01 2 9.91916 0.01
r 99.8 0.01 2 9.79543 0.01
r 100 0.01 2 9.67172 0.01
r 100.2 0.01 2 9.54816 0.01
r 100.4 0.01 2 9.42466 0.01
r 100.6 0.01 2 9.30125 0.01
r 100.8 0.01 2 9.17803 0.01
r 101 0.01 2 9.05499 0.01
r 101.2 0.01 2 8.93224 0.01
r 101.4 0.01 2 8.80972 0.01
r 101.6 0.01 2 8.68757 0.01
r 101.8 0.01 2 8.56555 0.01
r 102 0.01 2 8.44392 0.01
r 102.2 0.01 2 8.32229 0.01
r 102.4 0.01 2 8.20146 0.01
r 102.6 0.01 2 8.08003 0.01
r 102.8 0.01 2 7.95915 0.01
r 103 0.01 2 7.83877 0.01
r 103.2 0.01 2 7.71833 0.01
r 103.4 0.01 2 7.59815 0.01
r 103.6 0.01 2 7.4781 0.01
r 103.8 0.01 2 7.35849 0.01
r 104 0.01 2 7.2391 0.01
r 104.2 0.01 2 7.1201 0.01
r 104.4 0.01 2 7.00178 0.01
r 104.6 0.01 2 6.88268 0.01
r 104.8 0.01 2 6.7647 0.01
r 105 0.01 2 6.64607 0.01
r 105.2 0.01 2 6.52753 0.01
r 105.4 0.01 2 6.40965 0.01
r 105.6 0.01 2 6.29155 0.01
r 105.8 0.01 2 6.17297 0.01
r 106 0.01 2 6.05451 0.01
r 106.2 0.01 2 5.9363 0.01
r 106.4 0.01 2 5.81849 0.01
r 106.6 0.01 2 5.70032 0.01
r 106.8 0.01 2 5.58265 0.01
r 107 0.01 2 5.46507 0.01
r 107.2 0.01 2 5.34683 0.01
r 107.4 0.01 2 5.22951 0.01
r 107.6 0.01 2 5.11261 0.01
r 107.8 0.01 2 4.99624 0.01
r 108 0.01 2 4.88039 0.01
r 108.2 0.01 2 4.76498 0.01
r 108.4 0.01 2 4.65043 0.01
r 108.6 0.01 2 4.53533 0.01
r 108.8 0.01 2 4.42169 0.01
r 109 0.01 2 4.3085 0.01
r 109.2 0.01 2 4.19627 0.01
r 109.4 0.01 2 4.08504 0.01
r 109.6 0.01 2 3.97471 0.01
r 109.8 0.01 2 3.8649 0.01
r 110 0.01 2 3.75639 0.01
r 110.2 0.01 2 3.64946 0.01
r 110.4 0.01 2 3.54459 0.01
r 110.6 0.01 2 3.43895 0.01
r 110.8 0.01 2 3.33556 0.01
r 111 0.01 2 3.23361 0.01
r 111.2 0.01 2 3.13364 0.01
r 111.4 0.01 2 3.03559 0.01
r 111.6 0.01 2 2.93964 0.01
r 111.8 0.01 2 2.84607 0.01
r 112 0.01 2 2.75506 0.01
r 112.2 0.01 2 2.66615 0.01
r 112.4 0.01 2 2.58089 0.01
r 112.6 0.01 2 2.50017 0.01
r 112.8 0.01 2 2.42301 0.01
r 113 0.01 2 2.34817 0.01
r 113.2 0.01 2 2.27969 0.01
r 113.4 0.01 2 2.21674 0.01
r 113.6 0.01 2 2.15984 0.01
r 113.8 0.01 2 2.10924 0.01
r 114 0.01 2 2.06561 0.01
r 114.2 0.01 2 2.02935 0.01
r 114.4 0.01 2 2.00123 0.01
r 114.6 0.01 2 1.98213 0.01
r 114.8 0.01 2 1.9708 0.01
r 115 0.01 2 1.96878 0.01
r 115.2 0.01 2 1.97285 0.01
r 115.4 0.01 2 1.98791 0.01
r 115.6 0.01 2 2.00984 0.01
r 115.8 0.01 2 2.04122 0.01
r 116 0.01 2 2.08075 0.01
r 116.2 0.01 2 2.12791 0.01
r 116.4 0.01 2 2.18257 0.01
r 116.6 0.01 2 2.2439 0.01
r 116.8 0.01 2 2.31162 0.01
r 117 0.01 2 2.38558 0.01
r 117.2 0.01 2 2.4635 0.01
r 117.4 0.01 2 2.54618 0.01
r 117.6 0.01 2 2.63302 0.01
r 117.8 0.01 2 2.72454 0.01
r 118 0.01 2 2.81965 0.01
r 118.2 0.01 2 2.91691 0.01
r 118.4 0.01 2 3.01667 0.01
r 118.6 0.01 2 3.11949 0.01
r 118.8 0.01 2 3.22511 0.01
r 119 0.01 2 3.33422 0.01
r 119.2 0.01 2 3.44316 0.01
r 119.4 0.01 2 3.55488 0.01
r 119.6 0.01 2 3.66432 0.01
r 119.8 0.01 2 3.77695 0.01
r 120 0.01 2 3.8909 0.01
r 120.2 0.01 2 4.00625 0.01
r 120.4 0.01 2 4.12346 0.01
r 120.6 0.01 2 4.24159 0.01
r 120.8 0.01 2 4.36115 0.01
r 121 0.01 2 4.48158 0.01
r 121.2 0.01 2 4.60285 0.01
r 121.4 0.01 2 4.72513 0.01
r 121.6 0.01 2 4.84829 0.01
r 121.8 0.01 2 4.97219 0.01
r 122 0.01 2 5.09649 0.01
r 122.2 0.01 2 5.22145 0.01
r 122.4 0.01 2 5.34674 0.01
r 122.6 0.01 2 5.47203 0.01
r 122.8 0.01 2 5.59985 0.01
r 123 0.01 2 5.72341 0.01
r 123.2 0.01 2 5.84921 0.01
r 123.4 0.01 2 5.97498 0.01
r 123.6 0.01 2 6.10198 0.01
r 123.8 0.01 2 6.22742 0.01
r 124 0.01 2 6.35322 0.01
r 124.2 0.01 2 6.47878 0.01
r 124.4 0.01 2 6.60444 0.01
r 124.6 0.01 2 6.72975 0.01
r 124.8 0.01 2 6.855 0.01
r 125 0.01 2 6.9805 0.01
r 125.2 0.01 2 7.10551 0.01
r 125.4 0.01 2 7.23047 0.01
r 125.6 0.01 2 7.35523 0.01
r 125.8 0.01 2 7.47995 0.01
r 126 0.01 2 7.60468 0.01
r 126.2 0.01 2 7.72972 0.01
r 126.4 0.01 2 7.85516 0.01
r 126.6 0.01 2 7.98088 0.01
r 126.8 0.01 2 8.10701 0.01
r 127 0.01 2 8.23348 0.01
r 127.2 0.01 2 8.36139 0.01
r 127.4 0.01 2 8.48776 0.01
r 127.6 0.01 2 8.61463 0.01
r 127.8 0.01 2 8.74217 0.01
r 128 0.01 2 8.87016 0.01
r 128.2 0.01 2 8.99855 0.01
r 128.4 0.01 2 9.1268 0.01
r 128.6 0.01 2 9.25522 0.01
r 128.8 0.01 2 9.38377 0.01
r 129 0.01 2 9.51224 0.01
r 129.2 0.01 2 9.64093 0.01
r 129.4 0.01 2 9.76849 0.01
r 129.6 0.01 2 9.89705 0.01
r 129.8 0.01 2 10.0256 0.01
r 130 0.01 2 10.1541 0.01
r 130.2 0.01 2 10.2825 0.01
r 130.4 0.01 2 10.4109 0.01
r 130.6 0.01 2 10.539 0.01
r 130.8 0.01 2 10.6669 0.01
r 131 0.01 2 10.7947 0.01
r 131.2 0.01 2 10.9225 0.01
r 131.4 0.01 2 11.0502 0.01
r 131.6 0.01 2 11.1779 0.01
r 131.8 0.01 2 11.3056 0.01
r 132 0.01 2 11.4334 0.01
r 132.2 0.01 2 11.5612 0.01
r 132.4 0.01 2 11.6894 0.01
r 132.6 0.01 2 11.8178 0.01
r 132.8 0.01 2 11.9465 0.01
r 133 0.01 2 12.0755 0.01
r 133.2 0.01 2 12.2046 0.01
r 133.4 0.01 2 12.3338 0.01
r 133.6 0.01 2 12.4628 0.01
r 133.8 0.01 2 12.5921 0.01
r 134 0.01 2 12.7215 0.01
r 134.2 0.01 2 12.8511 0.01
r 134.4 0.01 2 12.9808 0.01
r 134.6 0.01 2 13.1106 0.01
r 134.8 0.01 2 13.2396 0.01
r 135 0.01 2 13.3694 0.01
r 75 0.01 3 26.374 0.01
r 75.2 0.01 3 26.244 0.01
r 75.4 0.01 3 26.1141 0.01
r 75.6 0.01 3 25.9845 0.01
r 75.8 0.01 3 25.855 0.01
r 76 0.01 3 25.7257 0.01
r 76.2 0.01 3 25.5963 0.01
r 76.4 0.01 3 25.4665 0.01
r 76.6 0.01 3 25.3364 0.01
r 76.8 0.01 3 25.2059 0.01
r 77 0.01 3 25.1022 0.01
r 77.2 0.01 3 24.9657 0.01
r 77.4 0.01 3 24.8323 0.01
r 77.6 0.01 3 24.698 0.01
r 77.8 0.01 3 24.5667 0.01
r 78 0.01 3 24.4282 0.01
r 78.2 0.01 3 24.2963 0.01
r 78.4 0.01 3 24.1584 0.01
r 78.6 0.01 3 24.0237 0.01
r 78.8 0.01 3 23.8919 0.01
r 79 0.01 3 23.721 0.01
r 79.2 0.01 3 23.5879 0.01
r 79.4 0.01 3 23.4553 0.01
r 79.6 0.01 3 23.3233 0.01
r 79.8 0.01 3 23.192 0.01
r 80 0.01 3 23.0616 0.01
r 80.2 0.01 3 22.9309 0.01
r 80.4 0.01 3 22.801 0.01
r 80.6 0.01 3 22.6714 0.01
r 80.8 0.01 3 22.5424 0.01
r 81 0.01 3 22.4175 0.01
r 81.2 0.01 3 22.2894 0.01
r 81.4 0.01 3 22.1619 0.01
r 81.6 0.01 3 22.035 0.01
r 81.8 0.01 3 21.9087 0.01
r 82 0.01 3 21.7829 0.01
r 82.2 0.01 3 21.6578 0.01
r 82.4 0.01 3 21.533 0.01
r 82.6 0.01 3 21.4089 0.01
r 82.8 0.01 3 21.2851 0.01
r 83 0.01 3 21.1619 0.01
r 83.2 0.01 3 21.0392 0.01
r 83.4 0.01 3 20.9167 0.01
r 83.6 0.01 3 20.7947 0.01
r 83.8 0.01 3 20.673 0.01
r 84 0.01 3 20.5514 0.01
r 84.2 0.01 3 20.4303 0.01
r 84.4 0.01 3 20.3097 0.01
r 84.6 0.01 3 20.1892 0.01
r 84.8 0.01 3 20.0691 0.01
r 85 0.01 3 19.949 0.01
r 85.2 0.01 3 19.8289 0.01
r 85.4 0.01 3 19.7089 0.01
r 85.6 0.01 3 19.5891 0.01
r 85.8 0.01 3 19.469 0.01
r 86 0.01 3 19.3494 0.01
r 86.2 0.01 3 19.2297 0.01
r 86.4 0.01 3 19.1099 0.01
r 86.6 0.01 3 18.9897 0.01
r 86.8 0.01 3 18.8697 0.01
r 87 0.01 3 18.7493 0.01
r 87.2 0.01 3 18.6291 0.01
r 87.4 0.01 3 18.509 0.01
r 87.6 0.01 3 18.3889 0.01
r 87.8 0.01 3 18.2689 0.01
r 88 0.01 3 18.1485 0.01
r 88.2 0.01 3 18.0286 0.01
r 88.4 0.01 3 17.909 0.01
r 88.6 0.01 3 17.7904 0.01
r 88.8 0.01 3 17.6721 0.01
r 89 0.01 3 17.5658 0.01
r 89.2 0.01 3 17.4428 0.01
r 89.4 0.01 3 17.3208 0.01
r 89.6 0.01 3 17.1992 0.01
r 89.8 0.01 3 17.0782 0.01
r 90 0.01 3 16.958 0.01
r 90.2 0.01 3 16.8383 0.01
r 90.4 0.01 3 16.7189 0.01
r 90.6 0.01 3 16.5996 0.01
r 90.8 0.01 3 16.4808 0.01
r 91 0.01 3 16.363 0.01
r 91.2 0.01 3 16.2447 0.01
r 91.4 0.01 3 16.1268 0.01
r 91.6 0.01 3 16.0095 0.01
r 91.8 0.01 3 15.8923 0.01
r 92 0.01 3 15.7747 0.01
r 92.2 0.01 3 15.6579 0.01
r 92.4 0.01 3 15.5412 0.01
r 92.6 0.01 3 15.4247 0.01
r 92.8 0.01 3 15.3079 0.01
r 93 0.01 3 15.2769 0.01
r 93.2 0.01 3 15.1573 0.01
r 93.4 0.01 3 15.0369 0.01
r 93.6 0.01 3 14.9177 0.01
r 93.8 0.01 3 14.7975 0.01
r 94 0.01 3 14.6782 0.01
r 94.2 0.01 3 14.5583 0.01
r 94.4 0.01 3 14.4388 0.01
r 94.6 0.01 3 14.3195 0.01
r 94.8 0.01 3 14.2006 0.01
r 95 0.01 3 14.0826 0.01
r 95.2 0.01 3 13.964 0.01
r 95.4 0.01 3 13.8458 0.01
r 95.6 0.01 3 13.7272 0.01
r 95.8 0.01 3 13.6084 0.01
r 96 0.01 3 13.4905 0.01
r 96.2 0.01 3 13.372 0.01
r 96.4 0.01 3 13.2538 0.01
r 96.6 0.01 3 13.1369 0.01
r 96.8 0.01 3 13.0213 0.01
r 97 0.01 3 12.9052 0.01
r 97.2 0.01 3 12.7907 0.01
r 97.4 0.01 3 12.6765 0.01
r 97.6 0.01 3 12.5627 0.01
r 97.8 0.01 3 12.4493 0.01
r 98 0.01 3 12.3366 0.01
r 98.2 0.01 3 12.2243 0.01
r 98.4 0.01 3 12.1147 0.01
r 98.6 0.01 3 12.0035 0.01
r 98.8 0.01 3 11.8886 0.01
r 99 0.01 3 11.7793 0.01
r 99.2 0.01 3 11.6701 0.01
r 99.4 0.01 3 11.5619 0.01
r 99.6 0.01 3 11.4548 0.01
r 99.8 0.01 3 11.3474 0.01
r 100 0.01 3 11.2402 0.01
r 100.2 0.01 3 11.1349 0.01
r 100.4 0.01 3 11.0304 0.01
r 100.6 0.01 3 10.927 0.01
r 100.8 0.01 3 10.8256 0.01
r 101 0.01 3 10.7125 0.01
r 101.2 0.01 3 10.607 0.01
r 101.4 0.01 3 10.5015 0.01
r 101.6 0.01 3 10.3963 0.01
r 101.8 0.01 3 10.2916 0.01
r 102 0.01 3 10.1842 0.01
r 102.2 0.01 3 10.0818 0.01
r 102.4 0.01 3 9.97811 0.01
r 102.6 0.01 3 9.87257 0.01
r 102.8 0.01 3 9.77139 0.01
r 103 0.01 3 9.64251 0.01
r 103.2 0.01 3 9.53619 0.01
r 103.4 0.01 3 9.44427 0.01
r 103.6 0.01 3 9.34979 0.01
r 103.8 0.01 3 9.24201 0.01
r 104 0.01 3 9.14447 0.01
r 104.2 0.01 3 9.04991 0.01
r 104.4 0.01 3 8.95451 0.01
r 104.6 0.01 3 8.85916 0.01
r 104.8 0.01 3 8.76149 0.01
r 105 0.01 3 8.61446 0.01
r 105.2 0.01 3 8.51832 0.01
r 105.4 0.01 3 8.42402 0.01
r 105.6 0.01 3 8.33253 0.01
r 105.8 0.01 3 8.24139 0.01
r 106 0.01 3 8.15085 0.01
r 106.2 0.01 3 8.06455 0.01
r 106.4 0.01 3 7.98186 0.01
r 106.6 0.01 3 7.89332 0.01
r 106.8 0.01 3 7.8123 0.01
r 107 0.01 3 7.72254 0.01
r 107.2 0.01 3 7.64496 0.01
r 107.4 0.01 3 7.55804 0.01
r 107.6 0.01 3 7.47917 0.01
r 107.8 0.01 3 7.40352 0.01
r 108 0.01 3 7.34014 0.01
r 108.2 0.01 3 7.27594 0.01
r 108.4 0.01 3 7.20442 0.01
r 108.6 0.01 3 7.14808 0.01
r 108.8 0.01 3 7.02126 0.01
r 109 0.01 3 6.96756 0.01
r 109.2 0.01 3 6.93136 0.01
r 109.4 0.01 3 6.90674 0.01
r 109.6 0.01 3 6.75919 0.01
r 109.8 0.01 3 6.6902 0.01
r 110 0.01 3 6.63104 0.01
r 110.2 0.01 3 6.57801 0.01
r 110.4 0.01 3 6.52447 0.01
r 110.6 0.01 3 6.4658 0.01
r 110.8 0.01 3 6.41014 0.01
r 111 0.01 3 6.36048 0.01
r 111.2 0.01 3 6.31228 0.01
r 111.4 0.01 3 6.26689 0.01
r 111.6 0.01 3 6.22619 0.01
r 111.8 0.01 3 6.18498 0.01
r 112 0.01 3 6.14741 0.01
r 112.2 0.01 3 6.11304 0.01
r 112.4 0.01 3 6.12747 0.01
r 112.6 0.01 3 6.0506 0.01
r 112.8 0.01 3 6.02373 0.01
r 113 0.01 3 5.99845 0.01
r 113.2 0.01 3 5.97558 0.01
r 113.4 0.01 3 5.95829 0.01
r 113.6 0.01 3 5.93985 0.01
r 113.8 0.01 3 5.92651 0.01
r 114 0.01 3 5.91639 0.01
r 114.2 0.01 3 5.90928 0.01
r 114.4 0.01 3 5.905 0.01
r 114.6 0.01 3 5.90371 0.01
r 114.8 0.01 3 5.90636 0.01
r 115 0.01 3 5.91043 0.01
r 115.2 0.01 3 5.91812 0.01
r 115.4 0.01 3 5.92905 0.01
r 115.6 0.01 3 5.94091 0.01
r 115.8 0.01 3 5.95716 0.01
r 116 0.01 3 5.97642 0.01
r 116.2 0.01 3 5.99896 0.01
r 116.4 0.01 3 6.02415 0.01
r 116.6 0.01 3 6.05971 0.01
r 116.8 0.01 3 6.0829 0.01
r 117 0.01 3 6.11207 0.01
r 117.2 0.01 3 6.14574 0.01
r 117.4 0.01 3 6.18208 0.01
r 117.6 0.01 3 6.22064 0.01
r 117.8 0.01 3 6.2654 0.01
r 118 0.01 3 6.30823 0.01
r 118.2 0.01 3 6.35451 0.01
r 118.4 0.01 3 6.4025 0.01
r 118.6 0.01 3 6.4552 0.01
r 118.8 0.01 3 6.50593 0.01
r 119 0.01 3 6.5592 0.01
r 119.2 0.01 3 6.61659 0.01
r 119.4 0.01 3 6.67842 0.01
r 119.6 0.01 3 6.73579 0.01
r 119.8 0.01 3 6.80287 0.01
r 120 0.01 3 6.86689 0.01
r 120.2 0.01 3 6.93719 0.01
r 120.4 0.01 3 7.01004 0.01
r 120.6 0.01 3 7.08974 0.01
r 120.8 0.01 3 7.16419 0.01
r 121 0.01 3 7.25412 0.01
r 121.2 0.01 3 7.32016 0.01
r 121.4 0.01 3 7.40338 0.01
r 121.6 0.01 3 7.50417 0.01
r 121.8 0.01 3 7.57148 0.01
r 122 0.01 3 7.6646 0.01
r 122.2 0.01 3 7.74831 0.01
r 122.4 0.01 3 7.83697 0.01
r 122.6 0.01 3 7.92732 0.01
r 122.8 0.01 3 8.0119 0.01
r 123 0.01 3 8.12016 0.01
r 123.2 0.01 3 8.19128 0.01
r 123.4 0.01 3 8.273 0.01
r 123.6 0.01 3 8.36109 0.01
r 123.8 0.01 3 8.46179 0.01
r 124 0.01 3 8.57929 0.01
r 124.2 0.01 3 8.67405 0.01
r 124.4 0.01 3 8.78213 0.01
r 124.6 0.01 3 8.85719 0.01
r 124.8 0.01 3 8.93954 0.01
r 125 0.01 3 9.15741 0.01
r 125.2 0.01 3 9.11035 0.01
r 125.4 0.01 3 9.23289 0.01
r 125.6 0.01 3 9.31081 0.01
r 125.8 0.01 3 9.47114 0.01
r 126 0.01 3 9.64196 0.01
r 126.2 0.01 3 9.62393 0.01
r 126.4 0.01 3 9.72445 0.01
r 126.6 0.01 3 9.92514 0.01
r 126.8 0.01 3 9.97412 0.01
r 127 0.01 3 10.0315 0.01
r 127.2 0.01 3 10.1289 0.01
r 127.4 0.01 3 10.4102 0.01
r 127.6 0.01 3 10.3515 0.01
r 127.8 0.01 3 10.5509 0.01
r 128 0.01 3 10.6165 0.01
r 128.2 0.01 3 10.6739 0.01
r 128.4 0.01 3 10.9229 0.01
r 128.6 0.01 3 10.9351 0.01
r 128.8 0.01 3 11.0281 0.01
r 129 0.01 3 11.2591 0.01
r 129.2 0.01 3 11.4103 0.01
r 129.4 0.01 3 11.4799 0.01
r 129.6 0.01 3 11.567 0.01
r 129.8 0.01 3 11.6602 0.01
r 130 0.01 3 11.8451 0.01
r 130.2 0.01 3 11.9215 0.01
r 130.4 0.01 3 12.0664 0.01
r 130.6 0.01 3 12.3037 0.01
r 130.8 0.01 3 12.3985 0.01
r 131 0.01 3 12.5836 0.01
r 131.2 0.01 3 12.4106 0.01
r 131.4 0.01 3 12.5595 0.01
r 131.6 0.01 3 12.6552 0.01
r 131.8 0.01 3 12.7782 0.01
r 132 0.01 3 13.2983 0.01
r 132.2 0.01 3 13.2939 0.01
r 132.4 0.01 3 13.5637 0.01
r 132.6 0.01 3 13.5903 0.01
r 132.8 0.01 3 13.7324 0.01
r 133 0.01 3 13.517 0.01
r 133.2 0.01 3 13.761 0.01
r 133.4 0.01 3 13.7746 0.01
r 133.6 0.01 3 14.1551 0.01
r 133.8 0.01 3 14.3115 0.01
r 134 0.01 3 14.5005 0.01
r 134.2 0.01 3 14.5414 0.01
r 134.4 0.01 3 14.3969 0.01
r 134.6 0.01 3 14.6831 0.01
r 134.8 0.01 3 14.6391 0.01
r 135 0.01 3 14.7112 0.01
r 135.2 0.01 3 14.8566 0.01
r 135.4 0.01 3 14.9668 0.01
r 135.6 0.01 3 15.1141 0.01
r 135.8 0.01 3 15.2392 0.01
r 136 0.01 3 15.3756 0.01
r 136.2 0.01 3 15.4883 0.01
r 136.4 0.01 3 15.6299 0.01
r 136.6 0.01 3 15.7374 0.01
r 136.8 0.01 3 15.9056 0.01
r 137 0.01 3 15.9576 0.01
r 137.2 0.01 3 16.0819 0.01
r 137.4 0.01 3 16.1989 0.01
r 137.6 0.01 3 16.393 0.01
r 137.8 0.01 3 16.5021 0.01
r 138 0.01 3 16.6134 0.01
r 138.2 0.01 3 16.7242 0.01
r 138.4 0.01 3 16.8373 0.01
r 138.6 0.01 3 16.9512 0.01
r 138.8 0.01 3 17.0656 0.01
r 139 0.01 3 17.1811 0.01
r 139.2 0.01 3 17.2978 0.01
r 139.4 0.01 3 17.415 0.01
r 139.6 0.01 3 17.5328 0.01
r 139.8 0.01 3 17.651 0.01
r 140 0.01 3 17.7696 0.01
r 140.2 0.01 3 17.8888 0.01
r 140.4 0.01 3 18.0089 0.01
r 140.6 0.01 3 18.1297 0.01
r 140.8 0.01 3 18.2527 0.01
r 141 0.01 3 18.3779 0.01
r 141.2 0.01 3 18.501 0.01
r 141.4 0.01 3 18.624 0.01
r 141.6 0.01 3 18.7478 0.01
r 141.8 0.01 3 18.8725 0.01
r 142 0.01 3 18.9974 0.01
r 142.2 0.01 3 19.1229 0.01
r 142.4 0.01 3 19.2494 0.01
r 142.6 0.01 3 19.376 0.01
r 142.8 0.01 3 19.5028 0.01
r 143 0.01 3 19.6297 0.01
r 143.2 0.01 3 19.7572 0.01
r 143.4 0.01 3 19.8853 0.01
r 143.6 0.01 3 20.0136 0.01
r 143.8 0.01 3 20.1422 0.01
r 144 0.01 3 20.2705 0.01
r 144.2 0.01 3 20.3992 0.01
r 144.4 0.01 3 20.5279 0.01
r 144.6 0.01 3 20.6557 0.01
r 144.8 0.01 3 20.7838 0.01
r 145 0.01 3 20.9124 0.01
r 145.2 0.01 3 21.0381 0.01
r 145.4 0.01 3 21.167 0.01
r 145.6 0.01 3 21.2944 0.01
r 145.8 0.01 3 21.4203 0.01
r 146 0.01 3 21.548 0.01
r 146.2 0.01 3 21.6759 0.01
r 146.4 0.01 3 21.8041 0.01
r 146.6 0.01 3 21.9328 0.01
r 146.8 0.01 3 22.0618 0.01
r 147 0.01 3 22.1913 0.01
r 147.2 0.01 3 22.3213 0.01
r 147.4 0.01 3 22.4516 0.01
r 147.6 0.01 3 22.5824 0.01
r 147.8 0.01 3 22.7134 0.01
r 148 0.01 3 22.8449 0.01
r 148.2 0.01 3 22.9766 0.01
r 148.4 0.01 3 23.1083 0.01
r 148.6 0.01 3 23.2399 0.01
r 148.8 0.01 3 23.3714 0.01
r 149 0.01 3 23.4936 0.01
r 149.2 0.01 3 23.6246 0.01
r 149.4 0.01 3 23.7555 0.01
r 149.6 0.01 3 23.8864 0.01
r 149.8 0.01 3 24.0172 0.01
r 150 0.01 3 24.1479 0.01
r 150.2 0.01 3 24.2786 0.01
r 150.4 0.01 3 24.4093 0.01
r 150.6 0.01 3 24.5401 0.01
r 150.8 0.01 3 24.6709 0.01
r 151 0.01 3 24.7838 0.01
r 151.2 0.01 3 24.9053 0.01
r 151.4 0.01 3 25.0275 0.01
r 151.6 0.01 3 25.1501 0.01
r 151.8 0.01 3 25.2734 0.01
r 152 0.01 3 25.3961 0.01
r 152.2 0.01 3 25.5203 0.01
r 152.4 0.01 3 25.6459 0.01
r 152.6 0.01 3 25.7709 0.01
r 152.8 0.01 3 25.8957 0.01
r 153 0.01 3 26.0221 0.01
r 153.2 0.01 3 26.1482 0.01
r 153.4 0.01 3 26.2748 0.01
r 153.6 0.01 3 26.4017 0.01
r 153.8 0.01 3 26.5287 0.01
r 154 0.01 3 26.6558 0.01
r 154.2 0.01 3 26.783 0.01
r 154.4 0.01 3 26.9104 0.01
r 154.6 0.01 3 27.0378 0.01
r 154.8 0.01 3 27.1651 0.01
r 155 0.01 3 27.2931 0.01
s 125 3 602
r 105 0.01 2 13.1313 0.01
r 105.2 0.01 2 13.025 0.01
r 105.4 0.01 2 12.9029 0.01
r 105.6 0.01 2 12.7807 0.01
r 105.8 0.01 2 12.6582 0.01
r 106 0.01 2 12.5353 0.01
r 106.2 0.01 2 12.4126 0.01
r 106.4 0.01 2 12.2894 0.01
r 106.6 0.01 2 12.1662 0.01
r 106.8 0.01 2 12.0428 0.01
r 107 0.01 2 11.92 0.01
r 107.2 0.01 2 11.7973 0.01
r 107.4 0.01 2 11.6746 0.01
r 107.6 0.01 2 11.5521 0.01
r 107.8 0.01 2 11.43 0.01
r 108 0.01 2 11.3082 0.01
r 108.2 0.01 2 11.1875 0.01
r 108.4 0.01 2 11.0661 0.01
r 108.6 0.01 2 10.9451 0.01
r 108.8 0.01 2 10.8239 0.01
r 109 0.01 2 10.7041 0.01
r 109.2 0.01 2 10.5834 0.01
r 109.4 0.01 2 10.4639 0.01
r 109.6 0.01 2 10.3442 0.01
r 109.8 0.01 2 10.2269 0.01
r 110 0.01 2 10.1066 0.01
r 110.2 0.01 2 9.98796 0.01
r 110.4 0.01 2 9.86951 0.01
r 110.6 0.01 2 9.74982 0.01
r 110.8 0.01 2 9.63029 0.01
r 111 0.01 2 9.50825 0.01
r 111.2 0.01 2 9.38826 0.01
r 111.4 0.01 2 9.26825 0.01
r 111.6 0.01 2 9.14778 0.01
r 111.8 0.01 2 9.02821 0.01
r 112 0.01 2 8.90573 0.01
r 112.2 0.01 2 8.78299 0.01
r 112.4 0.01 2 8.65974 0.01
r 112.6 0.01 2 8.53588 0.01
r 112.8 0.01 2 8.4111 0.01
r 113 0.01 2 8.28583 0.01
r 113.2 0.01 2 8.1601 0.01
r 113.4 0.01 2 8.03326 0.01
r 113.6 0.01 2 7.90804 0.01
r 113.8 0.01 2 7.77943 0.01
r 114 0.01 2 7.65049 0.01
r 114.2 0.01 2 7.52166 0.01
r 114.4 0.01 2 7.39306 0.01
r 114.6 0.01 2 7.26249 0.01
r 114.8 0.01 2 7.13283 0.01
r 115 0.01 2 7.00305 0.01
r 115.2 0.01 2 6.87365 0.01
r 115.4 0.01 2 6.74452 0.01
r 115.6 0.01 2 6.61734 0.01
r 115.8 0.01 2 6.48819 0.01
r 116 0.01 2 6.35919 0.01
r 116.2 0.01 2 6.23075 0.01
r 116.4 0.01 2 6.10262 0.01
r 116.6 0.01 2 5.97516 0.01
r 116.8 0.01 2 5.84813 0.01
r 117 0.01 2 5.72048 0.01
r 117.2 0.01 2 5.59366 0.01
r 117.4 0.01 2 5.4677 0.01
r 117.6 0.01 2 5.34272 0.01
r 117.8 0.01 2 5.21548 0.01
r 118 0.01 2 5.09056 0.01
r 118.2 0.01 2 4.96649 0.01
r 118.4 0.01 2 4.84321 0.01
r 118.6 0.01 2 4.72081 0.01
r 118.8 0.01 2 4.59923 0.01
r 119 0.01 2 4.47871 0.01
r 119.2 0.01 2 4.35904 0.01
r 119.4 0.01 2 4.24291 0.01
r 119.6 0.01 2 4.12418 0.01
r 119.8 0.01 2 4.00779 0.01
r 120 0.01 2 3.89443 0.01
r 120.2 0.01 2 3.78078 0.01
r 120.4 0.01 2 3.66912 0.01
r 120.6 0.01 2 3.55869 0.01
r 120.8 0.01 2 3.44976 0.01
r 121 0.01 2 3.3426 0.01
r 121.2 0.01 2 3.23692 0.01
r 121.4 0.01 2 3.13302 0.01
r 121.6 0.01 2 3.03133 0.01
r 121.8 0.01 2 2.93207 0.01
r 122 0.01 2 2.8356 0.01
r 122.2 0.01 2 2.74127 0.01
r 122.4 0.01 2 2.65147 0.01
r 122.6 0.01 2 2.56533 0.01
r 122.8 0.01 2 2.48277 0.01
r 123 0.01 2 2.40523 0.01
r 123.2 0.01 2 2.33311 0.01
r 123.4 0.01 2 2.2663 0.01
r 123.6 0.01 2 2.20588 0.01
r 123.8 0.01 2 2.15215 0.01
r 124 0.01 2 2.10562 0.01
r 124.2 0.01 2 2.0665 0.01
r 124.4 0.01 2 2.03595 0.01
r 124.6 0.01 2 2.0148 0.01
r 124.8 0.01 2 2.00051 0.01
r 125 0.01 2 1.99653 0.01
r 125.2 0.01 2 1.99897 0.01
r 125.4 0.01 2 2.01221 0.01
r 125.6 0.01 2 2.03219 0.01
r 125.8 0.01 2 2.06176 0.01
r 126 0.01 2 2.09957 0.01
r 126.2 0.01 2 2.14524 0.01
r 126.4 0.01 2 2.1986 0.01
r 126.6 0.01 2 2.25889 0.01
r 126.8 0.01 2 2.32576 0.01
r 127 0.01 2 2.39868 0.01
r 127.2 0.01 2 2.47573 0.01
r 127.4 0.01 2 2.55776 0.01
r 127.6 0.01 2 2.64434 0.01
r 127.8 0.01 2 2.73537 0.01
r 128 0.01 2 2.82992 0.01
r 128.2 0.01 2 2.92577 0.01
r 128.4 0.01 2 3.02501 0.01
r 128.6 0.01 2 3.12663 0.01
r 128.8 0.01 2 3.23079 0.01
r 129 0.01 2 3.33803 0.01
r 129.2 0.01 2 3.44674 0.01
r 129.4 0.01 2 3.55633 0.01
r 129.6 0.01 2 3.66586 0.01
r 129.8 0.01 2 3.77758 0.01
r 130 0.01 2 3.89146 0.01
r 130.2 0.01 2 4.00595 0.01
r 130.4 0.01 2 4.12171 0.01
r 130.6 0.01 2 4.23833 0.01
r 130.8 0.01 2 4.35556 0.01
r 131 0.01 2 4.47388 0.01
r 131.2 0.01 2 4.59248 0.01
r 131.4 0.01 2 4.71196 0.01
r 131.6 0.01 2 4.83215 0.01
r 131.8 0.01 2 4.95292 0.01
r 132 0.01 2 5.0742 0.01
r 132.2 0.01 2 5.19595 0.01
r 132.4 0.01 2 5.31848 0.01
r 132.6 0.01 2 5.44162 0.01
r 132.8 0.01 2 5.5653 0.01
r 133 0.01 2 5.6894 0.01
r 133.2 0.01 2 5.81393 0.01
r 133.4 0.01 2 5.93886 0.01
r 133.6 0.01 2 6.06412 0.01
r 133.8 0.01 2 6.18974 0.01
r 134 0.01 2 6.31781 0.01
r 134.2 0.01 2 6.44316 0.01
r 134.4 0.01 2 6.56931 0.01
r 134.6 0.01 2 6.69595 0.01
r 134.8 0.01 2 6.82327 0.01
r 135 0.01 2 6.95358 0.01
r 135.2 0.01 2 7.08114 0.01
r 135.4 0.01 2 7.20933 0.01
r 135.6 0.01 2 7.33813 0.01
r 135.8 0.01 2 7.46741 0.01
r 136 0.01 2 7.59725 0.01
r 136.2 0.01 2 7.72749 0.01
r 136.4 0.01 2 7.85831 0.01
r 136.6 0.01 2 7.98963 0.01
r 136.8 0.01 2 8.12136 0.01
r 137 0.01 2 8.25228 0.01
r 137.2 0.01 2 8.38338 0.01
r 137.4 0.01 2 8.51457 0.01
r 137.6 0.01 2 8.64557 0.01
r 137.8 0.01 2 8.77643 0.01
r 138 0.01 2 8.90724 0.01
r 138.2 0.01 2 9.03764 0.01
r 138.4 0.01 2 9.16778 0.01
r 138.6 0.01 2 9.2976 0.01
r 138.8 0.01 2 9.42693 0.01
r 139 0.01 2 9.55609 0.01
r 139.2 0.01 2 9.68578 0.01
r 139.4 0.01 2 9.8141 0.01
r 139.6 0.01 2 9.94295 0.01
r 139.8 0.01 2 10.0723 0.01
r 140 0.01 2 10.2009 0.01
r 140.2 0.01 2 10.3299 0.01
r 140.4 0.01 2 10.4589 0.01
r 140.6 0.01 2 10.5886 0.01
r 140.8 0.01 2 10.7185 0.01
r 141 0.01 2 10.8488 0.01
r 141.2 0.01 2 10.9793 0.01
r 141.4 0.01 2 11.1101 0.01
r 141.6 0.01 2 11.2413 0.01
r 141.8 0.01 2 11.3727 0.01
r 142 0.01 2 11.504 0.01
r 142.2 0.01 2 11.6355 0.01
r 142.4 0.01 2 11.7672 0.01
r 142.6 0.01 2 11.8991 0.01
r 142.8 0.01 2 12.0312 0.01
r 143 0.01 2 12.1633 0.01
r 143.2 0.01 2 12.2956 0.01
r 143.4 0.01 2 12.428 0.01
r 143.6 0.01 2 12.5604 0.01
r 143.8 0.01 2 12.6934 0.01
r 144 0.01 2 12.8258 0.01
r 144.2 0.01 2 12.9583 0.01
r 144.4 0.01 2 13.0906 0.01
r 144.6 0.01 2 13.2227 0.01
r 144.8 0.01 2 13.3548 0.01
r 145 0.01 2 13.4868 0.01
r 85 0.01 3 26.3795 0.01
r 85.2 0.01 3 26.261 0.01
r 85.4 0.01 3 26.1374 0.01
r 85.6 0.01 3 26.0389 0.01
r 85.8 0.01 3 25.9081 0.01
r 86 0.01 3 25.7824 0.01
r 86.2 0.01 3 25.6602 0.01
r 86.4 0.01 3 25.5374 0.01
r 86.6 0.01 3 25.416 0.01
r 86.8 0.01 3 25.2905 0.01
r 87 0.01 3 25.0594 0.01
r 87.2 0.01 3 24.9356 0.01
r 87.4 0.01 3 24.8115 0.01
r 87.6 0.01 3 24.6872 0.01
r 87.8 0.01 3 24.5628 0.01
r 88 0.01 3 24.4379 0.01
r 88.2 0.01 3 24.3128 0.01
r 88.4 0.01 3 24.188 0.01
r 88.6 0.01 3 24.0636 0.01
r 88.8 0.01 3 23.9399 0.01
r 89 0.01 3 23.8166 0.01
r 89.2 0.01 3 23.6943 0.01
r 89.4 0.01 3 23.5723 0.01
r 89.6 0.01 3 23.4519 0.01
r 89.8 0.01 3 23.3312 0.01
r 90 0.01 3 23.2105 0.01
r 90.2 0.01 3 23.0933 0.01
r 90.4 0.01 3 22.9717 0.01
r 90.6 0.01 3 22.8504 0.01
r 90.8 0.01 3 22.729 0.01
r 91 0.01 3 22.6079 0.01
r 91.2 0.01 3 22.4867 0.01
r 91.4 0.01 3 22.3659 0.01
r 91.6 0.01 3 22.2452 0.01
r 91.8 0.01 3 22.1247 0.01
r 92 0.01 3 22.004 0.01
r 92.2 0.01 3 21.8836 0.01
r 92.4 0.01 3 21.7632 0.01
r 92.6 0.01 3 21.6429 0.01
r 92.8 0.01 3 21.5229 0.01
r 93 0.01 3 21.4028 0.01
r 93.2 0.01 3 21.2829 0.01
r 93.4 0.01 3 21.1631 0.01
r 93.6 0.01 3 21.0435 0.01
r 93.8 0.01 3 20.9239 0.01
r 94 0.01 3 20.8043 0.01
r 94.2 0.01 3 20.6847 0.01
r 94.4 0.01 3 20.5654 0.01
r 94.6 0.01 3 20.4464 0.01
r 94.8 0.01 3 20.3273 0.01
r 95 0.01 3 20.2088 0.01
r 95.2 0.01 3 20.0899 0.01
r 95.4 0.01 3 19.9709 0.01
r 95.6 0.01 3 19.8517 0.01
r 95.8 0.01 3 19.733 0.01
r 96 0.01 3 19.6145 0.01
r 96.2 0.01 3 19.4966 0.01
r 96.4 0.01 3 19.3779 0.01
r 96.6 0.01 3 19.26 0.01
r 96.8 0.01 3 19.1423 0.01
r 97 0.01 3 19.0195 0.01
r 97.2 0.01 3 18.902 0.01
r 97.4 0.01 3 18.785 0.01
r 97.6 0.01 3 18.6684 0.01
r 97.8 0.01 3 18.5525 0.01
r 98 0.01 3 18.4371 0.01
r 98.2 0.01 3 18.3222 0.01
r 98.4 0.01 3 18.2072 0.01
r 98.6 0.01 3 18.0935 0.01
r 98.8 0.01 3 17.9803 0.01
r 99 0.01 3 17.8214 0.01
r 99.2 0.01 3 17.7045 0.01
r 99.4 0.01 3 17.5879 0.01
r 99.6 0.01 3 17.4716 0.01
r 99.8 0.01 3 17.356 0.01
r 100 0.01 3 17.2404 0.01
r 100.2 0.01 3 17.1255 0.01
r 100.4 0.01 3 17.0103 0.01
r 100.6 0.01 3 16.8936 0.01
r 100.8 0.01 3 16.7569 0.01
r 101 0.01 3 16.6664 0.01
r 101.2 0.01 3 16.5542 0.01
r 101.4 0.01 3 16.4431 0.01
r 101.6 0.01 3 16.2756 0.01
r 101.8 0.01 3 16.1637 0.01
r 102 0.01 3 16.1162 0.01
r 102.2 0.01 3 16.0098 0.01
r 102.4 0.01 3 15.9019 0.01
r 102.6 0.01 3 15.7485 0.01
r 102.8 0.01 3 15.6255 0.01
r 103 0.01 3 15.448 0.01
r 103.2 0.01 3 15.3358 0.01
r 103.4 0.01 3 15.2252 0.01
r 103.6 0.01 3 15.1149 0.01
r 103.8 0.01 3 15.0065 0.01
r 104 0.01 3 14.8991 0.01
r 104.2 0.01 3 14.7931 0.01
r 104.4 0.01 3 14.6889 0.01
r 104.6 0.01 3 14.5864 0.01
r 104.8 0.01 3 14.4148 0.01
r 105 0.01 3 14.3073 0.01
r 105.2 0.01 3 14.2227 0.01
r 105.4 0.01 3 14.093 0.01
r 105.6 0.01 3 13.9902 0.01
r 105.8 0.01 3 13.8829 0.01
r 106 0.01 3 13.7505 0.01
r 106.2 0.01 3 13.6408 0.01
r 106.4 0.01 3 13.535 0.01
r 106.6 0.01 3 13.4332 0.01
r 106.8 0.01 3 13.3302 0.01
r 107 0.01 3 13.3361 0.01
r 107.2 0.01 3 13.1145 0.01
r 107.4 0.01 3 13.0034 0.01
r 107.6 0.01 3 12.8771 0.01
r 107.8 0.01 3 12.8499 0.01
r 108 0.01 3 12.6545 0.01
r 108.2 0.01 3 12.5472 0.01
r 108.4 0.01 3 12.4453 0.01
r 108.6 0.01 3 12.3495 0.01
r 108.8 0.01 3 12.2372 0.01
r 109 0.01 3 12.13 0.01
r 109.2 0.01 3 12.047 0.01
r 109.4 0.01 3 11.9326 0.01
r 109.6 0.01 3 11.8572 0.01
r 109.8 0.01 3 11.7521 0.01
r 110 0.01 3 11.5898 0.01
r 110.2 0.01 3 11.4961 0.01
r 110.4 0.01 3 11.376 0.01
r 110.6 0.01 3 11.3121 0.01
r 110.8 0.01 3 11.1586 0.01
r 111 0.01 3 11.026 0.01
r 111.2 0.01 3 10.9207 0.01
r 111.4 0.01 3 10.8223 0.01
r 111.6 0.01 3 10.7154 0.01
r 111.8 0.01 3 10.6109 0.01
r 112 0.01 3 10.5076 0.01
r 112.2 0.01 3 10.403 0.01
r 112.4 0.01 3 10.3 0.01
r 112.6 0.01 3 10.1977 0.01
r 112.8 0.01 3 10.0964 0.01
r 113 0.01 3 10.149 0.01
r 113.2 0.01 3 10.0396 0.01
r 113.4 0.01 3 9.91794 0.01
r 113.6 0.01 3 9.86077 0.01
r 113.8 0.01 3 9.75627 0.01
r 114 0.01 3 9.61261 0.01
r 114.2 0.01 3 9.51284 0.01
r 114.4 0.01 3 9.41583 0.01
r 114.6 0.01 3 9.31099 0.01
r 114.8 0.01 3 9.21051 0.01
r 115 0.01 3 9.09035 0.01
r 115.2 0.01 3 8.97778 0.01
r 115.4 0.01 3 8.88318 0.01
r 115.6 0.01 3 8.81506 0.01
r 115.8 0.01 3 8.6999 0.01
r 116 0.01 3 8.60511 0.01
r 116.2 0.01 3 8.50179 0.01
r 116.4 0.01 3 8.41221 0.01
r 116.6 0.01 3 8.31745 0.01
r 116.8 0.01 3 8.221 0.01
r 117 0.01 3 8.19082 0.01
r 117.2 0.01 3 8.07116 0.01
r 117.4 0.01 3 7.97084 0.01
r 117.6 0.01 3 7.89653 0.01
r 117.8 0.01 3 7.78967 0.01
r 118 0.01 3 7.69606 0.01
r 118.2 0.01 3 7.59568 0.01
r 118.4 0.01 3 7.52046 0.01
r 118.6 0.01 3 7.44288 0.01
r 118.8 0.01 3 7.34243 0.01
r 119 0.01 3 7.26908 0.01
r 119.2 0.01 3 7.19903 0.01
r 119.4 0.01 3 7.11016 0.01
r 119.6 0.01 3 7.03646 0.01
r 119.8 0.01 3 6.96462 0.01
r 120 0.01 3 6.89713 0.01
r 120.2 0.01 3 6.83095 0.01
r 120.4 0.01 3 6.76783 0.01
r 120.6 0.01 3 6.70521 0.01
r 120.8 0.01 3 6.64973 0.01
r 121 0.01 3 6.58876 0.01
r 121.2 0.01 3 6.53447 0.01
r 121.4 0.01 3 6.48166 0.01
r 121.6 0.01 3 6.43612 0.01
r 121.8 0.01 3 6.38573 0.01
r 122 0.01 3 6.33872 0.01
r 122.2 0.01 3 6.29395 0.01
r 122.4 0.01 3 6.25488 0.01
r 122.6 0.01 3 6.2153 0.01
r 122.8 0.01 3 6.18161 0.01
r 123 0.01 3 6.14424 0.01
r 123.2 0.01 3 6.11594 0.01
r 123.4 0.01 3 6.09332 0.01
r 123.6 0.01 3 6.06345 0.01
r 123.8 0.01 3 6.04465 0.01
r 124 0.01 3 6.02914 0.01
r 124.2 0.01 3 6.01646 0.01
r 124.4 0.01 3 6.00665 0.01
r 124.6 0.01 3 5.99996 0.01
r 124.8 0.01 3 5.99776 0.01
r 125 0.01 3 5.99705 0.01
r 125.2 0.01 3 5.9984 0.01
r 125.4 0.01 3 6.00257 0.01
r 125.6 0.01 3 6.01043 0.01
r 125.8 0.01 3 6.02136 0.01
r 126 0.01 3 6.03531 0.01
r 126.2 0.01 3 6.05323 0.01
r 126.4 0.01 3 6.07453 0.01
r 126.6 0.01 3 6.10022 0.01
r 126.8 0.01 3 6.121 0.01
r 127 0.01 3 6.14753 0.01
r 127.2 0.01 3 6.17667 0.01
r 127.4 0.01 3 6.21664 0.01
r 127.6 0.01 3 6.24388 0.01
r 127.8 0.01 3 6.28156 0.01
r 128 0.01 3 6.32196 0.01
r 128.2 0.01 3 6.37145 0.01
r 128.4 0.01 3 6.41361 0.01
r 128.6 0.01 3 6.4602 0.01
r 128.8 0.01 3 6.51092 0.01
r 129 0.01 3 6.56 0.01
r 129.2 0.01 3 6.61437 0.01
r 129.4 0.01 3 6.67956 0.01
r 129.6 0.01 3 6.73505 0.01
r 129.8 0.01 3 6.79421 0.01
r 130 0.01 3 6.85667 0.01
r 130.2 0.01 3 6.92216 0.01
r 130.4 0.01 3 6.98984 0.01
r 130.6 0.01 3 7.06028 0.01
r 130.8 0.01 3 7.13339 0.01
r 131 0.01 3 7.20518 0.01
r 131.2 0.01 3 7.2812 0.01
r 131.4 0.01 3 7.35935 0.01
r 131.6 0.01 3 7.44055 0.01
r 131.8 0.01 3 7.5256 0.01
r 132 0.01 3 7.61252 0.01
r 132.2 0.01 3 7.70179 0.01
r 132.4 0.01 3 7.79523 0.01
r 132.6 0.01 3 7.8877 0.01
r 132.8 0.01 3 7.98174 0.01
r 133 0.01 3 8.07621 0.01
r 133.2 0.01 3 8.1757 0.01
r 133.4 0.01 3 8.27192 0.01
r 133.6 0.01 3 8.36673 0.01
r 133.8 0.01 3 8.46798 0.01
r 134 0.01 3 8.56817 0.01
r 134.2 0.01 3 8.65958 0.01
r 134.4 0.01 3 8.73683 0.01
r 134.6 0.01 3 8.83808 0.01
r 134.8 0.01 3 9.03729 0.01
r 135 0.01 3 9.16979 0.01
r 135.2 0.01 3 9.23689 0.01
r 135.4 0.01 3 9.36966 0.01
r 135.6 0.01 3 9.41846 0.01
r 135.8 0.01 3 9.50837 0.01
r 136 0.01 3 9.60157 0.01
r 136.2 0.01 3 9.87462 0.01
r 136.4 0.01 3 9.81434 0.01
r 136.6 0.01 3 10.0627 0.01
r 136.8 0.01 3 10.0366 0.01
r 137 0.01 3 10.1492 0.01
r 137.2 0.01 3 10.2414 0.01
r 137.4 0.01 3 10.3833 0.01
r 137.6 0.01 3 10.4912 0.01
r 137.8 0.01 3 10.5431 0.01
r 138 0.01 3 10.7592 0.01
r 138.2 0.01 3 10.8491 0.01
r 138.4 0.01 3 10.9407 0.01
r 138.6 0.01 3 11.0303 0.01
r 138.8 0.01 3 11.1429 0.01
r 139 0.01 3 11.1721 0.01
r 139.2 0.01 3 11.2709 0.01
r 139.4 0.01 3 11.3781 0.01
r 139.6 0.01 3 11.5247 0.01
r 139.8 0.01 3 11.6242 0.01
r 140 0.01 3 11.7258 0.01
r 140.2 0.01 3 11.8297 0.01
r 140.4 0.01 3 11.9352 0.01
r 140.6 0.01 3 12.0415 0.01
r 140.8 0.01 3 12.1382 0.01
r 141 0.01 3 12.2581 0.01
r 141.2 0.01 3 12.3683 0.01
r 141.4 0.01 3 12.4797 0.01
r 141.6 0.01 3 12.5923 0.01
r 141.8 0.01 3 12.7063 0.01
r 142 0.01 3 12.8214 0.01
r 142.2 0.01 3 12.9382 0.01
r 142.4 0.01 3 13.0555 0.01
r 142.6 0.01 3 13.1745 0.01
r 142.8 0.01 3 13.2938 0.01
r 143 0.01 3 13.4097 0.01
r 143.2 0.01 3 13.5284 0.01
r 143.4 0.01 3 13.6501 0.01
r 143.6 0.01 3 13.7718 0.01
r 143.8 0.01 3 13.8948 0.01
r 144 0.01 3 14.0172 0.01
r 144.2 0.01 3 14.1357 0.01
r 144.4 0.01 3 14.2645 0.01
r 144.6 0.01 3 14.3879 0.01
r 144.8 0.01 3 14.5118 0.01
r 145 0.01 3 14.6292 0.01
r 145.2 0.01 3 14.7739 0.01
r 145.4 0.01 3 14.8888 0.01
r 145.6 0.01 3 15.0028 0.01
r 145.8 0.01 3 15.1372 0.01
r 146 0.01 3 15.2631 0.01
r 146.2 0.01 3 15.4108 0.01
r 146.4 0.01 3 15.5009 0.01
r 146.6 0.01 3 15.6284 0.01
r 146.8 0.01 3 15.7738 0.01
r 147 0.01 3 15.879 0.01
r 147.2 0.01 3 16.0063 0.01
r 147.4 0.01 3 16.1549 0.01
r 147.6 0.01 3 16.2881 0.01
r 147.8 0.01 3 16.3936 0.01
r 148 0.01 3 16.5671 0.01
r 148.2 0.01 3 16.6974 0.01
r 148.4 0.01 3 16.7881 0.01
r 148.6 0.01 3 16.9198 0.01
r 148.8 0.01 3 17.0605 0.01
r 149 0.01 3 17.1124 0.01
r 149.2 0.01 3 17.244 0.01
r 149.4 0.01 3 17.3638 0.01
r 149.6 0.01 3 17.5685 0.01
r 149.8 0.01 3 17.6235 0.01
r 150 0.01 3 17.7751 0.01
r 150.2 0.01 3 17.8673 0.01
r 150.4 0.01 3 18.0781 0.01
r 150.6 0.01 3 18.1359 0.01
r 150.8 0.01 3 18.2486 0.01
r 151 0.01 3 18.425 0.01
r 151.2 0.01 3 18.5424 0.01
r 151.4 0.01 3 18.6611 0.01
r 151.6 0.01 3 18.7806 0.01
r 151.8 0.01 3 18.9006 0.01
r 152 0.01 3 19.0629 0.01
r 152.2 0.01 3 19.1816 0.01
r 152.4 0.01 3 19.3011 0.01
r 152.6 0.01 3 19.3856 0.01
r 152.8 0.01 3 19.5084 0.01
r 153 0.01 3 19.6675 0.01
r 153.2 0.01 3 19.7903 0.01
r 153.4 0.01 3 19.914 0.01
r 153.6 0.01 3 20.0384 0.01
r 153.8 0.01 3 20.1634 0.01
r 154 0.01 3 20.2891 0.01
r 154.2 0.01 3 20.3809 0.01
r 154.4 0.01 3 20.5069 0.01
r 154.6 0.01 3 20.6688 0.01
r 154.8 0.01 3 20.7954 0.01
r 155 0.01 3 20.9172 0.01
r 155.2 0.01 3 21.0435 0.01
r 155.4 0.01 3 21.1701 0.01
r 155.6 0.01 3 21.2969 0.01
r 155.8 0.01 3 21.4239 0.01
r 156 0.01 3 21.5511 0.01
r 156.2 0.01 3 21.6784 0.01
r 156.4 0.01 3 21.7781 0.01
r 156.6 0.01 3 21.9344 0.01
r 156.8 0.01 3 22.0335 0.01
r 157 0.01 3 22.1874 0.01
r 157.2 0.01 3 22.3156 0.01
r 157.4 0.01 3 22.444 0.01
r 157.6 0.01 3 22.5726 0.01
r 157.8 0.01 3 22.7013 0.01
r 158 0.01 3 22.8301 0.01
r 158.2 0.01 3 22.9591 0.01
r 158.4 0.01 3 23.0881 0.01
r 158.6 0.01 3 23.2171 0.01
r 158.8 0.01 3 23.3463 0.01
r 159 0.01 3 23.4504 0.01
r 159.2 0.01 3 23.5795 0.01
r 159.4 0.01 3 23.7087 0.01
r 159.6 0.01 3 23.838 0.01
r 159.8 0.01 3 23.992 0.01
r 160 0.01 3 24.1211 0.01
r 160.2 0.01 3 24.2504 0.01
r 160.4 0.01 3 24.3798 0.01
r 160.6 0.01 3 24.5094 0.01
r 160.8 0.01 3 24.6392 0.01
r 161 0.01 3 24.7472 0.01
r 161.2 0.01 3 24.8765 0.01
r 161.4 0.01 3 25.0059 0.01
r 161.6 0.01 3 25.1353 0.01
r 161.8 0.01 3 25.2647 0.01
r 162 0.01 3 25.3945 0.01
r 162.2 0.01 3 25.5239 0.01
r 162.4 0.01 3 25.6534 0.01
r 162.6 0.01 3 25.7828 0.01
r 162.8 0.01 3 25.9122 0.01
r 163 0.01 3 26.0429 0.01
r 163.2 0.01 3 26.1718 0.01
r 163.4 0.01 3 26.3004 0.01
r 163.6 0.01 3 26.4292 0.01
r 163.8 0.01 3 26.5581 0.01
r 164 0.01 3 26.6871 0.01
r 164.2 0.01 3 26.8163 0.01
r 164.4 0.01 3 26.9458 0.01
r 164.6 0.01 3 27.0753 0.01
r 164.8 0.01 3 27.2049 0.01
r 165 0.01 3 27.3501 0.01
s 135 3 602
r 115 0.01 2 13.531 0.01
r 115.2 0.01 2 13.3963 0.01
r 115.4 0.01 2 13.2619 0.01
r 115.6 0.01 2 13.1277 0.01
r 115.8 0.01 2 12.9937 0.01
r 116 0.01 2 12.8599 0.01
r 116.2 0.01 2 12.7263 0.01
r 116.4 0.01 2 12.5929 0.01
r 116.6 0.01 2 12.4599 0.01
r 116.8 0.01 2 12.3269 0.01
r 117 0.01 2 12.1943 0.01
r 117.2 0.01 2 12.0618 0.01
r 117.4 0.01 2 11.9296 0.01
r 117.6 0.01 2 11.7976 0.01
r 117.8 0.01 2 11.6657 0.01
r 118 0.01 2 11.5341 0.01
r 118.2 0.01 2 11.4025 0.01
r 118.4 0.01 2 11.2707 0.01
r 118.6 0.01 2 11.139 0.01
r 118.8 0.01 2 11.0073 0.01
r 119 0.01 2 10.8759 0.01
r 119.2 0.01 2 10.7446 0.01
r 119.4 0.01 2 10.6136 0.01
r 119.6 0.01 2 10.4828 0.01
r 119.8 0.01 2 10.3524 0.01
r 120 0.01 2 10.2219 0.01
r 120.2 0.01 2 10.0914 0.01
r 120.4 0.01 2 9.96088 0.01
r 120.6 0.01 2 9.83024 0.01
r 120.8 0.01 2 9.6995 0.01
r 121 0.01 2 9.56886 0.01
r 121.2 0.01 2 9.4379 0.01
r 121.4 0.01 2 9.30684 0.01
r 121.6 0.01 2 9.17539 0.01
r 121.8 0.01 2 9.04435 0.01
r 122 0.01 2 8.91284 0.01
r 122.2 0.01 2 8.7818 0.01
r 122.4 0.01 2 8.65093 0.01
r 122.6 0.01 2 8.52039 0.01
r 122.8 0.01 2 8.38996 0.01
r 123 0.01 2 8.25993 0.01
r 123.2 0.01 2 8.13007 0.01
r 123.4 0.01 2 8.00068 0.01
r 123.6 0.01 2 7.87146 0.01
r 123.8 0.01 2 7.74264 0.01
r 124 0.01 2 7.61409 0.01
r 124.2 0.01 2 7.48605 0.01
r 124.4 0.01 2 7.35822 0.01
r 124.6 0.01 2 7.23004 0.01
r 124.8 0.01 2 7.10299 0.01
r 125 0.01 2 6.97668 0.01
r 125.2 0.01 2 6.85015 0.01
r 125.4 0.01 2 6.72426 0.01
r 125.6 0.01 2 6.59901 0.01
r 125.8 0.01 2 6.47363 0.01
r 126 0.01 2 6.34904 0.01
r 126.2 0.01 2 6.22479 0.01
r 126.4 0.01 2 6.10073 0.01
r 126.6 0.01 2 5.97653 0.01
r 126.8 0.01 2 5.8526 0.01
r 127 0.01 2 5.72862 0.01
r 127.2 0.01 2 5.60437 0.01
r 127.4 0.01 2 5.48068 0.01
r 127.6 0.01 2 5.35717 0.01
r 127.8 0.01 2 5.23388 0.01
r 128 0.01 2 5.1108 0.01
r 128.2 0.01 2 4.9881 0.01
r 128.4 0.01 2 4.86676 0.01
r 128.6 0.01 2 4.743 0.01
r 128.8 0.01 2 4.62162 0.01
r 129 0.01 2 4.50094 0.01
r 129.2 0.01 2 4.38087 0.01
r 129.4 0.01 2 4.2615 0.01
r 129.6 0.01 2 4.1431 0.01
r 129.8 0.01 2 4.02555 0.01
r 130 0.01 2 3.90848 0.01
r 130.2 0.01 2 3.79261 0.01
r 130.4 0.01 2 3.67798 0.01
r 130.6 0.01 2 3.56519 0.01
r 130.8 0.01 2 3.45372 0.01
r 131 0.01 2 3.34408 0.01
r 131.2 0.01 2 3.23651 0.01
r 131.4 0.01 2 3.13133 0.01
r 131.6 0.01 2 3.02797 0.01
r 131.8 0.01 2 2.92786 0.01
r 132 0.01 2 2.8313 0.01
r 132.2 0.01 2 2.73754 0.01
r 132.4 0.01 2 2.64707 0.01
r 132.6 0.01 2 2.56051 0.01
r 132.8 0.01 2 2.47833 0.01
r 133 0.01 2 2.40157 0.01
r 133.2 0.01 2 2.32928 0.01
r 133.4 0.01 2 2.2628 0.01
r 133.6 0.01 2 2.2025 0.01
r 133.8 0.01 2 2.14904 0.01
r 134 0.01 2 2.10296 0.01
r 134.2 0.01 2 2.06501 0.01
r 134.4 0.01 2 2.03514 0.01
r 134.6 0.01 2 2.01329 0.01
r 134.8 0.01 2 2.00001 0.01
r 135 0.01 2 1.99801 0.01
r 135.2 0.01 2 2.0011 0.01
r 135.4 0.01 2 2.01504 0.01
r 135.6 0.01 2 2.03618 0.01
r 135.8 0.01 2 2.06672 0.01
r 136 0.01 2 2.1055 0.01
r 136.2 0.01 2 2.15177 0.01
r 136.4 0.01 2 2.20492 0.01
r 136.6 0.01 2 2.26465 0.01
r 136.8 0.01 2 2.33059 0.01
r 137 0.01 2 2.40229 0.01
r 137.2 0.01 2 2.47826 0.01
r 137.4 0.01 2 2.55903 0.01
r 137.6 0.01 2 2.64381 0.01
r 137.8 0.01 2 2.7329 0.01
r 138 0.01 2 2.82524 0.01
r 138.2 0.01 2 2.91953 0.01
r 138.4 0.01 2 3.01677 0.01
r 138.6 0.01 2 3.11654 0.01
r 138.8 0.01 2 3.21885 0.01
r 139 0.01 2 3.32324 0.01
r 139.2 0.01 2 3.4289 0.01
r 139.4 0.01 2 3.53638 0.01
r 139.6 0.01 2 3.64698 0.01
r 139.8 0.01 2 3.75666 0.01
r 140 0.01 2 3.86783 0.01
r 140.2 0.01 2 3.98096 0.01
r 140.4 0.01 2 4.09559 0.01
r 140.6 0.01 2 4.2116 0.01
r 140.8 0.01 2 4.32881 0.01
r 141 0.01 2 4.44712 0.01
r 141.2 0.01 2 4.56649 0.01
r 141.4 0.01 2 4.68681 0.01
r 141.6 0.01 2 4.80806 0.01
r 141.8 0.01 2 4.93008 0.01
r 142 0.01 2 5.05297 0.01
r 142.2 0.01 2 5.17657 0.01
r 142.4 0.01 2 5.30076 0.01
r 142.6 0.01 2 5.42714 0.01
r 142.8 0.01 2 5.55165 0.01
r 143 0.01 2 5.67718 0.01
r 143.2 0.01 2 5.80385 0.01
r 143.4 0.01 2 5.93 0.01
r 143.6 0.01 2 6.05724 0.01
r 143.8 0.01 2 6.18472 0.01
r 144 0.01 2 6.31216 0.01
r 144.2 0.01 2 6.43992 0.01
r 144.4 0.01 2 6.5676 0.01
r 144.6 0.01 2 6.6952 0.01
r 144.8 0.01 2 6.82292 0.01
r 145 0.01 2 6.95058 0.01
r 145.2 0.01 2 7.078 0.01
r 145.4 0.01 2 7.20526 0.01
r 145.6 0.01 2 7.33253 0.01
r 145.8 0.01 2 7.45994 0.01
r 146 0.01 2 7.58729 0.01
r 146.2 0.01 2 7.71489 0.01
r 146.4 0.01 2 7.84283 0.01
r 146.6 0.01 2 7.97126 0.01
r 146.8 0.01 2 8.10036 0.01
r 147 0.01 2 8.22958 0.01
r 147.2 0.01 2 8.35942 0.01
r 147.4 0.01 2 8.48944 0.01
r 147.6 0.01 2 8.61996 0.01
r 147.8 0.01 2 8.75083 0.01
r 148 0.01 2 8.88242 0.01
r 148.2 0.01 2 9.01399 0.01
r 148.4 0.01 2 9.14575 0.01
r 148.6 0.01 2 9.27721 0.01
r 148.8 0.01 2 9.4083 0.01
r 149 0.01 2 9.54062 0.01
r 149.2 0.01 2 9.67155 0.01
r 149.4 0.01 2 9.80248 0.01
r 149.6 0.01 2 9.93339 0.01
r 149.8 0.01 2 10.0643 0.01
r 150 0.01 2 10.1952 0.01
r 150.2 0.01 2 10.3261 0.01
r 150.4 0.01 2 10.4571 0.01
r 150.6 0.01 2 10.5881 0.01
r 150.8 0.01 2 10.7189 0.01
r 151 0.01 2 10.8498 0.01
r 151.2 0.01 2 10.9809 0.01
r 151.4 0.01 2 11.1118 0.01
r 151.6 0.01 2 11.2428 0.01
r 151.8 0.01 2 11.3738 0.01
r 152 0.01 2 11.5051 0.01
r 152.2 0.01 2 11.636 0.01
r 152.4 0.01 2 11.7669 0.01
r 152.6 0.01 2 11.8979 0.01
r 152.8 0.01 2 12.0291 0.01
r 153 0.01 2 12.1608 0.01
r 153.2 0.01 2 12.292 0.01
r 153.4 0.01 2 12.4232 0.01
r 153.6 0.01 2 12.5545 0.01
r 153.8 0.01 2 12.686 0.01
r 154 0.01 2 12.8174 0.01
r 154.2 0.01 2 12.9489 0.01
r 154.4 0.01 2 13.0803 0.01
r 154.6 0.01 2 13.2115 0.01
r 154.8 0.01 2 13.3426 0.01
r 155 0.01 2 13.4731 0.01
r 95 0.01 3 26.6618 0.01
r 95.2 0.01 3 26.5429 0.01
r 95.4 0.01 3 26.4235 0.01
r 95.6 0.01 3 26.3017 0.01
r 95.8 0.01 3 26.1846 0.01
r 96 0.01 3 26.0624 0.01
r 96.2 0.01 3 25.9399 0.01
r 96.4 0.01 3 25.8169 0.01
r 96.6 0.01 3 25.6941 0.01
r 96.8 0.01 3 25.5737 0.01
r 97 0.01 3 25.4485 0.01
r 97.2 0.01 3 25.3283 0.01
r 97.4 0.01 3 25.2061 0.01
r 97.6 0.01 3 25.0842 0.01
r 97.8 0.01 3 24.962 0.01
r 98 0.01 3 24.8403 0.01
r 98.2 0.01 3 24.7186 0.01
r 98.4 0.01 3 24.597 0.01
r 98.6 0.01 3 24.4758 0.01
r 98.8 0.01 3 24.354 0.01
r 99 0.01 3 24.2293 0.01
r 99.2 0.01 3 24.1085 0.01
r 99.4 0.01 3 23.9937 0.01
r 99.6 0.01 3 23.8669 0.01
r 99.8 0.01 3 23.7462 0.01
r 100 0.01 3 23.6255 0.01
r 100.2 0.01 3 23.5167 0.01
r 100.4 0.01 3 23.3985 0.01
r 100.6 0.01 3 23.2657 0.01
r 100.8 0.01 3 23.1464 0.01
r 101 0.01 3 23.0285 0.01
r 101.2 0.01 3 22.9102 0.01
r 101.4 0.01 3 22.7928 0.01
r 101.6 0.01 3 22.6757 0.01
r 101.8 0.01 3 22.5591 0.01
r 102 0.01 3 22.4428 0.01
r 102.2 0.01 3 22.3272 0.01
r 102.4 0.01 3 22.2105 0.01
r 102.6 0.01 3 22.0951 0.01
r 102.8 0.01 3 21.98 0.01
r 103 0.01 3 21.8669 0.01
r 103.2 0.01 3 21.7553 0.01
r 103.4 0.01 3 21.6451 0.01
r 103.6 0.01 3 21.5328 0.01
r 103.8 0.01 3 21.428 0.01
r 104 0.01 3 21.321 0.01
r 104.2 0.01 3 21.2165 0.01
r 104.4 0.01 3 21.0609 0.01
r 104.6 0.01 3 20.9534 0.01
r 104.8 0.01 3 20.825 0.01
r 105 0.01 3 20.8115 0.01
r 105.2 0.01 3 20.6376 0.01
r 105.4 0.01 3 20.4958 0.01
r 105.6 0.01 3 20.3614 0.01
r 105.8 0.01 3 20.2433 0.01
r 106 0.01 3 20.1139 0.01
r 106.2 0.01 3 20.0937 0.01
r 106.4 0.01 3 19.8965 0.01
r 106.6 0.01 3 19.8351 0.01
r 106.8 0.01 3 19.6568 0.01
r 107 0.01 3 19.4154 0.01
r 107.2 0.01 3 19.2966 0.01
r 107.4 0.01 3 19.1775 0.01
r 107.6 0.01 3 19.0589 0.01
r 107.8 0.01 3 18.9405 0.01
r 108 0.01 3 18.8224 0.01
r 108.2 0.01 3 18.7042 0.01
r 108.4 0.01 3 18.5868 0.01
r 108.6 0.01 3 18.4699 0.01
r 108.8 0.01 3 18.3475 0.01
r 109 0.01 3 18.2304 0.01
r 109.2 0.01 3 18.1143 0.01
r 109.4 0.01 3 17.9988 0.01
r 109.6 0.01 3 17.8839 0.01
r 109.8 0.01 3 17.7692 0.01
r 110 0.01 3 17.6549 0.01
r 110.2 0.01 3 17.5414 0.01
r 110.4 0.01 3 17.4282 0.01
r 110.6 0.01 3 17.315 0.01
r 110.8 0.01 3 17.2029 0.01
r 111 0.01 3 17.0604 0.01
r 111.2 0.01 3 16.9452 0.01
r 111.4 0.01 3 16.8302 0.01
r 111.6 0.01 3 16.7154 0.01
r 111.8 0.01 3 16.6004 0.01
r 112 0.01 3 16.4857 0.01
r 112.2 0.01 3 16.3712 0.01
r 112.4 0.01 3 16.2532 0.01
r 112.6 0.01 3 16.1379 0.01
r 112.8 0.01 3 16.0234 0.01
r 113 0.01 3 15.9097 0.01
r 113.2 0.01 3 15.7963 0.01
r 113.4 0.01 3 15.6837 0.01
r 113.6 0.01 3 15.572 0.01
r 113.8 0.01 3 15.4615 0.01
r 114 0.01 3 15.352 0.01
r 114.2 0.01 3 15.2441 0.01
r 114.4 0.01 3 15.1359 0.01
r 114.6 0.01 3 15.0322 0.01
r 114.8 0.01 3 14.8967 0.01
r 115 0.01 3 14.7571 0.01
r 115.2 0.01 3 14.6199 0.01
r 115.4 0.01 3 14.5188 0.01
r 115.6 0.01 3 14.367 0.01
r 115.8 0.01 3 14.2626 0.01
r 116 0.01 3 14.1251 0.01
r 116.2 0.01 3 13.9963 0.01
r 116.4 0.01 3 13.8678 0.01
r 116.6 0.01 3 13.7392 0.01
r 116.8 0.01 3 13.6166 0.01
r 117 0.01 3 13.5366 0.01
r 117.2 0.01 3 13.3753 0.01
r 117.4 0.01 3 13.2769 0.01
r 117.6 0.01 3 13.1884 0.01
r 117.8 0.01 3 13.0171 0.01
r 118 0.01 3 12.8912 0.01
r 118.2 0.01 3 12.8063 0.01
r 118.4 0.01 3 12.6726 0.01
r 118.6 0.01 3 12.5277 0.01
r 118.8 0.01 3 12.4397 0.01
r 119 0.01 3 12.3319 0.01
r 119.2 0.01 3 12.212 0.01
r 119.4 0.01 3 12.0898 0.01
r 119.6 0.01 3 11.9434 0.01
r 119.8 0.01 3 11.826 0.01
r 120 0.01 3 11.7126 0.01
r 120.2 0.01 3 11.5978 0.01
r 120.4 0.01 3 11.4874 0.01
r 120.6 0.01 3 11.3849 0.01
r 120.8 0.01 3 11.2646 0.01
r 121 0.01 3 11.1616 0.01
r 121.2 0.01 3 11.0364 0.01
r 121.4 0.01 3 10.9447 0.01
r 121.6 0.01 3 10.8124 0.01
r 121.8 0.01 3 10.7133 0.01
r 122 0.01 3 10.59 0.01
r 122.2 0.01 3 10.4795 0.01
r 122.4 0.01 3 10.3694 0.01
r 122.6 0.01 3 10.2608 0.01
r 122.8 0.01 3 10.1432 0.01
r 123 0.01 3 10.0294 0.01
r 123.2 0.01 3 9.91926 0.01
r 123.4 0.01 3 9.81052 0.01
r 123.6 0.01 3 9.70144 0.01
r 123.8 0.01 3 9.59429 0.01
r 124 0.01 3 9.48764 0.01
r 124.2 0.01 3 9.38327 0.01
r 124.4 0.01 3 9.27794 0.01
r 124.6 0.01 3 9.17674 0.01
r 124.8 0.01 3 9.07484 0.01
r 125 0.01 3 8.99176 0.01
r 125.2 0.01 3 8.88648 0.01
r 125.4 0.01 3 8.78652 0.01
r 125.6 0.01 3 8.69631 0.01
r 125.8 0.01 3 8.59425 0.01
r 126 0.01 3 8.48397 0.01
r 126.2 0.01 3 8.3872 0.01
r 126.4 0.01 3 8.29538 0.01
r 126.6 0.01 3 8.20401 0.01
r 126.8 0.01 3 8.11487 0.01
r 127 0.01 3 8.02662 0.01
r 127.2 0.01 3 7.94581 0.01
r 127.4 0.01 3 7.85801 0.01
r 127.6 0.01 3 7.77195 0.01
r 127.8 0.01 3 7.68701 0.01
r 128 0.01 3 7.60393 0.01
r 128.2 0.01 3 7.52285 0.01
r 128.4 0.01 3 7.44466 0.01
r 128.6 0.01 3 7.36762 0.01
r 128.8 0.01 3 7.29405 0.01
r 129 0.01 3 7.21618 0.01
r 129.2 0.01 3 7.14361 0.01
r 129.4 0.01 3 7.07434 0.01
r 129.6 0.01 3 7.00165 0.01
r 129.8 0.01 3 6.96062 0.01
r 130 0.01 3 6.86823 0.01
r 130.2 0.01 3 6.80447 0.01
r 130.4 0.01 3 6.74301 0.01
r 130.6 0.01 3 6.68351 0.01
r 130.8 0.01 3 6.62622 0.01
r 131 0.01 3 6.57275 0.01
r 131.2 0.01 3 6.52057 0.01
r 131.4 0.01 3 6.46991 0.01
r 131.6 0.01 3 6.42139 0.01
r 131.8 0.01 3 6.3756 0.01
r 132 0.01 3 6.33217 0.01
r 132.2 0.01 3 6.29088 0.01
r 132.4 0.01 3 6.25243 0.01
r 132.6 0.01 3 6.2171 0.01
r 132.8 0.01 3 6.186 0.01
r 133 0.01 3 6.15883 0.01
r 133.2 0.01 3 6.12954 0.01
r 133.4 0.01 3 6.1038 0.01
r 133.6 0.01 3 6.08146 0.01
r 133.8 0.01 3 6.0606 0.01
r 134 0.01 3 6.04303 0.01
r 134.2 0.01 3 6.0297 0.01
r 134.4 0.01 3 6.01673 0.01
r 134.6 0.01 3 6.00856 0.01
r 134.8 0.01 3 6.00197 0.01
r 135 0.01 3 6.00034 0.01
r 135.2 0.01 3 6.00071 0.01
r 135.4 0.01 3 6.00347 0.01
r 135.6 0.01 3 6.00981 0.01
r 135.8 0.01 3 6.01906 0.01
r 136 0.01 3 6.03139 0.01
r 136.2 0.01 3 6.04611 0.01
r 136.4 0.01 3 6.06358 0.01
r 136.6 0.01 3 6.09095 0.01
r 136.8 0.01 3 6.11104 0.01
r 137 0.01 3 6.13894 0.01
r 137.2 0.01 3 6.16802 0.01
r 137.4 0.01 3 6.20119 0.01
r 137.6 0.01 3 6.28885 0.01
r 137.8 0.01 3 6.33087 0.01
r 138 0.01 3 6.33185 0.01
r 138.2 0.01 3 6.35829 0.01
r 138.4 0.01 3 6.40332 0.01
r 138.6 0.01 3 6.4497 0.01
r 138.8 0.01 3 6.50091 0.01
r 139 0.01 3 6.55316 0.01
r 139.2 0.01 3 6.60826 0.01
r 139.4 0.01 3 6.66695 0.01
r 139.6 0.01 3 6.725 0.01
r 139.8 0.01 3 6.83563 0.01
r 140 0.01 3 6.89344 0.01
r 140.2 0.01 3 6.94945 0.01
r 140.4 0.01 3 6.98507 0.01
r 140.6 0.01 3 7.07692 0.01
r 140.8 0.01 3 7.143 0.01
r 141 0.01 3 7.21467 0.01
r 141.2 0.01 3 7.28889 0.01
r 141.4 0.01 3 7.36531 0.01
r 141.6 0.01 3 7.44481 0.01
r 141.8 0.01 3 7.52877 0.01
r 142 0.01 3 7.615 0.01
r 142.2 0.01 3 7.70834 0.01
r 142.4 0.01 3 7.80139 0.01
r 142.6 0.01 3 7.88972 0.01
r 142.8 0.01 3 7.98721 0.01
r 143 0.01 3 8.11938 0.01
r 143.2 0.01 3 8.2578 0.01
r 143.4 0.01 3 8.33205 0.01
r 143.6 0.01 3 8.39315 0.01
r 143.8 0.01 3 8.49497 0.01
r 144 0.01 3 8.57777 0.01
r 144.2 0.01 3 8.65488 0.01
r 144.4 0.01 3 8.74496 0.01
r 144.6 0.01 3 8.906 0.01
r 144.8 0.01 3 8.98352 0.01
r 145 0.01 3 9.01627 0.01
r 145.2 0.01 3 9.10153 0.01
r 145.4 0.01 3 9.23215 0.01
r 145.6 0.01 3 9.30129 0.01
r 145.8 0.01 3 9.41008 0.01
r 146 0.01 3 9.50311 0.01
r 146.2 0.01 3 9.5981 0.01
r 146.4 0.01 3 9.69666 0.01
r 146.6 0.01 3 9.79613 0.01
r 146.8 0.01 3 9.89813 0.01
r 147 0.01 3 10.0021 0.01
r 147.2 0.01 3 10.1072 0.01
r 147.4 0.01 3 10.2143 0.01
r 147.6 0.01 3 10.3231 0.01
r 147.8 0.01 3 10.4351 0.01
r 148 0.01 3 10.5493 0.01
r 148.2 0.01 3 10.6652 0.01
r 148.4 0.01 3 10.7817 0.01
r 148.6 0.01 3 10.8893 0.01
r 148.8 0.01 3 11.0192 0.01
r 149 0.01 3 11.1345 0.01
r 149.2 0.01 3 11.2381 0.01
r 149.4 0.01 3 11.3436 0.01
r 149.6 0.01 3 11.4511 0.01
r 149.8 0.01 3 11.5603 0.01
r 150 0.01 3 11.6709 0.01
r 150.2 0.01 3 11.7867 0.01
r 150.4 0.01 3 11.8993 0.01
r 150.6 0.01 3 12.0125 0.01
r 150.8 0.01 3 12.128 0.01
r 151 0.01 3 12.2429 0.01
r 151.2 0.01 3 12.3586 0.01
r 151.4 0.01 3 12.4751 0.01
r 151.6 0.01 3 12.5921 0.01
r 151.8 0.01 3 12.7094 0.01
r 152 0.01 3 12.8283 0.01
r 152.2 0.01 3 12.9477 0.01
r 152.4 0.01 3 13.0681 0.01
r 152.6 0.01 3 13.1892 0.01
r 152.8 0.01 3 13.311 0.01
r 153 0.01 3 13.4321 0.01
r 153.2 0.01 3 13.555 0.01
r 153.4 0.01 3 13.6784 0.01
r 153.6 0.01 3 13.8022 0.01
r 153.8 0.01 3 13.927 0.01
r 154 0.01 3 14.0518 0.01
r 154.2 0.01 3 14.1769 0.01
r 154.4 0.01 3 14.3023 0.01
r 154.6 0.01 3 14.4279 0.01
r 154.8 0.01 3 14.5537 0.01
r 155 0.01 3 14.6664 0.01
r 155.2 0.01 3 14.8031 0.01
r 155.4 0.01 3 14.9289 0.01
r 155.6 0.01 3 15.0441 0.01
r 155.8 0.01 3 15.1821 0.01
r 156 0.01 3 15.2962 0.01
r 156.2 0.01 3 15.4209 0.01
r 156.4 0.01 3 15.5474 0.01
r 156.6 0.01 3 15.6745 0.01
r 156.8 0.01 3 15.8017 0.01
r 157 0.01 3 15.9419 0.01
r 157.2 0.01 3 16.0582 0.01
r 157.4 0.01 3 16.1982 0.01
r 157.6 0.01 3 16.3264 0.01
r 157.8 0.01 3 16.4551 0.01
r 158 0.01 3 16.5722 0.01
r 158.2 0.01 3 16.7119 0.01
r 158.4 0.01 3 16.8288 0.01
r 158.6 0.01 3 16.9692 0.01
r 158.8 0.01 3 17.0862 0.01
r 159 0.01 3 17.2212 0.01
r 159.2 0.01 3 17.3494 0.01
r 159.4 0.01 3 17.4788 0.01
r 159.6 0.01 3 17.6078 0.01
r 159.8 0.01 3 17.737 0.01
r 160 0.01 3 17.8577 0.01
r 160.2 0.01 3 17.9957 0.01
r 160.4 0.01 3 18.1178 0.01
r 160.6 0.01 3 18.2467 0.01
r 160.8 0.01 3 18.3842 0.01
r 161 0.01 3 18.6155 0.01
r 161.2 0.01 3 18.7182 0.01
r 161.4 0.01 3 18.8306 0.01
r 161.6 0.01 3 18.9428 0.01
r 161.8 0.01 3 19.0461 0.01
r 162 0.01 3 19.151 0.01
r 162.2 0.01 3 19.2703 0.01
r 162.4 0.01 3 19.3851 0.01
r 162.6 0.01 3 19.4978 0.01
r 162.8 0.01 3 19.6141 0.01
r 163 0.01 3 19.7333 0.01
r 163.2 0.01 3 19.8491 0.01
r 163.4 0.01 3 19.9622 0.01
r 163.6 0.01 3 20.084 0.01
r 163.8 0.01 3 20.2009 0.01
r 164 0.01 3 20.3198 0.01
r 164.2 0.01 3 20.4404 0.01
r 164.4 0.01 3 20.5617 0.01
r 164.6 0.01 3 20.6834 0.01
r 164.8 0.01 3 20.8054 0.01
r 165 0.01 3 20.9744 0.01
r 165.2 0.01 3 21.0925 0.01
r 165.4 0.01 3 21.2097 0.01
r 165.6 0.01 3 21.3309 0.01
r 165.8 0.01 3 21.4513 0.01
r 166 0.01 3 21.572 0.01
r 166.2 0.01 3 21.6932 0.01
r 166.4 0.01 3 21.8155 0.01
r 166.6 0.01 3 21.9389 0.01
r 166.8 0.01 3 22.0625 0.01
r 167 0.01 3 22.1889 0.01
r 167.2 0.01 3 22.3131 0.01
r 167.4 0.01 3 22.4405 0.01
r 167.6 0.01 3 22.5659 0.01
r 167.8 0.01 3 22.6925 0.01
r 168 0.01 3 22.818 0.01
r 168.2 0.01 3 22.9449 0.01
r 168.4 0.01 3 23.073 0.01
r 168.6 0.01 3 23.2005 0.01
r 168.8 0.01 3 23.3284 0.01
r 169 0.01 3 23.4568 0.01
r 169.2 0.01 3 23.5848 0.01
r 169.4 0.01 3 23.7131 0.01
r 169.6 0.01 3 23.8416 0.01
r 169.8 0.01 3 23.9705 0.01
r 170 0.01 3 24.0996 0.01
r 170.2 0.01 3 24.2288 0.01
r 170.4 0.01 3 24.3583 0.01
r 170.6 0.01 3 24.488 0.01
r 170.8 0.01 3 24.6178 0.01
r 171 0.01 3 24.7458 0.01
r 171.2 0.01 3 24.8756 0.01
r 171.4 0.01 3 25.0055 0.01
r 171.6 0.01 3 25.1357 0.01
r 171.8 0.01 3 25.266 0.01
r 172 0.01 3 25.3965 0.01
r 172.2 0.01 3 25.5268 0.01
r 172.4 0.01 3 25.6572 0.01
r 172.6 0.01 3 25.788 0.01
r 172.8 0.01 3 25.9188 0.01
r 173 0.01 3 26.0439 0.01
r 173.2 0.01 3 26.174 0.01
r 173.4 0.01 3 26.3043 0.01
r 173.6 0.01 3 26.4348 0.01
r 173.8 0.01 3 26.5654 0.01
r 174 0.01 3 26.6962 0.01
r 174.2 0.01 3 26.8272 0.01
r 174.4 0.01 3 26.9583 0.01
r 174.6 0.01 3 27.0896 0.01
r 174.8 0.01 3 27.221 0.01
r 175 0.01 3 27.3524 0.01
s 145 3 602
r 125 0.01 2 13.512 0.01
r 125.2 0.01 2 13.3787 0.01
r 125.4 0.01 2 13.2457 0.01
r 125.6 0.01 2 13.1129 0.01
r 125.8 0.01 2 12.9803 0.01
r 126 0.01 2 12.848 0.01
r 126.2 0.01 2 12.7157 0.01
r 126.4 0.01 2 12.5833 0.01
r 126.6 0.01 2 12.4509 0.01
r 126.8 0.01 2 12.3184 0.01
r 127 0.01 2 12.1858 0.01
r 127.2 0.01 2 12.0532 0.01
r 127.4 0.01 2 11.9204 0.01
r 127.6 0.01 2 11.7875 0.01
r 127.8 0.01 2 11.6543 0.01
r 128 0.01 2 11.5214 0.01
r 128.2 0.01 2 11.388 0.01
r 128.4 0.01 2 11.2546 0.01
r 128.6 0.01 2 11.1214 0.01
r 128.8 0.01 2 10.9882 0.01
r 129 0.01 2 10.855 0.01
r 129.2 0.01 2 10.7219 0.01
r 129.4 0.01 2 10.5887 0.01
r 129.6 0.01 2 10.4554 0.01
r 129.8 0.01 2 10.322 0.01
r 130 0.01 2 10.1886 0.01
r 130.2 0.01 2 10.0554 0.01
r 130.4 0.01 2 9.92239 0.01
r 130.6 0.01 2 9.78981 0.01
r 130.8 0.01 2 9.65727 0.01
r 131 0.01 2 9.52652 0.01
r 131.2 0.01 2 9.39444 0.01
r 131.4 0.01 2 9.2628 0.01
r 131.6 0.01 2 9.13163 0.01
r 131.8 0.01 2 9.00067 0.01
r 132 0.01 2 8.87095 0.01
r 132.2 0.01 2 8.74135 0.01
r 132.4 0.01 2 8.61189 0.01
r 132.6 0.01 2 8.48271 0.01
r 132.8 0.01 2 8.35399 0.01
r 133 0.01 2 8.22572 0.01
r 133.2 0.01 2 8.09743 0.01
r 133.4 0.01 2 7.96968 0.01
r 133.6 0.01 2 7.84227 0.01
r 133.8 0.01 2 7.71461 0.01
r 134 0.01 2 7.58739 0.01
r 134.2 0.01 2 7.46019 0.01
r 134.4 0.01 2 7.33323 0.01
r 134.6 0.01 2 7.20628 0.01
r 134.8 0.01 2 7.07939 0.01
r 135 0.01 2 6.95299 0.01
r 135.2 0.01 2 6.8258 0.01
r 135.4 0.01 2 6.69893 0.01
r 135.6 0.01 2 6.57242 0.01
r 135.8 0.01 2 6.44608 0.01
r 136 0.01 2 6.32016 0.01
r 136.2 0.01 2 6.19465 0.01
r 136.4 0.01 2 6.0694 0.01
r 136.6 0.01 2 5.94428 0.01
r 136.8 0.01 2 5.81962 0.01
r 137 0.01 2 5.69488 0.01
r 137.2 0.01 2 5.57063 0.01
r 137.4 0.01 2 5.44683 0.01
r 137.6 0.01 2 5.32329 0.01
r 137.8 0.01 2 5.20009 0.01
r 138 0.01 2 5.07692 0.01
r 138.2 0.01 2 4.95436 0.01
r 138.4 0.01 2 4.83327 0.01
r 138.6 0.01 2 4.71025 0.01
r 138.8 0.01 2 4.58959 0.01
r 139 0.01 2 4.46973 0.01
r 139.2 0.01 2 4.35076 0.01
r 139.4 0.01 2 4.23277 0.01
r 139.6 0.01 2 4.11602 0.01
r 139.8 0.01 2 4.00056 0.01
r 140 0.01 2 3.88607 0.01
r 140.2 0.01 2 3.77346 0.01
r 140.4 0.01 2 3.6626 0.01
r 140.6 0.01 2 3.55325 0.01
r 140.8 0.01 2 3.44395 0.01
r 141 0.01 2 3.33423 0.01
r 141.2 0.01 2 3.22832 0.01
r 141.4 0.01 2 3.12446 0.01
r 141.6 0.01 2 3.02285 0.01
r 141.8 0.01 2 2.92393 0.01
r 142 0.01 2 2.82837 0.01
r 142.2 0.01 2 2.73467 0.01
r 142.4 0.01 2 2.64557 0.01
r 142.6 0.01 2 2.5605 0.01
r 142.8 0.01 2 2.47887 0.01
r 143 0.01 2 2.4017 0.01
r 143.2 0.01 2 2.3304 0.01
r 143.4 0.01 2 2.2645 0.01
r 143.6 0.01 2 2.20492 0.01
r 143.8 0.01 2 2.15204 0.01
r 144 0.01 2 2.10602 0.01
r 144.2 0.01 2 2.06727 0.01
r 144.4 0.01 2 2.03717 0.01
r 144.6 0.01 2 2.01498 0.01
r 144.8 0.01 2 2.00247 0.01
r 145 0.01 2 1.99835 0.01
r 145.2 0.01 2 2.0028 0.01
r 145.4 0.01 2 2.01494 0.01
r 145.6 0.01 2 2.03534 0.01
r 145.8 0.01 2 2.06534 0.01
r 146 0.01 2 2.10356 0.01
r 146.2 0.01 2 2.14982 0.01
r 146.4 0.01 2 2.20395 0.01
r 146.6 0.01 2 2.26517 0.01
r 146.8 0.01 2 2.33296 0.01
r 147 0.01 2 2.40699 0.01
r 147.2 0.01 2 2.48501 0.01
r 147.4 0.01 2 2.56838 0.01
r 147.6 0.01 2 2.65579 0.01
r 147.8 0.01 2 2.74777 0.01
r 148 0.01 2 2.84284 0.01
r 148.2 0.01 2 2.94029 0.01
r 148.4 0.01 2 3.0404 0.01
r 148.6 0.01 2 3.14296 0.01
r 148.8 0.01 2 3.24791 0.01
r 149 0.01 2 3.35438 0.01
r 149.2 0.01 2 3.46237 0.01
r 149.4 0.01 2 3.57201 0.01
r 149.6 0.01 2 3.68472 0.01
r 149.8 0.01 2 3.79573 0.01
r 150 0.01 2 3.90839 0.01
r 150.2 0.01 2 4.02265 0.01
r 150.4 0.01 2 4.13796 0.01
r 150.6 0.01 2 4.25441 0.01
r 150.8 0.01 2 4.37166 0.01
r 151 0.01 2 4.48977 0.01
r 151.2 0.01 2 4.60867 0.01
r 151.4 0.01 2 4.72826 0.01
r 151.6 0.01 2 4.8485 0.01
r 151.8 0.01 2 4.96936 0.01
r 152 0.01 2 5.09082 0.01
r 152.2 0.01 2 5.21284 0.01
r 152.4 0.01 2 5.3378 0.01
r 152.6 0.01 2 5.45983 0.01
r 152.8 0.01 2 5.58277 0.01
r 153 0.01 2 5.7065 0.01
r 153.2 0.01 2 5.83279 0.01
r 153.4 0.01 2 5.95703 0.01
r 153.6 0.01 2 6.0819 0.01
r 153.8 0.01 2 6.2074 0.01
r 154 0.01 2 6.3334 0.01
r 154.2 0.01 2 6.45983 0.01
r 154.4 0.01 2 6.58657 0.01
r 154.6 0.01 2 6.7134 0.01
r 154.8 0.01 2 6.84043 0.01
r 155 0.01 2 6.96631 0.01
r 155.2 0.01 2 7.09309 0.01
r 155.4 0.01 2 7.22006 0.01
r 155.6 0.01 2 7.34722 0.01
r 155.8 0.01 2 7.47453 0.01
r 156 0.01 2 7.60189 0.01
r 156.2 0.01 2 7.72952 0.01
r 156.4 0.01 2 7.85738 0.01
r 156.6 0.01 2 7.98553 0.01
r 156.8 0.01 2 8.11391 0.01
r 157 0.01 2 8.24185 0.01
r 157.2 0.01 2 8.37018 0.01
r 157.4 0.01 2 8.49872 0.01
r 157.6 0.01 2 8.62742 0.01
r 157.8 0.01 2 8.75632 0.01
r 158 0.01 2 8.88537 0.01
r 158.2 0.01 2 9.01454 0.01
r 158.4 0.01 2 9.14378 0.01
r 158.6 0.01 2 9.27309 0.01
r 158.8 0.01 2 9.40217 0.01
r 159 0.01 2 9.53093 0.01
r 159.2 0.01 2 9.66019 0.01
r 159.4 0.01 2 9.78964 0.01
r 159.6 0.01 2 9.91897 0.01
r 159.8 0.01 2 10.0484 0.01
r 160 0.01 2 10.178 0.01
r 160.2 0.01 2 10.3077 0.01
r 160.4 0.01 2 10.4377 0.01
r 160.6 0.01 2 10.5678 0.01
r 160.8 0.01 2 10.698 0.01
r 161 0.01 2 10.8277 0.01
r 161.2 0.01 2 10.9579 0.01
r 161.4 0.01 2 11.0882 0.01
r 161.6 0.01 2 11.2188 0.01
r 161.8 0.01 2 11.3493 0.01
r 162 0.01 2 11.48 0.01
r 162.2 0.01 2 11.6106 0.01
r 162.4 0.01 2 11.7414 0.01
r 162.6 0.01 2 11.8721 0.01
r 162.8 0.01 2 12.0027 0.01
r 163 0.01 2 12.1334 0.01
r 163.2 0.01 2 12.264 0.01
r 163.4 0.01 2 12.3945 0.01
r 163.6 0.01 2 12.5249 0.01
r 163.8 0.01 2 12.6554 0.01
r 164 0.01 2 12.7859 0.01
r 164.2 0.01 2 12.9162 0.01
r 164.4 0.01 2 13.0467 0.01
r 164.6 0.01 2 13.178 0.01
r 164.8 0.01 2 13.3085 0.01
r 165 0.01 2 13.4388 0.01
r 105 0.01 3 26.9407 0.01
r 105.2 0.01 3 26.8221 0.01
r 105.4 0.01 3 26.7049 0.01
r 105.6 0.01 3 26.5861 0.01
r 105.8 0.01 3 26.4671 0.01
r 106 0.01 3 26.3483 0.01
r 106.2 0.01 3 26.2289 0.01
r 106.4 0.01 3 26.1094 0.01
r 106.6 0.01 3 25.9897 0.01
r 106.8 0.01 3 25.8697 0.01
r 107 0.01 3 25.7504 0.01
r 107.2 0.01 3 25.6298 0.01
r 107.4 0.01 3 25.509 0.01
r 107.6 0.01 3 25.3886 0.01
r 107.8 0.01 3 25.2683 0.01
r 108 0.01 3 25.1481 0.01
r 108.2 0.01 3 25.0285 0.01
r 108.4 0.01 3 24.9087 0.01
r 108.6 0.01 3 24.7893 0.01
r 108.8 0.01 3 24.6698 0.01
r 109 0.01 3 24.5517 0.01
r 109.2 0.01 3 24.4337 0.01
r 109.4 0.01 3 24.3158 0.01
r 109.6 0.01 3 24.1982 0.01
r 109.8 0.01 3 24.0749 0.01
r 110 0.01 3 23.9568 0.01
r 110.2 0.01 3 23.8468 0.01
r 110.4 0.01 3 23.7307 0.01
r 110.6 0.01 3 23.6145 0.01
r 110.8 0.01 3 23.4893 0.01
r 111 0.01 3 23.3741 0.01
r 111.2 0.01 3 23.2581 0.01
r 111.4 0.01 3 23.1425 0.01
r 111.6 0.01 3 23.0275 0.01
r 111.8 0.01 3 22.9119 0.01
r 112 0.01 3 22.7959 0.01
r 112.2 0.01 3 22.6805 0.01
r 112.4 0.01 3 22.5643 0.01
r 112.6 0.01 3 22.4486 0.01
r 112.8 0.01 3 22.3337 0.01
r 113 0.01 3 22.2207 0.01
r 113.2 0.01 3 22.1082 0.01
r 113.4 0.01 3 21.9977 0.01
r 113.6 0.01 3 21.8868 0.01
r 113.8 0.01 3 21.7718 0.01
r 114 0.01 3 21.6678 0.01
r 114.2 0.01 3 21.5605 0.01
r 114.4 0.01 3 21.3942 0.01
r 114.6 0.01 3 21.2488 0.01
r 114.8 0.01 3 21.1703 0.01
r 115 0.01 3 20.9854 0.01
r 115.2 0.01 3 20.869 0.01
r 115.4 0.01 3 20.7541 0.01
r 115.6 0.01 3 20.6063 0.01
r 115.8 0.01 3 20.491 0.01
r 116 0.01 3 20.3032 0.01
r 116.2 0.01 3 20.2466 0.01
r 116.4 0.01 3 20.1989 0.01
r 116.6 0.01 3 20.0932 0.01
r 116.8 0.01 3 19.8447 0.01
r 117 0.01 3 19.6488 0.01
r 117.2 0.01 3 19.5236 0.01
r 117.4 0.01 3 19.4015 0.01
r 117.6 0.01 3 19.2791 0.01
r 117.8 0.01 3 19.1583 0.01
r 118 0.01 3 19.0393 0.01
r 118.2 0.01 3 18.893 0.01
r 118.4 0.01 3 18.7708 0.01
r 118.6 0.01 3 18.6487 0.01
r 118.8 0.01 3 18.5243 0.01
r 119 0.01 3 18.4058 0.01
r 119.2 0.01 3 18.2879 0.01
r 119.4 0.01 3 18.1719 0.01
r 119.6 0.01 3 18.057 0.01
r 119.8 0.01 3 17.9432 0.01
r 120 0.01 3 17.8316 0.01
r 120.2 0.01 3 17.7192 0.01
r 120.4 0.01 3 17.5776 0.01
r 120.6 0.01 3 17.4293 0.01
r 120.8 0.01 3 17.3452 0.01
r 121 0.01 3 17.1825 0.01
r 121.2 0.01 3 17.0601 0.01
r 121.4 0.01 3 16.9374 0.01
r 121.6 0.01 3 16.8262 0.01
r 121.8 0.01 3 16.703 0.01
r 122 0.01 3 16.5695 0.01
r 122.2 0.01 3 16.5505 0.01
r 122.4 0.01 3 16.3244 0.01
r 122.6 0.01 3 16.2183 0.01
r 122.8 0.01 3 16.0876 0.01
r 123 0.01 3 15.9469 0.01
r 123.2 0.01 3 15.8236 0.01
r 123.4 0.01 3 15.713 0.01
r 123.6 0.01 3 15.5951 0.01
r 123.8 0.01 3 15.4734 0.01
r 124 0.01 3 15.3532 0.01
r 124.2 0.01 3 15.2529 0.01
r 124.4 0.01 3 15.124 0.01
r 124.6 0.01 3 15.0047 0.01
r 124.8 0.01 3 14.9263 0.01
r 125 0.01 3 14.671 0.01
r 125.2 0.01 3 14.546 0.01
r 125.4 0.01 3 14.4223 0.01
r 125.6 0.01 3 14.2982 0.01
r 125.8 0.01 3 14.1753 0.01
r 126 0.01 3 14.0525 0.01
r 126.2 0.01 3 13.9305 0.01
r 126.4 0.01 3 13.8086 0.01
r 126.6 0.01 3 13.6885 0.01
r 126.8 0.01 3 13.5685 0.01
r 127 0.01 3 13.4478 0.01
r 127.2 0.01 3 13.3305 0.01
r 127.4 0.01 3 13.2114 0.01
r 127.6 0.01 3 13.0915 0.01
r 127.8 0.01 3 12.9717 0.01
r 128 0.01 3 12.852 0.01
r 128.2 0.01 3 12.733 0.01
r 128.4 0.01 3 12.615 0.01
r 128.6 0.01 3 12.4963 0.01
r 128.8 0.01 3 12.3781 0.01
r 129 0.01 3 12.2599 0.01
r 129.2 0.01 3 12.1426 0.01
r 129.4 0.01 3 12.0236 0.01
r 129.6 0.01 3 11.906 0.01
r 129.8 0.01 3 11.79 0.01
r 130 0.01 3 11.6763 0.01
r 130.2 0.01 3 11.5635 0.01
r 130.4 0.01 3 11.4515 0.01
r 130.6 0.01 3 11.3236 0.01
r 130.8 0.01 3 11.2242 0.01
r 131 0.01 3 11.0865 0.01
r 131.2 0.01 3 10.9683 0.01
r 131.4 0.01 3 10.8529 0.01
r 131.6 0.01 3 10.7449 0.01
r 131.8 0.01 3 10.637 0.01
r 132 0.01 3 10.5231 0.01
r 132.2 0.01 3 10.4262 0.01
r 132.4 0.01 3 10.3083 0.01
r 132.6 0.01 3 10.21 0.01
r 132.8 0.01 3 10.1048 0.01
r 133 0.01 3 10.0016 0.01
r 133.2 0.01 3 9.89996 0.01
r 133.4 0.01 3 9.80065 0.01
r 133.6 0.01 3 9.70371 0.01
r 133.8 0.01 3 9.60906 0.01
r 134 0.01 3 9.51622 0.01
r 134.2 0.01 3 9.42674 0.01
r 134.4 0.01 3 9.33894 0.01
r 134.6 0.01 3 9.22196 0.01
r 134.8 0.01 3 9.17395 0.01
r 135 0.01 3 9.05291 0.01
r 135.2 0.01 3 8.96902 0.01
r 135.4 0.01 3 8.85754 0.01
r 135.6 0.01 3 8.70649 0.01
r 135.8 0.01 3 8.62715 0.01
r 136 0.01 3 8.53629 0.01
r 136.2 0.01 3 8.45746 0.01
r 136.4 0.01 3 8.36792 0.01
r 136.6 0.01 3 8.28162 0.01
r 136.8 0.01 3 8.19949 0.01
r 137 0.01 3 8.20261 0.01
r 137.2 0.01 3 8.15425 0.01
r 137.4 0.01 3 7.90775 0.01
r 137.6 0.01 3 7.80284 0.01
r 137.8 0.01 3 7.74333 0.01
r 138 0.01 3 7.63639 0.01
r 138.2 0.01 3 7.56186 0.01
r 138.4 0.01 3 7.48472 0.01
r 138.6 0.01 3 7.42496 0.01
r 138.8 0.01 3 7.33739 0.01
r 139 0.01 3 7.22365 0.01
r 139.2 0.01 3 7.15045 0.01
r 139.4 0.01 3 7.077 0.01
r 139.6 0.01 3 7.06556 0.01
r 139.8 0.01 3 6.93806 0.01
r 140 0.01 3 6.87224 0.01
r 140.2 0.01 3 6.85043 0.01
r 140.4 0.01 3 6.74675 0.01
r 140.6 0.01 3 6.69315 0.01
r 140.8 0.01 3 6.63336 0.01
r 141 0.01 3 6.58873 0.01
r 141.2 0.01 3 6.52289 0.01
r 141.4 0.01 3 6.47362 0.01
r 141.6 0.01 3 6.42369 0.01
r 141.8 0.01 3 6.38128 0.01
r 142 0.01 3 6.33388 0.01
r 142.2 0.01 3 6.29088 0.01
r 142.4 0.01 3 6.25079 0.01
r 142.6 0.01 3 6.21679 0.01
r 142.8 0.01 3 6.17988 0.01
r 143 0.01 3 6.14598 0.01
r 143.2 0.01 3 6.11856 0.01
r 143.4 0.01 3 6.09696 0.01
r 143.6 0.01 3 6.0692 0.01
r 143.8 0.01 3 6.05037 0.01
r 144 0.01 3 6.03525 0.01
r 144.2 0.01 3 6.02261 0.01
r 144.4 0.01 3 6.01288 0.01
r 144.6 0.01 3 6.00616 0.01
r 144.8 0.01 3 6.00386 0.01
r 145 0.01 3 6.00282 0.01
r 145.2 0.01 3 6.00473 0.01
r 145.4 0.01 3 6.01023 0.01
r 145.6 0.01 3 6.0167 0.01
r 145.8 0.01 3 6.0277 0.01
r 146 0.01 3 6.04169 0.01
r 146.2 0.01 3 6.0597 0.01
r 146.4 0.01 3 6.08105 0.01
r 146.6 0.01 3 6.10929 0.01
r 146.8 0.01 3 6.13042 0.01
r 147 0.01 3 6.15752 0.01
r 147.2 0.01 3 6.18819 0.01
r 147.4 0.01 3 6.22165 0.01
r 147.6 0.01 3 6.27672 0.01
r 147.8 0.01 3 6.30646 0.01
r 148 0.01 3 6.34579 0.01
r 148.2 0.01 3 6.38656 0.01
r 148.4 0.01 3 6.43002 0.01
r 148.6 0.01 3 6.4771 0.01
r 148.8 0.01 3 6.52592 0.01
r 149 0.01 3 6.57815 0.01
r 149.2 0.01 3 6.63354 0.01
r 149.4 0.01 3 6.69298 0.01
r 149.6 0.01 3 6.75554 0.01
r 149.8 0.01 3 6.8214 0.01
r 150 0.01 3 6.8808 0.01
r 150.2 0.01 3 6.95111 0.01
r 150.4 0.01 3 7.02122 0.01
r 150.6 0.01 3 7.10796 0.01
r 150.8 0.01 3 7.19295 0.01
r 151 0.01 3 7.27955 0.01
r 151.2 0.01 3 7.34728 0.01
r 151.4 0.01 3 7.46939 0.01
r 151.6 0.01 3 7.57693 0.01
r 151.8 0.01 3 7.62131 0.01
r 152 0.01 3 7.75322 0.01
r 152.2 0.01 3 7.90379 0.01
r 152.4 0.01 3 7.96062 0.01
r 152.6 0.01 3 7.93245 0.01
r 152.8 0.01 3 8.14348 0.01
r 153 0.01 3 8.154 0.01
r 153.2 0.01 3 8.27467 0.01
r 153.4 0.01 3 8.33653 0.01
r 153.6 0.01 3 8.45486 0.01
r 153.8 0.01 3 8.54663 0.01
r 154 0.01 3 8.61197 0.01
r 154.2 0.01 3 8.70481 0.01
r 154.4 0.01 3 8.81723 0.01
r 154.6 0.01 3 8.90652 0.01
r 154.8 0.01 3 9.03876 0.01
r 155 0.01 3 9.09633 0.01
r 155.2 0.01 3 9.17837 0.01
r 155.4 0.01 3 9.27941 0.01
r 155.6 0.01 3 9.38322 0.01
r 155.8 0.01 3 9.5084 0.01
r 156 0.01 3 9.58825 0.01
r 156.2 0.01 3 9.68145 0.01
r 156.4 0.01 3 9.77767 0.01
r 156.6 0.01 3 9.87255 0.01
r 156.8 0.01 3 9.97421 0.01
r 157 0.01 3 10.1155 0.01
r 157.2 0.01 3 10.2361 0.01
r 157.4 0.01 3 10.3134 0.01
r 157.6 0.01 3 10.4267 0.01
r 157.8 0.01 3 10.522 0.01
r 158 0.01 3 10.6669 0.01
r 158.2 0.01 3 10.7309 0.01
r 158.4 0.01 3 10.858 0.01
r 158.6 0.01 3 11.0292 0.01
r 158.8 0.01 3 11.0891 0.01
r 159 0.01 3 11.2244 0.01
r 159.2 0.01 3 11.3273 0.01
r 159.4 0.01 3 11.4651 0.01
r 159.6 0.01 3 11.5824 0.01
r 159.8 0.01 3 11.6561 0.01
r 160 0.01 3 11.7769 0.01
r 160.2 0.01 3 11.8905 0.01
r 160.4 0.01 3 11.9988 0.01
r 160.6 0.01 3 12.0982 0.01
r 160.8 0.01 3 12.2157 0.01
r 161 0.01 3 12.666 0.01
r 161.2 0.01 3 12.6128 0.01
r 161.4 0.01 3 12.7197 0.01
r 161.6 0.01 3 12.8141 0.01
r 161.8 0.01 3 12.9103 0.01
r 162 0.01 3 13.1253 0.01
r 162.2 0.01 3 13.1047 0.01
r 162.4 0.01 3 13.2005 0.01
r 162.6 0.01 3 13.4172 0.01
r 162.8 0.01 3 13.3917 0.01
r 163 0.01 3 13.5655 0.01
r 163.2 0.01 3 13.7051 0.01
r 163.4 0.01 3 13.771 0.01
r 163.6 0.01 3 13.954 0.01
r 163.8 0.01 3 13.9386 0.01
r 164 0.01 3 14.0872 0.01
r 164.2 0.01 3 14.2041 0.01
r 164.4 0.01 3 14.3169 0.01
r 164.6 0.01 3 14.4258 0.01
r 164.8 0.01 3 14.5364 0.01
r 165 0.01 3 14.6574 0.01
r 165.2 0.01 3 14.769 0.01
r 165.4 0.01 3 14.8831 0.01
r 165.6 0.01 3 15.058 0.01
r 165.8 0.01 3 15.1742 0.01
r 166 0.01 3 15.2913 0.01
r 166.2 0.01 3 15.4089 0.01
r 166.4 0.01 3 15.5279 0.01
r 166.6 0.01 3 15.648 0.01
r 166.8 0.01 3 15.7686 0.01
r 167 0.01 3 15.8878 0.01
r 167.2 0.01 3 16.0045 0.01
r 167.4 0.01 3 16.122 0.01
r 167.6 0.01 3 16.2405 0.01
r 167.8 0.01 3 16.3599 0.01
r 168 0.01 3 16.4801 0.01
r 168.2 0.01 3 16.601 0.01
r 168.4 0.01 3 16.7228 0.01
r 168.6 0.01 3 16.8451 0.01
r 168.8 0.01 3 16.968 0.01
r 169 0.01 3 17.0928 0.01
r 169.2 0.01 3 17.2161 0.01
r 169.4 0.01 3 17.3397 0.01
r 169.6 0.01 3 17.4641 0.01
r 169.8 0.01 3 17.5891 0.01
r 170 0.01 3 17.714 0.01
r 170.2 0.01 3 17.8398 0.01
r 170.4 0.01 3 17.9654 0.01
r 170.6 0.01 3 18.0912 0.01
r 170.8 0.01 3 18.2177 0.01
r 171 0.01 3 18.3976 0.01
r 171.2 0.01 3 18.5201 0.01
r 171.4 0.01 3 18.6432 0.01
r 171.6 0.01 3 18.7665 0.01
r 171.8 0.01 3 18.8906 0.01
r 172 0.01 3 19.0153 0.01
r 172.2 0.01 3 19.1405 0.01
r 172.4 0.01 3 19.2657 0.01
r 172.6 0.01 3 19.3916 0.01
r 172.8 0.01 3 19.5179 0.01
r 173 0.01 3 19.6373 0.01
r 173.2 0.01 3 19.7613 0.01
r 173.4 0.01 3 19.8858 0.01
r 173.6 0.01 3 20.0109 0.01
r 173.8 0.01 3 20.1363 0.01
r 174 0.01 3 20.262 0.01
r 174.2 0.01 3 20.3881 0.01
r 174.4 0.01 3 20.5147 0.01
r 174.6 0.01 3 20.6415 0.01
r 174.8 0.01 3 20.7685 0.01
r 175 0.01 3 20.9048 0.01
r 175.2 0.01 3 21.0302 0.01
r 175.4 0.01 3 21.1558 0.01
r 175.6 0.01 3 21.2819 0.01
r 175.8 0.01 3 21.4084 0.01
r 176 0.01 3 21.5352 0.01
r 176.2 0.01 3 21.6624 0.01
r 176.4 0.01 3 21.7898 0.01
r 176.6 0.01 3 21.9175 0.01
r 176.8 0.01 3 22.0455 0.01
r 177 0.01 3 22.1729 0.01
r 177.2 0.01 3 22.3009 0.01
r 177.4 0.01 3 22.429 0.01
r 177.6 0.01 3 22.5574 0.01
r 177.8 0.01 3 22.6861 0.01
r 178 0.01 3 22.8149 0.01
r 178.2 0.01 3 22.944 0.01
r 178.4 0.01 3 23.0733 0.01
r 178.6 0.01 3 23.2028 0.01
r 178.8 0.01 3 23.3325 0.01
r 179 0.01 3 23.4588 0.01
r 179.2 0.01 3 23.5886 0.01
r 179.4 0.01 3 23.7184 0.01
r 179.6 0.01 3 23.8486 0.01
r 179.8 0.01 3 23.979 0.01
r 180 0.01 3 24.1091 0.01
r 180.2 0.01 3 24.2396 0.01
r 180.4 0.01 3 24.3702 0.01
r 180.6 0.01 3 24.501 0.01
r 180.8 0.01 3 24.6321 0.01
r 181 0.01 3 24.7513 0.01
r 181.2 0.01 3 24.8817 0.01
r 181.4 0.01 3 25.0123 0.01
r 181.6 0.01 3 25.1431 0.01
r 181.8 0.01 3 25.2739 0.01
r 182 0.01 3 25.4049 0.01
r 182.2 0.01 3 25.5361 0.01
r 182.4 0.01 3 25.6673 0.01
r 182.6 0.01 3 25.7987 0.01
r 182.8 0.01 3 25.9301 0.01
r 183 0.01 3 26.0594 0.01
r 183.2 0.01 3 26.1905 0.01
r 183.4 0.01 3 26.322 0.01
r 183.6 0.01 3 26.4538 0.01
r 183.8 0.01 3 26.5855 0.01
r 184 0.01 3 26.7172 0.01
r 184.2 0.01 3 26.849 0.01
r 184.4 0.01 3 26.9808 0.01
r 184.6 0.01 3 27.1122 0.01
r 184.8 0.01 3 27.2446 0.01
r 185 0.01 3 27.3668 0.01
