10
s 55 3 602
r 35 0.01 2 13.4816 0.01
r 35.2 0.01 2 13.3498 0.01
r 35.4 0.01 2 13.218 0.01
r 35.6 0.01 2 13.0862 0.01
r 35.8 0.01 2 12.9545 0.01
r 36 0.01 2 12.8228 0.01
r 36.2 0.01 2 12.6911 0.01
r 36.4 0.01 2 12.5593 0.01
r 36.6 0.01 2 12.4276 0.01
r 36.8 0.01 2 12.296 0.01
r 37 0.01 2 12.1644 0.01
r 37.2 0.01 2 12.0329 0.01
r 37.4 0.01 2 11.9014 0.01
r 37.6 0.01 2 11.77 0.01
r 37.8 0.01 2 11.6386 0.01
r 38 0.01 2 11.5072 0.01
r 38.2 0.01 2 11.3759 0.01
r 38.4 0.01 2 11.2447 0.01
r 38.6 0.01 2 11.1135 0.01
r 38.8 0.01 2 10.9823 0.01
r 39 0.01 2 10.8512 0.01
r 39.2 0.01 2 10.7202 0.01
r 39.4 0.01 2 10.5892 0.01
r 39.6 0.01 2 10.4583 0.01
r 39.8 0.01 2 10.3274 0.01
r 40 0.01 2 10.1967 0.01
r 40.2 0.01 2 10.066 0.01
r 40.4 0.01 2 9.9353 0.01
r 40.6 0.01 2 9.80466 0.01
r 40.8 0.01 2 9.67418 0.01
r 41 0.01 2 9.54373 0.01
r 41.2 0.01 2 9.41338 0.01
r 41.4 0.01 2 9.28311 0.01
r 41.6 0.01 2 9.15294 0.01
r 41.8 0.01 2 9.02285 0.01
r 42 0.01 2 8.89287 0.01
r 42.2 0.01 2 8.76299 0.01
r 42.4 0.01 2 8.6333 0.01
r 42.6 0.01 2 8.50356 0.01
r 42.8 0.01 2 8.37401 0.01
r 43 0.01 2 8.24461 0.01
r 43.2 0.01 2 8.11536 0.01
r 43.4 0.01 2 7.98617 0.01
r 43.6 0.01 2 7.85712 0.01
r 43.8 0.01 2 7.72834 0.01
r 44 0.01 2 7.59954 0.01
r 44.2 0.01 2 7.47091 0.01
r 44.4 0.01 2 7.34248 0.01
r 44.6 0.01 2 7.21429 0.01
r 44.8 0.01 2 7.08623 0.01
r 45 0.01 2 6.95881 0.01
r 45.2 0.01 2 6.83117 0.01
r 45.4 0.01 2 6.70387 0.01
r 45.6 0.01 2 6.57665 0.01
r 45.8 0.01 2 6.44986 0.01
r 46 0.01 2 6.32331 0.01
r 46.2 0.01 2 6.19701 0.01
r 46.4 0.01 2 6.07092 0.01
r 46.6 0.01 2 5.9453 0.01
r 46.8 0.01 2 5.8198 0.01
r 47 0.01 2 5.69414 0.01
r 47.2 0.01 2 5.56942 0.01
r 47.4 0.01 2 5.44515 0.01
r 47.6 0.01 2 5.32122 0.01
r 47.8 0.01 2 5.1978 0.01
r 48 0.01 2 5.07493 0.01
r 48.2 0.01 2 4.95261 0.01
r 48.4 0.01 2 4.83085 0.01
r 48.6 0.01 2 4.70978 0.01
r 48.8 0.01 2 4.58936 0.01
r 49 0.01 2 4.47161 0.01
r 49.2 0.01 2 4.35318 0.01
r 49.4 0.01 2 4.23522 0.01
r 49.6 0.01 2 4.11734 0.01
r 49.8 0.01 2 4.00065 0.01
r 50 0.01 2 3.88564 0.01
r 50.2 0.01 2 3.77143 0.01
r 50.4 0.01 2 3.65898 0.01
r 50.6 0.01 2 3.54783 0.01
r 50.8 0.01 2 3.43804 0.01
r 51 0.01 2 3.33111 0.01
r 51.2 0.01 2 3.22504 0.01
r 51.4 0.01 2 3.12111 0.01
r 51.6 0.01 2 3.01968 0.01
r 51.8 0.01 2 2.92095 0.01
r 52 0.01 2 2.82485 0.01
r 52.2 0.01 2 2.73199 0.01
r 52.4 0.01 2 2.64269 0.01
r 52.6 0.01 2 2.55733 0.01
r 52.8 0.01 2 2.47606 0.01
r 53 0.01 2 2.39978 0.01
r 53.2 0.01 2 2.32842 0.01
r 53.4 0.01 2 2.26257 0.01
r 53.6 0.01 2 2.20257 0.01
r 53.8 0.01 2 2.14918 0.01
r 54 0.01 2 2.1034 0.01
r 54.2 0.01 2 2.06547 0.01
r 54.4 0.01 2 2.03565 0.01
r 54.6 0.01 2 2.01436 0.01
r 54.8 0.01 2 2.00109 0.01
r 55 0.01 2 1.99626 0.01
r 55.2 0.01 2 2.00082 0.01
r 55.4 0.01 2 2.01316 0.01
r 55.6 0.01 2 2.03379 0.01
r 55.8 0.01 2 2.06401 0.01
r 56 0.01 2 2.10247 0.01
r 56.2 0.01 2 2.14845 0.01
r 56.4 0.01 2 2.20161 0.01
r 56.6 0.01 2 2.26144 0.01
r 56.8 0.01 2 2.32766 0.01
r 57 0.01 2 2.39899 0.01
r 57.2 0.01 2 2.47573 0.01
r 57.4 0.01 2 2.55706 0.01
r 57.6 0.01 2 2.64241 0.01
r 57.8 0.01 2 2.73182 0.01
r 58 0.01 2 2.82464 0.01
r 58.2 0.01 2 2.92054 0.01
r 58.4 0.01 2 3.01961 0.01
r 58.6 0.01 2 3.12109 0.01
r 58.8 0.01 2 3.22476 0.01
r 59 0.01 2 3.3304 0.01
r 59.2 0.01 2 3.43818 0.01
r 59.4 0.01 2 3.54764 0.01
r 59.6 0.01 2 3.6586 0.01
r 59.8 0.01 2 3.77105 0.01
r 60 0.01 2 3.88488 0.01
r 60.2 0.01 2 3.99989 0.01
r 60.4 0.01 2 4.11606 0.01
r 60.6 0.01 2 4.23324 0.01
r 60.8 0.01 2 4.35136 0.01
r 61 0.01 2 4.47027 0.01
r 61.2 0.01 2 4.59002 0.01
r 61.4 0.01 2 4.7105 0.01
r 61.6 0.01 2 4.8316 0.01
r 61.8 0.01 2 4.95338 0.01
r 62 0.01 2 5.07566 0.01
r 62.2 0.01 2 5.19849 0.01
r 62.4 0.01 2 5.32187 0.01
r 62.6 0.01 2 5.44567 0.01
r 62.8 0.01 2 5.56994 0.01
r 63 0.01 2 5.6946 0.01
r 63.2 0.01 2 5.81963 0.01
r 63.4 0.01 2 5.94502 0.01
r 63.6 0.01 2 6.07082 0.01
r 63.8 0.01 2 6.19687 0.01
r 64 0.01 2 6.32308 0.01
r 64.2 0.01 2 6.44969 0.01
r 64.4 0.01 2 6.57663 0.01
r 64.6 0.01 2 6.70374 0.01
r 64.8 0.01 2 6.83111 0.01
r 65 0.01 2 6.95895 0.01
r 65.2 0.01 2 7.08675 0.01
r 65.4 0.01 2 7.21485 0.01
r 65.6 0.01 2 7.3429 0.01
r 65.8 0.01 2 7.47115 0.01
r 66 0.01 2 7.59951 0.01
r 66.2 0.01 2 7.72821 0.01
r 66.4 0.01 2 7.85704 0.01
r 66.6 0.01 2 7.98604 0.01
r 66.8 0.01 2 8.11518 0.01
r 67 0.01 2 8.24454 0.01
r 67.2 0.01 2 8.3738 0.01
r 67.4 0.01 2 8.50328 0.01
r 67.6 0.01 2 8.63288 0.01
r 67.8 0.01 2 8.76263 0.01
r 68 0.01 2 8.8924 0.01
r 68.2 0.01 2 9.02237 0.01
r 68.4 0.01 2 9.15236 0.01
r 68.6 0.01 2 9.2825 0.01
r 68.8 0.01 2 9.41284 0.01
r 69 0.01 2 9.54303 0.01
r 69.2 0.01 2 9.67347 0.01
r 69.4 0.01 2 9.80403 0.01
r 69.6 0.01 2 9.9345 0.01
r 69.8 0.01 2 10.0651 0.01
r 70 0.01 2 10.1956 0.01
r 70.2 0.01 2 10.3263 0.01
r 70.4 0.01 2 10.4572 0.01
r 70.6 0.01 2 10.5881 0.01
r 70.8 0.01 2 10.7191 0.01
r 71 0.01 2 10.8499 0.01
r 71.2 0.01 2 10.981 0.01
r 71.4 0.01 2 11.1122 0.01
r 71.6 0.01 2 11.2434 0.01
r 71.8 0.01 2 11.3747 0.01
r 72 0.01 2 11.506 0.01
r 72.2 0.01 2 11.6374 0.01
r 72.4 0.01 2 11.769 0.01
r 72.6 0.01 2 11.9003 0.01
r 72.8 0.01 2 12.0318 0.01
r 73 0.01 2 12.1633 0.01
r 73.2 0.01 2 12.295 0.01
r 73.4 0.01 2 12.4266 0.01
r 73.6 0.01 2 12.5583 0.01
r 73.8 0.01 2 12.6901 0.01
r 74 0.01 2 12.822 0.01
r 74.2 0.01 2 12.9539 0.01
r 74.4 0.01 2 13.0862 0.01
r 74.6 0.01 2 13.218 0.01
r 74.8 0.01 2 13.3498 0.01
r 75 0.01 2 13.4816 0.01
r 15 0.01 3 27.3421 0.01
r 15.2 0.01 3 27.2114 0.01
r 15.4 0.01 3 27.0807 0.01
r 15.6 0.01 3 26.9502 0.01
r 15.8 0.01 3 26.8197 0.01
r 16 0.01 3 26.6893 0.01
r 16.2 0.01 3 26.5591 0.01
r 16.4 0.01 3 26.4289 0.01
r 16.6 0.01 3 26.2987 0.01
r 16.8 0.01 3 26.1686 0.01
r 17 0.01 3 26.0571 0.01
r 17.2 0.01 3 25.9263 0.01
r 17.4 0.01 3 25.7957 0.01
r 17.6 0.01 3 25.6732 0.01
r 17.8 0.01 3 25.5348 0.01
r 18 0.01 3 25.4043 0.01
r 18.2 0.01 3 25.2739 0.01
r 18.4 0.01 3 25.1437 0.01
r 18.6 0.01 3 25.0135 0.01
r 18.8 0.01 3 24.8834 0.01
r 19 0.01 3 24.7981 0.01
r 19.2 0.01 3 24.6676 0.01
r 19.4 0.01 3 24.537 0.01
r 19.6 0.01 3 24.4069 0.01
r 19.8 0.01 3 24.2765 0.01
r 20 0.01 3 24.1463 0.01
r 20.2 0.01 3 24.0161 0.01
r 20.4 0.01 3 23.886 0.01
r 20.6 0.01 3 23.7559 0.01
r 20.8 0.01 3 23.6262 0.01
r 21 0.01 3 23.4978 0.01
r 21.2 0.01 3 23.3675 0.01
r 21.4 0.01 3 23.2371 0.01
r 21.6 0.01 3 23.1069 0.01
r 21.8 0.01 3 22.9767 0.01
r 22 0.01 3 22.8467 0.01
r 22.2 0.01 3 22.7167 0.01
r 22.4 0.01 3 22.5868 0.01
r 22.6 0.01 3 22.457 0.01
r 22.8 0.01 3 22.3273 0.01
r 23 0.01 3 22.1991 0.01
r 23.2 0.01 3 22.0693 0.01
r 23.4 0.01 3 21.9394 0.01
r 23.6 0.01 3 21.8099 0.01
r 23.8 0.01 3 21.6804 0.01
r 24 0.01 3 21.5509 0.01
r 24.2 0.01 3 21.4215 0.01
r 24.4 0.01 3 21.2924 0.01
r 24.6 0.01 3 21.1633 0.01
r 24.8 0.01 3 21.0344 0.01
r 25 0.01 3 20.9105 0.01
r 25.2 0.01 3 20.7812 0.01
r 25.4 0.01 3 20.6519 0.01
r 25.6 0.01 3 20.5226 0.01
r 25.8 0.01 3 20.3936 0.01
r 26 0.01 3 20.2646 0.01
r 26.2 0.01 3 20.1358 0.01
r 26.4 0.01 3 20.0071 0.01
r 26.6 0.01 3 19.8785 0.01
r 26.8 0.01 3 19.7501 0.01
r 27 0.01 3 19.6244 0.01
r 27.2 0.01 3 19.496 0.01
r 27.4 0.01 3 19.3676 0.01
r 27.6 0.01 3 19.2395 0.01
r 27.8 0.01 3 19.1116 0.01
r 28 0.01 3 18.9838 0.01
r 28.2 0.01 3 18.8561 0.01
r 28.4 0.01 3 18.7287 0.01
r 28.6 0.01 3 18.6014 0.01
r 28.8 0.01 3 18.4743 0.01
r 29 0.01 3 18.3638 0.01
r 29.2 0.01 3 18.2357 0.01
r 29.4 0.01 3 18.1077 0.01
r 29.6 0.01 3 17.9801 0.01
r 29.8 0.01 3 17.8526 0.01
r 30 0.01 3 17.7253 0.01
r 30.2 0.01 3 17.5986 0.01
r 30.4 0.01 3 17.4718 0.01
r 30.6 0.01 3 17.3452 0.01
r 30.8 0.01 3 17.219 0.01
r 31 0.01 3 17.0949 0.01
r 31.2 0.01 3 16.9685 0.01
r 31.4 0.01 3 16.8424 0.01
r 31.6 0.01 3 16.7167 0.01
r 31.8 0.01 3 16.5912 0.01
r 32 0.01 3 16.4662 0.01
r 32.2 0.01 3 16.3415 0.01
r 32.4 0.01 3 16.2173 0.01
r 32.6 0.01 3 16.0934 0.01
r 32.8 0.01 3 15.9701 0.01
r 33 0.01 3 15.8448 0.01
r 33.2 0.01 3 15.7216 0.01
r 33.4 0.01 3 15.5989 0.01
r 33.6 0.01 3 15.4767 0.01
r 33.8 0.01 3 15.355 0.01
r 34 0.01 3 15.2334 0.01
r 34.2 0.01 3 15.1112 0.01
r 34.4 0.01 3 14.9913 0.01
r 34.6 0.01 3 14.8724 0.01
r 34.8 0.01 3 14.7538 0.01
r 35 0.01 3 14.6195 0.01
r 35.2 0.01 3 14.4974 0.01
r 35.4 0.01 3 14.3758 0.01
r 35.6 0.01 3 14.2548 0.01
r 35.8 0.01 3 14.1343 0.01
r 36 0.01 3 14.0146 0.01
r 36.2 0.01 3 13.8957 0.01
r 36.4 0.01 3 13.7775 0.01
r 36.6 0.01 3 13.6598 0.01
r 36.8 0.01 3 13.5432 0.01
r 37 0.01 3 13.4223 0.01
r 37.2 0.01 3 13.3065 0.01
r 37.4 0.01 3 13.1915 0.01
r 37.6 0.01 3 13.0767 0.01
r 37.8 0.01 3 12.9646 0.01
r 38 0.01 3 12.8536 0.01
r 38.2 0.01 3 12.744 0.01
r 38.4 0.01 3 12.635 0.01
r 38.6 0.01 3 12.53 0.01
r 38.8 0.01 3 12.4287 0.01
r 39 0.01 3 12.2379 0.01
r 39.2 0.01 3 12.1221 0.01
r 39.4 0.01 3 12.0072 0.01
r 39.6 0.01 3 11.8936 0.01
r 39.8 0.01 3 11.7805 0.01
r 40 0.01 3 11.6688 0.01
r 40.2 0.01 3 11.5606 0.01
r 40.4 0.01 3 11.4504 0.01
r 40.6 0.01 3 11.3439 0.01
r 40.8 0.01 3 11.2363 0.01
r 41 0.01 3 11.1263 0.01
r 41.2 0.01 3 11.0203 0.01
r 41.4 0.01 3 10.925 0.01
r 41.6 0.01 3 10.8201 0.01
r 41.8 0.01 3 10.7212 0.01
r 42 0.01 3 10.6255 0.01
r 42.2 0.01 3 10.5268 0.01
r 42.4 0.01 3 10.4315 0.01
r 42.6 0.01 3 10.3413 0.01
r 42.8 0.01 3 10.2436 0.01
r 43 0.01 3 10.0182 0.01
r 43.2 0.01 3 9.92004 0.01
r 43.4 0.01 3 9.82649 0.01
r 43.6 0.01 3 9.72852 0.01
r 43.8 0.01 3 9.62058 0.01
r 44 0.01 3 9.55416 0.01
r 44.2 0.01 3 9.46612 0.01
r 44.4 0.01 3 9.3837 0.01
r 44.6 0.01 3 9.2919 0.01
r 44.8 0.01 3 9.12332 0.01
r 45 0.01 3 9.04642 0.01
r 45.2 0.01 3 8.9345 0.01
r 45.4 0.01 3 8.84375 0.01
r 45.6 0.01 3 8.74412 0.01
r 45.8 0.01 3 8.64323 0.01
r 46 0.01 3 8.51251 0.01
r 46.2 0.01 3 8.42847 0.01
r 46.4 0.01 3 8.32775 0.01
r 46.6 0.01 3 8.27176 0.01
r 46.8 0.01 3 8.13939 0.01
r 47 0.01 3 8.03794 0.01
r 47.2 0.01 3 7.94286 0.01
r 47.4 0.01 3 7.87927 0.01
r 47.6 0.01 3 7.78029 0.01
r 47.8 0.01 3 7.68948 0.01
r 48 0.01 3 7.6072 0.01
r 48.2 0.01 3 7.527 0.01
r 48.4 0.01 3 7.46233 0.01
r 48.6 0.01 3 7.36325 0.01
r 48.8 0.01 3 7.28636 0.01
r 49 0.01 3 7.21542 0.01
r 49.2 0.01 3 7.14126 0.01
r 49.4 0.01 3 7.07481 0.01
r 49.6 0.01 3 7.00247 0.01
r 49.8 0.01 3 6.94396 0.01
r 50 0.01 3 6.87391 0.01
r 50.2 0.01 3 6.79677 0.01
r 50.4 0.01 3 6.73538 0.01
r 50.6 0.01 3 6.67493 0.01
r 50.8 0.01 3 6.6181 0.01
r 51 0.01 3 6.56144 0.01
r 51.2 0.01 3 6.51006 0.01
r 51.4 0.01 3 6.46191 0.01
r 51.6 0.01 3 6.41749 0.01
r 51.8 0.01 3 6.37687 0.01
r 52 0.01 3 6.31986 0.01
r 52.2 0.01 3 6.27876 0.01
r 52.4 0.01 3 6.24079 0.01
r 52.6 0.01 3 6.20494 0.01
r 52.8 0.01 3 6.17191 0.01
r 53 0.01 3 6.14119 0.01
r 53.2 0.01 3 6.11395 0.01
r 53.4 0.01 3 6.08869 0.01
r 53.6 0.01 3 6.07406 0.01
r 53.8 0.01 3 6.05127 0.01
r 54 0.01 3 6.03285 0.01
r 54.2 0.01 3 6.01874 0.01
r 54.4 0.01 3 6.00944 0.01
r 54.6 0.01 3 6.0041 0.01
r 54.8 0.01 3 6.00385 0.01
r 55 0.01 3 5.99669 0.01
r 55.2 0.01 3 5.99684 0.01
r 55.4 0.01 3 6.00079 0.01
r 55.6 0.01 3 6.00813 0.01
r 55.8 0.01 3 6.01846 0.01
r 56 0.01 3 6.03182 0.01
r 56.2 0.01 3 6.048 0.01
r 56.4 0.01 3 6.06721 0.01
r 56.6 0.01 3 6.09493 0.01
r 56.8 0.01 3 6.11535 0.01
r 57 0.01 3 6.1423 0.01
r 57.2 0.01 3 6.17269 0.01
r 57.4 0.01 3 6.20627 0.01
r 57.6 0.01 3 6.24121 0.01
r 57.8 0.01 3 6.27921 0.01
r 58 0.01 3 6.32066 0.01
r 58.2 0.01 3 6.36363 0.01
r 58.4 0.01 3 6.40998 0.01
r 58.6 0.01 3 6.45853 0.01
r 58.8 0.01 3 6.50892 0.01
r 59 0.01 3 6.56274 0.01
r 59.2 0.01 3 6.61779 0.01
r 59.4 0.01 3 6.67523 0.01
r 59.6 0.01 3 6.73449 0.01
r 59.8 0.01 3 6.79678 0.01
r 60 0.01 3 6.86055 0.01
r 60.2 0.01 3 6.9257 0.01
r 60.4 0.01 3 6.99347 0.01
r 60.6 0.01 3 7.06337 0.01
r 60.8 0.01 3 7.13735 0.01
r 61 0.01 3 7.2172 0.01
r 61.2 0.01 3 7.28876 0.01
r 61.4 0.01 3 7.3626 0.01
r 61.6 0.01 3 7.44003 0.01
r 61.8 0.01 3 7.52417 0.01
r 62 0.01 3 7.60953 0.01
r 62.2 0.01 3 7.69021 0.01
r 62.4 0.01 3 7.7653 0.01
r 62.6 0.01 3 7.85654 0.01
r 62.8 0.01 3 7.94314 0.01
r 63 0.01 3 8.03996 0.01
r 63.2 0.01 3 8.12541 0.01
r 63.4 0.01 3 8.2136 0.01
r 63.6 0.01 3 8.30584 0.01
r 63.8 0.01 3 8.39869 0.01
r 64 0.01 3 8.48764 0.01
r 64.2 0.01 3 8.69282 0.01
r 64.4 0.01 3 8.80336 0.01
r 64.6 0.01 3 8.82969 0.01
r 64.8 0.01 3 8.93143 0.01
r 65 0.01 3 8.99351 0.01
r 65.2 0.01 3 9.08651 0.01
r 65.4 0.01 3 9.18674 0.01
r 65.6 0.01 3 9.34367 0.01
r 65.8 0.01 3 9.43611 0.01
r 66 0.01 3 9.54933 0.01
r 66.2 0.01 3 9.63339 0.01
r 66.4 0.01 3 9.83761 0.01
r 66.6 0.01 3 9.93714 0.01
r 66.8 0.01 3 10.0092 0.01
r 67 0.01 3 10.2258 0.01
r 67.2 0.01 3 10.3038 0.01
r 67.4 0.01 3 10.394 0.01
r 67.6 0.01 3 10.469 0.01
r 67.8 0.01 3 10.5448 0.01
r 68 0.01 3 10.6357 0.01
r 68.2 0.01 3 10.7166 0.01
r 68.4 0.01 3 10.8307 0.01
r 68.6 0.01 3 10.9519 0.01
r 68.8 0.01 3 11.0643 0.01
r 69 0.01 3 11.1609 0.01
r 69.2 0.01 3 11.2415 0.01
r 69.4 0.01 3 11.3721 0.01
r 69.6 0.01 3 11.4939 0.01
r 69.8 0.01 3 11.5977 0.01
r 70 0.01 3 11.6719 0.01
r 70.2 0.01 3 11.7927 0.01
r 70.4 0.01 3 11.91 0.01
r 70.6 0.01 3 12.0187 0.01
r 70.8 0.01 3 12.1293 0.01
r 71 0.01 3 12.2398 0.01
r 71.2 0.01 3 12.353 0.01
r 71.4 0.01 3 12.4669 0.01
r 71.6 0.01 3 12.583 0.01
r 71.8 0.01 3 12.7019 0.01
r 72 0.01 3 12.82 0.01
r 72.2 0.01 3 12.9369 0.01
r 72.4 0.01 3 13.0571 0.01
r 72.6 0.01 3 13.1769 0.01
r 72.8 0.01 3 13.2967 0.01
r 73 0.01 3 13.4182 0.01
r 73.2 0.01 3 13.5367 0.01
r 73.4 0.01 3 13.6589 0.01
r 73.6 0.01 3 13.7824 0.01
r 73.8 0.01 3 13.9067 0.01
r 74 0.01 3 14.0308 0.01
r 74.2 0.01 3 14.1571 0.01
r 74.4 0.01 3 14.2805 0.01
r 74.6 0.01 3 14.4053 0.01
r 74.8 0.01 3 14.5328 0.01
r 75 0.01 3 14.6578 0.01
r 75.2 0.01 3 14.7841 0.01
r 75.4 0.01 3 14.9107 0.01
r 75.6 0.01 3 15.037 0.01
r 75.8 0.01 3 15.1646 0.01
r 76 0.01 3 15.2914 0.01
r 76.2 0.01 3 15.4158 0.01
r 76.4 0.01 3 15.5465 0.01
r 76.6 0.01 3 15.6743 0.01
r 76.8 0.01 3 15.8006 0.01
r 77 0.01 3 15.926 0.01
r 77.2 0.01 3 16.0553 0.01
r 77.4 0.01 3 16.1827 0.01
r 77.6 0.01 3 16.3127 0.01
r 77.8 0.01 3 16.4407 0.01
r 78 0.01 3 16.5702 0.01
r 78.2 0.01 3 16.7003 0.01
r 78.4 0.01 3 16.827 0.01
r 78.6 0.01 3 16.9536 0.01
r 78.8 0.01 3 17.08 0.01
r 79 0.01 3 17.1554 0.01
r 79.2 0.01 3 17.2836 0.01
r 79.4 0.01 3 17.4118 0.01
r 79.6 0.01 3 17.5404 0.01
r 79.8 0.01 3 17.6691 0.01
r 80 0.01 3 17.798 0.01
r 80.2 0.01 3 17.9269 0.01
r 80.4 0.01 3 18.0551 0.01
r 80.6 0.01 3 18.1842 0.01
r 80.8 0.01 3 18.3132 0.01
r 81 0.01 3 18.4662 0.01
r 81.2 0.01 3 18.6292 0.01
r 81.4 0.01 3 18.7026 0.01
r 81.6 0.01 3 18.8429 0.01
r 81.8 0.01 3 18.9454 0.01
r 82 0.01 3 19.0794 0.01
r 82.2 0.01 3 19.3254 0.01
r 82.4 0.01 3 19.317 0.01
r 82.6 0.01 3 19.4479 0.01
r 82.8 0.01 3 19.694 0.01
r 83 0.01 3 19.6979 0.01
r 83.2 0.01 3 19.8688 0.01
r 83.4 0.01 3 19.9768 0.01
r 83.6 0.01 3 20.1 0.01
r 83.8 0.01 3 20.2194 0.01
r 84 0.01 3 20.3324 0.01
r 84.2 0.01 3 20.5169 0.01
r 84.4 0.01 3 20.5692 0.01
r 84.6 0.01 3 20.7438 0.01
r 84.8 0.01 3 20.8563 0.01
r 85 0.01 3 21.0346 0.01
r 85.2 0.01 3 21.1282 0.01
r 85.4 0.01 3 21.2884 0.01
r 85.6 0.01 3 21.3921 0.01
r 85.8 0.01 3 21.4976 0.01
r 86 0.01 3 21.614 0.01
r 86.2 0.01 3 21.923 0.01
r 86.4 0.01 3 22.0141 0.01
r 86.6 0.01 3 21.9575 0.01
r 86.8 0.01 3 22.0887 0.01
r 87 0.01 3 22.2354 0.01
r 87.2 0.01 3 22.4272 0.01
r 87.4 0.01 3 22.5346 0.01
r 87.6 0.01 3 22.6433 0.01
r 87.8 0.01 3 22.8199 0.01
r 88 0.01 3 22.9254 0.01
r 88.2 0.01 3 23.0285 0.01
r 88.4 0.01 3 23.0864 0.01
r 88.6 0.01 3 23.2399 0.01
r 88.8 0.01 3 23.3514 0.01
r 89 0.01 3 23.4264 0.01
r 89.2 0.01 3 23.5482 0.01
r 89.4 0.01 3 23.663 0.01
r 89.6 0.01 3 23.78 0.01
r 89.8 0.01 3 23.918 0.01
r 90 0.01 3 24.0311 0.01
r 90.2 0.01 3 24.1499 0.01
r 90.4 0.01 3 24.2656 0.01
r 90.6 0.01 3 24.3821 0.01
r 90.8 0.01 3 24.4969 0.01
r 91 0.01 3 24.6132 0.01
r 91.2 0.01 3 24.7305 0.01
r 91.4 0.01 3 24.8481 0.01
r 91.6 0.01 3 24.9671 0.01
r 91.8 0.01 3 25.0859 0.01
r 92 0.01 3 25.2047 0.01
r 92.2 0.01 3 25.3231 0.01
r 92.4 0.01 3 25.4423 0.01
r 92.6 0.01 3 25.562 0.01
r 92.8 0.01 3 25.6819 0.01
r 93 0.01 3 25.8029 0.01
r 93.2 0.01 3 25.9231 0.01
r 93.4 0.01 3 26.0436 0.01
r 93.6 0.01 3 26.1709 0.01
r 93.8 0.01 3 26.2911 0.01
r 94 0.01 3 26.4118 0.01
r 94.2 0.01 3 26.5323 0.01
r 94.4 0.01 3 26.653 0.01
r 94.6 0.01 3 26.7739 0.01
r 94.8 0.01 3 26.8947 0.01
r 95 0.01 3 27.0168 0.01
s 65 3 602
r 45 0.01 2 13.4823 0.01
r 45.2 0.01 2 13.3505 0.01
r 45.4 0.01 2 13.2187 0.01
r 45.6 0.01 2 13.087 0.01
r 45.8 0.01 2 12.9553 0.01
r 46 0.01 2 12.8236 0.01
r 46.2 0.01 2 12.6919 0.01
r 46.4 0.01 2 12.5602 0.01
r 46.6 0.01 2 12.4285 0.01
r 46.8 0.01 2 12.2969 0.01
r 47 0.01 2 12.1654 0.01
r 47.2 0.01 2 12.0339 0.01
r 47.4 0.01 2 11.9025 0.01
r 47.6 0.01 2 11.771 0.01
r 47.8 0.01 2 11.6396 0.01
r 48 0.01 2 11.5083 0.01
r 48.2 0.01 2 11.377 0.01
r 48.4 0.01 2 11.2458 0.01
r 48.6 0.01 2 11.1146 0.01
r 48.8 0.01 2 10.9835 0.01
r 49 0.01 2 10.8524 0.01
r 49.2 0.01 2 10.7214 0.01
r 49.4 0.01 2 10.5905 0.01
r 49.6 0.01 2 10.4596 0.01
r 49.8 0.01 2 10.3287 0.01
r 50 0.01 2 10.198 0.01
r 50.2 0.01 2 10.0673 0.01
r 50.4 0.01 2 9.93663 0.01
r 50.6 0.01 2 9.80598 0.01
r 50.8 0.01 2 9.67551 0.01
r 51 0.01 2 9.54509 0.01
r 51.2 0.01 2 9.41473 0.01
r 51.4 0.01 2 9.28446 0.01
r 51.6 0.01 2 9.15427 0.01
r 51.8 0.01 2 9.02417 0.01
r 52 0.01 2 8.89417 0.01
r 52.2 0.01 2 8.76432 0.01
r 52.4 0.01 2 8.63451 0.01
r 52.6 0.01 2 8.50514 0.01
r 52.8 0.01 2 8.37596 0.01
r 53 0.01 2 8.24594 0.01
r 53.2 0.01 2 8.11657 0.01
r 53.4 0.01 2 7.98735 0.01
r 53.6 0.01 2 7.85826 0.01
r 53.8 0.01 2 7.72941 0.01
r 54 0.01 2 7.6006 0.01
r 54.2 0.01 2 7.47191 0.01
r 54.4 0.01 2 7.34343 0.01
r 54.6 0.01 2 7.2151 0.01
r 54.8 0.01 2 7.08702 0.01
r 55 0.01 2 6.95937 0.01
r 55.2 0.01 2 6.83167 0.01
r 55.4 0.01 2 6.70425 0.01
r 55.6 0.01 2 6.57705 0.01
r 55.8 0.01 2 6.45019 0.01
r 56 0.01 2 6.32354 0.01
r 56.2 0.01 2 6.19711 0.01
r 56.4 0.01 2 6.07098 0.01
r 56.6 0.01 2 5.94529 0.01
r 56.8 0.01 2 5.82012 0.01
r 57 0.01 2 5.69399 0.01
r 57.2 0.01 2 5.56922 0.01
r 57.4 0.01 2 5.44489 0.01
r 57.6 0.01 2 5.32094 0.01
r 57.8 0.01 2 5.19738 0.01
r 58 0.01 2 5.07448 0.01
r 58.2 0.01 2 4.95206 0.01
r 58.4 0.01 2 4.83032 0.01
r 58.6 0.01 2 4.70912 0.01
r 58.8 0.01 2 4.58861 0.01
r 59 0.01 2 4.46933 0.01
r 59.2 0.01 2 4.35027 0.01
r 59.4 0.01 2 4.23243 0.01
r 59.6 0.01 2 4.11535 0.01
r 59.8 0.01 2 3.99884 0.01
r 60 0.01 2 3.88553 0.01
r 60.2 0.01 2 3.77156 0.01
r 60.4 0.01 2 3.65877 0.01
r 60.6 0.01 2 3.54748 0.01
r 60.8 0.01 2 3.43757 0.01
r 61 0.01 2 3.32891 0.01
r 61.2 0.01 2 3.22302 0.01
r 61.4 0.01 2 3.11919 0.01
r 61.6 0.01 2 3.0178 0.01
r 61.8 0.01 2 2.91911 0.01
r 62 0.01 2 2.82281 0.01
r 62.2 0.01 2 2.73011 0.01
r 62.4 0.01 2 2.64242 0.01
r 62.6 0.01 2 2.55536 0.01
r 62.8 0.01 2 2.47534 0.01
r 63 0.01 2 2.39893 0.01
r 63.2 0.01 2 2.32732 0.01
r 63.4 0.01 2 2.26 0.01
r 63.6 0.01 2 2.20107 0.01
r 63.8 0.01 2 2.14694 0.01
r 64 0.01 2 2.10073 0.01
r 64.2 0.01 2 2.06223 0.01
r 64.4 0.01 2 2.03212 0.01
r 64.6 0.01 2 2.0104 0.01
r 64.8 0.01 2 1.99664 0.01
r 65 0.01 2 1.9944 0.01
r 65.2 0.01 2 1.99882 0.01
r 65.4 0.01 2 2.01122 0.01
r 65.6 0.01 2 2.03181 0.01
r 65.8 0.01 2 2.06197 0.01
r 66 0.01 2 2.10036 0.01
r 66.2 0.01 2 2.14626 0.01
r 66.4 0.01 2 2.19935 0.01
r 66.6 0.01 2 2.25911 0.01
r 66.8 0.01 2 2.32524 0.01
r 67 0.01 2 2.39707 0.01
r 67.2 0.01 2 2.47325 0.01
r 67.4 0.01 2 2.55426 0.01
r 67.6 0.01 2 2.63957 0.01
r 67.8 0.01 2 2.72887 0.01
r 68 0.01 2 2.82147 0.01
r 68.2 0.01 2 2.91739 0.01
r 68.4 0.01 2 3.01609 0.01
r 68.6 0.01 2 3.11742 0.01
r 68.8 0.01 2 3.22098 0.01
r 69 0.01 2 3.32735 0.01
r 69.2 0.01 2 3.43453 0.01
r 69.4 0.01 2 3.5439 0.01
r 69.6 0.01 2 3.65488 0.01
r 69.8 0.01 2 3.76727 0.01
r 70 0.01 2 3.88101 0.01
r 70.2 0.01 2 3.99708 0.01
r 70.4 0.01 2 4.1126 0.01
r 70.6 0.01 2 4.22942 0.01
r 70.8 0.01 2 4.3474 0.01
r 71 0.01 2 4.46675 0.01
r 71.2 0.01 2 4.58615 0.01
r 71.4 0.01 2 4.70651 0.01
r 71.6 0.01 2 4.82785 0.01
r 71.8 0.01 2 4.95002 0.01
r 72 0.01 2 5.07266 0.01
r 72.2 0.01 2 5.19484 0.01
r 72.4 0.01 2 5.3183 0.01
r 72.6 0.01 2 5.4423 0.01
r 72.8 0.01 2 5.56693 0.01
r 73 0.01 2 5.6916 0.01
r 73.2 0.01 2 5.8169 0.01
r 73.4 0.01 2 5.94259 0.01
r 73.6 0.01 2 6.06868 0.01
r 73.8 0.01 2 6.19508 0.01
r 74 0.01 2 6.32197 0.01
r 74.2 0.01 2 6.44892 0.01
r 74.4 0.01 2 6.57604 0.01
r 74.6 0.01 2 6.70351 0.01
r 74.8 0.01 2 6.83124 0.01
r 75 0.01 2 6.95914 0.01
r 75.2 0.01 2 7.0873 0.01
r 75.4 0.01 2 7.21562 0.01
r 75.6 0.01 2 7.3445 0.01
r 75.8 0.01 2 7.4732 0.01
r 76 0.01 2 7.60206 0.01
r 76.2 0.01 2 7.7311 0.01
r 76.4 0.01 2 7.86023 0.01
r 76.6 0.01 2 7.98947 0.01
r 76.8 0.01 2 8.11891 0.01
r 77 0.01 2 8.24882 0.01
r 77.2 0.01 2 8.37861 0.01
r 77.4 0.01 2 8.50854 0.01
r 77.6 0.01 2 8.63835 0.01
r 77.8 0.01 2 8.76843 0.01
r 78 0.01 2 8.89858 0.01
r 78.2 0.01 2 9.02762 0.01
r 78.4 0.01 2 9.15778 0.01
r 78.6 0.01 2 9.28799 0.01
r 78.8 0.01 2 9.41823 0.01
r 79 0.01 2 9.54839 0.01
r 79.2 0.01 2 9.67889 0.01
r 79.4 0.01 2 9.80923 0.01
r 79.6 0.01 2 9.93963 0.01
r 79.8 0.01 2 10.0701 0.01
r 80 0.01 2 10.2006 0.01
r 80.2 0.01 2 10.3313 0.01
r 80.4 0.01 2 10.4622 0.01
r 80.6 0.01 2 10.5927 0.01
r 80.8 0.01 2 10.7233 0.01
r 81 0.01 2 10.8539 0.01
r 81.2 0.01 2 10.9844 0.01
r 81.4 0.01 2 11.115 0.01
r 81.6 0.01 2 11.2457 0.01
r 81.8 0.01 2 11.3763 0.01
r 82 0.01 2 11.507 0.01
r 82.2 0.01 2 11.6376 0.01
r 82.4 0.01 2 11.7682 0.01
r 82.6 0.01 2 11.8988 0.01
r 82.8 0.01 2 12.0299 0.01
r 83 0.01 2 12.1603 0.01
r 83.2 0.01 2 12.2908 0.01
r 83.4 0.01 2 12.4212 0.01
r 83.6 0.01 2 12.5516 0.01
r 83.8 0.01 2 12.6819 0.01
r 84 0.01 2 12.8122 0.01
r 84.2 0.01 2 12.9424 0.01
r 84.4 0.01 2 13.0725 0.01
r 84.6 0.01 2 13.2025 0.01
r 84.8 0.01 2 13.3323 0.01
r 85 0.01 2 13.4621 0.01
r 25 0.01 3 27.3434 0.01
r 25.2 0.01 3 27.2126 0.01
r 25.4 0.01 3 27.0817 0.01
r 25.6 0.01 3 26.9511 0.01
r 25.8 0.01 3 26.8206 0.01
r 26 0.01 3 26.6901 0.01
r 26.2 0.01 3 26.5597 0.01
r 26.4 0.01 3 26.4295 0.01
r 26.6 0.01 3 26.2993 0.01
r 26.8 0.01 3 26.1693 0.01
r 27 0.01 3 26.0576 0.01
r 27.2 0.01 3 25.9269 0.01
r 27.4 0.01 3 25.7963 0.01
r 27.6 0.01 3 25.6657 0.01
r 27.8 0.01 3 25.5353 0.01
r 28 0.01 3 25.4049 0.01
r 28.2 0.01 3 25.2745 0.01
r 28.4 0.01 3 25.1442 0.01
r 28.6 0.01 3 25.0141 0.01
r 28.8 0.01 3 24.884 0.01
r 29 0.01 3 24.7995 0.01
r 29.2 0.01 3 24.6689 0.01
r 29.4 0.01 3 24.5383 0.01
r 29.6 0.01 3 24.4076 0.01
r 29.8 0.01 3 24.2773 0.01
r 30 0.01 3 24.1466 0.01
r 30.2 0.01 3 24.0164 0.01
r 30.4 0.01 3 23.8861 0.01
r 30.6 0.01 3 23.7558 0.01
r 30.8 0.01 3 23.6258 0.01
r 31 0.01 3 23.4965 0.01
r 31.2 0.01 3 23.3664 0.01
r 31.4 0.01 3 23.2362 0.01
r 31.6 0.01 3 23.106 0.01
r 31.8 0.01 3 22.9763 0.01
r 32 0.01 3 22.8462 0.01
r 32.2 0.01 3 22.7165 0.01
r 32.4 0.01 3 22.5869 0.01
r 32.6 0.01 3 22.4574 0.01
r 32.8 0.01 3 22.3279 0.01
r 33 0.01 3 22.1997 0.01
r 33.2 0.01 3 22.0698 0.01
r 33.4 0.01 3 21.9401 0.01
r 33.6 0.01 3 21.8104 0.01
r 33.8 0.01 3 21.6808 0.01
r 34 0.01 3 21.5514 0.01
r 34.2 0.01 3 21.4223 0.01
r 34.4 0.01 3 21.293 0.01
r 34.6 0.01 3 21.1639 0.01
r 34.8 0.01 3 21.035 0.01
r 35 0.01 3 20.9069 0.01
r 35.2 0.01 3 20.7779 0.01
r 35.4 0.01 3 20.649 0.01
r 35.6 0.01 3 20.5202 0.01
r 35.8 0.01 3 20.3916 0.01
r 36 0.01 3 20.2632 0.01
r 36.2 0.01 3 20.1349 0.01
r 36.4 0.01 3 20.0068 0.01
r 36.6 0.01 3 19.8789 0.01
r 36.8 0.01 3 19.7514 0.01
r 37 0.01 3 19.6227 0.01
r 37.2 0.01 3 19.4952 0.01
r 37.4 0.01 3 19.3678 0.01
r 37.6 0.01 3 19.2407 0.01
r 37.8 0.01 3 19.1139 0.01
r 38 0.01 3 18.9872 0.01
r 38.2 0.01 3 18.861 0.01
r 38.4 0.01 3 18.736 0.01
r 38.6 0.01 3 18.6115 0.01
r 38.8 0.01 3 18.4884 0.01
r 39 0.01 3 18.3485 0.01
r 39.2 0.01 3 18.2216 0.01
r 39.4 0.01 3 18.0948 0.01
r 39.6 0.01 3 17.9683 0.01
r 39.8 0.01 3 17.842 0.01
r 40 0.01 3 17.7159 0.01
r 40.2 0.01 3 17.5902 0.01
r 40.4 0.01 3 17.465 0.01
r 40.6 0.01 3 17.3405 0.01
r 40.8 0.01 3 17.2167 0.01
r 41 0.01 3 17.1366 0.01
r 41.2 0.01 3 17.0096 0.01
r 41.4 0.01 3 16.8825 0.01
r 41.6 0.01 3 16.7559 0.01
r 41.8 0.01 3 16.6294 0.01
r 42 0.01 3 16.5032 0.01
r 42.2 0.01 3 16.3777 0.01
r 42.4 0.01 3 16.252 0.01
r 42.6 0.01 3 16.127 0.01
r 42.8 0.01 3 16.0025 0.01
r 43 0.01 3 15.8765 0.01
r 43.2 0.01 3 15.7526 0.01
r 43.4 0.01 3 15.6285 0.01
r 43.6 0.01 3 15.5053 0.01
r 43.8 0.01 3 15.3824 0.01
r 44 0.01 3 15.2602 0.01
r 44.2 0.01 3 15.1381 0.01
r 44.4 0.01 3 15.0171 0.01
r 44.6 0.01 3 14.8961 0.01
r 44.8 0.01 3 14.7761 0.01
r 45 0.01 3 14.632 0.01
r 45.2 0.01 3 14.5087 0.01
r 45.4 0.01 3 14.3859 0.01
r 45.6 0.01 3 14.2635 0.01
r 45.8 0.01 3 14.1417 0.01
r 46 0.01 3 14.0203 0.01
r 46.2 0.01 3 13.8991 0.01
r 46.4 0.01 3 13.7787 0.01
r 46.6 0.01 3 13.659 0.01
r 46.8 0.01 3 13.5406 0.01
r 47 0.01 3 13.4221 0.01
r 47.2 0.01 3 13.3044 0.01
r 47.4 0.01 3 13.1903 0.01
r 47.6 0.01 3 13.0745 0.01
r 47.8 0.01 3 12.9633 0.01
r 48 0.01 3 12.8463 0.01
r 48.2 0.01 3 12.7352 0.01
r 48.4 0.01 3 12.6253 0.01
r 48.6 0.01 3 12.5169 0.01
r 48.8 0.01 3 12.4062 0.01
r 49 0.01 3 12.2869 0.01
r 49.2 0.01 3 12.1794 0.01
r 49.4 0.01 3 12.068 0.01
r 49.6 0.01 3 11.9677 0.01
r 49.8 0.01 3 11.8803 0.01
r 50 0.01 3 11.763 0.01
r 50.2 0.01 3 11.6686 0.01
r 50.4 0.01 3 11.5564 0.01
r 50.6 0.01 3 11.4495 0.01
r 50.8 0.01 3 11.369 0.01
r 51 0.01 3 11.2407 0.01
r 51.2 0.01 3 11.1742 0.01
r 51.4 0.01 3 11.0458 0.01
r 51.6 0.01 3 10.9464 0.01
r 51.8 0.01 3 10.8001 0.01
r 52 0.01 3 10.7386 0.01
r 52.2 0.01 3 10.5418 0.01
r 52.4 0.01 3 10.4407 0.01
r 52.6 0.01 3 10.3433 0.01
r 52.8 0.01 3 10.127 0.01
r 53 0.01 3 10.0725 0.01
r 53.2 0.01 3 9.95855 0.01
r 53.4 0.01 3 9.84851 0.01
r 53.6 0.01 3 9.74606 0.01
r 53.8 0.01 3 9.6284 0.01
r 54 0.01 3 9.51606 0.01
r 54.2 0.01 3 9.41989 0.01
r 54.4 0.01 3 9.30428 0.01
r 54.6 0.01 3 9.19527 0.01
r 54.8 0.01 3 9.09339 0.01
r 55 0.01 3 9.00361 0.01
r 55.2 0.01 3 8.90348 0.01
r 55.4 0.01 3 8.79921 0.01
r 55.6 0.01 3 8.70171 0.01
r 55.8 0.01 3 8.60894 0.01
r 56 0.01 3 8.50979 0.01
r 56.2 0.01 3 8.40541 0.01
r 56.4 0.01 3 8.3119 0.01
r 56.6 0.01 3 8.21831 0.01
r 56.8 0.01 3 8.12837 0.01
r 57 0.01 3 8.03971 0.01
r 57.2 0.01 3 7.95094 0.01
r 57.4 0.01 3 7.8653 0.01
r 57.6 0.01 3 7.77837 0.01
r 57.8 0.01 3 7.68711 0.01
r 58 0.01 3 7.6023 0.01
r 58.2 0.01 3 7.51976 0.01
r 58.4 0.01 3 7.43809 0.01
r 58.6 0.01 3 7.36012 0.01
r 58.8 0.01 3 7.28096 0.01
r 59 0.01 3 7.2087 0.01
r 59.2 0.01 3 7.13622 0.01
r 59.4 0.01 3 7.06325 0.01
r 59.6 0.01 3 6.99127 0.01
r 59.8 0.01 3 6.92501 0.01
r 60 0.01 3 6.85845 0.01
r 60.2 0.01 3 6.79521 0.01
r 60.4 0.01 3 6.73382 0.01
r 60.6 0.01 3 6.67339 0.01
r 60.8 0.01 3 6.61701 0.01
r 61 0.01 3 6.56172 0.01
r 61.2 0.01 3 6.50929 0.01
r 61.4 0.01 3 6.45818 0.01
r 61.6 0.01 3 6.40786 0.01
r 61.8 0.01 3 6.36264 0.01
r 62 0.01 3 6.55466 0.01
r 62.2 0.01 3 6.27808 0.01
r 62.4 0.01 3 6.24135 0.01
r 62.6 0.01 3 6.20385 0.01
r 62.8 0.01 3 6.17058 0.01
r 63 0.01 3 6.13959 0.01
r 63.2 0.01 3 6.11129 0.01
r 63.4 0.01 3 6.08593 0.01
r 63.6 0.01 3 6.06366 0.01
r 63.8 0.01 3 6.05192 0.01
r 64 0.01 3 6.03051 0.01
r 64.2 0.01 3 6.01479 0.01
r 64.4 0.01 3 6.00338 0.01
r 64.6 0.01 3 5.99667 0.01
r 64.8 0.01 3 5.991 0.01
r 65 0.01 3 5.99096 0.01
r 65.2 0.01 3 5.99112 0.01
r 65.4 0.01 3 5.99483 0.01
r 65.6 0.01 3 6.00205 0.01
r 65.8 0.01 3 6.01216 0.01
r 66 0.01 3 6.02529 0.01
r 66.2 0.01 3 6.04133 0.01
r 66.4 0.01 3 6.06046 0.01
r 66.6 0.01 3 6.08806 0.01
r 66.8 0.01 3 6.10851 0.01
r 67 0.01 3 6.13699 0.01
r 67.2 0.01 3 6.16575 0.01
r 67.4 0.01 3 6.19881 0.01
r 67.6 0.01 3 6.23649 0.01
r 67.8 0.01 3 6.27828 0.01
r 68 0.01 3 6.31497 0.01
r 68.2 0.01 3 6.35793 0.01
r 68.4 0.01 3 6.42048 0.01
r 68.6 0.01 3 6.4869 0.01
r 68.8 0.01 3 6.54719 0.01
r 69 0.01 3 6.58636 0.01
r 69.2 0.01 3 6.67265 0.01
r 69.4 0.01 3 6.66925 0.01
r 69.6 0.01 3 6.73032 0.01
r 69.8 0.01 3 6.90572 0.01
r 70 0.01 3 6.99143 0.01
r 70.2 0.01 3 7.07361 0.01
r 70.4 0.01 3 6.99054 0.01
r 70.6 0.01 3 7.07325 0.01
r 70.8 0.01 3 7.13916 0.01
r 71 0.01 3 7.49116 0.01
r 71.2 0.01 3 7.2873 0.01
r 71.4 0.01 3 7.37098 0.01
r 71.6 0.01 3 7.78389 0.01
r 71.8 0.01 3 7.52086 0.01
r 72 0.01 3 7.98457 0.01
r 72.2 0.01 3 8.08792 0.01
r 72.4 0.01 3 7.76967 0.01
r 72.6 0.01 3 7.85551 0.01
r 72.8 0.01 3 7.9456 0.01
r 73 0.01 3 8.03615 0.01
r 73.2 0.01 3 8.13112 0.01
r 73.4 0.01 3 8.77767 0.01
r 73.6 0.01 3 8.8415 0.01
r 73.8 0.01 3 8.41222 0.01
r 74 0.01 3 8.50376 0.01
r 74.2 0.01 3 8.60128 0.01
r 74.4 0.01 3 8.70335 0.01
r 74.6 0.01 3 9.4485 0.01
r 74.8 0.01 3 8.89794 0.01
r 75 0.01 3 8.99558 0.01
r 75.2 0.01 3 9.10983 0.01
r 75.4 0.01 3 9.20152 0.01
r 75.6 0.01 3 9.29734 0.01
r 75.8 0.01 3 9.41046 0.01
r 76 0.01 3 9.52152 0.01
r 76.2 0.01 3 10.4178 0.01
r 76.4 0.01 3 9.72543 0.01
r 76.6 0.01 3 9.82818 0.01
r 76.8 0.01 3 9.94483 0.01
r 77 0.01 3 10.0403 0.01
r 77.2 0.01 3 10.1585 0.01
r 77.4 0.01 3 10.2694 0.01
r 77.6 0.01 3 10.3895 0.01
r 77.8 0.01 3 10.4907 0.01
r 78 0.01 3 10.6129 0.01
r 78.2 0.01 3 10.7272 0.01
r 78.4 0.01 3 10.8333 0.01
r 78.6 0.01 3 10.9405 0.01
r 78.8 0.01 3 11.0583 0.01
r 79 0.01 3 11.1961 0.01
r 79.2 0.01 3 11.3465 0.01
r 79.4 0.01 3 11.4233 0.01
r 79.6 0.01 3 11.5224 0.01
r 79.8 0.01 3 11.6892 0.01
r 80 0.01 3 11.7426 0.01
r 80.2 0.01 3 11.8609 0.01
r 80.4 0.01 3 11.989 0.01
r 80.6 0.01 3 12.145 0.01
r 80.8 0.01 3 12.2455 0.01
r 81 0.01 3 12.4581 0.01
r 81.2 0.01 3 12.5515 0.01
r 81.4 0.01 3 12.7111 0.01
r 81.6 0.01 3 12.7474 0.01
r 81.8 0.01 3 12.8417 0.01
r 82 0.01 3 12.9652 0.01
r 82.2 0.01 3 13.0859 0.01
r 82.4 0.01 3 13.1967 0.01
r 82.6 0.01 3 13.3195 0.01
r 82.8 0.01 3 13.8704 0.01
r 83 0.01 3 13.6162 0.01
r 83.2 0.01 3 13.8218 0.01
r 83.4 0.01 3 13.9307 0.01
r 83.6 0.01 3 14.1144 0.01
r 83.8 0.01 3 14.0904 0.01
r 84 0.01 3 14.2261 0.01
r 84.2 0.01 3 14.5312 0.01
r 84.4 0.01 3 14.4089 0.01
r 84.6 0.01 3 14.7841 0.01
r 84.8 0.01 3 14.6077 0.01
r 85 0.01 3 14.853 0.01
r 85.2 0.01 3 15.023 0.01
r 85.4 0.01 3 15.1471 0.01
r 85.6 0.01 3 15.2006 0.01
r 85.8 0.01 3 15.314 0.01
r 86 0.01 3 15.4297 0.01
r 86.2 0.01 3 15.5269 0.01
r 86.4 0.01 3 15.6096 0.01
r 86.6 0.01 3 15.7264 0.01
r 86.8 0.01 3 16.1764 0.01
r 87 0.01 3 16.1108 0.01
r 87.2 0.01 3 16.2724 0.01
r 87.4 0.01 3 16.3787 0.01
r 87.6 0.01 3 16.254 0.01
r 87.8 0.01 3 16.5745 0.01
r 88 0.01 3 16.6869 0.01
r 88.2 0.01 3 16.7977 0.01
r 88.4 0.01 3 16.827 0.01
r 88.6 0.01 3 16.999 0.01
r 88.8 0.01 3 17.1144 0.01
r 89 0.01 3 17.3741 0.01
r 89.2 0.01 3 17.4283 0.01
r 89.4 0.01 3 17.4997 0.01
r 89.6 0.01 3 17.6475 0.01
r 89.8 0.01 3 17.6214 0.01
r 90 0.01 3 17.796 0.01
r 90.2 0.01 3 17.8909 0.01
r 90.4 0.01 3 18.1641 0.01
r 90.6 0.01 3 18.0993 0.01
r 90.8 0.01 3 18.2114 0.01
r 91 0.01 3 18.2927 0.01
r 91.2 0.01 3 18.5813 0.01
r 91.4 0.01 3 18.7174 0.01
r 91.6 0.01 3 18.6607 0.01
r 91.8 0.01 3 18.8802 0.01
r 92 0.01 3 18.9765 0.01
r 92.2 0.01 3 19.102 0.01
r 92.4 0.01 3 19.1517 0.01
r 92.6 0.01 3 19.2593 0.01
r 92.8 0.01 3 19.37 0.01
r 93 0.01 3 19.4743 0.01
r 93.2 0.01 3 19.6014 0.01
r 93.4 0.01 3 19.6979 0.01
r 93.6 0.01 3 19.8048 0.01
r 93.8 0.01 3 19.9093 0.01
r 94 0.01 3 20.0949 0.01
r 94.2 0.01 3 20.1142 0.01
r 94.4 0.01 3 20.3368 0.01
r 94.6 0.01 3 20.5866 0.01
r 94.8 0.01 3 20.5224 0.01
r 95 0.01 3 20.7106 0.01
r 95.2 0.01 3 20.8167 0.01
r 95.4 0.01 3 20.9058 0.01
r 95.6 0.01 3 21.0281 0.01
r 95.8 0.01 3 21.1522 0.01
r 96 0.01 3 21.2313 0.01
r 96.2 0.01 3 21.3449 0.01
r 96.4 0.01 3 21.4829 0.01
r 96.6 0.01 3 21.5785 0.01
r 96.8 0.01 3 21.6883 0.01
r 97 0.01 3 21.784 0.01
r 97.2 0.01 3 21.9001 0.01
r 97.4 0.01 3 22.0146 0.01
r 97.6 0.01 3 22.1318 0.01
r 97.8 0.01 3 22.247 0.01
r 98 0.01 3 22.3588 0.01
r 98.2 0.01 3 22.4786 0.01
r 98.4 0.01 3 22.591 0.01
r 98.6 0.01 3 22.7065 0.01
r 98.8 0.01 3 22.825 0.01
r 99 0.01 3 22.9383 0.01
r 99.2 0.01 3 23.056 0.01
r 99.4 0.01 3 23.1757 0.01
r 99.6 0.01 3 23.2949 0.01
r 99.8 0.01 3 23.4137 0.01
r 100 0.01 3 23.5309 0.01
r 100.2 0.01 3 23.6502 0.01
r 100.4 0.01 3 23.7714 0.01
r 100.6 0.01 3 23.8951 0.01
r 100.8 0.01 3 24.0117 0.01
r 101 0.01 3 24.1378 0.01
r 101.2 0.01 3 24.2591 0.01
r 101.4 0.01 3 24.3808 0.01
r 101.6 0.01 3 24.5015 0.01
r 101.8 0.01 3 24.6235 0.01
r 102 0.01 3 24.7419 0.01
r 102.2 0.01 3 24.8644 0.01
r 102.4 0.01 3 24.9871 0.01
r 102.6 0.01 3 25.1101 0.01
r 102.8 0.01 3 25.2334 0.01
r 103 0.01 3 25.358 0.01
r 103.2 0.01 3 25.4817 0.01
r 103.4 0.01 3 25.6055 0.01
r 103.6 0.01 3 25.7296 0.01
r 103.8 0.01 3 25.8539 0.01
r 104 0.01 3 25.9784 0.01
r 104.2 0.01 3 26.103 0.01
r 104.4 0.01 3 26.2278 0.01
r 104.6 0.01 3 26.3528 0.01
r 104.8 0.01 3 26.4779 0.01
r 105 0.01 3 26.6054 0.01
s 75 3 602
r 55 0.01 2 13.482 0.01
r 55.2 0.01 2 13.3501 0.01
r 55.4 0.01 2 13.2186 0.01
r 55.6 0.01 2 13.0866 0.01
r 55.8 0.01 2 12.9546 0.01
r 56 0.01 2 12.8226 0.01
r 56.2 0.01 2 12.6908 0.01
r 56.4 0.01 2 12.5589 0.01
r 56.6 0.01 2 12.4272 0.01
r 56.8 0.01 2 12.2955 0.01
r 57 0.01 2 12.1639 0.01
r 57.2 0.01 2 12.0323 0.01
r 57.4 0.01 2 11.9008 0.01
r 57.6 0.01 2 11.7694 0.01
r 57.8 0.01 2 11.6379 0.01
r 58 0.01 2 11.5064 0.01
r 58.2 0.01 2 11.375 0.01
r 58.4 0.01 2 11.2437 0.01
r 58.6 0.01 2 11.1125 0.01
r 58.8 0.01 2 10.9813 0.01
r 59 0.01 2 10.8501 0.01
r 59.2 0.01 2 10.7193 0.01
r 59.4 0.01 2 10.5882 0.01
r 59.6 0.01 2 10.4571 0.01
r 59.8 0.01 2 10.3262 0.01
r 60 0.01 2 10.1953 0.01
r 60.2 0.01 2 10.0649 0.01
r 60.4 0.01 2 9.93415 0.01
r 60.6 0.01 2 9.8034 0.01
r 60.8 0.01 2 9.67277 0.01
r 61 0.01 2 9.54244 0.01
r 61.2 0.01 2 9.41215 0.01
r 61.4 0.01 2 9.28197 0.01
r 61.6 0.01 2 9.15187 0.01
r 61.8 0.01 2 9.02188 0.01
r 62 0.01 2 8.89185 0.01
r 62.2 0.01 2 8.76213 0.01
r 62.4 0.01 2 8.63226 0.01
r 62.6 0.01 2 8.50255 0.01
r 62.8 0.01 2 8.37304 0.01
r 63 0.01 2 8.24375 0.01
r 63.2 0.01 2 8.1146 0.01
r 63.4 0.01 2 7.98573 0.01
r 63.6 0.01 2 7.85693 0.01
r 63.8 0.01 2 7.72861 0.01
r 64 0.01 2 7.60011 0.01
r 64.2 0.01 2 7.47109 0.01
r 64.4 0.01 2 7.34276 0.01
r 64.6 0.01 2 7.21478 0.01
r 64.8 0.01 2 7.08697 0.01
r 65 0.01 2 6.95924 0.01
r 65.2 0.01 2 6.83191 0.01
r 65.4 0.01 2 6.70478 0.01
r 65.6 0.01 2 6.57772 0.01
r 65.8 0.01 2 6.451 0.01
r 66 0.01 2 6.3246 0.01
r 66.2 0.01 2 6.19856 0.01
r 66.4 0.01 2 6.07287 0.01
r 66.6 0.01 2 5.94736 0.01
r 66.8 0.01 2 5.82193 0.01
r 67 0.01 2 5.69735 0.01
r 67.2 0.01 2 5.57249 0.01
r 67.4 0.01 2 5.44841 0.01
r 67.6 0.01 2 5.32486 0.01
r 67.8 0.01 2 5.20168 0.01
r 68 0.01 2 5.07923 0.01
r 68.2 0.01 2 4.95704 0.01
r 68.4 0.01 2 4.83583 0.01
r 68.6 0.01 2 4.71541 0.01
r 68.8 0.01 2 4.59417 0.01
r 69 0.01 2 4.47452 0.01
r 69.2 0.01 2 4.35602 0.01
r 69.4 0.01 2 4.23789 0.01
r 69.6 0.01 2 4.12093 0.01
r 69.8 0.01 2 4.00505 0.01
r 70 0.01 2 3.89032 0.01
r 70.2 0.01 2 3.77693 0.01
r 70.4 0.01 2 3.66513 0.01
r 70.6 0.01 2 3.55345 0.01
r 70.8 0.01 2 3.44414 0.01
r 71 0.01 2 3.33657 0.01
r 71.2 0.01 2 3.23075 0.01
r 71.4 0.01 2 3.12707 0.01
r 71.6 0.01 2 3.02578 0.01
r 71.8 0.01 2 2.92718 0.01
r 72 0.01 2 2.8319 0.01
r 72.2 0.01 2 2.73861 0.01
r 72.4 0.01 2 2.64956 0.01
r 72.6 0.01 2 2.56477 0.01
r 72.8 0.01 2 2.48348 0.01
r 73 0.01 2 2.40618 0.01
r 73.2 0.01 2 2.33482 0.01
r 73.4 0.01 2 2.26874 0.01
r 73.6 0.01 2 2.20887 0.01
r 73.8 0.01 2 2.15574 0.01
r 74 0.01 2 2.10974 0.01
r 74.2 0.01 2 2.07128 0.01
r 74.4 0.01 2 2.04141 0.01
r 74.6 0.01 2 2.01969 0.01
r 74.8 0.01 2 2.00742 0.01
r 75 0.01 2 2.00375 0.01
r 75.2 0.01 2 2.00844 0.01
r 75.4 0.01 2 2.02071 0.01
r 75.6 0.01 2 2.04173 0.01
r 75.8 0.01 2 2.07218 0.01
r 76 0.01 2 2.11089 0.01
r 76.2 0.01 2 2.15713 0.01
r 76.4 0.01 2 2.21052 0.01
r 76.6 0.01 2 2.2706 0.01
r 76.8 0.01 2 2.33706 0.01
r 77 0.01 2 2.40864 0.01
r 77.2 0.01 2 2.4856 0.01
r 77.4 0.01 2 2.56721 0.01
r 77.6 0.01 2 2.65283 0.01
r 77.8 0.01 2 2.74254 0.01
r 78 0.01 2 2.83565 0.01
r 78.2 0.01 2 2.93183 0.01
r 78.4 0.01 2 3.03127 0.01
r 78.6 0.01 2 3.1329 0.01
r 78.8 0.01 2 3.23677 0.01
r 79 0.01 2 3.3426 0.01
r 79.2 0.01 2 3.45048 0.01
r 79.4 0.01 2 3.56011 0.01
r 79.6 0.01 2 3.67115 0.01
r 79.8 0.01 2 3.78371 0.01
r 80 0.01 2 3.89747 0.01
r 80.2 0.01 2 4.0125 0.01
r 80.4 0.01 2 4.1286 0.01
r 80.6 0.01 2 4.24572 0.01
r 80.8 0.01 2 4.36373 0.01
r 81 0.01 2 4.48247 0.01
r 81.2 0.01 2 4.60191 0.01
r 81.4 0.01 2 4.72207 0.01
r 81.6 0.01 2 4.84298 0.01
r 81.8 0.01 2 4.96434 0.01
r 82 0.01 2 5.08606 0.01
r 82.2 0.01 2 5.20837 0.01
r 82.4 0.01 2 5.33113 0.01
r 82.6 0.01 2 5.45426 0.01
r 82.8 0.01 2 5.57763 0.01
r 83 0.01 2 5.70152 0.01
r 83.2 0.01 2 5.82562 0.01
r 83.4 0.01 2 5.95066 0.01
r 83.6 0.01 2 6.07445 0.01
r 83.8 0.01 2 6.19898 0.01
r 84 0.01 2 6.32378 0.01
r 84.2 0.01 2 6.44842 0.01
r 84.4 0.01 2 6.57365 0.01
r 84.6 0.01 2 6.69861 0.01
r 84.8 0.01 2 6.82351 0.01
r 85 0.01 2 6.9488 0.01
r 85.2 0.01 2 7.07436 0.01
r 85.4 0.01 2 7.19949 0.01
r 85.6 0.01 2 7.3246 0.01
r 85.8 0.01 2 7.44975 0.01
r 86 0.01 2 7.57483 0.01
r 86.2 0.01 2 7.70003 0.01
r 86.4 0.01 2 7.82522 0.01
r 86.6 0.01 2 7.95032 0.01
r 86.8 0.01 2 8.07566 0.01
r 87 0.01 2 8.20062 0.01
r 87.2 0.01 2 8.3253 0.01
r 87.4 0.01 2 8.44959 0.01
r 87.6 0.01 2 8.57362 0.01
r 87.8 0.01 2 8.69728 0.01
r 88 0.01 2 8.82072 0.01
r 88.2 0.01 2 8.94398 0.01
r 88.4 0.01 2 9.06788 0.01
r 88.6 0.01 2 9.19063 0.01
r 88.8 0.01 2 9.31312 0.01
r 89 0.01 2 9.43576 0.01
r 89.2 0.01 2 9.55848 0.01
r 89.4 0.01 2 9.68105 0.01
r 89.6 0.01 2 9.80381 0.01
r 89.8 0.01 2 9.92672 0.01
r 90 0.01 2 10.0498 0.01
r 90.2 0.01 2 10.1722 0.01
r 90.4 0.01 2 10.2949 0.01
r 90.6 0.01 2 10.4177 0.01
r 90.8 0.01 2 10.5404 0.01
r 91 0.01 2 10.663 0.01
r 91.2 0.01 2 10.7857 0.01
r 91.4 0.01 2 10.9084 0.01
r 91.6 0.01 2 11.0312 0.01
r 91.8 0.01 2 11.154 0.01
r 92 0.01 2 11.2769 0.01
r 92.2 0.01 2 11.3999 0.01
r 92.4 0.01 2 11.5229 0.01
r 92.6 0.01 2 11.6462 0.01
r 92.8 0.01 2 11.7696 0.01
r 93 0.01 2 11.8934 0.01
r 93.2 0.01 2 12.0172 0.01
r 93.4 0.01 2 12.1412 0.01
r 93.6 0.01 2 12.2652 0.01
r 93.8 0.01 2 12.3895 0.01
r 94 0.01 2 12.5139 0.01
r 94.2 0.01 2 12.6384 0.01
r 94.4 0.01 2 12.7631 0.01
r 94.6 0.01 2 12.8878 0.01
r 94.8 0.01 2 13.0127 0.01
r 95 0.01 2 13.1376 0.01
r 35 0.01 3 27.3307 0.01
r 35.2 0.01 3 27.2006 0.01
r 35.4 0.01 3 27.0706 0.01
r 35.6 0.01 3 26.9407 0.01
r 35.8 0.01 3 26.8109 0.01
r 36 0.01 3 26.6813 0.01
r 36.2 0.01 3 26.5517 0.01
r 36.4 0.01 3 26.4223 0.01
r 36.6 0.01 3 26.2932 0.01
r 36.8 0.01 3 26.164 0.01
r 37 0.01 3 26.0334 0.01
r 37.2 0.01 3 25.9043 0.01
r 37.4 0.01 3 25.7754 0.01
r 37.6 0.01 3 25.6465 0.01
r 37.8 0.01 3 25.5179 0.01
r 38 0.01 3 25.3896 0.01
r 38.2 0.01 3 25.2611 0.01
r 38.4 0.01 3 25.133 0.01
r 38.6 0.01 3 25.0051 0.01
r 38.8 0.01 3 24.8776 0.01
r 39 0.01 3 24.7384 0.01
r 39.2 0.01 3 24.6095 0.01
r 39.4 0.01 3 24.4808 0.01
r 39.6 0.01 3 24.3522 0.01
r 39.8 0.01 3 24.2239 0.01
r 40 0.01 3 24.0957 0.01
r 40.2 0.01 3 23.9677 0.01
r 40.4 0.01 3 23.8404 0.01
r 40.6 0.01 3 23.7129 0.01
r 40.8 0.01 3 23.5848 0.01
r 41 0.01 3 23.4531 0.01
r 41.2 0.01 3 23.3248 0.01
r 41.4 0.01 3 23.1964 0.01
r 41.6 0.01 3 23.0682 0.01
r 41.8 0.01 3 22.9401 0.01
r 42 0.01 3 22.8123 0.01
r 42.2 0.01 3 22.6846 0.01
r 42.4 0.01 3 22.5574 0.01
r 42.6 0.01 3 22.4303 0.01
r 42.8 0.01 3 22.3034 0.01
r 43 0.01 3 22.1739 0.01
r 43.2 0.01 3 22.047 0.01
r 43.4 0.01 3 21.9204 0.01
r 43.6 0.01 3 21.7907 0.01
r 43.8 0.01 3 21.6652 0.01
r 44 0.01 3 21.5402 0.01
r 44.2 0.01 3 21.4153 0.01
r 44.4 0.01 3 21.2901 0.01
r 44.6 0.01 3 21.1663 0.01
r 44.8 0.01 3 21.0427 0.01
r 45 0.01 3 20.9136 0.01
r 45.2 0.01 3 20.7883 0.01
r 45.4 0.01 3 20.667 0.01
r 45.6 0.01 3 20.5428 0.01
r 45.8 0.01 3 20.4216 0.01
r 46 0.01 3 20.2985 0.01
r 46.2 0.01 3 20.1777 0.01
r 46.4 0.01 3 20.0571 0.01
r 46.6 0.01 3 19.9381 0.01
r 46.8 0.01 3 19.8195 0.01
r 47 0.01 3 19.6501 0.01
r 47.2 0.01 3 19.5267 0.01
r 47.4 0.01 3 19.4037 0.01
r 47.6 0.01 3 19.2812 0.01
r 47.8 0.01 3 19.1595 0.01
r 48 0.01 3 19.0393 0.01
r 48.2 0.01 3 18.9187 0.01
r 48.4 0.01 3 18.8005 0.01
r 48.6 0.01 3 18.6825 0.01
r 48.8 0.01 3 18.5669 0.01
r 49 0.01 3 18.4392 0.01
r 49.2 0.01 3 18.3235 0.01
r 49.4 0.01 3 18.2071 0.01
r 49.6 0.01 3 18.0925 0.01
r 49.8 0.01 3 17.9701 0.01
r 50 0.01 3 17.8576 0.01
r 50.2 0.01 3 17.7438 0.01
r 50.4 0.01 3 17.6326 0.01
r 50.6 0.01 3 17.5251 0.01
r 50.8 0.01 3 17.4181 0.01
r 51 0.01 3 17.3052 0.01
r 51.2 0.01 3 17.201 0.01
r 51.4 0.01 3 17.0858 0.01
r 51.6 0.01 3 16.9699 0.01
r 51.8 0.01 3 16.8994 0.01
r 52 0.01 3 16.7856 0.01
r 52.2 0.01 3 16.6697 0.01
r 52.4 0.01 3 16.4243 0.01
r 52.6 0.01 3 16.3777 0.01
r 52.8 0.01 3 16.2 0.01
r 53 0.01 3 15.9643 0.01
r 53.2 0.01 3 15.8283 0.01
r 53.4 0.01 3 15.7607 0.01
r 53.6 0.01 3 15.5946 0.01
r 53.8 0.01 3 15.4248 0.01
r 54 0.01 3 15.3692 0.01
r 54.2 0.01 3 15.1807 0.01
r 54.4 0.01 3 15.0671 0.01
r 54.6 0.01 3 14.953 0.01
r 54.8 0.01 3 14.8371 0.01
r 55 0.01 3 14.7146 0.01
r 55.2 0.01 3 14.5854 0.01
r 55.4 0.01 3 14.4587 0.01
r 55.6 0.01 3 14.3656 0.01
r 55.8 0.01 3 14.2248 0.01
r 56 0.01 3 14.0939 0.01
r 56.2 0.01 3 13.9671 0.01
r 56.4 0.01 3 13.8432 0.01
r 56.6 0.01 3 13.7185 0.01
r 56.8 0.01 3 13.6073 0.01
r 57 0.01 3 13.4975 0.01
r 57.2 0.01 3 13.3669 0.01
r 57.4 0.01 3 13.2256 0.01
r 57.6 0.01 3 13.1076 0.01
r 57.8 0.01 3 13.0012 0.01
r 58 0.01 3 12.8788 0.01
r 58.2 0.01 3 12.7576 0.01
r 58.4 0.01 3 12.6377 0.01
r 58.6 0.01 3 12.5262 0.01
r 58.8 0.01 3 12.4065 0.01
r 59 0.01 3 12.2822 0.01
r 59.2 0.01 3 12.1611 0.01
r 59.4 0.01 3 12.0517 0.01
r 59.6 0.01 3 11.9405 0.01
r 59.8 0.01 3 11.8369 0.01
r 60 0.01 3 11.7333 0.01
r 60.2 0.01 3 11.6217 0.01
r 60.4 0.01 3 11.5197 0.01
r 60.6 0.01 3 11.4211 0.01
r 60.8 0.01 3 11.3111 0.01
r 61 0.01 3 11.1946 0.01
r 61.2 0.01 3 11.1765 0.01
r 61.4 0.01 3 11.006 0.01
r 61.6 0.01 3 10.9058 0.01
r 61.8 0.01 3 10.8177 0.01
r 62 0.01 3 10.7294 0.01
r 62.2 0.01 3 10.6312 0.01
r 62.4 0.01 3 10.5521 0.01
r 62.6 0.01 3 10.4789 0.01
r 62.8 0.01 3 10.3954 0.01
r 63 0.01 3 10.2762 0.01
r 63.2 0.01 3 10.1741 0.01
r 63.4 0.01 3 10.0996 0.01
r 63.6 0.01 3 10.1024 0.01
r 63.8 0.01 3 10.0348 0.01
r 64 0.01 3 9.93607 0.01
r 64.2 0.01 3 9.42362 0.01
r 64.4 0.01 3 9.32933 0.01
r 64.6 0.01 3 9.20273 0.01
r 64.8 0.01 3 9.09399 0.01
r 65 0.01 3 8.99994 0.01
r 65.2 0.01 3 8.8881 0.01
r 65.4 0.01 3 8.79941 0.01
r 65.6 0.01 3 8.69607 0.01
r 65.8 0.01 3 8.59925 0.01
r 66 0.01 3 8.50024 0.01
r 66.2 0.01 3 8.40719 0.01
r 66.4 0.01 3 8.31811 0.01
r 66.6 0.01 3 8.22488 0.01
r 66.8 0.01 3 8.1355 0.01
r 67 0.01 3 8.03702 0.01
r 67.2 0.01 3 7.94958 0.01
r 67.4 0.01 3 7.86447 0.01
r 67.6 0.01 3 7.778 0.01
r 67.8 0.01 3 7.6938 0.01
r 68 0.01 3 7.61177 0.01
r 68.2 0.01 3 7.53127 0.01
r 68.4 0.01 3 7.45223 0.01
r 68.6 0.01 3 7.37343 0.01
r 68.8 0.01 3 7.29832 0.01
r 69 0.01 3 7.22139 0.01
r 69.2 0.01 3 7.14767 0.01
r 69.4 0.01 3 7.07619 0.01
r 69.6 0.01 3 7.0067 0.01
r 69.8 0.01 3 6.93898 0.01
r 70 0.01 3 6.87339 0.01
r 70.2 0.01 3 6.81109 0.01
r 70.4 0.01 3 6.75019 0.01
r 70.6 0.01 3 6.6923 0.01
r 70.8 0.01 3 6.63458 0.01
r 71 0.01 3 6.57794 0.01
r 71.2 0.01 3 6.52391 0.01
r 71.4 0.01 3 6.48511 0.01
r 71.6 0.01 3 6.4533 0.01
r 71.8 0.01 3 6.37935 0.01
r 72 0.01 3 6.33629 0.01
r 72.2 0.01 3 6.29574 0.01
r 72.4 0.01 3 6.25774 0.01
r 72.6 0.01 3 6.22202 0.01
r 72.8 0.01 3 6.18997 0.01
r 73 0.01 3 6.15859 0.01
r 73.2 0.01 3 6.13196 0.01
r 73.4 0.01 3 6.11122 0.01
r 73.6 0.01 3 6.08499 0.01
r 73.8 0.01 3 6.06655 0.01
r 74 0.01 3 6.05103 0.01
r 74.2 0.01 3 6.03839 0.01
r 74.4 0.01 3 6.02865 0.01
r 74.6 0.01 3 6.02194 0.01
r 74.8 0.01 3 6.01929 0.01
r 75 0.01 3 6.01885 0.01
r 75.2 0.01 3 6.02101 0.01
r 75.4 0.01 3 6.02448 0.01
r 75.6 0.01 3 6.03242 0.01
r 75.8 0.01 3 6.04344 0.01
r 76 0.01 3 6.05743 0.01
r 76.2 0.01 3 6.07418 0.01
r 76.4 0.01 3 6.0939 0.01
r 76.6 0.01 3 6.12186 0.01
r 76.8 0.01 3 6.14234 0.01
r 77 0.01 3 6.16948 0.01
r 77.2 0.01 3 6.19987 0.01
r 77.4 0.01 3 6.23355 0.01
r 77.6 0.01 3 6.26841 0.01
r 77.8 0.01 3 6.30634 0.01
r 78 0.01 3 6.34799 0.01
r 78.2 0.01 3 6.39224 0.01
r 78.4 0.01 3 6.43677 0.01
r 78.6 0.01 3 6.48633 0.01
r 78.8 0.01 3 6.53774 0.01
r 79 0.01 3 6.58925 0.01
r 79.2 0.01 3 6.64409 0.01
r 79.4 0.01 3 6.70087 0.01
r 79.6 0.01 3 6.75949 0.01
r 79.8 0.01 3 6.82119 0.01
r 80 0.01 3 6.88422 0.01
r 80.2 0.01 3 6.94861 0.01
r 80.4 0.01 3 7.01561 0.01
r 80.6 0.01 3 7.08409 0.01
r 80.8 0.01 3 7.15817 0.01
r 81 0.01 3 7.23377 0.01
r 81.2 0.01 3 7.30843 0.01
r 81.4 0.01 3 7.37864 0.01
r 81.6 0.01 3 7.46291 0.01
r 81.8 0.01 3 7.53042 0.01
r 82 0.01 3 7.61196 0.01
r 82.2 0.01 3 7.6899 0.01
r 82.4 0.01 3 7.78729 0.01
r 82.6 0.01 3 7.86025 0.01
r 82.8 0.01 3 7.94452 0.01
r 83 0.01 3 8.03631 0.01
r 83.2 0.01 3 8.12998 0.01
r 83.4 0.01 3 8.20557 0.01
r 83.6 0.01 3 8.31075 0.01
r 83.8 0.01 3 8.40275 0.01
r 84 0.01 3 8.49296 0.01
r 84.2 0.01 3 8.57713 0.01
r 84.4 0.01 3 8.67775 0.01
r 84.6 0.01 3 9.64797 0.01
r 84.8 0.01 3 9.67723 0.01
r 85 0.01 3 8.96671 0.01
r 85.2 0.01 3 9.06378 0.01
r 85.4 0.01 3 9.15287 0.01
r 85.6 0.01 3 9.25205 0.01
r 85.8 0.01 3 9.34098 0.01
r 86 0.01 3 9.4532 0.01
r 86.2 0.01 3 9.54274 0.01
r 86.4 0.01 3 9.65629 0.01
r 86.6 0.01 3 9.75975 0.01
r 86.8 0.01 3 9.86392 0.01
r 87 0.01 3 9.99091 0.01
r 87.2 0.01 3 10.1084 0.01
r 87.4 0.01 3 10.1919 0.01
r 87.6 0.01 3 10.3125 0.01
r 87.8 0.01 3 10.3791 0.01
r 88 0.01 3 10.5067 0.01
r 88.2 0.01 3 10.5811 0.01
r 88.4 0.01 3 10.6911 0.01
r 88.6 0.01 3 10.7924 0.01
r 88.8 0.01 3 10.9101 0.01
r 89 0.01 3 11.2047 0.01
r 89.2 0.01 3 11.215 0.01
r 89.4 0.01 3 11.6022 0.01
r 89.6 0.01 3 11.4087 0.01
r 89.8 0.01 3 11.565 0.01
r 90 0.01 3 11.8169 0.01
r 90.2 0.01 3 11.6765 0.01
r 90.4 0.01 3 11.7551 0.01
r 90.6 0.01 3 11.832 0.01
r 90.8 0.01 3 11.9472 0.01
r 91 0.01 3 12.3785 0.01
r 91.2 0.01 3 12.3862 0.01
r 91.4 0.01 3 12.4164 0.01
r 91.6 0.01 3 12.6658 0.01
r 91.8 0.01 3 12.7386 0.01
r 92 0.01 3 12.8792 0.01
r 92.2 0.01 3 13.0216 0.01
r 92.4 0.01 3 13.0006 0.01
r 92.6 0.01 3 13.0844 0.01
r 92.8 0.01 3 13.1681 0.01
r 93 0.01 3 13.434 0.01
r 93.2 0.01 3 13.5362 0.01
r 93.4 0.01 3 13.4854 0.01
r 93.6 0.01 3 13.953 0.01
r 93.8 0.01 3 13.685 0.01
r 94 0.01 3 13.8112 0.01
r 94.2 0.01 3 14.0243 0.01
r 94.4 0.01 3 14.2733 0.01
r 94.6 0.01 3 14.3531 0.01
r 94.8 0.01 3 14.4476 0.01
r 95 0.01 3 14.5539 0.01
r 95.2 0.01 3 14.646 0.01
r 95.4 0.01 3 14.7448 0.01
r 95.6 0.01 3 14.845 0.01
r 95.8 0.01 3 14.9502 0.01
r 96 0.01 3 15.0516 0.01
r 96.2 0.01 3 15.156 0.01
r 96.4 0.01 3 15.2607 0.01
r 96.6 0.01 3 15.3374 0.01
r 96.8 0.01 3 15.49 0.01
r 97 0.01 3 15.579 0.01
r 97.2 0.01 3 15.6968 0.01
r 97.4 0.01 3 15.8039 0.01
r 97.6 0.01 3 15.9165 0.01
r 97.8 0.01 3 16.0414 0.01
r 98 0.01 3 16.1337 0.01
r 98.2 0.01 3 16.2667 0.01
r 98.4 0.01 3 16.3038 0.01
r 98.6 0.01 3 16.4138 0.01
r 98.8 0.01 3 16.6197 0.01
r 99 0.01 3 16.7185 0.01
r 99.2 0.01 3 16.8176 0.01
r 99.4 0.01 3 16.879 0.01
r 99.6 0.01 3 17.0018 0.01
r 99.8 0.01 3 17.1163 0.01
r 100 0.01 3 17.285 0.01
r 100.2 0.01 3 17.3957 0.01
r 100.4 0.01 3 17.4686 0.01
r 100.6 0.01 3 17.5897 0.01
r 100.8 0.01 3 17.7504 0.01
r 101 0.01 3 17.8344 0.01
r 101.2 0.01 3 18.0251 0.01
r 101.4 0.01 3 18.1569 0.01
r 101.6 0.01 3 18.2749 0.01
r 101.8 0.01 3 18.3094 0.01
r 102 0.01 3 18.5159 0.01
r 102.2 0.01 3 18.6494 0.01
r 102.4 0.01 3 18.6852 0.01
r 102.6 0.01 3 18.807 0.01
r 102.8 0.01 3 19.0039 0.01
r 103 0.01 3 19.1584 0.01
r 103.2 0.01 3 19.3187 0.01
r 103.4 0.01 3 19.4239 0.01
r 103.6 0.01 3 19.4638 0.01
r 103.8 0.01 3 19.5834 0.01
r 104 0.01 3 19.7339 0.01
r 104.2 0.01 3 19.812 0.01
r 104.4 0.01 3 19.9463 0.01
r 104.6 0.01 3 20.0574 0.01
r 104.8 0.01 3 20.1662 0.01
r 105 0.01 3 20.2756 0.01
r 105.2 0.01 3 20.3869 0.01
r 105.4 0.01 3 20.4993 0.01
r 105.6 0.01 3 20.6123 0.01
r 105.8 0.01 3 20.7258 0.01
r 106 0.01 3 20.8393 0.01
r 106.2 0.01 3 20.954 0.01
r 106.4 0.01 3 21.072 0.01
r 106.6 0.01 3 21.1856 0.01
r 106.8 0.01 3 21.3052 0.01
r 107 0.01 3 21.4206 0.01
r 107.2 0.01 3 21.537 0.01
r 107.4 0.01 3 21.6544 0.01
r 107.6 0.01 3 21.7725 0.01
r 107.8 0.01 3 21.8917 0.01
r 108 0.01 3 22.0095 0.01
r 108.2 0.01 3 22.1276 0.01
r 108.4 0.01 3 22.246 0.01
r 108.6 0.01 3 22.3649 0.01
r 108.8 0.01 3 22.4849 0.01
r 109 0.01 3 22.6034 0.01
r 109.2 0.01 3 22.7234 0.01
r 109.4 0.01 3 22.8438 0.01
r 109.6 0.01 3 22.9649 0.01
r 109.8 0.01 3 23.0857 0.01
r 110 0.01 3 23.2067 0.01
r 110.2 0.01 3 23.3281 0.01
r 110.4 0.01 3 23.4495 0.01
r 110.6 0.01 3 23.5714 0.01
r 110.8 0.01 3 23.6935 0.01
r 111 0.01 3 23.8156 0.01
r 111.2 0.01 3 23.9385 0.01
r 111.4 0.01 3 24.0614 0.01
r 111.6 0.01 3 24.1846 0.01
r 111.8 0.01 3 24.3081 0.01
r 112 0.01 3 24.4319 0.01
r 112.2 0.01 3 24.5559 0.01
r 112.4 0.01 3 24.6796 0.01
r 112.6 0.01 3 24.8042 0.01
r 112.8 0.01 3 24.9284 0.01
r 113 0.01 3 25.0537 0.01
r 113.2 0.01 3 25.1791 0.01
r 113.4 0.01 3 25.3049 0.01
r 113.6 0.01 3 25.4309 0.01
r 113.8 0.01 3 25.5573 0.01
r 114 0.01 3 25.684 0.01
r 114.2 0.01 3 25.8109 0.01
r 114.4 0.01 3 25.9383 0.01
r 114.6 0.01 3 26.0659 0.01
r 114.8 0.01 3 26.1939 0.01
r 115 0.01 3 26.3164 0.01
s 85 3 602
r 65 0.01 2 13.4796 0.01
r 65.2 0.01 2 13.3482 0.01
r 65.4 0.01 2 13.2167 0.01
r 65.6 0.01 2 13.0852 0.01
r 65.8 0.01 2 12.9538 0.01
r 66 0.01 2 12.8224 0.01
r 66.2 0.01 2 12.6911 0.01
r 66.4 0.01 2 12.5597 0.01
r 66.6 0.01 2 12.4284 0.01
r 66.8 0.01 2 12.2975 0.01
r 67 0.01 2 12.1659 0.01
r 67.2 0.01 2 12.0347 0.01
r 67.4 0.01 2 11.9035 0.01
r 67.6 0.01 2 11.7722 0.01
r 67.8 0.01 2 11.6411 0.01
r 68 0.01 2 11.51 0.01
r 68.2 0.01 2 11.3789 0.01
r 68.4 0.01 2 11.2479 0.01
r 68.6 0.01 2 11.117 0.01
r 68.8 0.01 2 10.9863 0.01
r 69 0.01 2 10.8551 0.01
r 69.2 0.01 2 10.7241 0.01
r 69.4 0.01 2 10.5933 0.01
r 69.6 0.01 2 10.4625 0.01
r 69.8 0.01 2 10.3318 0.01
r 70 0.01 2 10.201 0.01
r 70.2 0.01 2 10.0702 0.01
r 70.4 0.01 2 9.93949 0.01
r 70.6 0.01 2 9.80882 0.01
r 70.8 0.01 2 9.67816 0.01
r 71 0.01 2 9.54763 0.01
r 71.2 0.01 2 9.41699 0.01
r 71.4 0.01 2 9.2864 0.01
r 71.6 0.01 2 9.15585 0.01
r 71.8 0.01 2 9.02534 0.01
r 72 0.01 2 8.89487 0.01
r 72.2 0.01 2 8.7645 0.01
r 72.4 0.01 2 8.63427 0.01
r 72.6 0.01 2 8.50473 0.01
r 72.8 0.01 2 8.37453 0.01
r 73 0.01 2 8.24381 0.01
r 73.2 0.01 2 8.11378 0.01
r 73.4 0.01 2 7.98384 0.01
r 73.6 0.01 2 7.85406 0.01
r 73.8 0.01 2 7.7243 0.01
r 74 0.01 2 7.59463 0.01
r 74.2 0.01 2 7.46511 0.01
r 74.4 0.01 2 7.33573 0.01
r 74.6 0.01 2 7.20647 0.01
r 74.8 0.01 2 7.07739 0.01
r 75 0.01 2 6.9485 0.01
r 75.2 0.01 2 6.81982 0.01
r 75.4 0.01 2 6.69129 0.01
r 75.6 0.01 2 6.56298 0.01
r 75.8 0.01 2 6.43512 0.01
r 76 0.01 2 6.30735 0.01
r 76.2 0.01 2 6.17982 0.01
r 76.4 0.01 2 6.05266 0.01
r 76.6 0.01 2 5.92598 0.01
r 76.8 0.01 2 5.79948 0.01
r 77 0.01 2 5.67263 0.01
r 77.2 0.01 2 5.54704 0.01
r 77.4 0.01 2 5.42167 0.01
r 77.6 0.01 2 5.29679 0.01
r 77.8 0.01 2 5.17231 0.01
r 78 0.01 2 5.0484 0.01
r 78.2 0.01 2 4.925 0.01
r 78.4 0.01 2 4.80228 0.01
r 78.6 0.01 2 4.68018 0.01
r 78.8 0.01 2 4.55883 0.01
r 79 0.01 2 4.44053 0.01
r 79.2 0.01 2 4.32071 0.01
r 79.4 0.01 2 4.20136 0.01
r 79.6 0.01 2 4.08311 0.01
r 79.8 0.01 2 3.96569 0.01
r 80 0.01 2 3.84988 0.01
r 80.2 0.01 2 3.73481 0.01
r 80.4 0.01 2 3.62155 0.01
r 80.6 0.01 2 3.50969 0.01
r 80.8 0.01 2 3.39901 0.01
r 81 0.01 2 3.29122 0.01
r 81.2 0.01 2 3.18491 0.01
r 81.4 0.01 2 3.08048 0.01
r 81.6 0.01 2 2.97846 0.01
r 81.8 0.01 2 2.87934 0.01
r 82 0.01 2 2.78277 0.01
r 82.2 0.01 2 2.68955 0.01
r 82.4 0.01 2 2.59981 0.01
r 82.6 0.01 2 2.51423 0.01
r 82.8 0.01 2 2.43283 0.01
r 83 0.01 2 2.35621 0.01
r 83.2 0.01 2 2.28434 0.01
r 83.4 0.01 2 2.2178 0.01
r 83.6 0.01 2 2.15783 0.01
r 83.8 0.01 2 2.10401 0.01
r 84 0.01 2 2.05732 0.01
r 84.2 0.01 2 2.01877 0.01
r 84.4 0.01 2 1.98819 0.01
r 84.6 0.01 2 1.96556 0.01
r 84.8 0.01 2 1.95092 0.01
r 85 0.01 2 1.94493 0.01
r 85.2 0.01 2 1.9478 0.01
r 85.4 0.01 2 1.95797 0.01
r 85.6 0.01 2 1.97679 0.01
r 85.8 0.01 2 2.00458 0.01
r 86 0.01 2 2.0403 0.01
r 86.2 0.01 2 2.08327 0.01
r 86.4 0.01 2 2.13309 0.01
r 86.6 0.01 2 2.18936 0.01
r 86.8 0.01 2 2.25178 0.01
r 87 0.01 2 2.32011 0.01
r 87.2 0.01 2 2.39218 0.01
r 87.4 0.01 2 2.46889 0.01
r 87.6 0.01 2 2.54991 0.01
r 87.8 0.01 2 2.63447 0.01
r 88 0.01 2 2.72321 0.01
r 88.2 0.01 2 2.81301 0.01
r 88.4 0.01 2 2.90634 0.01
r 88.6 0.01 2 3.00203 0.01
r 88.8 0.01 2 3.10032 0.01
r 89 0.01 2 3.20133 0.01
r 89.2 0.01 2 3.30428 0.01
r 89.4 0.01 2 3.40759 0.01
r 89.6 0.01 2 3.51155 0.01
r 89.8 0.01 2 3.61736 0.01
r 90 0.01 2 3.72514 0.01
r 90.2 0.01 2 3.83344 0.01
r 90.4 0.01 2 3.94325 0.01
r 90.6 0.01 2 4.05392 0.01
r 90.8 0.01 2 4.16525 0.01
r 91 0.01 2 4.27798 0.01
r 91.2 0.01 2 4.39071 0.01
r 91.4 0.01 2 4.50425 0.01
r 91.6 0.01 2 4.62008 0.01
r 91.8 0.01 2 4.73426 0.01
r 92 0.01 2 4.84909 0.01
r 92.2 0.01 2 4.96536 0.01
r 92.4 0.01 2 5.08176 0.01
r 92.6 0.01 2 5.19873 0.01
r 92.8 0.01 2 5.31591 0.01
r 93 0.01 2 5.4337 0.01
r 93.2 0.01 2 5.55203 0.01
r 93.4 0.01 2 5.67147 0.01
r 93.6 0.01 2 5.78982 0.01
r 93.8 0.01 2 5.90862 0.01
r 94 0.01 2 6.02749 0.01
r 94.2 0.01 2 6.14655 0.01
r 94.4 0.01 2 6.26611 0.01
r 94.6 0.01 2 6.38561 0.01
r 94.8 0.01 2 6.50563 0.01
r 95 0.01 2 6.6257 0.01
r 95.2 0.01 2 6.74596 0.01
r 95.4 0.01 2 6.86625 0.01
r 95.6 0.01 2 6.98637 0.01
r 95.8 0.01 2 7.10686 0.01
r 96 0.01 2 7.22728 0.01
r 96.2 0.01 2 7.34787 0.01
r 96.4 0.01 2 7.46849 0.01
r 96.6 0.01 2 7.58939 0.01
r 96.8 0.01 2 7.71 0.01
r 97 0.01 2 7.83091 0.01
r 97.2 0.01 2 7.95155 0.01
r 97.4 0.01 2 8.0723 0.01
r 97.6 0.01 2 8.19329 0.01
r 97.8 0.01 2 8.31412 0.01
r 98 0.01 2 8.43537 0.01
r 98.2 0.01 2 8.55635 0.01
r 98.4 0.01 2 8.67776 0.01
r 98.6 0.01 2 8.79943 0.01
r 98.8 0.01 2 8.9213 0.01
r 99 0.01 2 9.04329 0.01
r 99.2 0.01 2 9.16551 0.01
r 99.4 0.01 2 9.28807 0.01
r 99.6 0.01 2 9.41075 0.01
r 99.8 0.01 2 9.53378 0.01
r 100 0.01 2 9.65679 0.01
r 100.2 0.01 2 9.77993 0.01
r 100.4 0.01 2 9.90313 0.01
r 100.6 0.01 2 10.0265 0.01
r 100.8 0.01 2 10.1498 0.01
r 101 0.01 2 10.2731 0.01
r 101.2 0.01 2 10.3965 0.01
r 101.4 0.01 2 10.5199 0.01
r 101.6 0.01 2 10.6435 0.01
r 101.8 0.01 2 10.7672 0.01
r 102 0.01 2 10.8908 0.01
r 102.2 0.01 2 11.0146 0.01
r 102.4 0.01 2 11.1386 0.01
r 102.6 0.01 2 11.2627 0.01
r 102.8 0.01 2 11.387 0.01
r 103 0.01 2 11.5115 0.01
r 103.2 0.01 2 11.6361 0.01
r 103.4 0.01 2 11.7609 0.01
r 103.6 0.01 2 11.8858 0.01
r 103.8 0.01 2 12.0109 0.01
r 104 0.01 2 12.1361 0.01
r 104.2 0.01 2 12.2614 0.01
r 104.4 0.01 2 12.387 0.01
r 104.6 0.01 2 12.5126 0.01
r 104.8 0.01 2 12.6384 0.01
r 105 0.01 2 12.7643 0.01
r 45 0.01 3 27.3375 0.01
r 45.2 0.01 3 27.2068 0.01
r 45.4 0.01 3 27.0761 0.01
r 45.6 0.01 3 26.9455 0.01
r 45.8 0.01 3 26.815 0.01
r 46 0.01 3 26.6845 0.01
r 46.2 0.01 3 26.5542 0.01
r 46.4 0.01 3 26.424 0.01
r 46.6 0.01 3 26.2938 0.01
r 46.8 0.01 3 26.1638 0.01
r 47 0.01 3 26.046 0.01
r 47.2 0.01 3 25.9153 0.01
r 47.4 0.01 3 25.7848 0.01
r 47.6 0.01 3 25.6543 0.01
r 47.8 0.01 3 25.5303 0.01
r 48 0.01 3 25.3998 0.01
r 48.2 0.01 3 25.2695 0.01
r 48.4 0.01 3 25.1392 0.01
r 48.6 0.01 3 25.009 0.01
r 48.8 0.01 3 24.8789 0.01
r 49 0.01 3 24.7791 0.01
r 49.2 0.01 3 24.6482 0.01
r 49.4 0.01 3 24.5177 0.01
r 49.6 0.01 3 24.3874 0.01
r 49.8 0.01 3 24.2568 0.01
r 50 0.01 3 24.1264 0.01
r 50.2 0.01 3 23.9962 0.01
r 50.4 0.01 3 23.8664 0.01
r 50.6 0.01 3 23.7362 0.01
r 50.8 0.01 3 23.6064 0.01
r 51 0.01 3 23.563 0.01
r 51.2 0.01 3 23.4321 0.01
r 51.4 0.01 3 23.2714 0.01
r 51.6 0.01 3 23.1704 0.01
r 51.8 0.01 3 23.0104 0.01
r 52 0.01 3 22.8798 0.01
r 52.2 0.01 3 22.779 0.01
r 52.4 0.01 3 22.6194 0.01
r 52.6 0.01 3 22.5192 0.01
r 52.8 0.01 3 22.3907 0.01
r 53 0.01 3 22.2608 0.01
r 53.2 0.01 3 22.1307 0.01
r 53.4 0.01 3 22.0006 0.01
r 53.6 0.01 3 21.8704 0.01
r 53.8 0.01 3 21.7407 0.01
r 54 0.01 3 21.6112 0.01
r 54.2 0.01 3 21.4815 0.01
r 54.4 0.01 3 21.352 0.01
r 54.6 0.01 3 21.2226 0.01
r 54.8 0.01 3 21.0933 0.01
r 55 0.01 3 20.9629 0.01
r 55.2 0.01 3 20.8334 0.01
r 55.4 0.01 3 20.7043 0.01
r 55.6 0.01 3 20.5468 0.01
r 55.8 0.01 3 20.4467 0.01
r 56 0.01 3 20.3179 0.01
r 56.2 0.01 3 20.189 0.01
r 56.4 0.01 3 20.0608 0.01
r 56.6 0.01 3 19.9326 0.01
r 56.8 0.01 3 19.804 0.01
r 57 0.01 3 19.6736 0.01
r 57.2 0.01 3 19.5447 0.01
r 57.4 0.01 3 19.4157 0.01
r 57.6 0.01 3 19.2869 0.01
r 57.8 0.01 3 19.1584 0.01
r 58 0.01 3 19.0302 0.01
r 58.2 0.01 3 18.9017 0.01
r 58.4 0.01 3 18.7735 0.01
r 58.6 0.01 3 18.6456 0.01
r 58.8 0.01 3 18.5179 0.01
r 59 0.01 3 18.3894 0.01
r 59.2 0.01 3 18.2614 0.01
r 59.4 0.01 3 18.1338 0.01
r 59.6 0.01 3 18.007 0.01
r 59.8 0.01 3 17.8799 0.01
r 60 0.01 3 17.7536 0.01
r 60.2 0.01 3 17.6271 0.01
r 60.4 0.01 3 17.5007 0.01
r 60.6 0.01 3 17.3749 0.01
r 60.8 0.01 3 17.2496 0.01
r 61 0.01 3 17.3264 0.01
r 61.2 0.01 3 17.1114 0.01
r 61.4 0.01 3 17.1753 0.01
r 61.6 0.01 3 16.9245 0.01
r 61.8 0.01 3 16.8097 0.01
r 62 0.01 3 16.6632 0.01
r 62.2 0.01 3 16.6867 0.01
r 62.4 0.01 3 16.4074 0.01
r 62.6 0.01 3 16.3877 0.01
r 62.8 0.01 3 16.1511 0.01
r 63 0.01 3 15.9512 0.01
r 63.2 0.01 3 16.0965 0.01
r 63.4 0.01 3 15.8899 0.01
r 63.6 0.01 3 15.7912 0.01
r 63.8 0.01 3 15.6276 0.01
r 64 0.01 3 15.5032 0.01
r 64.2 0.01 3 15.3313 0.01
r 64.4 0.01 3 15.2281 0.01
r 64.6 0.01 3 15.1651 0.01
r 64.8 0.01 3 14.81 0.01
r 65 0.01 3 14.773 0.01
r 65.2 0.01 3 14.9097 0.01
r 65.4 0.01 3 14.6909 0.01
r 65.6 0.01 3 14.6416 0.01
r 65.8 0.01 3 14.3538 0.01
r 66 0.01 3 14.3273 0.01
r 66.2 0.01 3 14.0813 0.01
r 66.4 0.01 3 13.886 0.01
r 66.6 0.01 3 13.8907 0.01
r 66.8 0.01 3 13.8059 0.01
r 67 0.01 3 13.5993 0.01
r 67.2 0.01 3 13.4319 0.01
r 67.4 0.01 3 13.2503 0.01
r 67.6 0.01 3 13.332 0.01
r 67.8 0.01 3 13.237 0.01
r 68 0.01 3 13.099 0.01
r 68.2 0.01 3 12.9943 0.01
r 68.4 0.01 3 12.6651 0.01
r 68.6 0.01 3 12.6109 0.01
r 68.8 0.01 3 12.4759 0.01
r 69 0.01 3 12.3479 0.01
r 69.2 0.01 3 12.2137 0.01
r 69.4 0.01 3 12.2613 0.01
r 69.6 0.01 3 12.1376 0.01
r 69.8 0.01 3 12.0173 0.01
r 70 0.01 3 11.8848 0.01
r 70.2 0.01 3 11.6827 0.01
r 70.4 0.01 3 11.6287 0.01
r 70.6 0.01 3 11.4042 0.01
r 70.8 0.01 3 11.3006 0.01
r 71 0.01 3 11.2055 0.01
r 71.2 0.01 3 11.0599 0.01
r 71.4 0.01 3 10.9587 0.01
r 71.6 0.01 3 10.8634 0.01
r 71.8 0.01 3 10.7473 0.01
r 72 0.01 3 10.625 0.01
r 72.2 0.01 3 10.5233 0.01
r 72.4 0.01 3 10.3953 0.01
r 72.6 0.01 3 10.2833 0.01
r 72.8 0.01 3 10.16 0.01
r 73 0.01 3 10.047 0.01
r 73.2 0.01 3 9.938 0.01
r 73.4 0.01 3 9.82282 0.01
r 73.6 0.01 3 9.72809 0.01
r 73.8 0.01 3 9.61188 0.01
r 74 0.01 3 9.49037 0.01
r 74.2 0.01 3 9.37873 0.01
r 74.4 0.01 3 9.27936 0.01
r 74.6 0.01 3 9.17125 0.01
r 74.8 0.01 3 9.05713 0.01
r 75 0.01 3 8.97287 0.01
r 75.2 0.01 3 8.86677 0.01
r 75.4 0.01 3 8.76803 0.01
r 75.6 0.01 3 8.67186 0.01
r 75.8 0.01 3 8.5663 0.01
r 76 0.01 3 8.47256 0.01
r 76.2 0.01 3 8.36994 0.01
r 76.4 0.01 3 8.28157 0.01
r 76.6 0.01 3 8.18213 0.01
r 76.8 0.01 3 8.08119 0.01
r 77 0.01 3 7.99383 0.01
r 77.2 0.01 3 7.90115 0.01
r 77.4 0.01 3 7.80885 0.01
r 77.6 0.01 3 7.72235 0.01
r 77.8 0.01 3 7.63594 0.01
r 78 0.01 3 7.55019 0.01
r 78.2 0.01 3 7.46617 0.01
r 78.4 0.01 3 7.3837 0.01
r 78.6 0.01 3 7.30311 0.01
r 78.8 0.01 3 7.22386 0.01
r 79 0.01 3 7.14874 0.01
r 79.2 0.01 3 7.07288 0.01
r 79.4 0.01 3 6.99915 0.01
r 79.6 0.01 3 6.9281 0.01
r 79.8 0.01 3 6.8575 0.01
r 80 0.01 3 6.7895 0.01
r 80.2 0.01 3 7.4001 0.01
r 80.4 0.01 3 6.65971 0.01
r 80.6 0.01 3 6.59816 0.01
r 80.8 0.01 3 6.53861 0.01
r 81 0.01 3 6.48093 0.01
r 81.2 0.01 3 6.42601 0.01
r 81.4 0.01 3 6.37288 0.01
r 81.6 0.01 3 6.3227 0.01
r 81.8 0.01 3 6.27416 0.01
r 82 0.01 3 6.2284 0.01
r 82.2 0.01 3 6.18341 0.01
r 82.4 0.01 3 6.14253 0.01
r 82.6 0.01 3 6.10443 0.01
r 82.8 0.01 3 6.10252 0.01
r 83 0.01 3 6.03574 0.01
r 83.2 0.01 3 6.00435 0.01
r 83.4 0.01 3 5.97591 0.01
r 83.6 0.01 3 5.94955 0.01
r 83.8 0.01 3 5.92516 0.01
r 84 0.01 3 5.90354 0.01
r 84.2 0.01 3 5.88475 0.01
r 84.4 0.01 3 5.86893 0.01
r 84.6 0.01 3 5.85686 0.01
r 84.8 0.01 3 5.84749 0.01
r 85 0.01 3 5.84034 0.01
r 85.2 0.01 3 5.83585 0.01
r 85.4 0.01 3 5.83424 0.01
r 85.6 0.01 3 5.83589 0.01
r 85.8 0.01 3 5.84051 0.01
r 86 0.01 3 5.84808 0.01
r 86.2 0.01 3 5.85852 0.01
r 86.4 0.01 3 5.87242 0.01
r 86.6 0.01 3 5.89218 0.01
r 86.8 0.01 3 5.90937 0.01
r 87 0.01 3 5.93394 0.01
r 87.2 0.01 3 5.9584 0.01
r 87.4 0.01 3 5.98608 0.01
r 87.6 0.01 3 6.01633 0.01
r 87.8 0.01 3 6.0495 0.01
r 88 0.01 3 6.08456 0.01
r 88.2 0.01 3 6.12311 0.01
r 88.4 0.01 3 6.16337 0.01
r 88.6 0.01 3 6.2072 0.01
r 88.8 0.01 3 6.25131 0.01
r 89 0.01 3 6.3011 0.01
r 89.2 0.01 3 6.35116 0.01
r 89.4 0.01 3 6.40236 0.01
r 89.6 0.01 3 6.45673 0.01
r 89.8 0.01 3 6.51244 0.01
r 90 0.01 3 6.57114 0.01
r 90.2 0.01 3 6.63095 0.01
r 90.4 0.01 3 6.69495 0.01
r 90.6 0.01 3 6.7606 0.01
r 90.8 0.01 3 6.83414 0.01
r 91 0.01 3 6.89011 0.01
r 91.2 0.01 3 6.96031 0.01
r 91.4 0.01 3 7.03077 0.01
r 91.6 0.01 3 7.10439 0.01
r 91.8 0.01 3 7.17832 0.01
r 92 0.01 3 7.25495 0.01
r 92.2 0.01 3 7.32984 0.01
r 92.4 0.01 3 7.41569 0.01
r 92.6 0.01 3 8.16163 0.01
r 92.8 0.01 3 8.17066 0.01
r 93 0.01 3 7.65486 0.01
r 93.2 0.01 3 7.73547 0.01
r 93.4 0.01 3 8.01586 0.01
r 93.6 0.01 3 7.91725 0.01
r 93.8 0.01 3 8.0051 0.01
r 94 0.01 3 8.09314 0.01
r 94.2 0.01 3 8.4272 0.01
r 94.4 0.01 3 8.31626 0.01
r 94.6 0.01 3 8.39348 0.01
r 94.8 0.01 3 8.66501 0.01
r 95 0.01 3 8.82537 0.01
r 95.2 0.01 3 8.82611 0.01
r 95.4 0.01 3 8.90141 0.01
r 95.6 0.01 3 8.97804 0.01
r 95.8 0.01 3 9.04714 0.01
r 96 0.01 3 9.13654 0.01
r 96.2 0.01 3 9.20968 0.01
r 96.4 0.01 3 9.30915 0.01
r 96.6 0.01 3 9.4264 0.01
r 96.8 0.01 3 9.47743 0.01
r 97 0.01 3 9.58954 0.01
r 97.2 0.01 3 9.75887 0.01
r 97.4 0.01 3 9.76599 0.01
r 97.6 0.01 3 9.86617 0.01
r 97.8 0.01 3 10.0568 0.01
r 98 0.01 3 10.0614 0.01
r 98.2 0.01 3 10.1798 0.01
r 98.4 0.01 3 10.3517 0.01
r 98.6 0.01 3 10.37 0.01
r 98.8 0.01 3 10.4779 0.01
r 99 0.01 3 10.7981 0.01
r 99.2 0.01 3 10.8737 0.01
r 99.4 0.01 3 10.9773 0.01
r 99.6 0.01 3 11.0817 0.01
r 99.8 0.01 3 11.2066 0.01
r 100 0.01 3 11.299 0.01
r 100.2 0.01 3 11.3905 0.01
r 100.4 0.01 3 11.4952 0.01
r 100.6 0.01 3 11.6183 0.01
r 100.8 0.01 3 11.7294 0.01
r 101 0.01 3 11.8046 0.01
r 101.2 0.01 3 11.9621 0.01
r 101.4 0.01 3 12.0045 0.01
r 101.6 0.01 3 12.1327 0.01
r 101.8 0.01 3 12.2676 0.01
r 102 0.01 3 12.3223 0.01
r 102.2 0.01 3 12.434 0.01
r 102.4 0.01 3 12.5326 0.01
r 102.6 0.01 3 12.6391 0.01
r 102.8 0.01 3 12.7623 0.01
r 103 0.01 3 12.8783 0.01
r 103.2 0.01 3 12.9784 0.01
r 103.4 0.01 3 13.0758 0.01
r 103.6 0.01 3 13.1773 0.01
r 103.8 0.01 3 13.2868 0.01
r 104 0.01 3 13.3893 0.01
r 104.2 0.01 3 13.4983 0.01
r 104.4 0.01 3 13.6057 0.01
r 104.6 0.01 3 13.7129 0.01
r 104.8 0.01 3 13.8209 0.01
r 105 0.01 3 13.9308 0.01
r 105.2 0.01 3 14.0398 0.01
r 105.4 0.01 3 14.1497 0.01
r 105.6 0.01 3 14.2604 0.01
r 105.8 0.01 3 14.372 0.01
r 106 0.01 3 14.4842 0.01
r 106.2 0.01 3 14.5972 0.01
r 106.4 0.01 3 14.7104 0.01
r 106.6 0.01 3 14.8237 0.01
r 106.8 0.01 3 14.9379 0.01
r 107 0.01 3 15.0515 0.01
r 107.2 0.01 3 15.1671 0.01
r 107.4 0.01 3 15.283 0.01
r 107.6 0.01 3 15.399 0.01
r 107.8 0.01 3 15.5155 0.01
r 108 0.01 3 15.6325 0.01
r 108.2 0.01 3 15.7498 0.01
r 108.4 0.01 3 15.8671 0.01
r 108.6 0.01 3 15.9851 0.01
r 108.8 0.01 3 16.1033 0.01
r 109 0.01 3 16.4633 0.01
r 109.2 0.01 3 16.6141 0.01
r 109.4 0.01 3 16.6747 0.01
r 109.6 0.01 3 16.9773 0.01
r 109.8 0.01 3 16.9078 0.01
r 110 0.01 3 17.0149 0.01
r 110.2 0.01 3 17.3119 0.01
r 110.4 0.01 3 17.3825 0.01
r 110.6 0.01 3 17.5114 0.01
r 110.8 0.01 3 17.5717 0.01
r 111 0.01 3 17.6975 0.01
r 111.2 0.01 3 17.7484 0.01
r 111.4 0.01 3 17.8574 0.01
r 111.6 0.01 3 17.9898 0.01
r 111.8 0.01 3 18.1267 0.01
r 112 0.01 3 18.1803 0.01
r 112.2 0.01 3 18.3089 0.01
r 112.4 0.01 3 18.4174 0.01
r 112.6 0.01 3 18.5206 0.01
r 112.8 0.01 3 18.6268 0.01
r 113 0.01 3 18.7437 0.01
r 113.2 0.01 3 18.8516 0.01
r 113.4 0.01 3 18.9606 0.01
r 113.6 0.01 3 19.071 0.01
r 113.8 0.01 3 19.1828 0.01
r 114 0.01 3 19.2964 0.01
r 114.2 0.01 3 19.4103 0.01
r 114.4 0.01 3 19.5247 0.01
r 114.6 0.01 3 19.6398 0.01
r 114.8 0.01 3 19.7563 0.01
r 115 0.01 3 19.8736 0.01
r 115.2 0.01 3 19.9913 0.01
r 115.4 0.01 3 20.1186 0.01
r 115.6 0.01 3 20.2495 0.01
r 115.8 0.01 3 20.3581 0.01
r 116 0.01 3 20.4792 0.01
r 116.2 0.01 3 20.6054 0.01
r 116.4 0.01 3 20.7216 0.01
r 116.6 0.01 3 20.8442 0.01
r 116.8 0.01 3 20.9604 0.01
r 117 0.01 3 21.0925 0.01
r 117.2 0.01 3 21.2181 0.01
r 117.4 0.01 3 21.3415 0.01
r 117.6 0.01 3 21.4626 0.01
r 117.8 0.01 3 21.591 0.01
r 118 0.01 3 21.7135 0.01
r 118.2 0.01 3 21.839 0.01
r 118.4 0.01 3 21.9625 0.01
r 118.6 0.01 3 22.0887 0.01
r 118.8 0.01 3 22.2155 0.01
r 119 0.01 3 22.3489 0.01
r 119.2 0.01 3 22.4773 0.01
r 119.4 0.01 3 22.6025 0.01
r 119.6 0.01 3 22.7314 0.01
r 119.8 0.01 3 22.8595 0.01
r 120 0.01 3 22.9883 0.01
r 120.2 0.01 3 23.1173 0.01
r 120.4 0.01 3 23.2467 0.01
r 120.6 0.01 3 23.3814 0.01
r 120.8 0.01 3 23.5075 0.01
r 121 0.01 3 23.6331 0.01
r 121.2 0.01 3 23.7643 0.01
r 121.4 0.01 3 23.8956 0.01
r 121.6 0.01 3 24.0262 0.01
r 121.8 0.01 3 24.1573 0.01
r 122 0.01 3 24.288 0.01
r 122.2 0.01 3 24.4169 0.01
r 122.4 0.01 3 24.5473 0.01
r 122.6 0.01 3 24.6798 0.01
r 122.8 0.01 3 24.8114 0.01
r 123 0.01 3 24.9213 0.01
r 123.2 0.01 3 25.0533 0.01
r 123.4 0.01 3 25.1841 0.01
r 123.6 0.01 3 25.3157 0.01
r 123.8 0.01 3 25.4472 0.01
r 124 0.01 3 25.5789 0.01
r 124.2 0.01 3 25.7107 0.01
r 124.4 0.01 3 25.8426 0.01
r 124.6 0.01 3 25.9746 0.01
r 124.8 0.01 3 26.1067 0.01
r 125 0.01 3 26.2374 0.01
s 95 3 602
r 75 0.01 2 13.0821 0.01
r 75.2 0.01 2 12.9492 0.01
r 75.4 0.01 2 12.8162 0.01
r 75.6 0.01 2 12.6833 0.01
r 75.8 0.01 2 12.5505 0.01
r 76 0.01 2 12.4178 0.01
r 76.2 0.01 2 12.2852 0.01
r 76.4 0.01 2 12.1528 0.01
r 76.6 0.01 2 12.0203 0.01
r 76.8 0.01 2 11.888 0.01
r 77 0.01 2 11.7561 0.01
r 77.2 0.01 2 11.624 0.01
r 77.4 0.01 2 11.492 0.01
r 77.6 0.01 2 11.3602 0.01
r 77.8 0.01 2 11.2285 0.01
r 78 0.01 2 11.0969 0.01
r 78.2 0.01 2 10.9656 0.01
r 78.4 0.01 2 10.8344 0.01
r 78.6 0.01 2 10.7033 0.01
r 78.8 0.01 2 10.5724 0.01
r 79 0.01 2 10.4416 0.01
r 79.2 0.01 2 10.3111 0.01
r 79.4 0.01 2 10.1807 0.01
r 79.6 0.01 2 10.0505 0.01
r 79.8 0.01 2 9.92051 0.01
r 80 0.01 2 9.79077 0.01
r 80.2 0.01 2 9.66125 0.01
r 80.4 0.01 2 9.53184 0.01
r 80.6 0.01 2 9.40262 0.01
r 80.8 0.01 2 9.27362 0.01
r 81 0.01 2 9.14507 0.01
r 81.2 0.01 2 9.01644 0.01
r 81.4 0.01 2 8.88819 0.01
r 81.6 0.01 2 8.76018 0.01
r 81.8 0.01 2 8.63245 0.01
r 82 0.01 2 8.50501 0.01
r 82.2 0.01 2 8.37784 0.01
r 82.4 0.01 2 8.25096 0.01
r 82.6 0.01 2 8.12436 0.01
r 82.8 0.01 2 7.99862 0.01
r 83 0.01 2 7.87207 0.01
r 83.2 0.01 2 7.7477 0.01
r 83.4 0.01 2 7.62149 0.01
r 83.6 0.01 2 7.49577 0.01
r 83.8 0.01 2 7.37067 0.01
r 84 0.01 2 7.24576 0.01
r 84.2 0.01 2 7.12122 0.01
r 84.4 0.01 2 6.9972 0.01
r 84.6 0.01 2 6.8725 0.01
r 84.8 0.01 2 6.74872 0.01
r 85 0.01 2 6.62516 0.01
r 85.2 0.01 2 6.5019 0.01
r 85.4 0.01 2 6.37905 0.01
r 85.6 0.01 2 6.25627 0.01
r 85.8 0.01 2 6.13403 0.01
r 86 0.01 2 6.01207 0.01
r 86.2 0.01 2 5.89068 0.01
r 86.4 0.01 2 5.76958 0.01
r 86.6 0.01 2 5.64872 0.01
r 86.8 0.01 2 5.52834 0.01
r 87 0.01 2 5.40844 0.01
r 87.2 0.01 2 5.28852 0.01
r 87.4 0.01 2 5.16955 0.01
r 87.6 0.01 2 5.05114 0.01
r 87.8 0.01 2 4.93335 0.01
r 88 0.01 2 4.81604 0.01
r 88.2 0.01 2 4.69932 0.01
r 88.4 0.01 2 4.5841 0.01
r 88.6 0.01 2 4.46736 0.01
r 88.8 0.01 2 4.35265 0.01
r 89 0.01 2 4.2387 0.01
r 89.2 0.01 2 4.12558 0.01
r 89.4 0.01 2 4.01327 0.01
r 89.6 0.01 2 3.90194 0.01
r 89.8 0.01 2 3.7926 0.01
r 90 0.01 2 3.68263 0.01
r 90.2 0.01 2 3.57407 0.01
r 90.4 0.01 2 3.46655 0.01
r 90.6 0.01 2 3.36117 0.01
r 90.8 0.01 2 3.25732 0.01
r 91 0.01 2 3.15589 0.01
r 91.2 0.01 2 3.05492 0.01
r 91.4 0.01 2 2.9562 0.01
r 91.6 0.01 2 2.85976 0.01
r 91.8 0.01 2 2.76576 0.01
r 92 0.01 2 2.67455 0.01
r 92.2 0.01 2 2.58654 0.01
r 92.4 0.01 2 2.50176 0.01
r 92.6 0.01 2 2.42082 0.01
r 92.8 0.01 2 2.34423 0.01
r 93 0.01 2 2.27178 0.01
r 93.2 0.01 2 2.20388 0.01
r 93.4 0.01 2 2.14155 0.01
r 93.6 0.01 2 2.08487 0.01
r 93.8 0.01 2 2.03461 0.01
r 94 0.01 2 1.99154 0.01
r 94.2 0.01 2 1.95501 0.01
r 94.4 0.01 2 1.9268 0.01
r 94.6 0.01 2 1.90571 0.01
r 94.8 0.01 2 1.89381 0.01
r 95 0.01 2 1.89136 0.01
r 95.2 0.01 2 1.8958 0.01
r 95.4 0.01 2 1.90772 0.01
r 95.6 0.01 2 1.92727 0.01
r 95.8 0.01 2 1.95607 0.01
r 96 0.01 2 1.99264 0.01
r 96.2 0.01 2 2.03635 0.01
r 96.4 0.01 2 2.08683 0.01
r 96.6 0.01 2 2.14369 0.01
r 96.8 0.01 2 2.20668 0.01
r 97 0.01 2 2.27542 0.01
r 97.2 0.01 2 2.348 0.01
r 97.4 0.01 2 2.42506 0.01
r 97.6 0.01 2 2.50677 0.01
r 97.8 0.01 2 2.5928 0.01
r 98 0.01 2 2.68162 0.01
r 98.2 0.01 2 2.77203 0.01
r 98.4 0.01 2 2.86587 0.01
r 98.6 0.01 2 2.96248 0.01
r 98.8 0.01 2 3.06161 0.01
r 99 0.01 2 3.16352 0.01
r 99.2 0.01 2 3.26749 0.01
r 99.4 0.01 2 3.37198 0.01
r 99.6 0.01 2 3.47665 0.01
r 99.8 0.01 2 3.58326 0.01
r 100 0.01 2 3.6926 0.01
r 100.2 0.01 2 3.80156 0.01
r 100.4 0.01 2 3.91243 0.01
r 100.6 0.01 2 4.0243 0.01
r 100.8 0.01 2 4.13685 0.01
r 101 0.01 2 4.24999 0.01
r 101.2 0.01 2 4.36446 0.01
r 101.4 0.01 2 4.47905 0.01
r 101.6 0.01 2 4.59694 0.01
r 101.8 0.01 2 4.71179 0.01
r 102 0.01 2 4.82758 0.01
r 102.2 0.01 2 4.94466 0.01
r 102.4 0.01 2 5.06204 0.01
r 102.6 0.01 2 5.17998 0.01
r 102.8 0.01 2 5.29844 0.01
r 103 0.01 2 5.4174 0.01
r 103.2 0.01 2 5.53673 0.01
r 103.4 0.01 2 5.65753 0.01
r 103.6 0.01 2 5.7765 0.01
r 103.8 0.01 2 5.89626 0.01
r 104 0.01 2 6.01623 0.01
r 104.2 0.01 2 6.13638 0.01
r 104.4 0.01 2 6.257 0.01
r 104.6 0.01 2 6.37777 0.01
r 104.8 0.01 2 6.49857 0.01
r 105 0.01 2 6.62072 0.01
r 105.2 0.01 2 6.74111 0.01
r 105.4 0.01 2 6.86259 0.01
r 105.6 0.01 2 6.98428 0.01
r 105.8 0.01 2 7.10525 0.01
r 106 0.01 2 7.22574 0.01
r 106.2 0.01 2 7.34636 0.01
r 106.4 0.01 2 7.46692 0.01
r 106.6 0.01 2 7.58747 0.01
r 106.8 0.01 2 7.70784 0.01
r 107 0.01 2 7.82853 0.01
r 107.2 0.01 2 7.94906 0.01
r 107.4 0.01 2 8.06956 0.01
r 107.6 0.01 2 8.19041 0.01
r 107.8 0.01 2 8.3113 0.01
r 108 0.01 2 8.43233 0.01
r 108.2 0.01 2 8.55371 0.01
r 108.4 0.01 2 8.67515 0.01
r 108.6 0.01 2 8.79688 0.01
r 108.8 0.01 2 8.91867 0.01
r 109 0.01 2 9.04061 0.01
r 109.2 0.01 2 9.16286 0.01
r 109.4 0.01 2 9.28523 0.01
r 109.6 0.01 2 9.40788 0.01
r 109.8 0.01 2 9.53084 0.01
r 110 0.01 2 9.65412 0.01
r 110.2 0.01 2 9.77674 0.01
r 110.4 0.01 2 9.89991 0.01
r 110.6 0.01 2 10.0232 0.01
r 110.8 0.01 2 10.1467 0.01
r 111 0.01 2 10.2703 0.01
r 111.2 0.01 2 10.394 0.01
r 111.4 0.01 2 10.5179 0.01
r 111.6 0.01 2 10.642 0.01
r 111.8 0.01 2 10.7661 0.01
r 112 0.01 2 10.8905 0.01
r 112.2 0.01 2 11.0151 0.01
r 112.4 0.01 2 11.1399 0.01
r 112.6 0.01 2 11.265 0.01
r 112.8 0.01 2 11.3903 0.01
r 113 0.01 2 11.5159 0.01
r 113.2 0.01 2 11.6419 0.01
r 113.4 0.01 2 11.768 0.01
r 113.6 0.01 2 11.8944 0.01
r 113.8 0.01 2 12.0211 0.01
r 114 0.01 2 12.1481 0.01
r 114.2 0.01 2 12.2754 0.01
r 114.4 0.01 2 12.403 0.01
r 114.6 0.01 2 12.5309 0.01
r 114.8 0.01 2 12.6592 0.01
r 115 0.01 2 12.7876 0.01
r 55 0.01 3 26.9505 0.01
r 55.2 0.01 3 26.8203 0.01
r 55.4 0.01 3 26.6903 0.01
r 55.6 0.01 3 26.5604 0.01
r 55.8 0.01 3 26.4306 0.01
r 56 0.01 3 26.3009 0.01
r 56.2 0.01 3 26.1714 0.01
r 56.4 0.01 3 26.0419 0.01
r 56.6 0.01 3 25.9127 0.01
r 56.8 0.01 3 25.7834 0.01
r 57 0.01 3 25.6759 0.01
r 57.2 0.01 3 25.5448 0.01
r 57.4 0.01 3 25.4137 0.01
r 57.6 0.01 3 25.2828 0.01
r 57.8 0.01 3 25.152 0.01
r 58 0.01 3 25.0213 0.01
r 58.2 0.01 3 24.8907 0.01
r 58.4 0.01 3 24.7563 0.01
r 58.6 0.01 3 24.6276 0.01
r 58.8 0.01 3 24.4997 0.01
r 59 0.01 3 24.3855 0.01
r 59.2 0.01 3 24.2547 0.01
r 59.4 0.01 3 24.1256 0.01
r 59.6 0.01 3 23.9931 0.01
r 59.8 0.01 3 23.8641 0.01
r 60 0.01 3 23.7346 0.01
r 60.2 0.01 3 23.6044 0.01
r 60.4 0.01 3 23.4744 0.01
r 60.6 0.01 3 23.344 0.01
r 60.8 0.01 3 23.2151 0.01
r 61 0.01 3 23.1656 0.01
r 61.2 0.01 3 23.0349 0.01
r 61.4 0.01 3 22.9035 0.01
r 61.6 0.01 3 22.7724 0.01
r 61.8 0.01 3 22.6433 0.01
r 62 0.01 3 22.5126 0.01
r 62.2 0.01 3 22.3824 0.01
r 62.4 0.01 3 22.2511 0.01
r 62.6 0.01 3 22.1222 0.01
r 62.8 0.01 3 21.9923 0.01
r 63 0.01 3 21.9452 0.01
r 63.2 0.01 3 21.8147 0.01
r 63.4 0.01 3 21.6845 0.01
r 63.6 0.01 3 21.5543 0.01
r 63.8 0.01 3 21.4235 0.01
r 64 0.01 3 21.296 0.01
r 64.2 0.01 3 21.1675 0.01
r 64.4 0.01 3 21.0408 0.01
r 64.6 0.01 3 20.9157 0.01
r 64.8 0.01 3 20.7808 0.01
r 65 0.01 3 20.796 0.01
r 65.2 0.01 3 20.6458 0.01
r 65.4 0.01 3 20.5085 0.01
r 65.6 0.01 3 20.3549 0.01
r 65.8 0.01 3 20.2533 0.01
r 66 0.01 3 20.1223 0.01
r 66.2 0.01 3 19.9907 0.01
r 66.4 0.01 3 19.8683 0.01
r 66.6 0.01 3 19.7647 0.01
r 66.8 0.01 3 19.6255 0.01
r 67 0.01 3 19.5265 0.01
r 67.2 0.01 3 19.4283 0.01
r 67.4 0.01 3 19.2622 0.01
r 67.6 0.01 3 19.1402 0.01
r 67.8 0.01 3 18.9974 0.01
r 68 0.01 3 18.9145 0.01
r 68.2 0.01 3 18.764 0.01
r 68.4 0.01 3 18.6316 0.01
r 68.6 0.01 3 18.5461 0.01
r 68.8 0.01 3 18.3587 0.01
r 69 0.01 3 18.2965 0.01
r 69.2 0.01 3 18.1519 0.01
r 69.4 0.01 3 18.0307 0.01
r 69.6 0.01 3 17.9028 0.01
r 69.8 0.01 3 17.7681 0.01
r 70 0.01 3 17.6393 0.01
r 70.2 0.01 3 17.4961 0.01
r 70.4 0.01 3 17.3698 0.01
r 70.6 0.01 3 17.2393 0.01
r 70.8 0.01 3 17.1095 0.01
r 71 0.01 3 17.4043 0.01
r 71.2 0.01 3 17.2372 0.01
r 71.4 0.01 3 16.7569 0.01
r 71.6 0.01 3 16.6064 0.01
r 71.8 0.01 3 16.7748 0.01
r 72 0.01 3 16.3634 0.01
r 72.2 0.01 3 16.224 0.01
r 72.4 0.01 3 16.0954 0.01
r 72.6 0.01 3 15.9594 0.01
r 72.8 0.01 3 15.8452 0.01
r 73 0.01 3 16.0796 0.01
r 73.2 0.01 3 15.6725 0.01
r 73.4 0.01 3 15.7805 0.01
r 73.6 0.01 3 15.6268 0.01
r 73.8 0.01 3 15.5548 0.01
r 74 0.01 3 15.4164 0.01
r 74.2 0.01 3 15.1019 0.01
r 74.4 0.01 3 15.1531 0.01
r 74.6 0.01 3 14.9267 0.01
r 74.8 0.01 3 14.8641 0.01
r 75 0.01 3 14.8617 0.01
r 75.2 0.01 3 14.3289 0.01
r 75.4 0.01 3 14.2518 0.01
r 75.6 0.01 3 14.4114 0.01
r 75.8 0.01 3 14.2247 0.01
r 76 0.01 3 13.8243 0.01
r 76.2 0.01 3 14.0526 0.01
r 76.4 0.01 3 13.9085 0.01
r 76.6 0.01 3 13.7411 0.01
r 76.8 0.01 3 13.3492 0.01
r 77 0.01 3 13.4921 0.01
r 77.2 0.01 3 13.0947 0.01
r 77.4 0.01 3 12.955 0.01
r 77.6 0.01 3 12.8097 0.01
r 77.8 0.01 3 12.6909 0.01
r 78 0.01 3 12.984 0.01
r 78.2 0.01 3 12.487 0.01
r 78.4 0.01 3 12.6245 0.01
r 78.6 0.01 3 12.2002 0.01
r 78.8 0.01 3 12.0915 0.01
r 79 0.01 3 11.9733 0.01
r 79.2 0.01 3 11.8293 0.01
r 79.4 0.01 3 11.7424 0.01
r 79.6 0.01 3 11.5808 0.01
r 79.8 0.01 3 11.4878 0.01
r 80 0.01 3 11.3724 0.01
r 80.2 0.01 3 11.414 0.01
r 80.4 0.01 3 11.1409 0.01
r 80.6 0.01 3 11.0706 0.01
r 80.8 0.01 3 10.8689 0.01
r 81 0.01 3 10.821 0.01
r 81.2 0.01 3 10.6768 0.01
r 81.4 0.01 3 10.7608 0.01
r 81.6 0.01 3 10.3985 0.01
r 81.8 0.01 3 10.2774 0.01
r 82 0.01 3 10.1608 0.01
r 82.2 0.01 3 10.0749 0.01
r 82.4 0.01 3 9.93493 0.01
r 82.6 0.01 3 9.82071 0.01
r 82.8 0.01 3 9.70841 0.01
r 83 0.01 3 9.59849 0.01
r 83.2 0.01 3 9.48647 0.01
r 83.4 0.01 3 9.55446 0.01
r 83.6 0.01 3 9.27467 0.01
r 83.8 0.01 3 9.16551 0.01
r 84 0.01 3 9.05666 0.01
r 84.2 0.01 3 9.08347 0.01
r 84.4 0.01 3 8.85102 0.01
r 84.6 0.01 3 8.74782 0.01
r 84.8 0.01 3 8.64884 0.01
r 85 0.01 3 8.54362 0.01
r 85.2 0.01 3 8.44845 0.01
r 85.4 0.01 3 8.45378 0.01
r 85.6 0.01 3 8.25042 0.01
r 85.8 0.01 3 8.23414 0.01
r 86 0.01 3 8.06325 0.01
r 86.2 0.01 3 8.00068 0.01
r 86.4 0.01 3 7.88745 0.01
r 86.6 0.01 3 7.82411 0.01
r 86.8 0.01 3 7.71524 0.01
r 87 0.01 3 7.60937 0.01
r 87.2 0.01 3 7.52861 0.01
r 87.4 0.01 3 7.54407 0.01
r 87.6 0.01 3 7.39738 0.01
r 87.8 0.01 3 7.28629 0.01
r 88 0.01 3 7.22539 0.01
r 88.2 0.01 3 7.12923 0.01
r 88.4 0.01 3 7.05257 0.01
r 88.6 0.01 3 6.98212 0.01
r 88.8 0.01 3 6.90064 0.01
r 89 0.01 3 6.83152 0.01
r 89.2 0.01 3 6.75711 0.01
r 89.4 0.01 3 6.68837 0.01
r 89.6 0.01 3 6.61585 0.01
r 89.8 0.01 3 6.54631 0.01
r 90 0.01 3 6.48353 0.01
r 90.2 0.01 3 6.43976 0.01
r 90.4 0.01 3 6.36787 0.01
r 90.6 0.01 3 6.30893 0.01
r 90.8 0.01 3 6.25357 0.01
r 91 0.01 3 6.20352 0.01
r 91.2 0.01 3 6.15208 0.01
r 91.4 0.01 3 6.11054 0.01
r 91.6 0.01 3 6.05921 0.01
r 91.8 0.01 3 6.01829 0.01
r 92 0.01 3 5.98061 0.01
r 92.2 0.01 3 5.93761 0.01
r 92.4 0.01 3 5.90211 0.01
r 92.6 0.01 3 5.86882 0.01
r 92.8 0.01 3 5.83834 0.01
r 93 0.01 3 5.81254 0.01
r 93.2 0.01 3 5.7859 0.01
r 93.4 0.01 3 5.76427 0.01
r 93.6 0.01 3 5.74548 0.01
r 93.8 0.01 3 5.72557 0.01
r 94 0.01 3 5.71045 0.01
r 94.2 0.01 3 5.69929 0.01
r 94.4 0.01 3 5.68974 0.01
r 94.6 0.01 3 5.68369 0.01
r 94.8 0.01 3 5.68026 0.01
r 95 0.01 3 5.68178 0.01
r 95.2 0.01 3 5.68327 0.01
r 95.4 0.01 3 5.68714 0.01
r 95.6 0.01 3 5.69464 0.01
r 95.8 0.01 3 5.70522 0.01
r 96 0.01 3 5.7187 0.01
r 96.2 0.01 3 5.73485 0.01
r 96.4 0.01 3 5.75404 0.01
r 96.6 0.01 3 5.78011 0.01
r 96.8 0.01 3 5.79916 0.01
r 97 0.01 3 5.8248 0.01
r 97.2 0.01 3 5.85217 0.01
r 97.4 0.01 3 5.88335 0.01
r 97.6 0.01 3 5.91668 0.01
r 97.8 0.01 3 5.96351 0.01
r 98 0.01 3 5.99856 0.01
r 98.2 0.01 3 6.03594 0.01
r 98.4 0.01 3 6.07902 0.01
r 98.6 0.01 3 6.12266 0.01
r 98.8 0.01 3 6.16792 0.01
r 99 0.01 3 6.22771 0.01
r 99.2 0.01 3 6.27762 0.01
r 99.4 0.01 3 6.32719 0.01
r 99.6 0.01 3 6.3812 0.01
r 99.8 0.01 3 6.43844 0.01
r 100 0.01 3 6.4992 0.01
r 100.2 0.01 3 6.56169 0.01
r 100.4 0.01 3 6.627 0.01
r 100.6 0.01 3 6.69466 0.01
r 100.8 0.01 3 6.76448 0.01
r 101 0.01 3 6.8326 0.01
r 101.2 0.01 3 6.9036 0.01
r 101.4 0.01 3 6.98001 0.01
r 101.6 0.01 3 7.06118 0.01
r 101.8 0.01 3 7.14488 0.01
r 102 0.01 3 7.224 0.01
r 102.2 0.01 3 7.29559 0.01
r 102.4 0.01 3 7.37927 0.01
r 102.6 0.01 3 7.45939 0.01
r 102.8 0.01 3 7.54496 0.01
r 103 0.01 3 7.65714 0.01
r 103.2 0.01 3 7.73347 0.01
r 103.4 0.01 3 7.82692 0.01
r 103.6 0.01 3 7.91777 0.01
r 103.8 0.01 3 8.00575 0.01
r 104 0.01 3 8.11254 0.01
r 104.2 0.01 3 8.21429 0.01
r 104.4 0.01 3 8.31122 0.01
r 104.6 0.01 3 8.43403 0.01
r 104.8 0.01 3 8.50055 0.01
r 105 0.01 3 8.58077 0.01
r 105.2 0.01 3 8.74536 0.01
r 105.4 0.01 3 8.78769 0.01
r 105.6 0.01 3 8.87088 0.01
r 105.8 0.01 3 9.02238 0.01
r 106 0.01 3 9.13411 0.01
r 106.2 0.01 3 9.22673 0.01
r 106.4 0.01 3 9.31252 0.01
r 106.6 0.01 3 9.41987 0.01
r 106.8 0.01 3 9.45965 0.01
r 107 0.01 3 9.82564 0.01
r 107.2 0.01 3 9.88628 0.01
r 107.4 0.01 3 9.96083 0.01
r 107.6 0.01 3 10.1737 0.01
r 107.8 0.01 3 10.2675 0.01
r 108 0.01 3 10.3306 0.01
r 108.2 0.01 3 10.5123 0.01
r 108.4 0.01 3 10.6138 0.01
r 108.6 0.01 3 10.6579 0.01
r 108.8 0.01 3 10.7735 0.01
r 109 0.01 3 10.8546 0.01
r 109.2 0.01 3 10.8977 0.01
r 109.4 0.01 3 10.9787 0.01
r 109.6 0.01 3 11.103 0.01
r 109.8 0.01 3 11.207 0.01
r 110 0.01 3 11.3031 0.01
r 110.2 0.01 3 11.4035 0.01
r 110.4 0.01 3 11.4901 0.01
r 110.6 0.01 3 11.6115 0.01
r 110.8 0.01 3 11.7166 0.01
r 111 0.01 3 11.7814 0.01
r 111.2 0.01 3 11.8695 0.01
r 111.4 0.01 3 11.9818 0.01
r 111.6 0.01 3 12.104 0.01
r 111.8 0.01 3 12.203 0.01
r 112 0.01 3 12.3051 0.01
r 112.2 0.01 3 12.4065 0.01
r 112.4 0.01 3 12.5085 0.01
r 112.6 0.01 3 12.6121 0.01
r 112.8 0.01 3 12.7359 0.01
r 113 0.01 3 12.8211 0.01
r 113.2 0.01 3 12.9507 0.01
r 113.4 0.01 3 13.0416 0.01
r 113.6 0.01 3 13.1694 0.01
r 113.8 0.01 3 13.2653 0.01
r 114 0.01 3 13.3701 0.01
r 114.2 0.01 3 13.4848 0.01
r 114.4 0.01 3 13.6001 0.01
r 114.6 0.01 3 13.738 0.01
r 114.8 0.01 3 13.8306 0.01
r 115 0.01 3 13.9502 0.01
r 115.2 0.01 3 14.0503 0.01
r 115.4 0.01 3 14.1642 0.01
r 115.6 0.01 3 14.2978 0.01
r 115.8 0.01 3 14.4247 0.01
r 116 0.01 3 14.5334 0.01
r 116.2 0.01 3 14.6573 0.01
r 116.4 0.01 3 14.7771 0.01
r 116.6 0.01 3 14.9182 0.01
r 116.8 0.01 3 15.0307 0.01
r 117 0.01 3 15.1617 0.01
r 117.2 0.01 3 15.2632 0.01
r 117.4 0.01 3 15.3881 0.01
r 117.6 0.01 3 15.5165 0.01
r 117.8 0.01 3 15.6397 0.01
r 118 0.01 3 15.7665 0.01
r 118.2 0.01 3 15.8831 0.01
r 118.4 0.01 3 16.014 0.01
r 118.6 0.01 3 16.1483 0.01
r 118.8 0.01 3 16.2682 0.01
r 119 0.01 3 16.4006 0.01
r 119.2 0.01 3 16.5456 0.01
r 119.4 0.01 3 16.6578 0.01
r 119.6 0.01 3 16.7851 0.01
r 119.8 0.01 3 16.8997 0.01
r 120 0.01 3 17.0275 0.01
r 120.2 0.01 3 17.1578 0.01
r 120.4 0.01 3 17.287 0.01
r 120.6 0.01 3 17.4254 0.01
r 120.8 0.01 3 17.5441 0.01
r 121 0.01 3 17.6785 0.01
r 121.2 0.01 3 17.8088 0.01
r 121.4 0.01 3 17.9365 0.01
r 121.6 0.01 3 18.0727 0.01
r 121.8 0.01 3 18.1972 0.01
r 122 0.01 3 18.3012 0.01
r 122.2 0.01 3 18.402 0.01
r 122.4 0.01 3 18.5885 0.01
r 122.6 0.01 3 18.6663 0.01
r 122.8 0.01 3 18.856 0.01
r 123 0.01 3 18.9174 0.01
r 123.2 0.01 3 19.0481 0.01
r 123.4 0.01 3 19.1798 0.01
r 123.6 0.01 3 19.3108 0.01
r 123.8 0.01 3 19.4421 0.01
r 124 0.01 3 19.5732 0.01
r 124.2 0.01 3 19.7049 0.01
r 124.4 0.01 3 19.8372 0.01
r 124.6 0.01 3 19.9691 0.01
r 124.8 0.01 3 20.1008 0.01
r 125 0.01 3 20.1939 0.01
r 125.2 0.01 3 20.325 0.01
r 125.4 0.01 3 20.4563 0.01
r 125.6 0.01 3 20.5877 0.01
r 125.8 0.01 3 20.719 0.01
r 126 0.01 3 20.8506 0.01
r 126.2 0.01 3 20.9819 0.01
r 126.4 0.01 3 21.1133 0.01
r 126.6 0.01 3 21.2448 0.01
r 126.8 0.01 3 21.3763 0.01
r 127 0.01 3 21.4903 0.01
r 127.2 0.01 3 21.6212 0.01
r 127.4 0.01 3 21.752 0.01
r 127.6 0.01 3 21.883 0.01
r 127.8 0.01 3 22.014 0.01
r 128 0.01 3 22.1451 0.01
r 128.2 0.01 3 22.2763 0.01
r 128.4 0.01 3 22.4074 0.01
r 128.6 0.01 3 22.5386 0.01
r 128.8 0.01 3 22.6698 0.01
r 129 0.01 3 22.7911 0.01
r 129.2 0.01 3 22.9211 0.01
r 129.4 0.01 3 23.0512 0.01
r 129.6 0.01 3 23.1814 0.01
r 129.8 0.01 3 23.3116 0.01
r 130 0.01 3 23.4419 0.01
r 130.2 0.01 3 23.5723 0.01
r 130.4 0.01 3 23.7028 0.01
r 130.6 0.01 3 23.8334 0.01
r 130.8 0.01 3 23.9568 0.01
r 131 0.01 3 24.0723 0.01
r 131.2 0.01 3 24.2023 0.01
r 131.4 0.01 3 24.3325 0.01
r 131.6 0.01 3 24.4625 0.01
r 131.8 0.01 3 24.5925 0.01
r 132 0.01 3 24.7237 0.01
r 132.2 0.01 3 24.8532 0.01
r 132.4 0.01 3 24.9842 0.01
r 132.6 0.01 3 25.1146 0.01
r 132.8 0.01 3 25.2453 0.01
r 133 0.01 3 25.3452 0.01
r 133.2 0.01 3 25.4749 0.01
r 133.4 0.01 3 25.6047 0.01
r 133.6 0.01 3 25.7345 0.01
r 133.8 0.01 3 25.8643 0.01
r 134 0.01 3 25.9942 0.01
r 134.2 0.01 3 26.1243 0.01
r 134.4 0.01 3 26.2544 0.01
r 134.6 0.01 3 26.3847 0.01
r 134.8 0.01 3 26.515 0.01
r 135 0.01 3 26.6407 0.01
s 105 3 602
r 85 0.01 2 12.7853 0.01
r 85.2 0.01 2 12.6567 0.01
r 85.4 0.01 2 12.5285 0.01
r 85.6 0.01 2 12.4005 0.01
r 85.8 0.01 2 12.2728 0.01
r 86 0.01 2 12.1454 0.01
r 86.2 0.01 2 12.0184 0.01
r 86.4 0.01 2 11.8916 0.01
r 86.6 0.01 2 11.7651 0.01
r 86.8 0.01 2 11.6388 0.01
r 87 0.01 2 11.513 0.01
r 87.2 0.01 2 11.3874 0.01
r 87.4 0.01 2 11.262 0.01
r 87.6 0.01 2 11.137 0.01
r 87.8 0.01 2 11.0121 0.01
r 88 0.01 2 10.8876 0.01
r 88.2 0.01 2 10.7633 0.01
r 88.4 0.01 2 10.6391 0.01
r 88.6 0.01 2 10.515 0.01
r 88.8 0.01 2 10.3911 0.01
r 89 0.01 2 10.2676 0.01
r 89.2 0.01 2 10.144 0.01
r 89.4 0.01 2 10.0205 0.01
r 89.6 0.01 2 9.89709 0.01
r 89.8 0.01 2 9.77383 0.01
r 90 0.01 2 9.65066 0.01
r 90.2 0.01 2 9.5277 0.01
r 90.4 0.01 2 9.40487 0.01
r 90.6 0.01 2 9.28222 0.01
r 90.8 0.01 2 9.15982 0.01
r 91 0.01 2 9.03809 0.01
r 91.2 0.01 2 8.91612 0.01
r 91.4 0.01 2 8.79424 0.01
r 91.6 0.01 2 8.67262 0.01
r 91.8 0.01 2 8.55131 0.01
r 92 0.01 2 8.43009 0.01
r 92.2 0.01 2 8.30909 0.01
r 92.4 0.01 2 8.18818 0.01
r 92.6 0.01 2 8.06737 0.01
r 92.8 0.01 2 7.94666 0.01
r 93 0.01 2 7.82615 0.01
r 93.2 0.01 2 7.70742 0.01
r 93.4 0.01 2 7.58618 0.01
r 93.6 0.01 2 7.46511 0.01
r 93.8 0.01 2 7.34419 0.01
r 94 0.01 2 7.2233 0.01
r 94.2 0.01 2 7.10273 0.01
r 94.4 0.01 2 6.98255 0.01
r 94.6 0.01 2 6.86262 0.01
r 94.8 0.01 2 6.7395 0.01
r 95 0.01 2 6.61842 0.01
r 95.2 0.01 2 6.49747 0.01
r 95.4 0.01 2 6.37671 0.01
r 95.6 0.01 2 6.25622 0.01
r 95.8 0.01 2 6.13591 0.01
r 96 0.01 2 6.01589 0.01
r 96.2 0.01 2 5.89599 0.01
r 96.4 0.01 2 5.77634 0.01
r 96.6 0.01 2 5.6563 0.01
r 96.8 0.01 2 5.53674 0.01
r 97 0.01 2 5.41725 0.01
r 97.2 0.01 2 5.29852 0.01
r 97.4 0.01 2 5.18012 0.01
r 97.6 0.01 2 5.06221 0.01
r 97.8 0.01 2 4.94475 0.01
r 98 0.01 2 4.82751 0.01
r 98.2 0.01 2 4.71086 0.01
r 98.4 0.01 2 4.59468 0.01
r 98.6 0.01 2 4.47918 0.01
r 98.8 0.01 2 4.3643 0.01
r 99 0.01 2 4.25028 0.01
r 99.2 0.01 2 4.13692 0.01
r 99.4 0.01 2 4.02444 0.01
r 99.6 0.01 2 3.91277 0.01
r 99.8 0.01 2 3.80193 0.01
r 100 0.01 2 3.69228 0.01
r 100.2 0.01 2 3.58349 0.01
r 100.4 0.01 2 3.47604 0.01
r 100.6 0.01 2 3.37007 0.01
r 100.8 0.01 2 3.26552 0.01
r 101 0.01 2 3.16262 0.01
r 101.2 0.01 2 3.06294 0.01
r 101.4 0.01 2 2.96362 0.01
r 101.6 0.01 2 2.86649 0.01
r 101.8 0.01 2 2.77206 0.01
r 102 0.01 2 2.68049 0.01
r 102.2 0.01 2 2.59196 0.01
r 102.4 0.01 2 2.50667 0.01
r 102.6 0.01 2 2.42538 0.01
r 102.8 0.01 2 2.34765 0.01
r 103 0.01 2 2.27517 0.01
r 103.2 0.01 2 2.20692 0.01
r 103.4 0.01 2 2.14374 0.01
r 103.6 0.01 2 2.08719 0.01
r 103.8 0.01 2 2.03649 0.01
r 104 0.01 2 1.99275 0.01
r 104.2 0.01 2 1.95663 0.01
r 104.4 0.01 2 1.92746 0.01
r 104.6 0.01 2 1.90668 0.01
r 104.8 0.01 2 1.89501 0.01
r 105 0.01 2 1.89125 0.01
r 105.2 0.01 2 1.89548 0.01
r 105.4 0.01 2 1.90695 0.01
r 105.6 0.01 2 1.92631 0.01
r 105.8 0.01 2 1.95479 0.01
r 106 0.01 2 1.99104 0.01
r 106.2 0.01 2 2.03439 0.01
r 106.4 0.01 2 2.08452 0.01
r 106.6 0.01 2 2.14098 0.01
r 106.8 0.01 2 2.2035 0.01
r 107 0.01 2 2.27166 0.01
r 107.2 0.01 2 2.34414 0.01
r 107.4 0.01 2 2.42097 0.01
r 107.6 0.01 2 2.50181 0.01
r 107.8 0.01 2 2.58693 0.01
r 108 0.01 2 2.67547 0.01
r 108.2 0.01 2 2.76549 0.01
r 108.4 0.01 2 2.85896 0.01
r 108.6 0.01 2 2.95508 0.01
r 108.8 0.01 2 3.05373 0.01
r 109 0.01 2 3.15649 0.01
r 109.2 0.01 2 3.25966 0.01
r 109.4 0.01 2 3.36315 0.01
r 109.6 0.01 2 3.46737 0.01
r 109.8 0.01 2 3.57325 0.01
r 110 0.01 2 3.68146 0.01
r 110.2 0.01 2 3.79083 0.01
r 110.4 0.01 2 3.90145 0.01
r 110.6 0.01 2 4.01293 0.01
r 110.8 0.01 2 4.12533 0.01
r 111 0.01 2 4.23917 0.01
r 111.2 0.01 2 4.353 0.01
r 111.4 0.01 2 4.46768 0.01
r 111.6 0.01 2 4.58461 0.01
r 111.8 0.01 2 4.70032 0.01
r 112 0.01 2 4.81663 0.01
r 112.2 0.01 2 4.93428 0.01
r 112.4 0.01 2 5.05221 0.01
r 112.6 0.01 2 5.17078 0.01
r 112.8 0.01 2 5.28961 0.01
r 113 0.01 2 5.40947 0.01
r 113.2 0.01 2 5.5303 0.01
r 113.4 0.01 2 5.65046 0.01
r 113.6 0.01 2 5.77127 0.01
r 113.8 0.01 2 5.89231 0.01
r 114 0.01 2 6.01381 0.01
r 114.2 0.01 2 6.13571 0.01
r 114.4 0.01 2 6.25808 0.01
r 114.6 0.01 2 6.38085 0.01
r 114.8 0.01 2 6.504 0.01
r 115 0.01 2 6.62719 0.01
r 115.2 0.01 2 6.75098 0.01
r 115.4 0.01 2 6.87477 0.01
r 115.6 0.01 2 6.99895 0.01
r 115.8 0.01 2 7.12309 0.01
r 116 0.01 2 7.24767 0.01
r 116.2 0.01 2 7.3725 0.01
r 116.4 0.01 2 7.49756 0.01
r 116.6 0.01 2 7.62345 0.01
r 116.8 0.01 2 7.74877 0.01
r 117 0.01 2 7.87398 0.01
r 117.2 0.01 2 7.9999 0.01
r 117.4 0.01 2 8.1262 0.01
r 117.6 0.01 2 8.25368 0.01
r 117.8 0.01 2 8.3801 0.01
r 118 0.01 2 8.50697 0.01
r 118.2 0.01 2 8.63421 0.01
r 118.4 0.01 2 8.76194 0.01
r 118.6 0.01 2 8.88997 0.01
r 118.8 0.01 2 9.0184 0.01
r 119 0.01 2 9.14705 0.01
r 119.2 0.01 2 9.27557 0.01
r 119.4 0.01 2 9.40455 0.01
r 119.6 0.01 2 9.53388 0.01
r 119.8 0.01 2 9.66332 0.01
r 120 0.01 2 9.7928 0.01
r 120.2 0.01 2 9.92273 0.01
r 120.4 0.01 2 10.0528 0.01
r 120.6 0.01 2 10.1832 0.01
r 120.8 0.01 2 10.3137 0.01
r 121 0.01 2 10.4441 0.01
r 121.2 0.01 2 10.575 0.01
r 121.4 0.01 2 10.7061 0.01
r 121.6 0.01 2 10.8372 0.01
r 121.8 0.01 2 10.9684 0.01
r 122 0.01 2 11.0999 0.01
r 122.2 0.01 2 11.2315 0.01
r 122.4 0.01 2 11.3632 0.01
r 122.6 0.01 2 11.495 0.01
r 122.8 0.01 2 11.627 0.01
r 123 0.01 2 11.7593 0.01
r 123.2 0.01 2 11.8914 0.01
r 123.4 0.01 2 12.0237 0.01
r 123.6 0.01 2 12.156 0.01
r 123.8 0.01 2 12.2885 0.01
r 124 0.01 2 12.421 0.01
r 124.2 0.01 2 12.5537 0.01
r 124.4 0.01 2 12.6865 0.01
r 124.6 0.01 2 12.8193 0.01
r 124.8 0.01 2 12.9522 0.01
r 125 0.01 2 13.0852 0.01
r 65 0.01 3 26.6417 0.01
r 65.2 0.01 3 26.5115 0.01
r 65.4 0.01 3 26.3812 0.01
r 65.6 0.01 3 26.2511 0.01
r 65.8 0.01 3 26.121 0.01
r 66 0.01 3 25.991 0.01
r 66.2 0.01 3 25.8611 0.01
r 66.4 0.01 3 25.7312 0.01
r 66.6 0.01 3 25.6015 0.01
r 66.8 0.01 3 25.472 0.01
r 67 0.01 3 25.3967 0.01
r 67.2 0.01 3 25.2662 0.01
r 67.4 0.01 3 25.1358 0.01
r 67.6 0.01 3 25.0053 0.01
r 67.8 0.01 3 24.8749 0.01
r 68 0.01 3 24.7446 0.01
r 68.2 0.01 3 24.6141 0.01
r 68.4 0.01 3 24.4838 0.01
r 68.6 0.01 3 24.3538 0.01
r 68.8 0.01 3 24.2163 0.01
r 69 0.01 3 24.1173 0.01
r 69.2 0.01 3 23.9866 0.01
r 69.4 0.01 3 23.8561 0.01
r 69.6 0.01 3 23.7254 0.01
r 69.8 0.01 3 23.5951 0.01
r 70 0.01 3 23.4648 0.01
r 70.2 0.01 3 23.3344 0.01
r 70.4 0.01 3 23.2042 0.01
r 70.6 0.01 3 23.0739 0.01
r 70.8 0.01 3 22.9437 0.01
r 71 0.01 3 22.8657 0.01
r 71.2 0.01 3 22.7352 0.01
r 71.4 0.01 3 22.6028 0.01
r 71.6 0.01 3 22.4721 0.01
r 71.8 0.01 3 22.3406 0.01
r 72 0.01 3 22.2095 0.01
r 72.2 0.01 3 22.0793 0.01
r 72.4 0.01 3 21.947 0.01
r 72.6 0.01 3 21.8162 0.01
r 72.8 0.01 3 21.6851 0.01
r 73 0.01 3 21.5592 0.01
r 73.2 0.01 3 21.4048 0.01
r 73.4 0.01 3 21.2734 0.01
r 73.6 0.01 3 21.142 0.01
r 73.8 0.01 3 21.0323 0.01
r 74 0.01 3 20.8784 0.01
r 74.2 0.01 3 20.7469 0.01
r 74.4 0.01 3 20.6359 0.01
r 74.6 0.01 3 20.506 0.01
r 74.8 0.01 3 20.3526 0.01
r 75 0.01 3 20.2432 0.01
r 75.2 0.01 3 20.0933 0.01
r 75.4 0.01 3 19.9614 0.01
r 75.6 0.01 3 19.8293 0.01
r 75.8 0.01 3 19.6977 0.01
r 76 0.01 3 19.5665 0.01
r 76.2 0.01 3 19.4342 0.01
r 76.4 0.01 3 19.3022 0.01
r 76.6 0.01 3 19.1716 0.01
r 76.8 0.01 3 19.0577 0.01
r 77 0.01 3 18.9459 0.01
r 77.2 0.01 3 18.8144 0.01
r 77.4 0.01 3 18.6841 0.01
r 77.6 0.01 3 18.5519 0.01
r 77.8 0.01 3 18.4214 0.01
r 78 0.01 3 18.29 0.01
r 78.2 0.01 3 18.1594 0.01
r 78.4 0.01 3 18.0294 0.01
r 78.6 0.01 3 17.8986 0.01
r 78.8 0.01 3 17.7682 0.01
r 79 0.01 3 17.6429 0.01
r 79.2 0.01 3 17.5129 0.01
r 79.4 0.01 3 17.3835 0.01
r 79.6 0.01 3 17.2541 0.01
r 79.8 0.01 3 17.1254 0.01
r 80 0.01 3 16.9961 0.01
r 80.2 0.01 3 16.8675 0.01
r 80.4 0.01 3 16.7389 0.01
r 80.6 0.01 3 16.611 0.01
r 80.8 0.01 3 16.4835 0.01
r 81 0.01 3 16.3561 0.01
r 81.2 0.01 3 16.2294 0.01
r 81.4 0.01 3 16.1019 0.01
r 81.6 0.01 3 15.9758 0.01
r 81.8 0.01 3 15.8493 0.01
r 82 0.01 3 15.7236 0.01
r 82.2 0.01 3 15.5982 0.01
r 82.4 0.01 3 15.4738 0.01
r 82.6 0.01 3 15.3488 0.01
r 82.8 0.01 3 15.2248 0.01
r 83 0.01 3 15.1018 0.01
r 83.2 0.01 3 14.9791 0.01
r 83.4 0.01 3 14.8566 0.01
r 83.6 0.01 3 14.7339 0.01
r 83.8 0.01 3 14.6124 0.01
r 84 0.01 3 14.4909 0.01
r 84.2 0.01 3 14.3701 0.01
r 84.4 0.01 3 14.2497 0.01
r 84.6 0.01 3 14.1298 0.01
r 84.8 0.01 3 14.0113 0.01
r 85 0.01 3 13.8924 0.01
r 85.2 0.01 3 13.7754 0.01
r 85.4 0.01 3 13.6579 0.01
r 85.6 0.01 3 13.5561 0.01
r 85.8 0.01 3 13.444 0.01
r 86 0.01 3 13.329 0.01
r 86.2 0.01 3 13.2147 0.01
r 86.4 0.01 3 13.0798 0.01
r 86.6 0.01 3 12.9925 0.01
r 86.8 0.01 3 12.8559 0.01
r 87 0.01 3 12.7436 0.01
r 87.2 0.01 3 12.6692 0.01
r 87.4 0.01 3 12.5227 0.01
r 87.6 0.01 3 12.4214 0.01
r 87.8 0.01 3 12.3432 0.01
r 88 0.01 3 12.1956 0.01
r 88.2 0.01 3 12.1135 0.01
r 88.4 0.01 3 11.9545 0.01
r 88.6 0.01 3 11.8546 0.01
r 88.8 0.01 3 11.7478 0.01
r 89 0.01 3 11.6621 0.01
r 89.2 0.01 3 11.5681 0.01
r 89.4 0.01 3 11.4563 0.01
r 89.6 0.01 3 11.3865 0.01
r 89.8 0.01 3 11.239 0.01
r 90 0.01 3 11.174 0.01
r 90.2 0.01 3 11.092 0.01
r 90.4 0.01 3 10.9996 0.01
r 90.6 0.01 3 10.9437 0.01
r 90.8 0.01 3 10.8165 0.01
r 91 0.01 3 10.7643 0.01
r 91.2 0.01 3 10.638 0.01
r 91.4 0.01 3 10.3695 0.01
r 91.6 0.01 3 10.3018 0.01
r 91.8 0.01 3 10.2533 0.01
r 92 0.01 3 10.1398 0.01
r 92.2 0.01 3 10.0122 0.01
r 92.4 0.01 3 9.90696 0.01
r 92.6 0.01 3 9.76486 0.01
r 92.8 0.01 3 9.68535 0.01
r 93 0.01 3 9.61362 0.01
r 93.2 0.01 3 9.41434 0.01
r 93.4 0.01 3 9.32586 0.01
r 93.6 0.01 3 9.26226 0.01
r 93.8 0.01 3 9.14807 0.01
r 94 0.01 3 9.01669 0.01
r 94.2 0.01 3 8.93048 0.01
r 94.4 0.01 3 8.81193 0.01
r 94.6 0.01 3 8.70463 0.01
r 94.8 0.01 3 8.61812 0.01
r 95 0.01 3 8.51008 0.01
r 95.2 0.01 3 8.41441 0.01
r 95.4 0.01 3 8.32174 0.01
r 95.6 0.01 3 8.22845 0.01
r 95.8 0.01 3 8.13653 0.01
r 96 0.01 3 8.04308 0.01
r 96.2 0.01 3 7.95588 0.01
r 96.4 0.01 3 7.86414 0.01
r 96.6 0.01 3 7.7768 0.01
r 96.8 0.01 3 7.69315 0.01
r 97 0.01 3 7.60888 0.01
r 97.2 0.01 3 7.52463 0.01
r 97.4 0.01 3 7.44135 0.01
r 97.6 0.01 3 7.3611 0.01
r 97.8 0.01 3 7.27978 0.01
r 98 0.01 3 7.27134 0.01
r 98.2 0.01 3 7.1228 0.01
r 98.4 0.01 3 7.04725 0.01
r 98.6 0.01 3 6.97323 0.01
r 98.8 0.01 3 6.90329 0.01
r 99 0.01 3 6.85122 0.01
r 99.2 0.01 3 6.80351 0.01
r 99.4 0.01 3 6.69643 0.01
r 99.6 0.01 3 6.64645 0.01
r 99.8 0.01 3 6.5942 0.01
r 100 0.01 3 6.49986 0.01
r 100.2 0.01 3 6.43933 0.01
r 100.4 0.01 3 6.38091 0.01
r 100.6 0.01 3 6.35165 0.01
r 100.8 0.01 3 6.27195 0.01
r 101 0.01 3 6.22285 0.01
r 101.2 0.01 3 6.17204 0.01
r 101.4 0.01 3 6.12451 0.01
r 101.6 0.01 3 6.07875 0.01
r 101.8 0.01 3 6.03564 0.01
r 102 0.01 3 5.99463 0.01
r 102.2 0.01 3 5.95538 0.01
r 102.4 0.01 3 5.95221 0.01
r 102.6 0.01 3 5.89175 0.01
r 102.8 0.01 3 5.86055 0.01
r 103 0.01 3 5.83968 0.01
r 103.2 0.01 3 5.80077 0.01
r 103.4 0.01 3 5.78344 0.01
r 103.6 0.01 3 5.75959 0.01
r 103.8 0.01 3 5.73867 0.01
r 104 0.01 3 5.71977 0.01
r 104.2 0.01 3 5.70579 0.01
r 104.4 0.01 3 5.69555 0.01
r 104.6 0.01 3 5.68924 0.01
r 104.8 0.01 3 5.68177 0.01
r 105 0.01 3 5.68012 0.01
r 105.2 0.01 3 5.68041 0.01
r 105.4 0.01 3 5.6833 0.01
r 105.6 0.01 3 5.6893 0.01
r 105.8 0.01 3 5.69821 0.01
r 106 0.01 3 5.70988 0.01
r 106.2 0.01 3 5.72436 0.01
r 106.4 0.01 3 5.74194 0.01
r 106.6 0.01 3 5.76646 0.01
r 106.8 0.01 3 5.7853 0.01
r 107 0.01 3 5.80988 0.01
r 107.2 0.01 3 5.83766 0.01
r 107.4 0.01 3 5.86821 0.01
r 107.6 0.01 3 5.90107 0.01
r 107.8 0.01 3 5.93653 0.01
r 108 0.01 3 5.98336 0.01
r 108.2 0.01 3 6.02085 0.01
r 108.4 0.01 3 6.06061 0.01
r 108.6 0.01 3 6.10435 0.01
r 108.8 0.01 3 6.15083 0.01
r 109 0.01 3 6.20308 0.01
r 109.2 0.01 3 6.25284 0.01
r 109.4 0.01 3 6.30627 0.01
r 109.6 0.01 3 6.36296 0.01
r 109.8 0.01 3 6.4231 0.01
r 110 0.01 3 6.48585 0.01
r 110.2 0.01 3 6.54841 0.01
r 110.4 0.01 3 6.6129 0.01
r 110.6 0.01 3 6.69363 0.01
r 110.8 0.01 3 6.77528 0.01
r 111 0.01 3 6.83389 0.01
r 111.2 0.01 3 6.89835 0.01
r 111.4 0.01 3 6.99342 0.01
r 111.6 0.01 3 7.04541 0.01
r 111.8 0.01 3 7.18103 0.01
r 112 0.01 3 7.20945 0.01
r 112.2 0.01 3 7.3065 0.01
r 112.4 0.01 3 7.47427 0.01
r 112.6 0.01 3 7.57533 0.01
r 112.8 0.01 3 7.56514 0.01
r 113 0.01 3 7.61671 0.01
r 113.2 0.01 3 7.82775 0.01
r 113.4 0.01 3 7.78779 0.01
r 113.6 0.01 3 7.87685 0.01
r 113.8 0.01 3 8.18874 0.01
r 114 0.01 3 8.08102 0.01
r 114.2 0.01 3 8.19207 0.01
r 114.4 0.01 3 8.50249 0.01
r 114.6 0.01 3 8.34828 0.01
r 114.8 0.01 3 8.4849 0.01
r 115 0.01 3 8.56114 0.01
r 115.2 0.01 3 8.64729 0.01
r 115.4 0.01 3 8.79027 0.01
r 115.6 0.01 3 8.84952 0.01
r 115.8 0.01 3 8.94678 0.01
r 116 0.01 3 9.04894 0.01
r 116.2 0.01 3 9.15595 0.01
r 116.4 0.01 3 9.31228 0.01
r 116.6 0.01 3 9.36669 0.01
r 116.8 0.01 3 9.48502 0.01
r 117 0.01 3 9.5811 0.01
r 117.2 0.01 3 9.68823 0.01
r 117.4 0.01 3 9.80332 0.01
r 117.6 0.01 3 9.93214 0.01
r 117.8 0.01 3 10.0928 0.01
r 118 0.01 3 10.1422 0.01
r 118.2 0.01 3 10.2477 0.01
r 118.4 0.01 3 10.3731 0.01
r 118.6 0.01 3 10.4919 0.01
r 118.8 0.01 3 10.6039 0.01
r 119 0.01 3 10.7098 0.01
r 119.2 0.01 3 10.8215 0.01
r 119.4 0.01 3 10.9532 0.01
r 119.6 0.01 3 11.3438 0.01
r 119.8 0.01 3 11.2586 0.01
r 120 0.01 3 11.3189 0.01
r 120.2 0.01 3 11.4213 0.01
r 120.4 0.01 3 11.5402 0.01
r 120.6 0.01 3 11.6622 0.01
r 120.8 0.01 3 12.4337 0.01
r 121 0.01 3 11.8975 0.01
r 121.2 0.01 3 12.0101 0.01
r 121.4 0.01 3 12.1554 0.01
r 121.6 0.01 3 12.2923 0.01
r 121.8 0.01 3 12.4887 0.01
r 122 0.01 3 12.5401 0.01
r 122.2 0.01 3 12.6661 0.01
r 122.4 0.01 3 12.8125 0.01
r 122.6 0.01 3 13.1717 0.01
r 122.8 0.01 3 13.0013 0.01
r 123 0.01 3 13.4941 0.01
r 123.2 0.01 3 13.2521 0.01
r 123.4 0.01 3 13.8466 0.01
r 123.6 0.01 3 13.5164 0.01
r 123.8 0.01 3 13.7392 0.01
r 124 0.01 3 13.7685 0.01
r 124.2 0.01 3 13.8896 0.01
r 124.4 0.01 3 14.0521 0.01
r 124.6 0.01 3 14.1579 0.01
r 124.8 0.01 3 14.6926 0.01
r 125 0.01 3 14.7963 0.01
r 125.2 0.01 3 14.5331 0.01
r 125.4 0.01 3 14.7521 0.01
r 125.6 0.01 3 14.8827 0.01
r 125.8 0.01 3 15.0127 0.01
r 126 0.01 3 15.1427 0.01
r 126.2 0.01 3 15.4991 0.01
r 126.4 0.01 3 15.5676 0.01
r 126.6 0.01 3 15.5269 0.01
r 126.8 0.01 3 15.5282 0.01
r 127 0.01 3 15.7207 0.01
r 127.2 0.01 3 15.8339 0.01
r 127.4 0.01 3 16.203 0.01
r 127.6 0.01 3 16.1391 0.01
r 127.8 0.01 3 16.2844 0.01
r 128 0.01 3 16.4059 0.01
r 128.2 0.01 3 16.5333 0.01
r 128.4 0.01 3 16.6293 0.01
r 128.6 0.01 3 16.7608 0.01
r 128.8 0.01 3 16.9191 0.01
r 129 0.01 3 16.8658 0.01
r 129.2 0.01 3 16.9954 0.01
r 129.4 0.01 3 17.1254 0.01
r 129.6 0.01 3 17.2556 0.01
r 129.8 0.01 3 17.3859 0.01
r 130 0.01 3 17.5162 0.01
r 130.2 0.01 3 17.6465 0.01
r 130.4 0.01 3 17.7769 0.01
r 130.6 0.01 3 17.9073 0.01
r 130.8 0.01 3 18.0378 0.01
r 131 0.01 3 18.0923 0.01
r 131.2 0.01 3 18.2221 0.01
r 131.4 0.01 3 18.3507 0.01
r 131.6 0.01 3 18.4793 0.01
r 131.8 0.01 3 18.61 0.01
r 132 0.01 3 18.74 0.01
r 132.2 0.01 3 18.8692 0.01
r 132.4 0.01 3 18.9955 0.01
r 132.6 0.01 3 19.1255 0.01
r 132.8 0.01 3 19.2562 0.01
r 133 0.01 3 19.3442 0.01
r 133.2 0.01 3 19.4764 0.01
r 133.4 0.01 3 19.605 0.01
r 133.6 0.01 3 19.7323 0.01
r 133.8 0.01 3 19.8634 0.01
r 134 0.01 3 19.9915 0.01
r 134.2 0.01 3 20.1218 0.01
r 134.4 0.01 3 20.2508 0.01
r 134.6 0.01 3 20.3827 0.01
r 134.8 0.01 3 20.5135 0.01
r 135 0.01 3 20.6288 0.01
r 135.2 0.01 3 20.7526 0.01
r 135.4 0.01 3 20.893 0.01
r 135.6 0.01 3 21.0186 0.01
r 135.8 0.01 3 21.1447 0.01
r 136 0.01 3 21.2727 0.01
r 136.2 0.01 3 21.3985 0.01
r 136.4 0.01 3 21.5297 0.01
r 136.6 0.01 3 21.6564 0.01
r 136.8 0.01 3 21.788 0.01
r 137 0.01 3 21.8631 0.01
r 137.2 0.01 3 21.9959 0.01
r 137.4 0.01 3 22.1251 0.01
r 137.6 0.01 3 22.2511 0.01
r 137.8 0.01 3 22.3826 0.01
r 138 0.01 3 22.5155 0.01
r 138.2 0.01 3 22.644 0.01
r 138.4 0.01 3 22.7788 0.01
r 138.6 0.01 3 22.9054 0.01
r 138.8 0.01 3 23.0344 0.01
r 139 0.01 3 23.1095 0.01
r 139.2 0.01 3 23.2345 0.01
r 139.4 0.01 3 23.3557 0.01
r 139.6 0.01 3 23.4842 0.01
r 139.8 0.01 3 23.6089 0.01
r 140 0.01 3 23.7348 0.01
r 140.2 0.01 3 23.8604 0.01
r 140.4 0.01 3 23.9872 0.01
r 140.6 0.01 3 24.1132 0.01
r 140.8 0.01 3 24.2403 0.01
r 141 0.01 3 24.3683 0.01
r 141.2 0.01 3 24.4954 0.01
r 141.4 0.01 3 24.6229 0.01
r 141.6 0.01 3 24.751 0.01
r 141.8 0.01 3 24.8786 0.01
r 142 0.01 3 25.0067 0.01
r 142.2 0.01 3 25.135 0.01
r 142.4 0.01 3 25.2634 0.01
r 142.6 0.01 3 25.3921 0.01
r 142.8 0.01 3 25.5208 0.01
r 143 0.01 3 25.6643 0.01
r 143.2 0.01 3 25.7864 0.01
r 143.4 0.01 3 25.914 0.01
r 143.6 0.01 3 26.0421 0.01
r 143.8 0.01 3 26.1701 0.01
r 144 0.01 3 26.2988 0.01
r 144.2 0.01 3 26.4271 0.01
r 144.4 0.01 3 26.5558 0.01
r 144.6 0.01 3 26.6848 0.01
r 144.8 0.01 3 26.8138 0.01
r 145 0.01 3 26.9447 0.01
s 115 3 602
r 95 0.01 2 12.7628 0.01
r 95.2 0.01 2 12.6369 0.01
r 95.4 0.01 2 12.5109 0.01
r 95.6 0.01 2 12.3852 0.01
r 95.8 0.01 2 12.2597 0.01
r 96 0.01 2 12.1343 0.01
r 96.2 0.01 2 12.009 0.01
r 96.4 0.01 2 11.8839 0.01
r 96.6 0.01 2 11.7589 0.01
r 96.8 0.01 2 11.6341 0.01
r 97 0.01 2 11.5094 0.01
r 97.2 0.01 2 11.3849 0.01
r 97.4 0.01 2 11.2606 0.01
r 97.6 0.01 2 11.1364 0.01
r 97.8 0.01 2 11.0124 0.01
r 98 0.01 2 10.8886 0.01
r 98.2 0.01 2 10.7648 0.01
r 98.4 0.01 2 10.6412 0.01
r 98.6 0.01 2 10.5176 0.01
r 98.8 0.01 2 10.3942 0.01
r 99 0.01 2 10.2707 0.01
r 99.2 0.01 2 10.1474 0.01
r 99.4 0.01 2 10.024 0.01
r 99.6 0.01 2 9.9007 0.01
r 99.8 0.01 2 9.77746 0.01
r 100 0.01 2 9.65438 0.01
r 100.2 0.01 2 9.53138 0.01
r 100.4 0.01 2 9.40855 0.01
r 100.6 0.01 2 9.28592 0.01
r 100.8 0.01 2 9.16349 0.01
r 101 0.01 2 9.04142 0.01
r 101.2 0.01 2 8.91948 0.01
r 101.4 0.01 2 8.79769 0.01
r 101.6 0.01 2 8.67613 0.01
r 101.8 0.01 2 8.55481 0.01
r 102 0.01 2 8.43365 0.01
r 102.2 0.01 2 8.3125 0.01
r 102.4 0.01 2 8.19163 0.01
r 102.6 0.01 2 8.07077 0.01
r 102.8 0.01 2 7.95051 0.01
r 103 0.01 2 7.82974 0.01
r 103.2 0.01 2 7.70857 0.01
r 103.4 0.01 2 7.58765 0.01
r 103.6 0.01 2 7.46698 0.01
r 103.8 0.01 2 7.34651 0.01
r 104 0.01 2 7.22618 0.01
r 104.2 0.01 2 7.10636 0.01
r 104.4 0.01 2 6.9851 0.01
r 104.6 0.01 2 6.86478 0.01
r 104.8 0.01 2 6.74478 0.01
r 105 0.01 2 6.62455 0.01
r 105.2 0.01 2 6.5047 0.01
r 105.4 0.01 2 6.38501 0.01
r 105.6 0.01 2 6.26541 0.01
r 105.8 0.01 2 6.14603 0.01
r 106 0.01 2 6.02671 0.01
r 106.2 0.01 2 5.90782 0.01
r 106.4 0.01 2 5.78904 0.01
r 106.6 0.01 2 5.67033 0.01
r 106.8 0.01 2 5.55194 0.01
r 107 0.01 2 5.43406 0.01
r 107.2 0.01 2 5.31581 0.01
r 107.4 0.01 2 5.19848 0.01
r 107.6 0.01 2 5.08153 0.01
r 107.8 0.01 2 4.96517 0.01
r 108 0.01 2 4.84926 0.01
r 108.2 0.01 2 4.7339 0.01
r 108.4 0.01 2 4.61965 0.01
r 108.6 0.01 2 4.50442 0.01
r 108.8 0.01 2 4.39078 0.01
r 109 0.01 2 4.27786 0.01
r 109.2 0.01 2 4.16568 0.01
r 109.4 0.01 2 4.05427 0.01
r 109.6 0.01 2 3.94379 0.01
r 109.8 0.01 2 3.83426 0.01
r 110 0.01 2 3.7256 0.01
r 110.2 0.01 2 3.61822 0.01
r 110.4 0.01 2 3.51311 0.01
r 110.6 0.01 2 3.40898 0.01
r 110.8 0.01 2 3.30534 0.01
r 111 0.01 2 3.20173 0.01
r 111.2 0.01 2 3.10151 0.01
r 111.4 0.01 2 3.00331 0.01
r 111.6 0.01 2 2.90735 0.01
r 111.8 0.01 2 2.81404 0.01
r 112 0.01 2 2.72344 0.01
r 112.2 0.01 2 2.63549 0.01
r 112.4 0.01 2 2.55105 0.01
r 112.6 0.01 2 2.47037 0.01
r 112.8 0.01 2 2.39331 0.01
r 113 0.01 2 2.32039 0.01
r 113.2 0.01 2 2.25275 0.01
r 113.4 0.01 2 2.19045 0.01
r 113.6 0.01 2 2.1341 0.01
r 113.8 0.01 2 2.08426 0.01
r 114 0.01 2 2.04123 0.01
r 114.2 0.01 2 2.0055 0.01
r 114.4 0.01 2 1.97803 0.01
r 114.6 0.01 2 1.95908 0.01
r 114.8 0.01 2 1.9479 0.01
r 115 0.01 2 1.94617 0.01
r 115.2 0.01 2 1.95203 0.01
r 115.4 0.01 2 1.96487 0.01
r 115.6 0.01 2 1.9872 0.01
r 115.8 0.01 2 2.0183 0.01
r 116 0.01 2 2.05751 0.01
r 116.2 0.01 2 2.10411 0.01
r 116.4 0.01 2 2.15777 0.01
r 116.6 0.01 2 2.21801 0.01
r 116.8 0.01 2 2.28451 0.01
r 117 0.01 2 2.35618 0.01
r 117.2 0.01 2 2.43307 0.01
r 117.4 0.01 2 2.51471 0.01
r 117.6 0.01 2 2.60035 0.01
r 117.8 0.01 2 2.6901 0.01
r 118 0.01 2 2.78329 0.01
r 118.2 0.01 2 2.87962 0.01
r 118.4 0.01 2 2.97919 0.01
r 118.6 0.01 2 3.08106 0.01
r 118.8 0.01 2 3.18523 0.01
r 119 0.01 2 3.29145 0.01
r 119.2 0.01 2 3.3998 0.01
r 119.4 0.01 2 3.50994 0.01
r 119.6 0.01 2 3.62166 0.01
r 119.8 0.01 2 3.73491 0.01
r 120 0.01 2 3.84946 0.01
r 120.2 0.01 2 3.96528 0.01
r 120.4 0.01 2 4.08229 0.01
r 120.6 0.01 2 4.20034 0.01
r 120.8 0.01 2 4.31936 0.01
r 121 0.01 2 4.4392 0.01
r 121.2 0.01 2 4.55988 0.01
r 121.4 0.01 2 4.68131 0.01
r 121.6 0.01 2 4.80335 0.01
r 121.8 0.01 2 4.92611 0.01
r 122 0.01 2 5.04935 0.01
r 122.2 0.01 2 5.17316 0.01
r 122.4 0.01 2 5.29753 0.01
r 122.6 0.01 2 5.42234 0.01
r 122.8 0.01 2 5.54764 0.01
r 123 0.01 2 5.67366 0.01
r 123.2 0.01 2 5.79981 0.01
r 123.4 0.01 2 5.92627 0.01
r 123.6 0.01 2 6.05317 0.01
r 123.8 0.01 2 6.18036 0.01
r 124 0.01 2 6.3079 0.01
r 124.2 0.01 2 6.43572 0.01
r 124.4 0.01 2 6.56395 0.01
r 124.6 0.01 2 6.69228 0.01
r 124.8 0.01 2 6.82085 0.01
r 125 0.01 2 6.94886 0.01
r 125.2 0.01 2 7.07775 0.01
r 125.4 0.01 2 7.20676 0.01
r 125.6 0.01 2 7.33598 0.01
r 125.8 0.01 2 7.46534 0.01
r 126 0.01 2 7.59484 0.01
r 126.2 0.01 2 7.72446 0.01
r 126.4 0.01 2 7.85425 0.01
r 126.6 0.01 2 7.98403 0.01
r 126.8 0.01 2 8.11391 0.01
r 127 0.01 2 8.2443 0.01
r 127.2 0.01 2 8.37459 0.01
r 127.4 0.01 2 8.50483 0.01
r 127.6 0.01 2 8.63531 0.01
r 127.8 0.01 2 8.7659 0.01
r 128 0.01 2 8.89512 0.01
r 128.2 0.01 2 9.02543 0.01
r 128.4 0.01 2 9.15598 0.01
r 128.6 0.01 2 9.28647 0.01
r 128.8 0.01 2 9.41711 0.01
r 129 0.01 2 9.54756 0.01
r 129.2 0.01 2 9.67826 0.01
r 129.4 0.01 2 9.80959 0.01
r 129.6 0.01 2 9.93994 0.01
r 129.8 0.01 2 10.0703 0.01
r 130 0.01 2 10.2009 0.01
r 130.2 0.01 2 10.3315 0.01
r 130.4 0.01 2 10.4623 0.01
r 130.6 0.01 2 10.5932 0.01
r 130.8 0.01 2 10.7242 0.01
r 131 0.01 2 10.8549 0.01
r 131.2 0.01 2 10.9858 0.01
r 131.4 0.01 2 11.1168 0.01
r 131.6 0.01 2 11.2479 0.01
r 131.8 0.01 2 11.379 0.01
r 132 0.01 2 11.51 0.01
r 132.2 0.01 2 11.6412 0.01
r 132.4 0.01 2 11.7727 0.01
r 132.6 0.01 2 11.9038 0.01
r 132.8 0.01 2 12.0349 0.01
r 133 0.01 2 12.1661 0.01
r 133.2 0.01 2 12.2975 0.01
r 133.4 0.01 2 12.4293 0.01
r 133.6 0.01 2 12.5605 0.01
r 133.8 0.01 2 12.6917 0.01
r 134 0.01 2 12.8231 0.01
r 134.2 0.01 2 12.9545 0.01
r 134.4 0.01 2 13.086 0.01
r 134.6 0.01 2 13.2176 0.01
r 134.8 0.01 2 13.3492 0.01
r 135 0.01 2 13.481 0.01
r 75 0.01 3 26.2368 0.01
r 75.2 0.01 3 26.1045 0.01
r 75.4 0.01 3 25.9723 0.01
r 75.6 0.01 3 25.8403 0.01
r 75.8 0.01 3 25.7083 0.01
r 76 0.01 3 25.5764 0.01
r 76.2 0.01 3 25.4446 0.01
r 76.4 0.01 3 25.313 0.01
r 76.6 0.01 3 25.1815 0.01
r 76.8 0.01 3 25.0502 0.01
r 77 0.01 3 24.9293 0.01
r 77.2 0.01 3 24.7986 0.01
r 77.4 0.01 3 24.6662 0.01
r 77.6 0.01 3 24.5357 0.01
r 77.8 0.01 3 24.4046 0.01
r 78 0.01 3 24.2734 0.01
r 78.2 0.01 3 24.1424 0.01
r 78.4 0.01 3 24.0267 0.01
r 78.6 0.01 3 23.881 0.01
r 78.8 0.01 3 23.7506 0.01
r 79 0.01 3 23.6219 0.01
r 79.2 0.01 3 23.4919 0.01
r 79.4 0.01 3 23.3631 0.01
r 79.6 0.01 3 23.2326 0.01
r 79.8 0.01 3 23.1041 0.01
r 80 0.01 3 22.9745 0.01
r 80.2 0.01 3 22.8461 0.01
r 80.4 0.01 3 22.7174 0.01
r 80.6 0.01 3 22.5891 0.01
r 80.8 0.01 3 22.4608 0.01
r 81 0.01 3 22.333 0.01
r 81.2 0.01 3 22.2055 0.01
r 81.4 0.01 3 22.0784 0.01
r 81.6 0.01 3 21.9517 0.01
r 81.8 0.01 3 21.8253 0.01
r 82 0.01 3 21.6992 0.01
r 82.2 0.01 3 21.5736 0.01
r 82.4 0.01 3 21.4484 0.01
r 82.6 0.01 3 21.324 0.01
r 82.8 0.01 3 21.1999 0.01
r 83 0.01 3 21.0753 0.01
r 83.2 0.01 3 20.9521 0.01
r 83.4 0.01 3 20.8291 0.01
r 83.6 0.01 3 20.7065 0.01
r 83.8 0.01 3 20.5844 0.01
r 84 0.01 3 20.4626 0.01
r 84.2 0.01 3 20.3415 0.01
r 84.4 0.01 3 20.2225 0.01
r 84.6 0.01 3 20.0992 0.01
r 84.8 0.01 3 19.9799 0.01
r 85 0.01 3 19.8606 0.01
r 85.2 0.01 3 19.7426 0.01
r 85.4 0.01 3 19.6254 0.01
r 85.6 0.01 3 19.5096 0.01
r 85.8 0.01 3 19.3944 0.01
r 86 0.01 3 19.2804 0.01
r 86.2 0.01 3 19.1663 0.01
r 86.4 0.01 3 19.0543 0.01
r 86.6 0.01 3 18.9435 0.01
r 86.8 0.01 3 18.8346 0.01
r 87 0.01 3 18.6564 0.01
r 87.2 0.01 3 18.53 0.01
r 87.4 0.01 3 18.4069 0.01
r 87.6 0.01 3 18.2823 0.01
r 87.8 0.01 3 18.1607 0.01
r 88 0.01 3 18.0328 0.01
r 88.2 0.01 3 17.9131 0.01
r 88.4 0.01 3 17.7871 0.01
r 88.6 0.01 3 17.6647 0.01
r 88.8 0.01 3 17.5416 0.01
r 89 0.01 3 17.4206 0.01
r 89.2 0.01 3 17.2983 0.01
r 89.4 0.01 3 17.1808 0.01
r 89.6 0.01 3 17.0598 0.01
r 89.8 0.01 3 16.9383 0.01
r 90 0.01 3 16.8166 0.01
r 90.2 0.01 3 16.6982 0.01
r 90.4 0.01 3 16.5778 0.01
r 90.6 0.01 3 16.4584 0.01
r 90.8 0.01 3 16.338 0.01
r 91 0.01 3 16.2166 0.01
r 91.2 0.01 3 16.1005 0.01
r 91.4 0.01 3 15.9802 0.01
r 91.6 0.01 3 15.8621 0.01
r 91.8 0.01 3 15.7438 0.01
r 92 0.01 3 15.6265 0.01
r 92.2 0.01 3 15.5094 0.01
r 92.4 0.01 3 15.393 0.01
r 92.6 0.01 3 15.2762 0.01
r 92.8 0.01 3 15.1601 0.01
r 93 0.01 3 15.0446 0.01
r 93.2 0.01 3 14.9296 0.01
r 93.4 0.01 3 14.8151 0.01
r 93.6 0.01 3 14.7011 0.01
r 93.8 0.01 3 14.5879 0.01
r 94 0.01 3 14.4753 0.01
r 94.2 0.01 3 14.3622 0.01
r 94.4 0.01 3 14.2512 0.01
r 94.6 0.01 3 14.1396 0.01
r 94.8 0.01 3 14.0282 0.01
r 95 0.01 3 13.9176 0.01
r 95.2 0.01 3 13.8091 0.01
r 95.4 0.01 3 13.7008 0.01
r 95.6 0.01 3 13.5802 0.01
r 95.8 0.01 3 13.4748 0.01
r 96 0.01 3 13.3679 0.01
r 96.2 0.01 3 13.2656 0.01
r 96.4 0.01 3 13.1617 0.01
r 96.6 0.01 3 13.0607 0.01
r 96.8 0.01 3 12.923 0.01
r 97 0.01 3 12.8298 0.01
r 97.2 0.01 3 12.7235 0.01
r 97.4 0.01 3 12.6218 0.01
r 97.6 0.01 3 12.5228 0.01
r 97.8 0.01 3 12.4084 0.01
r 98 0.01 3 12.3348 0.01
r 98.2 0.01 3 12.2215 0.01
r 98.4 0.01 3 12.1553 0.01
r 98.6 0.01 3 11.9805 0.01
r 98.8 0.01 3 11.8883 0.01
r 99 0.01 3 11.7512 0.01
r 99.2 0.01 3 11.641 0.01
r 99.4 0.01 3 11.5648 0.01
r 99.6 0.01 3 11.3987 0.01
r 99.8 0.01 3 11.2871 0.01
r 100 0.01 3 11.214 0.01
r 100.2 0.01 3 11.0647 0.01
r 100.4 0.01 3 10.9647 0.01
r 100.6 0.01 3 10.8531 0.01
r 100.8 0.01 3 10.7373 0.01
r 101 0.01 3 10.6003 0.01
r 101.2 0.01 3 10.4928 0.01
r 101.4 0.01 3 10.387 0.01
r 101.6 0.01 3 10.2612 0.01
r 101.8 0.01 3 10.1669 0.01
r 102 0.01 3 10.0628 0.01
r 102.2 0.01 3 9.93862 0.01
r 102.4 0.01 3 9.82596 0.01
r 102.6 0.01 3 9.72367 0.01
r 102.8 0.01 3 9.63229 0.01
r 103 0.01 3 9.52132 0.01
r 103.2 0.01 3 9.41753 0.01
r 103.4 0.01 3 9.31114 0.01
r 103.6 0.01 3 9.21014 0.01
r 103.8 0.01 3 9.11402 0.01
r 104 0.01 3 9.02087 0.01
r 104.2 0.01 3 8.92515 0.01
r 104.4 0.01 3 8.83096 0.01
r 104.6 0.01 3 8.74006 0.01
r 104.8 0.01 3 8.66223 0.01
r 105 0.01 3 8.57727 0.01
r 105.2 0.01 3 8.50281 0.01
r 105.4 0.01 3 8.38603 0.01
r 105.6 0.01 3 8.34483 0.01
r 105.8 0.01 3 8.23319 0.01
r 106 0.01 3 8.18587 0.01
r 106.2 0.01 3 8.06401 0.01
r 106.4 0.01 3 8.00784 0.01
r 106.6 0.01 3 7.91836 0.01
r 106.8 0.01 3 7.83438 0.01
r 107 0.01 3 7.83306 0.01
r 107.2 0.01 3 7.67291 0.01
r 107.4 0.01 3 7.6931 0.01
r 107.6 0.01 3 7.52143 0.01
r 107.8 0.01 3 7.56168 0.01
r 108 0.01 3 7.27314 0.01
r 108.2 0.01 3 7.21255 0.01
r 108.4 0.01 3 7.15548 0.01
r 108.6 0.01 3 7.1192 0.01
r 108.8 0.01 3 7.01845 0.01
r 109 0.01 3 7.16354 0.01
r 109.2 0.01 3 6.82631 0.01
r 109.4 0.01 3 6.76028 0.01
r 109.6 0.01 3 6.69596 0.01
r 109.8 0.01 3 6.63259 0.01
r 110 0.01 3 6.57429 0.01
r 110.2 0.01 3 6.51543 0.01
r 110.4 0.01 3 6.4609 0.01
r 110.6 0.01 3 6.40634 0.01
r 110.8 0.01 3 6.35449 0.01
r 111 0.01 3 6.30415 0.01
r 111.2 0.01 3 6.25449 0.01
r 111.4 0.01 3 6.20863 0.01
r 111.6 0.01 3 6.16649 0.01
r 111.8 0.01 3 6.12541 0.01
r 112 0.01 3 6.0874 0.01
r 112.2 0.01 3 6.05206 0.01
r 112.4 0.01 3 6.01916 0.01
r 112.6 0.01 3 5.98895 0.01
r 112.8 0.01 3 5.96115 0.01
r 113 0.01 3 5.93526 0.01
r 113.2 0.01 3 5.91185 0.01
r 113.4 0.01 3 5.89411 0.01
r 113.6 0.01 3 5.87506 0.01
r 113.8 0.01 3 5.86117 0.01
r 114 0.01 3 5.85071 0.01
r 114.2 0.01 3 5.84324 0.01
r 114.4 0.01 3 5.83859 0.01
r 114.6 0.01 3 5.83683 0.01
r 114.8 0.01 3 5.83907 0.01
r 115 0.01 3 5.84278 0.01
r 115.2 0.01 3 5.84944 0.01
r 115.4 0.01 3 5.86029 0.01
r 115.6 0.01 3 5.87124 0.01
r 115.8 0.01 3 5.88678 0.01
r 116 0.01 3 5.90529 0.01
r 116.2 0.01 3 5.92664 0.01
r 116.4 0.01 3 5.95062 0.01
r 116.6 0.01 3 5.98475 0.01
r 116.8 0.01 3 6.00735 0.01
r 117 0.01 3 6.03589 0.01
r 117.2 0.01 3 6.06899 0.01
r 117.4 0.01 3 6.10748 0.01
r 117.6 0.01 3 6.15123 0.01
r 117.8 0.01 3 6.20013 0.01
r 118 0.01 3 6.22819 0.01
r 118.2 0.01 3 6.27457 0.01
r 118.4 0.01 3 6.32304 0.01
r 118.6 0.01 3 6.37364 0.01
r 118.8 0.01 3 6.42634 0.01
r 119 0.01 3 6.48344 0.01
r 119.2 0.01 3 6.53964 0.01
r 119.4 0.01 3 6.60293 0.01
r 119.6 0.01 3 6.66873 0.01
r 119.8 0.01 3 6.79631 0.01
r 120 0.01 3 6.99127 0.01
r 120.2 0.01 3 6.88374 0.01
r 120.4 0.01 3 7.17131 0.01
r 120.6 0.01 3 7.13718 0.01
r 120.8 0.01 3 7.12803 0.01
r 121 0.01 3 7.15268 0.01
r 121.2 0.01 3 7.54722 0.01
r 121.4 0.01 3 7.67241 0.01
r 121.6 0.01 3 7.39256 0.01
r 121.8 0.01 3 7.47287 0.01
r 122 0.01 3 7.56399 0.01
r 122.2 0.01 3 7.64733 0.01
r 122.4 0.01 3 8.22335 0.01
r 122.6 0.01 3 8.34797 0.01
r 122.8 0.01 3 7.90819 0.01
r 123 0.01 3 7.98656 0.01
r 123.2 0.01 3 8.60656 0.01
r 123.4 0.01 3 8.17104 0.01
r 123.6 0.01 3 8.2807 0.01
r 123.8 0.01 3 8.99318 0.01
r 124 0.01 3 9.11106 0.01
r 124.2 0.01 3 8.56254 0.01
r 124.4 0.01 3 9.35288 0.01
r 124.6 0.01 3 9.44206 0.01
r 124.8 0.01 3 8.88881 0.01
r 125 0.01 3 8.96294 0.01
r 125.2 0.01 3 9.06618 0.01
r 125.4 0.01 3 9.18472 0.01
r 125.6 0.01 3 10.0073 0.01
r 125.8 0.01 3 9.383 0.01
r 126 0.01 3 9.47833 0.01
r 126.2 0.01 3 9.5844 0.01
r 126.4 0.01 3 9.69128 0.01
r 126.6 0.01 3 9.81149 0.01
r 126.8 0.01 3 9.92126 0.01
r 127 0.01 3 10.2117 0.01
r 127.2 0.01 3 10.1501 0.01
r 127.4 0.01 3 10.2941 0.01
r 127.6 0.01 3 10.4454 0.01
r 127.8 0.01 3 10.5754 0.01
r 128 0.01 3 10.8245 0.01
r 128.2 0.01 3 10.9525 0.01
r 128.4 0.01 3 10.84 0.01
r 128.6 0.01 3 11.0092 0.01
r 128.8 0.01 3 11.0968 0.01
r 129 0.01 3 11.2567 0.01
r 129.2 0.01 3 11.4244 0.01
r 129.4 0.01 3 11.503 0.01
r 129.6 0.01 3 11.6637 0.01
r 129.8 0.01 3 11.8017 0.01
r 130 0.01 3 11.8441 0.01
r 130.2 0.01 3 12.0561 0.01
r 130.4 0.01 3 11.9152 0.01
r 130.6 0.01 3 12.1954 0.01
r 130.8 0.01 3 12.4033 0.01
r 131 0.01 3 12.2775 0.01
r 131.2 0.01 3 12.7051 0.01
r 131.4 0.01 3 12.6678 0.01
r 131.6 0.01 3 12.9094 0.01
r 131.8 0.01 3 13.0358 0.01
r 132 0.01 3 13.1101 0.01
r 132.2 0.01 3 12.9959 0.01
r 132.4 0.01 3 13.349 0.01
r 132.6 0.01 3 13.5804 0.01
r 132.8 0.01 3 13.3558 0.01
r 133 0.01 3 13.4953 0.01
r 133.2 0.01 3 13.725 0.01
r 133.4 0.01 3 13.7536 0.01
r 133.6 0.01 3 14.3171 0.01
r 133.8 0.01 3 13.9876 0.01
r 134 0.01 3 14.1034 0.01
r 134.2 0.01 3 14.5028 0.01
r 134.4 0.01 3 14.3609 0.01
r 134.6 0.01 3 14.6878 0.01
r 134.8 0.01 3 14.9235 0.01
r 135 0.01 3 15.1409 0.01
r 135.2 0.01 3 14.9792 0.01
r 135.4 0.01 3 14.9714 0.01
r 135.6 0.01 3 15.0608 0.01
r 135.8 0.01 3 15.5103 0.01
r 136 0.01 3 15.69 0.01
r 136.2 0.01 3 15.757 0.01
r 136.4 0.01 3 15.9895 0.01
r 136.6 0.01 3 16.0239 0.01
r 136.8 0.01 3 16.1779 0.01
r 137 0.01 3 15.8732 0.01
r 137.2 0.01 3 15.9897 0.01
r 137.4 0.01 3 16.1177 0.01
r 137.6 0.01 3 16.2736 0.01
r 137.8 0.01 3 16.3571 0.01
r 138 0.01 3 16.5156 0.01
r 138.2 0.01 3 16.6375 0.01
r 138.4 0.01 3 16.7592 0.01
r 138.6 0.01 3 16.8827 0.01
r 138.8 0.01 3 17.0049 0.01
r 139 0.01 3 17.1331 0.01
r 139.2 0.01 3 17.2572 0.01
r 139.4 0.01 3 17.3814 0.01
r 139.6 0.01 3 17.5061 0.01
r 139.8 0.01 3 17.6313 0.01
r 140 0.01 3 17.7572 0.01
r 140.2 0.01 3 17.8833 0.01
r 140.4 0.01 3 18.0093 0.01
r 140.6 0.01 3 18.1361 0.01
r 140.8 0.01 3 18.2628 0.01
r 141 0.01 3 18.3925 0.01
r 141.2 0.01 3 18.5195 0.01
r 141.4 0.01 3 18.6469 0.01
r 141.6 0.01 3 18.7741 0.01
r 141.8 0.01 3 18.902 0.01
r 142 0.01 3 19.0299 0.01
r 142.2 0.01 3 19.158 0.01
r 142.4 0.01 3 19.2863 0.01
r 142.6 0.01 3 19.4146 0.01
r 142.8 0.01 3 19.5432 0.01
r 143 0.01 3 19.6787 0.01
r 143.2 0.01 3 19.8064 0.01
r 143.4 0.01 3 19.9339 0.01
r 143.6 0.01 3 20.0621 0.01
r 143.8 0.01 3 20.1896 0.01
r 144 0.01 3 20.3177 0.01
r 144.2 0.01 3 20.4465 0.01
r 144.4 0.01 3 20.5749 0.01
r 144.6 0.01 3 20.7037 0.01
r 144.8 0.01 3 20.8327 0.01
r 145 0.01 3 20.9627 0.01
r 145.2 0.01 3 21.0915 0.01
r 145.4 0.01 3 21.221 0.01
r 145.6 0.01 3 21.3506 0.01
r 145.8 0.01 3 21.4801 0.01
r 146 0.01 3 21.6098 0.01
r 146.2 0.01 3 21.7395 0.01
r 146.4 0.01 3 21.8694 0.01
r 146.6 0.01 3 21.9993 0.01
r 146.8 0.01 3 22.1293 0.01
r 147 0.01 3 22.2583 0.01
r 147.2 0.01 3 22.3883 0.01
r 147.4 0.01 3 22.5184 0.01
r 147.6 0.01 3 22.6485 0.01
r 147.8 0.01 3 22.7787 0.01
r 148 0.01 3 22.9089 0.01
r 148.2 0.01 3 23.0393 0.01
r 148.4 0.01 3 23.1698 0.01
r 148.6 0.01 3 23.3003 0.01
r 148.8 0.01 3 23.431 0.01
r 149 0.01 3 23.4783 0.01
r 149.2 0.01 3 23.6084 0.01
r 149.4 0.01 3 23.7385 0.01
r 149.6 0.01 3 23.8686 0.01
r 149.8 0.01 3 23.9988 0.01
r 150 0.01 3 24.1291 0.01
r 150.2 0.01 3 24.2594 0.01
r 150.4 0.01 3 24.3898 0.01
r 150.6 0.01 3 24.5201 0.01
r 150.8 0.01 3 24.6506 0.01
r 151 0.01 3 24.7487 0.01
r 151.2 0.01 3 24.8787 0.01
r 151.4 0.01 3 25.0087 0.01
r 151.6 0.01 3 25.1389 0.01
r 151.8 0.01 3 25.2642 0.01
r 152 0.01 3 25.3946 0.01
r 152.2 0.01 3 25.525 0.01
r 152.4 0.01 3 25.6553 0.01
r 152.6 0.01 3 25.7859 0.01
r 152.8 0.01 3 25.9165 0.01
r 153 0.01 3 26.0339 0.01
r 153.2 0.01 3 26.1639 0.01
r 153.4 0.01 3 26.2939 0.01
r 153.6 0.01 3 26.4241 0.01
r 153.8 0.01 3 26.5544 0.01
r 154 0.01 3 26.6847 0.01
r 154.2 0.01 3 26.8151 0.01
r 154.4 0.01 3 26.9456 0.01
r 154.6 0.01 3 27.0762 0.01
r 154.8 0.01 3 27.2068 0.01
r 155 0.01 3 27.3322 0.01
s 125 3 602
r 105 0.01 2 13.1413 0.01
r 105.2 0.01 2 13.0164 0.01
r 105.4 0.01 2 12.8915 0.01
r 105.6 0.01 2 12.7668 0.01
r 105.8 0.01 2 12.6421 0.01
r 106 0.01 2 12.5176 0.01
r 106.2 0.01 2 12.3931 0.01
r 106.4 0.01 2 12.2688 0.01
r 106.6 0.01 2 12.1447 0.01
r 106.8 0.01 2 12.0208 0.01
r 107 0.01 2 11.8971 0.01
r 107.2 0.01 2 11.7734 0.01
r 107.4 0.01 2 11.65 0.01
r 107.6 0.01 2 11.5267 0.01
r 107.8 0.01 2 11.4035 0.01
r 108 0.01 2 11.2805 0.01
r 108.2 0.01 2 11.1576 0.01
r 108.4 0.01 2 11.0348 0.01
r 108.6 0.01 2 10.9121 0.01
r 108.8 0.01 2 10.7893 0.01
r 109 0.01 2 10.6667 0.01
r 109.2 0.01 2 10.5439 0.01
r 109.4 0.01 2 10.4212 0.01
r 109.6 0.01 2 10.2989 0.01
r 109.8 0.01 2 10.1761 0.01
r 110 0.01 2 10.0534 0.01
r 110.2 0.01 2 9.93075 0.01
r 110.4 0.01 2 9.80803 0.01
r 110.6 0.01 2 9.68541 0.01
r 110.8 0.01 2 9.56282 0.01
r 111 0.01 2 9.44045 0.01
r 111.2 0.01 2 9.31786 0.01
r 111.4 0.01 2 9.1952 0.01
r 111.6 0.01 2 9.0724 0.01
r 111.8 0.01 2 8.94944 0.01
r 112 0.01 2 8.8262 0.01
r 112.2 0.01 2 8.70394 0.01
r 112.4 0.01 2 8.57939 0.01
r 112.6 0.01 2 8.45473 0.01
r 112.8 0.01 2 8.33004 0.01
r 113 0.01 2 8.20528 0.01
r 113.2 0.01 2 8.08036 0.01
r 113.4 0.01 2 7.95562 0.01
r 113.6 0.01 2 7.83094 0.01
r 113.8 0.01 2 7.70359 0.01
r 114 0.01 2 7.57818 0.01
r 114.2 0.01 2 7.45282 0.01
r 114.4 0.01 2 7.32736 0.01
r 114.6 0.01 2 7.20202 0.01
r 114.8 0.01 2 7.07657 0.01
r 115 0.01 2 6.95161 0.01
r 115.2 0.01 2 6.82633 0.01
r 115.4 0.01 2 6.70107 0.01
r 115.6 0.01 2 6.57583 0.01
r 115.8 0.01 2 6.45103 0.01
r 116 0.01 2 6.32597 0.01
r 116.2 0.01 2 6.20098 0.01
r 116.4 0.01 2 6.07627 0.01
r 116.6 0.01 2 5.95182 0.01
r 116.8 0.01 2 5.82731 0.01
r 117 0.01 2 5.70251 0.01
r 117.2 0.01 2 5.57881 0.01
r 117.4 0.01 2 5.45536 0.01
r 117.6 0.01 2 5.33221 0.01
r 117.8 0.01 2 5.20927 0.01
r 118 0.01 2 5.08686 0.01
r 118.2 0.01 2 4.96505 0.01
r 118.4 0.01 2 4.84358 0.01
r 118.6 0.01 2 4.72278 0.01
r 118.8 0.01 2 4.60257 0.01
r 119 0.01 2 4.48506 0.01
r 119.2 0.01 2 4.3663 0.01
r 119.4 0.01 2 4.24838 0.01
r 119.6 0.01 2 4.1308 0.01
r 119.8 0.01 2 4.01428 0.01
r 120 0.01 2 3.89907 0.01
r 120.2 0.01 2 3.78499 0.01
r 120.4 0.01 2 3.67207 0.01
r 120.6 0.01 2 3.56081 0.01
r 120.8 0.01 2 3.45087 0.01
r 121 0.01 2 3.34348 0.01
r 121.2 0.01 2 3.23742 0.01
r 121.4 0.01 2 3.13311 0.01
r 121.6 0.01 2 3.03154 0.01
r 121.8 0.01 2 2.93243 0.01
r 122 0.01 2 2.83604 0.01
r 122.2 0.01 2 2.74279 0.01
r 122.4 0.01 2 2.65319 0.01
r 122.6 0.01 2 2.56757 0.01
r 122.8 0.01 2 2.48608 0.01
r 123 0.01 2 2.40951 0.01
r 123.2 0.01 2 2.33775 0.01
r 123.4 0.01 2 2.27184 0.01
r 123.6 0.01 2 2.21129 0.01
r 123.8 0.01 2 2.15775 0.01
r 124 0.01 2 2.11178 0.01
r 124.2 0.01 2 2.07354 0.01
r 124.4 0.01 2 2.04365 0.01
r 124.6 0.01 2 2.02193 0.01
r 124.8 0.01 2 2.00853 0.01
r 125 0.01 2 2.00358 0.01
r 125.2 0.01 2 2.00798 0.01
r 125.4 0.01 2 2.02028 0.01
r 125.6 0.01 2 2.04089 0.01
r 125.8 0.01 2 2.07109 0.01
r 126 0.01 2 2.10955 0.01
r 126.2 0.01 2 2.15551 0.01
r 126.4 0.01 2 2.20863 0.01
r 126.6 0.01 2 2.26843 0.01
r 126.8 0.01 2 2.33459 0.01
r 127 0.01 2 2.40685 0.01
r 127.2 0.01 2 2.48458 0.01
r 127.4 0.01 2 2.56479 0.01
r 127.6 0.01 2 2.64968 0.01
r 127.8 0.01 2 2.73847 0.01
r 128 0.01 2 2.83136 0.01
r 128.2 0.01 2 2.9271 0.01
r 128.4 0.01 2 3.02544 0.01
r 128.6 0.01 2 3.12668 0.01
r 128.8 0.01 2 3.23033 0.01
r 129 0.01 2 3.33646 0.01
r 129.2 0.01 2 3.44462 0.01
r 129.4 0.01 2 3.55324 0.01
r 129.6 0.01 2 3.66405 0.01
r 129.8 0.01 2 3.77665 0.01
r 130 0.01 2 3.88991 0.01
r 130.2 0.01 2 4.00471 0.01
r 130.4 0.01 2 4.12096 0.01
r 130.6 0.01 2 4.2379 0.01
r 130.8 0.01 2 4.35551 0.01
r 131 0.01 2 4.47446 0.01
r 131.2 0.01 2 4.59473 0.01
r 131.4 0.01 2 4.71476 0.01
r 131.6 0.01 2 4.83555 0.01
r 131.8 0.01 2 4.95694 0.01
r 132 0.01 2 5.07886 0.01
r 132.2 0.01 2 5.20159 0.01
r 132.4 0.01 2 5.32473 0.01
r 132.6 0.01 2 5.44839 0.01
r 132.8 0.01 2 5.57245 0.01
r 133 0.01 2 5.69727 0.01
r 133.2 0.01 2 5.82219 0.01
r 133.4 0.01 2 5.94724 0.01
r 133.6 0.01 2 6.07273 0.01
r 133.8 0.01 2 6.1986 0.01
r 134 0.01 2 6.32463 0.01
r 134.2 0.01 2 6.45105 0.01
r 134.4 0.01 2 6.57776 0.01
r 134.6 0.01 2 6.7047 0.01
r 134.8 0.01 2 6.83201 0.01
r 135 0.01 2 6.95943 0.01
r 135.2 0.01 2 7.08703 0.01
r 135.4 0.01 2 7.21473 0.01
r 135.6 0.01 2 7.34287 0.01
r 135.8 0.01 2 7.47102 0.01
r 136 0.01 2 7.59943 0.01
r 136.2 0.01 2 7.72799 0.01
r 136.4 0.01 2 7.85671 0.01
r 136.6 0.01 2 7.98631 0.01
r 136.8 0.01 2 8.11485 0.01
r 137 0.01 2 8.24425 0.01
r 137.2 0.01 2 8.37342 0.01
r 137.4 0.01 2 8.50281 0.01
r 137.6 0.01 2 8.63238 0.01
r 137.8 0.01 2 8.76203 0.01
r 138 0.01 2 8.89178 0.01
r 138.2 0.01 2 9.02161 0.01
r 138.4 0.01 2 9.15172 0.01
r 138.6 0.01 2 9.2821 0.01
r 138.8 0.01 2 9.41265 0.01
r 139 0.01 2 9.54253 0.01
r 139.2 0.01 2 9.67284 0.01
r 139.4 0.01 2 9.80368 0.01
r 139.6 0.01 2 9.93408 0.01
r 139.8 0.01 2 10.0646 0.01
r 140 0.01 2 10.1952 0.01
r 140.2 0.01 2 10.3261 0.01
r 140.4 0.01 2 10.457 0.01
r 140.6 0.01 2 10.5881 0.01
r 140.8 0.01 2 10.7193 0.01
r 141 0.01 2 10.8499 0.01
r 141.2 0.01 2 10.9813 0.01
r 141.4 0.01 2 11.1125 0.01
r 141.6 0.01 2 11.2437 0.01
r 141.8 0.01 2 11.375 0.01
r 142 0.01 2 11.5062 0.01
r 142.2 0.01 2 11.6376 0.01
r 142.4 0.01 2 11.769 0.01
r 142.6 0.01 2 11.9006 0.01
r 142.8 0.01 2 12.0322 0.01
r 143 0.01 2 12.164 0.01
r 143.2 0.01 2 12.2955 0.01
r 143.4 0.01 2 12.427 0.01
r 143.6 0.01 2 12.5587 0.01
r 143.8 0.01 2 12.6905 0.01
r 144 0.01 2 12.8223 0.01
r 144.2 0.01 2 12.9543 0.01
r 144.4 0.01 2 13.0861 0.01
r 144.6 0.01 2 13.218 0.01
r 144.8 0.01 2 13.35 0.01
r 145 0.01 2 13.4817 0.01
r 85 0.01 3 26.3247 0.01
r 85.2 0.01 3 26.1966 0.01
r 85.4 0.01 3 26.0688 0.01
r 85.6 0.01 3 25.9412 0.01
r 85.8 0.01 3 25.8139 0.01
r 86 0.01 3 25.687 0.01
r 86.2 0.01 3 25.5604 0.01
r 86.4 0.01 3 25.434 0.01
r 86.6 0.01 3 25.308 0.01
r 86.8 0.01 3 25.1823 0.01
r 87 0.01 3 25.0571 0.01
r 87.2 0.01 3 24.932 0.01
r 87.4 0.01 3 24.8072 0.01
r 87.6 0.01 3 24.6828 0.01
r 87.8 0.01 3 24.5587 0.01
r 88 0.01 3 24.4348 0.01
r 88.2 0.01 3 24.3112 0.01
r 88.4 0.01 3 24.1879 0.01
r 88.6 0.01 3 24.0649 0.01
r 88.8 0.01 3 23.9421 0.01
r 89 0.01 3 23.8195 0.01
r 89.2 0.01 3 23.6971 0.01
r 89.4 0.01 3 23.5749 0.01
r 89.6 0.01 3 23.453 0.01
r 89.8 0.01 3 23.3313 0.01
r 90 0.01 3 23.2099 0.01
r 90.2 0.01 3 23.0907 0.01
r 90.4 0.01 3 22.9677 0.01
r 90.6 0.01 3 22.8469 0.01
r 90.8 0.01 3 22.7268 0.01
r 91 0.01 3 22.6044 0.01
r 91.2 0.01 3 22.484 0.01
r 91.4 0.01 3 22.364 0.01
r 91.6 0.01 3 22.2434 0.01
r 91.8 0.01 3 22.1242 0.01
r 92 0.01 3 22.0054 0.01
r 92.2 0.01 3 21.887 0.01
r 92.4 0.01 3 21.769 0.01
r 92.6 0.01 3 21.6514 0.01
r 92.8 0.01 3 21.5341 0.01
r 93 0.01 3 21.4167 0.01
r 93.2 0.01 3 21.3006 0.01
r 93.4 0.01 3 21.1845 0.01
r 93.6 0.01 3 21.0692 0.01
r 93.8 0.01 3 20.9544 0.01
r 94 0.01 3 20.8402 0.01
r 94.2 0.01 3 20.7263 0.01
r 94.4 0.01 3 20.6125 0.01
r 94.6 0.01 3 20.4999 0.01
r 94.8 0.01 3 20.3883 0.01
r 95 0.01 3 20.2776 0.01
r 95.2 0.01 3 20.1672 0.01
r 95.4 0.01 3 20.0594 0.01
r 95.6 0.01 3 19.92 0.01
r 95.8 0.01 3 19.7925 0.01
r 96 0.01 3 19.7304 0.01
r 96.2 0.01 3 19.5874 0.01
r 96.4 0.01 3 19.4723 0.01
r 96.6 0.01 3 19.3531 0.01
r 96.8 0.01 3 19.2233 0.01
r 97 0.01 3 19.0219 0.01
r 97.2 0.01 3 18.8982 0.01
r 97.4 0.01 3 18.7751 0.01
r 97.6 0.01 3 18.6519 0.01
r 97.8 0.01 3 18.5286 0.01
r 98 0.01 3 18.4058 0.01
r 98.2 0.01 3 18.2834 0.01
r 98.4 0.01 3 18.161 0.01
r 98.6 0.01 3 18.0393 0.01
r 98.8 0.01 3 17.9175 0.01
r 99 0.01 3 17.7961 0.01
r 99.2 0.01 3 17.675 0.01
r 99.4 0.01 3 17.5536 0.01
r 99.6 0.01 3 17.433 0.01
r 99.8 0.01 3 17.3122 0.01
r 100 0.01 3 17.1917 0.01
r 100.2 0.01 3 17.0722 0.01
r 100.4 0.01 3 16.9519 0.01
r 100.6 0.01 3 16.833 0.01
r 100.8 0.01 3 16.7136 0.01
r 101 0.01 3 16.5954 0.01
r 101.2 0.01 3 16.4766 0.01
r 101.4 0.01 3 16.3599 0.01
r 101.6 0.01 3 16.2418 0.01
r 101.8 0.01 3 16.1265 0.01
r 102 0.01 3 16.0101 0.01
r 102.2 0.01 3 15.8954 0.01
r 102.4 0.01 3 15.7801 0.01
r 102.6 0.01 3 15.6317 0.01
r 102.8 0.01 3 15.5513 0.01
r 103 0.01 3 15.4378 0.01
r 103.2 0.01 3 15.3258 0.01
r 103.4 0.01 3 15.2148 0.01
r 103.6 0.01 3 15.1032 0.01
r 103.8 0.01 3 15.0069 0.01
r 104 0.01 3 14.8809 0.01
r 104.2 0.01 3 14.7741 0.01
r 104.4 0.01 3 14.661 0.01
r 104.6 0.01 3 14.5602 0.01
r 104.8 0.01 3 14.4528 0.01
r 105 0.01 3 14.2931 0.01
r 105.2 0.01 3 14.1741 0.01
r 105.4 0.01 3 14.0528 0.01
r 105.6 0.01 3 13.984 0.01
r 105.8 0.01 3 13.9441 0.01
r 106 0.01 3 13.8006 0.01
r 106.2 0.01 3 13.7245 0.01
r 106.4 0.01 3 13.4599 0.01
r 106.6 0.01 3 13.5837 0.01
r 106.8 0.01 3 13.2472 0.01
r 107 0.01 3 13.132 0.01
r 107.2 0.01 3 13.027 0.01
r 107.4 0.01 3 12.9259 0.01
r 107.6 0.01 3 12.821 0.01
r 107.8 0.01 3 12.7312 0.01
r 108 0.01 3 12.5957 0.01
r 108.2 0.01 3 12.5585 0.01
r 108.4 0.01 3 12.4552 0.01
r 108.6 0.01 3 12.2876 0.01
r 108.8 0.01 3 12.1942 0.01
r 109 0.01 3 12.1688 0.01
r 109.2 0.01 3 12.0733 0.01
r 109.4 0.01 3 11.8641 0.01
r 109.6 0.01 3 11.758 0.01
r 109.8 0.01 3 11.751 0.01
r 110 0.01 3 11.5894 0.01
r 110.2 0.01 3 11.4332 0.01
r 110.4 0.01 3 11.3574 0.01
r 110.6 0.01 3 11.2623 0.01
r 110.8 0.01 3 11.1478 0.01
r 111 0.01 3 11.073 0.01
r 111.2 0.01 3 10.9681 0.01
r 111.4 0.01 3 10.9151 0.01
r 111.6 0.01 3 10.7415 0.01
r 111.8 0.01 3 10.7183 0.01
r 112 0.01 3 10.6192 0.01
r 112.2 0.01 3 10.4906 0.01
r 112.4 0.01 3 10.3378 0.01
r 112.6 0.01 3 10.2568 0.01
r 112.8 0.01 3 10.1899 0.01
r 113 0.01 3 10.0629 0.01
r 113.2 0.01 3 9.96667 0.01
r 113.4 0.01 3 9.89333 0.01
r 113.6 0.01 3 9.74114 0.01
r 113.8 0.01 3 9.64444 0.01
r 114 0.01 3 9.52566 0.01
r 114.2 0.01 3 9.49438 0.01
r 114.4 0.01 3 9.42571 0.01
r 114.6 0.01 3 9.14926 0.01
r 114.8 0.01 3 9.05245 0.01
r 115 0.01 3 9.05217 0.01
r 115.2 0.01 3 8.93902 0.01
r 115.4 0.01 3 8.81789 0.01
r 115.6 0.01 3 8.71312 0.01
r 115.8 0.01 3 8.61619 0.01
r 116 0.01 3 8.52089 0.01
r 116.2 0.01 3 8.41778 0.01
r 116.4 0.01 3 8.32093 0.01
r 116.6 0.01 3 8.22308 0.01
r 116.8 0.01 3 8.14403 0.01
r 117 0.01 3 8.04153 0.01
r 117.2 0.01 3 7.9521 0.01
r 117.4 0.01 3 7.8646 0.01
r 117.6 0.01 3 7.78918 0.01
r 117.8 0.01 3 7.69764 0.01
r 118 0.01 3 7.62313 0.01
r 118.2 0.01 3 7.53856 0.01
r 118.4 0.01 3 7.46884 0.01
r 118.6 0.01 3 7.38842 0.01
r 118.8 0.01 3 7.30399 0.01
r 119 0.01 3 7.2609 0.01
r 119.2 0.01 3 7.15768 0.01
r 119.4 0.01 3 7.08619 0.01
r 119.6 0.01 3 7.01736 0.01
r 119.8 0.01 3 6.95298 0.01
r 120 0.01 3 6.89235 0.01
r 120.2 0.01 3 6.82354 0.01
r 120.4 0.01 3 6.76092 0.01
r 120.6 0.01 3 6.7029 0.01
r 120.8 0.01 3 6.64539 0.01
r 121 0.01 3 6.59132 0.01
r 121.2 0.01 3 6.53878 0.01
r 121.4 0.01 3 6.48811 0.01
r 121.6 0.01 3 6.44012 0.01
r 121.8 0.01 3 6.39428 0.01
r 122 0.01 3 6.3506 0.01
r 122.2 0.01 3 6.31003 0.01
r 122.4 0.01 3 6.27026 0.01
r 122.6 0.01 3 6.23482 0.01
r 122.8 0.01 3 6.20156 0.01
r 123 0.01 3 6.17153 0.01
r 123.2 0.01 3 6.14345 0.01
r 123.4 0.01 3 6.11831 0.01
r 123.6 0.01 3 6.09584 0.01
r 123.8 0.01 3 6.07558 0.01
r 124 0.01 3 6.05847 0.01
r 124.2 0.01 3 6.04413 0.01
r 124.4 0.01 3 6.03273 0.01
r 124.6 0.01 3 6.02512 0.01
r 124.8 0.01 3 6.02068 0.01
r 125 0.01 3 6.01754 0.01
r 125.2 0.01 3 6.01823 0.01
r 125.4 0.01 3 6.02136 0.01
r 125.6 0.01 3 6.028 0.01
r 125.8 0.01 3 6.03766 0.01
r 126 0.01 3 6.05028 0.01
r 126.2 0.01 3 6.06575 0.01
r 126.4 0.01 3 6.08423 0.01
r 126.6 0.01 3 6.11128 0.01
r 126.8 0.01 3 6.13148 0.01
r 127 0.01 3 6.15912 0.01
r 127.2 0.01 3 6.19235 0.01
r 127.4 0.01 3 6.22143 0.01
r 127.6 0.01 3 6.25662 0.01
r 127.8 0.01 3 6.29505 0.01
r 128 0.01 3 6.33494 0.01
r 128.2 0.01 3 6.37868 0.01
r 128.4 0.01 3 6.42492 0.01
r 128.6 0.01 3 6.47263 0.01
r 128.8 0.01 3 6.52308 0.01
r 129 0.01 3 6.57815 0.01
r 129.2 0.01 3 6.63521 0.01
r 129.4 0.01 3 6.69125 0.01
r 129.6 0.01 3 6.74954 0.01
r 129.8 0.01 3 7.55777 0.01
r 130 0.01 3 6.8733 0.01
r 130.2 0.01 3 6.93979 0.01
r 130.4 0.01 3 7.00789 0.01
r 130.6 0.01 3 7.07834 0.01
r 130.8 0.01 3 7.15094 0.01
r 131 0.01 3 7.22498 0.01
r 131.2 0.01 3 7.29587 0.01
r 131.4 0.01 3 7.37659 0.01
r 131.6 0.01 3 7.45395 0.01
r 131.8 0.01 3 7.53719 0.01
r 132 0.01 3 7.61419 0.01
r 132.2 0.01 3 7.69973 0.01
r 132.4 0.01 3 7.79094 0.01
r 132.6 0.01 3 7.86488 0.01
r 132.8 0.01 3 7.95365 0.01
r 133 0.01 3 8.11755 0.01
r 133.2 0.01 3 8.13678 0.01
r 133.4 0.01 3 8.22565 0.01
r 133.6 0.01 3 8.31849 0.01
r 133.8 0.01 3 8.40673 0.01
r 134 0.01 3 8.50401 0.01
r 134.2 0.01 3 8.60447 0.01
r 134.4 0.01 3 8.69618 0.01
r 134.6 0.01 3 8.80559 0.01
r 134.8 0.01 3 8.89003 0.01
r 135 0.01 3 8.99658 0.01
r 135.2 0.01 3 9.10208 0.01
r 135.4 0.01 3 9.21369 0.01
r 135.6 0.01 3 9.32596 0.01
r 135.8 0.01 3 9.41802 0.01
r 136 0.01 3 9.51074 0.01
r 136.2 0.01 3 9.61246 0.01
r 136.4 0.01 3 9.72831 0.01
r 136.6 0.01 3 10.1084 0.01
r 136.8 0.01 3 10.1614 0.01
r 137 0.01 3 10.316 0.01
r 137.2 0.01 3 10.3897 0.01
r 137.4 0.01 3 10.4792 0.01
r 137.6 0.01 3 10.6224 0.01
r 137.8 0.01 3 10.6274 0.01
r 138 0.01 3 10.7331 0.01
r 138.2 0.01 3 10.8211 0.01
r 138.4 0.01 3 10.9093 0.01
r 138.6 0.01 3 11.0101 0.01
r 138.8 0.01 3 11.115 0.01
r 139 0.01 3 11.2171 0.01
r 139.2 0.01 3 11.3677 0.01
r 139.4 0.01 3 11.4687 0.01
r 139.6 0.01 3 11.5206 0.01
r 139.8 0.01 3 11.6323 0.01
r 140 0.01 3 11.7326 0.01
r 140.2 0.01 3 11.8332 0.01
r 140.4 0.01 3 11.958 0.01
r 140.6 0.01 3 12.0538 0.01
r 140.8 0.01 3 12.1653 0.01
r 141 0.01 3 12.2919 0.01
r 141.2 0.01 3 12.4159 0.01
r 141.4 0.01 3 12.5263 0.01
r 141.6 0.01 3 12.6706 0.01
r 141.8 0.01 3 12.7715 0.01
r 142 0.01 3 12.8905 0.01
r 142.2 0.01 3 13.0085 0.01
r 142.4 0.01 3 13.1197 0.01
r 142.6 0.01 3 13.2474 0.01
r 142.8 0.01 3 13.4349 0.01
r 143 0.01 3 13.4753 0.01
r 143.2 0.01 3 13.6051 0.01
r 143.4 0.01 3 13.7277 0.01
r 143.6 0.01 3 13.8518 0.01
r 143.8 0.01 3 13.9771 0.01
r 144 0.01 3 14.1086 0.01
r 144.2 0.01 3 14.2287 0.01
r 144.4 0.01 3 14.349 0.01
r 144.6 0.01 3 14.4735 0.01
r 144.8 0.01 3 14.5989 0.01
r 145 0.01 3 14.6872 0.01
r 145.2 0.01 3 14.8464 0.01
r 145.4 0.01 3 14.9518 0.01
r 145.6 0.01 3 15.0821 0.01
r 145.8 0.01 3 15.2054 0.01
r 146 0.01 3 15.3595 0.01
r 146.2 0.01 3 15.4614 0.01
r 146.4 0.01 3 15.5896 0.01
r 146.6 0.01 3 15.7158 0.01
r 146.8 0.01 3 15.8406 0.01
r 147 0.01 3 16.0579 0.01
r 147.2 0.01 3 16.2407 0.01
r 147.4 0.01 3 16.4753 0.01
r 147.6 0.01 3 16.5666 0.01
r 147.8 0.01 3 16.6864 0.01
r 148 0.01 3 16.8274 0.01
r 148.2 0.01 3 16.8849 0.01
r 148.4 0.01 3 17.0093 0.01
r 148.6 0.01 3 17.0985 0.01
r 148.8 0.01 3 17.2255 0.01
r 149 0.01 3 17.3369 0.01
r 149.2 0.01 3 17.4225 0.01
r 149.4 0.01 3 17.5319 0.01
r 149.6 0.01 3 17.6503 0.01
r 149.8 0.01 3 17.7512 0.01
r 150 0.01 3 17.8647 0.01
r 150.2 0.01 3 17.9806 0.01
r 150.4 0.01 3 18.0934 0.01
r 150.6 0.01 3 18.2073 0.01
r 150.8 0.01 3 18.3217 0.01
r 151 0.01 3 18.4484 0.01
r 151.2 0.01 3 18.569 0.01
r 151.4 0.01 3 18.679 0.01
r 151.6 0.01 3 18.8005 0.01
r 151.8 0.01 3 18.9193 0.01
r 152 0.01 3 19.0407 0.01
r 152.2 0.01 3 19.1594 0.01
r 152.4 0.01 3 19.2814 0.01
r 152.6 0.01 3 19.4039 0.01
r 152.8 0.01 3 19.5267 0.01
r 153 0.01 3 19.7021 0.01
r 153.2 0.01 3 19.8213 0.01
r 153.4 0.01 3 19.9395 0.01
r 153.6 0.01 3 20.0585 0.01
r 153.8 0.01 3 20.1799 0.01
r 154 0.01 3 20.3004 0.01
r 154.2 0.01 3 20.423 0.01
r 154.4 0.01 3 20.5451 0.01
r 154.6 0.01 3 20.6682 0.01
r 154.8 0.01 3 20.7915 0.01
r 155 0.01 3 20.9177 0.01
r 155.2 0.01 3 21.0414 0.01
r 155.4 0.01 3 21.1656 0.01
r 155.6 0.01 3 21.2897 0.01
r 155.8 0.01 3 21.4147 0.01
r 156 0.01 3 21.5394 0.01
r 156.2 0.01 3 21.6645 0.01
r 156.4 0.01 3 21.7946 0.01
r 156.6 0.01 3 21.9225 0.01
r 156.8 0.01 3 22.0491 0.01
r 157 0.01 3 22.1768 0.01
r 157.2 0.01 3 22.3034 0.01
r 157.4 0.01 3 22.4303 0.01
r 157.6 0.01 3 22.5575 0.01
r 157.8 0.01 3 22.6848 0.01
r 158 0.01 3 22.8125 0.01
r 158.2 0.01 3 22.9403 0.01
r 158.4 0.01 3 23.0685 0.01
r 158.6 0.01 3 23.1966 0.01
r 158.8 0.01 3 23.325 0.01
r 159 0.01 3 23.4583 0.01
r 159.2 0.01 3 23.5854 0.01
r 159.4 0.01 3 23.7127 0.01
r 159.6 0.01 3 23.8402 0.01
r 159.8 0.01 3 23.9682 0.01
r 160 0.01 3 24.0961 0.01
r 160.2 0.01 3 24.2242 0.01
r 160.4 0.01 3 24.3524 0.01
r 160.6 0.01 3 24.481 0.01
r 160.8 0.01 3 24.6099 0.01
r 161 0.01 3 24.7615 0.01
r 161.2 0.01 3 24.8878 0.01
r 161.4 0.01 3 25.0159 0.01
r 161.6 0.01 3 25.1434 0.01
r 161.8 0.01 3 25.2712 0.01
r 162 0.01 3 25.3988 0.01
r 162.2 0.01 3 25.527 0.01
r 162.4 0.01 3 25.6553 0.01
r 162.6 0.01 3 25.7837 0.01
r 162.8 0.01 3 25.9125 0.01
r 163 0.01 3 26.0532 0.01
r 163.2 0.01 3 26.1808 0.01
r 163.4 0.01 3 26.3082 0.01
r 163.6 0.01 3 26.4362 0.01
r 163.8 0.01 3 26.5645 0.01
r 164 0.01 3 26.6926 0.01
r 164.2 0.01 3 26.8211 0.01
r 164.4 0.01 3 26.9497 0.01
r 164.6 0.01 3 27.0784 0.01
r 164.8 0.01 3 27.2074 0.01
r 165 0.01 3 27.3384 0.01
s 135 3 602
r 115 0.01 2 13.4633 0.01
r 115.2 0.01 2 13.334 0.01
r 115.4 0.01 2 13.2041 0.01
r 115.6 0.01 2 13.074 0.01
r 115.8 0.01 2 12.9438 0.01
r 116 0.01 2 12.8135 0.01
r 116.2 0.01 2 12.683 0.01
r 116.4 0.01 2 12.5524 0.01
r 116.6 0.01 2 12.4219 0.01
r 116.8 0.01 2 12.2913 0.01
r 117 0.01 2 12.1607 0.01
r 117.2 0.01 2 12.0301 0.01
r 117.4 0.01 2 11.8994 0.01
r 117.6 0.01 2 11.7688 0.01
r 117.8 0.01 2 11.6381 0.01
r 118 0.01 2 11.5074 0.01
r 118.2 0.01 2 11.3767 0.01
r 118.4 0.01 2 11.2461 0.01
r 118.6 0.01 2 11.1153 0.01
r 118.8 0.01 2 10.9851 0.01
r 119 0.01 2 10.8539 0.01
r 119.2 0.01 2 10.7232 0.01
r 119.4 0.01 2 10.5926 0.01
r 119.6 0.01 2 10.4619 0.01
r 119.8 0.01 2 10.3313 0.01
r 120 0.01 2 10.2007 0.01
r 120.2 0.01 2 10.0702 0.01
r 120.4 0.01 2 9.93964 0.01
r 120.6 0.01 2 9.80935 0.01
r 120.8 0.01 2 9.67883 0.01
r 121 0.01 2 9.54837 0.01
r 121.2 0.01 2 9.41805 0.01
r 121.4 0.01 2 9.2878 0.01
r 121.6 0.01 2 9.15762 0.01
r 121.8 0.01 2 9.02747 0.01
r 122 0.01 2 8.89741 0.01
r 122.2 0.01 2 8.76741 0.01
r 122.4 0.01 2 8.63754 0.01
r 122.6 0.01 2 8.50785 0.01
r 122.8 0.01 2 8.37846 0.01
r 123 0.01 2 8.24836 0.01
r 123.2 0.01 2 8.11878 0.01
r 123.4 0.01 2 7.98931 0.01
r 123.6 0.01 2 7.85996 0.01
r 123.8 0.01 2 7.73072 0.01
r 124 0.01 2 7.60168 0.01
r 124.2 0.01 2 7.47276 0.01
r 124.4 0.01 2 7.34408 0.01
r 124.6 0.01 2 7.21558 0.01
r 124.8 0.01 2 7.08726 0.01
r 125 0.01 2 6.95902 0.01
r 125.2 0.01 2 6.83115 0.01
r 125.4 0.01 2 6.70342 0.01
r 125.6 0.01 2 6.57593 0.01
r 125.8 0.01 2 6.44869 0.01
r 126 0.01 2 6.32176 0.01
r 126.2 0.01 2 6.19509 0.01
r 126.4 0.01 2 6.06867 0.01
r 126.6 0.01 2 5.94259 0.01
r 126.8 0.01 2 5.81691 0.01
r 127 0.01 2 5.69167 0.01
r 127.2 0.01 2 5.56683 0.01
r 127.4 0.01 2 5.4424 0.01
r 127.6 0.01 2 5.31838 0.01
r 127.8 0.01 2 5.19488 0.01
r 128 0.01 2 5.07191 0.01
r 128.2 0.01 2 4.94954 0.01
r 128.4 0.01 2 4.82775 0.01
r 128.6 0.01 2 4.70658 0.01
r 128.8 0.01 2 4.58677 0.01
r 129 0.01 2 4.46687 0.01
r 129.2 0.01 2 4.348 0.01
r 129.4 0.01 2 4.22969 0.01
r 129.6 0.01 2 4.11238 0.01
r 129.8 0.01 2 3.99623 0.01
r 130 0.01 2 3.88128 0.01
r 130.2 0.01 2 3.768 0.01
r 130.4 0.01 2 3.65554 0.01
r 130.6 0.01 2 3.54425 0.01
r 130.8 0.01 2 3.43453 0.01
r 131 0.01 2 3.32804 0.01
r 131.2 0.01 2 3.22186 0.01
r 131.4 0.01 2 3.11803 0.01
r 131.6 0.01 2 3.01653 0.01
r 131.8 0.01 2 2.91757 0.01
r 132 0.01 2 2.82168 0.01
r 132.2 0.01 2 2.72897 0.01
r 132.4 0.01 2 2.63995 0.01
r 132.6 0.01 2 2.55448 0.01
r 132.8 0.01 2 2.47349 0.01
r 133 0.01 2 2.39719 0.01
r 133.2 0.01 2 2.32534 0.01
r 133.4 0.01 2 2.25954 0.01
r 133.6 0.01 2 2.19959 0.01
r 133.8 0.01 2 2.14672 0.01
r 134 0.01 2 2.10055 0.01
r 134.2 0.01 2 2.06227 0.01
r 134.4 0.01 2 2.03214 0.01
r 134.6 0.01 2 2.01055 0.01
r 134.8 0.01 2 1.99826 0.01
r 135 0.01 2 1.99444 0.01
r 135.2 0.01 2 1.99902 0.01
r 135.4 0.01 2 2.01136 0.01
r 135.6 0.01 2 2.03199 0.01
r 135.8 0.01 2 2.0622 0.01
r 136 0.01 2 2.10064 0.01
r 136.2 0.01 2 2.14661 0.01
r 136.4 0.01 2 2.19976 0.01
r 136.6 0.01 2 2.2596 0.01
r 136.8 0.01 2 2.32581 0.01
r 137 0.01 2 2.39714 0.01
r 137.2 0.01 2 2.47387 0.01
r 137.4 0.01 2 2.5552 0.01
r 137.6 0.01 2 2.64055 0.01
r 137.8 0.01 2 2.72996 0.01
r 138 0.01 2 2.82278 0.01
r 138.2 0.01 2 2.91869 0.01
r 138.4 0.01 2 3.01776 0.01
r 138.6 0.01 2 3.11924 0.01
r 138.8 0.01 2 3.22291 0.01
r 139 0.01 2 3.32856 0.01
r 139.2 0.01 2 3.43636 0.01
r 139.4 0.01 2 3.54583 0.01
r 139.6 0.01 2 3.65681 0.01
r 139.8 0.01 2 3.76927 0.01
r 140 0.01 2 3.88313 0.01
r 140.2 0.01 2 3.99817 0.01
r 140.4 0.01 2 4.11437 0.01
r 140.6 0.01 2 4.23159 0.01
r 140.8 0.01 2 4.34974 0.01
r 141 0.01 2 4.4687 0.01
r 141.2 0.01 2 4.58849 0.01
r 141.4 0.01 2 4.70903 0.01
r 141.6 0.01 2 4.83017 0.01
r 141.8 0.01 2 4.95201 0.01
r 142 0.01 2 5.07436 0.01
r 142.2 0.01 2 5.19726 0.01
r 142.4 0.01 2 5.32071 0.01
r 142.6 0.01 2 5.44458 0.01
r 142.8 0.01 2 5.56894 0.01
r 143 0.01 2 5.69367 0.01
r 143.2 0.01 2 5.81881 0.01
r 143.4 0.01 2 5.94431 0.01
r 143.6 0.01 2 6.07022 0.01
r 143.8 0.01 2 6.19639 0.01
r 144 0.01 2 6.32272 0.01
r 144.2 0.01 2 6.44945 0.01
r 144.4 0.01 2 6.57652 0.01
r 144.6 0.01 2 6.70374 0.01
r 144.8 0.01 2 6.83122 0.01
r 145 0.01 2 6.95882 0.01
r 145.2 0.01 2 7.08673 0.01
r 145.4 0.01 2 7.21481 0.01
r 145.6 0.01 2 7.34346 0.01
r 145.8 0.01 2 7.47189 0.01
r 146 0.01 2 7.60049 0.01
r 146.2 0.01 2 7.72925 0.01
r 146.4 0.01 2 7.85803 0.01
r 146.6 0.01 2 7.98709 0.01
r 146.8 0.01 2 8.11628 0.01
r 147 0.01 2 8.24636 0.01
r 147.2 0.01 2 8.37585 0.01
r 147.4 0.01 2 8.50566 0.01
r 147.6 0.01 2 8.63435 0.01
r 147.8 0.01 2 8.76418 0.01
r 148 0.01 2 8.89413 0.01
r 148.2 0.01 2 9.02418 0.01
r 148.4 0.01 2 9.15436 0.01
r 148.6 0.01 2 9.28457 0.01
r 148.8 0.01 2 9.41485 0.01
r 149 0.01 2 9.54495 0.01
r 149.2 0.01 2 9.67557 0.01
r 149.4 0.01 2 9.80598 0.01
r 149.6 0.01 2 9.93696 0.01
r 149.8 0.01 2 10.0674 0.01
r 150 0.01 2 10.198 0.01
r 150.2 0.01 2 10.3287 0.01
r 150.4 0.01 2 10.4595 0.01
r 150.6 0.01 2 10.5904 0.01
r 150.8 0.01 2 10.7214 0.01
r 151 0.01 2 10.8525 0.01
r 151.2 0.01 2 10.9836 0.01
r 151.4 0.01 2 11.1147 0.01
r 151.6 0.01 2 11.2458 0.01
r 151.8 0.01 2 11.377 0.01
r 152 0.01 2 11.5082 0.01
r 152.2 0.01 2 11.6396 0.01
r 152.4 0.01 2 11.771 0.01
r 152.6 0.01 2 11.9025 0.01
r 152.8 0.01 2 12.034 0.01
r 153 0.01 2 12.1654 0.01
r 153.2 0.01 2 12.2968 0.01
r 153.4 0.01 2 12.4284 0.01
r 153.6 0.01 2 12.56 0.01
r 153.8 0.01 2 12.6917 0.01
r 154 0.01 2 12.8235 0.01
r 154.2 0.01 2 12.9554 0.01
r 154.4 0.01 2 13.087 0.01
r 154.6 0.01 2 13.2189 0.01
r 154.8 0.01 2 13.3507 0.01
r 155 0.01 2 13.4822 0.01
r 95 0.01 3 26.6037 0.01
r 95.2 0.01 3 26.4783 0.01
r 95.4 0.01 3 26.353 0.01
r 95.6 0.01 3 26.2279 0.01
r 95.8 0.01 3 26.103 0.01
r 96 0.01 3 25.9782 0.01
r 96.2 0.01 3 25.8536 0.01
r 96.4 0.01 3 25.7292 0.01
r 96.6 0.01 3 25.605 0.01
r 96.8 0.01 3 25.481 0.01
r 97 0.01 3 25.3552 0.01
r 97.2 0.01 3 25.2316 0.01
r 97.4 0.01 3 25.1085 0.01
r 97.6 0.01 3 24.9851 0.01
r 97.8 0.01 3 24.8625 0.01
r 98 0.01 3 24.7399 0.01
r 98.2 0.01 3 24.6176 0.01
r 98.4 0.01 3 24.4957 0.01
r 98.6 0.01 3 24.3739 0.01
r 98.8 0.01 3 24.2532 0.01
r 99 0.01 3 24.1291 0.01
r 99.2 0.01 3 24.0082 0.01
r 99.4 0.01 3 23.8879 0.01
r 99.6 0.01 3 23.7663 0.01
r 99.8 0.01 3 23.6476 0.01
r 100 0.01 3 23.526 0.01
r 100.2 0.01 3 23.4067 0.01
r 100.4 0.01 3 23.2871 0.01
r 100.6 0.01 3 23.1722 0.01
r 100.8 0.01 3 23.0501 0.01
r 101 0.01 3 22.9338 0.01
r 101.2 0.01 3 22.8193 0.01
r 101.4 0.01 3 22.6991 0.01
r 101.6 0.01 3 22.5846 0.01
r 101.8 0.01 3 22.4632 0.01
r 102 0.01 3 22.3437 0.01
r 102.2 0.01 3 22.2287 0.01
r 102.4 0.01 3 22.1232 0.01
r 102.6 0.01 3 22.0009 0.01
r 102.8 0.01 3 21.8869 0.01
r 103 0.01 3 21.7775 0.01
r 103.2 0.01 3 21.6664 0.01
r 103.4 0.01 3 21.5564 0.01
r 103.6 0.01 3 21.4452 0.01
r 103.8 0.01 3 21.3385 0.01
r 104 0.01 3 21.224 0.01
r 104.2 0.01 3 21.0836 0.01
r 104.4 0.01 3 20.9805 0.01
r 104.6 0.01 3 20.8134 0.01
r 104.8 0.01 3 20.7946 0.01
r 105 0.01 3 20.5878 0.01
r 105.2 0.01 3 20.6148 0.01
r 105.4 0.01 3 20.3488 0.01
r 105.6 0.01 3 20.2624 0.01
r 105.8 0.01 3 20.1511 0.01
r 106 0.01 3 20.0873 0.01
r 106.2 0.01 3 19.8633 0.01
r 106.4 0.01 3 19.7496 0.01
r 106.6 0.01 3 19.8163 0.01
r 106.8 0.01 3 19.5327 0.01
r 107 0.01 3 19.4387 0.01
r 107.2 0.01 3 19.3322 0.01
r 107.4 0.01 3 19.2066 0.01
r 107.6 0.01 3 19.0958 0.01
r 107.8 0.01 3 18.9978 0.01
r 108 0.01 3 18.8991 0.01
r 108.2 0.01 3 18.8044 0.01
r 108.4 0.01 3 18.6355 0.01
r 108.6 0.01 3 18.5391 0.01
r 108.8 0.01 3 18.4471 0.01
r 109 0.01 3 18.3128 0.01
r 109.2 0.01 3 18.2276 0.01
r 109.4 0.01 3 18.1084 0.01
r 109.6 0.01 3 18.0072 0.01
r 109.8 0.01 3 17.8944 0.01
r 110 0.01 3 17.797 0.01
r 110.2 0.01 3 17.6363 0.01
r 110.4 0.01 3 17.5644 0.01
r 110.6 0.01 3 17.4466 0.01
r 110.8 0.01 3 17.3534 0.01
r 111 0.01 3 17.1416 0.01
r 111.2 0.01 3 17.3749 0.01
r 111.4 0.01 3 17.072 0.01
r 111.6 0.01 3 16.8094 0.01
r 111.8 0.01 3 16.7106 0.01
r 112 0.01 3 16.5228 0.01
r 112.2 0.01 3 16.5548 0.01
r 112.4 0.01 3 16.4008 0.01
r 112.6 0.01 3 16.1838 0.01
r 112.8 0.01 3 16.2253 0.01
r 113 0.01 3 15.9719 0.01
r 113.2 0.01 3 15.7712 0.01
r 113.4 0.01 3 15.7446 0.01
r 113.6 0.01 3 15.5889 0.01
r 113.8 0.01 3 15.5749 0.01
r 114 0.01 3 15.3463 0.01
r 114.2 0.01 3 15.3649 0.01
r 114.4 0.01 3 15.1314 0.01
r 114.6 0.01 3 15.0856 0.01
r 114.8 0.01 3 14.9249 0.01
r 115 0.01 3 15.0936 0.01
r 115.2 0.01 3 14.8588 0.01
r 115.4 0.01 3 14.5745 0.01
r 115.6 0.01 3 14.4464 0.01
r 115.8 0.01 3 14.2598 0.01
r 116 0.01 3 14.244 0.01
r 116.2 0.01 3 14.0624 0.01
r 116.4 0.01 3 14.0487 0.01
r 116.6 0.01 3 13.9748 0.01
r 116.8 0.01 3 13.6346 0.01
r 117 0.01 3 13.6655 0.01
r 117.2 0.01 3 13.3966 0.01
r 117.4 0.01 3 13.2939 0.01
r 117.6 0.01 3 13.1945 0.01
r 117.8 0.01 3 13.0563 0.01
r 118 0.01 3 12.9689 0.01
r 118.2 0.01 3 12.847 0.01
r 118.4 0.01 3 12.668 0.01
r 118.6 0.01 3 12.6414 0.01
r 118.8 0.01 3 12.5606 0.01
r 119 0.01 3 12.3504 0.01
r 119.2 0.01 3 12.2367 0.01
r 119.4 0.01 3 12.0958 0.01
r 119.6 0.01 3 11.9777 0.01
r 119.8 0.01 3 11.8615 0.01
r 120 0.01 3 11.7505 0.01
r 120.2 0.01 3 11.6535 0.01
r 120.4 0.01 3 11.5312 0.01
r 120.6 0.01 3 11.4195 0.01
r 120.8 0.01 3 11.4109 0.01
r 121 0.01 3 11.3219 0.01
r 121.2 0.01 3 11.061 0.01
r 121.4 0.01 3 10.9357 0.01
r 121.6 0.01 3 10.8271 0.01
r 121.8 0.01 3 10.7311 0.01
r 122 0.01 3 10.7112 0.01
r 122.2 0.01 3 10.5004 0.01
r 122.4 0.01 3 10.456 0.01
r 122.6 0.01 3 10.3312 0.01
r 122.8 0.01 3 10.1473 0.01
r 123 0.01 3 10.0668 0.01
r 123.2 0.01 3 9.94843 0.01
r 123.4 0.01 3 9.84725 0.01
r 123.6 0.01 3 9.72356 0.01
r 123.8 0.01 3 9.63924 0.01
r 124 0.01 3 9.53315 0.01
r 124.2 0.01 3 9.4046 0.01
r 124.4 0.01 3 9.3098 0.01
r 124.6 0.01 3 9.26131 0.01
r 124.8 0.01 3 9.13208 0.01
r 125 0.01 3 9.00656 0.01
r 125.2 0.01 3 8.90896 0.01
r 125.4 0.01 3 8.79968 0.01
r 125.6 0.01 3 8.72745 0.01
r 125.8 0.01 3 8.60549 0.01
r 126 0.01 3 8.52605 0.01
r 126.2 0.01 3 8.41613 0.01
r 126.4 0.01 3 8.32197 0.01
r 126.6 0.01 3 8.21978 0.01
r 126.8 0.01 3 8.12505 0.01
r 127 0.01 3 8.04636 0.01
r 127.2 0.01 3 7.94684 0.01
r 127.4 0.01 3 7.85443 0.01
r 127.6 0.01 3 7.77059 0.01
r 127.8 0.01 3 7.68392 0.01
r 128 0.01 3 7.59843 0.01
r 128.2 0.01 3 7.51595 0.01
r 128.4 0.01 3 7.44045 0.01
r 128.6 0.01 3 7.36049 0.01
r 128.8 0.01 3 7.28291 0.01
r 129 0.01 3 7.20487 0.01
r 129.2 0.01 3 7.1312 0.01
r 129.4 0.01 3 7.05924 0.01
r 129.6 0.01 3 6.98997 0.01
r 129.8 0.01 3 6.92364 0.01
r 130 0.01 3 6.85707 0.01
r 130.2 0.01 3 6.94652 0.01
r 130.4 0.01 3 6.89656 0.01
r 130.6 0.01 3 6.715 0.01
r 130.8 0.01 3 6.69353 0.01
r 131 0.01 3 6.55683 0.01
r 131.2 0.01 3 6.51842 0.01
r 131.4 0.01 3 6.45445 0.01
r 131.6 0.01 3 6.46785 0.01
r 131.8 0.01 3 6.35848 0.01
r 132 0.01 3 6.31395 0.01
r 132.2 0.01 3 6.28358 0.01
r 132.4 0.01 3 6.23865 0.01
r 132.6 0.01 3 6.20125 0.01
r 132.8 0.01 3 6.1684 0.01
r 133 0.01 3 6.1373 0.01
r 133.2 0.01 3 6.10835 0.01
r 133.4 0.01 3 6.08384 0.01
r 133.6 0.01 3 6.06481 0.01
r 133.8 0.01 3 6.04163 0.01
r 134 0.01 3 6.02594 0.01
r 134.2 0.01 3 6.01387 0.01
r 134.4 0.01 3 6.00233 0.01
r 134.6 0.01 3 5.99507 0.01
r 134.8 0.01 3 5.99075 0.01
r 135 0.01 3 5.99119 0.01
r 135.2 0.01 3 5.99147 0.01
r 135.4 0.01 3 5.99552 0.01
r 135.6 0.01 3 6.00298 0.01
r 135.8 0.01 3 6.01334 0.01
r 136 0.01 3 6.02679 0.01
r 136.2 0.01 3 6.04308 0.01
r 136.4 0.01 3 6.06241 0.01
r 136.6 0.01 3 6.09019 0.01
r 136.8 0.01 3 6.11066 0.01
r 137 0.01 3 6.13706 0.01
r 137.2 0.01 3 6.16826 0.01
r 137.4 0.01 3 6.20481 0.01
r 137.6 0.01 3 6.24682 0.01
r 137.8 0.01 3 6.29378 0.01
r 138 0.01 3 6.3167 0.01
r 138.2 0.01 3 6.36006 0.01
r 138.4 0.01 3 6.40607 0.01
r 138.6 0.01 3 6.45462 0.01
r 138.8 0.01 3 6.50501 0.01
r 139 0.01 3 6.56015 0.01
r 139.2 0.01 3 6.61514 0.01
r 139.4 0.01 3 6.7919 0.01
r 139.6 0.01 3 6.7606 0.01
r 139.8 0.01 3 6.79634 0.01
r 140 0.01 3 6.93957 0.01
r 140.2 0.01 3 6.93449 0.01
r 140.4 0.01 3 7.2397 0.01
r 140.6 0.01 3 7.07236 0.01
r 140.8 0.01 3 7.16344 0.01
r 141 0.01 3 7.48178 0.01
r 141.2 0.01 3 7.28701 0.01
r 141.4 0.01 3 7.72766 0.01
r 141.6 0.01 3 7.44276 0.01
r 141.8 0.01 3 7.94497 0.01
r 142 0.01 3 7.60127 0.01
r 142.2 0.01 3 8.18626 0.01
r 142.4 0.01 3 7.77684 0.01
r 142.6 0.01 3 7.86956 0.01
r 142.8 0.01 3 7.95187 0.01
r 143 0.01 3 8.03133 0.01
r 143.2 0.01 3 8.12148 0.01
r 143.4 0.01 3 8.21294 0.01
r 143.6 0.01 3 8.29904 0.01
r 143.8 0.01 3 8.39915 0.01
r 144 0.01 3 8.49695 0.01
r 144.2 0.01 3 8.60807 0.01
r 144.4 0.01 3 8.69552 0.01
r 144.6 0.01 3 8.7839 0.01
r 144.8 0.01 3 8.90617 0.01
r 145 0.01 3 9.35647 0.01
r 145.2 0.01 3 9.48089 0.01
r 145.4 0.01 3 9.55686 0.01
r 145.6 0.01 3 9.65438 0.01
r 145.8 0.01 3 9.88748 0.01
r 146 0.01 3 9.97874 0.01
r 146.2 0.01 3 9.96882 0.01
r 146.4 0.01 3 10.2299 0.01
r 146.6 0.01 3 10.3603 0.01
r 146.8 0.01 3 10.4708 0.01
r 147 0.01 3 10.1096 0.01
r 147.2 0.01 3 10.2661 0.01
r 147.4 0.01 3 10.3174 0.01
r 147.6 0.01 3 10.4417 0.01
r 147.8 0.01 3 10.5333 0.01
r 148 0.01 3 10.6637 0.01
r 148.2 0.01 3 10.7079 0.01
r 148.4 0.01 3 10.8465 0.01
r 148.6 0.01 3 10.939 0.01
r 148.8 0.01 3 11.0196 0.01
r 149 0.01 3 11.2449 0.01
r 149.2 0.01 3 11.3115 0.01
r 149.4 0.01 3 11.4728 0.01
r 149.6 0.01 3 11.5473 0.01
r 149.8 0.01 3 11.6604 0.01
r 150 0.01 3 11.7621 0.01
r 150.2 0.01 3 11.8641 0.01
r 150.4 0.01 3 11.9736 0.01
r 150.6 0.01 3 12.0818 0.01
r 150.8 0.01 3 12.1867 0.01
r 151 0.01 3 12.2901 0.01
r 151.2 0.01 3 12.4044 0.01
r 151.4 0.01 3 12.5125 0.01
r 151.6 0.01 3 12.6211 0.01
r 151.8 0.01 3 12.7288 0.01
r 152 0.01 3 12.8465 0.01
r 152.2 0.01 3 12.9601 0.01
r 152.4 0.01 3 13.0713 0.01
r 152.6 0.01 3 13.1869 0.01
r 152.8 0.01 3 13.303 0.01
r 153 0.01 3 13.4253 0.01
r 153.2 0.01 3 13.5418 0.01
r 153.4 0.01 3 13.6596 0.01
r 153.6 0.01 3 13.7786 0.01
r 153.8 0.01 3 13.899 0.01
r 154 0.01 3 14.0197 0.01
r 154.2 0.01 3 14.1411 0.01
r 154.4 0.01 3 14.263 0.01
r 154.6 0.01 3 14.3854 0.01
r 154.8 0.01 3 14.5082 0.01
r 155 0.01 3 14.6309 0.01
r 155.2 0.01 3 14.7539 0.01
r 155.4 0.01 3 14.8774 0.01
r 155.6 0.01 3 15.0014 0.01
r 155.8 0.01 3 15.1257 0.01
r 156 0.01 3 15.2504 0.01
r 156.2 0.01 3 15.3755 0.01
r 156.4 0.01 3 15.501 0.01
r 156.6 0.01 3 15.6266 0.01
r 156.8 0.01 3 15.7526 0.01
r 157 0.01 3 15.8813 0.01
r 157.2 0.01 3 16.0053 0.01
r 157.4 0.01 3 16.1297 0.01
r 157.6 0.01 3 16.2542 0.01
r 157.8 0.01 3 16.3792 0.01
r 158 0.01 3 16.5046 0.01
r 158.2 0.01 3 16.6305 0.01
r 158.4 0.01 3 16.7563 0.01
r 158.6 0.01 3 16.8827 0.01
r 158.8 0.01 3 17.0092 0.01
r 159 0.01 3 17.0932 0.01
r 159.2 0.01 3 17.2181 0.01
r 159.4 0.01 3 17.3413 0.01
r 159.6 0.01 3 17.4666 0.01
r 159.8 0.01 3 17.59 0.01
r 160 0.01 3 17.7154 0.01
r 160.2 0.01 3 17.8414 0.01
r 160.4 0.01 3 17.9677 0.01
r 160.6 0.01 3 18.0942 0.01
r 160.8 0.01 3 18.2209 0.01
r 161 0.01 3 18.365 0.01
r 161.2 0.01 3 18.4895 0.01
r 161.4 0.01 3 18.6112 0.01
r 161.6 0.01 3 18.7362 0.01
r 161.8 0.01 3 18.8619 0.01
r 162 0.01 3 18.988 0.01
r 162.2 0.01 3 19.1148 0.01
r 162.4 0.01 3 19.2412 0.01
r 162.6 0.01 3 19.3679 0.01
r 162.8 0.01 3 19.4955 0.01
r 163 0.01 3 19.6249 0.01
r 163.2 0.01 3 19.7527 0.01
r 163.4 0.01 3 19.8797 0.01
r 163.6 0.01 3 20.0075 0.01
r 163.8 0.01 3 20.1354 0.01
r 164 0.01 3 20.2636 0.01
r 164.2 0.01 3 20.3919 0.01
r 164.4 0.01 3 20.5202 0.01
r 164.6 0.01 3 20.6489 0.01
r 164.8 0.01 3 20.7777 0.01
r 165 0.01 3 20.9067 0.01
r 165.2 0.01 3 21.0355 0.01
r 165.4 0.01 3 21.1644 0.01
r 165.6 0.01 3 21.2933 0.01
r 165.8 0.01 3 21.4223 0.01
r 166 0.01 3 21.5515 0.01
r 166.2 0.01 3 21.6809 0.01
r 166.4 0.01 3 21.8105 0.01
r 166.6 0.01 3 21.9402 0.01
r 166.8 0.01 3 22.07 0.01
r 167 0.01 3 22.1999 0.01
r 167.2 0.01 3 22.329 0.01
r 167.4 0.01 3 22.4582 0.01
r 167.6 0.01 3 22.5875 0.01
r 167.8 0.01 3 22.7169 0.01
r 168 0.01 3 22.8465 0.01
r 168.2 0.01 3 22.9762 0.01
r 168.4 0.01 3 23.1059 0.01
r 168.6 0.01 3 23.2358 0.01
r 168.8 0.01 3 23.3658 0.01
r 169 0.01 3 23.4964 0.01
r 169.2 0.01 3 23.6265 0.01
r 169.4 0.01 3 23.7567 0.01
r 169.6 0.01 3 23.887 0.01
r 169.8 0.01 3 24.0174 0.01
r 170 0.01 3 24.1478 0.01
r 170.2 0.01 3 24.2782 0.01
r 170.4 0.01 3 24.4087 0.01
r 170.6 0.01 3 24.5393 0.01
r 170.8 0.01 3 24.67 0.01
r 171 0.01 3 24.7543 0.01
r 171.2 0.01 3 24.8843 0.01
r 171.4 0.01 3 25.0145 0.01
r 171.6 0.01 3 25.1448 0.01
r 171.8 0.01 3 25.2747 0.01
r 172 0.01 3 25.4051 0.01
r 172.2 0.01 3 25.5355 0.01
r 172.4 0.01 3 25.6662 0.01
r 172.6 0.01 3 25.7968 0.01
r 172.8 0.01 3 25.9272 0.01
r 173 0.01 3 26.0388 0.01
r 173.2 0.01 3 26.1688 0.01
r 173.4 0.01 3 26.2989 0.01
r 173.6 0.01 3 26.4291 0.01
r 173.8 0.01 3 26.5594 0.01
r 174 0.01 3 26.6897 0.01
r 174.2 0.01 3 26.8202 0.01
r 174.4 0.01 3 26.9507 0.01
r 174.6 0.01 3 27.0813 0.01
r 174.8 0.01 3 27.212 0.01
r 175 0.01 3 27.3324 0.01
s 145 3 602
r 125 0.01 2 13.4816 0.01
r 125.2 0.01 2 13.3497 0.01
r 125.4 0.01 2 13.2177 0.01
r 125.6 0.01 2 13.0858 0.01
r 125.8 0.01 2 12.9539 0.01
r 126 0.01 2 12.8221 0.01
r 126.2 0.01 2 12.6903 0.01
r 126.4 0.01 2 12.5584 0.01
r 126.6 0.01 2 12.4266 0.01
r 126.8 0.01 2 12.2948 0.01
r 127 0.01 2 12.1634 0.01
r 127.2 0.01 2 12.0317 0.01
r 127.4 0.01 2 11.9001 0.01
r 127.6 0.01 2 11.7687 0.01
r 127.8 0.01 2 11.6372 0.01
r 128 0.01 2 11.5059 0.01
r 128.2 0.01 2 11.3746 0.01
r 128.4 0.01 2 11.2435 0.01
r 128.6 0.01 2 11.1124 0.01
r 128.8 0.01 2 10.9809 0.01
r 129 0.01 2 10.8499 0.01
r 129.2 0.01 2 10.719 0.01
r 129.4 0.01 2 10.5881 0.01
r 129.6 0.01 2 10.4574 0.01
r 129.8 0.01 2 10.3264 0.01
r 130 0.01 2 10.1956 0.01
r 130.2 0.01 2 10.0649 0.01
r 130.4 0.01 2 9.9344 0.01
r 130.6 0.01 2 9.80383 0.01
r 130.8 0.01 2 9.67351 0.01
r 131 0.01 2 9.54318 0.01
r 131.2 0.01 2 9.41288 0.01
r 131.4 0.01 2 9.2826 0.01
r 131.6 0.01 2 9.15237 0.01
r 131.8 0.01 2 9.02223 0.01
r 132 0.01 2 8.8923 0.01
r 132.2 0.01 2 8.76242 0.01
r 132.4 0.01 2 8.63278 0.01
r 132.6 0.01 2 8.50335 0.01
r 132.8 0.01 2 8.37411 0.01
r 133 0.01 2 8.24439 0.01
r 133.2 0.01 2 8.11512 0.01
r 133.4 0.01 2 7.98598 0.01
r 133.6 0.01 2 7.85699 0.01
r 133.8 0.01 2 7.7282 0.01
r 134 0.01 2 7.59949 0.01
r 134.2 0.01 2 7.47094 0.01
r 134.4 0.01 2 7.34258 0.01
r 134.6 0.01 2 7.21436 0.01
r 134.8 0.01 2 7.08637 0.01
r 135 0.01 2 6.95883 0.01
r 135.2 0.01 2 6.83126 0.01
r 135.4 0.01 2 6.70395 0.01
r 135.6 0.01 2 6.57688 0.01
r 135.8 0.01 2 6.45022 0.01
r 136 0.01 2 6.32357 0.01
r 136.2 0.01 2 6.19744 0.01
r 136.4 0.01 2 6.07137 0.01
r 136.6 0.01 2 5.94566 0.01
r 136.8 0.01 2 5.82029 0.01
r 137 0.01 2 5.69455 0.01
r 137.2 0.01 2 5.56991 0.01
r 137.4 0.01 2 5.4457 0.01
r 137.6 0.01 2 5.32181 0.01
r 137.8 0.01 2 5.1984 0.01
r 138 0.01 2 5.0755 0.01
r 138.2 0.01 2 4.95321 0.01
r 138.4 0.01 2 4.83141 0.01
r 138.6 0.01 2 4.71038 0.01
r 138.8 0.01 2 4.58993 0.01
r 139 0.01 2 4.47216 0.01
r 139.2 0.01 2 4.3538 0.01
r 139.4 0.01 2 4.23565 0.01
r 139.6 0.01 2 4.11782 0.01
r 139.8 0.01 2 4.00115 0.01
r 140 0.01 2 3.88613 0.01
r 140.2 0.01 2 3.77196 0.01
r 140.4 0.01 2 3.65942 0.01
r 140.6 0.01 2 3.54828 0.01
r 140.8 0.01 2 3.43849 0.01
r 141 0.01 2 3.3315 0.01
r 141.2 0.01 2 3.22545 0.01
r 141.4 0.01 2 3.12146 0.01
r 141.6 0.01 2 3.01998 0.01
r 141.8 0.01 2 2.92121 0.01
r 142 0.01 2 2.82508 0.01
r 142.2 0.01 2 2.73229 0.01
r 142.4 0.01 2 2.64291 0.01
r 142.6 0.01 2 2.55755 0.01
r 142.8 0.01 2 2.47619 0.01
r 143 0.01 2 2.39995 0.01
r 143.2 0.01 2 2.3286 0.01
r 143.4 0.01 2 2.2625 0.01
r 143.6 0.01 2 2.20262 0.01
r 143.8 0.01 2 2.14907 0.01
r 144 0.01 2 2.10348 0.01
r 144.2 0.01 2 2.06554 0.01
r 144.4 0.01 2 2.03572 0.01
r 144.6 0.01 2 2.01446 0.01
r 144.8 0.01 2 2.0011 0.01
r 145 0.01 2 1.99627 0.01
r 145.2 0.01 2 2.00071 0.01
r 145.4 0.01 2 2.01314 0.01
r 145.6 0.01 2 2.03376 0.01
r 145.8 0.01 2 2.06397 0.01
r 146 0.01 2 2.10241 0.01
r 146.2 0.01 2 2.14838 0.01
r 146.4 0.01 2 2.20152 0.01
r 146.6 0.01 2 2.26134 0.01
r 146.8 0.01 2 2.32753 0.01
r 147 0.01 2 2.39884 0.01
r 147.2 0.01 2 2.47555 0.01
r 147.4 0.01 2 2.55685 0.01
r 147.6 0.01 2 2.64217 0.01
r 147.8 0.01 2 2.73156 0.01
r 148 0.01 2 2.82434 0.01
r 148.2 0.01 2 2.92022 0.01
r 148.4 0.01 2 3.01926 0.01
r 148.6 0.01 2 3.1207 0.01
r 148.8 0.01 2 3.22434 0.01
r 149 0.01 2 3.32994 0.01
r 149.2 0.01 2 3.43769 0.01
r 149.4 0.01 2 3.54712 0.01
r 149.6 0.01 2 3.65805 0.01
r 149.8 0.01 2 3.77046 0.01
r 150 0.01 2 3.88426 0.01
r 150.2 0.01 2 3.99924 0.01
r 150.4 0.01 2 4.11539 0.01
r 150.6 0.01 2 4.23254 0.01
r 150.8 0.01 2 4.35064 0.01
r 151 0.01 2 4.46953 0.01
r 151.2 0.01 2 4.58926 0.01
r 151.4 0.01 2 4.70973 0.01
r 151.6 0.01 2 4.83081 0.01
r 151.8 0.01 2 4.95258 0.01
r 152 0.01 2 5.07485 0.01
r 152.2 0.01 2 5.19768 0.01
r 152.4 0.01 2 5.32106 0.01
r 152.6 0.01 2 5.44486 0.01
r 152.8 0.01 2 5.56915 0.01
r 153 0.01 2 5.69382 0.01
r 153.2 0.01 2 5.81887 0.01
r 153.4 0.01 2 5.9443 0.01
r 153.6 0.01 2 6.07013 0.01
r 153.8 0.01 2 6.19623 0.01
r 154 0.01 2 6.3225 0.01
r 154.2 0.01 2 6.44915 0.01
r 154.4 0.01 2 6.57614 0.01
r 154.6 0.01 2 6.7033 0.01
r 154.8 0.01 2 6.83071 0.01
r 155 0.01 2 6.95824 0.01
r 155.2 0.01 2 7.08609 0.01
r 155.4 0.01 2 7.2141 0.01
r 155.6 0.01 2 7.34269 0.01
r 155.8 0.01 2 7.47107 0.01
r 156 0.01 2 7.59961 0.01
r 156.2 0.01 2 7.72831 0.01
r 156.4 0.01 2 7.85705 0.01
r 156.6 0.01 2 7.98606 0.01
r 156.8 0.01 2 8.11521 0.01
r 157 0.01 2 8.24526 0.01
r 157.2 0.01 2 8.37471 0.01
r 157.4 0.01 2 8.50449 0.01
r 157.6 0.01 2 8.63315 0.01
r 157.8 0.01 2 8.76296 0.01
r 158 0.01 2 8.89289 0.01
r 158.2 0.01 2 9.02293 0.01
r 158.4 0.01 2 9.15308 0.01
r 158.6 0.01 2 9.28328 0.01
r 158.8 0.01 2 9.41356 0.01
r 159 0.01 2 9.54386 0.01
r 159.2 0.01 2 9.67421 0.01
r 159.4 0.01 2 9.80492 0.01
r 159.6 0.01 2 9.93533 0.01
r 159.8 0.01 2 10.0658 0.01
r 160 0.01 2 10.1965 0.01
r 160.2 0.01 2 10.3274 0.01
r 160.4 0.01 2 10.4584 0.01
r 160.6 0.01 2 10.5894 0.01
r 160.8 0.01 2 10.7203 0.01
r 161 0.01 2 10.8513 0.01
r 161.2 0.01 2 10.9824 0.01
r 161.4 0.01 2 11.1136 0.01
r 161.6 0.01 2 11.2447 0.01
r 161.8 0.01 2 11.3759 0.01
r 162 0.01 2 11.5071 0.01
r 162.2 0.01 2 11.6385 0.01
r 162.4 0.01 2 11.7699 0.01
r 162.6 0.01 2 11.9014 0.01
r 162.8 0.01 2 12.033 0.01
r 163 0.01 2 12.1644 0.01
r 163.2 0.01 2 12.2959 0.01
r 163.4 0.01 2 12.4274 0.01
r 163.6 0.01 2 12.5591 0.01
r 163.8 0.01 2 12.6908 0.01
r 164 0.01 2 12.8227 0.01
r 164.2 0.01 2 12.9546 0.01
r 164.4 0.01 2 13.0862 0.01
r 164.6 0.01 2 13.2181 0.01
r 164.8 0.01 2 13.3499 0.01
r 165 0.01 2 13.4814 0.01
r 105 0.01 3 27.0062 0.01
r 105.2 0.01 3 26.8834 0.01
r 105.4 0.01 3 26.7607 0.01
r 105.6 0.01 3 26.638 0.01
r 105.8 0.01 3 26.5153 0.01
r 106 0.01 3 26.3927 0.01
r 106.2 0.01 3 26.27 0.01
r 106.4 0.01 3 26.1475 0.01
r 106.6 0.01 3 26.025 0.01
r 106.8 0.01 3 25.9029 0.01
r 107 0.01 3 25.7805 0.01
r 107.2 0.01 3 25.6586 0.01
r 107.4 0.01 3 25.5369 0.01
r 107.6 0.01 3 25.4159 0.01
r 107.8 0.01 3 25.295 0.01
r 108 0.01 3 25.1741 0.01
r 108.2 0.01 3 25.0477 0.01
r 108.4 0.01 3 24.9269 0.01
r 108.6 0.01 3 24.8063 0.01
r 108.8 0.01 3 24.6859 0.01
r 109 0.01 3 24.566 0.01
r 109.2 0.01 3 24.4463 0.01
r 109.4 0.01 3 24.3261 0.01
r 109.6 0.01 3 24.2069 0.01
r 109.8 0.01 3 24.0872 0.01
r 110 0.01 3 23.968 0.01
r 110.2 0.01 3 23.8491 0.01
r 110.4 0.01 3 23.7298 0.01
r 110.6 0.01 3 23.6111 0.01
r 110.8 0.01 3 23.4929 0.01
r 111 0.01 3 23.3406 0.01
r 111.2 0.01 3 23.2204 0.01
r 111.4 0.01 3 23.1009 0.01
r 111.6 0.01 3 22.9812 0.01
r 111.8 0.01 3 22.8615 0.01
r 112 0.01 3 22.7427 0.01
r 112.2 0.01 3 22.623 0.01
r 112.4 0.01 3 22.504 0.01
r 112.6 0.01 3 22.3849 0.01
r 112.8 0.01 3 22.2658 0.01
r 113 0.01 3 22.1455 0.01
r 113.2 0.01 3 22.027 0.01
r 113.4 0.01 3 21.9089 0.01
r 113.6 0.01 3 21.7908 0.01
r 113.8 0.01 3 21.6732 0.01
r 114 0.01 3 21.5569 0.01
r 114.2 0.01 3 21.4393 0.01
r 114.4 0.01 3 21.3227 0.01
r 114.6 0.01 3 21.207 0.01
r 114.8 0.01 3 21.0919 0.01
r 115 0.01 3 20.9785 0.01
r 115.2 0.01 3 20.8285 0.01
r 115.4 0.01 3 20.714 0.01
r 115.6 0.01 3 20.5669 0.01
r 115.8 0.01 3 20.4506 0.01
r 116 0.01 3 20.2876 0.01
r 116.2 0.01 3 20.2129 0.01
r 116.4 0.01 3 20.0459 0.01
r 116.6 0.01 3 19.9758 0.01
r 116.8 0.01 3 19.7941 0.01
r 117 0.01 3 19.6677 0.01
r 117.2 0.01 3 19.5426 0.01
r 117.4 0.01 3 19.446 0.01
r 117.6 0.01 3 19.4682 0.01
r 117.8 0.01 3 19.1655 0.01
r 118 0.01 3 19.0504 0.01
r 118.2 0.01 3 18.9193 0.01
r 118.4 0.01 3 18.9777 0.01
r 118.6 0.01 3 18.6762 0.01
r 118.8 0.01 3 18.6916 0.01
r 119 0.01 3 18.4378 0.01
r 119.2 0.01 3 18.3087 0.01
r 119.4 0.01 3 18.18 0.01
r 119.6 0.01 3 18.051 0.01
r 119.8 0.01 3 17.9222 0.01
r 120 0.01 3 17.7936 0.01
r 120.2 0.01 3 17.6652 0.01
r 120.4 0.01 3 17.5369 0.01
r 120.6 0.01 3 17.4086 0.01
r 120.8 0.01 3 17.2805 0.01
r 121 0.01 3 17.2048 0.01
r 121.2 0.01 3 17.0748 0.01
r 121.4 0.01 3 16.9444 0.01
r 121.6 0.01 3 16.8149 0.01
r 121.8 0.01 3 16.6851 0.01
r 122 0.01 3 16.5462 0.01
r 122.2 0.01 3 16.4262 0.01
r 122.4 0.01 3 16.2974 0.01
r 122.6 0.01 3 16.1619 0.01
r 122.8 0.01 3 16.0374 0.01
r 123 0.01 3 15.9266 0.01
r 123.2 0.01 3 15.7878 0.01
r 123.4 0.01 3 15.6692 0.01
r 123.6 0.01 3 15.5407 0.01
r 123.8 0.01 3 15.4143 0.01
r 124 0.01 3 15.2763 0.01
r 124.2 0.01 3 15.15 0.01
r 124.4 0.01 3 15.0303 0.01
r 124.6 0.01 3 14.8974 0.01
r 124.8 0.01 3 14.7761 0.01
r 125 0.01 3 14.653 0.01
r 125.2 0.01 3 14.528 0.01
r 125.4 0.01 3 14.4019 0.01
r 125.6 0.01 3 14.2766 0.01
r 125.8 0.01 3 14.1524 0.01
r 126 0.01 3 14.028 0.01
r 126.2 0.01 3 13.904 0.01
r 126.4 0.01 3 13.7811 0.01
r 126.6 0.01 3 13.6588 0.01
r 126.8 0.01 3 13.5372 0.01
r 127 0.01 3 13.417 0.01
r 127.2 0.01 3 13.2961 0.01
r 127.4 0.01 3 13.1761 0.01
r 127.6 0.01 3 13.0562 0.01
r 127.8 0.01 3 12.937 0.01
r 128 0.01 3 12.8183 0.01
r 128.2 0.01 3 12.7001 0.01
r 128.4 0.01 3 12.5853 0.01
r 128.6 0.01 3 12.4703 0.01
r 128.8 0.01 3 12.355 0.01
r 129 0.01 3 12.2439 0.01
r 129.2 0.01 3 12.1328 0.01
r 129.4 0.01 3 12.007 0.01
r 129.6 0.01 3 11.9179 0.01
r 129.8 0.01 3 11.8103 0.01
r 130 0.01 3 11.6662 0.01
r 130.2 0.01 3 11.561 0.01
r 130.4 0.01 3 11.4554 0.01
r 130.6 0.01 3 11.3432 0.01
r 130.8 0.01 3 11.2305 0.01
r 131 0.01 3 11.1181 0.01
r 131.2 0.01 3 11.0146 0.01
r 131.4 0.01 3 10.9095 0.01
r 131.6 0.01 3 10.8156 0.01
r 131.8 0.01 3 10.7197 0.01
r 132 0.01 3 10.605 0.01
r 132.2 0.01 3 10.4972 0.01
r 132.4 0.01 3 10.4016 0.01
r 132.6 0.01 3 10.3145 0.01
r 132.8 0.01 3 10.2072 0.01
r 133 0.01 3 10.1289 0.01
r 133.2 0.01 3 10.0749 0.01
r 133.4 0.01 3 9.95025 0.01
r 133.6 0.01 3 9.8728 0.01
r 133.8 0.01 3 9.79097 0.01
r 134 0.01 3 9.59414 0.01
r 134.2 0.01 3 9.52585 0.01
r 134.4 0.01 3 9.38952 0.01
r 134.6 0.01 3 9.18411 0.01
r 134.8 0.01 3 9.08713 0.01
r 135 0.01 3 9.08237 0.01
r 135.2 0.01 3 8.94373 0.01
r 135.4 0.01 3 8.84964 0.01
r 135.6 0.01 3 8.74852 0.01
r 135.8 0.01 3 8.66533 0.01
r 136 0.01 3 8.64899 0.01
r 136.2 0.01 3 8.4205 0.01
r 136.4 0.01 3 8.33349 0.01
r 136.6 0.01 3 8.23013 0.01
r 136.8 0.01 3 8.13852 0.01
r 137 0.01 3 8.03687 0.01
r 137.2 0.01 3 7.94296 0.01
r 137.4 0.01 3 7.85929 0.01
r 137.6 0.01 3 7.77179 0.01
r 137.8 0.01 3 7.69215 0.01
r 138 0.01 3 7.61524 0.01
r 138.2 0.01 3 7.52853 0.01
r 138.4 0.01 3 7.45183 0.01
r 138.6 0.01 3 7.3641 0.01
r 138.8 0.01 3 7.28663 0.01
r 139 0.01 3 7.2446 0.01
r 139.2 0.01 3 7.14256 0.01
r 139.4 0.01 3 7.06433 0.01
r 139.6 0.01 3 6.99762 0.01
r 139.8 0.01 3 6.92727 0.01
r 140 0.01 3 6.86155 0.01
r 140.2 0.01 3 6.85222 0.01
r 140.4 0.01 3 6.73533 0.01
r 140.6 0.01 3 6.67571 0.01
r 140.8 0.01 3 6.61976 0.01
r 141 0.01 3 6.56454 0.01
r 141.2 0.01 3 6.51209 0.01
r 141.4 0.01 3 6.46033 0.01
r 141.6 0.01 3 6.412 0.01
r 141.8 0.01 3 6.36658 0.01
r 142 0.01 3 6.53722 0.01
r 142.2 0.01 3 6.28217 0.01
r 142.4 0.01 3 6.24394 0.01
r 142.6 0.01 3 6.20709 0.01
r 142.8 0.01 3 6.1742 0.01
r 143 0.01 3 6.14411 0.01
r 143.2 0.01 3 6.11618 0.01
r 143.4 0.01 3 6.09134 0.01
r 143.6 0.01 3 6.06901 0.01
r 143.8 0.01 3 6.0501 0.01
r 144 0.01 3 6.03326 0.01
r 144.2 0.01 3 6.01953 0.01
r 144.4 0.01 3 6.00879 0.01
r 144.6 0.01 3 6.00193 0.01
r 144.8 0.01 3 5.9981 0.01
r 145 0.01 3 5.99667 0.01
r 145.2 0.01 3 5.99678 0.01
r 145.4 0.01 3 6.00063 0.01
r 145.6 0.01 3 6.00791 0.01
r 145.8 0.01 3 6.01814 0.01
r 146 0.01 3 6.03141 0.01
r 146.2 0.01 3 6.0475 0.01
r 146.4 0.01 3 6.06668 0.01
r 146.6 0.01 3 6.09427 0.01
r 146.8 0.01 3 6.11468 0.01
r 147 0.01 3 6.14161 0.01
r 147.2 0.01 3 6.172 0.01
r 147.4 0.01 3 6.20563 0.01
r 147.6 0.01 3 6.24056 0.01
r 147.8 0.01 3 6.27853 0.01
r 148 0.01 3 6.31992 0.01
r 148.2 0.01 3 6.36286 0.01
r 148.4 0.01 3 6.40902 0.01
r 148.6 0.01 3 6.4579 0.01
r 148.8 0.01 3 6.50828 0.01
r 149 0.01 3 6.56205 0.01
r 149.2 0.01 3 6.62005 0.01
r 149.4 0.01 3 6.677 0.01
r 149.6 0.01 3 6.73532 0.01
r 149.8 0.01 3 6.79616 0.01
r 150 0.01 3 6.85957 0.01
r 150.2 0.01 3 6.92598 0.01
r 150.4 0.01 3 6.99449 0.01
r 150.6 0.01 3 7.06205 0.01
r 150.8 0.01 3 7.13909 0.01
r 151 0.01 3 7.21303 0.01
r 151.2 0.01 3 7.28582 0.01
r 151.4 0.01 3 7.36157 0.01
r 151.6 0.01 3 7.43814 0.01
r 151.8 0.01 3 7.52618 0.01
r 152 0.01 3 7.60262 0.01
r 152.2 0.01 3 7.68063 0.01
r 152.4 0.01 3 7.77057 0.01
r 152.6 0.01 3 7.85451 0.01
r 152.8 0.01 3 7.93908 0.01
r 153 0.01 3 8.03176 0.01
r 153.2 0.01 3 8.13977 0.01
r 153.4 0.01 3 8.22835 0.01
r 153.6 0.01 3 8.31012 0.01
r 153.8 0.01 3 8.47838 0.01
r 154 0.01 3 8.56554 0.01
r 154.2 0.01 3 8.62538 0.01
r 154.4 0.01 3 8.6922 0.01
r 154.6 0.01 3 8.79545 0.01
r 154.8 0.01 3 8.88869 0.01
r 155 0.01 3 9.00255 0.01
r 155.2 0.01 3 9.08591 0.01
r 155.4 0.01 3 9.18965 0.01
r 155.6 0.01 3 9.29262 0.01
r 155.8 0.01 3 9.40505 0.01
r 156 0.01 3 9.49456 0.01
r 156.2 0.01 3 9.5996 0.01
r 156.4 0.01 3 9.91653 0.01
r 156.6 0.01 3 9.87856 0.01
r 156.8 0.01 3 10.0124 0.01
r 157 0.01 3 10.17 0.01
r 157.2 0.01 3 10.2603 0.01
r 157.4 0.01 3 10.3278 0.01
r 157.6 0.01 3 10.4188 0.01
r 157.8 0.01 3 10.5247 0.01
r 158 0.01 3 10.6129 0.01
r 158.2 0.01 3 10.7454 0.01
r 158.4 0.01 3 10.8136 0.01
r 158.6 0.01 3 10.909 0.01
r 158.8 0.01 3 11.051 0.01
r 159 0.01 3 11.1879 0.01
r 159.2 0.01 3 11.2553 0.01
r 159.4 0.01 3 11.3702 0.01
r 159.6 0.01 3 11.4918 0.01
r 159.8 0.01 3 11.5959 0.01
r 160 0.01 3 11.7016 0.01
r 160.2 0.01 3 11.8094 0.01
r 160.4 0.01 3 11.9187 0.01
r 160.6 0.01 3 12.0291 0.01
r 160.8 0.01 3 12.1414 0.01
r 161 0.01 3 12.3209 0.01
r 161.2 0.01 3 12.4234 0.01
r 161.4 0.01 3 12.5239 0.01
r 161.6 0.01 3 12.6445 0.01
r 161.8 0.01 3 12.7508 0.01
r 162 0.01 3 12.8524 0.01
r 162.2 0.01 3 12.9663 0.01
r 162.4 0.01 3 13.0784 0.01
r 162.6 0.01 3 13.1916 0.01
r 162.8 0.01 3 13.3061 0.01
r 163 0.01 3 13.4251 0.01
r 163.2 0.01 3 13.5441 0.01
r 163.4 0.01 3 13.6607 0.01
r 163.6 0.01 3 13.7781 0.01
r 163.8 0.01 3 13.8964 0.01
r 164 0.01 3 14.0154 0.01
r 164.2 0.01 3 14.135 0.01
r 164.4 0.01 3 14.2554 0.01
r 164.6 0.01 3 14.3764 0.01
r 164.8 0.01 3 14.498 0.01
r 165 0.01 3 14.636 0.01
r 165.2 0.01 3 14.7535 0.01
r 165.4 0.01 3 14.8716 0.01
r 165.6 0.01 3 14.9908 0.01
r 165.8 0.01 3 15.1107 0.01
r 166 0.01 3 15.2322 0.01
r 166.2 0.01 3 15.3535 0.01
r 166.4 0.01 3 15.4755 0.01
r 166.6 0.01 3 15.5979 0.01
r 166.8 0.01 3 15.7207 0.01
r 167 0.01 3 15.8456 0.01
r 167.2 0.01 3 15.9686 0.01
r 167.4 0.01 3 16.0922 0.01
r 167.6 0.01 3 16.216 0.01
r 167.8 0.01 3 16.3404 0.01
r 168 0.01 3 16.4651 0.01
r 168.2 0.01 3 16.5901 0.01
r 168.4 0.01 3 16.7156 0.01
r 168.6 0.01 3 16.8413 0.01
r 168.8 0.01 3 16.9673 0.01
r 169 0.01 3 17.0912 0.01
r 169.2 0.01 3 17.2173 0.01
r 169.4 0.01 3 17.3436 0.01
r 169.6 0.01 3 17.4702 0.01
r 169.8 0.01 3 17.5969 0.01
r 170 0.01 3 17.7242 0.01
r 170.2 0.01 3 17.8514 0.01
r 170.4 0.01 3 17.9789 0.01
r 170.6 0.01 3 18.1067 0.01
r 170.8 0.01 3 18.2326 0.01
r 171 0.01 3 18.3467 0.01
r 171.2 0.01 3 18.4735 0.01
r 171.4 0.01 3 18.6005 0.01
r 171.6 0.01 3 18.7277 0.01
r 171.8 0.01 3 18.8552 0.01
r 172 0.01 3 18.9829 0.01
r 172.2 0.01 3 19.1107 0.01
r 172.4 0.01 3 19.2387 0.01
r 172.6 0.01 3 19.367 0.01
r 172.8 0.01 3 19.4954 0.01
r 173 0.01 3 19.622 0.01
r 173.2 0.01 3 19.7504 0.01
r 173.4 0.01 3 19.8788 0.01
r 173.6 0.01 3 20.0075 0.01
r 173.8 0.01 3 20.1364 0.01
r 174 0.01 3 20.2653 0.01
r 174.2 0.01 3 20.3943 0.01
r 174.4 0.01 3 20.5238 0.01
r 174.6 0.01 3 20.6531 0.01
r 174.8 0.01 3 20.7826 0.01
r 175 0.01 3 20.9061 0.01
r 175.2 0.01 3 21.0348 0.01
r 175.4 0.01 3 21.1637 0.01
r 175.6 0.01 3 21.2927 0.01
r 175.8 0.01 3 21.4217 0.01
r 176 0.01 3 21.5509 0.01
r 176.2 0.01 3 21.6803 0.01
r 176.4 0.01 3 21.8098 0.01
r 176.6 0.01 3 21.9395 0.01
r 176.8 0.01 3 22.0693 0.01
r 177 0.01 3 22.1981 0.01
r 177.2 0.01 3 22.3279 0.01
r 177.4 0.01 3 22.4583 0.01
r 177.6 0.01 3 22.5881 0.01
r 177.8 0.01 3 22.718 0.01
r 178 0.01 3 22.848 0.01
r 178.2 0.01 3 22.9782 0.01
r 178.4 0.01 3 23.1084 0.01
r 178.6 0.01 3 23.2388 0.01
r 178.8 0.01 3 23.3693 0.01
r 179 0.01 3 23.4589 0.01
r 179.2 0.01 3 23.5878 0.01
r 179.4 0.01 3 23.7173 0.01
r 179.6 0.01 3 23.8463 0.01
r 179.8 0.01 3 23.9756 0.01
r 180 0.01 3 24.1051 0.01
r 180.2 0.01 3 24.2345 0.01
r 180.4 0.01 3 24.364 0.01
r 180.6 0.01 3 24.4938 0.01
r 180.8 0.01 3 24.6237 0.01
r 181 0.01 3 24.7534 0.01
r 181.2 0.01 3 24.8835 0.01
r 181.4 0.01 3 25.0136 0.01
r 181.6 0.01 3 25.1438 0.01
r 181.8 0.01 3 25.2741 0.01
r 182 0.01 3 25.4046 0.01
r 182.2 0.01 3 25.535 0.01
r 182.4 0.01 3 25.6654 0.01
r 182.6 0.01 3 25.7959 0.01
r 182.8 0.01 3 25.9266 0.01
r 183 0.01 3 26.0382 0.01
r 183.2 0.01 3 26.1681 0.01
r 183.4 0.01 3 26.2982 0.01
r 183.6 0.01 3 26.4283 0.01
r 183.8 0.01 3 26.5585 0.01
r 184 0.01 3 26.6889 0.01
r 184.2 0.01 3 26.8193 0.01
r 184.4 0.01 3 26.9497 0.01
r 184.6 0.01 3 27.0803 0.01
r 184.8 0.01 3 27.2109 0.01
r 185 0.01 3 27.332 0.01
