10
s 55 3 602
r 35 0.01 2 13.4816 0.01
r 35.2 0.01 2 13.3497 0.01
r 35.4 0.01 2 13.2179 0.01
r 35.6 0.01 2 13.0862 0.01
r 35.8 0.01 2 12.9544 0.01
r 36 0.01 2 12.8228 0.01
r 36.2 0.01 2 12.6911 0.01
r 36.4 0.01 2 12.5594 0.01
r 36.6 0.01 2 12.4277 0.01
r 36.8 0.01 2 12.296 0.01
r 37 0.01 2 12.1644 0.01
r 37.2 0.01 2 12.033 0.01
r 37.4 0.01 2 11.9015 0.01
r 37.6 0.01 2 11.7701 0.01
r 37.8 0.01 2 11.6387 0.01
r 38 0.01 2 11.5074 0.01
r 38.2 0.01 2 11.3762 0.01
r 38.4 0.01 2 11.2452 0.01
r 38.6 0.01 2 11.1138 0.01
r 38.8 0.01 2 10.9825 0.01
r 39 0.01 2 10.8513 0.01
r 39.2 0.01 2 10.7203 0.01
r 39.4 0.01 2 10.5894 0.01
r 39.6 0.01 2 10.4585 0.01
r 39.8 0.01 2 10.3276 0.01
r 40 0.01 2 10.1968 0.01
r 40.2 0.01 2 10.0662 0.01
r 40.4 0.01 2 9.93556 0.01
r 40.6 0.01 2 9.80501 0.01
r 40.8 0.01 2 9.67437 0.01
r 41 0.01 2 9.54399 0.01
r 41.2 0.01 2 9.41368 0.01
r 41.4 0.01 2 9.28346 0.01
r 41.6 0.01 2 9.15331 0.01
r 41.8 0.01 2 9.02326 0.01
r 42 0.01 2 8.89327 0.01
r 42.2 0.01 2 8.76335 0.01
r 42.4 0.01 2 8.63394 0.01
r 42.6 0.01 2 8.50421 0.01
r 42.8 0.01 2 8.37441 0.01
r 43 0.01 2 8.24487 0.01
r 43.2 0.01 2 8.11546 0.01
r 43.4 0.01 2 7.98621 0.01
r 43.6 0.01 2 7.85712 0.01
r 43.8 0.01 2 7.72821 0.01
r 44 0.01 2 7.6006 0.01
r 44.2 0.01 2 7.47171 0.01
r 44.4 0.01 2 7.34314 0.01
r 44.6 0.01 2 7.21465 0.01
r 44.8 0.01 2 7.08628 0.01
r 45 0.01 2 6.95892 0.01
r 45.2 0.01 2 6.83098 0.01
r 45.4 0.01 2 6.70345 0.01
r 45.6 0.01 2 6.57641 0.01
r 45.8 0.01 2 6.45 0.01
r 46 0.01 2 6.32253 0.01
r 46.2 0.01 2 6.19628 0.01
r 46.4 0.01 2 6.07035 0.01
r 46.6 0.01 2 5.94425 0.01
r 46.8 0.01 2 5.8188 0.01
r 47 0.01 2 5.69376 0.01
r 47.2 0.01 2 5.56904 0.01
r 47.4 0.01 2 5.44483 0.01
r 47.6 0.01 2 5.32091 0.01
r 47.8 0.01 2 5.19764 0.01
r 48 0.01 2 5.07467 0.01
r 48.2 0.01 2 4.95239 0.01
r 48.4 0.01 2 4.83066 0.01
r 48.6 0.01 2 4.70959 0.01
r 48.8 0.01 2 4.58926 0.01
r 49 0.01 2 4.46935 0.01
r 49.2 0.01 2 4.35031 0.01
r 49.4 0.01 2 4.23252 0.01
r 49.6 0.01 2 4.11516 0.01
r 49.8 0.01 2 3.99923 0.01
r 50 0.01 2 3.88422 0.01
r 50.2 0.01 2 3.77099 0.01
r 50.4 0.01 2 3.65948 0.01
r 50.6 0.01 2 3.54679 0.01
r 50.8 0.01 2 3.43726 0.01
r 51 0.01 2 3.33075 0.01
r 51.2 0.01 2 3.22463 0.01
r 51.4 0.01 2 3.12068 0.01
r 51.6 0.01 2 3.01924 0.01
r 51.8 0.01 2 2.92058 0.01
r 52 0.01 2 2.82441 0.01
r 52.2 0.01 2 2.73165 0.01
r 52.4 0.01 2 2.6423 0.01
r 52.6 0.01 2 2.55693 0.01
r 52.8 0.01 2 2.47558 0.01
r 53 0.01 2 2.39939 0.01
r 53.2 0.01 2 2.32803 0.01
r 53.4 0.01 2 2.26214 0.01
r 53.6 0.01 2 2.20212 0.01
r 53.8 0.01 2 2.14849 0.01
r 54 0.01 2 2.10298 0.01
r 54.2 0.01 2 2.06502 0.01
r 54.4 0.01 2 2.03526 0.01
r 54.6 0.01 2 2.01401 0.01
r 54.8 0.01 2 2.00067 0.01
r 55 0.01 2 1.99585 0.01
r 55.2 0.01 2 2.00029 0.01
r 55.4 0.01 2 2.01273 0.01
r 55.6 0.01 2 2.03335 0.01
r 55.8 0.01 2 2.06357 0.01
r 56 0.01 2 2.10201 0.01
r 56.2 0.01 2 2.14797 0.01
r 56.4 0.01 2 2.20112 0.01
r 56.6 0.01 2 2.26094 0.01
r 56.8 0.01 2 2.32714 0.01
r 57 0.01 2 2.39845 0.01
r 57.2 0.01 2 2.47517 0.01
r 57.4 0.01 2 2.55648 0.01
r 57.6 0.01 2 2.6418 0.01
r 57.8 0.01 2 2.73119 0.01
r 58 0.01 2 2.82398 0.01
r 58.2 0.01 2 2.91987 0.01
r 58.4 0.01 2 3.01891 0.01
r 58.6 0.01 2 3.12036 0.01
r 58.8 0.01 2 3.224 0.01
r 59 0.01 2 3.32962 0.01
r 59.2 0.01 2 3.43737 0.01
r 59.4 0.01 2 3.54681 0.01
r 59.6 0.01 2 3.65775 0.01
r 59.8 0.01 2 3.77017 0.01
r 60 0.01 2 3.88398 0.01
r 60.2 0.01 2 3.99897 0.01
r 60.4 0.01 2 4.11513 0.01
r 60.6 0.01 2 4.23229 0.01
r 60.8 0.01 2 4.3504 0.01
r 61 0.01 2 4.47142 0.01
r 61.2 0.01 2 4.58922 0.01
r 61.4 0.01 2 4.70967 0.01
r 61.6 0.01 2 4.83193 0.01
r 61.8 0.01 2 4.9528 0.01
r 62 0.01 2 5.07469 0.01
r 62.2 0.01 2 5.19757 0.01
r 62.4 0.01 2 5.32102 0.01
r 62.6 0.01 2 5.44489 0.01
r 62.8 0.01 2 5.56953 0.01
r 63 0.01 2 5.69507 0.01
r 63.2 0.01 2 5.81969 0.01
r 63.4 0.01 2 5.94489 0.01
r 63.6 0.01 2 6.07049 0.01
r 63.8 0.01 2 6.19624 0.01
r 64 0.01 2 6.32254 0.01
r 64.2 0.01 2 6.44921 0.01
r 64.4 0.01 2 6.57616 0.01
r 64.6 0.01 2 6.70335 0.01
r 64.8 0.01 2 6.83081 0.01
r 65 0.01 2 6.95835 0.01
r 65.2 0.01 2 7.08625 0.01
r 65.4 0.01 2 7.21422 0.01
r 65.6 0.01 2 7.34265 0.01
r 65.8 0.01 2 7.47087 0.01
r 66 0.01 2 7.59946 0.01
r 66.2 0.01 2 7.72819 0.01
r 66.4 0.01 2 7.85709 0.01
r 66.6 0.01 2 7.98614 0.01
r 66.8 0.01 2 8.11531 0.01
r 67 0.01 2 8.24468 0.01
r 67.2 0.01 2 8.37407 0.01
r 67.4 0.01 2 8.50363 0.01
r 67.6 0.01 2 8.6333 0.01
r 67.8 0.01 2 8.76309 0.01
r 68 0.01 2 8.8936 0.01
r 68.2 0.01 2 9.02376 0.01
r 68.4 0.01 2 9.1535 0.01
r 68.6 0.01 2 9.28346 0.01
r 68.8 0.01 2 9.41361 0.01
r 69 0.01 2 9.54385 0.01
r 69.2 0.01 2 9.67431 0.01
r 69.4 0.01 2 9.80491 0.01
r 69.6 0.01 2 9.93554 0.01
r 69.8 0.01 2 10.0663 0.01
r 70 0.01 2 10.197 0.01
r 70.2 0.01 2 10.3276 0.01
r 70.4 0.01 2 10.4584 0.01
r 70.6 0.01 2 10.5893 0.01
r 70.8 0.01 2 10.7203 0.01
r 71 0.01 2 10.8514 0.01
r 71.2 0.01 2 10.9824 0.01
r 71.4 0.01 2 11.1136 0.01
r 71.6 0.01 2 11.2449 0.01
r 71.8 0.01 2 11.3764 0.01
r 72 0.01 2 11.5076 0.01
r 72.2 0.01 2 11.6388 0.01
r 72.4 0.01 2 11.7701 0.01
r 72.6 0.01 2 11.9015 0.01
r 72.8 0.01 2 12.0329 0.01
r 73 0.01 2 12.1645 0.01
r 73.2 0.01 2 12.296 0.01
r 73.4 0.01 2 12.4276 0.01
r 73.6 0.01 2 12.5593 0.01
r 73.8 0.01 2 12.6914 0.01
r 74 0.01 2 12.8229 0.01
r 74.2 0.01 2 12.9545 0.01
r 74.4 0.01 2 13.0862 0.01
r 74.6 0.01 2 13.2179 0.01
r 74.8 0.01 2 13.3497 0.01
r 75 0.01 2 13.4815 0.01
r 15 0.01 3 27.345 0.03
r 15.2 0.01 3 27.2141 0.03
r 15.4 0.01 3 27.0833 0.03
r 15.6 0.01 3 26.9525 0.03
r 15.8 0.01 3 26.823 0.03
r 16 0.01 3 26.6925 0.03
r 16.2 0.01 3 26.562 0.03
r 16.4 0.01 3 26.4319 0.03
r 16.6 0.01 3 26.3019 0.03
r 16.8 0.01 3 26.1717 0.03
r 17 0.01 3 26.0625 0.03
r 17.2 0.01 3 25.9317 0.03
r 17.4 0.01 3 25.801 0.03
r 17.6 0.01 3 25.6703 0.03
r 17.8 0.01 3 25.5397 0.03
r 18 0.01 3 25.4092 0.03
r 18.2 0.01 3 25.2788 0.03
r 18.4 0.01 3 25.1484 0.03
r 18.6 0.01 3 25.0181 0.03
r 18.8 0.01 3 24.8878 0.03
r 19 0.01 3 24.7953 0.03
r 19.2 0.01 3 24.6642 0.03
r 19.4 0.01 3 24.5528 0.03
r 19.6 0.01 3 24.4216 0.03
r 19.8 0.01 3 24.2723 0.03
r 20 0.01 3 24.1416 0.03
r 20.2 0.01 3 24.0109 0.03
r 20.4 0.01 3 23.8987 0.03
r 20.6 0.01 3 23.7498 0.03
r 20.8 0.01 3 23.6199 0.03
r 21 0.01 3 23.5125 0.03
r 21.2 0.01 3 23.3812 0.03
r 21.4 0.01 3 23.2501 0.03
r 21.6 0.01 3 23.1191 0.03
r 21.8 0.01 3 22.9883 0.03
r 22 0.01 3 22.8578 0.03
r 22.2 0.01 3 22.7271 0.03
r 22.4 0.01 3 22.5967 0.03
r 22.6 0.01 3 22.4672 0.03
r 22.8 0.01 3 22.3359 0.03
r 23 0.01 3 22.2372 0.03
r 23.2 0.01 3 22.1059 0.03
r 23.4 0.01 3 21.9755 0.03
r 23.6 0.01 3 21.8447 0.03
r 23.8 0.01 3 21.714 0.03
r 24 0.01 3 21.5834 0.03
r 24.2 0.01 3 21.4528 0.03
r 24.4 0.01 3 21.3224 0.03
r 24.6 0.01 3 21.192 0.03
r 24.8 0.01 3 21.0613 0.03
r 25 0.01 3 21.0257 0.03
r 25.2 0.01 3 20.8928 0.03
r 25.4 0.01 3 20.7633 0.03
r 25.6 0.01 3 20.6328 0.03
r 25.8 0.01 3 20.5016 0.03
r 26 0.01 3 20.3755 0.03
r 26.2 0.01 3 20.2407 0.03
r 26.4 0.01 3 20.1101 0.03
r 26.6 0.01 3 19.9797 0.03
r 26.8 0.01 3 19.849 0.03
r 27 0.01 3 19.7599 0.03
r 27.2 0.01 3 19.6464 0.03
r 27.4 0.01 3 19.5156 0.03
r 27.6 0.01 3 19.3849 0.03
r 27.8 0.01 3 19.2542 0.03
r 28 0.01 3 19.1236 0.03
r 28.2 0.01 3 18.9931 0.03
r 28.4 0.01 3 18.8626 0.03
r 28.6 0.01 3 18.7322 0.03
r 28.8 0.01 3 18.6019 0.03
r 29 0.01 3 18.5361 0.03
r 29.2 0.01 3 18.4055 0.03
r 29.4 0.01 3 18.2751 0.03
r 29.6 0.01 3 18.1446 0.03
r 29.8 0.01 3 18.0143 0.03
r 30 0.01 3 17.884 0.03
r 30.2 0.01 3 17.7571 0.03
r 30.4 0.01 3 17.6269 0.03
r 30.6 0.01 3 17.4967 0.03
r 30.8 0.01 3 17.3667 0.03
r 31 0.01 3 17.345 0.03
r 31.2 0.01 3 17.2142 0.03
r 31.4 0.01 3 17.0837 0.03
r 31.6 0.01 3 16.9532 0.03
r 31.8 0.01 3 16.8224 0.03
r 32 0.01 3 16.6839 0.03
r 32.2 0.01 3 16.5623 0.03
r 32.4 0.01 3 16.4311 0.03
r 32.6 0.01 3 16.2946 0.03
r 32.8 0.01 3 16.1714 0.03
r 33 0.01 3 16.0867 0.03
r 33.2 0.01 3 15.9271 0.03
r 33.4 0.01 3 15.8219 0.03
r 33.6 0.01 3 15.696 0.03
r 33.8 0.01 3 15.5621 0.03
r 34 0.01 3 15.4324 0.03
r 34.2 0.01 3 15.3068 0.03
r 34.4 0.01 3 15.1765 0.03
r 34.6 0.01 3 15.0481 0.03
r 34.8 0.01 3 14.9201 0.03
r 35 0.01 3 14.8081 0.03
r 35.2 0.01 3 14.6909 0.03
r 35.4 0.01 3 14.5519 0.03
r 35.6 0.01 3 14.4208 0.03
r 35.8 0.01 3 14.3144 0.03
r 36 0.01 3 14.212 0.03
r 36.2 0.01 3 14.0503 0.03
r 36.4 0.01 3 13.9245 0.03
r 36.6 0.01 3 13.7822 0.03
r 36.8 0.01 3 13.6581 0.03
r 37 0.01 3 13.5704 0.03
r 37.2 0.01 3 13.3989 0.03
r 37.4 0.01 3 13.3137 0.03
r 37.6 0.01 3 13.2087 0.03
r 37.8 0.01 3 13.0825 0.03
r 38 0.01 3 12.8929 0.03
r 38.2 0.01 3 12.8308 0.03
r 38.4 0.01 3 12.7041 0.03
r 38.6 0.01 3 12.5789 0.03
r 38.8 0.01 3 12.4542 0.03
r 39 0.01 3 12.3384 0.03
r 39.2 0.01 3 12.2031 0.03
r 39.4 0.01 3 12.0627 0.03
r 39.6 0.01 3 11.9624 0.03
r 39.8 0.01 3 11.84 0.03
r 40 0.01 3 11.7078 0.03
r 40.2 0.01 3 11.5881 0.03
r 40.4 0.01 3 11.4677 0.03
r 40.6 0.01 3 11.3477 0.03
r 40.8 0.01 3 11.2407 0.03
r 41 0.01 3 11.1269 0.03
r 41.2 0.01 3 11.006 0.03
r 41.4 0.01 3 10.8789 0.03
r 41.6 0.01 3 10.7667 0.03
r 41.8 0.01 3 10.6596 0.03
r 42 0.01 3 10.5454 0.03
r 42.2 0.01 3 10.4389 0.03
r 42.4 0.01 3 10.3282 0.03
r 42.6 0.01 3 10.2329 0.03
r 42.8 0.01 3 10.1256 0.03
r 43 0.01 3 10.013 0.03
r 43.2 0.01 3 9.91819 0.03
r 43.4 0.01 3 9.81566 0.03
r 43.6 0.01 3 9.70641 0.03
r 43.8 0.01 3 9.61636 0.03
r 44 0.01 3 9.52046 0.03
r 44.2 0.01 3 9.42697 0.03
r 44.4 0.01 3 9.33522 0.03
r 44.6 0.01 3 9.24109 0.03
r 44.8 0.01 3 9.15337 0.03
r 45 0.01 3 9.03325 0.03
r 45.2 0.01 3 8.97198 0.03
r 45.4 0.01 3 8.84194 0.03
r 45.6 0.01 3 8.71917 0.03
r 45.8 0.01 3 8.67724 0.03
r 46 0.01 3 8.55535 0.03
r 46.2 0.01 3 8.45807 0.03
r 46.4 0.01 3 8.3493 0.03
r 46.6 0.01 3 8.26924 0.03
r 46.8 0.01 3 8.18894 0.03
r 47 0.01 3 8.07198 0.03
r 47.2 0.01 3 7.99393 0.03
r 47.4 0.01 3 7.92495 0.03
r 47.6 0.01 3 7.85318 0.03
r 47.8 0.01 3 7.78954 0.03
r 48 0.01 3 7.73185 0.03
r 48.2 0.01 3 7.68511 0.03
r 48.4 0.01 3 7.61515 0.03
r 48.6 0.01 3 7.59887 0.03
r 48.8 0.01 3 7.50214 0.03
r 49 0.01 3 7.2084 0.03
r 49.2 0.01 3 7.13689 0.03
r 49.4 0.01 3 7.06505 0.03
r 49.6 0.01 3 6.99522 0.03
r 49.8 0.01 3 6.92734 0.03
r 50 0.01 3 6.86225 0.03
r 50.2 0.01 3 6.79914 0.03
r 50.4 0.01 3 6.73782 0.03
r 50.6 0.01 3 6.67803 0.03
r 50.8 0.01 3 6.62112 0.03
r 51 0.01 3 6.56504 0.03
r 51.2 0.01 3 6.50786 0.03
r 51.4 0.01 3 6.45675 0.03
r 51.6 0.01 3 6.40851 0.03
r 51.8 0.01 3 6.36227 0.03
r 52 0.01 3 6.31884 0.03
r 52.2 0.01 3 6.27792 0.03
r 52.4 0.01 3 6.23998 0.03
r 52.6 0.01 3 6.20431 0.03
r 52.8 0.01 3 6.17129 0.03
r 53 0.01 3 6.14029 0.03
r 53.2 0.01 3 6.11297 0.03
r 53.4 0.01 3 6.08773 0.03
r 53.6 0.01 3 6.07304 0.03
r 53.8 0.01 3 6.05021 0.03
r 54 0.01 3 6.03174 0.03
r 54.2 0.01 3 6.01762 0.03
r 54.4 0.01 3 6.0083 0.03
r 54.6 0.01 3 6.004 0.03
r 54.8 0.01 3 6.0027 0.03
r 55 0.01 3 5.99533 0.03
r 55.2 0.01 3 5.99555 0.03
r 55.4 0.01 3 5.99947 0.03
r 55.6 0.01 3 6.00677 0.03
r 55.8 0.01 3 6.01711 0.03
r 56 0.01 3 6.03039 0.03
r 56.2 0.01 3 6.04653 0.03
r 56.4 0.01 3 6.06576 0.03
r 56.6 0.01 3 6.0934 0.03
r 56.8 0.01 3 6.11382 0.03
r 57 0.01 3 6.14038 0.03
r 57.2 0.01 3 6.17081 0.03
r 57.4 0.01 3 6.20387 0.03
r 57.6 0.01 3 6.2393 0.03
r 57.8 0.01 3 6.27762 0.03
r 58 0.01 3 6.3187 0.03
r 58.2 0.01 3 6.36192 0.03
r 58.4 0.01 3 6.40835 0.03
r 58.6 0.01 3 6.45623 0.03
r 58.8 0.01 3 6.50863 0.03
r 59 0.01 3 6.5615 0.03
r 59.2 0.01 3 6.61958 0.03
r 59.4 0.01 3 6.67627 0.03
r 59.6 0.01 3 6.7349 0.03
r 59.8 0.01 3 6.7955 0.03
r 60 0.01 3 6.85899 0.03
r 60.2 0.01 3 6.9256 0.03
r 60.4 0.01 3 6.99397 0.03
r 60.6 0.01 3 7.0619 0.03
r 60.8 0.01 3 7.13562 0.03
r 61 0.01 3 7.21223 0.03
r 61.2 0.01 3 7.28646 0.03
r 61.4 0.01 3 7.36325 0.03
r 61.6 0.01 3 7.4423 0.03
r 61.8 0.01 3 7.52085 0.03
r 62 0.01 3 7.60534 0.03
r 62.2 0.01 3 8.61946 0.03
r 62.4 0.01 3 7.77211 0.03
r 62.6 0.01 3 7.87662 0.03
r 62.8 0.01 3 8.59576 0.03
r 63 0.01 3 8.65725 0.03
r 63.2 0.01 3 8.12753 0.03
r 63.4 0.01 3 8.7181 0.03
r 63.6 0.01 3 8.66157 0.03
r 63.8 0.01 3 8.81865 0.03
r 64 0.01 3 8.78479 0.03
r 64.2 0.01 3 8.91881 0.03
r 64.4 0.01 3 8.98898 0.03
r 64.6 0.01 3 8.98752 0.03
r 64.8 0.01 3 9.12508 0.03
r 65 0.01 3 9.12483 0.03
r 65.2 0.01 3 9.29101 0.03
r 65.4 0.01 3 9.34316 0.03
r 65.6 0.01 3 9.39489 0.03
r 65.8 0.01 3 9.56622 0.03
r 66 0.01 3 9.64349 0.03
r 66.2 0.01 3 9.7508 0.03
r 66.4 0.01 3 9.79991 0.03
r 66.6 0.01 3 10.0772 0.03
r 66.8 0.01 3 10.1327 0.03
r 67 0.01 3 10.2265 0.03
r 67.2 0.01 3 10.2852 0.03
r 67.4 0.01 3 10.4237 0.03
r 67.6 0.01 3 10.5077 0.03
r 67.8 0.01 3 10.6005 0.03
r 68 0.01 3 10.6921 0.03
r 68.2 0.01 3 10.778 0.03
r 68.4 0.01 3 10.882 0.03
r 68.6 0.01 3 10.9861 0.03
r 68.8 0.01 3 11.0856 0.03
r 69 0.01 3 11.1811 0.03
r 69.2 0.01 3 11.2908 0.03
r 69.4 0.01 3 11.3954 0.03
r 69.6 0.01 3 11.5196 0.03
r 69.8 0.01 3 11.615 0.03
r 70 0.01 3 11.711 0.03
r 70.2 0.01 3 11.8357 0.03
r 70.4 0.01 3 11.9512 0.03
r 70.6 0.01 3 12.0681 0.03
r 70.8 0.01 3 12.1584 0.03
r 71 0.01 3 12.2828 0.03
r 71.2 0.01 3 12.4075 0.03
r 71.4 0.01 3 12.5392 0.03
r 71.6 0.01 3 12.6296 0.03
r 71.8 0.01 3 12.749 0.03
r 72 0.01 3 12.8747 0.03
r 72.2 0.01 3 12.9938 0.03
r 72.4 0.01 3 13.113 0.03
r 72.6 0.01 3 13.2488 0.03
r 72.8 0.01 3 13.3527 0.03
r 73 0.01 3 13.4829 0.03
r 73.2 0.01 3 13.6184 0.03
r 73.4 0.01 3 13.7007 0.03
r 73.6 0.01 3 13.8171 0.03
r 73.8 0.01 3 13.9927 0.03
r 74 0.01 3 14.1199 0.03
r 74.2 0.01 3 14.1935 0.03
r 74.4 0.01 3 14.3477 0.03
r 74.6 0.01 3 14.4207 0.03
r 74.8 0.01 3 14.5711 0.03
r 75 0.01 3 14.6829 0.03
r 75.2 0.01 3 14.7945 0.03
r 75.4 0.01 3 14.9119 0.03
r 75.6 0.01 3 15.0499 0.03
r 75.8 0.01 3 15.1879 0.03
r 76 0.01 3 15.361 0.03
r 76.2 0.01 3 15.484 0.03
r 76.4 0.01 3 15.6038 0.03
r 76.6 0.01 3 15.6741 0.03
r 76.8 0.01 3 15.8222 0.03
r 77 0.01 3 15.9324 0.03
r 77.2 0.01 3 16.0728 0.03
r 77.4 0.01 3 16.2155 0.03
r 77.6 0.01 3 16.3465 0.03
r 77.8 0.01 3 16.4657 0.03
r 78 0.01 3 16.6018 0.03
r 78.2 0.01 3 16.7949 0.03
r 78.4 0.01 3 16.9249 0.03
r 78.6 0.01 3 17.055 0.03
r 78.8 0.01 3 17.1853 0.03
r 79 0.01 3 17.2448 0.03
r 79.2 0.01 3 17.3752 0.03
r 79.4 0.01 3 17.473 0.03
r 79.6 0.01 3 17.6094 0.03
r 79.8 0.01 3 17.7431 0.03
r 80 0.01 3 17.8718 0.03
r 80.2 0.01 3 18.0027 0.03
r 80.4 0.01 3 18.1329 0.03
r 80.6 0.01 3 18.2609 0.03
r 80.8 0.01 3 18.3921 0.03
r 81 0.01 3 18.4374 0.03
r 81.2 0.01 3 18.5666 0.03
r 81.4 0.01 3 18.6971 0.03
r 81.6 0.01 3 18.8274 0.03
r 81.8 0.01 3 18.9579 0.03
r 82 0.01 3 19.0881 0.03
r 82.2 0.01 3 19.2182 0.03
r 82.4 0.01 3 19.3488 0.03
r 82.6 0.01 3 19.4796 0.03
r 82.8 0.01 3 19.6102 0.03
r 83 0.01 3 19.6578 0.03
r 83.2 0.01 3 19.7884 0.03
r 83.4 0.01 3 19.9181 0.03
r 83.6 0.01 3 20.048 0.03
r 83.8 0.01 3 20.1787 0.03
r 84 0.01 3 20.3086 0.03
r 84.2 0.01 3 20.4394 0.03
r 84.4 0.01 3 20.5696 0.03
r 84.6 0.01 3 20.7001 0.03
r 84.8 0.01 3 20.831 0.03
r 85 0.01 3 20.9547 0.03
r 85.2 0.01 3 21.1026 0.03
r 85.4 0.01 3 21.2214 0.03
r 85.6 0.01 3 21.344 0.03
r 85.8 0.01 3 21.4654 0.03
r 86 0.01 3 21.5871 0.03
r 86.2 0.01 3 21.7085 0.03
r 86.4 0.01 3 21.8295 0.03
r 86.6 0.01 3 21.9493 0.03
r 86.8 0.01 3 22.0717 0.03
r 87 0.01 3 22.1847 0.03
r 87.2 0.01 3 22.3025 0.03
r 87.4 0.01 3 22.4198 0.03
r 87.6 0.01 3 22.5368 0.03
r 87.8 0.01 3 22.653 0.03
r 88 0.01 3 22.7685 0.03
r 88.2 0.01 3 22.8852 0.03
r 88.4 0.01 3 23.0005 0.03
r 88.6 0.01 3 23.116 0.03
r 88.8 0.01 3 23.232 0.03
r 89 0.01 3 23.3475 0.03
r 89.2 0.01 3 23.4659 0.03
r 89.4 0.01 3 23.5807 0.03
r 89.6 0.01 3 23.6974 0.03
r 89.8 0.01 3 23.8151 0.03
r 90 0.01 3 23.9327 0.03
r 90.2 0.01 3 24.0509 0.03
r 90.4 0.01 3 24.1693 0.03
r 90.6 0.01 3 24.2869 0.03
r 90.8 0.01 3 24.4044 0.03
r 91 0.01 3 24.5249 0.03
r 91.2 0.01 3 24.643 0.03
r 91.4 0.01 3 24.761 0.03
r 91.6 0.01 3 24.8798 0.03
r 91.8 0.01 3 24.9986 0.03
r 92 0.01 3 25.1172 0.03
r 92.2 0.01 3 25.2369 0.03
r 92.4 0.01 3 25.3558 0.03
r 92.6 0.01 3 25.4752 0.03
r 92.8 0.01 3 25.5946 0.03
r 93 0.01 3 25.7139 0.03
r 93.2 0.01 3 25.8338 0.03
r 93.4 0.01 3 25.9534 0.03
r 93.6 0.01 3 26.0734 0.03
r 93.8 0.01 3 26.1927 0.03
r 94 0.01 3 26.3128 0.03
r 94.2 0.01 3 26.4326 0.03
r 94.4 0.01 3 26.5527 0.03
r 94.6 0.01 3 26.6725 0.03
r 94.8 0.01 3 26.7929 0.03
r 95 0.01 3 26.9141 0.03
s 65 3 602
r 45 0.01 2 13.4816 0.01
r 45.2 0.01 2 13.3497 0.01
r 45.4 0.01 2 13.2179 0.01
r 45.6 0.01 2 13.0862 0.01
r 45.8 0.01 2 12.9544 0.01
r 46 0.01 2 12.8228 0.01
r 46.2 0.01 2 12.6911 0.01
r 46.4 0.01 2 12.5594 0.01
r 46.6 0.01 2 12.4277 0.01
r 46.8 0.01 2 12.296 0.01
r 47 0.01 2 12.1644 0.01
r 47.2 0.01 2 12.033 0.01
r 47.4 0.01 2 11.9015 0.01
r 47.6 0.01 2 11.7701 0.01
r 47.8 0.01 2 11.6387 0.01
r 48 0.01 2 11.5074 0.01
r 48.2 0.01 2 11.3762 0.01
r 48.4 0.01 2 11.2452 0.01
r 48.6 0.01 2 11.1138 0.01
r 48.8 0.01 2 10.9825 0.01
r 49 0.01 2 10.8513 0.01
r 49.2 0.01 2 10.7203 0.01
r 49.4 0.01 2 10.5894 0.01
r 49.6 0.01 2 10.4585 0.01
r 49.8 0.01 2 10.3276 0.01
r 50 0.01 2 10.1968 0.01
r 50.2 0.01 2 10.0662 0.01
r 50.4 0.01 2 9.93556 0.01
r 50.6 0.01 2 9.80501 0.01
r 50.8 0.01 2 9.67437 0.01
r 51 0.01 2 9.54399 0.01
r 51.2 0.01 2 9.41368 0.01
r 51.4 0.01 2 9.28346 0.01
r 51.6 0.01 2 9.15331 0.01
r 51.8 0.01 2 9.02326 0.01
r 52 0.01 2 8.89327 0.01
r 52.2 0.01 2 8.76335 0.01
r 52.4 0.01 2 8.63394 0.01
r 52.6 0.01 2 8.50421 0.01
r 52.8 0.01 2 8.37441 0.01
r 53 0.01 2 8.24487 0.01
r 53.2 0.01 2 8.11546 0.01
r 53.4 0.01 2 7.98621 0.01
r 53.6 0.01 2 7.85712 0.01
r 53.8 0.01 2 7.72821 0.01
r 54 0.01 2 7.6006 0.01
r 54.2 0.01 2 7.47171 0.01
r 54.4 0.01 2 7.34314 0.01
r 54.6 0.01 2 7.21465 0.01
r 54.8 0.01 2 7.08628 0.01
r 55 0.01 2 6.95892 0.01
r 55.2 0.01 2 6.83098 0.01
r 55.4 0.01 2 6.70345 0.01
r 55.6 0.01 2 6.57641 0.01
r 55.8 0.01 2 6.45 0.01
r 56 0.01 2 6.32253 0.01
r 56.2 0.01 2 6.19628 0.01
r 56.4 0.01 2 6.07035 0.01
r 56.6 0.01 2 5.94425 0.01
r 56.8 0.01 2 5.8188 0.01
r 57 0.01 2 5.69376 0.01
r 57.2 0.01 2 5.56904 0.01
r 57.4 0.01 2 5.44483 0.01
r 57.6 0.01 2 5.32091 0.01
r 57.8 0.01 2 5.19764 0.01
r 58 0.01 2 5.07467 0.01
r 58.2 0.01 2 4.95239 0.01
r 58.4 0.01 2 4.83066 0.01
r 58.6 0.01 2 4.70959 0.01
r 58.8 0.01 2 4.58926 0.01
r 59 0.01 2 4.46935 0.01
r 59.2 0.01 2 4.35031 0.01
r 59.4 0.01 2 4.23252 0.01
r 59.6 0.01 2 4.11516 0.01
r 59.8 0.01 2 3.99923 0.01
r 60 0.01 2 3.88422 0.01
r 60.2 0.01 2 3.77099 0.01
r 60.4 0.01 2 3.65948 0.01
r 60.6 0.01 2 3.54679 0.01
r 60.8 0.01 2 3.43726 0.01
r 61 0.01 2 3.33075 0.01
r 61.2 0.01 2 3.22463 0.01
r 61.4 0.01 2 3.12068 0.01
r 61.6 0.01 2 3.01924 0.01
r 61.8 0.01 2 2.92058 0.01
r 62 0.01 2 2.82441 0.01
r 62.2 0.01 2 2.73165 0.01
r 62.4 0.01 2 2.6423 0.01
r 62.6 0.01 2 2.55693 0.01
r 62.8 0.01 2 2.47558 0.01
r 63 0.01 2 2.39939 0.01
r 63.2 0.01 2 2.32803 0.01
r 63.4 0.01 2 2.26214 0.01
r 63.6 0.01 2 2.20212 0.01
r 63.8 0.01 2 2.14849 0.01
r 64 0.01 2 2.10298 0.01
r 64.2 0.01 2 2.06502 0.01
r 64.4 0.01 2 2.03526 0.01
r 64.6 0.01 2 2.01401 0.01
r 64.8 0.01 2 2.00067 0.01
r 65 0.01 2 1.99585 0.01
r 65.2 0.01 2 2.00029 0.01
r 65.4 0.01 2 2.01273 0.01
r 65.6 0.01 2 2.03335 0.01
r 65.8 0.01 2 2.06357 0.01
r 66 0.01 2 2.10201 0.01
r 66.2 0.01 2 2.14797 0.01
r 66.4 0.01 2 2.20112 0.01
r 66.6 0.01 2 2.26094 0.01
r 66.8 0.01 2 2.32714 0.01
r 67 0.01 2 2.39845 0.01
r 67.2 0.01 2 2.47517 0.01
r 67.4 0.01 2 2.55648 0.01
r 67.6 0.01 2 2.6418 0.01
r 67.8 0.01 2 2.73119 0.01
r 68 0.01 2 2.82398 0.01
r 68.2 0.01 2 2.91987 0.01
r 68.4 0.01 2 3.01891 0.01
r 68.6 0.01 2 3.12036 0.01
r 68.8 0.01 2 3.224 0.01
r 69 0.01 2 3.32962 0.01
r 69.2 0.01 2 3.43737 0.01
r 69.4 0.01 2 3.54681 0.01
r 69.6 0.01 2 3.65775 0.01
r 69.8 0.01 2 3.77017 0.01
r 70 0.01 2 3.88398 0.01
r 70.2 0.01 2 3.99897 0.01
r 70.4 0.01 2 4.11513 0.01
r 70.6 0.01 2 4.23229 0.01
r 70.8 0.01 2 4.3504 0.01
r 71 0.01 2 4.47142 0.01
r 71.2 0.01 2 4.58922 0.01
r 71.4 0.01 2 4.70967 0.01
r 71.6 0.01 2 4.83193 0.01
r 71.8 0.01 2 4.9528 0.01
r 72 0.01 2 5.07469 0.01
r 72.2 0.01 2 5.19757 0.01
r 72.4 0.01 2 5.32102 0.01
r 72.6 0.01 2 5.44489 0.01
r 72.8 0.01 2 5.56953 0.01
r 73 0.01 2 5.69507 0.01
r 73.2 0.01 2 5.81969 0.01
r 73.4 0.01 2 5.94489 0.01
r 73.6 0.01 2 6.07049 0.01
r 73.8 0.01 2 6.19624 0.01
r 74 0.01 2 6.32254 0.01
r 74.2 0.01 2 6.44921 0.01
r 74.4 0.01 2 6.57616 0.01
r 74.6 0.01 2 6.70335 0.01
r 74.8 0.01 2 6.83081 0.01
r 75 0.01 2 6.95835 0.01
r 75.2 0.01 2 7.08625 0.01
r 75.4 0.01 2 7.21422 0.01
r 75.6 0.01 2 7.34265 0.01
r 75.8 0.01 2 7.47087 0.01
r 76 0.01 2 7.59946 0.01
r 76.2 0.01 2 7.72819 0.01
r 76.4 0.01 2 7.85709 0.01
r 76.6 0.01 2 7.98614 0.01
r 76.8 0.01 2 8.11531 0.01
r 77 0.01 2 8.24468 0.01
r 77.2 0.01 2 8.37407 0.01
r 77.4 0.01 2 8.50363 0.01
r 77.6 0.01 2 8.6333 0.01
r 77.8 0.01 2 8.76309 0.01
r 78 0.01 2 8.8936 0.01
r 78.2 0.01 2 9.02376 0.01
r 78.4 0.01 2 9.1535 0.01
r 78.6 0.01 2 9.28346 0.01
r 78.8 0.01 2 9.41361 0.01
r 79 0.01 2 9.54385 0.01
r 79.2 0.01 2 9.67431 0.01
r 79.4 0.01 2 9.80491 0.01
r 79.6 0.01 2 9.93554 0.01
r 79.8 0.01 2 10.0663 0.01
r 80 0.01 2 10.197 0.01
r 80.2 0.01 2 10.3276 0.01
r 80.4 0.01 2 10.4584 0.01
r 80.6 0.01 2 10.5893 0.01
r 80.8 0.01 2 10.7203 0.01
r 81 0.01 2 10.8514 0.01
r 81.2 0.01 2 10.9824 0.01
r 81.4 0.01 2 11.1136 0.01
r 81.6 0.01 2 11.2449 0.01
r 81.8 0.01 2 11.3764 0.01
r 82 0.01 2 11.5076 0.01
r 82.2 0.01 2 11.6388 0.01
r 82.4 0.01 2 11.7701 0.01
r 82.6 0.01 2 11.9015 0.01
r 82.8 0.01 2 12.0329 0.01
r 83 0.01 2 12.1645 0.01
r 83.2 0.01 2 12.296 0.01
r 83.4 0.01 2 12.4276 0.01
r 83.6 0.01 2 12.5593 0.01
r 83.8 0.01 2 12.6914 0.01
r 84 0.01 2 12.8229 0.01
r 84.2 0.01 2 12.9545 0.01
r 84.4 0.01 2 13.0862 0.01
r 84.6 0.01 2 13.2179 0.01
r 84.8 0.01 2 13.3497 0.01
r 85 0.01 2 13.4815 0.01
r 25 0.01 3 27.345 0.03
r 25.2 0.01 3 27.2141 0.03
r 25.4 0.01 3 27.0833 0.03
r 25.6 0.01 3 26.9525 0.03
r 25.8 0.01 3 26.823 0.03
r 26 0.01 3 26.6925 0.03
r 26.2 0.01 3 26.562 0.03
r 26.4 0.01 3 26.4319 0.03
r 26.6 0.01 3 26.3019 0.03
r 26.8 0.01 3 26.1717 0.03
r 27 0.01 3 26.0625 0.03
r 27.2 0.01 3 25.9317 0.03
r 27.4 0.01 3 25.801 0.03
r 27.6 0.01 3 25.6703 0.03
r 27.8 0.01 3 25.5397 0.03
r 28 0.01 3 25.4092 0.03
r 28.2 0.01 3 25.2788 0.03
r 28.4 0.01 3 25.1484 0.03
r 28.6 0.01 3 25.0181 0.03
r 28.8 0.01 3 24.8878 0.03
r 29 0.01 3 24.7953 0.03
r 29.2 0.01 3 24.6642 0.03
r 29.4 0.01 3 24.5528 0.03
r 29.6 0.01 3 24.4216 0.03
r 29.8 0.01 3 24.2723 0.03
r 30 0.01 3 24.1416 0.03
r 30.2 0.01 3 24.0109 0.03
r 30.4 0.01 3 23.8987 0.03
r 30.6 0.01 3 23.7498 0.03
r 30.8 0.01 3 23.6199 0.03
r 31 0.01 3 23.5125 0.03
r 31.2 0.01 3 23.3812 0.03
r 31.4 0.01 3 23.2496 0.03
r 31.6 0.01 3 23.1191 0.03
r 31.8 0.01 3 22.9883 0.03
r 32 0.01 3 22.8578 0.03
r 32.2 0.01 3 22.7271 0.03
r 32.4 0.01 3 22.5967 0.03
r 32.6 0.01 3 22.4672 0.03
r 32.8 0.01 3 22.3359 0.03
r 33 0.01 3 22.2372 0.03
r 33.2 0.01 3 22.1059 0.03
r 33.4 0.01 3 21.9755 0.03
r 33.6 0.01 3 21.8447 0.03
r 33.8 0.01 3 21.714 0.03
r 34 0.01 3 21.5834 0.03
r 34.2 0.01 3 21.4528 0.03
r 34.4 0.01 3 21.3224 0.03
r 34.6 0.01 3 21.192 0.03
r 34.8 0.01 3 21.0613 0.03
r 35 0.01 3 21.0257 0.03
r 35.2 0.01 3 20.8928 0.03
r 35.4 0.01 3 20.7617 0.03
r 35.6 0.01 3 20.6328 0.03
r 35.8 0.01 3 20.5021 0.03
r 36 0.01 3 20.3755 0.03
r 36.2 0.01 3 20.2407 0.03
r 36.4 0.01 3 20.1101 0.03
r 36.6 0.01 3 19.9797 0.03
r 36.8 0.01 3 19.849 0.03
r 37 0.01 3 19.7599 0.03
r 37.2 0.01 3 19.6328 0.03
r 37.4 0.01 3 19.5156 0.03
r 37.6 0.01 3 19.3849 0.03
r 37.8 0.01 3 19.2542 0.03
r 38 0.01 3 19.1236 0.03
r 38.2 0.01 3 18.9931 0.03
r 38.4 0.01 3 18.8626 0.03
r 38.6 0.01 3 18.7322 0.03
r 38.8 0.01 3 18.6019 0.03
r 39 0.01 3 18.5361 0.03
r 39.2 0.01 3 18.4055 0.03
r 39.4 0.01 3 18.2751 0.03
r 39.6 0.01 3 18.1446 0.03
r 39.8 0.01 3 18.0143 0.03
r 40 0.01 3 17.884 0.03
r 40.2 0.01 3 17.7571 0.03
r 40.4 0.01 3 17.6269 0.03
r 40.6 0.01 3 17.4967 0.03
r 40.8 0.01 3 17.3667 0.03
r 41 0.01 3 17.345 0.03
r 41.2 0.01 3 17.2142 0.03
r 41.4 0.01 3 17.0837 0.03
r 41.6 0.01 3 16.9532 0.03
r 41.8 0.01 3 16.8224 0.03
r 42 0.01 3 16.6815 0.03
r 42.2 0.01 3 16.5623 0.03
r 42.4 0.01 3 16.4323 0.03
r 42.6 0.01 3 16.2946 0.03
r 42.8 0.01 3 16.1714 0.03
r 43 0.01 3 16.0867 0.03
r 43.2 0.01 3 15.9407 0.03
r 43.4 0.01 3 15.8219 0.03
r 43.6 0.01 3 15.6954 0.03
r 43.8 0.01 3 15.5621 0.03
r 44 0.01 3 15.4325 0.03
r 44.2 0.01 3 15.3068 0.03
r 44.4 0.01 3 15.1765 0.03
r 44.6 0.01 3 15.0481 0.03
r 44.8 0.01 3 14.9201 0.03
r 45 0.01 3 14.8081 0.03
r 45.2 0.01 3 14.6909 0.03
r 45.4 0.01 3 14.5519 0.03
r 45.6 0.01 3 14.4208 0.03
r 45.8 0.01 3 14.3144 0.03
r 46 0.01 3 14.212 0.03
r 46.2 0.01 3 14.0405 0.03
r 46.4 0.01 3 13.9245 0.03
r 46.6 0.01 3 13.7822 0.03
r 46.8 0.01 3 13.6578 0.03
r 47 0.01 3 13.5704 0.03
r 47.2 0.01 3 13.3994 0.03
r 47.4 0.01 3 13.3137 0.03
r 47.6 0.01 3 13.2087 0.03
r 47.8 0.01 3 13.0825 0.03
r 48 0.01 3 12.8929 0.03
r 48.2 0.01 3 12.8308 0.03
r 48.4 0.01 3 12.7041 0.03
r 48.6 0.01 3 12.5789 0.03
r 48.8 0.01 3 12.4542 0.03
r 49 0.01 3 12.3384 0.03
r 49.2 0.01 3 12.2144 0.03
r 49.4 0.01 3 12.0627 0.03
r 49.6 0.01 3 11.9624 0.03
r 49.8 0.01 3 11.84 0.03
r 50 0.01 3 11.7078 0.03
r 50.2 0.01 3 11.5881 0.03
r 50.4 0.01 3 11.4677 0.03
r 50.6 0.01 3 11.3477 0.03
r 50.8 0.01 3 11.2407 0.03
r 51 0.01 3 11.1269 0.03
r 51.2 0.01 3 11.006 0.03
r 51.4 0.01 3 10.8789 0.03
r 51.6 0.01 3 10.792 0.03
r 51.8 0.01 3 10.6596 0.03
r 52 0.01 3 10.5454 0.03
r 52.2 0.01 3 10.4389 0.03
r 52.4 0.01 3 10.3282 0.03
r 52.6 0.01 3 10.2329 0.03
r 52.8 0.01 3 10.1256 0.03
r 53 0.01 3 10.0131 0.03
r 53.2 0.01 3 9.91819 0.03
r 53.4 0.01 3 9.81566 0.03
r 53.6 0.01 3 9.70641 0.03
r 53.8 0.01 3 9.61636 0.03
r 54 0.01 3 9.51581 0.03
r 54.2 0.01 3 9.42697 0.03
r 54.4 0.01 3 9.33522 0.03
r 54.6 0.01 3 9.24109 0.03
r 54.8 0.01 3 9.15337 0.03
r 55 0.01 3 9.03325 0.03
r 55.2 0.01 3 8.97198 0.03
r 55.4 0.01 3 8.84194 0.03
r 55.6 0.01 3 8.71917 0.03
r 55.8 0.01 3 8.67724 0.03
r 56 0.01 3 8.56701 0.03
r 56.2 0.01 3 8.45852 0.03
r 56.4 0.01 3 8.34895 0.03
r 56.6 0.01 3 8.27323 0.03
r 56.8 0.01 3 8.19081 0.03
r 57 0.01 3 8.07198 0.03
r 57.2 0.01 3 7.99434 0.03
r 57.4 0.01 3 7.92494 0.03
r 57.6 0.01 3 7.85315 0.03
r 57.8 0.01 3 7.78945 0.03
r 58 0.01 3 7.73529 0.03
r 58.2 0.01 3 7.68511 0.03
r 58.4 0.01 3 7.61486 0.03
r 58.6 0.01 3 7.59886 0.03
r 58.8 0.01 3 7.28344 0.03
r 59 0.01 3 7.20929 0.03
r 59.2 0.01 3 7.4 0.03
r 59.4 0.01 3 7.06455 0.03
r 59.6 0.01 3 6.9949 0.03
r 59.8 0.01 3 6.93397 0.03
r 60 0.01 3 6.86208 0.03
r 60.2 0.01 3 6.79918 0.03
r 60.4 0.01 3 6.73814 0.03
r 60.6 0.01 3 6.67911 0.03
r 60.8 0.01 3 6.62173 0.03
r 61 0.01 3 6.56504 0.03
r 61.2 0.01 3 6.50786 0.03
r 61.4 0.01 3 6.45675 0.03
r 61.6 0.01 3 6.40851 0.03
r 61.8 0.01 3 6.36204 0.03
r 62 0.01 3 6.31883 0.03
r 62.2 0.01 3 6.27792 0.03
r 62.4 0.01 3 6.23998 0.03
r 62.6 0.01 3 6.20432 0.03
r 62.8 0.01 3 6.1713 0.03
r 63 0.01 3 6.14029 0.03
r 63.2 0.01 3 6.11297 0.03
r 63.4 0.01 3 6.08773 0.03
r 63.6 0.01 3 6.07304 0.03
r 63.8 0.01 3 6.05021 0.03
r 64 0.01 3 6.03174 0.03
r 64.2 0.01 3 6.01762 0.03
r 64.4 0.01 3 6.0083 0.03
r 64.6 0.01 3 6.004 0.03
r 64.8 0.01 3 6.0027 0.03
r 65 0.01 3 5.99533 0.03
r 65.2 0.01 3 5.99555 0.03
r 65.4 0.01 3 5.99947 0.03
r 65.6 0.01 3 6.00677 0.03
r 65.8 0.01 3 6.01711 0.03
r 66 0.01 3 6.03039 0.03
r 66.2 0.01 3 6.04653 0.03
r 66.4 0.01 3 6.06576 0.03
r 66.6 0.01 3 6.0934 0.03
r 66.8 0.01 3 6.11382 0.03
r 67 0.01 3 6.14038 0.03
r 67.2 0.01 3 6.17081 0.03
r 67.4 0.01 3 6.20387 0.03
r 67.6 0.01 3 6.2393 0.03
r 67.8 0.01 3 6.27762 0.03
r 68 0.01 3 6.3187 0.03
r 68.2 0.01 3 6.36192 0.03
r 68.4 0.01 3 6.40835 0.03
r 68.6 0.01 3 6.45623 0.03
r 68.8 0.01 3 6.50863 0.03
r 69 0.01 3 6.56151 0.03
r 69.2 0.01 3 6.61963 0.03
r 69.4 0.01 3 6.67627 0.03
r 69.6 0.01 3 6.73495 0.03
r 69.8 0.01 3 6.79549 0.03
r 70 0.01 3 6.85899 0.03
r 70.2 0.01 3 6.92584 0.03
r 70.4 0.01 3 6.99397 0.03
r 70.6 0.01 3 7.06191 0.03
r 70.8 0.01 3 7.13704 0.03
r 71 0.01 3 7.21199 0.03
r 71.2 0.01 3 7.28624 0.03
r 71.4 0.01 3 7.3649 0.03
r 71.6 0.01 3 7.44223 0.03
r 71.8 0.01 3 7.5175 0.03
r 72 0.01 3 7.60566 0.03
r 72.2 0.01 3 7.68691 0.03
r 72.4 0.01 3 7.77182 0.03
r 72.6 0.01 3 7.87059 0.03
r 72.8 0.01 3 8.59433 0.03
r 73 0.01 3 8.65725 0.03
r 73.2 0.01 3 8.6708 0.03
r 73.4 0.01 3 8.7181 0.03
r 73.6 0.01 3 8.65675 0.03
r 73.8 0.01 3 8.81864 0.03
r 74 0.01 3 8.83315 0.03
r 74.2 0.01 3 8.84728 0.03
r 74.4 0.01 3 8.91325 0.03
r 74.6 0.01 3 8.98751 0.03
r 74.8 0.01 3 9.12486 0.03
r 75 0.01 3 9.24689 0.03
r 75.2 0.01 3 9.23247 0.03
r 75.4 0.01 3 9.3275 0.03
r 75.6 0.01 3 9.47845 0.03
r 75.8 0.01 3 9.56472 0.03
r 76 0.01 3 9.66418 0.03
r 76.2 0.01 3 9.77923 0.03
r 76.4 0.01 3 9.83961 0.03
r 76.6 0.01 3 10.0772 0.03
r 76.8 0.01 3 10.1327 0.03
r 77 0.01 3 10.2265 0.03
r 77.2 0.01 3 10.2852 0.03
r 77.4 0.01 3 10.4237 0.03
r 77.6 0.01 3 10.5077 0.03
r 77.8 0.01 3 10.6005 0.03
r 78 0.01 3 10.6921 0.03
r 78.2 0.01 3 10.778 0.03
r 78.4 0.01 3 10.882 0.03
r 78.6 0.01 3 10.9861 0.03
r 78.8 0.01 3 11.0856 0.03
r 79 0.01 3 11.1811 0.03
r 79.2 0.01 3 11.2908 0.03
r 79.4 0.01 3 11.3954 0.03
r 79.6 0.01 3 11.5196 0.03
r 79.8 0.01 3 11.615 0.03
r 80 0.01 3 11.711 0.03
r 80.2 0.01 3 11.8357 0.03
r 80.4 0.01 3 11.9512 0.03
r 80.6 0.01 3 12.0681 0.03
r 80.8 0.01 3 12.1583 0.03
r 81 0.01 3 12.2828 0.03
r 81.2 0.01 3 12.4075 0.03
r 81.4 0.01 3 12.5392 0.03
r 81.6 0.01 3 12.6297 0.03
r 81.8 0.01 3 12.749 0.03
r 82 0.01 3 12.8747 0.03
r 82.2 0.01 3 13.007 0.03
r 82.4 0.01 3 13.113 0.03
r 82.6 0.01 3 13.2314 0.03
r 82.8 0.01 3 13.3536 0.03
r 83 0.01 3 13.4829 0.03
r 83.2 0.01 3 13.6184 0.03
r 83.4 0.01 3 13.7001 0.03
r 83.6 0.01 3 13.8171 0.03
r 83.8 0.01 3 13.9927 0.03
r 84 0.01 3 14.1199 0.03
r 84.2 0.01 3 14.1709 0.03
r 84.4 0.01 3 14.3476 0.03
r 84.6 0.01 3 14.4205 0.03
r 84.8 0.01 3 14.5711 0.03
r 85 0.01 3 14.9956 0.03
r 85.2 0.01 3 15.3476 0.03
r 85.4 0.01 3 15.1846 0.03
r 85.6 0.01 3 15.0945 0.03
r 85.8 0.01 3 15.3895 0.03
r 86 0.01 3 15.5573 0.03
r 86.2 0.01 3 15.659 0.03
r 86.4 0.01 3 16.1025 0.03
r 86.6 0.01 3 15.8624 0.03
r 86.8 0.01 3 16.2589 0.03
r 87 0.01 3 15.9938 0.03
r 87.2 0.01 3 16.1448 0.03
r 87.4 0.01 3 16.3505 0.03
r 87.6 0.01 3 16.6328 0.03
r 87.8 0.01 3 16.5765 0.03
r 88 0.01 3 16.6644 0.03
r 88.2 0.01 3 16.7956 0.03
r 88.4 0.01 3 17.0196 0.03
r 88.6 0.01 3 17.0866 0.03
r 88.8 0.01 3 17.1784 0.03
r 89 0.01 3 17.1634 0.03
r 89.2 0.01 3 17.2347 0.03
r 89.4 0.01 3 17.8098 0.03
r 89.6 0.01 3 17.7092 0.03
r 89.8 0.01 3 17.9793 0.03
r 90 0.01 3 18.0615 0.03
r 90.2 0.01 3 18.1567 0.03
r 90.4 0.01 3 18.2384 0.03
r 90.6 0.01 3 18.3245 0.03
r 90.8 0.01 3 18.4157 0.03
r 91 0.01 3 18.5282 0.03
r 91.2 0.01 3 18.6119 0.03
r 91.4 0.01 3 18.7242 0.03
r 91.6 0.01 3 18.8249 0.03
r 91.8 0.01 3 18.9265 0.03
r 92 0.01 3 19.0294 0.03
r 92.2 0.01 3 19.1323 0.03
r 92.4 0.01 3 19.2372 0.03
r 92.6 0.01 3 19.3438 0.03
r 92.8 0.01 3 19.4553 0.03
r 93 0.01 3 19.6695 0.03
r 93.2 0.01 3 19.7699 0.03
r 93.4 0.01 3 19.8703 0.03
r 93.6 0.01 3 19.9782 0.03
r 93.8 0.01 3 20.0803 0.03
r 94 0.01 3 20.1836 0.03
r 94.2 0.01 3 20.2942 0.03
r 94.4 0.01 3 20.3989 0.03
r 94.6 0.01 3 20.5055 0.03
r 94.8 0.01 3 20.6137 0.03
r 95 0.01 3 20.7263 0.03
r 95.2 0.01 3 20.8379 0.03
r 95.4 0.01 3 20.9545 0.03
r 95.6 0.01 3 21.0648 0.03
r 95.8 0.01 3 21.1782 0.03
r 96 0.01 3 21.2915 0.03
r 96.2 0.01 3 21.405 0.03
r 96.4 0.01 3 21.5199 0.03
r 96.6 0.01 3 21.6344 0.03
r 96.8 0.01 3 21.7503 0.03
r 97 0.01 3 21.8966 0.03
r 97.2 0.01 3 22.0106 0.03
r 97.4 0.01 3 22.1279 0.03
r 97.6 0.01 3 22.2402 0.03
r 97.8 0.01 3 22.3539 0.03
r 98 0.01 3 22.4697 0.03
r 98.2 0.01 3 22.5835 0.03
r 98.4 0.01 3 22.6976 0.03
r 98.6 0.01 3 22.8138 0.03
r 98.8 0.01 3 22.9295 0.03
r 99 0.01 3 23.0462 0.03
r 99.2 0.01 3 23.1624 0.03
r 99.4 0.01 3 23.2793 0.03
r 99.6 0.01 3 23.3967 0.03
r 99.8 0.01 3 23.5139 0.03
r 100 0.01 3 23.6322 0.03
r 100.2 0.01 3 23.75 0.03
r 100.4 0.01 3 23.8691 0.03
r 100.6 0.01 3 23.9876 0.03
r 100.8 0.01 3 24.1067 0.03
r 101 0.01 3 24.2257 0.03
r 101.2 0.01 3 24.3447 0.03
r 101.4 0.01 3 24.4631 0.03
r 101.6 0.01 3 24.5832 0.03
r 101.8 0.01 3 24.7027 0.03
r 102 0.01 3 24.8222 0.03
r 102.2 0.01 3 24.942 0.03
r 102.4 0.01 3 25.0613 0.03
r 102.6 0.01 3 25.1816 0.03
r 102.8 0.01 3 25.3011 0.03
r 103 0.01 3 25.4193 0.03
r 103.2 0.01 3 25.5401 0.03
r 103.4 0.01 3 25.6595 0.03
r 103.6 0.01 3 25.7793 0.03
r 103.8 0.01 3 25.8999 0.03
r 104 0.01 3 26.0196 0.03
r 104.2 0.01 3 26.1399 0.03
r 104.4 0.01 3 26.2601 0.03
r 104.6 0.01 3 26.3805 0.03
r 104.8 0.01 3 26.5017 0.03
r 105 0.01 3 26.621 0.03
s 75 3 602
r 55 0.01 2 13.4816 0.01
r 55.2 0.01 2 13.3497 0.01
r 55.4 0.01 2 13.2179 0.01
r 55.6 0.01 2 13.0862 0.01
r 55.8 0.01 2 12.9544 0.01
r 56 0.01 2 12.8228 0.01
r 56.2 0.01 2 12.6911 0.01
r 56.4 0.01 2 12.5594 0.01
r 56.6 0.01 2 12.4277 0.01
r 56.8 0.01 2 12.296 0.01
r 57 0.01 2 12.1644 0.01
r 57.2 0.01 2 12.033 0.01
r 57.4 0.01 2 11.9015 0.01
r 57.6 0.01 2 11.7701 0.01
r 57.8 0.01 2 11.6387 0.01
r 58 0.01 2 11.5074 0.01
r 58.2 0.01 2 11.3762 0.01
r 58.4 0.01 2 11.2452 0.01
r 58.6 0.01 2 11.1138 0.01
r 58.8 0.01 2 10.9825 0.01
r 59 0.01 2 10.8513 0.01
r 59.2 0.01 2 10.7203 0.01
r 59.4 0.01 2 10.5894 0.01
r 59.6 0.01 2 10.4585 0.01
r 59.8 0.01 2 10.3276 0.01
r 60 0.01 2 10.1968 0.01
r 60.2 0.01 2 10.0662 0.01
r 60.4 0.01 2 9.93556 0.01
r 60.6 0.01 2 9.80501 0.01
r 60.8 0.01 2 9.67437 0.01
r 61 0.01 2 9.54399 0.01
r 61.2 0.01 2 9.41368 0.01
r 61.4 0.01 2 9.28346 0.01
r 61.6 0.01 2 9.15331 0.01
r 61.8 0.01 2 9.02326 0.01
r 62 0.01 2 8.89327 0.01
r 62.2 0.01 2 8.76335 0.01
r 62.4 0.01 2 8.63394 0.01
r 62.6 0.01 2 8.50421 0.01
r 62.8 0.01 2 8.37441 0.01
r 63 0.01 2 8.24487 0.01
r 63.2 0.01 2 8.11546 0.01
r 63.4 0.01 2 7.98621 0.01
r 63.6 0.01 2 7.85712 0.01
r 63.8 0.01 2 7.72821 0.01
r 64 0.01 2 7.6006 0.01
r 64.2 0.01 2 7.47171 0.01
r 64.4 0.01 2 7.34314 0.01
r 64.6 0.01 2 7.21465 0.01
r 64.8 0.01 2 7.08628 0.01
r 65 0.01 2 6.95892 0.01
r 65.2 0.01 2 6.83098 0.01
r 65.4 0.01 2 6.70345 0.01
r 65.6 0.01 2 6.57641 0.01
r 65.8 0.01 2 6.45 0.01
r 66 0.01 2 6.32253 0.01
r 66.2 0.01 2 6.19628 0.01
r 66.4 0.01 2 6.07035 0.01
r 66.6 0.01 2 5.94425 0.01
r 66.8 0.01 2 5.8188 0.01
r 67 0.01 2 5.69376 0.01
r 67.2 0.01 2 5.56904 0.01
r 67.4 0.01 2 5.44483 0.01
r 67.6 0.01 2 5.32091 0.01
r 67.8 0.01 2 5.19764 0.01
r 68 0.01 2 5.07467 0.01
r 68.2 0.01 2 4.95239 0.01
r 68.4 0.01 2 4.83066 0.01
r 68.6 0.01 2 4.70959 0.01
r 68.8 0.01 2 4.58926 0.01
r 69 0.01 2 4.46935 0.01
r 69.2 0.01 2 4.35031 0.01
r 69.4 0.01 2 4.23252 0.01
r 69.6 0.01 2 4.11516 0.01
r 69.8 0.01 2 3.99923 0.01
r 70 0.01 2 3.88422 0.01
r 70.2 0.01 2 3.77099 0.01
r 70.4 0.01 2 3.65948 0.01
r 70.6 0.01 2 3.54679 0.01
r 70.8 0.01 2 3.43726 0.01
r 71 0.01 2 3.33075 0.01
r 71.2 0.01 2 3.22463 0.01
r 71.4 0.01 2 3.12068 0.01
r 71.6 0.01 2 3.01924 0.01
r 71.8 0.01 2 2.92058 0.01
r 72 0.01 2 2.82441 0.01
r 72.2 0.01 2 2.73165 0.01
r 72.4 0.01 2 2.6423 0.01
r 72.6 0.01 2 2.55693 0.01
r 72.8 0.01 2 2.47558 0.01
r 73 0.01 2 2.39939 0.01
r 73.2 0.01 2 2.32803 0.01
r 73.4 0.01 2 2.26214 0.01
r 73.6 0.01 2 2.20212 0.01
r 73.8 0.01 2 2.14849 0.01
r 74 0.01 2 2.10298 0.01
r 74.2 0.01 2 2.06502 0.01
r 74.4 0.01 2 2.03526 0.01
r 74.6 0.01 2 2.01401 0.01
r 74.8 0.01 2 2.00067 0.01
r 75 0.01 2 1.99585 0.01
r 75.2 0.01 2 2.00029 0.01
r 75.4 0.01 2 2.01273 0.01
r 75.6 0.01 2 2.03335 0.01
r 75.8 0.01 2 2.06357 0.01
r 76 0.01 2 2.10201 0.01
r 76.2 0.01 2 2.14797 0.01
r 76.4 0.01 2 2.20112 0.01
r 76.6 0.01 2 2.26094 0.01
r 76.8 0.01 2 2.32714 0.01
r 77 0.01 2 2.39845 0.01
r 77.2 0.01 2 2.47517 0.01
r 77.4 0.01 2 2.55648 0.01
r 77.6 0.01 2 2.6418 0.01
r 77.8 0.01 2 2.73119 0.01
r 78 0.01 2 2.82398 0.01
r 78.2 0.01 2 2.91987 0.01
r 78.4 0.01 2 3.01891 0.01
r 78.6 0.01 2 3.12036 0.01
r 78.8 0.01 2 3.224 0.01
r 79 0.01 2 3.32962 0.01
r 79.2 0.01 2 3.43737 0.01
r 79.4 0.01 2 3.54681 0.01
r 79.6 0.01 2 3.65775 0.01
r 79.8 0.01 2 3.77017 0.01
r 80 0.01 2 3.88398 0.01
r 80.2 0.01 2 3.99897 0.01
r 80.4 0.01 2 4.11513 0.01
r 80.6 0.01 2 4.23229 0.01
r 80.8 0.01 2 4.3504 0.01
r 81 0.01 2 4.47142 0.01
r 81.2 0.01 2 4.58922 0.01
r 81.4 0.01 2 4.70967 0.01
r 81.6 0.01 2 4.83193 0.01
r 81.8 0.01 2 4.9528 0.01
r 82 0.01 2 5.07469 0.01
r 82.2 0.01 2 5.19757 0.01
r 82.4 0.01 2 5.32102 0.01
r 82.6 0.01 2 5.44489 0.01
r 82.8 0.01 2 5.56953 0.01
r 83 0.01 2 5.69498 0.01
r 83.2 0.01 2 5.81977 0.01
r 83.4 0.01 2 5.94492 0.01
r 83.6 0.01 2 6.07049 0.01
r 83.8 0.01 2 6.19625 0.01
r 84 0.01 2 6.32253 0.01
r 84.2 0.01 2 6.44921 0.01
r 84.4 0.01 2 6.57616 0.01
r 84.6 0.01 2 6.70335 0.01
r 84.8 0.01 2 6.83081 0.01
r 85 0.01 2 6.95872 0.01
r 85.2 0.01 2 7.0867 0.01
r 85.4 0.01 2 7.21462 0.01
r 85.6 0.01 2 7.34267 0.01
r 85.8 0.01 2 7.47101 0.01
r 86 0.01 2 7.59949 0.01
r 86.2 0.01 2 7.72822 0.01
r 86.4 0.01 2 7.85718 0.01
r 86.6 0.01 2 7.98622 0.01
r 86.8 0.01 2 8.11556 0.01
r 87 0.01 2 8.24548 0.01
r 87.2 0.01 2 8.37472 0.01
r 87.4 0.01 2 8.50784 0.01
r 87.6 0.01 2 8.63045 0.01
r 87.8 0.01 2 8.75281 0.01
r 88 0.01 2 8.87068 0.01
r 88.2 0.01 2 8.98952 0.01
r 88.4 0.01 2 9.10864 0.01
r 88.6 0.01 2 9.2276 0.01
r 88.8 0.01 2 9.34658 0.01
r 89 0.01 2 9.46596 0.01
r 89.2 0.01 2 9.58476 0.01
r 89.4 0.01 2 9.70449 0.01
r 89.6 0.01 2 9.82339 0.01
r 89.8 0.01 2 9.94299 0.01
r 90 0.01 2 10.0623 0.01
r 90.2 0.01 2 10.1819 0.01
r 90.4 0.01 2 10.3017 0.01
r 90.6 0.01 2 10.4214 0.01
r 90.8 0.01 2 10.5417 0.01
r 91 0.01 2 10.6611 0.01
r 91.2 0.01 2 10.7812 0.01
r 91.4 0.01 2 10.9017 0.01
r 91.6 0.01 2 11.0203 0.01
r 91.8 0.01 2 11.1421 0.01
r 92 0.01 2 11.2626 0.01
r 92.2 0.01 2 11.381 0.01
r 92.4 0.01 2 11.5022 0.01
r 92.6 0.01 2 11.6213 0.01
r 92.8 0.01 2 11.7428 0.01
r 93 0.01 2 11.8607 0.01
r 93.2 0.01 2 11.9816 0.01
r 93.4 0.01 2 12.102 0.01
r 93.6 0.01 2 12.2223 0.01
r 93.8 0.01 2 12.3433 0.01
r 94 0.01 2 12.4632 0.01
r 94.2 0.01 2 12.5847 0.01
r 94.4 0.01 2 12.7048 0.01
r 94.6 0.01 2 12.8249 0.01
r 94.8 0.01 2 12.9467 0.01
r 95 0.01 2 13.0637 0.01
r 35 0.01 3 27.345 0.03
r 35.2 0.01 3 27.2141 0.03
r 35.4 0.01 3 27.0833 0.03
r 35.6 0.01 3 26.9525 0.03
r 35.8 0.01 3 26.823 0.03
r 36 0.01 3 26.6925 0.03
r 36.2 0.01 3 26.562 0.03
r 36.4 0.01 3 26.4319 0.03
r 36.6 0.01 3 26.3019 0.03
r 36.8 0.01 3 26.1717 0.03
r 37 0.01 3 26.0625 0.03
r 37.2 0.01 3 25.9317 0.03
r 37.4 0.01 3 25.801 0.03
r 37.6 0.01 3 25.6703 0.03
r 37.8 0.01 3 25.5397 0.03
r 38 0.01 3 25.4092 0.03
r 38.2 0.01 3 25.2788 0.03
r 38.4 0.01 3 25.1484 0.03
r 38.6 0.01 3 25.0181 0.03
r 38.8 0.01 3 24.8878 0.03
r 39 0.01 3 24.7953 0.03
r 39.2 0.01 3 24.6642 0.03
r 39.4 0.01 3 24.5528 0.03
r 39.6 0.01 3 24.4216 0.03
r 39.8 0.01 3 24.2723 0.03
r 40 0.01 3 24.1416 0.03
r 40.2 0.01 3 24.0109 0.03
r 40.4 0.01 3 23.8987 0.03
r 40.6 0.01 3 23.7498 0.03
r 40.8 0.01 3 23.6199 0.03
r 41 0.01 3 23.5125 0.03
r 41.2 0.01 3 23.3812 0.03
r 41.4 0.01 3 23.2501 0.03
r 41.6 0.01 3 23.1191 0.03
r 41.8 0.01 3 22.9883 0.03
r 42 0.01 3 22.8578 0.03
r 42.2 0.01 3 22.7271 0.03
r 42.4 0.01 3 22.5967 0.03
r 42.6 0.01 3 22.4672 0.03
r 42.8 0.01 3 22.3359 0.03
r 43 0.01 3 22.2372 0.03
r 43.2 0.01 3 22.1059 0.03
r 43.4 0.01 3 21.9755 0.03
r 43.6 0.01 3 21.8447 0.03
r 43.8 0.01 3 21.714 0.03
r 44 0.01 3 21.5834 0.03
r 44.2 0.01 3 21.4528 0.03
r 44.4 0.01 3 21.3224 0.03
r 44.6 0.01 3 21.192 0.03
r 44.8 0.01 3 21.0613 0.03
r 45 0.01 3 21.0257 0.03
r 45.2 0.01 3 20.8927 0.03
r 45.4 0.01 3 20.7633 0.03
r 45.6 0.01 3 20.6328 0.03
r 45.8 0.01 3 20.5021 0.03
r 46 0.01 3 20.3755 0.03
r 46.2 0.01 3 20.2407 0.03
r 46.4 0.01 3 20.1101 0.03
r 46.6 0.01 3 19.9797 0.03
r 46.8 0.01 3 19.849 0.03
r 47 0.01 3 19.7599 0.03
r 47.2 0.01 3 19.6464 0.03
r 47.4 0.01 3 19.5156 0.03
r 47.6 0.01 3 19.3639 0.03
r 47.8 0.01 3 19.2542 0.03
r 48 0.01 3 19.1236 0.03
r 48.2 0.01 3 18.9931 0.03
r 48.4 0.01 3 18.8626 0.03
r 48.6 0.01 3 18.7322 0.03
r 48.8 0.01 3 18.6019 0.03
r 49 0.01 3 18.5361 0.03
r 49.2 0.01 3 18.4055 0.03
r 49.4 0.01 3 18.2751 0.03
r 49.6 0.01 3 18.1446 0.03
r 49.8 0.01 3 18.0143 0.03
r 50 0.01 3 17.884 0.03
r 50.2 0.01 3 17.7571 0.03
r 50.4 0.01 3 17.6269 0.03
r 50.6 0.01 3 17.4967 0.03
r 50.8 0.01 3 17.3667 0.03
r 51 0.01 3 17.345 0.03
r 51.2 0.01 3 17.2142 0.03
r 51.4 0.01 3 17.0837 0.03
r 51.6 0.01 3 16.9532 0.03
r 51.8 0.01 3 16.7849 0.03
r 52 0.01 3 16.6815 0.03
r 52.2 0.01 3 16.5623 0.03
r 52.4 0.01 3 16.4311 0.03
r 52.6 0.01 3 16.2946 0.03
r 52.8 0.01 3 16.1714 0.03
r 53 0.01 3 16.0867 0.03
r 53.2 0.01 3 15.9265 0.03
r 53.4 0.01 3 15.8219 0.03
r 53.6 0.01 3 15.696 0.03
r 53.8 0.01 3 15.5621 0.03
r 54 0.01 3 15.4325 0.03
r 54.2 0.01 3 15.3068 0.03
r 54.4 0.01 3 15.1765 0.03
r 54.6 0.01 3 15.0481 0.03
r 54.8 0.01 3 14.9201 0.03
r 55 0.01 3 14.8078 0.03
r 55.2 0.01 3 14.6909 0.03
r 55.4 0.01 3 14.5519 0.03
r 55.6 0.01 3 14.4208 0.03
r 55.8 0.01 3 14.3144 0.03
r 56 0.01 3 14.212 0.03
r 56.2 0.01 3 14.0405 0.03
r 56.4 0.01 3 13.9245 0.03
r 56.6 0.01 3 13.7822 0.03
r 56.8 0.01 3 13.6581 0.03
r 57 0.01 3 13.5704 0.03
r 57.2 0.01 3 13.399 0.03
r 57.4 0.01 3 13.3137 0.03
r 57.6 0.01 3 13.2087 0.03
r 57.8 0.01 3 13.0825 0.03
r 58 0.01 3 12.8929 0.03
r 58.2 0.01 3 12.8308 0.03
r 58.4 0.01 3 12.7041 0.03
r 58.6 0.01 3 12.5789 0.03
r 58.8 0.01 3 12.4542 0.03
r 59 0.01 3 12.3271 0.03
r 59.2 0.01 3 12.2144 0.03
r 59.4 0.01 3 12.0627 0.03
r 59.6 0.01 3 11.9624 0.03
r 59.8 0.01 3 11.84 0.03
r 60 0.01 3 11.7078 0.03
r 60.2 0.01 3 11.5881 0.03
r 60.4 0.01 3 11.4677 0.03
r 60.6 0.01 3 11.3477 0.03
r 60.8 0.01 3 11.2407 0.03
r 61 0.01 3 11.1269 0.03
r 61.2 0.01 3 11.006 0.03
r 61.4 0.01 3 10.8789 0.03
r 61.6 0.01 3 10.792 0.03
r 61.8 0.01 3 10.6596 0.03
r 62 0.01 3 10.5454 0.03
r 62.2 0.01 3 10.4389 0.03
r 62.4 0.01 3 10.3282 0.03
r 62.6 0.01 3 10.2329 0.03
r 62.8 0.01 3 10.1256 0.03
r 63 0.01 3 10.0131 0.03
r 63.2 0.01 3 9.91819 0.03
r 63.4 0.01 3 9.81566 0.03
r 63.6 0.01 3 9.70644 0.03
r 63.8 0.01 3 9.61636 0.03
r 64 0.01 3 9.51581 0.03
r 64.2 0.01 3 9.42697 0.03
r 64.4 0.01 3 9.33522 0.03
r 64.6 0.01 3 9.24109 0.03
r 64.8 0.01 3 9.15337 0.03
r 65 0.01 3 9.03325 0.03
r 65.2 0.01 3 8.97198 0.03
r 65.4 0.01 3 8.84194 0.03
r 65.6 0.01 3 8.74031 0.03
r 65.8 0.01 3 8.67724 0.03
r 66 0.01 3 8.5684 0.03
r 66.2 0.01 3 8.42983 0.03
r 66.4 0.01 3 8.35673 0.03
r 66.6 0.01 3 8.2409 0.03
r 66.8 0.01 3 8.19119 0.03
r 67 0.01 3 8.07198 0.03
r 67.2 0.01 3 7.99406 0.03
r 67.4 0.01 3 7.92534 0.03
r 67.6 0.01 3 7.85316 0.03
r 67.8 0.01 3 7.79614 0.03
r 68 0.01 3 7.73529 0.03
r 68.2 0.01 3 7.68511 0.03
r 68.4 0.01 3 7.61512 0.03
r 68.6 0.01 3 7.57143 0.03
r 68.8 0.01 3 7.50779 0.03
r 69 0.01 3 7.20916 0.03
r 69.2 0.01 3 7.13945 0.03
r 69.4 0.01 3 7.06631 0.03
r 69.6 0.01 3 6.99504 0.03
r 69.8 0.01 3 6.92756 0.03
r 70 0.01 3 6.8627 0.03
r 70.2 0.01 3 6.79904 0.03
r 70.4 0.01 3 6.73775 0.03
r 70.6 0.01 3 6.67834 0.03
r 70.8 0.01 3 6.62168 0.03
r 71 0.01 3 6.56504 0.03
r 71.2 0.01 3 6.50786 0.03
r 71.4 0.01 3 6.45675 0.03
r 71.6 0.01 3 6.40851 0.03
r 71.8 0.01 3 6.36206 0.03
r 72 0.01 3 6.31883 0.03
r 72.2 0.01 3 6.27792 0.03
r 72.4 0.01 3 6.23998 0.03
r 72.6 0.01 3 6.20432 0.03
r 72.8 0.01 3 6.17129 0.03
r 73 0.01 3 6.14029 0.03
r 73.2 0.01 3 6.11297 0.03
r 73.4 0.01 3 6.08773 0.03
r 73.6 0.01 3 6.07304 0.03
r 73.8 0.01 3 6.05021 0.03
r 74 0.01 3 6.03174 0.03
r 74.2 0.01 3 6.01762 0.03
r 74.4 0.01 3 6.0083 0.03
r 74.6 0.01 3 6.004 0.03
r 74.8 0.01 3 6.0027 0.03
r 75 0.01 3 5.99533 0.03
r 75.2 0.01 3 5.99555 0.03
r 75.4 0.01 3 5.99947 0.03
r 75.6 0.01 3 6.00677 0.03
r 75.8 0.01 3 6.01711 0.03
r 76 0.01 3 6.03039 0.03
r 76.2 0.01 3 6.04653 0.03
r 76.4 0.01 3 6.06576 0.03
r 76.6 0.01 3 6.0934 0.03
r 76.8 0.01 3 6.11382 0.03
r 77 0.01 3 6.14038 0.03
r 77.2 0.01 3 6.17081 0.03
r 77.4 0.01 3 6.20387 0.03
r 77.6 0.01 3 6.2393 0.03
r 77.8 0.01 3 6.27762 0.03
r 78 0.01 3 6.3187 0.03
r 78.2 0.01 3 6.36192 0.03
r 78.4 0.01 3 6.40835 0.03
r 78.6 0.01 3 6.45623 0.03
r 78.8 0.01 3 6.50863 0.03
r 79 0.01 3 6.56151 0.03
r 79.2 0.01 3 6.61959 0.03
r 79.4 0.01 3 6.67627 0.03
r 79.6 0.01 3 6.73498 0.03
r 79.8 0.01 3 6.7955 0.03
r 80 0.01 3 6.85899 0.03
r 80.2 0.01 3 6.9256 0.03
r 80.4 0.01 3 6.99406 0.03
r 80.6 0.01 3 7.06192 0.03
r 80.8 0.01 3 7.13481 0.03
r 81 0.01 3 7.21183 0.03
r 81.2 0.01 3 7.286 0.03
r 81.4 0.01 3 7.36327 0.03
r 81.6 0.01 3 7.44237 0.03
r 81.8 0.01 3 7.52272 0.03
r 82 0.01 3 7.60566 0.03
r 82.2 0.01 3 7.68754 0.03
r 82.4 0.01 3 7.76625 0.03
r 82.6 0.01 3 7.8586 0.03
r 82.8 0.01 3 8.59576 0.03
r 83 0.01 3 8.65725 0.03
r 83.2 0.01 3 8.12817 0.03
r 83.4 0.01 3 8.71812 0.03
r 83.6 0.01 3 8.31891 0.03
r 83.8 0.01 3 8.81863 0.03
r 84 0.01 3 8.50159 0.03
r 84.2 0.01 3 8.85111 0.03
r 84.4 0.01 3 8.96004 0.03
r 84.6 0.01 3 8.98231 0.03
r 84.8 0.01 3 9.12628 0.03
r 85 0.01 3 9.00708 0.03
r 85.2 0.01 3 9.1136 0.03
r 85.4 0.01 3 9.19864 0.03
r 85.6 0.01 3 9.30396 0.03
r 85.8 0.01 3 9.39606 0.03
r 86 0.01 3 9.49319 0.03
r 86.2 0.01 3 9.58693 0.03
r 86.4 0.01 3 9.68261 0.03
r 86.6 0.01 3 9.76756 0.03
r 86.8 0.01 3 9.88495 0.03
r 87 0.01 3 9.96994 0.03
r 87.2 0.01 3 10.0808 0.03
r 87.4 0.01 3 10.1588 0.03
r 87.6 0.01 3 10.908 0.03
r 87.8 0.01 3 10.3775 0.03
r 88 0.01 3 10.4532 0.03
r 88.2 0.01 3 11.1014 0.03
r 88.4 0.01 3 11.1769 0.03
r 88.6 0.01 3 11.2494 0.03
r 88.8 0.01 3 11.3224 0.03
r 89 0.01 3 11.5643 0.03
r 89.2 0.01 3 11.4786 0.03
r 89.4 0.01 3 11.56 0.03
r 89.6 0.01 3 11.639 0.03
r 89.8 0.01 3 11.7293 0.03
r 90 0.01 3 11.8105 0.03
r 90.2 0.01 3 12.0476 0.03
r 90.4 0.01 3 11.9852 0.03
r 90.6 0.01 3 12.0738 0.03
r 90.8 0.01 3 12.1615 0.03
r 91 0.01 3 12.3369 0.03
r 91.2 0.01 3 12.5031 0.03
r 91.4 0.01 3 12.5595 0.03
r 91.6 0.01 3 12.8278 0.03
r 91.8 0.01 3 12.7525 0.03
r 92 0.01 3 12.9835 0.03
r 92.2 0.01 3 12.8738 0.03
r 92.4 0.01 3 13.043 0.03
r 92.6 0.01 3 13.1405 0.03
r 92.8 0.01 3 13.2363 0.03
r 93 0.01 3 13.4402 0.03
r 93.2 0.01 3 13.5398 0.03
r 93.4 0.01 3 13.6826 0.03
r 93.6 0.01 3 13.781 0.03
r 93.8 0.01 3 13.8653 0.03
r 94 0.01 3 13.9704 0.03
r 94.2 0.01 3 14.106 0.03
r 94.4 0.01 3 14.201 0.03
r 94.6 0.01 3 14.2814 0.03
r 94.8 0.01 3 14.3896 0.03
r 95 0.01 3 14.5004 0.03
r 95.2 0.01 3 14.5927 0.03
r 95.4 0.01 3 14.7468 0.03
r 95.6 0.01 3 14.8159 0.03
r 95.8 0.01 3 14.9359 0.03
r 96 0.01 3 15.0706 0.03
r 96.2 0.01 3 15.1607 0.03
r 96.4 0.01 3 15.3153 0.03
r 96.6 0.01 3 15.391 0.03
r 96.8 0.01 3 15.4911 0.03
r 97 0.01 3 15.6433 0.03
r 97.2 0.01 3 15.7437 0.03
r 97.4 0.01 3 15.8666 0.03
r 97.6 0.01 3 15.9625 0.03
r 97.8 0.01 3 16.0768 0.03
r 98 0.01 3 16.1943 0.03
r 98.2 0.01 3 16.3165 0.03
r 98.4 0.01 3 16.4305 0.03
r 98.6 0.01 3 16.5451 0.03
r 98.8 0.01 3 16.6563 0.03
r 99 0.01 3 16.9151 0.03
r 99.2 0.01 3 17.0239 0.03
r 99.4 0.01 3 17.1363 0.03
r 99.6 0.01 3 17.2487 0.03
r 99.8 0.01 3 17.3619 0.03
r 100 0.01 3 17.4756 0.03
r 100.2 0.01 3 17.5872 0.03
r 100.4 0.01 3 17.7032 0.03
r 100.6 0.01 3 17.817 0.03
r 100.8 0.01 3 17.9305 0.03
r 101 0.01 3 18.064 0.03
r 101.2 0.01 3 18.1805 0.03
r 101.4 0.01 3 18.2929 0.03
r 101.6 0.01 3 18.4058 0.03
r 101.8 0.01 3 18.5217 0.03
r 102 0.01 3 18.6349 0.03
r 102.2 0.01 3 18.7494 0.03
r 102.4 0.01 3 18.8631 0.03
r 102.6 0.01 3 18.9796 0.03
r 102.8 0.01 3 19.0955 0.03
r 103 0.01 3 19.2123 0.03
r 103.2 0.01 3 19.3287 0.03
r 103.4 0.01 3 19.4455 0.03
r 103.6 0.01 3 19.5626 0.03
r 103.8 0.01 3 19.6796 0.03
r 104 0.01 3 19.7981 0.03
r 104.2 0.01 3 19.9163 0.03
r 104.4 0.01 3 20.0341 0.03
r 104.6 0.01 3 20.1534 0.03
r 104.8 0.01 3 20.2726 0.03
r 105 0.01 3 20.3912 0.03
r 105.2 0.01 3 20.5106 0.03
r 105.4 0.01 3 20.6296 0.03
r 105.6 0.01 3 20.7485 0.03
r 105.8 0.01 3 20.8689 0.03
r 106 0.01 3 20.9877 0.03
r 106.2 0.01 3 21.1073 0.03
r 106.4 0.01 3 21.2278 0.03
r 106.6 0.01 3 21.3466 0.03
r 106.8 0.01 3 21.4671 0.03
r 107 0.01 3 21.5838 0.03
r 107.2 0.01 3 21.7037 0.03
r 107.4 0.01 3 21.8233 0.03
r 107.6 0.01 3 21.9434 0.03
r 107.8 0.01 3 22.0635 0.03
r 108 0.01 3 22.1841 0.03
r 108.2 0.01 3 22.3043 0.03
r 108.4 0.01 3 22.4238 0.03
r 108.6 0.01 3 22.5451 0.03
r 108.8 0.01 3 22.6654 0.03
r 109 0.01 3 22.7829 0.03
r 109.2 0.01 3 22.9038 0.03
r 109.4 0.01 3 23.0234 0.03
r 109.6 0.01 3 23.1435 0.03
r 109.8 0.01 3 23.2651 0.03
r 110 0.01 3 23.3845 0.03
r 110.2 0.01 3 23.5044 0.03
r 110.4 0.01 3 23.6252 0.03
r 110.6 0.01 3 23.7433 0.03
r 110.8 0.01 3 23.8673 0.03
r 111 0.01 3 23.9748 0.03
r 111.2 0.01 3 24.0949 0.03
r 111.4 0.01 3 24.2155 0.03
r 111.6 0.01 3 24.3358 0.03
r 111.8 0.01 3 24.4565 0.03
r 112 0.01 3 24.5781 0.03
r 112.2 0.01 3 24.6985 0.03
r 112.4 0.01 3 24.8192 0.03
r 112.6 0.01 3 24.9403 0.03
r 112.8 0.01 3 25.0611 0.03
r 113 0.01 3 25.1721 0.03
r 113.2 0.01 3 25.2931 0.03
r 113.4 0.01 3 25.4137 0.03
r 113.6 0.01 3 25.5333 0.03
r 113.8 0.01 3 25.6545 0.03
r 114 0.01 3 25.7753 0.03
r 114.2 0.01 3 25.8955 0.03
r 114.4 0.01 3 26.015 0.03
r 114.6 0.01 3 26.1364 0.03
r 114.8 0.01 3 26.2575 0.03
r 115 0.01 3 26.373 0.03
s 85 3 602
r 65 0.01 2 13.4816 0.01
r 65.2 0.01 2 13.3497 0.01
r 65.4 0.01 2 13.2179 0.01
r 65.6 0.01 2 13.0862 0.01
r 65.8 0.01 2 12.9544 0.01
r 66 0.01 2 12.8228 0.01
r 66.2 0.01 2 12.6911 0.01
r 66.4 0.01 2 12.5594 0.01
r 66.6 0.01 2 12.4277 0.01
r 66.8 0.01 2 12.296 0.01
r 67 0.01 2 12.1644 0.01
r 67.2 0.01 2 12.033 0.01
r 67.4 0.01 2 11.9015 0.01
r 67.6 0.01 2 11.7701 0.01
r 67.8 0.01 2 11.6387 0.01
r 68 0.01 2 11.5074 0.01
r 68.2 0.01 2 11.3762 0.01
r 68.4 0.01 2 11.2452 0.01
r 68.6 0.01 2 11.1138 0.01
r 68.8 0.01 2 10.9825 0.01
r 69 0.01 2 10.8513 0.01
r 69.2 0.01 2 10.7203 0.01
r 69.4 0.01 2 10.5894 0.01
r 69.6 0.01 2 10.4585 0.01
r 69.8 0.01 2 10.3276 0.01
r 70 0.01 2 10.1968 0.01
r 70.2 0.01 2 10.0662 0.01
r 70.4 0.01 2 9.93556 0.01
r 70.6 0.01 2 9.80501 0.01
r 70.8 0.01 2 9.67437 0.01
r 71 0.01 2 9.54399 0.01
r 71.2 0.01 2 9.41368 0.01
r 71.4 0.01 2 9.28346 0.01
r 71.6 0.01 2 9.15331 0.01
r 71.8 0.01 2 9.02326 0.01
r 72 0.01 2 8.89327 0.01
r 72.2 0.01 2 8.76335 0.01
r 72.4 0.01 2 8.63394 0.01
r 72.6 0.01 2 8.50421 0.01
r 72.8 0.01 2 8.37441 0.01
r 73 0.01 2 8.24487 0.01
r 73.2 0.01 2 8.11546 0.01
r 73.4 0.01 2 7.98621 0.01
r 73.6 0.01 2 7.85712 0.01
r 73.8 0.01 2 7.72821 0.01
r 74 0.01 2 7.6006 0.01
r 74.2 0.01 2 7.47171 0.01
r 74.4 0.01 2 7.34314 0.01
r 74.6 0.01 2 7.21465 0.01
r 74.8 0.01 2 7.08628 0.01
r 75 0.01 2 6.95875 0.01
r 75.2 0.01 2 6.83109 0.01
r 75.4 0.01 2 6.70364 0.01
r 75.6 0.01 2 6.57656 0.01
r 75.8 0.01 2 6.44977 0.01
r 76 0.01 2 6.32304 0.01
r 76.2 0.01 2 6.19666 0.01
r 76.4 0.01 2 6.07063 0.01
r 76.6 0.01 2 5.94497 0.01
r 76.8 0.01 2 5.81968 0.01
r 77 0.01 2 5.69398 0.01
r 77.2 0.01 2 5.56928 0.01
r 77.4 0.01 2 5.44496 0.01
r 77.6 0.01 2 5.32108 0.01
r 77.8 0.01 2 5.19781 0.01
r 78 0.01 2 5.07479 0.01
r 78.2 0.01 2 4.95246 0.01
r 78.4 0.01 2 4.8307 0.01
r 78.6 0.01 2 4.70959 0.01
r 78.8 0.01 2 4.58909 0.01
r 79 0.01 2 4.46965 0.01
r 79.2 0.01 2 4.35073 0.01
r 79.4 0.01 2 4.23283 0.01
r 79.6 0.01 2 4.11578 0.01
r 79.8 0.01 2 3.99943 0.01
r 80 0.01 2 3.88428 0.01
r 80.2 0.01 2 3.77061 0.01
r 80.4 0.01 2 3.65821 0.01
r 80.6 0.01 2 3.54711 0.01
r 80.8 0.01 2 3.43753 0.01
r 81 0.01 2 3.32994 0.01
r 81.2 0.01 2 3.22403 0.01
r 81.4 0.01 2 3.12032 0.01
r 81.6 0.01 2 3.01896 0.01
r 81.8 0.01 2 2.92022 0.01
r 82 0.01 2 2.82404 0.01
r 82.2 0.01 2 2.73094 0.01
r 82.4 0.01 2 2.64104 0.01
r 82.6 0.01 2 2.55483 0.01
r 82.8 0.01 2 2.47222 0.01
r 83 0.01 2 2.39403 0.01
r 83.2 0.01 2 2.32053 0.01
r 83.4 0.01 2 2.25214 0.01
r 83.6 0.01 2 2.18956 0.01
r 83.8 0.01 2 2.13234 0.01
r 84 0.01 2 2.08269 0.01
r 84.2 0.01 2 2.04103 0.01
r 84.4 0.01 2 2.00812 0.01
r 84.6 0.01 2 1.98264 0.01
r 84.8 0.01 2 1.96593 0.01
r 85 0.01 2 1.96091 0.01
r 85.2 0.01 2 1.96151 0.01
r 85.4 0.01 2 1.96964 0.01
r 85.6 0.01 2 1.98716 0.01
r 85.8 0.01 2 2.0132 0.01
r 86 0.01 2 2.04721 0.01
r 86.2 0.01 2 2.08843 0.01
r 86.4 0.01 2 2.1365 0.01
r 86.6 0.01 2 2.19167 0.01
r 86.8 0.01 2 2.25444 0.01
r 87 0.01 2 2.3212 0.01
r 87.2 0.01 2 2.39415 0.01
r 87.4 0.01 2 2.47113 0.01
r 87.6 0.01 2 2.55257 0.01
r 87.8 0.01 2 2.63769 0.01
r 88 0.01 2 2.72664 0.01
r 88.2 0.01 2 2.81866 0.01
r 88.4 0.01 2 2.91353 0.01
r 88.6 0.01 2 3.01087 0.01
r 88.8 0.01 2 3.11025 0.01
r 89 0.01 2 3.21235 0.01
r 89.2 0.01 2 3.31517 0.01
r 89.4 0.01 2 3.41996 0.01
r 89.6 0.01 2 3.52641 0.01
r 89.8 0.01 2 3.63416 0.01
r 90 0.01 2 3.74327 0.01
r 90.2 0.01 2 3.85391 0.01
r 90.4 0.01 2 3.96464 0.01
r 90.6 0.01 2 4.07573 0.01
r 90.8 0.01 2 4.1893 0.01
r 91 0.01 2 4.30141 0.01
r 91.2 0.01 2 4.41562 0.01
r 91.4 0.01 2 4.52984 0.01
r 91.6 0.01 2 4.64583 0.01
r 91.8 0.01 2 4.76104 0.01
r 92 0.01 2 4.87684 0.01
r 92.2 0.01 2 4.9927 0.01
r 92.4 0.01 2 5.1099 0.01
r 92.6 0.01 2 5.22696 0.01
r 92.8 0.01 2 5.34534 0.01
r 93 0.01 2 5.46157 0.01
r 93.2 0.01 2 5.57965 0.01
r 93.4 0.01 2 5.69787 0.01
r 93.6 0.01 2 5.8165 0.01
r 93.8 0.01 2 5.93482 0.01
r 94 0.01 2 6.05387 0.01
r 94.2 0.01 2 6.17331 0.01
r 94.4 0.01 2 6.29178 0.01
r 94.6 0.01 2 6.41038 0.01
r 94.8 0.01 2 6.53058 0.01
r 95 0.01 2 6.64928 0.01
r 95.2 0.01 2 6.76843 0.01
r 95.4 0.01 2 6.88799 0.01
r 95.6 0.01 2 7.00793 0.01
r 95.8 0.01 2 7.12756 0.01
r 96 0.01 2 7.24718 0.01
r 96.2 0.01 2 7.36763 0.01
r 96.4 0.01 2 7.48818 0.01
r 96.6 0.01 2 7.60743 0.01
r 96.8 0.01 2 7.72734 0.01
r 97 0.01 2 7.84758 0.01
r 97.2 0.01 2 7.968 0.01
r 97.4 0.01 2 8.08827 0.01
r 97.6 0.01 2 8.20848 0.01
r 97.8 0.01 2 8.32882 0.01
r 98 0.01 2 8.44852 0.01
r 98.2 0.01 2 8.57028 0.01
r 98.4 0.01 2 8.68984 0.01
r 98.6 0.01 2 8.81058 0.01
r 98.8 0.01 2 8.93068 0.01
r 99 0.01 2 9.05555 0.01
r 99.2 0.01 2 9.17439 0.01
r 99.4 0.01 2 9.29704 0.01
r 99.6 0.01 2 9.41482 0.01
r 99.8 0.01 2 9.53663 0.01
r 100 0.01 2 9.65724 0.01
r 100.2 0.01 2 9.77688 0.01
r 100.4 0.01 2 9.89846 0.01
r 100.6 0.01 2 10.0202 0.01
r 100.8 0.01 2 10.1374 0.01
r 101 0.01 2 10.2587 0.01
r 101.2 0.01 2 10.3817 0.01
r 101.4 0.01 2 10.5051 0.01
r 101.6 0.01 2 10.6246 0.01
r 101.8 0.01 2 10.7463 0.01
r 102 0.01 2 10.865 0.01
r 102.2 0.01 2 10.9865 0.01
r 102.4 0.01 2 11.112 0.01
r 102.6 0.01 2 11.2307 0.01
r 102.8 0.01 2 11.3514 0.01
r 103 0.01 2 11.4712 0.01
r 103.2 0.01 2 11.5918 0.01
r 103.4 0.01 2 11.7136 0.01
r 103.6 0.01 2 11.8329 0.01
r 103.8 0.01 2 11.9552 0.01
r 104 0.01 2 12.0747 0.01
r 104.2 0.01 2 12.1968 0.01
r 104.4 0.01 2 12.3177 0.01
r 104.6 0.01 2 12.4377 0.01
r 104.8 0.01 2 12.5646 0.01
r 105 0.01 2 12.6806 0.01
r 45 0.01 3 27.345 0.03
r 45.2 0.01 3 27.2141 0.03
r 45.4 0.01 3 27.0833 0.03
r 45.6 0.01 3 26.9525 0.03
r 45.8 0.01 3 26.823 0.03
r 46 0.01 3 26.6925 0.03
r 46.2 0.01 3 26.562 0.03
r 46.4 0.01 3 26.4319 0.03
r 46.6 0.01 3 26.3019 0.03
r 46.8 0.01 3 26.1717 0.03
r 47 0.01 3 26.0663 0.03
r 47.2 0.01 3 25.9355 0.03
r 47.4 0.01 3 25.8049 0.03
r 47.6 0.01 3 25.6742 0.03
r 47.8 0.01 3 25.5433 0.03
r 48 0.01 3 25.4128 0.03
r 48.2 0.01 3 25.2823 0.03
r 48.4 0.01 3 25.1518 0.03
r 48.6 0.01 3 25.0214 0.03
r 48.8 0.01 3 24.8911 0.03
r 49 0.01 3 24.815 0.03
r 49.2 0.01 3 24.6841 0.03
r 49.4 0.01 3 24.5533 0.03
r 49.6 0.01 3 24.4226 0.03
r 49.8 0.01 3 24.2919 0.03
r 50 0.01 3 24.1612 0.03
r 50.2 0.01 3 24.0307 0.03
r 50.4 0.01 3 23.9003 0.03
r 50.6 0.01 3 23.7697 0.03
r 50.8 0.01 3 23.6394 0.03
r 51 0.01 3 23.5836 0.03
r 51.2 0.01 3 23.4523 0.03
r 51.4 0.01 3 23.3581 0.03
r 51.6 0.01 3 23.1893 0.03
r 51.8 0.01 3 23.0952 0.03
r 52 0.01 3 22.9295 0.03
r 52.2 0.01 3 22.8321 0.03
r 52.4 0.01 3 22.7031 0.03
r 52.6 0.01 3 22.5726 0.03
r 52.8 0.01 3 22.4082 0.03
r 53 0.01 3 22.3587 0.03
r 53.2 0.01 3 22.1738 0.03
r 53.4 0.01 3 22.0522 0.03
r 53.6 0.01 3 21.9152 0.03
r 53.8 0.01 3 21.7778 0.03
r 54 0.01 3 21.6583 0.03
r 54.2 0.01 3 21.5261 0.03
r 54.4 0.01 3 21.3932 0.03
r 54.6 0.01 3 21.2634 0.03
r 54.8 0.01 3 21.13 0.03
r 55 0.01 3 21.1058 0.03
r 55.2 0.01 3 20.9749 0.03
r 55.4 0.01 3 20.8439 0.03
r 55.6 0.01 3 20.713 0.03
r 55.8 0.01 3 20.5823 0.03
r 56 0.01 3 20.4517 0.03
r 56.2 0.01 3 20.3212 0.03
r 56.4 0.01 3 20.1907 0.03
r 56.6 0.01 3 20.06 0.03
r 56.8 0.01 3 19.9306 0.03
r 57 0.01 3 19.8881 0.03
r 57.2 0.01 3 19.7822 0.03
r 57.4 0.01 3 19.6573 0.03
r 57.6 0.01 3 19.6284 0.03
r 57.8 0.01 3 19.3657 0.03
r 58 0.01 3 19.2261 0.03
r 58.2 0.01 3 19.0964 0.03
r 58.4 0.01 3 18.9455 0.03
r 58.6 0.01 3 18.8362 0.03
r 58.8 0.01 3 18.6634 0.03
r 59 0.01 3 18.5907 0.03
r 59.2 0.01 3 18.7111 0.03
r 59.4 0.01 3 18.5742 0.03
r 59.6 0.01 3 18.3586 0.03
r 59.8 0.01 3 18.1157 0.03
r 60 0.01 3 17.9913 0.03
r 60.2 0.01 3 17.8192 0.03
r 60.4 0.01 3 17.7701 0.03
r 60.6 0.01 3 17.6022 0.03
r 60.8 0.01 3 17.4361 0.03
r 61 0.01 3 17.3668 0.03
r 61.2 0.01 3 17.2337 0.03
r 61.4 0.01 3 17.1092 0.03
r 61.6 0.01 3 17.1339 0.03
r 61.8 0.01 3 16.7842 0.03
r 62 0.01 3 16.7172 0.03
r 62.2 0.01 3 16.4455 0.03
r 62.4 0.01 3 16.4603 0.03
r 62.6 0.01 3 16.3464 0.03
r 62.8 0.01 3 16.1911 0.03
r 63 0.01 3 16.2935 0.03
r 63.2 0.01 3 16.1352 0.03
r 63.4 0.01 3 15.9713 0.03
r 63.6 0.01 3 15.8169 0.03
r 63.8 0.01 3 15.6988 0.03
r 64 0.01 3 15.37 0.03
r 64.2 0.01 3 15.4412 0.03
r 64.4 0.01 3 15.3115 0.03
r 64.6 0.01 3 15.2437 0.03
r 64.8 0.01 3 15.0502 0.03
r 65 0.01 3 15.0629 0.03
r 65.2 0.01 3 14.9175 0.03
r 65.4 0.01 3 14.594 0.03
r 65.6 0.01 3 14.4115 0.03
r 65.8 0.01 3 14.2667 0.03
r 66 0.01 3 14.1341 0.03
r 66.2 0.01 3 14.0266 0.03
r 66.4 0.01 3 13.9328 0.03
r 66.6 0.01 3 13.7878 0.03
r 66.8 0.01 3 13.9018 0.03
r 67 0.01 3 13.5279 0.03
r 67.2 0.01 3 13.6623 0.03
r 67.4 0.01 3 13.2887 0.03
r 67.6 0.01 3 13.238 0.03
r 67.8 0.01 3 13.0335 0.03
r 68 0.01 3 12.9987 0.03
r 68.2 0.01 3 13.1446 0.03
r 68.4 0.01 3 12.7969 0.03
r 68.6 0.01 3 12.6504 0.03
r 68.8 0.01 3 12.5189 0.03
r 69 0.01 3 12.4958 0.03
r 69.2 0.01 3 12.4609 0.03
r 69.4 0.01 3 12.1391 0.03
r 69.6 0.01 3 12.0735 0.03
r 69.8 0.01 3 11.9408 0.03
r 70 0.01 3 11.8381 0.03
r 70.2 0.01 3 11.8389 0.03
r 70.4 0.01 3 11.6342 0.03
r 70.6 0.01 3 11.4663 0.03
r 70.8 0.01 3 11.452 0.03
r 71 0.01 3 11.3311 0.03
r 71.2 0.01 3 11.2096 0.03
r 71.4 0.01 3 11.0925 0.03
r 71.6 0.01 3 10.9779 0.03
r 71.8 0.01 3 10.7715 0.03
r 72 0.01 3 10.6421 0.03
r 72.2 0.01 3 10.6127 0.03
r 72.4 0.01 3 10.4215 0.03
r 72.6 0.01 3 10.4264 0.03
r 72.8 0.01 3 10.1951 0.03
r 73 0.01 3 10.105 0.03
r 73.2 0.01 3 9.98037 0.03
r 73.4 0.01 3 9.86325 0.03
r 73.6 0.01 3 9.75778 0.03
r 73.8 0.01 3 9.65202 0.03
r 74 0.01 3 9.53579 0.03
r 74.2 0.01 3 9.43004 0.03
r 74.4 0.01 3 9.32396 0.03
r 74.6 0.01 3 9.22617 0.03
r 74.8 0.01 3 9.13796 0.03
r 75 0.01 3 9.00503 0.03
r 75.2 0.01 3 8.90203 0.03
r 75.4 0.01 3 8.79653 0.03
r 75.6 0.01 3 8.70148 0.03
r 75.8 0.01 3 8.59928 0.03
r 76 0.01 3 8.50448 0.03
r 76.2 0.01 3 8.40705 0.03
r 76.4 0.01 3 8.30412 0.03
r 76.6 0.01 3 8.22353 0.03
r 76.8 0.01 3 8.12694 0.03
r 77 0.01 3 8.04307 0.03
r 77.2 0.01 3 7.94893 0.03
r 77.4 0.01 3 7.8598 0.03
r 77.6 0.01 3 7.76969 0.03
r 77.8 0.01 3 7.68474 0.03
r 78 0.01 3 7.60056 0.03
r 78.2 0.01 3 7.51791 0.03
r 78.4 0.01 3 7.43683 0.03
r 78.6 0.01 3 7.3564 0.03
r 78.8 0.01 3 7.28872 0.03
r 79 0.01 3 7.20635 0.03
r 79.2 0.01 3 7.13175 0.03
r 79.4 0.01 3 7.05967 0.03
r 79.6 0.01 3 6.98783 0.03
r 79.8 0.01 3 6.91926 0.03
r 80 0.01 3 6.85243 0.03
r 80.2 0.01 3 6.78877 0.03
r 80.4 0.01 3 6.72584 0.03
r 80.6 0.01 3 6.6649 0.03
r 80.8 0.01 3 6.6056 0.03
r 81 0.01 3 6.54999 0.03
r 81.2 0.01 3 6.49594 0.03
r 81.4 0.01 3 6.4446 0.03
r 81.6 0.01 3 6.63118 0.03
r 81.8 0.01 3 6.34805 0.03
r 82 0.01 3 6.30258 0.03
r 82.2 0.01 3 6.26121 0.03
r 82.4 0.01 3 6.22206 0.03
r 82.6 0.01 3 6.18555 0.03
r 82.8 0.01 3 6.1482 0.03
r 83 0.01 3 6.11255 0.03
r 83.2 0.01 3 6.08082 0.03
r 83.4 0.01 3 6.0513 0.03
r 83.6 0.01 3 6.03575 0.03
r 83.8 0.01 3 6.00692 0.03
r 84 0.01 3 5.97063 0.03
r 84.2 0.01 3 5.94768 0.03
r 84.4 0.01 3 5.92608 0.03
r 84.6 0.01 3 5.90907 0.03
r 84.8 0.01 3 5.89626 0.03
r 85 0.01 3 5.8826 0.03
r 85.2 0.01 3 5.87531 0.03
r 85.4 0.01 3 5.86853 0.03
r 85.6 0.01 3 5.86594 0.03
r 85.8 0.01 3 5.8664 0.03
r 86 0.01 3 5.87068 0.03
r 86.2 0.01 3 5.87848 0.03
r 86.4 0.01 3 5.89488 0.03
r 86.6 0.01 3 5.91102 0.03
r 86.8 0.01 3 5.93068 0.03
r 87 0.01 3 5.95538 0.03
r 87.2 0.01 3 5.98305 0.03
r 87.4 0.01 3 6.01383 0.03
r 87.6 0.01 3 6.04889 0.03
r 87.8 0.01 3 6.09362 0.03
r 88 0.01 3 6.1294 0.03
r 88.2 0.01 3 6.16609 0.03
r 88.4 0.01 3 6.20785 0.03
r 88.6 0.01 3 6.25358 0.03
r 88.8 0.01 3 6.30047 0.03
r 89 0.01 3 6.35285 0.03
r 89.2 0.01 3 6.40638 0.03
r 89.4 0.01 3 6.45656 0.03
r 89.6 0.01 3 6.51404 0.03
r 89.8 0.01 3 6.57241 0.03
r 90 0.01 3 6.63517 0.03
r 90.2 0.01 3 6.69735 0.03
r 90.4 0.01 3 6.76338 0.03
r 90.6 0.01 3 6.82938 0.03
r 90.8 0.01 3 6.89956 0.03
r 91 0.01 3 6.97239 0.03
r 91.2 0.01 3 7.38574 0.03
r 91.4 0.01 3 7.11817 0.03
r 91.6 0.01 3 7.34249 0.03
r 91.8 0.01 3 7.40324 0.03
r 92 0.01 3 7.45975 0.03
r 92.2 0.01 3 7.52718 0.03
r 92.4 0.01 3 7.59068 0.03
r 92.6 0.01 3 7.66295 0.03
r 92.8 0.01 3 7.73322 0.03
r 93 0.01 3 7.8054 0.03
r 93.2 0.01 3 7.87753 0.03
r 93.4 0.01 3 7.95808 0.03
r 93.6 0.01 3 8.03833 0.03
r 93.8 0.01 3 8.12169 0.03
r 94 0.01 3 8.21395 0.03
r 94.2 0.01 3 8.29104 0.03
r 94.4 0.01 3 8.38178 0.03
r 94.6 0.01 3 8.47785 0.03
r 94.8 0.01 3 8.57185 0.03
r 95 0.01 3 8.71422 0.03
r 95.2 0.01 3 8.79482 0.03
r 95.4 0.01 3 8.89521 0.03
r 95.6 0.01 3 8.99608 0.03
r 95.8 0.01 3 9.08202 0.03
r 96 0.01 3 9.17459 0.03
r 96.2 0.01 3 9.26786 0.03
r 96.4 0.01 3 9.38466 0.03
r 96.6 0.01 3 9.45268 0.03
r 96.8 0.01 3 9.56482 0.03
r 97 0.01 3 9.67285 0.03
r 97.2 0.01 3 9.76794 0.03
r 97.4 0.01 3 9.8679 0.03
r 97.6 0.01 3 9.96766 0.03
r 97.8 0.01 3 10.0689 0.03
r 98 0.01 3 10.171 0.03
r 98.2 0.01 3 10.2755 0.03
r 98.4 0.01 3 10.3804 0.03
r 98.6 0.01 3 10.4866 0.03
r 98.8 0.01 3 10.5916 0.03
r 99 0.01 3 10.8024 0.03
r 99.2 0.01 3 10.8973 0.03
r 99.4 0.01 3 10.9893 0.03
r 99.6 0.01 3 11.0944 0.03
r 99.8 0.01 3 11.1949 0.03
r 100 0.01 3 11.2908 0.03
r 100.2 0.01 3 11.3997 0.03
r 100.4 0.01 3 11.504 0.03
r 100.6 0.01 3 11.6102 0.03
r 100.8 0.01 3 11.7118 0.03
r 101 0.01 3 11.8208 0.03
r 101.2 0.01 3 11.9309 0.03
r 101.4 0.01 3 12.0422 0.03
r 101.6 0.01 3 12.1549 0.03
r 101.8 0.01 3 12.267 0.03
r 102 0.01 3 12.3796 0.03
r 102.2 0.01 3 12.493 0.03
r 102.4 0.01 3 12.6071 0.03
r 102.6 0.01 3 12.7206 0.03
r 102.8 0.01 3 12.8366 0.03
r 103 0.01 3 12.9273 0.03
r 103.2 0.01 3 13.0383 0.03
r 103.4 0.01 3 13.1497 0.03
r 103.6 0.01 3 13.261 0.03
r 103.8 0.01 3 13.3726 0.03
r 104 0.01 3 13.4862 0.03
r 104.2 0.01 3 13.5995 0.03
r 104.4 0.01 3 13.7142 0.03
r 104.6 0.01 3 13.8297 0.03
r 104.8 0.01 3 13.9444 0.03
r 105 0.01 3 14.0597 0.03
r 105.2 0.01 3 14.1769 0.03
r 105.4 0.01 3 14.2917 0.03
r 105.6 0.01 3 14.4102 0.03
r 105.8 0.01 3 14.5275 0.03
r 106 0.01 3 14.6444 0.03
r 106.2 0.01 3 14.7623 0.03
r 106.4 0.01 3 14.8804 0.03
r 106.6 0.01 3 14.9972 0.03
r 106.8 0.01 3 15.1157 0.03
r 107 0.01 3 15.2477 0.03
r 107.2 0.01 3 15.3636 0.03
r 107.4 0.01 3 15.4767 0.03
r 107.6 0.01 3 15.5883 0.03
r 107.8 0.01 3 15.7018 0.03
r 108 0.01 3 15.8169 0.03
r 108.2 0.01 3 15.9321 0.03
r 108.4 0.01 3 16.046 0.03
r 108.6 0.01 3 16.1626 0.03
r 108.8 0.01 3 16.2788 0.03
r 109 0.01 3 16.3955 0.03
r 109.2 0.01 3 16.5127 0.03
r 109.4 0.01 3 16.6297 0.03
r 109.6 0.01 3 16.7461 0.03
r 109.8 0.01 3 16.8642 0.03
r 110 0.01 3 16.9824 0.03
r 110.2 0.01 3 17.1005 0.03
r 110.4 0.01 3 17.2179 0.03
r 110.6 0.01 3 17.3368 0.03
r 110.8 0.01 3 17.4552 0.03
r 111 0.01 3 17.5745 0.03
r 111.2 0.01 3 17.6931 0.03
r 111.4 0.01 3 17.8117 0.03
r 111.6 0.01 3 17.9313 0.03
r 111.8 0.01 3 18.05 0.03
r 112 0.01 3 18.1696 0.03
r 112.2 0.01 3 18.2891 0.03
r 112.4 0.01 3 18.4093 0.03
r 112.6 0.01 3 18.5295 0.03
r 112.8 0.01 3 18.6488 0.03
r 113 0.01 3 18.7678 0.03
r 113.2 0.01 3 18.886 0.03
r 113.4 0.01 3 19.0053 0.03
r 113.6 0.01 3 19.125 0.03
r 113.8 0.01 3 19.2436 0.03
r 114 0.01 3 19.3634 0.03
r 114.2 0.01 3 19.4826 0.03
r 114.4 0.01 3 19.6024 0.03
r 114.6 0.01 3 19.7219 0.03
r 114.8 0.01 3 19.8418 0.03
r 115 0.01 3 19.9599 0.03
r 115.2 0.01 3 20.0795 0.03
r 115.4 0.01 3 20.1997 0.03
r 115.6 0.01 3 20.3194 0.03
r 115.8 0.01 3 20.4406 0.03
r 116 0.01 3 20.5601 0.03
r 116.2 0.01 3 20.6806 0.03
r 116.4 0.01 3 20.8022 0.03
r 116.6 0.01 3 20.9238 0.03
r 116.8 0.01 3 21.0473 0.03
r 117 0.01 3 21.169 0.03
r 117.2 0.01 3 21.2919 0.03
r 117.4 0.01 3 21.4173 0.03
r 117.6 0.01 3 21.5428 0.03
r 117.8 0.01 3 21.6691 0.03
r 118 0.01 3 21.7953 0.03
r 118.2 0.01 3 21.9221 0.03
r 118.4 0.01 3 22.0498 0.03
r 118.6 0.01 3 22.1772 0.03
r 118.8 0.01 3 22.306 0.03
r 119 0.01 3 22.4396 0.03
r 119.2 0.01 3 22.5688 0.03
r 119.4 0.01 3 22.6974 0.03
r 119.6 0.01 3 22.8275 0.03
r 119.8 0.01 3 22.9573 0.03
r 120 0.01 3 23.0868 0.03
r 120.2 0.01 3 23.2172 0.03
r 120.4 0.01 3 23.347 0.03
r 120.6 0.01 3 23.4781 0.03
r 120.8 0.01 3 23.609 0.03
r 121 0.01 3 23.7389 0.03
r 121.2 0.01 3 23.8691 0.03
r 121.4 0.01 3 24.0013 0.03
r 121.6 0.01 3 24.132 0.03
r 121.8 0.01 3 24.2637 0.03
r 122 0.01 3 24.3953 0.03
r 122.2 0.01 3 24.5266 0.03
r 122.4 0.01 3 24.6583 0.03
r 122.6 0.01 3 24.79 0.03
r 122.8 0.01 3 24.9221 0.03
r 123 0.01 3 25.0531 0.03
r 123.2 0.01 3 25.1842 0.03
r 123.4 0.01 3 25.315 0.03
r 123.6 0.01 3 25.4477 0.03
r 123.8 0.01 3 25.5812 0.03
r 124 0.01 3 25.7121 0.03
r 124.2 0.01 3 25.8423 0.03
r 124.4 0.01 3 25.9754 0.03
r 124.6 0.01 3 26.106 0.03
r 124.8 0.01 3 26.2383 0.03
r 125 0.01 3 26.3804 0.03
s 95 3 602
r 75 0.01 2 13.065 0.01
r 75.2 0.01 2 12.9324 0.01
r 75.4 0.01 2 12.8003 0.01
r 75.6 0.01 2 12.6678 0.01
r 75.8 0.01 2 12.5354 0.01
r 76 0.01 2 12.4031 0.01
r 76.2 0.01 2 12.2707 0.01
r 76.4 0.01 2 12.1384 0.01
r 76.6 0.01 2 12.0062 0.01
r 76.8 0.01 2 11.874 0.01
r 77 0.01 2 11.7417 0.01
r 77.2 0.01 2 11.6094 0.01
r 77.4 0.01 2 11.4773 0.01
r 77.6 0.01 2 11.3457 0.01
r 77.8 0.01 2 11.2138 0.01
r 78 0.01 2 11.0821 0.01
r 78.2 0.01 2 10.9504 0.01
r 78.4 0.01 2 10.8188 0.01
r 78.6 0.01 2 10.6873 0.01
r 78.8 0.01 2 10.5555 0.01
r 79 0.01 2 10.4244 0.01
r 79.2 0.01 2 10.2932 0.01
r 79.4 0.01 2 10.1624 0.01
r 79.6 0.01 2 10.0314 0.01
r 79.8 0.01 2 9.90095 0.01
r 80 0.01 2 9.77033 0.01
r 80.2 0.01 2 9.64044 0.01
r 80.4 0.01 2 9.51048 0.01
r 80.6 0.01 2 9.38081 0.01
r 80.8 0.01 2 9.25154 0.01
r 81 0.01 2 9.12277 0.01
r 81.2 0.01 2 8.99383 0.01
r 81.4 0.01 2 8.86599 0.01
r 81.6 0.01 2 8.73769 0.01
r 81.8 0.01 2 8.61071 0.01
r 82 0.01 2 8.48394 0.01
r 82.2 0.01 2 8.35689 0.01
r 82.4 0.01 2 8.231 0.01
r 82.6 0.01 2 8.10582 0.01
r 82.8 0.01 2 7.98112 0.01
r 83 0.01 2 7.85703 0.01
r 83.2 0.01 2 7.73399 0.01
r 83.4 0.01 2 7.6111 0.01
r 83.6 0.01 2 7.49125 0.01
r 83.8 0.01 2 7.36795 0.01
r 84 0.01 2 7.24716 0.01
r 84.2 0.01 2 7.12724 0.01
r 84.4 0.01 2 7.00752 0.01
r 84.6 0.01 2 6.88788 0.01
r 84.8 0.01 2 6.76837 0.01
r 85 0.01 2 6.65125 0.01
r 85.2 0.01 2 6.53082 0.01
r 85.4 0.01 2 6.41068 0.01
r 85.6 0.01 2 6.29293 0.01
r 85.8 0.01 2 6.17352 0.01
r 86 0.01 2 6.05417 0.01
r 86.2 0.01 2 5.93501 0.01
r 86.4 0.01 2 5.81716 0.01
r 86.6 0.01 2 5.69725 0.01
r 86.8 0.01 2 5.5796 0.01
r 87 0.01 2 5.4626 0.01
r 87.2 0.01 2 5.34451 0.01
r 87.4 0.01 2 5.22641 0.01
r 87.6 0.01 2 5.10929 0.01
r 87.8 0.01 2 4.99259 0.01
r 88 0.01 2 4.87639 0.01
r 88.2 0.01 2 4.76068 0.01
r 88.4 0.01 2 4.64546 0.01
r 88.6 0.01 2 4.53008 0.01
r 88.8 0.01 2 4.41606 0.01
r 89 0.01 2 4.30139 0.01
r 89.2 0.01 2 4.18825 0.01
r 89.4 0.01 2 4.07566 0.01
r 89.6 0.01 2 3.96414 0.01
r 89.8 0.01 2 3.85346 0.01
r 90 0.01 2 3.74323 0.01
r 90.2 0.01 2 3.63451 0.01
r 90.4 0.01 2 3.5269 0.01
r 90.6 0.01 2 3.42085 0.01
r 90.8 0.01 2 3.31794 0.01
r 91 0.01 2 3.21214 0.01
r 91.2 0.01 2 3.11086 0.01
r 91.4 0.01 2 3.01154 0.01
r 91.6 0.01 2 2.9139 0.01
r 91.8 0.01 2 2.81895 0.01
r 92 0.01 2 2.72686 0.01
r 92.2 0.01 2 2.6378 0.01
r 92.4 0.01 2 2.55119 0.01
r 92.6 0.01 2 2.46903 0.01
r 92.8 0.01 2 2.39083 0.01
r 93 0.01 2 2.31725 0.01
r 93.2 0.01 2 2.24846 0.01
r 93.4 0.01 2 2.18458 0.01
r 93.6 0.01 2 2.12729 0.01
r 93.8 0.01 2 2.07583 0.01
r 94 0.01 2 2.03166 0.01
r 94.2 0.01 2 1.99496 0.01
r 94.4 0.01 2 1.96553 0.01
r 94.6 0.01 2 1.94394 0.01
r 94.8 0.01 2 1.93219 0.01
r 95 0.01 2 1.92884 0.01
r 95.2 0.01 2 1.93324 0.01
r 95.4 0.01 2 1.94471 0.01
r 95.6 0.01 2 1.9651 0.01
r 95.8 0.01 2 1.9942 0.01
r 96 0.01 2 2.03124 0.01
r 96.2 0.01 2 2.07557 0.01
r 96.4 0.01 2 2.12682 0.01
r 96.6 0.01 2 2.18445 0.01
r 96.8 0.01 2 2.24816 0.01
r 97 0.01 2 2.31814 0.01
r 97.2 0.01 2 2.39202 0.01
r 97.4 0.01 2 2.46964 0.01
r 97.6 0.01 2 2.55149 0.01
r 97.8 0.01 2 2.63722 0.01
r 98 0.01 2 2.72639 0.01
r 98.2 0.01 2 2.81859 0.01
r 98.4 0.01 2 2.91353 0.01
r 98.6 0.01 2 3.01086 0.01
r 98.8 0.01 2 3.11025 0.01
r 99 0.01 2 3.21235 0.01
r 99.2 0.01 2 3.31517 0.01
r 99.4 0.01 2 3.41996 0.01
r 99.6 0.01 2 3.52641 0.01
r 99.8 0.01 2 3.63417 0.01
r 100 0.01 2 3.74325 0.01
r 100.2 0.01 2 3.85391 0.01
r 100.4 0.01 2 3.96464 0.01
r 100.6 0.01 2 4.07573 0.01
r 100.8 0.01 2 4.1893 0.01
r 101 0.01 2 4.30136 0.01
r 101.2 0.01 2 4.41562 0.01
r 101.4 0.01 2 4.52984 0.01
r 101.6 0.01 2 4.6457 0.01
r 101.8 0.01 2 4.76104 0.01
r 102 0.01 2 4.87684 0.01
r 102.2 0.01 2 4.9927 0.01
r 102.4 0.01 2 5.1099 0.01
r 102.6 0.01 2 5.22679 0.01
r 102.8 0.01 2 5.34389 0.01
r 103 0.01 2 5.46157 0.01
r 103.2 0.01 2 5.57965 0.01
r 103.4 0.01 2 5.69787 0.01
r 103.6 0.01 2 5.8165 0.01
r 103.8 0.01 2 5.93482 0.01
r 104 0.01 2 6.05387 0.01
r 104.2 0.01 2 6.17331 0.01
r 104.4 0.01 2 6.29178 0.01
r 104.6 0.01 2 6.41038 0.01
r 104.8 0.01 2 6.53058 0.01
r 105 0.01 2 6.64928 0.01
r 105.2 0.01 2 6.76854 0.01
r 105.4 0.01 2 6.88799 0.01
r 105.6 0.01 2 7.00793 0.01
r 105.8 0.01 2 7.12769 0.01
r 106 0.01 2 7.24718 0.01
r 106.2 0.01 2 7.36763 0.01
r 106.4 0.01 2 7.48818 0.01
r 106.6 0.01 2 7.60743 0.01
r 106.8 0.01 2 7.72734 0.01
r 107 0.01 2 7.84758 0.01
r 107.2 0.01 2 7.968 0.01
r 107.4 0.01 2 8.0884 0.01
r 107.6 0.01 2 8.20839 0.01
r 107.8 0.01 2 8.32882 0.01
r 108 0.01 2 8.44852 0.01
r 108.2 0.01 2 8.57028 0.01
r 108.4 0.01 2 8.68981 0.01
r 108.6 0.01 2 8.81051 0.01
r 108.8 0.01 2 8.9308 0.01
r 109 0.01 2 9.05562 0.01
r 109.2 0.01 2 9.17661 0.01
r 109.4 0.01 2 9.29704 0.01
r 109.6 0.01 2 9.41482 0.01
r 109.8 0.01 2 9.53663 0.01
r 110 0.01 2 9.65736 0.01
r 110.2 0.01 2 9.77688 0.01
r 110.4 0.01 2 9.89818 0.01
r 110.6 0.01 2 10.0202 0.01
r 110.8 0.01 2 10.1374 0.01
r 111 0.01 2 10.2589 0.01
r 111.2 0.01 2 10.382 0.01
r 111.4 0.01 2 10.5051 0.01
r 111.6 0.01 2 10.6246 0.01
r 111.8 0.01 2 10.7464 0.01
r 112 0.01 2 10.8698 0.01
r 112.2 0.01 2 10.9869 0.01
r 112.4 0.01 2 11.1105 0.01
r 112.6 0.01 2 11.2319 0.01
r 112.8 0.01 2 11.3514 0.01
r 113 0.01 2 11.4712 0.01
r 113.2 0.01 2 11.5917 0.01
r 113.4 0.01 2 11.7136 0.01
r 113.6 0.01 2 11.8329 0.01
r 113.8 0.01 2 11.9534 0.01
r 114 0.01 2 12.0769 0.01
r 114.2 0.01 2 12.1967 0.01
r 114.4 0.01 2 12.3177 0.01
r 114.6 0.01 2 12.4407 0.01
r 114.8 0.01 2 12.5646 0.01
r 115 0.01 2 12.6796 0.01
r 55 0.01 3 26.9318 0.03
r 55.2 0.01 3 26.8008 0.03
r 55.4 0.01 3 26.6704 0.03
r 55.6 0.01 3 26.5396 0.03
r 55.8 0.01 3 26.4088 0.03
r 56 0.01 3 26.2785 0.03
r 56.2 0.01 3 26.1483 0.03
r 56.4 0.01 3 26.0197 0.03
r 56.6 0.01 3 25.8876 0.03
r 56.8 0.01 3 25.7575 0.03
r 57 0.01 3 25.6464 0.03
r 57.2 0.01 3 25.5231 0.03
r 57.4 0.01 3 25.3922 0.03
r 57.6 0.01 3 25.2618 0.03
r 57.8 0.01 3 25.1235 0.03
r 58 0.01 3 25.0014 0.03
r 58.2 0.01 3 24.8709 0.03
r 58.4 0.01 3 24.7397 0.03
r 58.6 0.01 3 24.6095 0.03
r 58.8 0.01 3 24.479 0.03
r 59 0.01 3 24.3769 0.03
r 59.2 0.01 3 24.2467 0.03
r 59.4 0.01 3 24.1154 0.03
r 59.6 0.01 3 23.9849 0.03
r 59.8 0.01 3 23.8545 0.03
r 60 0.01 3 23.7244 0.03
r 60.2 0.01 3 23.5947 0.03
r 60.4 0.01 3 23.4638 0.03
r 60.6 0.01 3 23.3333 0.03
r 60.8 0.01 3 23.2032 0.03
r 61 0.01 3 23.331 0.03
r 61.2 0.01 3 23.1998 0.03
r 61.4 0.01 3 23.0685 0.03
r 61.6 0.01 3 22.9373 0.03
r 61.8 0.01 3 22.8063 0.03
r 62 0.01 3 22.6753 0.03
r 62.2 0.01 3 22.5441 0.03
r 62.4 0.01 3 22.413 0.03
r 62.6 0.01 3 22.2821 0.03
r 62.8 0.01 3 22.1513 0.03
r 63 0.01 3 22.0222 0.03
r 63.2 0.01 3 21.8911 0.03
r 63.4 0.01 3 21.7605 0.03
r 63.6 0.01 3 21.6293 0.03
r 63.8 0.01 3 21.4989 0.03
r 64 0.01 3 21.3684 0.03
r 64.2 0.01 3 21.2378 0.03
r 64.4 0.01 3 21.1074 0.03
r 64.6 0.01 3 20.9768 0.03
r 64.8 0.01 3 20.847 0.03
r 65 0.01 3 20.7327 0.03
r 65.2 0.01 3 20.602 0.03
r 65.4 0.01 3 20.4712 0.03
r 65.6 0.01 3 20.3409 0.03
r 65.8 0.01 3 20.2101 0.03
r 66 0.01 3 20.0839 0.03
r 66.2 0.01 3 19.9487 0.03
r 66.4 0.01 3 19.8182 0.03
r 66.6 0.01 3 19.6877 0.03
r 66.8 0.01 3 19.5577 0.03
r 67 0.01 3 19.4481 0.03
r 67.2 0.01 3 19.3184 0.03
r 67.4 0.01 3 19.1876 0.03
r 67.6 0.01 3 19.0567 0.03
r 67.8 0.01 3 18.9264 0.03
r 68 0.01 3 18.7954 0.03
r 68.2 0.01 3 18.6656 0.03
r 68.4 0.01 3 18.5362 0.03
r 68.6 0.01 3 18.4051 0.03
r 68.8 0.01 3 18.2749 0.03
r 69 0.01 3 18.2021 0.03
r 69.2 0.01 3 18.0718 0.03
r 69.4 0.01 3 17.9418 0.03
r 69.6 0.01 3 17.8108 0.03
r 69.8 0.01 3 17.6804 0.03
r 70 0.01 3 17.55 0.03
r 70.2 0.01 3 17.4198 0.03
r 70.4 0.01 3 17.2895 0.03
r 70.6 0.01 3 17.1593 0.03
r 70.8 0.01 3 17.0294 0.03
r 71 0.01 3 16.925 0.03
r 71.2 0.01 3 16.7951 0.03
r 71.4 0.01 3 16.6646 0.03
r 71.6 0.01 3 16.5348 0.03
r 71.8 0.01 3 16.4051 0.03
r 72 0.01 3 16.2756 0.03
r 72.2 0.01 3 16.1467 0.03
r 72.4 0.01 3 16.017 0.03
r 72.6 0.01 3 15.8882 0.03
r 72.8 0.01 3 15.7596 0.03
r 73 0.01 3 15.6528 0.03
r 73.2 0.01 3 15.5136 0.03
r 73.4 0.01 3 15.3957 0.03
r 73.6 0.01 3 15.251 0.03
r 73.8 0.01 3 15.138 0.03
r 74 0.01 3 15.0104 0.03
r 74.2 0.01 3 14.8825 0.03
r 74.4 0.01 3 14.7547 0.03
r 74.6 0.01 3 14.6284 0.03
r 74.8 0.01 3 14.5007 0.03
r 75 0.01 3 14.4838 0.03
r 75.2 0.01 3 14.3637 0.03
r 75.4 0.01 3 14.273 0.03
r 75.6 0.01 3 14.1397 0.03
r 75.8 0.01 3 14.0093 0.03
r 76 0.01 3 13.8824 0.03
r 76.2 0.01 3 13.7666 0.03
r 76.4 0.01 3 13.6276 0.03
r 76.6 0.01 3 13.4991 0.03
r 76.8 0.01 3 13.3785 0.03
r 77 0.01 3 13.5014 0.03
r 77.2 0.01 3 13.3604 0.03
r 77.4 0.01 3 13.2416 0.03
r 77.6 0.01 3 13.1111 0.03
r 77.8 0.01 3 12.9797 0.03
r 78 0.01 3 12.8414 0.03
r 78.2 0.01 3 12.7224 0.03
r 78.4 0.01 3 12.5929 0.03
r 78.6 0.01 3 12.464 0.03
r 78.8 0.01 3 12.3245 0.03
r 79 0.01 3 12.2143 0.03
r 79.2 0.01 3 12.0849 0.03
r 79.4 0.01 3 11.939 0.03
r 79.6 0.01 3 11.8205 0.03
r 79.8 0.01 3 11.685 0.03
r 80 0.01 3 11.5773 0.03
r 80.2 0.01 3 11.4386 0.03
r 80.4 0.01 3 11.3049 0.03
r 80.6 0.01 3 11.1957 0.03
r 80.8 0.01 3 11.0565 0.03
r 81 0.01 3 10.9421 0.03
r 81.2 0.01 3 10.816 0.03
r 81.4 0.01 3 10.6765 0.03
r 81.6 0.01 3 10.5667 0.03
r 81.8 0.01 3 10.4434 0.03
r 82 0.01 3 10.3203 0.03
r 82.2 0.01 3 10.1996 0.03
r 82.4 0.01 3 10.0779 0.03
r 82.6 0.01 3 9.95946 0.03
r 82.8 0.01 3 9.84179 0.03
r 83 0.01 3 9.71898 0.03
r 83.2 0.01 3 9.61099 0.03
r 83.4 0.01 3 9.49671 0.03
r 83.6 0.01 3 9.38572 0.03
r 83.8 0.01 3 9.27593 0.03
r 84 0.01 3 9.16737 0.03
r 84.2 0.01 3 9.06129 0.03
r 84.4 0.01 3 8.95748 0.03
r 84.6 0.01 3 8.85529 0.03
r 84.8 0.01 3 8.75624 0.03
r 85 0.01 3 8.73605 0.03
r 85.2 0.01 3 8.62696 0.03
r 85.4 0.01 3 8.50373 0.03
r 85.6 0.01 3 8.41433 0.03
r 85.8 0.01 3 8.33549 0.03
r 86 0.01 3 8.23091 0.03
r 86.2 0.01 3 8.11699 0.03
r 86.4 0.01 3 8.0241 0.03
r 86.6 0.01 3 7.92785 0.03
r 86.8 0.01 3 7.84089 0.03
r 87 0.01 3 7.81791 0.03
r 87.2 0.01 3 7.72812 0.03
r 87.4 0.01 3 7.6383 0.03
r 87.6 0.01 3 7.53023 0.03
r 87.8 0.01 3 7.45097 0.03
r 88 0.01 3 7.38953 0.03
r 88.2 0.01 3 7.2804 0.03
r 88.4 0.01 3 7.19499 0.03
r 88.6 0.01 3 7.12342 0.03
r 88.8 0.01 3 7.03861 0.03
r 89 0.01 3 6.96369 0.03
r 89.2 0.01 3 6.89374 0.03
r 89.4 0.01 3 6.82632 0.03
r 89.6 0.01 3 6.75776 0.03
r 89.8 0.01 3 6.69555 0.03
r 90 0.01 3 6.6405 0.03
r 90.2 0.01 3 6.58198 0.03
r 90.4 0.01 3 6.52681 0.03
r 90.6 0.01 3 6.49624 0.03
r 90.8 0.01 3 6.41848 0.03
r 91 0.01 3 6.37695 0.03
r 91.2 0.01 3 6.31174 0.03
r 91.4 0.01 3 6.2414 0.03
r 91.6 0.01 3 6.19281 0.03
r 91.8 0.01 3 6.1485 0.03
r 92 0.01 3 6.10706 0.03
r 92.2 0.01 3 6.06704 0.03
r 92.4 0.01 3 6.03241 0.03
r 92.6 0.01 3 5.9965 0.03
r 92.8 0.01 3 5.96407 0.03
r 93 0.01 3 5.93539 0.03
r 93.2 0.01 3 5.90772 0.03
r 93.4 0.01 3 5.88436 0.03
r 93.6 0.01 3 5.86287 0.03
r 93.8 0.01 3 5.84455 0.03
r 94 0.01 3 5.829 0.03
r 94.2 0.01 3 5.8162 0.03
r 94.4 0.01 3 5.80589 0.03
r 94.6 0.01 3 5.81092 0.03
r 94.8 0.01 3 5.80024 0.03
r 95 0.01 3 5.7934 0.03
r 95.2 0.01 3 5.79569 0.03
r 95.4 0.01 3 5.79879 0.03
r 95.6 0.01 3 5.8057 0.03
r 95.8 0.01 3 5.81562 0.03
r 96 0.01 3 5.82848 0.03
r 96.2 0.01 3 5.84403 0.03
r 96.4 0.01 3 5.8625 0.03
r 96.6 0.01 3 5.88924 0.03
r 96.8 0.01 3 5.909 0.03
r 97 0.01 3 5.93701 0.03
r 97.2 0.01 3 5.96356 0.03
r 97.4 0.01 3 5.99534 0.03
r 97.6 0.01 3 6.02974 0.03
r 97.8 0.01 3 6.06964 0.03
r 98 0.01 3 6.11421 0.03
r 98.2 0.01 3 6.15345 0.03
r 98.4 0.01 3 6.19538 0.03
r 98.6 0.01 3 6.24187 0.03
r 98.8 0.01 3 6.2887 0.03
r 99 0.01 3 6.34289 0.03
r 99.2 0.01 3 6.39754 0.03
r 99.4 0.01 3 6.44842 0.03
r 99.6 0.01 3 6.50651 0.03
r 99.8 0.01 3 6.56614 0.03
r 100 0.01 3 6.63045 0.03
r 100.2 0.01 3 6.69181 0.03
r 100.4 0.01 3 6.75824 0.03
r 100.6 0.01 3 6.82477 0.03
r 100.8 0.01 3 6.89384 0.03
r 101 0.01 3 6.97023 0.03
r 101.2 0.01 3 7.04025 0.03
r 101.4 0.01 3 7.11165 0.03
r 101.6 0.01 3 7.33787 0.03
r 101.8 0.01 3 7.40114 0.03
r 102 0.01 3 7.47735 0.03
r 102.2 0.01 3 7.52718 0.03
r 102.4 0.01 3 7.59315 0.03
r 102.6 0.01 3 7.65982 0.03
r 102.8 0.01 3 7.73266 0.03
r 103 0.01 3 7.80508 0.03
r 103.2 0.01 3 7.88003 0.03
r 103.4 0.01 3 7.95807 0.03
r 103.6 0.01 3 8.03764 0.03
r 103.8 0.01 3 8.12153 0.03
r 104 0.01 3 8.20685 0.03
r 104.2 0.01 3 8.29133 0.03
r 104.4 0.01 3 8.38178 0.03
r 104.6 0.01 3 8.47381 0.03
r 104.8 0.01 3 8.57051 0.03
r 105 0.01 3 8.71422 0.03
r 105.2 0.01 3 8.79471 0.03
r 105.4 0.01 3 8.90084 0.03
r 105.6 0.01 3 8.99607 0.03
r 105.8 0.01 3 9.08202 0.03
r 106 0.01 3 9.15074 0.03
r 106.2 0.01 3 9.26774 0.03
r 106.4 0.01 3 9.37011 0.03
r 106.6 0.01 3 9.46104 0.03
r 106.8 0.01 3 9.56503 0.03
r 107 0.01 3 9.67287 0.03
r 107.2 0.01 3 9.76794 0.03
r 107.4 0.01 3 9.8683 0.03
r 107.6 0.01 3 9.96746 0.03
r 107.8 0.01 3 10.0689 0.03
r 108 0.01 3 10.171 0.03
r 108.2 0.01 3 10.2755 0.03
r 108.4 0.01 3 10.3804 0.03
r 108.6 0.01 3 10.4866 0.03
r 108.8 0.01 3 10.5916 0.03
r 109 0.01 3 10.8024 0.03
r 109.2 0.01 3 10.8973 0.03
r 109.4 0.01 3 10.9893 0.03
r 109.6 0.01 3 11.0944 0.03
r 109.8 0.01 3 11.1949 0.03
r 110 0.01 3 11.2904 0.03
r 110.2 0.01 3 11.3997 0.03
r 110.4 0.01 3 11.504 0.03
r 110.6 0.01 3 11.6034 0.03
r 110.8 0.01 3 11.7118 0.03
r 111 0.01 3 11.8208 0.03
r 111.2 0.01 3 11.9309 0.03
r 111.4 0.01 3 12.0422 0.03
r 111.6 0.01 3 12.1549 0.03
r 111.8 0.01 3 12.267 0.03
r 112 0.01 3 12.3796 0.03
r 112.2 0.01 3 12.493 0.03
r 112.4 0.01 3 12.6071 0.03
r 112.6 0.01 3 12.7206 0.03
r 112.8 0.01 3 12.8366 0.03
r 113 0.01 3 12.9273 0.03
r 113.2 0.01 3 13.0383 0.03
r 113.4 0.01 3 13.1497 0.03
r 113.6 0.01 3 13.261 0.03
r 113.8 0.01 3 13.3726 0.03
r 114 0.01 3 13.4873 0.03
r 114.2 0.01 3 13.5995 0.03
r 114.4 0.01 3 13.7143 0.03
r 114.6 0.01 3 13.8297 0.03
r 114.8 0.01 3 13.9444 0.03
r 115 0.01 3 14.0603 0.03
r 115.2 0.01 3 14.1765 0.03
r 115.4 0.01 3 14.293 0.03
r 115.6 0.01 3 14.4089 0.03
r 115.8 0.01 3 14.5272 0.03
r 116 0.01 3 14.6449 0.03
r 116.2 0.01 3 14.7631 0.03
r 116.4 0.01 3 14.8837 0.03
r 116.6 0.01 3 15.0042 0.03
r 116.8 0.01 3 15.1259 0.03
r 117 0.01 3 15.2479 0.03
r 117.2 0.01 3 15.3716 0.03
r 117.4 0.01 3 15.4948 0.03
r 117.6 0.01 3 15.6194 0.03
r 117.8 0.01 3 15.7444 0.03
r 118 0.01 3 15.8703 0.03
r 118.2 0.01 3 15.9962 0.03
r 118.4 0.01 3 16.1233 0.03
r 118.6 0.01 3 16.2508 0.03
r 118.8 0.01 3 16.3784 0.03
r 119 0.01 3 16.5047 0.03
r 119.2 0.01 3 16.6342 0.03
r 119.4 0.01 3 16.7618 0.03
r 119.6 0.01 3 16.8914 0.03
r 119.8 0.01 3 17.0222 0.03
r 120 0.01 3 17.1516 0.03
r 120.2 0.01 3 17.2817 0.03
r 120.4 0.01 3 17.4115 0.03
r 120.6 0.01 3 17.5421 0.03
r 120.8 0.01 3 17.6729 0.03
r 121 0.01 3 17.7826 0.03
r 121.2 0.01 3 17.9147 0.03
r 121.4 0.01 3 18.0451 0.03
r 121.6 0.01 3 18.1757 0.03
r 121.8 0.01 3 18.3055 0.03
r 122 0.01 3 18.4364 0.03
r 122.2 0.01 3 18.5673 0.03
r 122.4 0.01 3 18.6984 0.03
r 122.6 0.01 3 18.8295 0.03
r 122.8 0.01 3 18.9608 0.03
r 123 0.01 3 19.0846 0.03
r 123.2 0.01 3 19.2135 0.03
r 123.4 0.01 3 19.3463 0.03
r 123.6 0.01 3 19.475 0.03
r 123.8 0.01 3 19.6052 0.03
r 124 0.01 3 19.7375 0.03
r 124.2 0.01 3 19.8676 0.03
r 124.4 0.01 3 19.9987 0.03
r 124.6 0.01 3 20.1297 0.03
r 124.8 0.01 3 20.2606 0.03
r 125 0.01 3 20.3076 0.03
r 125.2 0.01 3 20.4372 0.03
r 125.4 0.01 3 20.566 0.03
r 125.6 0.01 3 20.6956 0.03
r 125.8 0.01 3 20.8233 0.03
r 126 0.01 3 20.9483 0.03
r 126.2 0.01 3 21.0723 0.03
r 126.4 0.01 3 21.2151 0.03
r 126.6 0.01 3 21.3374 0.03
r 126.8 0.01 3 21.4643 0.03
r 127 0.01 3 21.5834 0.03
r 127.2 0.01 3 21.7138 0.03
r 127.4 0.01 3 21.8432 0.03
r 127.6 0.01 3 21.9572 0.03
r 127.8 0.01 3 22.1031 0.03
r 128 0.01 3 22.2342 0.03
r 128.2 0.01 3 22.3648 0.03
r 128.4 0.01 3 22.4976 0.03
r 128.6 0.01 3 22.627 0.03
r 128.8 0.01 3 22.7588 0.03
r 129 0.01 3 22.7899 0.03
r 129.2 0.01 3 22.9199 0.03
r 129.4 0.01 3 23.0498 0.03
r 129.6 0.01 3 23.1802 0.03
r 129.8 0.01 3 23.3108 0.03
r 130 0.01 3 23.4413 0.03
r 130.2 0.01 3 23.5713 0.03
r 130.4 0.01 3 23.7026 0.03
r 130.6 0.01 3 23.8334 0.03
r 130.8 0.01 3 23.9642 0.03
r 131 0.01 3 24.0296 0.03
r 131.2 0.01 3 24.1583 0.03
r 131.4 0.01 3 24.2893 0.03
r 131.6 0.01 3 24.4201 0.03
r 131.8 0.01 3 24.5469 0.03
r 132 0.01 3 24.6773 0.03
r 132.2 0.01 3 24.8111 0.03
r 132.4 0.01 3 24.9419 0.03
r 132.6 0.01 3 25.0689 0.03
r 132.8 0.01 3 25.199 0.03
r 133 0.01 3 25.3143 0.03
r 133.2 0.01 3 25.4445 0.03
r 133.4 0.01 3 25.5746 0.03
r 133.6 0.01 3 25.7049 0.03
r 133.8 0.01 3 25.8354 0.03
r 134 0.01 3 25.9654 0.03
r 134.2 0.01 3 26.0965 0.03
r 134.4 0.01 3 26.2276 0.03
r 134.6 0.01 3 26.3581 0.03
r 134.8 0.01 3 26.4882 0.03
r 135 0.01 3 26.6174 0.03
s 105 3 602
r 85 0.01 2 12.6798 0.01
r 85.2 0.01 2 12.5671 0.01
r 85.4 0.01 2 12.4345 0.01
r 85.6 0.01 2 12.3129 0.01
r 85.8 0.01 2 12.1938 0.01
r 86 0.01 2 12.0715 0.01
r 86.2 0.01 2 11.952 0.01
r 86.4 0.01 2 11.8287 0.01
r 86.6 0.01 2 11.7077 0.01
r 86.8 0.01 2 11.5872 0.01
r 87 0.01 2 11.4703 0.01
r 87.2 0.01 2 11.3489 0.01
r 87.4 0.01 2 11.2251 0.01
r 87.6 0.01 2 11.1063 0.01
r 87.8 0.01 2 10.9859 0.01
r 88 0.01 2 10.8655 0.01
r 88.2 0.01 2 10.7427 0.01
r 88.4 0.01 2 10.6199 0.01
r 88.6 0.01 2 10.4995 0.01
r 88.8 0.01 2 10.3791 0.01
r 89 0.01 2 10.2607 0.01
r 89.2 0.01 2 10.1385 0.01
r 89.4 0.01 2 10.0198 0.01
r 89.6 0.01 2 9.90243 0.01
r 89.8 0.01 2 9.77627 0.01
r 90 0.01 2 9.65499 0.01
r 90.2 0.01 2 9.53493 0.01
r 90.4 0.01 2 9.41314 0.01
r 90.6 0.01 2 9.29293 0.01
r 90.8 0.01 2 9.17219 0.01
r 91 0.01 2 9.05359 0.01
r 91.2 0.01 2 8.93057 0.01
r 91.4 0.01 2 8.80994 0.01
r 91.6 0.01 2 8.68949 0.01
r 91.8 0.01 2 8.56895 0.01
r 92 0.01 2 8.44893 0.01
r 92.2 0.01 2 8.32881 0.01
r 92.4 0.01 2 8.20811 0.01
r 92.6 0.01 2 8.08778 0.01
r 92.8 0.01 2 7.96795 0.01
r 93 0.01 2 7.84737 0.01
r 93.2 0.01 2 7.7275 0.01
r 93.4 0.01 2 7.60738 0.01
r 93.6 0.01 2 7.48747 0.01
r 93.8 0.01 2 7.3669 0.01
r 94 0.01 2 7.24728 0.01
r 94.2 0.01 2 7.12724 0.01
r 94.4 0.01 2 7.00749 0.01
r 94.6 0.01 2 6.88759 0.01
r 94.8 0.01 2 6.76837 0.01
r 95 0.01 2 6.65125 0.01
r 95.2 0.01 2 6.53075 0.01
r 95.4 0.01 2 6.41068 0.01
r 95.6 0.01 2 6.29293 0.01
r 95.8 0.01 2 6.17352 0.01
r 96 0.01 2 6.05417 0.01
r 96.2 0.01 2 5.93501 0.01
r 96.4 0.01 2 5.81716 0.01
r 96.6 0.01 2 5.69725 0.01
r 96.8 0.01 2 5.5796 0.01
r 97 0.01 2 5.4626 0.01
r 97.2 0.01 2 5.34451 0.01
r 97.4 0.01 2 5.22641 0.01
r 97.6 0.01 2 5.10949 0.01
r 97.8 0.01 2 4.99259 0.01
r 98 0.01 2 4.87639 0.01
r 98.2 0.01 2 4.76068 0.01
r 98.4 0.01 2 4.64544 0.01
r 98.6 0.01 2 4.53008 0.01
r 98.8 0.01 2 4.41606 0.01
r 99 0.01 2 4.30139 0.01
r 99.2 0.01 2 4.18825 0.01
r 99.4 0.01 2 4.07566 0.01
r 99.6 0.01 2 3.96414 0.01
r 99.8 0.01 2 3.85346 0.01
r 100 0.01 2 3.7432 0.01
r 100.2 0.01 2 3.63451 0.01
r 100.4 0.01 2 3.5269 0.01
r 100.6 0.01 2 3.42083 0.01
r 100.8 0.01 2 3.31794 0.01
r 101 0.01 2 3.21214 0.01
r 101.2 0.01 2 3.11086 0.01
r 101.4 0.01 2 3.01154 0.01
r 101.6 0.01 2 2.9139 0.01
r 101.8 0.01 2 2.8189 0.01
r 102 0.01 2 2.72686 0.01
r 102.2 0.01 2 2.6378 0.01
r 102.4 0.01 2 2.55119 0.01
r 102.6 0.01 2 2.46903 0.01
r 102.8 0.01 2 2.39083 0.01
r 103 0.01 2 2.31725 0.01
r 103.2 0.01 2 2.24846 0.01
r 103.4 0.01 2 2.18458 0.01
r 103.6 0.01 2 2.12729 0.01
r 103.8 0.01 2 2.07583 0.01
r 104 0.01 2 2.03166 0.01
r 104.2 0.01 2 1.99496 0.01
r 104.4 0.01 2 1.96553 0.01
r 104.6 0.01 2 1.94394 0.01
r 104.8 0.01 2 1.93219 0.01
r 105 0.01 2 1.92884 0.01
r 105.2 0.01 2 1.93324 0.01
r 105.4 0.01 2 1.94471 0.01
r 105.6 0.01 2 1.9651 0.01
r 105.8 0.01 2 1.9942 0.01
r 106 0.01 2 2.03124 0.01
r 106.2 0.01 2 2.07557 0.01
r 106.4 0.01 2 2.12682 0.01
r 106.6 0.01 2 2.18445 0.01
r 106.8 0.01 2 2.24816 0.01
r 107 0.01 2 2.31814 0.01
r 107.2 0.01 2 2.39202 0.01
r 107.4 0.01 2 2.46965 0.01
r 107.6 0.01 2 2.55149 0.01
r 107.8 0.01 2 2.63722 0.01
r 108 0.01 2 2.72639 0.01
r 108.2 0.01 2 2.81859 0.01
r 108.4 0.01 2 2.91353 0.01
r 108.6 0.01 2 3.01086 0.01
r 108.8 0.01 2 3.11025 0.01
r 109 0.01 2 3.21235 0.01
r 109.2 0.01 2 3.31517 0.01
r 109.4 0.01 2 3.41996 0.01
r 109.6 0.01 2 3.52641 0.01
r 109.8 0.01 2 3.63416 0.01
r 110 0.01 2 3.74325 0.01
r 110.2 0.01 2 3.85391 0.01
r 110.4 0.01 2 3.96464 0.01
r 110.6 0.01 2 4.07573 0.01
r 110.8 0.01 2 4.1893 0.01
r 111 0.01 2 4.30136 0.01
r 111.2 0.01 2 4.41562 0.01
r 111.4 0.01 2 4.52995 0.01
r 111.6 0.01 2 4.64583 0.01
r 111.8 0.01 2 4.76104 0.01
r 112 0.01 2 4.87684 0.01
r 112.2 0.01 2 4.9927 0.01
r 112.4 0.01 2 5.1099 0.01
r 112.6 0.01 2 5.22696 0.01
r 112.8 0.01 2 5.34534 0.01
r 113 0.01 2 5.46157 0.01
r 113.2 0.01 2 5.57965 0.01
r 113.4 0.01 2 5.69787 0.01
r 113.6 0.01 2 5.8165 0.01
r 113.8 0.01 2 5.93482 0.01
r 114 0.01 2 6.05387 0.01
r 114.2 0.01 2 6.17331 0.01
r 114.4 0.01 2 6.29178 0.01
r 114.6 0.01 2 6.41038 0.01
r 114.8 0.01 2 6.53058 0.01
r 115 0.01 2 6.64886 0.01
r 115.2 0.01 2 6.76843 0.01
r 115.4 0.01 2 6.88802 0.01
r 115.6 0.01 2 7.00768 0.01
r 115.8 0.01 2 7.1283 0.01
r 116 0.01 2 7.24736 0.01
r 116.2 0.01 2 7.36863 0.01
r 116.4 0.01 2 7.48962 0.01
r 116.6 0.01 2 7.61115 0.01
r 116.8 0.01 2 7.73459 0.01
r 117 0.01 2 7.85671 0.01
r 117.2 0.01 2 7.98151 0.01
r 117.4 0.01 2 8.10586 0.01
r 117.6 0.01 2 8.23164 0.01
r 117.8 0.01 2 8.35782 0.01
r 118 0.01 2 8.48351 0.01
r 118.2 0.01 2 8.61023 0.01
r 118.4 0.01 2 8.73768 0.01
r 118.6 0.01 2 8.86539 0.01
r 118.8 0.01 2 8.99389 0.01
r 119 0.01 2 9.12429 0.01
r 119.2 0.01 2 9.25397 0.01
r 119.4 0.01 2 9.38113 0.01
r 119.6 0.01 2 9.51225 0.01
r 119.8 0.01 2 9.642 0.01
r 120 0.01 2 9.77202 0.01
r 120.2 0.01 2 9.90178 0.01
r 120.4 0.01 2 10.033 0.01
r 120.6 0.01 2 10.1623 0.01
r 120.8 0.01 2 10.2933 0.01
r 121 0.01 2 10.4286 0.01
r 121.2 0.01 2 10.5634 0.01
r 121.4 0.01 2 10.6906 0.01
r 121.6 0.01 2 10.8237 0.01
r 121.8 0.01 2 10.9543 0.01
r 122 0.01 2 11.0845 0.01
r 122.2 0.01 2 11.2168 0.01
r 122.4 0.01 2 11.3491 0.01
r 122.6 0.01 2 11.4837 0.01
r 122.8 0.01 2 11.6131 0.01
r 123 0.01 2 11.748 0.01
r 123.2 0.01 2 11.8793 0.01
r 123.4 0.01 2 12.0093 0.01
r 123.6 0.01 2 12.1468 0.01
r 123.8 0.01 2 12.2771 0.01
r 124 0.01 2 12.4068 0.01
r 124.2 0.01 2 12.5423 0.01
r 124.4 0.01 2 12.6739 0.01
r 124.6 0.01 2 12.8052 0.01
r 124.8 0.01 2 12.9447 0.01
r 125 0.01 2 13.0706 0.01
r 65 0.01 3 26.6252 0.03
r 65.2 0.01 3 26.4912 0.03
r 65.4 0.01 3 26.3627 0.03
r 65.6 0.01 3 26.2306 0.03
r 65.8 0.01 3 26.1 0.03
r 66 0.01 3 25.9689 0.03
r 66.2 0.01 3 25.8385 0.03
r 66.4 0.01 3 25.7084 0.03
r 66.6 0.01 3 25.5782 0.03
r 66.8 0.01 3 25.4479 0.03
r 67 0.01 3 25.3339 0.03
r 67.2 0.01 3 25.2033 0.03
r 67.4 0.01 3 25.0726 0.03
r 67.6 0.01 3 24.9419 0.03
r 67.8 0.01 3 24.8114 0.03
r 68 0.01 3 24.6808 0.03
r 68.2 0.01 3 24.5545 0.03
r 68.4 0.01 3 24.42 0.03
r 68.6 0.01 3 24.2937 0.03
r 68.8 0.01 3 24.1637 0.03
r 69 0.01 3 24.0707 0.03
r 69.2 0.01 3 23.9426 0.03
r 69.4 0.01 3 23.8289 0.03
r 69.6 0.01 3 23.6821 0.03
r 69.8 0.01 3 23.5677 0.03
r 70 0.01 3 23.4208 0.03
r 70.2 0.01 3 23.2911 0.03
r 70.4 0.01 3 23.1755 0.03
r 70.6 0.01 3 23.0442 0.03
r 70.8 0.01 3 22.9147 0.03
r 71 0.01 3 22.8039 0.03
r 71.2 0.01 3 22.674 0.03
r 71.4 0.01 3 22.5431 0.03
r 71.6 0.01 3 22.4097 0.03
r 71.8 0.01 3 22.2775 0.03
r 72 0.01 3 22.142 0.03
r 72.2 0.01 3 22.0228 0.03
r 72.4 0.01 3 21.8925 0.03
r 72.6 0.01 3 21.7633 0.03
r 72.8 0.01 3 21.6344 0.03
r 73 0.01 3 21.5083 0.03
r 73.2 0.01 3 21.3799 0.03
r 73.4 0.01 3 21.2511 0.03
r 73.6 0.01 3 21.1234 0.03
r 73.8 0.01 3 20.9951 0.03
r 74 0.01 3 20.8675 0.03
r 74.2 0.01 3 20.7397 0.03
r 74.4 0.01 3 20.613 0.03
r 74.6 0.01 3 20.4852 0.03
r 74.8 0.01 3 20.3585 0.03
r 75 0.01 3 20.3917 0.03
r 75.2 0.01 3 20.2606 0.03
r 75.4 0.01 3 20.1296 0.03
r 75.6 0.01 3 19.9999 0.03
r 75.8 0.01 3 19.8672 0.03
r 76 0.01 3 19.7371 0.03
r 76.2 0.01 3 19.6071 0.03
r 76.4 0.01 3 19.4758 0.03
r 76.6 0.01 3 19.3444 0.03
r 76.8 0.01 3 19.2146 0.03
r 77 0.01 3 19.0963 0.03
r 77.2 0.01 3 18.9641 0.03
r 77.4 0.01 3 18.8319 0.03
r 77.6 0.01 3 18.7021 0.03
r 77.8 0.01 3 18.5702 0.03
r 78 0.01 3 18.4387 0.03
r 78.2 0.01 3 18.308 0.03
r 78.4 0.01 3 18.1773 0.03
r 78.6 0.01 3 18.0471 0.03
r 78.8 0.01 3 17.9163 0.03
r 79 0.01 3 17.8259 0.03
r 79.2 0.01 3 17.7009 0.03
r 79.4 0.01 3 17.564 0.03
r 79.6 0.01 3 17.4336 0.03
r 79.8 0.01 3 17.3031 0.03
r 80 0.01 3 17.1725 0.03
r 80.2 0.01 3 17.0432 0.03
r 80.4 0.01 3 16.9131 0.03
r 80.6 0.01 3 16.7838 0.03
r 80.8 0.01 3 16.6547 0.03
r 81 0.01 3 16.5646 0.03
r 81.2 0.01 3 16.4308 0.03
r 81.4 0.01 3 16.3026 0.03
r 81.6 0.01 3 16.1751 0.03
r 81.8 0.01 3 16.0482 0.03
r 82 0.01 3 15.9214 0.03
r 82.2 0.01 3 15.7999 0.03
r 82.4 0.01 3 15.6696 0.03
r 82.6 0.01 3 15.5481 0.03
r 82.8 0.01 3 15.4196 0.03
r 83 0.01 3 15.2987 0.03
r 83.2 0.01 3 15.1824 0.03
r 83.4 0.01 3 15.0535 0.03
r 83.6 0.01 3 14.9382 0.03
r 83.8 0.01 3 14.817 0.03
r 84 0.01 3 14.6967 0.03
r 84.2 0.01 3 14.5716 0.03
r 84.4 0.01 3 14.4541 0.03
r 84.6 0.01 3 14.3401 0.03
r 84.8 0.01 3 14.219 0.03
r 85 0.01 3 14.1027 0.03
r 85.2 0.01 3 13.9828 0.03
r 85.4 0.01 3 13.8658 0.03
r 85.6 0.01 3 13.7455 0.03
r 85.8 0.01 3 13.6283 0.03
r 86 0.01 3 13.5116 0.03
r 86.2 0.01 3 13.3932 0.03
r 86.4 0.01 3 13.2761 0.03
r 86.6 0.01 3 13.1605 0.03
r 86.8 0.01 3 13.0424 0.03
r 87 0.01 3 12.9274 0.03
r 87.2 0.01 3 12.8123 0.03
r 87.4 0.01 3 12.6971 0.03
r 87.6 0.01 3 12.5825 0.03
r 87.8 0.01 3 12.4685 0.03
r 88 0.01 3 12.3528 0.03
r 88.2 0.01 3 12.2405 0.03
r 88.4 0.01 3 12.1284 0.03
r 88.6 0.01 3 12.0163 0.03
r 88.8 0.01 3 11.9051 0.03
r 89 0.01 3 11.8218 0.03
r 89.2 0.01 3 11.7056 0.03
r 89.4 0.01 3 11.5916 0.03
r 89.6 0.01 3 11.4773 0.03
r 89.8 0.01 3 11.3626 0.03
r 90 0.01 3 11.2508 0.03
r 90.2 0.01 3 11.1409 0.03
r 90.4 0.01 3 11.0279 0.03
r 90.6 0.01 3 10.9162 0.03
r 90.8 0.01 3 10.8068 0.03
r 91 0.01 3 10.7003 0.03
r 91.2 0.01 3 10.5922 0.03
r 91.4 0.01 3 10.4854 0.03
r 91.6 0.01 3 10.3787 0.03
r 91.8 0.01 3 10.2742 0.03
r 92 0.01 3 10.1712 0.03
r 92.2 0.01 3 10.0689 0.03
r 92.4 0.01 3 9.96905 0.03
r 92.6 0.01 3 9.86661 0.03
r 92.8 0.01 3 9.76868 0.03
r 93 0.01 3 9.68022 0.03
r 93.2 0.01 3 9.57857 0.03
r 93.4 0.01 3 9.47184 0.03
r 93.6 0.01 3 9.36581 0.03
r 93.8 0.01 3 9.26058 0.03
r 94 0.01 3 9.15681 0.03
r 94.2 0.01 3 9.05462 0.03
r 94.4 0.01 3 8.9535 0.03
r 94.6 0.01 3 8.85406 0.03
r 94.8 0.01 3 8.75715 0.03
r 95 0.01 3 8.73601 0.03
r 95.2 0.01 3 8.62696 0.03
r 95.4 0.01 3 8.50412 0.03
r 95.6 0.01 3 8.41433 0.03
r 95.8 0.01 3 8.31638 0.03
r 96 0.01 3 8.23091 0.03
r 96.2 0.01 3 8.11699 0.03
r 96.4 0.01 3 8.0241 0.03
r 96.6 0.01 3 7.92762 0.03
r 96.8 0.01 3 7.84101 0.03
r 97 0.01 3 7.81969 0.03
r 97.2 0.01 3 7.72872 0.03
r 97.4 0.01 3 7.6383 0.03
r 97.6 0.01 3 7.54362 0.03
r 97.8 0.01 3 7.45098 0.03
r 98 0.01 3 7.35419 0.03
r 98.2 0.01 3 7.27998 0.03
r 98.4 0.01 3 7.19499 0.03
r 98.6 0.01 3 7.12339 0.03
r 98.8 0.01 3 7.03869 0.03
r 99 0.01 3 6.96368 0.03
r 99.2 0.01 3 6.89169 0.03
r 99.4 0.01 3 6.82633 0.03
r 99.6 0.01 3 6.75776 0.03
r 99.8 0.01 3 6.69586 0.03
r 100 0.01 3 6.6405 0.03
r 100.2 0.01 3 6.58056 0.03
r 100.4 0.01 3 6.53508 0.03
r 100.6 0.01 3 6.49625 0.03
r 100.8 0.01 3 6.41645 0.03
r 101 0.01 3 6.34022 0.03
r 101.2 0.01 3 6.31562 0.03
r 101.4 0.01 3 6.24265 0.03
r 101.6 0.01 3 6.19325 0.03
r 101.8 0.01 3 6.14842 0.03
r 102 0.01 3 6.10632 0.03
r 102.2 0.01 3 6.06709 0.03
r 102.4 0.01 3 6.03287 0.03
r 102.6 0.01 3 5.99652 0.03
r 102.8 0.01 3 5.96435 0.03
r 103 0.01 3 5.93539 0.03
r 103.2 0.01 3 5.90772 0.03
r 103.4 0.01 3 5.88435 0.03
r 103.6 0.01 3 5.86318 0.03
r 103.8 0.01 3 5.84455 0.03
r 104 0.01 3 5.82919 0.03
r 104.2 0.01 3 5.81621 0.03
r 104.4 0.01 3 5.8059 0.03
r 104.6 0.01 3 5.81092 0.03
r 104.8 0.01 3 5.80024 0.03
r 105 0.01 3 5.7934 0.03
r 105.2 0.01 3 5.79569 0.03
r 105.4 0.01 3 5.7988 0.03
r 105.6 0.01 3 5.8057 0.03
r 105.8 0.01 3 5.81562 0.03
r 106 0.01 3 5.82848 0.03
r 106.2 0.01 3 5.84403 0.03
r 106.4 0.01 3 5.8625 0.03
r 106.6 0.01 3 5.88924 0.03
r 106.8 0.01 3 5.909 0.03
r 107 0.01 3 5.9347 0.03
r 107.2 0.01 3 5.96351 0.03
r 107.4 0.01 3 5.99552 0.03
r 107.6 0.01 3 6.03442 0.03
r 107.8 0.01 3 6.06666 0.03
r 108 0.01 3 6.11421 0.03
r 108.2 0.01 3 6.15345 0.03
r 108.4 0.01 3 6.19538 0.03
r 108.6 0.01 3 6.24187 0.03
r 108.8 0.01 3 6.2887 0.03
r 109 0.01 3 6.34229 0.03
r 109.2 0.01 3 6.39674 0.03
r 109.4 0.01 3 6.44927 0.03
r 109.6 0.01 3 6.50642 0.03
r 109.8 0.01 3 6.56603 0.03
r 110 0.01 3 6.63149 0.03
r 110.2 0.01 3 6.69182 0.03
r 110.4 0.01 3 6.76179 0.03
r 110.6 0.01 3 6.82537 0.03
r 110.8 0.01 3 6.89332 0.03
r 111 0.01 3 6.96847 0.03
r 111.2 0.01 3 7.38573 0.03
r 111.4 0.01 3 7.11285 0.03
r 111.6 0.01 3 7.22352 0.03
r 111.8 0.01 3 7.40497 0.03
r 112 0.01 3 7.47734 0.03
r 112.2 0.01 3 7.52724 0.03
r 112.4 0.01 3 7.59006 0.03
r 112.6 0.01 3 7.66097 0.03
r 112.8 0.01 3 7.73339 0.03
r 113 0.01 3 7.80551 0.03
r 113.2 0.01 3 7.8777 0.03
r 113.4 0.01 3 7.958 0.03
r 113.6 0.01 3 8.03853 0.03
r 113.8 0.01 3 8.12145 0.03
r 114 0.01 3 8.21255 0.03
r 114.2 0.01 3 8.29288 0.03
r 114.4 0.01 3 8.38178 0.03
r 114.6 0.01 3 8.4738 0.03
r 114.8 0.01 3 8.56822 0.03
r 115 0.01 3 8.70651 0.03
r 115.2 0.01 3 8.80071 0.03
r 115.4 0.01 3 8.90472 0.03
r 115.6 0.01 3 9.00319 0.03
r 115.8 0.01 3 9.09208 0.03
r 116 0.01 3 9.19489 0.03
r 116.2 0.01 3 9.29039 0.03
r 116.4 0.01 3 9.403 0.03
r 116.6 0.01 3 9.4856 0.03
r 116.8 0.01 3 9.61654 0.03
r 117 0.01 3 9.71171 0.03
r 117.2 0.01 3 9.81557 0.03
r 117.4 0.01 3 9.93602 0.03
r 117.6 0.01 3 10.0452 0.03
r 117.8 0.01 3 10.1634 0.03
r 118 0.01 3 10.2832 0.03
r 118.2 0.01 3 10.437 0.03
r 118.4 0.01 3 10.5678 0.03
r 118.6 0.01 3 10.6548 0.03
r 118.8 0.01 3 10.7798 0.03
r 119 0.01 3 10.9543 0.03
r 119.2 0.01 3 11.0148 0.03
r 119.4 0.01 3 11.1421 0.03
r 119.6 0.01 3 11.2742 0.03
r 119.8 0.01 3 11.4128 0.03
r 120 0.01 3 11.5118 0.03
r 120.2 0.01 3 11.6475 0.03
r 120.4 0.01 3 11.7675 0.03
r 120.6 0.01 3 11.8901 0.03
r 120.8 0.01 3 12.0119 0.03
r 121 0.01 3 12.1411 0.03
r 121.2 0.01 3 12.2276 0.03
r 121.4 0.01 3 12.3904 0.03
r 121.6 0.01 3 12.5525 0.03
r 121.8 0.01 3 12.6507 0.03
r 122 0.01 3 12.712 0.03
r 122.2 0.01 3 12.9045 0.03
r 122.4 0.01 3 13.0705 0.03
r 122.6 0.01 3 13.0797 0.03
r 122.8 0.01 3 13.3474 0.03
r 123 0.01 3 13.2531 0.03
r 123.2 0.01 3 13.3774 0.03
r 123.4 0.01 3 13.5003 0.03
r 123.6 0.01 3 13.6199 0.03
r 123.8 0.01 3 13.7466 0.03
r 124 0.01 3 13.8823 0.03
r 124.2 0.01 3 13.9959 0.03
r 124.4 0.01 3 14.1312 0.03
r 124.6 0.01 3 14.2715 0.03
r 124.8 0.01 3 14.4003 0.03
r 125 0.01 3 14.3719 0.03
r 125.2 0.01 3 14.499 0.03
r 125.4 0.01 3 14.6259 0.03
r 125.6 0.01 3 14.7523 0.03
r 125.8 0.01 3 14.8798 0.03
r 126 0.01 3 15.0071 0.03
r 126.2 0.01 3 15.1355 0.03
r 126.4 0.01 3 15.2638 0.03
r 126.6 0.01 3 15.3844 0.03
r 126.8 0.01 3 15.512 0.03
r 127 0.01 3 15.6354 0.03
r 127.2 0.01 3 15.7609 0.03
r 127.4 0.01 3 15.8894 0.03
r 127.6 0.01 3 16.023 0.03
r 127.8 0.01 3 16.1519 0.03
r 128 0.01 3 16.2845 0.03
r 128.2 0.01 3 16.4006 0.03
r 128.4 0.01 3 16.5411 0.03
r 128.6 0.01 3 16.6651 0.03
r 128.8 0.01 3 16.8066 0.03
r 129 0.01 3 16.91 0.03
r 129.2 0.01 3 17.0402 0.03
r 129.4 0.01 3 17.1712 0.03
r 129.6 0.01 3 17.3006 0.03
r 129.8 0.01 3 17.4319 0.03
r 130 0.01 3 17.5625 0.03
r 130.2 0.01 3 17.6929 0.03
r 130.4 0.01 3 17.824 0.03
r 130.6 0.01 3 17.9544 0.03
r 130.8 0.01 3 18.0851 0.03
r 131 0.01 3 18.1464 0.03
r 131.2 0.01 3 18.2766 0.03
r 131.4 0.01 3 18.4063 0.03
r 131.6 0.01 3 18.5373 0.03
r 131.8 0.01 3 18.6672 0.03
r 132 0.01 3 18.7978 0.03
r 132.2 0.01 3 18.928 0.03
r 132.4 0.01 3 19.0584 0.03
r 132.6 0.01 3 19.1881 0.03
r 132.8 0.01 3 19.319 0.03
r 133 0.01 3 19.4252 0.03
r 133.2 0.01 3 19.5553 0.03
r 133.4 0.01 3 19.6853 0.03
r 133.6 0.01 3 19.8155 0.03
r 133.8 0.01 3 19.9459 0.03
r 134 0.01 3 20.0764 0.03
r 134.2 0.01 3 20.207 0.03
r 134.4 0.01 3 20.3375 0.03
r 134.6 0.01 3 20.4683 0.03
r 134.8 0.01 3 20.5996 0.03
r 135 0.01 3 20.6886 0.03
r 135.2 0.01 3 20.8186 0.03
r 135.4 0.01 3 20.949 0.03
r 135.6 0.01 3 21.0796 0.03
r 135.8 0.01 3 21.21 0.03
r 136 0.01 3 21.3406 0.03
r 136.2 0.01 3 21.4715 0.03
r 136.4 0.01 3 21.6018 0.03
r 136.6 0.01 3 21.7327 0.03
r 136.8 0.01 3 21.8634 0.03
r 137 0.01 3 21.9921 0.03
r 137.2 0.01 3 22.1229 0.03
r 137.4 0.01 3 22.2536 0.03
r 137.6 0.01 3 22.3845 0.03
r 137.8 0.01 3 22.5151 0.03
r 138 0.01 3 22.6465 0.03
r 138.2 0.01 3 22.7773 0.03
r 138.4 0.01 3 22.9085 0.03
r 138.6 0.01 3 23.0395 0.03
r 138.8 0.01 3 23.1707 0.03
r 139 0.01 3 23.1092 0.03
r 139.2 0.01 3 23.2393 0.03
r 139.4 0.01 3 23.3696 0.03
r 139.6 0.01 3 23.4996 0.03
r 139.8 0.01 3 23.6304 0.03
r 140 0.01 3 23.7605 0.03
r 140.2 0.01 3 23.891 0.03
r 140.4 0.01 3 24.0217 0.03
r 140.6 0.01 3 24.1525 0.03
r 140.8 0.01 3 24.2833 0.03
r 141 0.01 3 24.3874 0.03
r 141.2 0.01 3 24.5176 0.03
r 141.4 0.01 3 24.643 0.03
r 141.6 0.01 3 24.7786 0.03
r 141.8 0.01 3 24.9089 0.03
r 142 0.01 3 25.0391 0.03
r 142.2 0.01 3 25.1705 0.03
r 142.4 0.01 3 25.3007 0.03
r 142.6 0.01 3 25.4317 0.03
r 142.8 0.01 3 25.5631 0.03
r 143 0.01 3 25.6696 0.03
r 143.2 0.01 3 25.7999 0.03
r 143.4 0.01 3 25.9288 0.03
r 143.6 0.01 3 26.0596 0.03
r 143.8 0.01 3 26.1905 0.03
r 144 0.01 3 26.3188 0.03
r 144.2 0.01 3 26.4452 0.03
r 144.4 0.01 3 26.5817 0.03
r 144.6 0.01 3 26.7048 0.03
r 144.8 0.01 3 26.8452 0.03
r 145 0.01 3 26.9224 0.03
s 115 3 602
r 95 0.01 2 12.6778 0.01
r 95.2 0.01 2 12.5671 0.01
r 95.4 0.01 2 12.4345 0.01
r 95.6 0.01 2 12.3165 0.01
r 95.8 0.01 2 12.1938 0.01
r 96 0.01 2 12.0715 0.01
r 96.2 0.01 2 11.9514 0.01
r 96.4 0.01 2 11.8287 0.01
r 96.6 0.01 2 11.7077 0.01
r 96.8 0.01 2 11.5872 0.01
r 97 0.01 2 11.469 0.01
r 97.2 0.01 2 11.3488 0.01
r 97.4 0.01 2 11.2264 0.01
r 97.6 0.01 2 11.1063 0.01
r 97.8 0.01 2 10.9859 0.01
r 98 0.01 2 10.8655 0.01
r 98.2 0.01 2 10.7427 0.01
r 98.4 0.01 2 10.6199 0.01
r 98.6 0.01 2 10.4995 0.01
r 98.8 0.01 2 10.3794 0.01
r 99 0.01 2 10.2607 0.01
r 99.2 0.01 2 10.14 0.01
r 99.4 0.01 2 10.0198 0.01
r 99.6 0.01 2 9.90243 0.01
r 99.8 0.01 2 9.77731 0.01
r 100 0.01 2 9.65499 0.01
r 100.2 0.01 2 9.53493 0.01
r 100.4 0.01 2 9.41314 0.01
r 100.6 0.01 2 9.29293 0.01
r 100.8 0.01 2 9.17219 0.01
r 101 0.01 2 9.05359 0.01
r 101.2 0.01 2 8.93088 0.01
r 101.4 0.01 2 8.80994 0.01
r 101.6 0.01 2 8.68956 0.01
r 101.8 0.01 2 8.56884 0.01
r 102 0.01 2 8.44893 0.01
r 102.2 0.01 2 8.32881 0.01
r 102.4 0.01 2 8.20811 0.01
r 102.6 0.01 2 8.08778 0.01
r 102.8 0.01 2 7.96795 0.01
r 103 0.01 2 7.84768 0.01
r 103.2 0.01 2 7.72781 0.01
r 103.4 0.01 2 7.60767 0.01
r 103.6 0.01 2 7.48734 0.01
r 103.8 0.01 2 7.36758 0.01
r 104 0.01 2 7.24728 0.01
r 104.2 0.01 2 7.12774 0.01
r 104.4 0.01 2 7.00721 0.01
r 104.6 0.01 2 6.88774 0.01
r 104.8 0.01 2 6.76824 0.01
r 105 0.01 2 6.6492 0.01
r 105.2 0.01 2 6.53063 0.01
r 105.4 0.01 2 6.41073 0.01
r 105.6 0.01 2 6.29292 0.01
r 105.8 0.01 2 6.17358 0.01
r 106 0.01 2 6.05412 0.01
r 106.2 0.01 2 5.93532 0.01
r 106.4 0.01 2 5.81688 0.01
r 106.6 0.01 2 5.69845 0.01
r 106.8 0.01 2 5.57964 0.01
r 107 0.01 2 5.46141 0.01
r 107.2 0.01 2 5.344 0.01
r 107.4 0.01 2 5.2264 0.01
r 107.6 0.01 2 5.10995 0.01
r 107.8 0.01 2 4.99331 0.01
r 108 0.01 2 4.87681 0.01
r 108.2 0.01 2 4.76124 0.01
r 108.4 0.01 2 4.6448 0.01
r 108.6 0.01 2 4.53028 0.01
r 108.8 0.01 2 4.4157 0.01
r 109 0.01 2 4.30141 0.01
r 109.2 0.01 2 4.18805 0.01
r 109.4 0.01 2 4.07696 0.01
r 109.6 0.01 2 3.9649 0.01
r 109.8 0.01 2 3.85338 0.01
r 110 0.01 2 3.74368 0.01
r 110.2 0.01 2 3.63476 0.01
r 110.4 0.01 2 3.52696 0.01
r 110.6 0.01 2 3.42116 0.01
r 110.8 0.01 2 3.31657 0.01
r 111 0.01 2 3.21237 0.01
r 111.2 0.01 2 3.11084 0.01
r 111.4 0.01 2 3.0115 0.01
r 111.6 0.01 2 2.91407 0.01
r 111.8 0.01 2 2.81903 0.01
r 112 0.01 2 2.72669 0.01
r 112.2 0.01 2 2.63798 0.01
r 112.4 0.01 2 2.55271 0.01
r 112.6 0.01 2 2.4708 0.01
r 112.8 0.01 2 2.39321 0.01
r 113 0.01 2 2.32063 0.01
r 113.2 0.01 2 2.25309 0.01
r 113.4 0.01 2 2.1918 0.01
r 113.6 0.01 2 2.13654 0.01
r 113.8 0.01 2 2.08867 0.01
r 114 0.01 2 2.04739 0.01
r 114.2 0.01 2 2.01389 0.01
r 114.4 0.01 2 1.98707 0.01
r 114.6 0.01 2 1.96997 0.01
r 114.8 0.01 2 1.95919 0.01
r 115 0.01 2 1.96048 0.01
r 115.2 0.01 2 1.96816 0.01
r 115.4 0.01 2 1.98373 0.01
r 115.6 0.01 2 2.00757 0.01
r 115.8 0.01 2 2.04088 0.01
r 116 0.01 2 2.08253 0.01
r 116.2 0.01 2 2.13186 0.01
r 116.4 0.01 2 2.18853 0.01
r 116.6 0.01 2 2.25179 0.01
r 116.8 0.01 2 2.32085 0.01
r 117 0.01 2 2.39422 0.01
r 117.2 0.01 2 2.47233 0.01
r 117.4 0.01 2 2.55514 0.01
r 117.6 0.01 2 2.6409 0.01
r 117.8 0.01 2 2.73071 0.01
r 118 0.01 2 2.82377 0.01
r 118.2 0.01 2 2.91978 0.01
r 118.4 0.01 2 3.01894 0.01
r 118.6 0.01 2 3.12033 0.01
r 118.8 0.01 2 3.22406 0.01
r 119 0.01 2 3.32974 0.01
r 119.2 0.01 2 3.43743 0.01
r 119.4 0.01 2 3.54687 0.01
r 119.6 0.01 2 3.65784 0.01
r 119.8 0.01 2 3.77024 0.01
r 120 0.01 2 3.88403 0.01
r 120.2 0.01 2 3.99902 0.01
r 120.4 0.01 2 4.11515 0.01
r 120.6 0.01 2 4.23232 0.01
r 120.8 0.01 2 4.35038 0.01
r 121 0.01 2 4.47142 0.01
r 121.2 0.01 2 4.58922 0.01
r 121.4 0.01 2 4.70967 0.01
r 121.6 0.01 2 4.83193 0.01
r 121.8 0.01 2 4.9528 0.01
r 122 0.01 2 5.07469 0.01
r 122.2 0.01 2 5.19757 0.01
r 122.4 0.01 2 5.32102 0.01
r 122.6 0.01 2 5.44489 0.01
r 122.8 0.01 2 5.56953 0.01
r 123 0.01 2 5.69507 0.01
r 123.2 0.01 2 5.81969 0.01
r 123.4 0.01 2 5.94489 0.01
r 123.6 0.01 2 6.07049 0.01
r 123.8 0.01 2 6.19624 0.01
r 124 0.01 2 6.32254 0.01
r 124.2 0.01 2 6.44921 0.01
r 124.4 0.01 2 6.57616 0.01
r 124.6 0.01 2 6.70335 0.01
r 124.8 0.01 2 6.83081 0.01
r 125 0.01 2 6.95835 0.01
r 125.2 0.01 2 7.08625 0.01
r 125.4 0.01 2 7.21422 0.01
r 125.6 0.01 2 7.34265 0.01
r 125.8 0.01 2 7.47087 0.01
r 126 0.01 2 7.59946 0.01
r 126.2 0.01 2 7.72819 0.01
r 126.4 0.01 2 7.85709 0.01
r 126.6 0.01 2 7.98614 0.01
r 126.8 0.01 2 8.11531 0.01
r 127 0.01 2 8.24468 0.01
r 127.2 0.01 2 8.37407 0.01
r 127.4 0.01 2 8.50363 0.01
r 127.6 0.01 2 8.6333 0.01
r 127.8 0.01 2 8.76309 0.01
r 128 0.01 2 8.8936 0.01
r 128.2 0.01 2 9.02376 0.01
r 128.4 0.01 2 9.1535 0.01
r 128.6 0.01 2 9.28346 0.01
r 128.8 0.01 2 9.41361 0.01
r 129 0.01 2 9.54385 0.01
r 129.2 0.01 2 9.67431 0.01
r 129.4 0.01 2 9.80491 0.01
r 129.6 0.01 2 9.93554 0.01
r 129.8 0.01 2 10.0663 0.01
r 130 0.01 2 10.197 0.01
r 130.2 0.01 2 10.3276 0.01
r 130.4 0.01 2 10.4584 0.01
r 130.6 0.01 2 10.5893 0.01
r 130.8 0.01 2 10.7203 0.01
r 131 0.01 2 10.8514 0.01
r 131.2 0.01 2 10.9824 0.01
r 131.4 0.01 2 11.1136 0.01
r 131.6 0.01 2 11.2449 0.01
r 131.8 0.01 2 11.3764 0.01
r 132 0.01 2 11.5076 0.01
r 132.2 0.01 2 11.6388 0.01
r 132.4 0.01 2 11.7701 0.01
r 132.6 0.01 2 11.9015 0.01
r 132.8 0.01 2 12.0329 0.01
r 133 0.01 2 12.1645 0.01
r 133.2 0.01 2 12.296 0.01
r 133.4 0.01 2 12.4276 0.01
r 133.6 0.01 2 12.5593 0.01
r 133.8 0.01 2 12.6914 0.01
r 134 0.01 2 12.8229 0.01
r 134.2 0.01 2 12.9545 0.01
r 134.4 0.01 2 13.0862 0.01
r 134.6 0.01 2 13.2179 0.01
r 134.8 0.01 2 13.3497 0.01
r 135 0.01 2 13.4815 0.01
r 75 0.01 3 26.3646 0.03
r 75.2 0.01 3 26.233 0.03
r 75.4 0.01 3 26.1009 0.03
r 75.6 0.01 3 25.9695 0.03
r 75.8 0.01 3 25.837 0.03
r 76 0.01 3 25.7062 0.03
r 76.2 0.01 3 25.5737 0.03
r 76.4 0.01 3 25.443 0.03
r 76.6 0.01 3 25.3105 0.03
r 76.8 0.01 3 25.179 0.03
r 77 0.01 3 25.0425 0.03
r 77.2 0.01 3 24.9109 0.03
r 77.4 0.01 3 24.7795 0.03
r 77.6 0.01 3 24.6472 0.03
r 77.8 0.01 3 24.5156 0.03
r 78 0.01 3 24.3848 0.03
r 78.2 0.01 3 24.2514 0.03
r 78.4 0.01 3 24.1198 0.03
r 78.6 0.01 3 23.9891 0.03
r 78.8 0.01 3 23.857 0.03
r 79 0.01 3 23.7309 0.03
r 79.2 0.01 3 23.5997 0.03
r 79.4 0.01 3 23.4687 0.03
r 79.6 0.01 3 23.3379 0.03
r 79.8 0.01 3 23.2077 0.03
r 80 0.01 3 23.0778 0.03
r 80.2 0.01 3 22.9471 0.03
r 80.4 0.01 3 22.8173 0.03
r 80.6 0.01 3 22.6877 0.03
r 80.8 0.01 3 22.5585 0.03
r 81 0.01 3 22.4314 0.03
r 81.2 0.01 3 22.3018 0.03
r 81.4 0.01 3 22.1734 0.03
r 81.6 0.01 3 22.0463 0.03
r 81.8 0.01 3 21.9199 0.03
r 82 0.01 3 21.7929 0.03
r 82.2 0.01 3 21.6659 0.03
r 82.4 0.01 3 21.5405 0.03
r 82.6 0.01 3 21.4147 0.03
r 82.8 0.01 3 21.2915 0.03
r 83 0.01 3 21.1659 0.03
r 83.2 0.01 3 21.0436 0.03
r 83.4 0.01 3 20.9201 0.03
r 83.6 0.01 3 20.7985 0.03
r 83.8 0.01 3 20.6778 0.03
r 84 0.01 3 20.5571 0.03
r 84.2 0.01 3 20.4383 0.03
r 84.4 0.01 3 20.3201 0.03
r 84.6 0.01 3 20.2003 0.03
r 84.8 0.01 3 20.0818 0.03
r 85 0.01 3 19.963 0.03
r 85.2 0.01 3 19.8441 0.03
r 85.4 0.01 3 19.7254 0.03
r 85.6 0.01 3 19.607 0.03
r 85.8 0.01 3 19.4896 0.03
r 86 0.01 3 19.3713 0.03
r 86.2 0.01 3 19.2534 0.03
r 86.4 0.01 3 19.137 0.03
r 86.6 0.01 3 19.0195 0.03
r 86.8 0.01 3 18.903 0.03
r 87 0.01 3 18.7691 0.03
r 87.2 0.01 3 18.6493 0.03
r 87.4 0.01 3 18.5292 0.03
r 87.6 0.01 3 18.4098 0.03
r 87.8 0.01 3 18.2897 0.03
r 88 0.01 3 18.1695 0.03
r 88.2 0.01 3 18.0507 0.03
r 88.4 0.01 3 17.9311 0.03
r 88.6 0.01 3 17.8115 0.03
r 88.8 0.01 3 17.6917 0.03
r 89 0.01 3 17.5922 0.03
r 89.2 0.01 3 17.4727 0.03
r 89.4 0.01 3 17.3531 0.03
r 89.6 0.01 3 17.2339 0.03
r 89.8 0.01 3 17.1143 0.03
r 90 0.01 3 16.9945 0.03
r 90.2 0.01 3 16.8754 0.03
r 90.4 0.01 3 16.7559 0.03
r 90.6 0.01 3 16.6373 0.03
r 90.8 0.01 3 16.5178 0.03
r 91 0.01 3 16.4003 0.03
r 91.2 0.01 3 16.2803 0.03
r 91.4 0.01 3 16.1619 0.03
r 91.6 0.01 3 16.0442 0.03
r 91.8 0.01 3 15.9249 0.03
r 92 0.01 3 15.8068 0.03
r 92.2 0.01 3 15.6886 0.03
r 92.4 0.01 3 15.5712 0.03
r 92.6 0.01 3 15.4549 0.03
r 92.8 0.01 3 15.3367 0.03
r 93 0.01 3 15.2196 0.03
r 93.2 0.01 3 15.1043 0.03
r 93.4 0.01 3 14.9871 0.03
r 93.6 0.01 3 14.8711 0.03
r 93.8 0.01 3 14.7564 0.03
r 94 0.01 3 14.6424 0.03
r 94.2 0.01 3 14.5275 0.03
r 94.4 0.01 3 14.4152 0.03
r 94.6 0.01 3 14.2991 0.03
r 94.8 0.01 3 14.1841 0.03
r 95 0.01 3 14.0598 0.03
r 95.2 0.01 3 13.9434 0.03
r 95.4 0.01 3 13.8286 0.03
r 95.6 0.01 3 13.7143 0.03
r 95.8 0.01 3 13.5992 0.03
r 96 0.01 3 13.4849 0.03
r 96.2 0.01 3 13.3718 0.03
r 96.4 0.01 3 13.2597 0.03
r 96.6 0.01 3 13.1475 0.03
r 96.8 0.01 3 13.036 0.03
r 97 0.01 3 12.9267 0.03
r 97.2 0.01 3 12.8117 0.03
r 97.4 0.01 3 12.6952 0.03
r 97.6 0.01 3 12.5804 0.03
r 97.8 0.01 3 12.4666 0.03
r 98 0.01 3 12.352 0.03
r 98.2 0.01 3 12.2395 0.03
r 98.4 0.01 3 12.1267 0.03
r 98.6 0.01 3 12.0151 0.03
r 98.8 0.01 3 11.9033 0.03
r 99 0.01 3 11.823 0.03
r 99.2 0.01 3 11.7072 0.03
r 99.4 0.01 3 11.5923 0.03
r 99.6 0.01 3 11.478 0.03
r 99.8 0.01 3 11.3663 0.03
r 100 0.01 3 11.2519 0.03
r 100.2 0.01 3 11.1391 0.03
r 100.4 0.01 3 11.0288 0.03
r 100.6 0.01 3 10.9172 0.03
r 100.8 0.01 3 10.8068 0.03
r 101 0.01 3 10.7036 0.03
r 101.2 0.01 3 10.594 0.03
r 101.4 0.01 3 10.4846 0.03
r 101.6 0.01 3 10.3792 0.03
r 101.8 0.01 3 10.2747 0.03
r 102 0.01 3 10.172 0.03
r 102.2 0.01 3 10.0688 0.03
r 102.4 0.01 3 9.96721 0.03
r 102.6 0.01 3 9.86861 0.03
r 102.8 0.01 3 9.77378 0.03
r 103 0.01 3 9.68341 0.03
r 103.2 0.01 3 9.57132 0.03
r 103.4 0.01 3 9.47083 0.03
r 103.6 0.01 3 9.3664 0.03
r 103.8 0.01 3 9.26137 0.03
r 104 0.01 3 9.15749 0.03
r 104.2 0.01 3 9.05499 0.03
r 104.4 0.01 3 8.95422 0.03
r 104.6 0.01 3 8.85408 0.03
r 104.8 0.01 3 8.7575 0.03
r 105 0.01 3 8.72933 0.03
r 105.2 0.01 3 8.60925 0.03
r 105.4 0.01 3 8.52467 0.03
r 105.6 0.01 3 8.40963 0.03
r 105.8 0.01 3 8.31503 0.03
r 106 0.01 3 8.21572 0.03
r 106.2 0.01 3 8.12215 0.03
r 106.4 0.01 3 8.02234 0.03
r 106.6 0.01 3 7.92847 0.03
r 106.8 0.01 3 7.84369 0.03
r 107 0.01 3 7.82814 0.03
r 107.2 0.01 3 7.72868 0.03
r 107.4 0.01 3 7.63841 0.03
r 107.6 0.01 3 7.5415 0.03
r 107.8 0.01 3 7.48894 0.03
r 108 0.01 3 7.36345 0.03
r 108.2 0.01 3 7.28201 0.03
r 108.4 0.01 3 7.19754 0.03
r 108.6 0.01 3 7.1172 0.03
r 108.8 0.01 3 7.03902 0.03
r 109 0.01 3 6.96778 0.03
r 109.2 0.01 3 6.8954 0.03
r 109.4 0.01 3 6.82708 0.03
r 109.6 0.01 3 6.76187 0.03
r 109.8 0.01 3 6.69946 0.03
r 110 0.01 3 6.64283 0.03
r 110.2 0.01 3 6.58624 0.03
r 110.4 0.01 3 6.53394 0.03
r 110.6 0.01 3 6.49181 0.03
r 110.8 0.01 3 6.42381 0.03
r 111 0.01 3 6.39745 0.03
r 111.2 0.01 3 6.36684 0.03
r 111.4 0.01 3 6.33777 0.03
r 111.6 0.01 3 6.20687 0.03
r 111.8 0.01 3 6.23979 0.03
r 112 0.01 3 6.12241 0.03
r 112.2 0.01 3 6.08492 0.03
r 112.4 0.01 3 6.0479 0.03
r 112.6 0.01 3 6.01661 0.03
r 112.8 0.01 3 5.98407 0.03
r 113 0.01 3 5.95696 0.03
r 113.2 0.01 3 5.93102 0.03
r 113.4 0.01 3 5.91004 0.03
r 113.6 0.01 3 5.89399 0.03
r 113.8 0.01 3 5.88214 0.03
r 114 0.01 3 5.87165 0.03
r 114.2 0.01 3 5.86678 0.03
r 114.4 0.01 3 5.86636 0.03
r 114.6 0.01 3 5.86955 0.03
r 114.8 0.01 3 5.87519 0.03
r 115 0.01 3 5.88408 0.03
r 115.2 0.01 3 5.89404 0.03
r 115.4 0.01 3 5.90962 0.03
r 115.6 0.01 3 5.9255 0.03
r 115.8 0.01 3 5.94601 0.03
r 116 0.01 3 5.96969 0.03
r 116.2 0.01 3 5.9964 0.03
r 116.4 0.01 3 6.02302 0.03
r 116.6 0.01 3 6.06114 0.03
r 116.8 0.01 3 6.08392 0.03
r 117 0.01 3 6.11289 0.03
r 117.2 0.01 3 6.14632 0.03
r 117.4 0.01 3 6.18082 0.03
r 117.6 0.01 3 6.21721 0.03
r 117.8 0.01 3 6.25669 0.03
r 118 0.01 3 6.29884 0.03
r 118.2 0.01 3 6.34453 0.03
r 118.4 0.01 3 6.39015 0.03
r 118.6 0.01 3 6.43972 0.03
r 118.8 0.01 3 6.49408 0.03
r 119 0.01 3 6.54679 0.03
r 119.2 0.01 3 6.60332 0.03
r 119.4 0.01 3 6.6615 0.03
r 119.6 0.01 3 6.72491 0.03
r 119.8 0.01 3 6.78706 0.03
r 120 0.01 3 6.85059 0.03
r 120.2 0.01 3 6.91705 0.03
r 120.4 0.01 3 6.98605 0.03
r 120.6 0.01 3 7.05599 0.03
r 120.8 0.01 3 7.13537 0.03
r 121 0.01 3 7.20865 0.03
r 121.2 0.01 3 7.28285 0.03
r 121.4 0.01 3 7.36051 0.03
r 121.6 0.01 3 7.43972 0.03
r 121.8 0.01 3 7.52037 0.03
r 122 0.01 3 7.60224 0.03
r 122.2 0.01 3 8.61855 0.03
r 122.4 0.01 3 7.77586 0.03
r 122.6 0.01 3 7.85832 0.03
r 122.8 0.01 3 8.59576 0.03
r 123 0.01 3 8.65725 0.03
r 123.2 0.01 3 8.12924 0.03
r 123.4 0.01 3 8.71812 0.03
r 123.6 0.01 3 8.64628 0.03
r 123.8 0.01 3 8.81864 0.03
r 124 0.01 3 8.83314 0.03
r 124.2 0.01 3 8.8385 0.03
r 124.4 0.01 3 8.91436 0.03
r 124.6 0.01 3 8.99715 0.03
r 124.8 0.01 3 9.14097 0.03
r 125 0.01 3 9.11777 0.03
r 125.2 0.01 3 9.21144 0.03
r 125.4 0.01 3 9.39146 0.03
r 125.6 0.01 3 9.43534 0.03
r 125.8 0.01 3 9.55504 0.03
r 126 0.01 3 9.63933 0.03
r 126.2 0.01 3 9.7508 0.03
r 126.4 0.01 3 9.80671 0.03
r 126.6 0.01 3 10.0772 0.03
r 126.8 0.01 3 10.1327 0.03
r 127 0.01 3 10.2265 0.03
r 127.2 0.01 3 10.2852 0.03
r 127.4 0.01 3 10.3991 0.03
r 127.6 0.01 3 10.5077 0.03
r 127.8 0.01 3 10.6005 0.03
r 128 0.01 3 10.6921 0.03
r 128.2 0.01 3 10.778 0.03
r 128.4 0.01 3 10.882 0.03
r 128.6 0.01 3 10.9861 0.03
r 128.8 0.01 3 11.0856 0.03
r 129 0.01 3 11.1811 0.03
r 129.2 0.01 3 11.2908 0.03
r 129.4 0.01 3 11.3954 0.03
r 129.6 0.01 3 11.5196 0.03
r 129.8 0.01 3 11.615 0.03
r 130 0.01 3 11.7148 0.03
r 130.2 0.01 3 11.8357 0.03
r 130.4 0.01 3 11.9512 0.03
r 130.6 0.01 3 12.0681 0.03
r 130.8 0.01 3 12.1579 0.03
r 131 0.01 3 12.2828 0.03
r 131.2 0.01 3 12.4075 0.03
r 131.4 0.01 3 12.5192 0.03
r 131.6 0.01 3 12.6297 0.03
r 131.8 0.01 3 12.749 0.03
r 132 0.01 3 12.8747 0.03
r 132.2 0.01 3 12.9932 0.03
r 132.4 0.01 3 13.1131 0.03
r 132.6 0.01 3 13.2323 0.03
r 132.8 0.01 3 13.3527 0.03
r 133 0.01 3 13.4829 0.03
r 133.2 0.01 3 13.6184 0.03
r 133.4 0.01 3 13.7006 0.03
r 133.6 0.01 3 13.8171 0.03
r 133.8 0.01 3 13.9927 0.03
r 134 0.01 3 14.1199 0.03
r 134.2 0.01 3 14.1636 0.03
r 134.4 0.01 3 14.3477 0.03
r 134.6 0.01 3 14.4205 0.03
r 134.8 0.01 3 14.5474 0.03
r 135 0.01 3 14.6829 0.03
r 135.2 0.01 3 14.7945 0.03
r 135.4 0.01 3 14.9188 0.03
r 135.6 0.01 3 15.0455 0.03
r 135.8 0.01 3 15.1879 0.03
r 136 0.01 3 15.361 0.03
r 136.2 0.01 3 15.484 0.03
r 136.4 0.01 3 15.6038 0.03
r 136.6 0.01 3 15.7289 0.03
r 136.8 0.01 3 15.8222 0.03
r 137 0.01 3 15.9487 0.03
r 137.2 0.01 3 16.0728 0.03
r 137.4 0.01 3 16.2155 0.03
r 137.6 0.01 3 16.3465 0.03
r 137.8 0.01 3 16.4657 0.03
r 138 0.01 3 16.6018 0.03
r 138.2 0.01 3 16.7949 0.03
r 138.4 0.01 3 16.9249 0.03
r 138.6 0.01 3 16.9981 0.03
r 138.8 0.01 3 17.1853 0.03
r 139 0.01 3 17.2448 0.03
r 139.2 0.01 3 17.3752 0.03
r 139.4 0.01 3 17.473 0.03
r 139.6 0.01 3 17.6094 0.03
r 139.8 0.01 3 17.7431 0.03
r 140 0.01 3 17.8718 0.03
r 140.2 0.01 3 18.0027 0.03
r 140.4 0.01 3 18.1329 0.03
r 140.6 0.01 3 18.2609 0.03
r 140.8 0.01 3 18.3921 0.03
r 141 0.01 3 18.4374 0.03
r 141.2 0.01 3 18.5666 0.03
r 141.4 0.01 3 18.6971 0.03
r 141.6 0.01 3 18.8274 0.03
r 141.8 0.01 3 18.9579 0.03
r 142 0.01 3 19.0881 0.03
r 142.2 0.01 3 19.2182 0.03
r 142.4 0.01 3 19.3488 0.03
r 142.6 0.01 3 19.4796 0.03
r 142.8 0.01 3 19.6102 0.03
r 143 0.01 3 19.6578 0.03
r 143.2 0.01 3 19.7884 0.03
r 143.4 0.01 3 19.9181 0.03
r 143.6 0.01 3 20.048 0.03
r 143.8 0.01 3 20.1787 0.03
r 144 0.01 3 20.3086 0.03
r 144.2 0.01 3 20.4394 0.03
r 144.4 0.01 3 20.5696 0.03
r 144.6 0.01 3 20.7001 0.03
r 144.8 0.01 3 20.831 0.03
r 145 0.01 3 20.9248 0.03
r 145.2 0.01 3 21.0559 0.03
r 145.4 0.01 3 21.1853 0.03
r 145.6 0.01 3 21.314 0.03
r 145.8 0.01 3 21.444 0.03
r 146 0.01 3 21.576 0.03
r 146.2 0.01 3 21.7048 0.03
r 146.4 0.01 3 21.8338 0.03
r 146.6 0.01 3 21.9661 0.03
r 146.8 0.01 3 22.0989 0.03
r 147 0.01 3 22.1815 0.03
r 147.2 0.01 3 22.3117 0.03
r 147.4 0.01 3 22.4419 0.03
r 147.6 0.01 3 22.5723 0.03
r 147.8 0.01 3 22.7027 0.03
r 148 0.01 3 22.8332 0.03
r 148.2 0.01 3 22.9638 0.03
r 148.4 0.01 3 23.0945 0.03
r 148.6 0.01 3 23.2253 0.03
r 148.8 0.01 3 23.3562 0.03
r 149 0.01 3 23.46 0.03
r 149.2 0.01 3 23.5902 0.03
r 149.4 0.01 3 23.7204 0.03
r 149.6 0.01 3 23.8505 0.03
r 149.8 0.01 3 23.9811 0.03
r 150 0.01 3 24.1116 0.03
r 150.2 0.01 3 24.2422 0.03
r 150.4 0.01 3 24.3729 0.03
r 150.6 0.01 3 24.5036 0.03
r 150.8 0.01 3 24.6346 0.03
r 151 0.01 3 24.7533 0.03
r 151.2 0.01 3 24.8799 0.03
r 151.4 0.01 3 25.0101 0.03
r 151.6 0.01 3 25.1404 0.03
r 151.8 0.01 3 25.2708 0.03
r 152 0.01 3 25.4013 0.03
r 152.2 0.01 3 25.532 0.03
r 152.4 0.01 3 25.6629 0.03
r 152.6 0.01 3 25.7935 0.03
r 152.8 0.01 3 25.9245 0.03
r 153 0.01 3 26.0407 0.03
r 153.2 0.01 3 26.1707 0.03
r 153.4 0.01 3 26.3008 0.03
r 153.6 0.01 3 26.4309 0.03
r 153.8 0.01 3 26.5612 0.03
r 154 0.01 3 26.692 0.03
r 154.2 0.01 3 26.8221 0.03
r 154.4 0.01 3 26.9508 0.03
r 154.6 0.01 3 27.0851 0.03
r 154.8 0.01 3 27.2161 0.03
r 155 0.01 3 27.3324 0.03
s 125 3 602
r 105 0.01 2 13.0669 0.01
r 105.2 0.01 2 12.9481 0.01
r 105.4 0.01 2 12.8258 0.01
r 105.6 0.01 2 12.7055 0.01
r 105.8 0.01 2 12.5856 0.01
r 106 0.01 2 12.4623 0.01
r 106.2 0.01 2 12.3433 0.01
r 106.4 0.01 2 12.222 0.01
r 106.6 0.01 2 12.1019 0.01
r 106.8 0.01 2 11.9816 0.01
r 107 0.01 2 11.8641 0.01
r 107.2 0.01 2 11.746 0.01
r 107.4 0.01 2 11.6255 0.01
r 107.6 0.01 2 11.504 0.01
r 107.8 0.01 2 11.3835 0.01
r 108 0.01 2 11.2612 0.01
r 108.2 0.01 2 11.141 0.01
r 108.4 0.01 2 11.0227 0.01
r 108.6 0.01 2 10.9024 0.01
r 108.8 0.01 2 10.7807 0.01
r 109 0.01 2 10.6688 0.01
r 109.2 0.01 2 10.5466 0.01
r 109.4 0.01 2 10.4274 0.01
r 109.6 0.01 2 10.3055 0.01
r 109.8 0.01 2 10.1845 0.01
r 110 0.01 2 10.0656 0.01
r 110.2 0.01 2 9.94475 0.01
r 110.4 0.01 2 9.82466 0.01
r 110.6 0.01 2 9.70605 0.01
r 110.8 0.01 2 9.58494 0.01
r 111 0.01 2 9.49299 0.01
r 111.2 0.01 2 9.38546 0.01
r 111.4 0.01 2 9.25924 0.01
r 111.6 0.01 2 9.13722 0.01
r 111.8 0.01 2 9.021 0.01
r 112 0.01 2 8.89327 0.01
r 112.2 0.01 2 8.76335 0.01
r 112.4 0.01 2 8.63394 0.01
r 112.6 0.01 2 8.50421 0.01
r 112.8 0.01 2 8.37441 0.01
r 113 0.01 2 8.24487 0.01
r 113.2 0.01 2 8.11546 0.01
r 113.4 0.01 2 7.98621 0.01
r 113.6 0.01 2 7.85712 0.01
r 113.8 0.01 2 7.72821 0.01
r 114 0.01 2 7.6006 0.01
r 114.2 0.01 2 7.47171 0.01
r 114.4 0.01 2 7.34314 0.01
r 114.6 0.01 2 7.21465 0.01
r 114.8 0.01 2 7.08628 0.01
r 115 0.01 2 6.95892 0.01
r 115.2 0.01 2 6.83098 0.01
r 115.4 0.01 2 6.70345 0.01
r 115.6 0.01 2 6.57641 0.01
r 115.8 0.01 2 6.45 0.01
r 116 0.01 2 6.32253 0.01
r 116.2 0.01 2 6.19628 0.01
r 116.4 0.01 2 6.07035 0.01
r 116.6 0.01 2 5.94425 0.01
r 116.8 0.01 2 5.8188 0.01
r 117 0.01 2 5.69376 0.01
r 117.2 0.01 2 5.56904 0.01
r 117.4 0.01 2 5.44483 0.01
r 117.6 0.01 2 5.32091 0.01
r 117.8 0.01 2 5.19764 0.01
r 118 0.01 2 5.07467 0.01
r 118.2 0.01 2 4.95239 0.01
r 118.4 0.01 2 4.83066 0.01
r 118.6 0.01 2 4.70959 0.01
r 118.8 0.01 2 4.58926 0.01
r 119 0.01 2 4.46935 0.01
r 119.2 0.01 2 4.35031 0.01
r 119.4 0.01 2 4.23252 0.01
r 119.6 0.01 2 4.11516 0.01
r 119.8 0.01 2 3.99923 0.01
r 120 0.01 2 3.88422 0.01
r 120.2 0.01 2 3.77099 0.01
r 120.4 0.01 2 3.65948 0.01
r 120.6 0.01 2 3.54679 0.01
r 120.8 0.01 2 3.43726 0.01
r 121 0.01 2 3.33075 0.01
r 121.2 0.01 2 3.22463 0.01
r 121.4 0.01 2 3.12068 0.01
r 121.6 0.01 2 3.01924 0.01
r 121.8 0.01 2 2.92058 0.01
r 122 0.01 2 2.82441 0.01
r 122.2 0.01 2 2.73165 0.01
r 122.4 0.01 2 2.6423 0.01
r 122.6 0.01 2 2.55693 0.01
r 122.8 0.01 2 2.47558 0.01
r 123 0.01 2 2.39939 0.01
r 123.2 0.01 2 2.32803 0.01
r 123.4 0.01 2 2.26214 0.01
r 123.6 0.01 2 2.20212 0.01
r 123.8 0.01 2 2.14849 0.01
r 124 0.01 2 2.10298 0.01
r 124.2 0.01 2 2.06502 0.01
r 124.4 0.01 2 2.03526 0.01
r 124.6 0.01 2 2.01401 0.01
r 124.8 0.01 2 2.00067 0.01
r 125 0.01 2 1.99585 0.01
r 125.2 0.01 2 2.00029 0.01
r 125.4 0.01 2 2.01273 0.01
r 125.6 0.01 2 2.03335 0.01
r 125.8 0.01 2 2.06357 0.01
r 126 0.01 2 2.10201 0.01
r 126.2 0.01 2 2.14797 0.01
r 126.4 0.01 2 2.20112 0.01
r 126.6 0.01 2 2.26094 0.01
r 126.8 0.01 2 2.32714 0.01
r 127 0.01 2 2.39845 0.01
r 127.2 0.01 2 2.47517 0.01
r 127.4 0.01 2 2.55648 0.01
r 127.6 0.01 2 2.6418 0.01
r 127.8 0.01 2 2.73119 0.01
r 128 0.01 2 2.82398 0.01
r 128.2 0.01 2 2.91987 0.01
r 128.4 0.01 2 3.01891 0.01
r 128.6 0.01 2 3.12036 0.01
r 128.8 0.01 2 3.224 0.01
r 129 0.01 2 3.32962 0.01
r 129.2 0.01 2 3.43737 0.01
r 129.4 0.01 2 3.54681 0.01
r 129.6 0.01 2 3.65775 0.01
r 129.8 0.01 2 3.77017 0.01
r 130 0.01 2 3.88398 0.01
r 130.2 0.01 2 3.99897 0.01
r 130.4 0.01 2 4.11513 0.01
r 130.6 0.01 2 4.23229 0.01
r 130.8 0.01 2 4.3504 0.01
r 131 0.01 2 4.47142 0.01
r 131.2 0.01 2 4.58922 0.01
r 131.4 0.01 2 4.70967 0.01
r 131.6 0.01 2 4.83193 0.01
r 131.8 0.01 2 4.9528 0.01
r 132 0.01 2 5.07469 0.01
r 132.2 0.01 2 5.19757 0.01
r 132.4 0.01 2 5.32102 0.01
r 132.6 0.01 2 5.44489 0.01
r 132.8 0.01 2 5.56953 0.01
r 133 0.01 2 5.69507 0.01
r 133.2 0.01 2 5.81969 0.01
r 133.4 0.01 2 5.94489 0.01
r 133.6 0.01 2 6.07049 0.01
r 133.8 0.01 2 6.19624 0.01
r 134 0.01 2 6.32254 0.01
r 134.2 0.01 2 6.44921 0.01
r 134.4 0.01 2 6.57616 0.01
r 134.6 0.01 2 6.70335 0.01
r 134.8 0.01 2 6.83081 0.01
r 135 0.01 2 6.95835 0.01
r 135.2 0.01 2 7.08625 0.01
r 135.4 0.01 2 7.21422 0.01
r 135.6 0.01 2 7.34265 0.01
r 135.8 0.01 2 7.47087 0.01
r 136 0.01 2 7.59946 0.01
r 136.2 0.01 2 7.72819 0.01
r 136.4 0.01 2 7.85709 0.01
r 136.6 0.01 2 7.98614 0.01
r 136.8 0.01 2 8.11531 0.01
r 137 0.01 2 8.24468 0.01
r 137.2 0.01 2 8.37407 0.01
r 137.4 0.01 2 8.50363 0.01
r 137.6 0.01 2 8.6333 0.01
r 137.8 0.01 2 8.76309 0.01
r 138 0.01 2 8.8936 0.01
r 138.2 0.01 2 9.02376 0.01
r 138.4 0.01 2 9.1535 0.01
r 138.6 0.01 2 9.28346 0.01
r 138.8 0.01 2 9.41361 0.01
r 139 0.01 2 9.54385 0.01
r 139.2 0.01 2 9.67431 0.01
r 139.4 0.01 2 9.80491 0.01
r 139.6 0.01 2 9.93554 0.01
r 139.8 0.01 2 10.0663 0.01
r 140 0.01 2 10.197 0.01
r 140.2 0.01 2 10.3276 0.01
r 140.4 0.01 2 10.4584 0.01
r 140.6 0.01 2 10.5893 0.01
r 140.8 0.01 2 10.7203 0.01
r 141 0.01 2 10.8514 0.01
r 141.2 0.01 2 10.9824 0.01
r 141.4 0.01 2 11.1136 0.01
r 141.6 0.01 2 11.2449 0.01
r 141.8 0.01 2 11.3764 0.01
r 142 0.01 2 11.5076 0.01
r 142.2 0.01 2 11.6388 0.01
r 142.4 0.01 2 11.7701 0.01
r 142.6 0.01 2 11.9015 0.01
r 142.8 0.01 2 12.0329 0.01
r 143 0.01 2 12.1645 0.01
r 143.2 0.01 2 12.296 0.01
r 143.4 0.01 2 12.4276 0.01
r 143.6 0.01 2 12.5593 0.01
r 143.8 0.01 2 12.6914 0.01
r 144 0.01 2 12.8229 0.01
r 144.2 0.01 2 12.9545 0.01
r 144.4 0.01 2 13.0862 0.01
r 144.6 0.01 2 13.2179 0.01
r 144.8 0.01 2 13.3497 0.01
r 145 0.01 2 13.4815 0.01
r 85 0.01 3 26.2864 0.03
r 85.2 0.01 3 26.1665 0.03
r 85.4 0.01 3 26.0458 0.03
r 85.6 0.01 3 25.9247 0.03
r 85.8 0.01 3 25.8041 0.03
r 86 0.01 3 25.6838 0.03
r 86.2 0.01 3 25.5637 0.03
r 86.4 0.01 3 25.4434 0.03
r 86.6 0.01 3 25.3225 0.03
r 86.8 0.01 3 25.2017 0.03
r 87 0.01 3 25.0232 0.03
r 87.2 0.01 3 24.9044 0.03
r 87.4 0.01 3 24.7784 0.03
r 87.6 0.01 3 24.6565 0.03
r 87.8 0.01 3 24.5368 0.03
r 88 0.01 3 24.4153 0.03
r 88.2 0.01 3 24.2952 0.03
r 88.4 0.01 3 24.1743 0.03
r 88.6 0.01 3 24.061 0.03
r 88.8 0.01 3 23.9338 0.03
r 89 0.01 3 23.8111 0.03
r 89.2 0.01 3 23.6903 0.03
r 89.4 0.01 3 23.5693 0.03
r 89.6 0.01 3 23.4486 0.03
r 89.8 0.01 3 23.3277 0.03
r 90 0.01 3 23.2076 0.03
r 90.2 0.01 3 23.0869 0.03
r 90.4 0.01 3 22.9661 0.03
r 90.6 0.01 3 22.8456 0.03
r 90.8 0.01 3 22.7255 0.03
r 91 0.01 3 22.6101 0.03
r 91.2 0.01 3 22.4893 0.03
r 91.4 0.01 3 22.3686 0.03
r 91.6 0.01 3 22.248 0.03
r 91.8 0.01 3 22.1273 0.03
r 92 0.01 3 22.0069 0.03
r 92.2 0.01 3 21.8861 0.03
r 92.4 0.01 3 21.7657 0.03
r 92.6 0.01 3 21.6451 0.03
r 92.8 0.01 3 21.5249 0.03
r 93 0.01 3 21.4112 0.03
r 93.2 0.01 3 21.291 0.03
r 93.4 0.01 3 21.1708 0.03
r 93.6 0.01 3 21.0496 0.03
r 93.8 0.01 3 20.929 0.03
r 94 0.01 3 20.8095 0.03
r 94.2 0.01 3 20.6887 0.03
r 94.4 0.01 3 20.5681 0.03
r 94.6 0.01 3 20.4478 0.03
r 94.8 0.01 3 20.3277 0.03
r 95 0.01 3 20.2068 0.03
r 95.2 0.01 3 20.0868 0.03
r 95.4 0.01 3 19.9665 0.03
r 95.6 0.01 3 19.846 0.03
r 95.8 0.01 3 19.7264 0.03
r 96 0.01 3 19.6064 0.03
r 96.2 0.01 3 19.487 0.03
r 96.4 0.01 3 19.3662 0.03
r 96.6 0.01 3 19.246 0.03
r 96.8 0.01 3 19.1263 0.03
r 97 0.01 3 19.0066 0.03
r 97.2 0.01 3 18.8872 0.03
r 97.4 0.01 3 18.7677 0.03
r 97.6 0.01 3 18.6485 0.03
r 97.8 0.01 3 18.5298 0.03
r 98 0.01 3 18.4101 0.03
r 98.2 0.01 3 18.2918 0.03
r 98.4 0.01 3 18.1721 0.03
r 98.6 0.01 3 18.0532 0.03
r 98.8 0.01 3 17.9355 0.03
r 99 0.01 3 17.8167 0.03
r 99.2 0.01 3 17.697 0.03
r 99.4 0.01 3 17.5784 0.03
r 99.6 0.01 3 17.4602 0.03
r 99.8 0.01 3 17.342 0.03
r 100 0.01 3 17.2238 0.03
r 100.2 0.01 3 17.106 0.03
r 100.4 0.01 3 16.9916 0.03
r 100.6 0.01 3 16.8714 0.03
r 100.8 0.01 3 16.7563 0.03
r 101 0.01 3 16.6386 0.03
r 101.2 0.01 3 16.5242 0.03
r 101.4 0.01 3 16.4075 0.03
r 101.6 0.01 3 16.29 0.03
r 101.8 0.01 3 16.1755 0.03
r 102 0.01 3 16.0616 0.03
r 102.2 0.01 3 15.9474 0.03
r 102.4 0.01 3 15.8356 0.03
r 102.6 0.01 3 15.719 0.03
r 102.8 0.01 3 15.607 0.03
r 103 0.01 3 15.4658 0.03
r 103.2 0.01 3 15.3509 0.03
r 103.4 0.01 3 15.2348 0.03
r 103.6 0.01 3 15.121 0.03
r 103.8 0.01 3 15.0101 0.03
r 104 0.01 3 14.8934 0.03
r 104.2 0.01 3 14.7781 0.03
r 104.4 0.01 3 14.6649 0.03
r 104.6 0.01 3 14.5539 0.03
r 104.8 0.01 3 14.4424 0.03
r 105 0.01 3 14.3265 0.03
r 105.2 0.01 3 14.2167 0.03
r 105.4 0.01 3 14.1089 0.03
r 105.6 0.01 3 13.9997 0.03
r 105.8 0.01 3 13.8937 0.03
r 106 0.01 3 13.7897 0.03
r 106.2 0.01 3 13.6883 0.03
r 106.4 0.01 3 13.5791 0.03
r 106.6 0.01 3 13.4744 0.03
r 106.8 0.01 3 13.3794 0.03
r 107 0.01 3 13.2028 0.03
r 107.2 0.01 3 13.0942 0.03
r 107.4 0.01 3 12.9859 0.03
r 107.6 0.01 3 12.8741 0.03
r 107.8 0.01 3 12.7688 0.03
r 108 0.01 3 12.6646 0.03
r 108.2 0.01 3 12.5628 0.03
r 108.4 0.01 3 12.462 0.03
r 108.6 0.01 3 12.3627 0.03
r 108.8 0.01 3 12.2635 0.03
r 109 0.01 3 12.1243 0.03
r 109.2 0.01 3 12.0284 0.03
r 109.4 0.01 3 11.9319 0.03
r 109.6 0.01 3 11.8196 0.03
r 109.8 0.01 3 11.7258 0.03
r 110 0.01 3 11.618 0.03
r 110.2 0.01 3 11.5245 0.03
r 110.4 0.01 3 11.425 0.03
r 110.6 0.01 3 11.3341 0.03
r 110.8 0.01 3 11.2204 0.03
r 111 0.01 3 11.1422 0.03
r 111.2 0.01 3 11.0522 0.03
r 111.4 0.01 3 10.9662 0.03
r 111.6 0.01 3 10.8794 0.03
r 111.8 0.01 3 10.7297 0.03
r 112 0.01 3 10.7159 0.03
r 112.2 0.01 3 10.5453 0.03
r 112.4 0.01 3 10.3992 0.03
r 112.6 0.01 3 10.3523 0.03
r 112.8 0.01 3 10.2621 0.03
r 113 0.01 3 10.0108 0.03
r 113.2 0.01 3 9.93584 0.03
r 113.4 0.01 3 10.0674 0.03
r 113.6 0.01 3 9.79386 0.03
r 113.8 0.01 3 9.67261 0.03
r 114 0.01 3 9.5397 0.03
r 114.2 0.01 3 9.54502 0.03
r 114.4 0.01 3 9.45581 0.03
r 114.6 0.01 3 9.22233 0.03
r 114.8 0.01 3 9.19595 0.03
r 115 0.01 3 9.03901 0.03
r 115.2 0.01 3 8.97453 0.03
r 115.4 0.01 3 8.85557 0.03
r 115.6 0.01 3 8.77288 0.03
r 115.8 0.01 3 8.63243 0.03
r 116 0.01 3 8.55902 0.03
r 116.2 0.01 3 8.51336 0.03
r 116.4 0.01 3 8.36302 0.03
r 116.6 0.01 3 8.26381 0.03
r 116.8 0.01 3 8.27206 0.03
r 117 0.01 3 8.07198 0.03
r 117.2 0.01 3 7.99406 0.03
r 117.4 0.01 3 7.92484 0.03
r 117.6 0.01 3 7.85315 0.03
r 117.8 0.01 3 7.79043 0.03
r 118 0.01 3 7.73423 0.03
r 118.2 0.01 3 7.68511 0.03
r 118.4 0.01 3 7.61515 0.03
r 118.6 0.01 3 7.5988 0.03
r 118.8 0.01 3 7.50587 0.03
r 119 0.01 3 7.21005 0.03
r 119.2 0.01 3 7.13797 0.03
r 119.4 0.01 3 7.066 0.03
r 119.6 0.01 3 6.99681 0.03
r 119.8 0.01 3 6.92779 0.03
r 120 0.01 3 6.864 0.03
r 120.2 0.01 3 6.80009 0.03
r 120.4 0.01 3 6.73812 0.03
r 120.6 0.01 3 6.67818 0.03
r 120.8 0.01 3 6.62167 0.03
r 121 0.01 3 6.56504 0.03
r 121.2 0.01 3 6.50786 0.03
r 121.4 0.01 3 6.45675 0.03
r 121.6 0.01 3 6.40851 0.03
r 121.8 0.01 3 6.36214 0.03
r 122 0.01 3 6.31883 0.03
r 122.2 0.01 3 6.27792 0.03
r 122.4 0.01 3 6.23998 0.03
r 122.6 0.01 3 6.20432 0.03
r 122.8 0.01 3 6.1713 0.03
r 123 0.01 3 6.14029 0.03
r 123.2 0.01 3 6.11297 0.03
r 123.4 0.01 3 6.08773 0.03
r 123.6 0.01 3 6.07304 0.03
r 123.8 0.01 3 6.05021 0.03
r 124 0.01 3 6.03174 0.03
r 124.2 0.01 3 6.01762 0.03
r 124.4 0.01 3 6.0083 0.03
r 124.6 0.01 3 6.004 0.03
r 124.8 0.01 3 6.0027 0.03
r 125 0.01 3 5.99533 0.03
r 125.2 0.01 3 5.99555 0.03
r 125.4 0.01 3 5.99947 0.03
r 125.6 0.01 3 6.00677 0.03
r 125.8 0.01 3 6.01711 0.03
r 126 0.01 3 6.03039 0.03
r 126.2 0.01 3 6.04653 0.03
r 126.4 0.01 3 6.06576 0.03
r 126.6 0.01 3 6.0934 0.03
r 126.8 0.01 3 6.11382 0.03
r 127 0.01 3 6.14038 0.03
r 127.2 0.01 3 6.17081 0.03
r 127.4 0.01 3 6.20387 0.03
r 127.6 0.01 3 6.2393 0.03
r 127.8 0.01 3 6.27762 0.03
r 128 0.01 3 6.3187 0.03
r 128.2 0.01 3 6.36192 0.03
r 128.4 0.01 3 6.40835 0.03
r 128.6 0.01 3 6.45623 0.03
r 128.8 0.01 3 6.50863 0.03
r 129 0.01 3 6.5615 0.03
r 129.2 0.01 3 6.61963 0.03
r 129.4 0.01 3 6.67627 0.03
r 129.6 0.01 3 6.73499 0.03
r 129.8 0.01 3 6.79549 0.03
r 130 0.01 3 6.85899 0.03
r 130.2 0.01 3 6.92479 0.03
r 130.4 0.01 3 6.99397 0.03
r 130.6 0.01 3 7.06191 0.03
r 130.8 0.01 3 7.13496 0.03
r 131 0.01 3 7.21168 0.03
r 131.2 0.01 3 7.28651 0.03
r 131.4 0.01 3 7.36483 0.03
r 131.6 0.01 3 7.44235 0.03
r 131.8 0.01 3 7.52109 0.03
r 132 0.01 3 7.60611 0.03
r 132.2 0.01 3 7.68562 0.03
r 132.4 0.01 3 7.77307 0.03
r 132.6 0.01 3 7.86036 0.03
r 132.8 0.01 3 7.94718 0.03
r 133 0.01 3 8.65725 0.03
r 133.2 0.01 3 8.12375 0.03
r 133.4 0.01 3 8.71811 0.03
r 133.6 0.01 3 8.31854 0.03
r 133.8 0.01 3 8.81863 0.03
r 134 0.01 3 8.8331 0.03
r 134.2 0.01 3 8.85012 0.03
r 134.4 0.01 3 8.91493 0.03
r 134.6 0.01 3 8.97862 0.03
r 134.8 0.01 3 9.12553 0.03
r 135 0.01 3 9.24733 0.03
r 135.2 0.01 3 9.20437 0.03
r 135.4 0.01 3 9.33877 0.03
r 135.6 0.01 3 9.48819 0.03
r 135.8 0.01 3 9.55886 0.03
r 136 0.01 3 9.64605 0.03
r 136.2 0.01 3 9.72062 0.03
r 136.4 0.01 3 9.81612 0.03
r 136.6 0.01 3 10.0772 0.03
r 136.8 0.01 3 10.1327 0.03
r 137 0.01 3 10.2265 0.03
r 137.2 0.01 3 10.2851 0.03
r 137.4 0.01 3 10.4237 0.03
r 137.6 0.01 3 10.5077 0.03
r 137.8 0.01 3 10.6005 0.03
r 138 0.01 3 10.6921 0.03
r 138.2 0.01 3 10.7787 0.03
r 138.4 0.01 3 10.882 0.03
r 138.6 0.01 3 10.9861 0.03
r 138.8 0.01 3 11.0856 0.03
r 139 0.01 3 11.1811 0.03
r 139.2 0.01 3 11.2908 0.03
r 139.4 0.01 3 11.3918 0.03
r 139.6 0.01 3 11.5196 0.03
r 139.8 0.01 3 11.615 0.03
r 140 0.01 3 11.711 0.03
r 140.2 0.01 3 11.8357 0.03
r 140.4 0.01 3 11.9512 0.03
r 140.6 0.01 3 12.0681 0.03
r 140.8 0.01 3 12.1579 0.03
r 141 0.01 3 12.2828 0.03
r 141.2 0.01 3 12.4075 0.03
r 141.4 0.01 3 12.5192 0.03
r 141.6 0.01 3 12.6296 0.03
r 141.8 0.01 3 12.749 0.03
r 142 0.01 3 12.8747 0.03
r 142.2 0.01 3 12.9809 0.03
r 142.4 0.01 3 13.113 0.03
r 142.6 0.01 3 13.2289 0.03
r 142.8 0.01 3 13.3673 0.03
r 143 0.01 3 13.4829 0.03
r 143.2 0.01 3 13.6184 0.03
r 143.4 0.01 3 13.703 0.03
r 143.6 0.01 3 13.8175 0.03
r 143.8 0.01 3 13.9927 0.03
r 144 0.01 3 14.1199 0.03
r 144.2 0.01 3 14.1985 0.03
r 144.4 0.01 3 14.3476 0.03
r 144.6 0.01 3 14.42 0.03
r 144.8 0.01 3 14.5711 0.03
r 145 0.01 3 14.6829 0.03
r 145.2 0.01 3 14.7946 0.03
r 145.4 0.01 3 14.9104 0.03
r 145.6 0.01 3 15.0383 0.03
r 145.8 0.01 3 15.1755 0.03
r 146 0.01 3 15.361 0.03
r 146.2 0.01 3 15.484 0.03
r 146.4 0.01 3 15.6038 0.03
r 146.6 0.01 3 15.685 0.03
r 146.8 0.01 3 15.8222 0.03
r 147 0.01 3 15.9324 0.03
r 147.2 0.01 3 16.0728 0.03
r 147.4 0.01 3 16.2155 0.03
r 147.6 0.01 3 16.3465 0.03
r 147.8 0.01 3 16.4657 0.03
r 148 0.01 3 16.5447 0.03
r 148.2 0.01 3 16.7949 0.03
r 148.4 0.01 3 16.9249 0.03
r 148.6 0.01 3 17.055 0.03
r 148.8 0.01 3 17.1853 0.03
r 149 0.01 3 17.2448 0.03
r 149.2 0.01 3 17.3752 0.03
r 149.4 0.01 3 17.473 0.03
r 149.6 0.01 3 17.6094 0.03
r 149.8 0.01 3 17.7431 0.03
r 150 0.01 3 17.8718 0.03
r 150.2 0.01 3 18.0027 0.03
r 150.4 0.01 3 18.1329 0.03
r 150.6 0.01 3 18.2609 0.03
r 150.8 0.01 3 18.3921 0.03
r 151 0.01 3 18.4374 0.03
r 151.2 0.01 3 18.5666 0.03
r 151.4 0.01 3 18.6971 0.03
r 151.6 0.01 3 18.8274 0.03
r 151.8 0.01 3 18.9579 0.03
r 152 0.01 3 19.0881 0.03
r 152.2 0.01 3 19.2182 0.03
r 152.4 0.01 3 19.3488 0.03
r 152.6 0.01 3 19.4796 0.03
r 152.8 0.01 3 19.6102 0.03
r 153 0.01 3 19.6578 0.03
r 153.2 0.01 3 19.7884 0.03
r 153.4 0.01 3 19.9181 0.03
r 153.6 0.01 3 20.048 0.03
r 153.8 0.01 3 20.1787 0.03
r 154 0.01 3 20.3086 0.03
r 154.2 0.01 3 20.4394 0.03
r 154.4 0.01 3 20.5696 0.03
r 154.6 0.01 3 20.7001 0.03
r 154.8 0.01 3 20.831 0.03
r 155 0.01 3 20.9248 0.03
r 155.2 0.01 3 21.0559 0.03
r 155.4 0.01 3 21.1853 0.03
r 155.6 0.01 3 21.314 0.03
r 155.8 0.01 3 21.444 0.03
r 156 0.01 3 21.576 0.03
r 156.2 0.01 3 21.7048 0.03
r 156.4 0.01 3 21.834 0.03
r 156.6 0.01 3 21.9661 0.03
r 156.8 0.01 3 22.0989 0.03
r 157 0.01 3 22.1815 0.03
r 157.2 0.01 3 22.3117 0.03
r 157.4 0.01 3 22.4419 0.03
r 157.6 0.01 3 22.5723 0.03
r 157.8 0.01 3 22.7027 0.03
r 158 0.01 3 22.8332 0.03
r 158.2 0.01 3 22.9638 0.03
r 158.4 0.01 3 23.0945 0.03
r 158.6 0.01 3 23.2253 0.03
r 158.8 0.01 3 23.3562 0.03
r 159 0.01 3 23.46 0.03
r 159.2 0.01 3 23.5902 0.03
r 159.4 0.01 3 23.7204 0.03
r 159.6 0.01 3 23.8505 0.03
r 159.8 0.01 3 23.9811 0.03
r 160 0.01 3 24.1116 0.03
r 160.2 0.01 3 24.2422 0.03
r 160.4 0.01 3 24.3729 0.03
r 160.6 0.01 3 24.5036 0.03
r 160.8 0.01 3 24.6346 0.03
r 161 0.01 3 24.7533 0.03
r 161.2 0.01 3 24.8799 0.03
r 161.4 0.01 3 25.0101 0.03
r 161.6 0.01 3 25.1404 0.03
r 161.8 0.01 3 25.2708 0.03
r 162 0.01 3 25.4016 0.03
r 162.2 0.01 3 25.532 0.03
r 162.4 0.01 3 25.6629 0.03
r 162.6 0.01 3 25.7935 0.03
r 162.8 0.01 3 25.9245 0.03
r 163 0.01 3 26.0407 0.03
r 163.2 0.01 3 26.1707 0.03
r 163.4 0.01 3 26.3008 0.03
r 163.6 0.01 3 26.4309 0.03
r 163.8 0.01 3 26.5612 0.03
r 164 0.01 3 26.692 0.03
r 164.2 0.01 3 26.8221 0.03
r 164.4 0.01 3 26.9508 0.03
r 164.6 0.01 3 27.0851 0.03
r 164.8 0.01 3 27.2161 0.03
r 165 0.01 3 27.3324 0.03
s 135 3 602
r 115 0.01 2 13.4816 0.01
r 115.2 0.01 2 13.3497 0.01
r 115.4 0.01 2 13.2179 0.01
r 115.6 0.01 2 13.0862 0.01
r 115.8 0.01 2 12.9544 0.01
r 116 0.01 2 12.8228 0.01
r 116.2 0.01 2 12.6911 0.01
r 116.4 0.01 2 12.5594 0.01
r 116.6 0.01 2 12.4277 0.01
r 116.8 0.01 2 12.296 0.01
r 117 0.01 2 12.1644 0.01
r 117.2 0.01 2 12.033 0.01
r 117.4 0.01 2 11.9015 0.01
r 117.6 0.01 2 11.7701 0.01
r 117.8 0.01 2 11.6387 0.01
r 118 0.01 2 11.5074 0.01
r 118.2 0.01 2 11.3762 0.01
r 118.4 0.01 2 11.2452 0.01
r 118.6 0.01 2 11.1138 0.01
r 118.8 0.01 2 10.9825 0.01
r 119 0.01 2 10.8513 0.01
r 119.2 0.01 2 10.7203 0.01
r 119.4 0.01 2 10.5894 0.01
r 119.6 0.01 2 10.4585 0.01
r 119.8 0.01 2 10.3276 0.01
r 120 0.01 2 10.1968 0.01
r 120.2 0.01 2 10.0662 0.01
r 120.4 0.01 2 9.93556 0.01
r 120.6 0.01 2 9.80501 0.01
r 120.8 0.01 2 9.67437 0.01
r 121 0.01 2 9.54399 0.01
r 121.2 0.01 2 9.41368 0.01
r 121.4 0.01 2 9.28346 0.01
r 121.6 0.01 2 9.15331 0.01
r 121.8 0.01 2 9.02326 0.01
r 122 0.01 2 8.89327 0.01
r 122.2 0.01 2 8.76335 0.01
r 122.4 0.01 2 8.63394 0.01
r 122.6 0.01 2 8.50421 0.01
r 122.8 0.01 2 8.37441 0.01
r 123 0.01 2 8.24487 0.01
r 123.2 0.01 2 8.11546 0.01
r 123.4 0.01 2 7.98621 0.01
r 123.6 0.01 2 7.85712 0.01
r 123.8 0.01 2 7.72821 0.01
r 124 0.01 2 7.6006 0.01
r 124.2 0.01 2 7.47171 0.01
r 124.4 0.01 2 7.34314 0.01
r 124.6 0.01 2 7.21465 0.01
r 124.8 0.01 2 7.08628 0.01
r 125 0.01 2 6.95892 0.01
r 125.2 0.01 2 6.83098 0.01
r 125.4 0.01 2 6.70345 0.01
r 125.6 0.01 2 6.57641 0.01
r 125.8 0.01 2 6.45 0.01
r 126 0.01 2 6.32253 0.01
r 126.2 0.01 2 6.19628 0.01
r 126.4 0.01 2 6.07035 0.01
r 126.6 0.01 2 5.94425 0.01
r 126.8 0.01 2 5.8188 0.01
r 127 0.01 2 5.69376 0.01
r 127.2 0.01 2 5.56904 0.01
r 127.4 0.01 2 5.44483 0.01
r 127.6 0.01 2 5.32091 0.01
r 127.8 0.01 2 5.19764 0.01
r 128 0.01 2 5.07467 0.01
r 128.2 0.01 2 4.95239 0.01
r 128.4 0.01 2 4.83066 0.01
r 128.6 0.01 2 4.70959 0.01
r 128.8 0.01 2 4.58926 0.01
r 129 0.01 2 4.46935 0.01
r 129.2 0.01 2 4.35031 0.01
r 129.4 0.01 2 4.23252 0.01
r 129.6 0.01 2 4.11516 0.01
r 129.8 0.01 2 3.99923 0.01
r 130 0.01 2 3.88422 0.01
r 130.2 0.01 2 3.77099 0.01
r 130.4 0.01 2 3.65948 0.01
r 130.6 0.01 2 3.54679 0.01
r 130.8 0.01 2 3.43726 0.01
r 131 0.01 2 3.33075 0.01
r 131.2 0.01 2 3.22463 0.01
r 131.4 0.01 2 3.12068 0.01
r 131.6 0.01 2 3.01924 0.01
r 131.8 0.01 2 2.92058 0.01
r 132 0.01 2 2.82441 0.01
r 132.2 0.01 2 2.73165 0.01
r 132.4 0.01 2 2.6423 0.01
r 132.6 0.01 2 2.55693 0.01
r 132.8 0.01 2 2.47558 0.01
r 133 0.01 2 2.39939 0.01
r 133.2 0.01 2 2.32803 0.01
r 133.4 0.01 2 2.26214 0.01
r 133.6 0.01 2 2.20212 0.01
r 133.8 0.01 2 2.14849 0.01
r 134 0.01 2 2.10298 0.01
r 134.2 0.01 2 2.06502 0.01
r 134.4 0.01 2 2.03526 0.01
r 134.6 0.01 2 2.01401 0.01
r 134.8 0.01 2 2.00067 0.01
r 135 0.01 2 1.99585 0.01
r 135.2 0.01 2 2.00029 0.01
r 135.4 0.01 2 2.01273 0.01
r 135.6 0.01 2 2.03335 0.01
r 135.8 0.01 2 2.06357 0.01
r 136 0.01 2 2.10201 0.01
r 136.2 0.01 2 2.14797 0.01
r 136.4 0.01 2 2.20112 0.01
r 136.6 0.01 2 2.26094 0.01
r 136.8 0.01 2 2.32714 0.01
r 137 0.01 2 2.39845 0.01
r 137.2 0.01 2 2.47517 0.01
r 137.4 0.01 2 2.55648 0.01
r 137.6 0.01 2 2.6418 0.01
r 137.8 0.01 2 2.73119 0.01
r 138 0.01 2 2.82398 0.01
r 138.2 0.01 2 2.91987 0.01
r 138.4 0.01 2 3.01891 0.01
r 138.6 0.01 2 3.12036 0.01
r 138.8 0.01 2 3.224 0.01
r 139 0.01 2 3.32962 0.01
r 139.2 0.01 2 3.43737 0.01
r 139.4 0.01 2 3.54681 0.01
r 139.6 0.01 2 3.65775 0.01
r 139.8 0.01 2 3.77017 0.01
r 140 0.01 2 3.88398 0.01
r 140.2 0.01 2 3.99897 0.01
r 140.4 0.01 2 4.11513 0.01
r 140.6 0.01 2 4.23229 0.01
r 140.8 0.01 2 4.3504 0.01
r 141 0.01 2 4.47142 0.01
r 141.2 0.01 2 4.58922 0.01
r 141.4 0.01 2 4.70967 0.01
r 141.6 0.01 2 4.83193 0.01
r 141.8 0.01 2 4.9528 0.01
r 142 0.01 2 5.07469 0.01
r 142.2 0.01 2 5.19757 0.01
r 142.4 0.01 2 5.32102 0.01
r 142.6 0.01 2 5.44489 0.01
r 142.8 0.01 2 5.56953 0.01
r 143 0.01 2 5.69507 0.01
r 143.2 0.01 2 5.81969 0.01
r 143.4 0.01 2 5.94489 0.01
r 143.6 0.01 2 6.07049 0.01
r 143.8 0.01 2 6.19624 0.01
r 144 0.01 2 6.32254 0.01
r 144.2 0.01 2 6.44921 0.01
r 144.4 0.01 2 6.57616 0.01
r 144.6 0.01 2 6.70335 0.01
r 144.8 0.01 2 6.83081 0.01
r 145 0.01 2 6.95835 0.01
r 145.2 0.01 2 7.08625 0.01
r 145.4 0.01 2 7.21422 0.01
r 145.6 0.01 2 7.34265 0.01
r 145.8 0.01 2 7.47087 0.01
r 146 0.01 2 7.59946 0.01
r 146.2 0.01 2 7.72819 0.01
r 146.4 0.01 2 7.85709 0.01
r 146.6 0.01 2 7.98614 0.01
r 146.8 0.01 2 8.11531 0.01
r 147 0.01 2 8.24468 0.01
r 147.2 0.01 2 8.37407 0.01
r 147.4 0.01 2 8.50363 0.01
r 147.6 0.01 2 8.6333 0.01
r 147.8 0.01 2 8.76309 0.01
r 148 0.01 2 8.8936 0.01
r 148.2 0.01 2 9.02376 0.01
r 148.4 0.01 2 9.1535 0.01
r 148.6 0.01 2 9.28346 0.01
r 148.8 0.01 2 9.41361 0.01
r 149 0.01 2 9.54385 0.01
r 149.2 0.01 2 9.67431 0.01
r 149.4 0.01 2 9.80491 0.01
r 149.6 0.01 2 9.93554 0.01
r 149.8 0.01 2 10.0663 0.01
r 150 0.01 2 10.197 0.01
r 150.2 0.01 2 10.3276 0.01
r 150.4 0.01 2 10.4584 0.01
r 150.6 0.01 2 10.5893 0.01
r 150.8 0.01 2 10.7203 0.01
r 151 0.01 2 10.8514 0.01
r 151.2 0.01 2 10.9824 0.01
r 151.4 0.01 2 11.1136 0.01
r 151.6 0.01 2 11.2449 0.01
r 151.8 0.01 2 11.3764 0.01
r 152 0.01 2 11.5076 0.01
r 152.2 0.01 2 11.6388 0.01
r 152.4 0.01 2 11.7701 0.01
r 152.6 0.01 2 11.9015 0.01
r 152.8 0.01 2 12.0329 0.01
r 153 0.01 2 12.1645 0.01
r 153.2 0.01 2 12.296 0.01
r 153.4 0.01 2 12.4276 0.01
r 153.6 0.01 2 12.5593 0.01
r 153.8 0.01 2 12.6914 0.01
r 154 0.01 2 12.8229 0.01
r 154.2 0.01 2 12.9545 0.01
r 154.4 0.01 2 13.0862 0.01
r 154.6 0.01 2 13.2179 0.01
r 154.8 0.01 2 13.3497 0.01
r 155 0.01 2 13.4815 0.01
r 95 0.01 3 26.6222 0.03
r 95.2 0.01 3 26.5012 0.03
r 95.4 0.01 3 26.3808 0.03
r 95.6 0.01 3 26.26 0.03
r 95.8 0.01 3 26.1398 0.03
r 96 0.01 3 26.0195 0.03
r 96.2 0.01 3 25.8997 0.03
r 96.4 0.01 3 25.7792 0.03
r 96.6 0.01 3 25.659 0.03
r 96.8 0.01 3 25.5402 0.03
r 97 0.01 3 25.4227 0.03
r 97.2 0.01 3 25.3006 0.03
r 97.4 0.01 3 25.181 0.03
r 97.6 0.01 3 25.0621 0.03
r 97.8 0.01 3 24.9421 0.03
r 98 0.01 3 24.8222 0.03
r 98.2 0.01 3 24.7036 0.03
r 98.4 0.01 3 24.5835 0.03
r 98.6 0.01 3 24.4637 0.03
r 98.8 0.01 3 24.345 0.03
r 99 0.01 3 24.2255 0.03
r 99.2 0.01 3 24.1077 0.03
r 99.4 0.01 3 23.988 0.03
r 99.6 0.01 3 23.8689 0.03
r 99.8 0.01 3 23.7504 0.03
r 100 0.01 3 23.632 0.03
r 100.2 0.01 3 23.5143 0.03
r 100.4 0.01 3 23.3966 0.03
r 100.6 0.01 3 23.28 0.03
r 100.8 0.01 3 23.1624 0.03
r 101 0.01 3 23.0466 0.03
r 101.2 0.01 3 22.93 0.03
r 101.4 0.01 3 22.8135 0.03
r 101.6 0.01 3 22.6981 0.03
r 101.8 0.01 3 22.5841 0.03
r 102 0.01 3 22.4694 0.03
r 102.2 0.01 3 22.3541 0.03
r 102.4 0.01 3 22.2377 0.03
r 102.6 0.01 3 22.1236 0.03
r 102.8 0.01 3 22.01 0.03
r 103 0.01 3 21.8645 0.03
r 103.2 0.01 3 21.7477 0.03
r 103.4 0.01 3 21.6323 0.03
r 103.6 0.01 3 21.5171 0.03
r 103.8 0.01 3 21.4013 0.03
r 104 0.01 3 21.2876 0.03
r 104.2 0.01 3 21.1715 0.03
r 104.4 0.01 3 21.057 0.03
r 104.6 0.01 3 20.944 0.03
r 104.8 0.01 3 20.8307 0.03
r 105 0.01 3 20.6869 0.03
r 105.2 0.01 3 20.5707 0.03
r 105.4 0.01 3 20.456 0.03
r 105.6 0.01 3 20.3407 0.03
r 105.8 0.01 3 20.2263 0.03
r 106 0.01 3 20.1119 0.03
r 106.2 0.01 3 19.9992 0.03
r 106.4 0.01 3 19.8864 0.03
r 106.6 0.01 3 19.7752 0.03
r 106.8 0.01 3 19.6594 0.03
r 107 0.01 3 19.5451 0.03
r 107.2 0.01 3 19.4357 0.03
r 107.4 0.01 3 19.3273 0.03
r 107.6 0.01 3 19.2203 0.03
r 107.8 0.01 3 19.1148 0.03
r 108 0.01 3 19.0114 0.03
r 108.2 0.01 3 18.902 0.03
r 108.4 0.01 3 18.8077 0.03
r 108.6 0.01 3 18.7085 0.03
r 108.8 0.01 3 18.6044 0.03
r 109 0.01 3 18.4868 0.03
r 109.2 0.01 3 18.4045 0.03
r 109.4 0.01 3 18.3098 0.03
r 109.6 0.01 3 18.2262 0.03
r 109.8 0.01 3 18.1409 0.03
r 110 0.01 3 17.8631 0.03
r 110.2 0.01 3 17.9769 0.03
r 110.4 0.01 3 17.3837 0.03
r 110.6 0.01 3 17.3145 0.03
r 110.8 0.01 3 17.5852 0.03
r 111 0.01 3 17.2253 0.03
r 111.2 0.01 3 17.1269 0.03
r 111.4 0.01 3 17.0127 0.03
r 111.6 0.01 3 16.9173 0.03
r 111.8 0.01 3 16.7663 0.03
r 112 0.01 3 16.6717 0.03
r 112.2 0.01 3 16.7316 0.03
r 112.4 0.01 3 16.3358 0.03
r 112.6 0.01 3 16.5252 0.03
r 112.8 0.01 3 16.3644 0.03
r 113 0.01 3 15.9841 0.03
r 113.2 0.01 3 15.9366 0.03
r 113.4 0.01 3 16.1229 0.03
r 113.6 0.01 3 15.7234 0.03
r 113.8 0.01 3 15.6118 0.03
r 114 0.01 3 15.514 0.03
r 114.2 0.01 3 15.4167 0.03
r 114.4 0.01 3 15.254 0.03
r 114.6 0.01 3 15.224 0.03
r 114.8 0.01 3 14.9839 0.03
r 115 0.01 3 14.8081 0.03
r 115.2 0.01 3 14.6909 0.03
r 115.4 0.01 3 14.5519 0.03
r 115.6 0.01 3 14.4215 0.03
r 115.8 0.01 3 14.3144 0.03
r 116 0.01 3 14.212 0.03
r 116.2 0.01 3 14.0503 0.03
r 116.4 0.01 3 13.9245 0.03
r 116.6 0.01 3 13.7822 0.03
r 116.8 0.01 3 13.6581 0.03
r 117 0.01 3 13.5704 0.03
r 117.2 0.01 3 13.399 0.03
r 117.4 0.01 3 13.3137 0.03
r 117.6 0.01 3 13.2087 0.03
r 117.8 0.01 3 13.0825 0.03
r 118 0.01 3 12.8929 0.03
r 118.2 0.01 3 12.8308 0.03
r 118.4 0.01 3 12.7041 0.03
r 118.6 0.01 3 12.5789 0.03
r 118.8 0.01 3 12.4542 0.03
r 119 0.01 3 12.3384 0.03
r 119.2 0.01 3 12.2144 0.03
r 119.4 0.01 3 12.0627 0.03
r 119.6 0.01 3 11.9576 0.03
r 119.8 0.01 3 11.84 0.03
r 120 0.01 3 11.7078 0.03
r 120.2 0.01 3 11.5881 0.03
r 120.4 0.01 3 11.4677 0.03
r 120.6 0.01 3 11.3477 0.03
r 120.8 0.01 3 11.2407 0.03
r 121 0.01 3 11.1269 0.03
r 121.2 0.01 3 11.006 0.03
r 121.4 0.01 3 10.8784 0.03
r 121.6 0.01 3 10.792 0.03
r 121.8 0.01 3 10.6596 0.03
r 122 0.01 3 10.5454 0.03
r 122.2 0.01 3 10.4389 0.03
r 122.4 0.01 3 10.3282 0.03
r 122.6 0.01 3 10.2328 0.03
r 122.8 0.01 3 10.1256 0.03
r 123 0.01 3 10.0131 0.03
r 123.2 0.01 3 9.91819 0.03
r 123.4 0.01 3 9.81566 0.03
r 123.6 0.01 3 9.70643 0.03
r 123.8 0.01 3 9.61636 0.03
r 124 0.01 3 9.51581 0.03
r 124.2 0.01 3 9.42697 0.03
r 124.4 0.01 3 9.33522 0.03
r 124.6 0.01 3 9.24109 0.03
r 124.8 0.01 3 9.15337 0.03
r 125 0.01 3 9.03325 0.03
r 125.2 0.01 3 8.97198 0.03
r 125.4 0.01 3 8.84194 0.03
r 125.6 0.01 3 8.71684 0.03
r 125.8 0.01 3 8.63237 0.03
r 126 0.01 3 8.56702 0.03
r 126.2 0.01 3 8.45752 0.03
r 126.4 0.01 3 8.35129 0.03
r 126.6 0.01 3 8.26816 0.03
r 126.8 0.01 3 8.19083 0.03
r 127 0.01 3 8.07198 0.03
r 127.2 0.01 3 7.99393 0.03
r 127.4 0.01 3 7.92419 0.03
r 127.6 0.01 3 7.85323 0.03
r 127.8 0.01 3 7.80182 0.03
r 128 0.01 3 7.73519 0.03
r 128.2 0.01 3 7.68511 0.03
r 128.4 0.01 3 7.61121 0.03
r 128.6 0.01 3 7.5988 0.03
r 128.8 0.01 3 7.28332 0.03
r 129 0.01 3 7.2084 0.03
r 129.2 0.01 3 7.13682 0.03
r 129.4 0.01 3 7.06497 0.03
r 129.6 0.01 3 6.99533 0.03
r 129.8 0.01 3 6.92762 0.03
r 130 0.01 3 6.86403 0.03
r 130.2 0.01 3 6.79869 0.03
r 130.4 0.01 3 6.73797 0.03
r 130.6 0.01 3 6.67776 0.03
r 130.8 0.01 3 6.6215 0.03
r 131 0.01 3 6.56504 0.03
r 131.2 0.01 3 6.50786 0.03
r 131.4 0.01 3 6.45675 0.03
r 131.6 0.01 3 6.40851 0.03
r 131.8 0.01 3 6.36215 0.03
r 132 0.01 3 6.31884 0.03
r 132.2 0.01 3 6.27792 0.03
r 132.4 0.01 3 6.23998 0.03
r 132.6 0.01 3 6.20432 0.03
r 132.8 0.01 3 6.17129 0.03
r 133 0.01 3 6.14029 0.03
r 133.2 0.01 3 6.11297 0.03
r 133.4 0.01 3 6.08773 0.03
r 133.6 0.01 3 6.07304 0.03
r 133.8 0.01 3 6.05021 0.03
r 134 0.01 3 6.03174 0.03
r 134.2 0.01 3 6.01762 0.03
r 134.4 0.01 3 6.0083 0.03
r 134.6 0.01 3 6.004 0.03
r 134.8 0.01 3 6.0027 0.03
r 135 0.01 3 5.99533 0.03
r 135.2 0.01 3 5.99555 0.03
r 135.4 0.01 3 5.99947 0.03
r 135.6 0.01 3 6.00677 0.03
r 135.8 0.01 3 6.01711 0.03
r 136 0.01 3 6.03039 0.03
r 136.2 0.01 3 6.04653 0.03
r 136.4 0.01 3 6.06576 0.03
r 136.6 0.01 3 6.0934 0.03
r 136.8 0.01 3 6.11382 0.03
r 137 0.01 3 6.14038 0.03
r 137.2 0.01 3 6.17081 0.03
r 137.4 0.01 3 6.20387 0.03
r 137.6 0.01 3 6.2393 0.03
r 137.8 0.01 3 6.27762 0.03
r 138 0.01 3 6.3187 0.03
r 138.2 0.01 3 6.36192 0.03
r 138.4 0.01 3 6.40835 0.03
r 138.6 0.01 3 6.45623 0.03
r 138.8 0.01 3 6.50863 0.03
r 139 0.01 3 6.5615 0.03
r 139.2 0.01 3 6.61957 0.03
r 139.4 0.01 3 6.67628 0.03
r 139.6 0.01 3 6.73497 0.03
r 139.8 0.01 3 6.79548 0.03
r 140 0.01 3 6.85905 0.03
r 140.2 0.01 3 6.92562 0.03
r 140.4 0.01 3 6.99406 0.03
r 140.6 0.01 3 7.06189 0.03
r 140.8 0.01 3 7.1349 0.03
r 141 0.01 3 7.21181 0.03
r 141.2 0.01 3 7.28619 0.03
r 141.4 0.01 3 7.36314 0.03
r 141.6 0.01 3 7.44266 0.03
r 141.8 0.01 3 7.52127 0.03
r 142 0.01 3 7.60513 0.03
r 142.2 0.01 3 7.69502 0.03
r 142.4 0.01 3 7.76564 0.03
r 142.6 0.01 3 7.86217 0.03
r 142.8 0.01 3 8.59433 0.03
r 143 0.01 3 8.65725 0.03
r 143.2 0.01 3 8.12361 0.03
r 143.4 0.01 3 8.71809 0.03
r 143.6 0.01 3 8.75611 0.03
r 143.8 0.01 3 8.81863 0.03
r 144 0.01 3 8.83309 0.03
r 144.2 0.01 3 8.91929 0.03
r 144.4 0.01 3 8.91288 0.03
r 144.6 0.01 3 8.9876 0.03
r 144.8 0.01 3 9.14103 0.03
r 145 0.01 3 9.24223 0.03
r 145.2 0.01 3 9.22588 0.03
r 145.4 0.01 3 9.39224 0.03
r 145.6 0.01 3 9.48096 0.03
r 145.8 0.01 3 9.59867 0.03
r 146 0.01 3 9.6355 0.03
r 146.2 0.01 3 9.71819 0.03
r 146.4 0.01 3 9.83785 0.03
r 146.6 0.01 3 10.0772 0.03
r 146.8 0.01 3 10.1327 0.03
r 147 0.01 3 10.2265 0.03
r 147.2 0.01 3 10.285 0.03
r 147.4 0.01 3 10.4237 0.03
r 147.6 0.01 3 10.5077 0.03
r 147.8 0.01 3 10.6005 0.03
r 148 0.01 3 10.6921 0.03
r 148.2 0.01 3 10.7724 0.03
r 148.4 0.01 3 10.882 0.03
r 148.6 0.01 3 10.9861 0.03
r 148.8 0.01 3 11.0856 0.03
r 149 0.01 3 11.1811 0.03
r 149.2 0.01 3 11.2908 0.03
r 149.4 0.01 3 11.3918 0.03
r 149.6 0.01 3 11.5196 0.03
r 149.8 0.01 3 11.615 0.03
r 150 0.01 3 11.7193 0.03
r 150.2 0.01 3 11.8357 0.03
r 150.4 0.01 3 11.9512 0.03
r 150.6 0.01 3 12.0681 0.03
r 150.8 0.01 3 12.1567 0.03
r 151 0.01 3 12.2828 0.03
r 151.2 0.01 3 12.4075 0.03
r 151.4 0.01 3 12.5392 0.03
r 151.6 0.01 3 12.6296 0.03
r 151.8 0.01 3 12.749 0.03
r 152 0.01 3 12.8747 0.03
r 152.2 0.01 3 12.9809 0.03
r 152.4 0.01 3 13.113 0.03
r 152.6 0.01 3 13.2488 0.03
r 152.8 0.01 3 13.3527 0.03
r 153 0.01 3 13.4829 0.03
r 153.2 0.01 3 13.6184 0.03
r 153.4 0.01 3 13.7004 0.03
r 153.6 0.01 3 13.7991 0.03
r 153.8 0.01 3 13.9927 0.03
r 154 0.01 3 14.1199 0.03
r 154.2 0.01 3 14.1801 0.03
r 154.4 0.01 3 14.3477 0.03
r 154.6 0.01 3 14.4397 0.03
r 154.8 0.01 3 14.5449 0.03
r 155 0.01 3 14.6829 0.03
r 155.2 0.01 3 14.7938 0.03
r 155.4 0.01 3 14.9123 0.03
r 155.6 0.01 3 15.0384 0.03
r 155.8 0.01 3 15.1761 0.03
r 156 0.01 3 15.361 0.03
r 156.2 0.01 3 15.484 0.03
r 156.4 0.01 3 15.6038 0.03
r 156.6 0.01 3 15.7289 0.03
r 156.8 0.01 3 15.8222 0.03
r 157 0.01 3 15.9487 0.03
r 157.2 0.01 3 16.0728 0.03
r 157.4 0.01 3 16.2009 0.03
r 157.6 0.01 3 16.3465 0.03
r 157.8 0.01 3 16.4657 0.03
r 158 0.01 3 16.5472 0.03
r 158.2 0.01 3 16.7949 0.03
r 158.4 0.01 3 16.9249 0.03
r 158.6 0.01 3 16.9981 0.03
r 158.8 0.01 3 17.1853 0.03
r 159 0.01 3 17.2448 0.03
r 159.2 0.01 3 17.3752 0.03
r 159.4 0.01 3 17.473 0.03
r 159.6 0.01 3 17.6094 0.03
r 159.8 0.01 3 17.7431 0.03
r 160 0.01 3 17.8718 0.03
r 160.2 0.01 3 18.0027 0.03
r 160.4 0.01 3 18.1329 0.03
r 160.6 0.01 3 18.2609 0.03
r 160.8 0.01 3 18.3921 0.03
r 161 0.01 3 18.4374 0.03
r 161.2 0.01 3 18.5666 0.03
r 161.4 0.01 3 18.6971 0.03
r 161.6 0.01 3 18.8274 0.03
r 161.8 0.01 3 18.9579 0.03
r 162 0.01 3 19.0881 0.03
r 162.2 0.01 3 19.2182 0.03
r 162.4 0.01 3 19.3488 0.03
r 162.6 0.01 3 19.4796 0.03
r 162.8 0.01 3 19.6102 0.03
r 163 0.01 3 19.6578 0.03
r 163.2 0.01 3 19.7884 0.03
r 163.4 0.01 3 19.9181 0.03
r 163.6 0.01 3 20.048 0.03
r 163.8 0.01 3 20.1787 0.03
r 164 0.01 3 20.3086 0.03
r 164.2 0.01 3 20.4394 0.03
r 164.4 0.01 3 20.5696 0.03
r 164.6 0.01 3 20.7001 0.03
r 164.8 0.01 3 20.831 0.03
r 165 0.01 3 20.9248 0.03
r 165.2 0.01 3 21.0559 0.03
r 165.4 0.01 3 21.1853 0.03
r 165.6 0.01 3 21.314 0.03
r 165.8 0.01 3 21.444 0.03
r 166 0.01 3 21.576 0.03
r 166.2 0.01 3 21.7048 0.03
r 166.4 0.01 3 21.8337 0.03
r 166.6 0.01 3 21.9661 0.03
r 166.8 0.01 3 22.0989 0.03
r 167 0.01 3 22.1815 0.03
r 167.2 0.01 3 22.3117 0.03
r 167.4 0.01 3 22.4419 0.03
r 167.6 0.01 3 22.5723 0.03
r 167.8 0.01 3 22.7027 0.03
r 168 0.01 3 22.8332 0.03
r 168.2 0.01 3 22.9638 0.03
r 168.4 0.01 3 23.0945 0.03
r 168.6 0.01 3 23.2253 0.03
r 168.8 0.01 3 23.3562 0.03
r 169 0.01 3 23.46 0.03
r 169.2 0.01 3 23.5902 0.03
r 169.4 0.01 3 23.7204 0.03
r 169.6 0.01 3 23.8505 0.03
r 169.8 0.01 3 23.9811 0.03
r 170 0.01 3 24.1116 0.03
r 170.2 0.01 3 24.2422 0.03
r 170.4 0.01 3 24.3729 0.03
r 170.6 0.01 3 24.5036 0.03
r 170.8 0.01 3 24.6346 0.03
r 171 0.01 3 24.7533 0.03
r 171.2 0.01 3 24.8799 0.03
r 171.4 0.01 3 25.0101 0.03
r 171.6 0.01 3 25.1404 0.03
r 171.8 0.01 3 25.2708 0.03
r 172 0.01 3 25.4013 0.03
r 172.2 0.01 3 25.532 0.03
r 172.4 0.01 3 25.6627 0.03
r 172.6 0.01 3 25.7935 0.03
r 172.8 0.01 3 25.9245 0.03
r 173 0.01 3 26.0407 0.03
r 173.2 0.01 3 26.1707 0.03
r 173.4 0.01 3 26.3008 0.03
r 173.6 0.01 3 26.4309 0.03
r 173.8 0.01 3 26.5612 0.03
r 174 0.01 3 26.692 0.03
r 174.2 0.01 3 26.8221 0.03
r 174.4 0.01 3 26.9508 0.03
r 174.6 0.01 3 27.0851 0.03
r 174.8 0.01 3 27.2161 0.03
r 175 0.01 3 27.3324 0.03
s 145 3 602
r 125 0.01 2 13.4816 0.01
r 125.2 0.01 2 13.3497 0.01
r 125.4 0.01 2 13.2179 0.01
r 125.6 0.01 2 13.0862 0.01
r 125.8 0.01 2 12.9544 0.01
r 126 0.01 2 12.8228 0.01
r 126.2 0.01 2 12.6911 0.01
r 126.4 0.01 2 12.5594 0.01
r 126.6 0.01 2 12.4277 0.01
r 126.8 0.01 2 12.296 0.01
r 127 0.01 2 12.1644 0.01
r 127.2 0.01 2 12.033 0.01
r 127.4 0.01 2 11.9015 0.01
r 127.6 0.01 2 11.7701 0.01
r 127.8 0.01 2 11.6387 0.01
r 128 0.01 2 11.5074 0.01
r 128.2 0.01 2 11.3762 0.01
r 128.4 0.01 2 11.2452 0.01
r 128.6 0.01 2 11.1138 0.01
r 128.8 0.01 2 10.9825 0.01
r 129 0.01 2 10.8513 0.01
r 129.2 0.01 2 10.7203 0.01
r 129.4 0.01 2 10.5894 0.01
r 129.6 0.01 2 10.4585 0.01
r 129.8 0.01 2 10.3276 0.01
r 130 0.01 2 10.1968 0.01
r 130.2 0.01 2 10.0662 0.01
r 130.4 0.01 2 9.93556 0.01
r 130.6 0.01 2 9.80501 0.01
r 130.8 0.01 2 9.67437 0.01
r 131 0.01 2 9.54399 0.01
r 131.2 0.01 2 9.41368 0.01
r 131.4 0.01 2 9.28346 0.01
r 131.6 0.01 2 9.15331 0.01
r 131.8 0.01 2 9.02326 0.01
r 132 0.01 2 8.89327 0.01
r 132.2 0.01 2 8.76335 0.01
r 132.4 0.01 2 8.63394 0.01
r 132.6 0.01 2 8.50421 0.01
r 132.8 0.01 2 8.37441 0.01
r 133 0.01 2 8.24487 0.01
r 133.2 0.01 2 8.11546 0.01
r 133.4 0.01 2 7.98621 0.01
r 133.6 0.01 2 7.85712 0.01
r 133.8 0.01 2 7.72821 0.01
r 134 0.01 2 7.6006 0.01
r 134.2 0.01 2 7.47171 0.01
r 134.4 0.01 2 7.34314 0.01
r 134.6 0.01 2 7.21465 0.01
r 134.8 0.01 2 7.08628 0.01
r 135 0.01 2 6.95892 0.01
r 135.2 0.01 2 6.83098 0.01
r 135.4 0.01 2 6.70345 0.01
r 135.6 0.01 2 6.57641 0.01
r 135.8 0.01 2 6.45 0.01
r 136 0.01 2 6.32253 0.01
r 136.2 0.01 2 6.19628 0.01
r 136.4 0.01 2 6.07035 0.01
r 136.6 0.01 2 5.94425 0.01
r 136.8 0.01 2 5.8188 0.01
r 137 0.01 2 5.69376 0.01
r 137.2 0.01 2 5.56904 0.01
r 137.4 0.01 2 5.44483 0.01
r 137.6 0.01 2 5.32091 0.01
r 137.8 0.01 2 5.19764 0.01
r 138 0.01 2 5.07467 0.01
r 138.2 0.01 2 4.95239 0.01
r 138.4 0.01 2 4.83066 0.01
r 138.6 0.01 2 4.70959 0.01
r 138.8 0.01 2 4.58926 0.01
r 139 0.01 2 4.46935 0.01
r 139.2 0.01 2 4.35031 0.01
r 139.4 0.01 2 4.23252 0.01
r 139.6 0.01 2 4.11516 0.01
r 139.8 0.01 2 3.99923 0.01
r 140 0.01 2 3.88422 0.01
r 140.2 0.01 2 3.77099 0.01
r 140.4 0.01 2 3.65948 0.01
r 140.6 0.01 2 3.54679 0.01
r 140.8 0.01 2 3.43726 0.01
r 141 0.01 2 3.33075 0.01
r 141.2 0.01 2 3.22463 0.01
r 141.4 0.01 2 3.12068 0.01
r 141.6 0.01 2 3.01924 0.01
r 141.8 0.01 2 2.92058 0.01
r 142 0.01 2 2.82441 0.01
r 142.2 0.01 2 2.73165 0.01
r 142.4 0.01 2 2.6423 0.01
r 142.6 0.01 2 2.55693 0.01
r 142.8 0.01 2 2.47558 0.01
r 143 0.01 2 2.39939 0.01
r 143.2 0.01 2 2.32803 0.01
r 143.4 0.01 2 2.26214 0.01
r 143.6 0.01 2 2.20212 0.01
r 143.8 0.01 2 2.14849 0.01
r 144 0.01 2 2.10298 0.01
r 144.2 0.01 2 2.06502 0.01
r 144.4 0.01 2 2.03526 0.01
r 144.6 0.01 2 2.01401 0.01
r 144.8 0.01 2 2.00067 0.01
r 145 0.01 2 1.99585 0.01
r 145.2 0.01 2 2.00029 0.01
r 145.4 0.01 2 2.01273 0.01
r 145.6 0.01 2 2.03335 0.01
r 145.8 0.01 2 2.06357 0.01
r 146 0.01 2 2.10201 0.01
r 146.2 0.01 2 2.14797 0.01
r 146.4 0.01 2 2.20112 0.01
r 146.6 0.01 2 2.26094 0.01
r 146.8 0.01 2 2.32714 0.01
r 147 0.01 2 2.39845 0.01
r 147.2 0.01 2 2.47517 0.01
r 147.4 0.01 2 2.55648 0.01
r 147.6 0.01 2 2.6418 0.01
r 147.8 0.01 2 2.73119 0.01
r 148 0.01 2 2.82398 0.01
r 148.2 0.01 2 2.91987 0.01
r 148.4 0.01 2 3.01891 0.01
r 148.6 0.01 2 3.12036 0.01
r 148.8 0.01 2 3.224 0.01
r 149 0.01 2 3.32962 0.01
r 149.2 0.01 2 3.43737 0.01
r 149.4 0.01 2 3.54681 0.01
r 149.6 0.01 2 3.65775 0.01
r 149.8 0.01 2 3.77017 0.01
r 150 0.01 2 3.88398 0.01
r 150.2 0.01 2 3.99897 0.01
r 150.4 0.01 2 4.11513 0.01
r 150.6 0.01 2 4.23229 0.01
r 150.8 0.01 2 4.3504 0.01
r 151 0.01 2 4.47142 0.01
r 151.2 0.01 2 4.58922 0.01
r 151.4 0.01 2 4.70967 0.01
r 151.6 0.01 2 4.83193 0.01
r 151.8 0.01 2 4.9528 0.01
r 152 0.01 2 5.07469 0.01
r 152.2 0.01 2 5.19757 0.01
r 152.4 0.01 2 5.32102 0.01
r 152.6 0.01 2 5.44489 0.01
r 152.8 0.01 2 5.56953 0.01
r 153 0.01 2 5.69507 0.01
r 153.2 0.01 2 5.81969 0.01
r 153.4 0.01 2 5.94489 0.01
r 153.6 0.01 2 6.07049 0.01
r 153.8 0.01 2 6.19624 0.01
r 154 0.01 2 6.32254 0.01
r 154.2 0.01 2 6.44921 0.01
r 154.4 0.01 2 6.57616 0.01
r 154.6 0.01 2 6.70335 0.01
r 154.8 0.01 2 6.83081 0.01
r 155 0.01 2 6.95835 0.01
r 155.2 0.01 2 7.08625 0.01
r 155.4 0.01 2 7.21422 0.01
r 155.6 0.01 2 7.34265 0.01
r 155.8 0.01 2 7.47087 0.01
r 156 0.01 2 7.59946 0.01
r 156.2 0.01 2 7.72819 0.01
r 156.4 0.01 2 7.85709 0.01
r 156.6 0.01 2 7.98614 0.01
r 156.8 0.01 2 8.11531 0.01
r 157 0.01 2 8.24468 0.01
r 157.2 0.01 2 8.37407 0.01
r 157.4 0.01 2 8.50363 0.01
r 157.6 0.01 2 8.6333 0.01
r 157.8 0.01 2 8.76309 0.01
r 158 0.01 2 8.8936 0.01
r 158.2 0.01 2 9.02376 0.01
r 158.4 0.01 2 9.1535 0.01
r 158.6 0.01 2 9.28346 0.01
r 158.8 0.01 2 9.41361 0.01
r 159 0.01 2 9.54385 0.01
r 159.2 0.01 2 9.67431 0.01
r 159.4 0.01 2 9.80491 0.01
r 159.6 0.01 2 9.93554 0.01
r 159.8 0.01 2 10.0663 0.01
r 160 0.01 2 10.197 0.01
r 160.2 0.01 2 10.3276 0.01
r 160.4 0.01 2 10.4584 0.01
r 160.6 0.01 2 10.5893 0.01
r 160.8 0.01 2 10.7203 0.01
r 161 0.01 2 10.8514 0.01
r 161.2 0.01 2 10.9824 0.01
r 161.4 0.01 2 11.1136 0.01
r 161.6 0.01 2 11.2449 0.01
r 161.8 0.01 2 11.3764 0.01
r 162 0.01 2 11.5076 0.01
r 162.2 0.01 2 11.6388 0.01
r 162.4 0.01 2 11.7701 0.01
r 162.6 0.01 2 11.9015 0.01
r 162.8 0.01 2 12.0329 0.01
r 163 0.01 2 12.1645 0.01
r 163.2 0.01 2 12.296 0.01
r 163.4 0.01 2 12.4276 0.01
r 163.6 0.01 2 12.5593 0.01
r 163.8 0.01 2 12.6914 0.01
r 164 0.01 2 12.8229 0.01
r 164.2 0.01 2 12.9545 0.01
r 164.4 0.01 2 13.0862 0.01
r 164.6 0.01 2 13.2179 0.01
r 164.8 0.01 2 13.3497 0.01
r 165 0.01 2 13.4815 0.01
r 105 0.01 3 26.9134 0.03
r 105.2 0.01 3 26.7933 0.03
r 105.4 0.01 3 26.6732 0.03
r 105.6 0.01 3 26.5532 0.03
r 105.8 0.01 3 26.4332 0.03
r 106 0.01 3 26.3131 0.03
r 106.2 0.01 3 26.1933 0.03
r 106.4 0.01 3 26.0736 0.03
r 106.6 0.01 3 25.9537 0.03
r 106.8 0.01 3 25.8341 0.03
r 107 0.01 3 25.7142 0.03
r 107.2 0.01 3 25.5946 0.03
r 107.4 0.01 3 25.4807 0.03
r 107.6 0.01 3 25.3564 0.03
r 107.8 0.01 3 25.2375 0.03
r 108 0.01 3 25.1186 0.03
r 108.2 0.01 3 24.9997 0.03
r 108.4 0.01 3 24.8802 0.03
r 108.6 0.01 3 24.7617 0.03
r 108.8 0.01 3 24.6488 0.03
r 109 0.01 3 24.5263 0.03
r 109.2 0.01 3 24.406 0.03
r 109.4 0.01 3 24.2896 0.03
r 109.6 0.01 3 24.1719 0.03
r 109.8 0.01 3 24.0542 0.03
r 110 0.01 3 23.9367 0.03
r 110.2 0.01 3 23.8193 0.03
r 110.4 0.01 3 23.7028 0.03
r 110.6 0.01 3 23.5862 0.03
r 110.8 0.01 3 23.4695 0.03
r 111 0.01 3 23.3505 0.03
r 111.2 0.01 3 23.2349 0.03
r 111.4 0.01 3 23.1185 0.03
r 111.6 0.01 3 23.0024 0.03
r 111.8 0.01 3 22.8816 0.03
r 112 0.01 3 22.7662 0.03
r 112.2 0.01 3 22.6512 0.03
r 112.4 0.01 3 22.5368 0.03
r 112.6 0.01 3 22.4219 0.03
r 112.8 0.01 3 22.3058 0.03
r 113 0.01 3 22.1878 0.03
r 113.2 0.01 3 22.0703 0.03
r 113.4 0.01 3 21.9523 0.03
r 113.6 0.01 3 21.8326 0.03
r 113.8 0.01 3 21.7111 0.03
r 114 0.01 3 21.5897 0.03
r 114.2 0.01 3 21.4679 0.03
r 114.4 0.01 3 21.3465 0.03
r 114.6 0.01 3 21.1997 0.03
r 114.8 0.01 3 21.1074 0.03
r 115 0.01 3 21.0257 0.03
r 115.2 0.01 3 20.8942 0.03
r 115.4 0.01 3 20.7633 0.03
r 115.6 0.01 3 20.6328 0.03
r 115.8 0.01 3 20.5021 0.03
r 116 0.01 3 20.3755 0.03
r 116.2 0.01 3 20.2403 0.03
r 116.4 0.01 3 20.1101 0.03
r 116.6 0.01 3 19.9797 0.03
r 116.8 0.01 3 19.849 0.03
r 117 0.01 3 19.7599 0.03
r 117.2 0.01 3 19.6464 0.03
r 117.4 0.01 3 19.5156 0.03
r 117.6 0.01 3 19.3849 0.03
r 117.8 0.01 3 19.2542 0.03
r 118 0.01 3 19.1236 0.03
r 118.2 0.01 3 18.9931 0.03
r 118.4 0.01 3 18.8626 0.03
r 118.6 0.01 3 18.7322 0.03
r 118.8 0.01 3 18.6019 0.03
r 119 0.01 3 18.5361 0.03
r 119.2 0.01 3 18.4055 0.03
r 119.4 0.01 3 18.2751 0.03
r 119.6 0.01 3 18.1446 0.03
r 119.8 0.01 3 18.0143 0.03
r 120 0.01 3 17.884 0.03
r 120.2 0.01 3 17.7571 0.03
r 120.4 0.01 3 17.6269 0.03
r 120.6 0.01 3 17.4967 0.03
r 120.8 0.01 3 17.3667 0.03
r 121 0.01 3 17.345 0.03
r 121.2 0.01 3 17.2142 0.03
r 121.4 0.01 3 17.0837 0.03
r 121.6 0.01 3 16.9532 0.03
r 121.8 0.01 3 16.8148 0.03
r 122 0.01 3 16.6839 0.03
r 122.2 0.01 3 16.5623 0.03
r 122.4 0.01 3 16.4311 0.03
r 122.6 0.01 3 16.2945 0.03
r 122.8 0.01 3 16.1714 0.03
r 123 0.01 3 16.0867 0.03
r 123.2 0.01 3 15.9407 0.03
r 123.4 0.01 3 15.8219 0.03
r 123.6 0.01 3 15.6954 0.03
r 123.8 0.01 3 15.5621 0.03
r 124 0.01 3 15.4325 0.03
r 124.2 0.01 3 15.3068 0.03
r 124.4 0.01 3 15.1765 0.03
r 124.6 0.01 3 15.0481 0.03
r 124.8 0.01 3 14.9178 0.03
r 125 0.01 3 14.808 0.03
r 125.2 0.01 3 14.6909 0.03
r 125.4 0.01 3 14.5519 0.03
r 125.6 0.01 3 14.4322 0.03
r 125.8 0.01 3 14.3144 0.03
r 126 0.01 3 14.212 0.03
r 126.2 0.01 3 14.0503 0.03
r 126.4 0.01 3 13.9245 0.03
r 126.6 0.01 3 13.7822 0.03
r 126.8 0.01 3 13.6581 0.03
r 127 0.01 3 13.5704 0.03
r 127.2 0.01 3 13.3989 0.03
r 127.4 0.01 3 13.3137 0.03
r 127.6 0.01 3 13.2087 0.03
r 127.8 0.01 3 13.0825 0.03
r 128 0.01 3 12.8929 0.03
r 128.2 0.01 3 12.8308 0.03
r 128.4 0.01 3 12.7041 0.03
r 128.6 0.01 3 12.5789 0.03
r 128.8 0.01 3 12.4542 0.03
r 129 0.01 3 12.3271 0.03
r 129.2 0.01 3 12.2144 0.03
r 129.4 0.01 3 12.0627 0.03
r 129.6 0.01 3 11.9624 0.03
r 129.8 0.01 3 11.84 0.03
r 130 0.01 3 11.7078 0.03
r 130.2 0.01 3 11.5881 0.03
r 130.4 0.01 3 11.4677 0.03
r 130.6 0.01 3 11.3477 0.03
r 130.8 0.01 3 11.2407 0.03
r 131 0.01 3 11.1269 0.03
r 131.2 0.01 3 11.006 0.03
r 131.4 0.01 3 10.887 0.03
r 131.6 0.01 3 10.7713 0.03
r 131.8 0.01 3 10.6596 0.03
r 132 0.01 3 10.5454 0.03
r 132.2 0.01 3 10.4389 0.03
r 132.4 0.01 3 10.3282 0.03
r 132.6 0.01 3 10.2328 0.03
r 132.8 0.01 3 10.1256 0.03
r 133 0.01 3 10.0131 0.03
r 133.2 0.01 3 9.91819 0.03
r 133.4 0.01 3 9.81566 0.03
r 133.6 0.01 3 9.70644 0.03
r 133.8 0.01 3 9.61636 0.03
r 134 0.01 3 9.51581 0.03
r 134.2 0.01 3 9.42697 0.03
r 134.4 0.01 3 9.33522 0.03
r 134.6 0.01 3 9.24109 0.03
r 134.8 0.01 3 9.15337 0.03
r 135 0.01 3 9.03325 0.03
r 135.2 0.01 3 8.97198 0.03
r 135.4 0.01 3 8.84194 0.03
r 135.6 0.01 3 8.72478 0.03
r 135.8 0.01 3 8.67724 0.03
r 136 0.01 3 8.56044 0.03
r 136.2 0.01 3 8.42639 0.03
r 136.4 0.01 3 8.35453 0.03
r 136.6 0.01 3 8.26941 0.03
r 136.8 0.01 3 8.18919 0.03
r 137 0.01 3 8.07198 0.03
r 137.2 0.01 3 7.99393 0.03
r 137.4 0.01 3 7.92466 0.03
r 137.6 0.01 3 7.85317 0.03
r 137.8 0.01 3 7.7904 0.03
r 138 0.01 3 7.73382 0.03
r 138.2 0.01 3 7.68511 0.03
r 138.4 0.01 3 7.61522 0.03
r 138.6 0.01 3 7.59887 0.03
r 138.8 0.01 3 7.50828 0.03
r 139 0.01 3 7.47848 0.03
r 139.2 0.01 3 7.13823 0.03
r 139.4 0.01 3 7.06536 0.03
r 139.6 0.01 3 6.99524 0.03
r 139.8 0.01 3 6.92756 0.03
r 140 0.01 3 6.86187 0.03
r 140.2 0.01 3 6.79841 0.03
r 140.4 0.01 3 6.73786 0.03
r 140.6 0.01 3 6.6781 0.03
r 140.8 0.01 3 6.62179 0.03
r 141 0.01 3 6.56504 0.03
r 141.2 0.01 3 6.50786 0.03
r 141.4 0.01 3 6.45675 0.03
r 141.6 0.01 3 6.40851 0.03
r 141.8 0.01 3 6.36237 0.03
r 142 0.01 3 6.31883 0.03
r 142.2 0.01 3 6.27792 0.03
r 142.4 0.01 3 6.23998 0.03
r 142.6 0.01 3 6.20432 0.03
r 142.8 0.01 3 6.17129 0.03
r 143 0.01 3 6.14029 0.03
r 143.2 0.01 3 6.11297 0.03
r 143.4 0.01 3 6.08773 0.03
r 143.6 0.01 3 6.07304 0.03
r 143.8 0.01 3 6.05021 0.03
r 144 0.01 3 6.03174 0.03
r 144.2 0.01 3 6.01762 0.03
r 144.4 0.01 3 6.0083 0.03
r 144.6 0.01 3 6.004 0.03
r 144.8 0.01 3 6.0027 0.03
r 145 0.01 3 5.99533 0.03
r 145.2 0.01 3 5.99555 0.03
r 145.4 0.01 3 5.99947 0.03
r 145.6 0.01 3 6.00677 0.03
r 145.8 0.01 3 6.01711 0.03
r 146 0.01 3 6.03039 0.03
r 146.2 0.01 3 6.04653 0.03
r 146.4 0.01 3 6.06576 0.03
r 146.6 0.01 3 6.0934 0.03
r 146.8 0.01 3 6.11382 0.03
r 147 0.01 3 6.14149 0.03
r 147.2 0.01 3 6.17081 0.03
r 147.4 0.01 3 6.20387 0.03
r 147.6 0.01 3 6.2393 0.03
r 147.8 0.01 3 6.27762 0.03
r 148 0.01 3 6.3187 0.03
r 148.2 0.01 3 6.36192 0.03
r 148.4 0.01 3 6.40835 0.03
r 148.6 0.01 3 6.45623 0.03
r 148.8 0.01 3 6.50863 0.03
r 149 0.01 3 6.56151 0.03
r 149.2 0.01 3 6.61959 0.03
r 149.4 0.01 3 6.67621 0.03
r 149.6 0.01 3 6.73498 0.03
r 149.8 0.01 3 6.79547 0.03
r 150 0.01 3 6.85899 0.03
r 150.2 0.01 3 6.92475 0.03
r 150.4 0.01 3 6.99397 0.03
r 150.6 0.01 3 7.06192 0.03
r 150.8 0.01 3 7.13783 0.03
r 151 0.01 3 7.212 0.03
r 151.2 0.01 3 7.28573 0.03
r 151.4 0.01 3 7.36397 0.03
r 151.6 0.01 3 7.44194 0.03
r 151.8 0.01 3 7.51787 0.03
r 152 0.01 3 7.60569 0.03
r 152.2 0.01 3 7.68728 0.03
r 152.4 0.01 3 7.76759 0.03
r 152.6 0.01 3 7.86234 0.03
r 152.8 0.01 3 8.59556 0.03
r 153 0.01 3 8.65725 0.03
r 153.2 0.01 3 8.67949 0.03
r 153.4 0.01 3 8.71812 0.03
r 153.6 0.01 3 8.75548 0.03
r 153.8 0.01 3 8.81862 0.03
r 154 0.01 3 8.77926 0.03
r 154.2 0.01 3 8.91881 0.03
r 154.4 0.01 3 8.90923 0.03
r 154.6 0.01 3 9.03031 0.03
r 154.8 0.01 3 9.14118 0.03
r 155 0.01 3 9.26144 0.03
r 155.2 0.01 3 9.22592 0.03
r 155.4 0.01 3 9.3926 0.03
r 155.6 0.01 3 9.40689 0.03
r 155.8 0.01 3 9.5624 0.03
r 156 0.01 3 9.66601 0.03
r 156.2 0.01 3 9.70752 0.03
r 156.4 0.01 3 9.83728 0.03
r 156.6 0.01 3 10.0772 0.03
r 156.8 0.01 3 10.1325 0.03
r 157 0.01 3 10.2265 0.03
r 157.2 0.01 3 10.2851 0.03
r 157.4 0.01 3 10.4237 0.03
r 157.6 0.01 3 10.5077 0.03
r 157.8 0.01 3 10.6005 0.03
r 158 0.01 3 10.6921 0.03
r 158.2 0.01 3 10.772 0.03
r 158.4 0.01 3 10.882 0.03
r 158.6 0.01 3 10.9861 0.03
r 158.8 0.01 3 11.0856 0.03
r 159 0.01 3 11.1811 0.03
r 159.2 0.01 3 11.2908 0.03
r 159.4 0.01 3 11.3918 0.03
r 159.6 0.01 3 11.5196 0.03
r 159.8 0.01 3 11.6032 0.03
r 160 0.01 3 11.7112 0.03
r 160.2 0.01 3 11.8357 0.03
r 160.4 0.01 3 11.9512 0.03
r 160.6 0.01 3 12.0681 0.03
r 160.8 0.01 3 12.1584 0.03
r 161 0.01 3 12.2742 0.03
r 161.2 0.01 3 12.4075 0.03
r 161.4 0.01 3 12.5392 0.03
r 161.6 0.01 3 12.6296 0.03
r 161.8 0.01 3 12.749 0.03
r 162 0.01 3 12.8747 0.03
r 162.2 0.01 3 13.007 0.03
r 162.4 0.01 3 13.1171 0.03
r 162.6 0.01 3 13.2488 0.03
r 162.8 0.01 3 13.3536 0.03
r 163 0.01 3 13.4829 0.03
r 163.2 0.01 3 13.6184 0.03
r 163.4 0.01 3 13.7001 0.03
r 163.6 0.01 3 13.8171 0.03
r 163.8 0.01 3 13.9927 0.03
r 164 0.01 3 14.1199 0.03
r 164.2 0.01 3 14.1859 0.03
r 164.4 0.01 3 14.3476 0.03
r 164.6 0.01 3 14.4201 0.03
r 164.8 0.01 3 14.5716 0.03
r 165 0.01 3 14.6829 0.03
r 165.2 0.01 3 14.7945 0.03
r 165.4 0.01 3 14.9214 0.03
r 165.6 0.01 3 15.0378 0.03
r 165.8 0.01 3 15.1757 0.03
r 166 0.01 3 15.3609 0.03
r 166.2 0.01 3 15.484 0.03
r 166.4 0.01 3 15.6038 0.03
r 166.6 0.01 3 15.685 0.03
r 166.8 0.01 3 15.8224 0.03
r 167 0.01 3 15.9487 0.03
r 167.2 0.01 3 16.0728 0.03
r 167.4 0.01 3 16.2155 0.03
r 167.6 0.01 3 16.3465 0.03
r 167.8 0.01 3 16.4657 0.03
r 168 0.01 3 16.6018 0.03
r 168.2 0.01 3 16.7949 0.03
r 168.4 0.01 3 16.9249 0.03
r 168.6 0.01 3 17.055 0.03
r 168.8 0.01 3 17.1853 0.03
r 169 0.01 3 17.2448 0.03
r 169.2 0.01 3 17.3752 0.03
r 169.4 0.01 3 17.473 0.03
r 169.6 0.01 3 17.6094 0.03
r 169.8 0.01 3 17.7431 0.03
r 170 0.01 3 17.8718 0.03
r 170.2 0.01 3 18.0027 0.03
r 170.4 0.01 3 18.1329 0.03
r 170.6 0.01 3 18.2609 0.03
r 170.8 0.01 3 18.3921 0.03
r 171 0.01 3 18.4374 0.03
r 171.2 0.01 3 18.5666 0.03
r 171.4 0.01 3 18.6971 0.03
r 171.6 0.01 3 18.8274 0.03
r 171.8 0.01 3 18.9579 0.03
r 172 0.01 3 19.0881 0.03
r 172.2 0.01 3 19.2182 0.03
r 172.4 0.01 3 19.3488 0.03
r 172.6 0.01 3 19.4796 0.03
r 172.8 0.01 3 19.6102 0.03
r 173 0.01 3 19.6578 0.03
r 173.2 0.01 3 19.7884 0.03
r 173.4 0.01 3 19.9181 0.03
r 173.6 0.01 3 20.048 0.03
r 173.8 0.01 3 20.1787 0.03
r 174 0.01 3 20.3086 0.03
r 174.2 0.01 3 20.4394 0.03
r 174.4 0.01 3 20.5696 0.03
r 174.6 0.01 3 20.7001 0.03
r 174.8 0.01 3 20.831 0.03
r 175 0.01 3 20.9248 0.03
r 175.2 0.01 3 21.0559 0.03
r 175.4 0.01 3 21.1853 0.03
r 175.6 0.01 3 21.314 0.03
r 175.8 0.01 3 21.444 0.03
r 176 0.01 3 21.576 0.03
r 176.2 0.01 3 21.7048 0.03
r 176.4 0.01 3 21.8337 0.03
r 176.6 0.01 3 21.9661 0.03
r 176.8 0.01 3 22.0989 0.03
r 177 0.01 3 22.1815 0.03
r 177.2 0.01 3 22.3117 0.03
r 177.4 0.01 3 22.4419 0.03
r 177.6 0.01 3 22.5723 0.03
r 177.8 0.01 3 22.7027 0.03
r 178 0.01 3 22.8332 0.03
r 178.2 0.01 3 22.9638 0.03
r 178.4 0.01 3 23.0945 0.03
r 178.6 0.01 3 23.2253 0.03
r 178.8 0.01 3 23.3562 0.03
r 179 0.01 3 23.46 0.03
r 179.2 0.01 3 23.5902 0.03
r 179.4 0.01 3 23.7204 0.03
r 179.6 0.01 3 23.8505 0.03
r 179.8 0.01 3 23.9811 0.03
r 180 0.01 3 24.1116 0.03
r 180.2 0.01 3 24.2422 0.03
r 180.4 0.01 3 24.3729 0.03
r 180.6 0.01 3 24.5036 0.03
r 180.8 0.01 3 24.6346 0.03
r 181 0.01 3 24.7533 0.03
r 181.2 0.01 3 24.8799 0.03
r 181.4 0.01 3 25.0101 0.03
r 181.6 0.01 3 25.1404 0.03
r 181.8 0.01 3 25.2708 0.03
r 182 0.01 3 25.4013 0.03
r 182.2 0.01 3 25.532 0.03
r 182.4 0.01 3 25.6641 0.03
r 182.6 0.01 3 25.7935 0.03
r 182.8 0.01 3 25.9245 0.03
r 183 0.01 3 26.0407 0.03
r 183.2 0.01 3 26.1707 0.03
r 183.4 0.01 3 26.3008 0.03
r 183.6 0.01 3 26.4309 0.03
r 183.8 0.01 3 26.5612 0.03
r 184 0.01 3 26.692 0.03
r 184.2 0.01 3 26.8221 0.03
r 184.4 0.01 3 26.9525 0.03
r 184.6 0.01 3 27.0851 0.03
r 184.8 0.01 3 27.2161 0.03
r 185 0.01 3 27.3324 0.03
