10
s 55 3 602
r 35 0.01 2 13.4653 0.01
r 35.2 0.01 2 13.3342 0.01
r 35.4 0.01 2 13.2031 0.01
r 35.6 0.01 2 13.0721 0.01
r 35.8 0.01 2 12.941 0.01
r 36 0.01 2 12.8099 0.01
r 36.2 0.01 2 12.6789 0.01
r 36.4 0.01 2 12.548 0.01
r 36.6 0.01 2 12.4168 0.01
r 36.8 0.01 2 12.2856 0.01
r 37 0.01 2 12.1546 0.01
r 37.2 0.01 2 12.0237 0.01
r 37.4 0.01 2 11.8927 0.01
r 37.6 0.01 2 11.7617 0.01
r 37.8 0.01 2 11.6307 0.01
r 38 0.01 2 11.4997 0.01
r 38.2 0.01 2 11.3687 0.01
r 38.4 0.01 2 11.2378 0.01
r 38.6 0.01 2 11.107 0.01
r 38.8 0.01 2 10.9761 0.01
r 39 0.01 2 10.8455 0.01
r 39.2 0.01 2 10.7148 0.01
r 39.4 0.01 2 10.5843 0.01
r 39.6 0.01 2 10.4537 0.01
r 39.8 0.01 2 10.3234 0.01
r 40 0.01 2 10.1929 0.01
r 40.2 0.01 2 10.0624 0.01
r 40.4 0.01 2 9.93207 0.01
r 40.6 0.01 2 9.80184 0.01
r 40.8 0.01 2 9.67166 0.01
r 41 0.01 2 9.54171 0.01
r 41.2 0.01 2 9.41158 0.01
r 41.4 0.01 2 9.2816 0.01
r 41.6 0.01 2 9.15169 0.01
r 41.8 0.01 2 9.022 0.01
r 42 0.01 2 8.8925 0.01
r 42.2 0.01 2 8.76275 0.01
r 42.4 0.01 2 8.63313 0.01
r 42.6 0.01 2 8.50343 0.01
r 42.8 0.01 2 8.37393 0.01
r 43 0.01 2 8.24481 0.01
r 43.2 0.01 2 8.11556 0.01
r 43.4 0.01 2 7.98649 0.01
r 43.6 0.01 2 7.85765 0.01
r 43.8 0.01 2 7.72906 0.01
r 44 0.01 2 7.60058 0.01
r 44.2 0.01 2 7.47175 0.01
r 44.4 0.01 2 7.34316 0.01
r 44.6 0.01 2 7.21496 0.01
r 44.8 0.01 2 7.08696 0.01
r 45 0.01 2 6.95923 0.01
r 45.2 0.01 2 6.8316 0.01
r 45.4 0.01 2 6.70433 0.01
r 45.6 0.01 2 6.57704 0.01
r 45.8 0.01 2 6.45021 0.01
r 46 0.01 2 6.32352 0.01
r 46.2 0.01 2 6.19709 0.01
r 46.4 0.01 2 6.07102 0.01
r 46.6 0.01 2 5.94518 0.01
r 46.8 0.01 2 5.81982 0.01
r 47 0.01 2 5.69499 0.01
r 47.2 0.01 2 5.57015 0.01
r 47.4 0.01 2 5.4458 0.01
r 47.6 0.01 2 5.32189 0.01
r 47.8 0.01 2 5.19842 0.01
r 48 0.01 2 5.07558 0.01
r 48.2 0.01 2 4.9532 0.01
r 48.4 0.01 2 4.83142 0.01
r 48.6 0.01 2 4.71042 0.01
r 48.8 0.01 2 4.58992 0.01
r 49 0.01 2 4.47034 0.01
r 49.2 0.01 2 4.3515 0.01
r 49.4 0.01 2 4.23322 0.01
r 49.6 0.01 2 4.11624 0.01
r 49.8 0.01 2 4.00002 0.01
r 50 0.01 2 3.8847 0.01
r 50.2 0.01 2 3.77081 0.01
r 50.4 0.01 2 3.6581 0.01
r 50.6 0.01 2 3.54686 0.01
r 50.8 0.01 2 3.4375 0.01
r 51 0.01 2 3.32957 0.01
r 51.2 0.01 2 3.22391 0.01
r 51.4 0.01 2 3.12018 0.01
r 51.6 0.01 2 3.0184 0.01
r 51.8 0.01 2 2.91963 0.01
r 52 0.01 2 2.82361 0.01
r 52.2 0.01 2 2.73089 0.01
r 52.4 0.01 2 2.64161 0.01
r 52.6 0.01 2 2.55765 0.01
r 52.8 0.01 2 2.47585 0.01
r 53 0.01 2 2.39909 0.01
r 53.2 0.01 2 2.32745 0.01
r 53.4 0.01 2 2.26136 0.01
r 53.6 0.01 2 2.20195 0.01
r 53.8 0.01 2 2.14873 0.01
r 54 0.01 2 2.10291 0.01
r 54.2 0.01 2 2.06502 0.01
r 54.4 0.01 2 2.03452 0.01
r 54.6 0.01 2 2.01276 0.01
r 54.8 0.01 2 2.00073 0.01
r 55 0.01 2 1.997 0.01
r 55.2 0.01 2 2.00157 0.01
r 55.4 0.01 2 2.01412 0.01
r 55.6 0.01 2 2.03487 0.01
r 55.8 0.01 2 2.06522 0.01
r 56 0.01 2 2.1038 0.01
r 56.2 0.01 2 2.14998 0.01
r 56.4 0.01 2 2.2034 0.01
r 56.6 0.01 2 2.26353 0.01
r 56.8 0.01 2 2.33003 0.01
r 57 0.01 2 2.40251 0.01
r 57.2 0.01 2 2.48074 0.01
r 57.4 0.01 2 2.5614 0.01
r 57.6 0.01 2 2.64651 0.01
r 57.8 0.01 2 2.73579 0.01
r 58 0.01 2 2.8292 0.01
r 58.2 0.01 2 2.92533 0.01
r 58.4 0.01 2 3.02401 0.01
r 58.6 0.01 2 3.12548 0.01
r 58.8 0.01 2 3.22931 0.01
r 59 0.01 2 3.33555 0.01
r 59.2 0.01 2 3.4429 0.01
r 59.4 0.01 2 3.5523 0.01
r 59.6 0.01 2 3.66462 0.01
r 59.8 0.01 2 3.77585 0.01
r 60 0.01 2 3.88905 0.01
r 60.2 0.01 2 4.00379 0.01
r 60.4 0.01 2 4.11955 0.01
r 60.6 0.01 2 4.23638 0.01
r 60.8 0.01 2 4.35413 0.01
r 61 0.01 2 4.47283 0.01
r 61.2 0.01 2 4.59229 0.01
r 61.4 0.01 2 4.71253 0.01
r 61.6 0.01 2 4.83288 0.01
r 61.8 0.01 2 4.95423 0.01
r 62 0.01 2 5.07622 0.01
r 62.2 0.01 2 5.19865 0.01
r 62.4 0.01 2 5.32161 0.01
r 62.6 0.01 2 5.44506 0.01
r 62.8 0.01 2 5.57079 0.01
r 63 0.01 2 5.69537 0.01
r 63.2 0.01 2 5.81928 0.01
r 63.4 0.01 2 5.94383 0.01
r 63.6 0.01 2 6.06899 0.01
r 63.8 0.01 2 6.19475 0.01
r 64 0.01 2 6.32105 0.01
r 64.2 0.01 2 6.44782 0.01
r 64.4 0.01 2 6.57505 0.01
r 64.6 0.01 2 6.70246 0.01
r 64.8 0.01 2 6.83027 0.01
r 65 0.01 2 6.95585 0.01
r 65.2 0.01 2 7.08358 0.01
r 65.4 0.01 2 7.2116 0.01
r 65.6 0.01 2 7.33989 0.01
r 65.8 0.01 2 7.46817 0.01
r 66 0.01 2 7.59665 0.01
r 66.2 0.01 2 7.72431 0.01
r 66.4 0.01 2 7.85293 0.01
r 66.6 0.01 2 7.98171 0.01
r 66.8 0.01 2 8.11064 0.01
r 67 0.01 2 8.23991 0.01
r 67.2 0.01 2 8.36932 0.01
r 67.4 0.01 2 8.49883 0.01
r 67.6 0.01 2 8.62774 0.01
r 67.8 0.01 2 8.7574 0.01
r 68 0.01 2 8.88689 0.01
r 68.2 0.01 2 9.01633 0.01
r 68.4 0.01 2 9.14592 0.01
r 68.6 0.01 2 9.27557 0.01
r 68.8 0.01 2 9.40534 0.01
r 69 0.01 2 9.53489 0.01
r 69.2 0.01 2 9.6645 0.01
r 69.4 0.01 2 9.79422 0.01
r 69.6 0.01 2 9.92396 0.01
r 69.8 0.01 2 10.0539 0.01
r 70 0.01 2 10.1838 0.01
r 70.2 0.01 2 10.3139 0.01
r 70.4 0.01 2 10.4445 0.01
r 70.6 0.01 2 10.5751 0.01
r 70.8 0.01 2 10.706 0.01
r 71 0.01 2 10.837 0.01
r 71.2 0.01 2 10.9684 0.01
r 71.4 0.01 2 11.0999 0.01
r 71.6 0.01 2 11.2316 0.01
r 71.8 0.01 2 11.3635 0.01
r 72 0.01 2 11.4955 0.01
r 72.2 0.01 2 11.6276 0.01
r 72.4 0.01 2 11.7597 0.01
r 72.6 0.01 2 11.8918 0.01
r 72.8 0.01 2 12.024 0.01
r 73 0.01 2 12.1561 0.01
r 73.2 0.01 2 12.2882 0.01
r 73.4 0.01 2 12.4202 0.01
r 73.6 0.01 2 12.5522 0.01
r 73.8 0.01 2 12.6843 0.01
r 74 0.01 2 12.8163 0.01
r 74.2 0.01 2 12.9483 0.01
r 74.4 0.01 2 13.0803 0.01
r 74.6 0.01 2 13.2125 0.01
r 74.8 0.01 2 13.3443 0.01
r 75 0.01 2 13.4763 0.01
r 15 0.01 3 27.3404 0.01
r 15.2 0.01 3 27.2107 0.01
r 15.4 0.01 3 27.0809 0.01
r 15.6 0.01 3 26.9515 0.01
r 15.8 0.01 3 26.8222 0.01
r 16 0.01 3 26.693 0.01
r 16.2 0.01 3 26.564 0.01
r 16.4 0.01 3 26.435 0.01
r 16.6 0.01 3 26.3063 0.01
r 16.8 0.01 3 26.178 0.01
r 17 0.01 3 26.0484 0.01
r 17.2 0.01 3 25.92 0.01
r 17.4 0.01 3 25.7919 0.01
r 17.6 0.01 3 25.664 0.01
r 17.8 0.01 3 25.5363 0.01
r 18 0.01 3 25.4091 0.01
r 18.2 0.01 3 25.2738 0.01
r 18.4 0.01 3 25.1457 0.01
r 18.6 0.01 3 25.018 0.01
r 18.8 0.01 3 24.8905 0.01
r 19 0.01 3 24.7645 0.01
r 19.2 0.01 3 24.638 0.01
r 19.4 0.01 3 24.5115 0.01
r 19.6 0.01 3 24.3857 0.01
r 19.8 0.01 3 24.2592 0.01
r 20 0.01 3 24.1329 0.01
r 20.2 0.01 3 24.0074 0.01
r 20.4 0.01 3 23.8833 0.01
r 20.6 0.01 3 23.7572 0.01
r 20.8 0.01 3 23.6322 0.01
r 21 0.01 3 23.4644 0.01
r 21.2 0.01 3 23.3388 0.01
r 21.4 0.01 3 23.2102 0.01
r 21.6 0.01 3 23.0819 0.01
r 21.8 0.01 3 22.9537 0.01
r 22 0.01 3 22.8257 0.01
r 22.2 0.01 3 22.6979 0.01
r 22.4 0.01 3 22.5703 0.01
r 22.6 0.01 3 22.443 0.01
r 22.8 0.01 3 22.3159 0.01
r 23 0.01 3 22.3048 0.01
r 23.2 0.01 3 22.1338 0.01
r 23.4 0.01 3 22.0946 0.01
r 23.6 0.01 3 21.9662 0.01
r 23.8 0.01 3 21.8114 0.01
r 24 0.01 3 21.6564 0.01
r 24.2 0.01 3 21.5242 0.01
r 24.4 0.01 3 21.4002 0.01
r 24.6 0.01 3 21.2659 0.01
r 24.8 0.01 3 21.0993 0.01
r 25 0.01 3 21.0148 0.01
r 25.2 0.01 3 20.9646 0.01
r 25.4 0.01 3 20.9695 0.01
r 25.6 0.01 3 20.8387 0.01
r 25.8 0.01 3 20.7078 0.01
r 26 0.01 3 20.5768 0.01
r 26.2 0.01 3 20.4458 0.01
r 26.4 0.01 3 20.3227 0.01
r 26.6 0.01 3 20.1095 0.01
r 26.8 0.01 3 19.8431 0.01
r 27 0.01 3 19.7808 0.01
r 27.2 0.01 3 19.7582 0.01
r 27.4 0.01 3 19.5382 0.01
r 27.6 0.01 3 19.444 0.01
r 27.8 0.01 3 19.3046 0.01
r 28 0.01 3 19.1324 0.01
r 28.2 0.01 3 19.0109 0.01
r 28.4 0.01 3 18.9085 0.01
r 28.6 0.01 3 18.7531 0.01
r 28.8 0.01 3 18.6224 0.01
r 29 0.01 3 18.6266 0.01
r 29.2 0.01 3 18.4946 0.01
r 29.4 0.01 3 18.3136 0.01
r 29.6 0.01 3 18.2323 0.01
r 29.8 0.01 3 18.0998 0.01
r 30 0.01 3 17.9107 0.01
r 30.2 0.01 3 17.8402 0.01
r 30.4 0.01 3 17.7198 0.01
r 30.6 0.01 3 17.5185 0.01
r 30.8 0.01 3 17.4525 0.01
r 31 0.01 3 17.4192 0.01
r 31.2 0.01 3 17.2891 0.01
r 31.4 0.01 3 17.1564 0.01
r 31.6 0.01 3 17.0312 0.01
r 31.8 0.01 3 16.7641 0.01
r 32 0.01 3 16.6349 0.01
r 32.2 0.01 3 16.5066 0.01
r 32.4 0.01 3 16.5083 0.01
r 32.6 0.01 3 16.3761 0.01
r 32.8 0.01 3 16.2477 0.01
r 33 0.01 3 16.0839 0.01
r 33.2 0.01 3 15.9885 0.01
r 33.4 0.01 3 15.7383 0.01
r 33.6 0.01 3 15.6059 0.01
r 33.8 0.01 3 15.6084 0.01
r 34 0.01 3 15.4769 0.01
r 34.2 0.01 3 15.352 0.01
r 34.4 0.01 3 15.2111 0.01
r 34.6 0.01 3 15.0461 0.01
r 34.8 0.01 3 14.9023 0.01
r 35 0.01 3 14.8366 0.01
r 35.2 0.01 3 14.6716 0.01
r 35.4 0.01 3 14.5293 0.01
r 35.6 0.01 3 14.4032 0.01
r 35.8 0.01 3 14.2106 0.01
r 36 0.01 3 14.1551 0.01
r 36.2 0.01 3 13.9674 0.01
r 36.4 0.01 3 13.9423 0.01
r 36.6 0.01 3 13.8109 0.01
r 36.8 0.01 3 13.6816 0.01
r 37 0.01 3 13.5375 0.01
r 37.2 0.01 3 13.4414 0.01
r 37.4 0.01 3 13.3152 0.01
r 37.6 0.01 3 13.1956 0.01
r 37.8 0.01 3 13.0713 0.01
r 38 0.01 3 12.8485 0.01
r 38.2 0.01 3 12.7385 0.01
r 38.4 0.01 3 12.6834 0.01
r 38.6 0.01 3 12.5594 0.01
r 38.8 0.01 3 12.4413 0.01
r 39 0.01 3 12.3163 0.01
r 39.2 0.01 3 12.1975 0.01
r 39.4 0.01 3 12.0565 0.01
r 39.6 0.01 3 11.922 0.01
r 39.8 0.01 3 11.8461 0.01
r 40 0.01 3 11.6903 0.01
r 40.2 0.01 3 11.5711 0.01
r 40.4 0.01 3 11.4795 0.01
r 40.6 0.01 3 11.3559 0.01
r 40.8 0.01 3 11.2313 0.01
r 41 0.01 3 11.1241 0.01
r 41.2 0.01 3 11.0077 0.01
r 41.4 0.01 3 10.8919 0.01
r 41.6 0.01 3 10.7794 0.01
r 41.8 0.01 3 10.6478 0.01
r 42 0.01 3 10.5456 0.01
r 42.2 0.01 3 10.4397 0.01
r 42.4 0.01 3 10.3122 0.01
r 42.6 0.01 3 10.2105 0.01
r 42.8 0.01 3 10.097 0.01
r 43 0.01 3 9.99706 0.01
r 43.2 0.01 3 9.88028 0.01
r 43.4 0.01 3 9.77337 0.01
r 43.6 0.01 3 9.67055 0.01
r 43.8 0.01 3 9.56688 0.01
r 44 0.01 3 9.46064 0.01
r 44.2 0.01 3 9.35799 0.01
r 44.4 0.01 3 9.25761 0.01
r 44.6 0.01 3 9.15841 0.01
r 44.8 0.01 3 9.06245 0.01
r 45 0.01 3 8.95539 0.01
r 45.2 0.01 3 8.85675 0.01
r 45.4 0.01 3 8.76068 0.01
r 45.6 0.01 3 8.66477 0.01
r 45.8 0.01 3 8.57055 0.01
r 46 0.01 3 8.47799 0.01
r 46.2 0.01 3 8.38508 0.01
r 46.4 0.01 3 8.29484 0.01
r 46.6 0.01 3 8.19857 0.01
r 46.8 0.01 3 8.13071 0.01
r 47 0.01 3 8.02003 0.01
r 47.2 0.01 3 7.93438 0.01
r 47.4 0.01 3 7.85101 0.01
r 47.6 0.01 3 7.76379 0.01
r 47.8 0.01 3 7.67706 0.01
r 48 0.01 3 7.6073 0.01
r 48.2 0.01 3 7.51289 0.01
r 48.4 0.01 3 7.44066 0.01
r 48.6 0.01 3 7.38432 0.01
r 48.8 0.01 3 7.29098 0.01
r 49 0.01 3 7.20741 0.01
r 49.2 0.01 3 7.13313 0.01
r 49.4 0.01 3 7.06094 0.01
r 49.6 0.01 3 6.99115 0.01
r 49.8 0.01 3 6.92564 0.01
r 50 0.01 3 6.85981 0.01
r 50.2 0.01 3 6.79641 0.01
r 50.4 0.01 3 6.73344 0.01
r 50.6 0.01 3 6.6742 0.01
r 50.8 0.01 3 6.61699 0.01
r 51 0.01 3 6.56978 0.01
r 51.2 0.01 3 6.50888 0.01
r 51.4 0.01 3 6.4571 0.01
r 51.6 0.01 3 6.40905 0.01
r 51.8 0.01 3 6.36343 0.01
r 52 0.01 3 6.31968 0.01
r 52.2 0.01 3 6.27846 0.01
r 52.4 0.01 3 6.24037 0.01
r 52.6 0.01 3 6.20475 0.01
r 52.8 0.01 3 6.17189 0.01
r 53 0.01 3 6.14382 0.01
r 53.2 0.01 3 6.11595 0.01
r 53.4 0.01 3 6.09176 0.01
r 53.6 0.01 3 6.07107 0.01
r 53.8 0.01 3 6.04922 0.01
r 54 0.01 3 6.03417 0.01
r 54.2 0.01 3 6.02237 0.01
r 54.4 0.01 3 6.00989 0.01
r 54.6 0.01 3 6.00263 0.01
r 54.8 0.01 3 5.9984 0.01
r 55 0.01 3 5.99894 0.01
r 55.2 0.01 3 6.0002 0.01
r 55.4 0.01 3 6.00343 0.01
r 55.6 0.01 3 6.0109 0.01
r 55.8 0.01 3 6.02138 0.01
r 56 0.01 3 6.03493 0.01
r 56.2 0.01 3 6.05137 0.01
r 56.4 0.01 3 6.07075 0.01
r 56.6 0.01 3 6.09882 0.01
r 56.8 0.01 3 6.11941 0.01
r 57 0.01 3 6.14964 0.01
r 57.2 0.01 3 6.1775 0.01
r 57.4 0.01 3 6.21316 0.01
r 57.6 0.01 3 6.24686 0.01
r 57.8 0.01 3 6.28441 0.01
r 58 0.01 3 6.32709 0.01
r 58.2 0.01 3 6.37305 0.01
r 58.4 0.01 3 6.41547 0.01
r 58.6 0.01 3 6.46326 0.01
r 58.8 0.01 3 6.51398 0.01
r 59 0.01 3 6.57758 0.01
r 59.2 0.01 3 6.62362 0.01
r 59.4 0.01 3 6.68077 0.01
r 59.6 0.01 3 6.78165 0.01
r 59.8 0.01 3 6.85257 0.01
r 60 0.01 3 6.92872 0.01
r 60.2 0.01 3 7.0069 0.01
r 60.4 0.01 3 7.00112 0.01
r 60.6 0.01 3 7.14447 0.01
r 60.8 0.01 3 7.14389 0.01
r 61 0.01 3 7.2211 0.01
r 61.2 0.01 3 7.29875 0.01
r 61.4 0.01 3 7.40782 0.01
r 61.6 0.01 3 7.45181 0.01
r 61.8 0.01 3 7.65305 0.01
r 62 0.01 3 7.74236 0.01
r 62.2 0.01 3 7.75161 0.01
r 62.4 0.01 3 7.78342 0.01
r 62.6 0.01 3 7.9294 0.01
r 62.8 0.01 3 7.95901 0.01
r 63 0.01 3 8.12565 0.01
r 63.2 0.01 3 8.15685 0.01
r 63.4 0.01 3 8.28919 0.01
r 63.6 0.01 3 8.74941 0.01
r 63.8 0.01 3 8.46097 0.01
r 64 0.01 3 8.54827 0.01
r 64.2 0.01 3 8.63483 0.01
r 64.4 0.01 3 8.81609 0.01
r 64.6 0.01 3 8.82187 0.01
r 64.8 0.01 3 8.92329 0.01
r 65 0.01 3 9.12908 0.01
r 65.2 0.01 3 9.73814 0.01
r 65.4 0.01 3 9.24623 0.01
r 65.6 0.01 3 9.33553 0.01
r 65.8 0.01 3 9.50494 0.01
r 66 0.01 3 9.66636 0.01
r 66.2 0.01 3 9.74485 0.01
r 66.4 0.01 3 9.74691 0.01
r 66.6 0.01 3 9.93823 0.01
r 66.8 0.01 3 9.96477 0.01
r 67 0.01 3 10.0897 0.01
r 67.2 0.01 3 10.1895 0.01
r 67.4 0.01 3 10.2911 0.01
r 67.6 0.01 3 10.389 0.01
r 67.8 0.01 3 10.4983 0.01
r 68 0.01 3 10.6151 0.01
r 68.2 0.01 3 10.748 0.01
r 68.4 0.01 3 10.8269 0.01
r 68.6 0.01 3 10.9458 0.01
r 68.8 0.01 3 11.35 0.01
r 69 0.01 3 11.4554 0.01
r 69.2 0.01 3 11.5251 0.01
r 69.4 0.01 3 11.4091 0.01
r 69.6 0.01 3 11.5635 0.01
r 69.8 0.01 3 11.627 0.01
r 70 0.01 3 11.7514 0.01
r 70.2 0.01 3 12.1431 0.01
r 70.4 0.01 3 12.1265 0.01
r 70.6 0.01 3 12.0927 0.01
r 70.8 0.01 3 12.2174 0.01
r 71 0.01 3 12.3247 0.01
r 71.2 0.01 3 12.4636 0.01
r 71.4 0.01 3 12.7032 0.01
r 71.6 0.01 3 12.6614 0.01
r 71.8 0.01 3 12.8956 0.01
r 72 0.01 3 12.9971 0.01
r 72.2 0.01 3 13.0953 0.01
r 72.4 0.01 3 13.1326 0.01
r 72.6 0.01 3 13.3143 0.01
r 72.8 0.01 3 13.4117 0.01
r 73 0.01 3 13.538 0.01
r 73.2 0.01 3 13.6376 0.01
r 73.4 0.01 3 13.7477 0.01
r 73.6 0.01 3 13.8332 0.01
r 73.8 0.01 3 13.9898 0.01
r 74 0.01 3 14.0633 0.01
r 74.2 0.01 3 14.222 0.01
r 74.4 0.01 3 14.3197 0.01
r 74.6 0.01 3 14.4524 0.01
r 74.8 0.01 3 14.5441 0.01
r 75 0.01 3 15.1186 0.01
r 75.2 0.01 3 15.1535 0.01
r 75.4 0.01 3 15.2836 0.01
r 75.6 0.01 3 15.4734 0.01
r 75.8 0.01 3 15.4294 0.01
r 76 0.01 3 15.523 0.01
r 76.2 0.01 3 15.6349 0.01
r 76.4 0.01 3 15.8009 0.01
r 76.6 0.01 3 16.0018 0.01
r 76.8 0.01 3 15.9931 0.01
r 77 0.01 3 16.1171 0.01
r 77.2 0.01 3 16.1574 0.01
r 77.4 0.01 3 16.2594 0.01
r 77.6 0.01 3 16.4026 0.01
r 77.8 0.01 3 16.6962 0.01
r 78 0.01 3 16.6564 0.01
r 78.2 0.01 3 16.9091 0.01
r 78.4 0.01 3 16.8832 0.01
r 78.6 0.01 3 17.0801 0.01
r 78.8 0.01 3 17.2516 0.01
r 79 0.01 3 17.5002 0.01
r 79.2 0.01 3 17.5272 0.01
r 79.4 0.01 3 17.6243 0.01
r 79.6 0.01 3 17.9023 0.01
r 79.8 0.01 3 17.8843 0.01
r 80 0.01 3 18.0097 0.01
r 80.2 0.01 3 18.2229 0.01
r 80.4 0.01 3 18.2448 0.01
r 80.6 0.01 3 18.3585 0.01
r 80.8 0.01 3 18.4677 0.01
r 81 0.01 3 18.6029 0.01
r 81.2 0.01 3 18.7002 0.01
r 81.4 0.01 3 18.8404 0.01
r 81.6 0.01 3 18.9382 0.01
r 81.8 0.01 3 19.156 0.01
r 82 0.01 3 19.1734 0.01
r 82.2 0.01 3 19.3738 0.01
r 82.4 0.01 3 19.4904 0.01
r 82.6 0.01 3 19.5861 0.01
r 82.8 0.01 3 19.6916 0.01
r 83 0.01 3 19.8174 0.01
r 83.2 0.01 3 19.9177 0.01
r 83.4 0.01 3 20.051 0.01
r 83.6 0.01 3 20.1589 0.01
r 83.8 0.01 3 20.2509 0.01
r 84 0.01 3 20.4039 0.01
r 84.2 0.01 3 20.4928 0.01
r 84.4 0.01 3 20.6939 0.01
r 84.6 0.01 3 20.8437 0.01
r 84.8 0.01 3 20.8713 0.01
r 85 0.01 3 20.9852 0.01
r 85.2 0.01 3 21.1323 0.01
r 85.4 0.01 3 21.3073 0.01
r 85.6 0.01 3 21.3416 0.01
r 85.8 0.01 3 21.6178 0.01
r 86 0.01 3 21.5807 0.01
r 86.2 0.01 3 21.6951 0.01
r 86.4 0.01 3 21.8226 0.01
r 86.6 0.01 3 22.036 0.01
r 86.8 0.01 3 22.0609 0.01
r 87 0.01 3 22.2929 0.01
r 87.2 0.01 3 22.4016 0.01
r 87.4 0.01 3 22.5907 0.01
r 87.6 0.01 3 22.6881 0.01
r 87.8 0.01 3 22.7957 0.01
r 88 0.01 3 22.8993 0.01
r 88.2 0.01 3 23.0041 0.01
r 88.4 0.01 3 23.111 0.01
r 88.6 0.01 3 23.1551 0.01
r 88.8 0.01 3 23.2974 0.01
r 89 0.01 3 23.398 0.01
r 89.2 0.01 3 23.5183 0.01
r 89.4 0.01 3 23.6291 0.01
r 89.6 0.01 3 23.779 0.01
r 89.8 0.01 3 23.8927 0.01
r 90 0.01 3 24.0067 0.01
r 90.2 0.01 3 24.1252 0.01
r 90.4 0.01 3 24.2408 0.01
r 90.6 0.01 3 24.3587 0.01
r 90.8 0.01 3 24.4722 0.01
r 91 0.01 3 24.5866 0.01
r 91.2 0.01 3 24.7044 0.01
r 91.4 0.01 3 24.8227 0.01
r 91.6 0.01 3 24.9412 0.01
r 91.8 0.01 3 25.06 0.01
r 92 0.01 3 25.1784 0.01
r 92.2 0.01 3 25.2972 0.01
r 92.4 0.01 3 25.4168 0.01
r 92.6 0.01 3 25.5363 0.01
r 92.8 0.01 3 25.6564 0.01
r 93 0.01 3 25.7849 0.01
r 93.2 0.01 3 25.8977 0.01
r 93.4 0.01 3 26.0187 0.01
r 93.6 0.01 3 26.1461 0.01
r 93.8 0.01 3 26.2674 0.01
r 94 0.01 3 26.3884 0.01
r 94.2 0.01 3 26.5095 0.01
r 94.4 0.01 3 26.6308 0.01
r 94.6 0.01 3 26.7521 0.01
r 94.8 0.01 3 26.8737 0.01
r 95 0.01 3 26.9951 0.01
s 65 3 602
r 45 0.01 2 13.4922 0.01
r 45.2 0.01 2 13.36 0.01
r 45.4 0.01 2 13.2279 0.01
r 45.6 0.01 2 13.0959 0.01
r 45.8 0.01 2 12.964 0.01
r 46 0.01 2 12.8321 0.01
r 46.2 0.01 2 12.7002 0.01
r 46.4 0.01 2 12.5685 0.01
r 46.6 0.01 2 12.4367 0.01
r 46.8 0.01 2 12.3051 0.01
r 47 0.01 2 12.1735 0.01
r 47.2 0.01 2 12.042 0.01
r 47.4 0.01 2 11.9106 0.01
r 47.6 0.01 2 11.7793 0.01
r 47.8 0.01 2 11.6479 0.01
r 48 0.01 2 11.5166 0.01
r 48.2 0.01 2 11.3853 0.01
r 48.4 0.01 2 11.254 0.01
r 48.6 0.01 2 11.1228 0.01
r 48.8 0.01 2 10.9918 0.01
r 49 0.01 2 10.8607 0.01
r 49.2 0.01 2 10.7297 0.01
r 49.4 0.01 2 10.5988 0.01
r 49.6 0.01 2 10.4679 0.01
r 49.8 0.01 2 10.3372 0.01
r 50 0.01 2 10.2063 0.01
r 50.2 0.01 2 10.0756 0.01
r 50.4 0.01 2 9.9449 0.01
r 50.6 0.01 2 9.81442 0.01
r 50.8 0.01 2 9.68409 0.01
r 51 0.01 2 9.55399 0.01
r 51.2 0.01 2 9.42388 0.01
r 51.4 0.01 2 9.29383 0.01
r 51.6 0.01 2 9.16386 0.01
r 51.8 0.01 2 9.03401 0.01
r 52 0.01 2 8.90442 0.01
r 52.2 0.01 2 8.77488 0.01
r 52.4 0.01 2 8.64555 0.01
r 52.6 0.01 2 8.51641 0.01
r 52.8 0.01 2 8.38743 0.01
r 53 0.01 2 8.25781 0.01
r 53.2 0.01 2 8.12882 0.01
r 53.4 0.01 2 7.99986 0.01
r 53.6 0.01 2 7.871 0.01
r 53.8 0.01 2 7.74227 0.01
r 54 0.01 2 7.61367 0.01
r 54.2 0.01 2 7.48512 0.01
r 54.4 0.01 2 7.35675 0.01
r 54.6 0.01 2 7.2286 0.01
r 54.8 0.01 2 7.10059 0.01
r 55 0.01 2 6.9733 0.01
r 55.2 0.01 2 6.84562 0.01
r 55.4 0.01 2 6.7182 0.01
r 55.6 0.01 2 6.59112 0.01
r 55.8 0.01 2 6.4643 0.01
r 56 0.01 2 6.33769 0.01
r 56.2 0.01 2 6.21128 0.01
r 56.4 0.01 2 6.08516 0.01
r 56.6 0.01 2 5.95945 0.01
r 56.8 0.01 2 5.83387 0.01
r 57 0.01 2 5.70788 0.01
r 57.2 0.01 2 5.58279 0.01
r 57.4 0.01 2 5.45821 0.01
r 57.6 0.01 2 5.3339 0.01
r 57.8 0.01 2 5.2098 0.01
r 58 0.01 2 5.08628 0.01
r 58.2 0.01 2 4.96334 0.01
r 58.4 0.01 2 4.84084 0.01
r 58.6 0.01 2 4.71921 0.01
r 58.8 0.01 2 4.59806 0.01
r 59 0.01 2 4.47822 0.01
r 59.2 0.01 2 4.36103 0.01
r 59.4 0.01 2 4.24213 0.01
r 59.6 0.01 2 4.12404 0.01
r 59.8 0.01 2 4.00692 0.01
r 60 0.01 2 3.891 0.01
r 60.2 0.01 2 3.77661 0.01
r 60.4 0.01 2 3.66348 0.01
r 60.6 0.01 2 3.55163 0.01
r 60.8 0.01 2 3.44161 0.01
r 61 0.01 2 3.33406 0.01
r 61.2 0.01 2 3.22746 0.01
r 61.4 0.01 2 3.12349 0.01
r 61.6 0.01 2 3.02134 0.01
r 61.8 0.01 2 2.92248 0.01
r 62 0.01 2 2.8264 0.01
r 62.2 0.01 2 2.73325 0.01
r 62.4 0.01 2 2.64375 0.01
r 62.6 0.01 2 2.55829 0.01
r 62.8 0.01 2 2.47679 0.01
r 63 0.01 2 2.40161 0.01
r 63.2 0.01 2 2.33041 0.01
r 63.4 0.01 2 2.26382 0.01
r 63.6 0.01 2 2.20418 0.01
r 63.8 0.01 2 2.15262 0.01
r 64 0.01 2 2.10618 0.01
r 64.2 0.01 2 2.06931 0.01
r 64.4 0.01 2 2.03521 0.01
r 64.6 0.01 2 2.01222 0.01
r 64.8 0.01 2 1.99881 0.01
r 65 0.01 2 1.99598 0.01
r 65.2 0.01 2 2.00059 0.01
r 65.4 0.01 2 2.01281 0.01
r 65.6 0.01 2 2.03334 0.01
r 65.8 0.01 2 2.06346 0.01
r 66 0.01 2 2.10181 0.01
r 66.2 0.01 2 2.14772 0.01
r 66.4 0.01 2 2.20086 0.01
r 66.6 0.01 2 2.26075 0.01
r 66.8 0.01 2 2.32703 0.01
r 67 0.01 2 2.39851 0.01
r 67.2 0.01 2 2.47624 0.01
r 67.4 0.01 2 2.55635 0.01
r 67.6 0.01 2 2.64304 0.01
r 67.8 0.01 2 2.73159 0.01
r 68 0.01 2 2.82446 0.01
r 68.2 0.01 2 2.92061 0.01
r 68.4 0.01 2 3.01965 0.01
r 68.6 0.01 2 3.12066 0.01
r 68.8 0.01 2 3.22417 0.01
r 69 0.01 2 3.33009 0.01
r 69.2 0.01 2 3.43767 0.01
r 69.4 0.01 2 3.54689 0.01
r 69.6 0.01 2 3.65758 0.01
r 69.8 0.01 2 3.76971 0.01
r 70 0.01 2 3.88318 0.01
r 70.2 0.01 2 3.99799 0.01
r 70.4 0.01 2 4.11414 0.01
r 70.6 0.01 2 4.23138 0.01
r 70.8 0.01 2 4.34953 0.01
r 71 0.01 2 4.46856 0.01
r 71.2 0.01 2 4.58841 0.01
r 71.4 0.01 2 4.709 0.01
r 71.6 0.01 2 4.8302 0.01
r 71.8 0.01 2 4.95207 0.01
r 72 0.01 2 5.0746 0.01
r 72.2 0.01 2 5.1976 0.01
r 72.4 0.01 2 5.32103 0.01
r 72.6 0.01 2 5.44494 0.01
r 72.8 0.01 2 5.56928 0.01
r 73 0.01 2 5.69404 0.01
r 73.2 0.01 2 5.81921 0.01
r 73.4 0.01 2 5.94478 0.01
r 73.6 0.01 2 6.07081 0.01
r 73.8 0.01 2 6.19712 0.01
r 74 0.01 2 6.32366 0.01
r 74.2 0.01 2 6.45056 0.01
r 74.4 0.01 2 6.57784 0.01
r 74.6 0.01 2 6.70533 0.01
r 74.8 0.01 2 6.83306 0.01
r 75 0.01 2 6.96088 0.01
r 75.2 0.01 2 7.08907 0.01
r 75.4 0.01 2 7.21745 0.01
r 75.6 0.01 2 7.34608 0.01
r 75.8 0.01 2 7.47487 0.01
r 76 0.01 2 7.60419 0.01
r 76.2 0.01 2 7.73329 0.01
r 76.4 0.01 2 7.8624 0.01
r 76.6 0.01 2 7.99194 0.01
r 76.8 0.01 2 8.12167 0.01
r 77 0.01 2 8.25166 0.01
r 77.2 0.01 2 8.38167 0.01
r 77.4 0.01 2 8.51191 0.01
r 77.6 0.01 2 8.64238 0.01
r 77.8 0.01 2 8.77302 0.01
r 78 0.01 2 8.90388 0.01
r 78.2 0.01 2 9.0349 0.01
r 78.4 0.01 2 9.16495 0.01
r 78.6 0.01 2 9.29593 0.01
r 78.8 0.01 2 9.42699 0.01
r 79 0.01 2 9.55789 0.01
r 79.2 0.01 2 9.68915 0.01
r 79.4 0.01 2 9.82059 0.01
r 79.6 0.01 2 9.9518 0.01
r 79.8 0.01 2 10.0831 0.01
r 80 0.01 2 10.2145 0.01
r 80.2 0.01 2 10.3459 0.01
r 80.4 0.01 2 10.4776 0.01
r 80.6 0.01 2 10.6086 0.01
r 80.8 0.01 2 10.7395 0.01
r 81 0.01 2 10.8703 0.01
r 81.2 0.01 2 11.0012 0.01
r 81.4 0.01 2 11.1319 0.01
r 81.6 0.01 2 11.2626 0.01
r 81.8 0.01 2 11.3932 0.01
r 82 0.01 2 11.5237 0.01
r 82.2 0.01 2 11.6543 0.01
r 82.4 0.01 2 11.7852 0.01
r 82.6 0.01 2 11.9156 0.01
r 82.8 0.01 2 12.0461 0.01
r 83 0.01 2 12.1765 0.01
r 83.2 0.01 2 12.3071 0.01
r 83.4 0.01 2 12.4377 0.01
r 83.6 0.01 2 12.5683 0.01
r 83.8 0.01 2 12.6988 0.01
r 84 0.01 2 12.8294 0.01
r 84.2 0.01 2 12.96 0.01
r 84.4 0.01 2 13.0904 0.01
r 84.6 0.01 2 13.2207 0.01
r 84.8 0.01 2 13.3509 0.01
r 85 0.01 2 13.4809 0.01
r 25 0.01 3 27.3496 0.01
r 25.2 0.01 3 27.2183 0.01
r 25.4 0.01 3 27.0871 0.01
r 25.6 0.01 3 26.956 0.01
r 25.8 0.01 3 26.8249 0.01
r 26 0.01 3 26.6939 0.01
r 26.2 0.01 3 26.563 0.01
r 26.4 0.01 3 26.4322 0.01
r 26.6 0.01 3 26.3014 0.01
r 26.8 0.01 3 26.1708 0.01
r 27 0.01 3 26.0559 0.01
r 27.2 0.01 3 25.9246 0.01
r 27.4 0.01 3 25.7933 0.01
r 27.6 0.01 3 25.6621 0.01
r 27.8 0.01 3 25.531 0.01
r 28 0.01 3 25.3999 0.01
r 28.2 0.01 3 25.269 0.01
r 28.4 0.01 3 25.1381 0.01
r 28.6 0.01 3 25.0073 0.01
r 28.8 0.01 3 24.8766 0.01
r 29 0.01 3 24.7891 0.01
r 29.2 0.01 3 24.658 0.01
r 29.4 0.01 3 24.5268 0.01
r 29.6 0.01 3 24.3958 0.01
r 29.8 0.01 3 24.2647 0.01
r 30 0.01 3 24.1337 0.01
r 30.2 0.01 3 24.0029 0.01
r 30.4 0.01 3 23.8721 0.01
r 30.6 0.01 3 23.7415 0.01
r 30.8 0.01 3 23.6109 0.01
r 31 0.01 3 23.5696 0.01
r 31.2 0.01 3 23.3996 0.01
r 31.4 0.01 3 23.2782 0.01
r 31.6 0.01 3 23.176 0.01
r 31.8 0.01 3 23.0452 0.01
r 32 0.01 3 22.9145 0.01
r 32.2 0.01 3 22.7851 0.01
r 32.4 0.01 3 22.6541 0.01
r 32.6 0.01 3 22.5238 0.01
r 32.8 0.01 3 22.3945 0.01
r 33 0.01 3 22.2077 0.01
r 33.2 0.01 3 22.0958 0.01
r 33.4 0.01 3 21.9673 0.01
r 33.6 0.01 3 21.8376 0.01
r 33.8 0.01 3 21.7075 0.01
r 34 0.01 3 21.5778 0.01
r 34.2 0.01 3 21.4873 0.01
r 34.4 0.01 3 21.3202 0.01
r 34.6 0.01 3 21.1921 0.01
r 34.8 0.01 3 21.0698 0.01
r 35 0.01 3 20.9719 0.01
r 35.2 0.01 3 20.8442 0.01
r 35.4 0.01 3 20.6777 0.01
r 35.6 0.01 3 20.5491 0.01
r 35.8 0.01 3 20.4582 0.01
r 36 0.01 3 20.2976 0.01
r 36.2 0.01 3 20.1709 0.01
r 36.4 0.01 3 20.0426 0.01
r 36.6 0.01 3 19.95 0.01
r 36.8 0.01 3 19.82 0.01
r 37 0.01 3 19.6612 0.01
r 37.2 0.01 3 19.5072 0.01
r 37.4 0.01 3 19.4089 0.01
r 37.6 0.01 3 19.2533 0.01
r 37.8 0.01 3 19.1922 0.01
r 38 0.01 3 19.0659 0.01
r 38.2 0.01 3 18.9403 0.01
r 38.4 0.01 3 18.8141 0.01
r 38.6 0.01 3 18.6888 0.01
r 38.8 0.01 3 18.5265 0.01
r 39 0.01 3 18.3613 0.01
r 39.2 0.01 3 18.3175 0.01
r 39.4 0.01 3 18.1421 0.01
r 39.6 0.01 3 18.0672 0.01
r 39.8 0.01 3 17.9485 0.01
r 40 0.01 3 17.8314 0.01
r 40.2 0.01 3 17.7018 0.01
r 40.4 0.01 3 17.5916 0.01
r 40.6 0.01 3 17.4159 0.01
r 40.8 0.01 3 17.3119 0.01
r 41 0.01 3 17.2506 0.01
r 41.2 0.01 3 17.0949 0.01
r 41.4 0.01 3 16.9029 0.01
r 41.6 0.01 3 16.8527 0.01
r 41.8 0.01 3 16.6263 0.01
r 42 0.01 3 16.4956 0.01
r 42.2 0.01 3 16.4966 0.01
r 42.4 0.01 3 16.3881 0.01
r 42.6 0.01 3 16.2746 0.01
r 42.8 0.01 3 16.0074 0.01
r 43 0.01 3 15.9422 0.01
r 43.2 0.01 3 15.8149 0.01
r 43.4 0.01 3 15.6369 0.01
r 43.6 0.01 3 15.5709 0.01
r 43.8 0.01 3 15.4256 0.01
r 44 0.01 3 15.4307 0.01
r 44.2 0.01 3 15.2291 0.01
r 44.4 0.01 3 15.096 0.01
r 44.6 0.01 3 14.9917 0.01
r 44.8 0.01 3 14.7725 0.01
r 45 0.01 3 14.6894 0.01
r 45.2 0.01 3 14.5374 0.01
r 45.4 0.01 3 14.4115 0.01
r 45.6 0.01 3 14.3129 0.01
r 45.8 0.01 3 14.1792 0.01
r 46 0.01 3 14.0765 0.01
r 46.2 0.01 3 13.9472 0.01
r 46.4 0.01 3 13.8259 0.01
r 46.6 0.01 3 13.6927 0.01
r 46.8 0.01 3 13.6311 0.01
r 47 0.01 3 13.5935 0.01
r 47.2 0.01 3 13.4689 0.01
r 47.4 0.01 3 13.2822 0.01
r 47.6 0.01 3 13.216 0.01
r 47.8 0.01 3 13.0855 0.01
r 48 0.01 3 12.9607 0.01
r 48.2 0.01 3 12.8369 0.01
r 48.4 0.01 3 12.707 0.01
r 48.6 0.01 3 12.5915 0.01
r 48.8 0.01 3 12.4603 0.01
r 49 0.01 3 12.3823 0.01
r 49.2 0.01 3 12.2347 0.01
r 49.4 0.01 3 12.0936 0.01
r 49.6 0.01 3 12.0111 0.01
r 49.8 0.01 3 11.8884 0.01
r 50 0.01 3 11.7659 0.01
r 50.2 0.01 3 11.6453 0.01
r 50.4 0.01 3 11.4948 0.01
r 50.6 0.01 3 11.404 0.01
r 50.8 0.01 3 11.2496 0.01
r 51 0.01 3 11.1418 0.01
r 51.2 0.01 3 11.055 0.01
r 51.4 0.01 3 10.9374 0.01
r 51.6 0.01 3 10.795 0.01
r 51.8 0.01 3 10.6748 0.01
r 52 0.01 3 10.562 0.01
r 52.2 0.01 3 10.4484 0.01
r 52.4 0.01 3 10.3363 0.01
r 52.6 0.01 3 10.2238 0.01
r 52.8 0.01 3 10.114 0.01
r 53 0.01 3 10.005 0.01
r 53.2 0.01 3 9.89793 0.01
r 53.4 0.01 3 9.79113 0.01
r 53.6 0.01 3 9.68562 0.01
r 53.8 0.01 3 9.58563 0.01
r 54 0.01 3 9.47786 0.01
r 54.2 0.01 3 9.38602 0.01
r 54.4 0.01 3 9.28172 0.01
r 54.6 0.01 3 9.18281 0.01
r 54.8 0.01 3 9.07812 0.01
r 55 0.01 3 8.97567 0.01
r 55.2 0.01 3 8.88088 0.01
r 55.4 0.01 3 8.78661 0.01
r 55.6 0.01 3 8.69478 0.01
r 55.8 0.01 3 8.60532 0.01
r 56 0.01 3 8.52193 0.01
r 56.2 0.01 3 8.4343 0.01
r 56.4 0.01 3 8.34884 0.01
r 56.6 0.01 3 8.25537 0.01
r 56.8 0.01 3 8.18314 0.01
r 57 0.01 3 8.0548 0.01
r 57.2 0.01 3 7.99081 0.01
r 57.4 0.01 3 7.89476 0.01
r 57.6 0.01 3 7.81933 0.01
r 57.8 0.01 3 7.73513 0.01
r 58 0.01 3 7.6683 0.01
r 58.2 0.01 3 7.57975 0.01
r 58.4 0.01 3 7.44917 0.01
r 58.6 0.01 3 7.37416 0.01
r 58.8 0.01 3 7.30663 0.01
r 59 0.01 3 7.28296 0.01
r 59.2 0.01 3 7.20075 0.01
r 59.4 0.01 3 7.12776 0.01
r 59.6 0.01 3 7.03322 0.01
r 59.8 0.01 3 6.98448 0.01
r 60 0.01 3 6.91952 0.01
r 60.2 0.01 3 6.84141 0.01
r 60.4 0.01 3 6.74209 0.01
r 60.6 0.01 3 6.6939 0.01
r 60.8 0.01 3 6.62425 0.01
r 61 0.01 3 6.5695 0.01
r 61.2 0.01 3 6.51656 0.01
r 61.4 0.01 3 6.46553 0.01
r 61.6 0.01 3 6.4165 0.01
r 61.8 0.01 3 6.37038 0.01
r 62 0.01 3 6.32712 0.01
r 62.2 0.01 3 6.28486 0.01
r 62.4 0.01 3 6.24532 0.01
r 62.6 0.01 3 6.20936 0.01
r 62.8 0.01 3 6.17612 0.01
r 63 0.01 3 6.14695 0.01
r 63.2 0.01 3 6.12889 0.01
r 63.4 0.01 3 6.09086 0.01
r 63.6 0.01 3 6.06836 0.01
r 63.8 0.01 3 6.04926 0.01
r 64 0.01 3 6.03309 0.01
r 64.2 0.01 3 6.01939 0.01
r 64.4 0.01 3 6.01071 0.01
r 64.6 0.01 3 6.00135 0.01
r 64.8 0.01 3 5.99653 0.01
r 65 0.01 3 5.99519 0.01
r 65.2 0.01 3 5.99604 0.01
r 65.4 0.01 3 5.99985 0.01
r 65.6 0.01 3 6.0069 0.01
r 65.8 0.01 3 6.01707 0.01
r 66 0.01 3 6.03017 0.01
r 66.2 0.01 3 6.0463 0.01
r 66.4 0.01 3 6.06553 0.01
r 66.6 0.01 3 6.0929 0.01
r 66.8 0.01 3 6.1133 0.01
r 67 0.01 3 6.14013 0.01
r 67.2 0.01 3 6.17032 0.01
r 67.4 0.01 3 6.20307 0.01
r 67.6 0.01 3 6.23853 0.01
r 67.8 0.01 3 6.27675 0.01
r 68 0.01 3 6.31772 0.01
r 68.2 0.01 3 6.36075 0.01
r 68.4 0.01 3 6.40762 0.01
r 68.6 0.01 3 6.4545 0.01
r 68.8 0.01 3 6.50703 0.01
r 69 0.01 3 6.55895 0.01
r 69.2 0.01 3 6.61494 0.01
r 69.4 0.01 3 6.67256 0.01
r 69.6 0.01 3 6.73093 0.01
r 69.8 0.01 3 6.79289 0.01
r 70 0.01 3 6.85847 0.01
r 70.2 0.01 3 6.92724 0.01
r 70.4 0.01 3 6.99931 0.01
r 70.6 0.01 3 7.06221 0.01
r 70.8 0.01 3 7.14708 0.01
r 71 0.01 3 7.25891 0.01
r 71.2 0.01 3 7.35043 0.01
r 71.4 0.01 3 7.44631 0.01
r 71.6 0.01 3 7.54372 0.01
r 71.8 0.01 3 7.54625 0.01
r 72 0.01 3 7.67515 0.01
r 72.2 0.01 3 7.75658 0.01
r 72.4 0.01 3 7.83491 0.01
r 72.6 0.01 3 7.92795 0.01
r 72.8 0.01 3 8.04074 0.01
r 73 0.01 3 8.04389 0.01
r 73.2 0.01 3 8.12694 0.01
r 73.4 0.01 3 8.22369 0.01
r 73.6 0.01 3 8.39488 0.01
r 73.8 0.01 3 8.41307 0.01
r 74 0.01 3 8.50453 0.01
r 74.2 0.01 3 8.61226 0.01
r 74.4 0.01 3 8.69971 0.01
r 74.6 0.01 3 8.82927 0.01
r 74.8 0.01 3 8.91753 0.01
r 75 0.01 3 9.03817 0.01
r 75.2 0.01 3 9.1252 0.01
r 75.4 0.01 3 9.22247 0.01
r 75.6 0.01 3 9.31098 0.01
r 75.8 0.01 3 9.40975 0.01
r 76 0.01 3 9.52586 0.01
r 76.2 0.01 3 9.61331 0.01
r 76.4 0.01 3 9.74294 0.01
r 76.6 0.01 3 9.82711 0.01
r 76.8 0.01 3 9.92681 0.01
r 77 0.01 3 10.036 0.01
r 77.2 0.01 3 10.1288 0.01
r 77.4 0.01 3 10.2358 0.01
r 77.6 0.01 3 10.3391 0.01
r 77.8 0.01 3 10.4506 0.01
r 78 0.01 3 10.5578 0.01
r 78.2 0.01 3 10.6663 0.01
r 78.4 0.01 3 10.7763 0.01
r 78.6 0.01 3 10.8877 0.01
r 78.8 0.01 3 10.9999 0.01
r 79 0.01 3 11.2273 0.01
r 79.2 0.01 3 11.3312 0.01
r 79.4 0.01 3 11.537 0.01
r 79.6 0.01 3 11.541 0.01
r 79.8 0.01 3 11.6566 0.01
r 80 0.01 3 11.7509 0.01
r 80.2 0.01 3 11.8951 0.01
r 80.4 0.01 3 12.0885 0.01
r 80.6 0.01 3 12.1973 0.01
r 80.8 0.01 3 12.1939 0.01
r 81 0.01 3 12.3218 0.01
r 81.2 0.01 3 12.4791 0.01
r 81.4 0.01 3 12.5624 0.01
r 81.6 0.01 3 12.7533 0.01
r 81.8 0.01 3 12.8984 0.01
r 82 0.01 3 12.9005 0.01
r 82.2 0.01 3 13.0349 0.01
r 82.4 0.01 3 13.1419 0.01
r 82.6 0.01 3 13.2819 0.01
r 82.8 0.01 3 13.3639 0.01
r 83 0.01 3 13.4639 0.01
r 83.2 0.01 3 13.6295 0.01
r 83.4 0.01 3 13.6896 0.01
r 83.6 0.01 3 13.8162 0.01
r 83.8 0.01 3 14.0307 0.01
r 84 0.01 3 14.0314 0.01
r 84.2 0.01 3 14.2312 0.01
r 84.4 0.01 3 14.3372 0.01
r 84.6 0.01 3 14.4448 0.01
r 84.8 0.01 3 14.4973 0.01
r 85 0.01 3 14.9796 0.01
r 85.2 0.01 3 15.0654 0.01
r 85.4 0.01 3 15.2179 0.01
r 85.6 0.01 3 15.2439 0.01
r 85.8 0.01 3 15.308 0.01
r 86 0.01 3 15.4462 0.01
r 86.2 0.01 3 15.7103 0.01
r 86.4 0.01 3 15.6603 0.01
r 86.6 0.01 3 16.1577 0.01
r 86.8 0.01 3 16.1793 0.01
r 87 0.01 3 16.1005 0.01
r 87.2 0.01 3 16.2403 0.01
r 87.4 0.01 3 16.1244 0.01
r 87.6 0.01 3 16.4977 0.01
r 87.8 0.01 3 16.5887 0.01
r 88 0.01 3 16.6997 0.01
r 88.2 0.01 3 16.8283 0.01
r 88.4 0.01 3 16.9225 0.01
r 88.6 0.01 3 17.0258 0.01
r 88.8 0.01 3 17.1281 0.01
r 89 0.01 3 17.3384 0.01
r 89.2 0.01 3 17.4593 0.01
r 89.4 0.01 3 17.5358 0.01
r 89.6 0.01 3 17.6767 0.01
r 89.8 0.01 3 17.733 0.01
r 90 0.01 3 17.8404 0.01
r 90.2 0.01 3 17.9457 0.01
r 90.4 0.01 3 18.0622 0.01
r 90.6 0.01 3 18.1305 0.01
r 90.8 0.01 3 18.252 0.01
r 91 0.01 3 18.339 0.01
r 91.2 0.01 3 18.5293 0.01
r 91.4 0.01 3 18.7155 0.01
r 91.6 0.01 3 18.6711 0.01
r 91.8 0.01 3 18.8903 0.01
r 92 0.01 3 19.0222 0.01
r 92.2 0.01 3 19.0914 0.01
r 92.4 0.01 3 19.1901 0.01
r 92.6 0.01 3 19.3044 0.01
r 92.8 0.01 3 19.43 0.01
r 93 0.01 3 19.5385 0.01
r 93.2 0.01 3 19.6284 0.01
r 93.4 0.01 3 19.7288 0.01
r 93.6 0.01 3 19.8349 0.01
r 93.8 0.01 3 19.9403 0.01
r 94 0.01 3 20.0528 0.01
r 94.2 0.01 3 20.2973 0.01
r 94.4 0.01 3 20.463 0.01
r 94.6 0.01 3 20.6186 0.01
r 94.8 0.01 3 20.7044 0.01
r 95 0.01 3 20.7741 0.01
r 95.2 0.01 3 20.8789 0.01
r 95.4 0.01 3 20.9839 0.01
r 95.6 0.01 3 21.0858 0.01
r 95.8 0.01 3 21.2071 0.01
r 96 0.01 3 21.3055 0.01
r 96.2 0.01 3 21.4096 0.01
r 96.4 0.01 3 21.5238 0.01
r 96.6 0.01 3 21.6333 0.01
r 96.8 0.01 3 21.7444 0.01
r 97 0.01 3 21.8484 0.01
r 97.2 0.01 3 21.9615 0.01
r 97.4 0.01 3 22.0778 0.01
r 97.6 0.01 3 22.194 0.01
r 97.8 0.01 3 22.3105 0.01
r 98 0.01 3 22.4306 0.01
r 98.2 0.01 3 22.5396 0.01
r 98.4 0.01 3 22.6546 0.01
r 98.6 0.01 3 22.7764 0.01
r 98.8 0.01 3 22.8909 0.01
r 99 0.01 3 23.0108 0.01
r 99.2 0.01 3 23.1305 0.01
r 99.4 0.01 3 23.2499 0.01
r 99.6 0.01 3 23.3685 0.01
r 99.8 0.01 3 23.4883 0.01
r 100 0.01 3 23.6083 0.01
r 100.2 0.01 3 23.7299 0.01
r 100.4 0.01 3 23.8502 0.01
r 100.6 0.01 3 23.9709 0.01
r 100.8 0.01 3 24.0948 0.01
r 101 0.01 3 24.2146 0.01
r 101.2 0.01 3 24.3364 0.01
r 101.4 0.01 3 24.4583 0.01
r 101.6 0.01 3 24.5806 0.01
r 101.8 0.01 3 24.7033 0.01
r 102 0.01 3 24.8262 0.01
r 102.2 0.01 3 24.9495 0.01
r 102.4 0.01 3 25.0732 0.01
r 102.6 0.01 3 25.1972 0.01
r 102.8 0.01 3 25.3216 0.01
r 103 0.01 3 25.4489 0.01
r 103.2 0.01 3 25.5708 0.01
r 103.4 0.01 3 25.6928 0.01
r 103.6 0.01 3 25.8176 0.01
r 103.8 0.01 3 25.939 0.01
r 104 0.01 3 26.0607 0.01
r 104.2 0.01 3 26.1831 0.01
r 104.4 0.01 3 26.3059 0.01
r 104.6 0.01 3 26.4291 0.01
r 104.8 0.01 3 26.5506 0.01
r 105 0.01 3 26.6716 0.01
s 75 3 602
r 55 0.01 2 13.4996 0.01
r 55.2 0.01 2 13.3673 0.01
r 55.4 0.01 2 13.2351 0.01
r 55.6 0.01 2 13.103 0.01
r 55.8 0.01 2 12.971 0.01
r 56 0.01 2 12.8389 0.01
r 56.2 0.01 2 12.7069 0.01
r 56.4 0.01 2 12.5749 0.01
r 56.6 0.01 2 12.4429 0.01
r 56.8 0.01 2 12.3109 0.01
r 57 0.01 2 12.1789 0.01
r 57.2 0.01 2 12.0468 0.01
r 57.4 0.01 2 11.9149 0.01
r 57.6 0.01 2 11.7829 0.01
r 57.8 0.01 2 11.6509 0.01
r 58 0.01 2 11.5189 0.01
r 58.2 0.01 2 11.3871 0.01
r 58.4 0.01 2 11.2553 0.01
r 58.6 0.01 2 11.1237 0.01
r 58.8 0.01 2 10.9921 0.01
r 59 0.01 2 10.8604 0.01
r 59.2 0.01 2 10.7291 0.01
r 59.4 0.01 2 10.5978 0.01
r 59.6 0.01 2 10.4666 0.01
r 59.8 0.01 2 10.3354 0.01
r 60 0.01 2 10.2044 0.01
r 60.2 0.01 2 10.0739 0.01
r 60.4 0.01 2 9.94293 0.01
r 60.6 0.01 2 9.81205 0.01
r 60.8 0.01 2 9.68137 0.01
r 61 0.01 2 9.55093 0.01
r 61.2 0.01 2 9.42064 0.01
r 61.4 0.01 2 9.29037 0.01
r 61.6 0.01 2 9.16024 0.01
r 61.8 0.01 2 9.03013 0.01
r 62 0.01 2 8.90033 0.01
r 62.2 0.01 2 8.77055 0.01
r 62.4 0.01 2 8.6409 0.01
r 62.6 0.01 2 8.5115 0.01
r 62.8 0.01 2 8.38213 0.01
r 63 0.01 2 8.25277 0.01
r 63.2 0.01 2 8.12363 0.01
r 63.4 0.01 2 7.99463 0.01
r 63.6 0.01 2 7.86583 0.01
r 63.8 0.01 2 7.73707 0.01
r 64 0.01 2 7.60852 0.01
r 64.2 0.01 2 7.4801 0.01
r 64.4 0.01 2 7.35176 0.01
r 64.6 0.01 2 7.22366 0.01
r 64.8 0.01 2 7.09568 0.01
r 65 0.01 2 6.96817 0.01
r 65.2 0.01 2 6.84027 0.01
r 65.4 0.01 2 6.71281 0.01
r 65.6 0.01 2 6.58557 0.01
r 65.8 0.01 2 6.45859 0.01
r 66 0.01 2 6.33191 0.01
r 66.2 0.01 2 6.20549 0.01
r 66.4 0.01 2 6.07929 0.01
r 66.6 0.01 2 5.95337 0.01
r 66.8 0.01 2 5.82781 0.01
r 67 0.01 2 5.70262 0.01
r 67.2 0.01 2 5.57779 0.01
r 67.4 0.01 2 5.45337 0.01
r 67.6 0.01 2 5.32935 0.01
r 67.8 0.01 2 5.20574 0.01
r 68 0.01 2 5.08251 0.01
r 68.2 0.01 2 4.95968 0.01
r 68.4 0.01 2 4.83749 0.01
r 68.6 0.01 2 4.71597 0.01
r 68.8 0.01 2 4.59513 0.01
r 69 0.01 2 4.47605 0.01
r 69.2 0.01 2 4.35781 0.01
r 69.4 0.01 2 4.24016 0.01
r 69.6 0.01 2 4.12222 0.01
r 69.8 0.01 2 4.00551 0.01
r 70 0.01 2 3.8902 0.01
r 70.2 0.01 2 3.77631 0.01
r 70.4 0.01 2 3.66366 0.01
r 70.6 0.01 2 3.55246 0.01
r 70.8 0.01 2 3.44308 0.01
r 71 0.01 2 3.33584 0.01
r 71.2 0.01 2 3.22992 0.01
r 71.4 0.01 2 3.12612 0.01
r 71.6 0.01 2 3.02461 0.01
r 71.8 0.01 2 2.92609 0.01
r 72 0.01 2 2.83007 0.01
r 72.2 0.01 2 2.73707 0.01
r 72.4 0.01 2 2.64771 0.01
r 72.6 0.01 2 2.56239 0.01
r 72.8 0.01 2 2.48102 0.01
r 73 0.01 2 2.40457 0.01
r 73.2 0.01 2 2.33334 0.01
r 73.4 0.01 2 2.26704 0.01
r 73.6 0.01 2 2.2073 0.01
r 73.8 0.01 2 2.15391 0.01
r 74 0.01 2 2.10839 0.01
r 74.2 0.01 2 2.07054 0.01
r 74.4 0.01 2 2.04084 0.01
r 74.6 0.01 2 2.01965 0.01
r 74.8 0.01 2 2.00625 0.01
r 75 0.01 2 2.00155 0.01
r 75.2 0.01 2 2.00639 0.01
r 75.4 0.01 2 2.01864 0.01
r 75.6 0.01 2 2.03966 0.01
r 75.8 0.01 2 2.07012 0.01
r 76 0.01 2 2.10881 0.01
r 76.2 0.01 2 2.15511 0.01
r 76.4 0.01 2 2.20864 0.01
r 76.6 0.01 2 2.2689 0.01
r 76.8 0.01 2 2.33554 0.01
r 77 0.01 2 2.40746 0.01
r 77.2 0.01 2 2.48471 0.01
r 77.4 0.01 2 2.56672 0.01
r 77.6 0.01 2 2.65264 0.01
r 77.8 0.01 2 2.74273 0.01
r 78 0.01 2 2.83625 0.01
r 78.2 0.01 2 2.93285 0.01
r 78.4 0.01 2 3.03268 0.01
r 78.6 0.01 2 3.13459 0.01
r 78.8 0.01 2 3.23888 0.01
r 79 0.01 2 3.3461 0.01
r 79.2 0.01 2 3.45553 0.01
r 79.4 0.01 2 3.56522 0.01
r 79.6 0.01 2 3.6756 0.01
r 79.8 0.01 2 3.78773 0.01
r 80 0.01 2 3.90276 0.01
r 80.2 0.01 2 4.01753 0.01
r 80.4 0.01 2 4.13394 0.01
r 80.6 0.01 2 4.25137 0.01
r 80.8 0.01 2 4.36952 0.01
r 81 0.01 2 4.4883 0.01
r 81.2 0.01 2 4.60789 0.01
r 81.4 0.01 2 4.72822 0.01
r 81.6 0.01 2 4.84928 0.01
r 81.8 0.01 2 4.97075 0.01
r 82 0.01 2 5.09254 0.01
r 82.2 0.01 2 5.21491 0.01
r 82.4 0.01 2 5.3378 0.01
r 82.6 0.01 2 5.46105 0.01
r 82.8 0.01 2 5.58469 0.01
r 83 0.01 2 5.70887 0.01
r 83.2 0.01 2 5.83311 0.01
r 83.4 0.01 2 5.95847 0.01
r 83.6 0.01 2 6.08247 0.01
r 83.8 0.01 2 6.20724 0.01
r 84 0.01 2 6.33228 0.01
r 84.2 0.01 2 6.45735 0.01
r 84.4 0.01 2 6.58276 0.01
r 84.6 0.01 2 6.70834 0.01
r 84.8 0.01 2 6.83372 0.01
r 85 0.01 2 6.95939 0.01
r 85.2 0.01 2 7.08525 0.01
r 85.4 0.01 2 7.21102 0.01
r 85.6 0.01 2 7.33659 0.01
r 85.8 0.01 2 7.46231 0.01
r 86 0.01 2 7.58787 0.01
r 86.2 0.01 2 7.71366 0.01
r 86.4 0.01 2 7.83943 0.01
r 86.6 0.01 2 7.96508 0.01
r 86.8 0.01 2 8.09105 0.01
r 87 0.01 2 8.21643 0.01
r 87.2 0.01 2 8.34188 0.01
r 87.4 0.01 2 8.46669 0.01
r 87.6 0.01 2 8.59122 0.01
r 87.8 0.01 2 8.71536 0.01
r 88 0.01 2 8.83932 0.01
r 88.2 0.01 2 8.96375 0.01
r 88.4 0.01 2 9.08664 0.01
r 88.6 0.01 2 9.20948 0.01
r 88.8 0.01 2 9.33207 0.01
r 89 0.01 2 9.45478 0.01
r 89.2 0.01 2 9.57748 0.01
r 89.4 0.01 2 9.70016 0.01
r 89.6 0.01 2 9.82277 0.01
r 89.8 0.01 2 9.94528 0.01
r 90 0.01 2 10.0676 0.01
r 90.2 0.01 2 10.1898 0.01
r 90.4 0.01 2 10.3121 0.01
r 90.6 0.01 2 10.4343 0.01
r 90.8 0.01 2 10.5565 0.01
r 91 0.01 2 10.6785 0.01
r 91.2 0.01 2 10.8006 0.01
r 91.4 0.01 2 10.9227 0.01
r 91.6 0.01 2 11.045 0.01
r 91.8 0.01 2 11.1674 0.01
r 92 0.01 2 11.2899 0.01
r 92.2 0.01 2 11.4125 0.01
r 92.4 0.01 2 11.5355 0.01
r 92.6 0.01 2 11.6588 0.01
r 92.8 0.01 2 11.7823 0.01
r 93 0.01 2 11.9062 0.01
r 93.2 0.01 2 12.0303 0.01
r 93.4 0.01 2 12.1546 0.01
r 93.6 0.01 2 12.2792 0.01
r 93.8 0.01 2 12.404 0.01
r 94 0.01 2 12.529 0.01
r 94.2 0.01 2 12.6542 0.01
r 94.4 0.01 2 12.7795 0.01
r 94.6 0.01 2 12.9049 0.01
r 94.8 0.01 2 13.0304 0.01
r 95 0.01 2 13.1559 0.01
r 35 0.01 3 27.3159 0.01
r 35.2 0.01 3 27.1866 0.01
r 35.4 0.01 3 27.0574 0.01
r 35.6 0.01 3 26.9284 0.01
r 35.8 0.01 3 26.7997 0.01
r 36 0.01 3 26.671 0.01
r 36.2 0.01 3 26.5422 0.01
r 36.4 0.01 3 26.4138 0.01
r 36.6 0.01 3 26.2857 0.01
r 36.8 0.01 3 26.1578 0.01
r 37 0.01 3 26.0521 0.01
r 37.2 0.01 3 25.922 0.01
r 37.4 0.01 3 25.7923 0.01
r 37.6 0.01 3 25.6621 0.01
r 37.8 0.01 3 25.5322 0.01
r 38 0.01 3 25.4023 0.01
r 38.2 0.01 3 25.2727 0.01
r 38.4 0.01 3 25.1425 0.01
r 38.6 0.01 3 25.0126 0.01
r 38.8 0.01 3 24.8831 0.01
r 39 0.01 3 24.8116 0.01
r 39.2 0.01 3 24.6813 0.01
r 39.4 0.01 3 24.5507 0.01
r 39.6 0.01 3 24.4206 0.01
r 39.8 0.01 3 24.2901 0.01
r 40 0.01 3 24.1606 0.01
r 40.2 0.01 3 24.0305 0.01
r 40.4 0.01 3 23.8998 0.01
r 40.6 0.01 3 23.7686 0.01
r 40.8 0.01 3 23.637 0.01
r 41 0.01 3 23.5271 0.01
r 41.2 0.01 3 23.4514 0.01
r 41.4 0.01 3 23.2825 0.01
r 41.6 0.01 3 23.1904 0.01
r 41.8 0.01 3 23.0588 0.01
r 42 0.01 3 22.9293 0.01
r 42.2 0.01 3 22.7991 0.01
r 42.4 0.01 3 22.6395 0.01
r 42.6 0.01 3 22.5397 0.01
r 42.8 0.01 3 22.4105 0.01
r 43 0.01 3 22.2807 0.01
r 43.2 0.01 3 22.151 0.01
r 43.4 0.01 3 22.0223 0.01
r 43.6 0.01 3 21.8947 0.01
r 43.8 0.01 3 21.7645 0.01
r 44 0.01 3 21.6344 0.01
r 44.2 0.01 3 21.5044 0.01
r 44.4 0.01 3 21.3755 0.01
r 44.6 0.01 3 21.2465 0.01
r 44.8 0.01 3 21.117 0.01
r 45 0.01 3 20.9567 0.01
r 45.2 0.01 3 20.8275 0.01
r 45.4 0.01 3 20.6995 0.01
r 45.6 0.01 3 20.5704 0.01
r 45.8 0.01 3 20.442 0.01
r 46 0.01 3 20.3135 0.01
r 46.2 0.01 3 20.2164 0.01
r 46.4 0.01 3 20.0566 0.01
r 46.6 0.01 3 19.9296 0.01
r 46.8 0.01 3 19.802 0.01
r 47 0.01 3 19.7004 0.01
r 47.2 0.01 3 19.5727 0.01
r 47.4 0.01 3 19.4452 0.01
r 47.6 0.01 3 19.3172 0.01
r 47.8 0.01 3 19.1899 0.01
r 48 0.01 3 19.0628 0.01
r 48.2 0.01 3 18.9359 0.01
r 48.4 0.01 3 18.8097 0.01
r 48.6 0.01 3 18.6828 0.01
r 48.8 0.01 3 18.5567 0.01
r 49 0.01 3 18.4299 0.01
r 49.2 0.01 3 18.3048 0.01
r 49.4 0.01 3 18.1799 0.01
r 49.6 0.01 3 18.055 0.01
r 49.8 0.01 3 17.9304 0.01
r 50 0.01 3 17.8067 0.01
r 50.2 0.01 3 17.683 0.01
r 50.4 0.01 3 17.5598 0.01
r 50.6 0.01 3 17.4376 0.01
r 50.8 0.01 3 17.3151 0.01
r 51 0.01 3 17.1908 0.01
r 51.2 0.01 3 17.0695 0.01
r 51.4 0.01 3 16.9482 0.01
r 51.6 0.01 3 16.8289 0.01
r 51.8 0.01 3 16.7098 0.01
r 52 0.01 3 16.5955 0.01
r 52.2 0.01 3 16.4068 0.01
r 52.4 0.01 3 16.358 0.01
r 52.6 0.01 3 16.1725 0.01
r 52.8 0.01 3 16.0063 0.01
r 53 0.01 3 15.957 0.01
r 53.2 0.01 3 15.775 0.01
r 53.4 0.01 3 15.7187 0.01
r 53.6 0.01 3 15.6029 0.01
r 53.8 0.01 3 15.4916 0.01
r 54 0.01 3 15.3972 0.01
r 54.2 0.01 3 15.1496 0.01
r 54.4 0.01 3 15.0287 0.01
r 54.6 0.01 3 14.9092 0.01
r 54.8 0.01 3 14.8495 0.01
r 55 0.01 3 14.8104 0.01
r 55.2 0.01 3 14.5845 0.01
r 55.4 0.01 3 14.4292 0.01
r 55.6 0.01 3 14.3206 0.01
r 55.8 0.01 3 14.3708 0.01
r 56 0.01 3 14.0991 0.01
r 56.2 0.01 3 14.0681 0.01
r 56.4 0.01 3 13.8774 0.01
r 56.6 0.01 3 13.8431 0.01
r 56.8 0.01 3 13.6079 0.01
r 57 0.01 3 13.4409 0.01
r 57.2 0.01 3 13.3177 0.01
r 57.4 0.01 3 13.1988 0.01
r 57.6 0.01 3 13.0784 0.01
r 57.8 0.01 3 12.9634 0.01
r 58 0.01 3 12.8433 0.01
r 58.2 0.01 3 12.7238 0.01
r 58.4 0.01 3 12.6049 0.01
r 58.6 0.01 3 12.487 0.01
r 58.8 0.01 3 12.3653 0.01
r 59 0.01 3 12.2505 0.01
r 59.2 0.01 3 12.1342 0.01
r 59.4 0.01 3 12.019 0.01
r 59.6 0.01 3 11.9026 0.01
r 59.8 0.01 3 11.7892 0.01
r 60 0.01 3 11.679 0.01
r 60.2 0.01 3 11.5697 0.01
r 60.4 0.01 3 11.4614 0.01
r 60.6 0.01 3 11.3497 0.01
r 60.8 0.01 3 11.2445 0.01
r 61 0.01 3 11.1733 0.01
r 61.2 0.01 3 11.0522 0.01
r 61.4 0.01 3 10.9316 0.01
r 61.6 0.01 3 10.813 0.01
r 61.8 0.01 3 10.6926 0.01
r 62 0.01 3 10.5783 0.01
r 62.2 0.01 3 10.4624 0.01
r 62.4 0.01 3 10.3471 0.01
r 62.6 0.01 3 10.2344 0.01
r 62.8 0.01 3 10.1209 0.01
r 63 0.01 3 10.0123 0.01
r 63.2 0.01 3 9.902 0.01
r 63.4 0.01 3 9.79367 0.01
r 63.6 0.01 3 9.68644 0.01
r 63.8 0.01 3 9.58086 0.01
r 64 0.01 3 9.47767 0.01
r 64.2 0.01 3 9.37917 0.01
r 64.4 0.01 3 9.27672 0.01
r 64.6 0.01 3 9.18032 0.01
r 64.8 0.01 3 9.09306 0.01
r 65 0.01 3 8.98308 0.01
r 65.2 0.01 3 8.88872 0.01
r 65.4 0.01 3 8.78709 0.01
r 65.6 0.01 3 8.69372 0.01
r 65.8 0.01 3 8.61812 0.01
r 66 0.01 3 8.49978 0.01
r 66.2 0.01 3 8.40674 0.01
r 66.4 0.01 3 8.32157 0.01
r 66.6 0.01 3 8.23107 0.01
r 66.8 0.01 3 8.16357 0.01
r 67 0.01 3 8.04195 0.01
r 67.2 0.01 3 7.95926 0.01
r 67.4 0.01 3 7.87015 0.01
r 67.6 0.01 3 7.7828 0.01
r 67.8 0.01 3 7.69676 0.01
r 68 0.01 3 7.62944 0.01
r 68.2 0.01 3 7.54041 0.01
r 68.4 0.01 3 7.45486 0.01
r 68.6 0.01 3 7.37597 0.01
r 68.8 0.01 3 7.29784 0.01
r 69 0.01 3 7.24178 0.01
r 69.2 0.01 3 7.148 0.01
r 69.4 0.01 3 7.07576 0.01
r 69.6 0.01 3 7.02227 0.01
r 69.8 0.01 3 6.93746 0.01
r 70 0.01 3 6.88464 0.01
r 70.2 0.01 3 6.81659 0.01
r 70.4 0.01 3 6.75046 0.01
r 70.6 0.01 3 6.68788 0.01
r 70.8 0.01 3 6.6292 0.01
r 71 0.01 3 6.5788 0.01
r 71.2 0.01 3 6.52375 0.01
r 71.4 0.01 3 6.47071 0.01
r 71.6 0.01 3 6.42219 0.01
r 71.8 0.01 3 6.37589 0.01
r 72 0.01 3 6.33226 0.01
r 72.2 0.01 3 6.29127 0.01
r 72.4 0.01 3 6.25337 0.01
r 72.6 0.01 3 6.21727 0.01
r 72.8 0.01 3 6.18384 0.01
r 73 0.01 3 6.15338 0.01
r 73.2 0.01 3 6.12607 0.01
r 73.4 0.01 3 6.10087 0.01
r 73.6 0.01 3 6.07914 0.01
r 73.8 0.01 3 6.06437 0.01
r 74 0.01 3 6.04636 0.01
r 74.2 0.01 3 6.0326 0.01
r 74.4 0.01 3 6.02373 0.01
r 74.6 0.01 3 6.01878 0.01
r 74.8 0.01 3 6.01909 0.01
r 75 0.01 3 6.0128 0.01
r 75.2 0.01 3 6.01448 0.01
r 75.4 0.01 3 6.01792 0.01
r 75.6 0.01 3 6.02582 0.01
r 75.8 0.01 3 6.03679 0.01
r 76 0.01 3 6.05069 0.01
r 76.2 0.01 3 6.06759 0.01
r 76.4 0.01 3 6.08754 0.01
r 76.6 0.01 3 6.11529 0.01
r 76.8 0.01 3 6.1359 0.01
r 77 0.01 3 6.16258 0.01
r 77.2 0.01 3 6.1931 0.01
r 77.4 0.01 3 6.22628 0.01
r 77.6 0.01 3 6.26176 0.01
r 77.8 0.01 3 6.30017 0.01
r 78 0.01 3 6.34149 0.01
r 78.2 0.01 3 6.3867 0.01
r 78.4 0.01 3 6.43095 0.01
r 78.6 0.01 3 6.47892 0.01
r 78.8 0.01 3 6.53095 0.01
r 79 0.01 3 6.5833 0.01
r 79.2 0.01 3 6.63826 0.01
r 79.4 0.01 3 6.69502 0.01
r 79.6 0.01 3 6.75395 0.01
r 79.8 0.01 3 6.81576 0.01
r 80 0.01 3 6.8796 0.01
r 80.2 0.01 3 6.94469 0.01
r 80.4 0.01 3 7.01174 0.01
r 80.6 0.01 3 7.08067 0.01
r 80.8 0.01 3 7.15374 0.01
r 81 0.01 3 7.24257 0.01
r 81.2 0.01 3 7.44493 0.01
r 81.4 0.01 3 7.54639 0.01
r 81.6 0.01 3 7.70016 0.01
r 81.8 0.01 3 7.54478 0.01
r 82 0.01 3 7.62244 0.01
r 82.2 0.01 3 7.7015 0.01
r 82.4 0.01 3 7.78482 0.01
r 82.6 0.01 3 7.87067 0.01
r 82.8 0.01 3 8.41961 0.01
r 83 0.01 3 8.03528 0.01
r 83.2 0.01 3 8.12907 0.01
r 83.4 0.01 3 8.22121 0.01
r 83.6 0.01 3 8.30186 0.01
r 83.8 0.01 3 8.39863 0.01
r 84 0.01 3 8.50546 0.01
r 84.2 0.01 3 8.64327 0.01
r 84.4 0.01 3 8.69945 0.01
r 84.6 0.01 3 8.80691 0.01
r 84.8 0.01 3 9.69629 0.01
r 85 0.01 3 8.9919 0.01
r 85.2 0.01 3 9.08337 0.01
r 85.4 0.01 3 9.17432 0.01
r 85.6 0.01 3 9.27496 0.01
r 85.8 0.01 3 9.37368 0.01
r 86 0.01 3 9.47675 0.01
r 86.2 0.01 3 9.56769 0.01
r 86.4 0.01 3 9.68475 0.01
r 86.6 0.01 3 9.80834 0.01
r 86.8 0.01 3 9.8781 0.01
r 87 0.01 3 10.006 0.01
r 87.2 0.01 3 10.1297 0.01
r 87.4 0.01 3 10.2395 0.01
r 87.6 0.01 3 10.337 0.01
r 87.8 0.01 3 10.4073 0.01
r 88 0.01 3 10.5044 0.01
r 88.2 0.01 3 10.6188 0.01
r 88.4 0.01 3 10.7125 0.01
r 88.6 0.01 3 10.8232 0.01
r 88.8 0.01 3 10.9248 0.01
r 89 0.01 3 11.1625 0.01
r 89.2 0.01 3 11.1606 0.01
r 89.4 0.01 3 11.3426 0.01
r 89.6 0.01 3 11.4444 0.01
r 89.8 0.01 3 11.7692 0.01
r 90 0.01 3 11.607 0.01
r 90.2 0.01 3 11.8201 0.01
r 90.4 0.01 3 11.775 0.01
r 90.6 0.01 3 11.8582 0.01
r 90.8 0.01 3 12.2671 0.01
r 91 0.01 3 12.4939 0.01
r 91.2 0.01 3 12.44 0.01
r 91.4 0.01 3 12.676 0.01
r 91.6 0.01 3 12.5369 0.01
r 91.8 0.01 3 12.5708 0.01
r 92 0.01 3 12.8701 0.01
r 92.2 0.01 3 12.9827 0.01
r 92.4 0.01 3 13.0018 0.01
r 92.6 0.01 3 13.3138 0.01
r 92.8 0.01 3 13.4051 0.01
r 93 0.01 3 13.6646 0.01
r 93.2 0.01 3 13.4882 0.01
r 93.4 0.01 3 13.6982 0.01
r 93.6 0.01 3 13.6612 0.01
r 93.8 0.01 3 14.0317 0.01
r 94 0.01 3 14.1413 0.01
r 94.2 0.01 3 14.2335 0.01
r 94.4 0.01 3 14.3141 0.01
r 94.6 0.01 3 14.3708 0.01
r 94.8 0.01 3 14.5009 0.01
r 95 0.01 3 14.5775 0.01
r 95.2 0.01 3 14.6791 0.01
r 95.4 0.01 3 14.7889 0.01
r 95.6 0.01 3 14.8886 0.01
r 95.8 0.01 3 14.991 0.01
r 96 0.01 3 15.0894 0.01
r 96.2 0.01 3 15.2113 0.01
r 96.4 0.01 3 15.3104 0.01
r 96.6 0.01 3 15.4142 0.01
r 96.8 0.01 3 15.5336 0.01
r 97 0.01 3 15.6254 0.01
r 97.2 0.01 3 15.7387 0.01
r 97.4 0.01 3 15.8607 0.01
r 97.6 0.01 3 15.9727 0.01
r 97.8 0.01 3 16.0864 0.01
r 98 0.01 3 16.1971 0.01
r 98.2 0.01 3 16.2423 0.01
r 98.4 0.01 3 16.4277 0.01
r 98.6 0.01 3 16.5513 0.01
r 98.8 0.01 3 16.6715 0.01
r 99 0.01 3 16.7867 0.01
r 99.2 0.01 3 16.9024 0.01
r 99.4 0.01 3 17.0219 0.01
r 99.6 0.01 3 17.1536 0.01
r 99.8 0.01 3 17.1791 0.01
r 100 0.01 3 17.3789 0.01
r 100.2 0.01 3 17.4953 0.01
r 100.4 0.01 3 17.6336 0.01
r 100.6 0.01 3 17.6856 0.01
r 100.8 0.01 3 17.7776 0.01
r 101 0.01 3 17.926 0.01
r 101.2 0.01 3 18.04 0.01
r 101.4 0.01 3 18.1544 0.01
r 101.6 0.01 3 18.2688 0.01
r 101.8 0.01 3 18.3839 0.01
r 102 0.01 3 18.5033 0.01
r 102.2 0.01 3 18.6215 0.01
r 102.4 0.01 3 18.7409 0.01
r 102.6 0.01 3 18.857 0.01
r 102.8 0.01 3 18.9744 0.01
r 103 0.01 3 19.0885 0.01
r 103.2 0.01 3 19.2099 0.01
r 103.4 0.01 3 19.329 0.01
r 103.6 0.01 3 19.4453 0.01
r 103.8 0.01 3 19.5634 0.01
r 104 0.01 3 19.6849 0.01
r 104.2 0.01 3 19.8075 0.01
r 104.4 0.01 3 19.9244 0.01
r 104.6 0.01 3 20.0442 0.01
r 104.8 0.01 3 20.1638 0.01
r 105 0.01 3 20.2792 0.01
r 105.2 0.01 3 20.4038 0.01
r 105.4 0.01 3 20.5277 0.01
r 105.6 0.01 3 20.645 0.01
r 105.8 0.01 3 20.7635 0.01
r 106 0.01 3 20.8823 0.01
r 106.2 0.01 3 21.003 0.01
r 106.4 0.01 3 21.1318 0.01
r 106.6 0.01 3 21.2441 0.01
r 106.8 0.01 3 21.3643 0.01
r 107 0.01 3 21.4856 0.01
r 107.2 0.01 3 21.6029 0.01
r 107.4 0.01 3 21.7207 0.01
r 107.6 0.01 3 21.8386 0.01
r 107.8 0.01 3 21.963 0.01
r 108 0.01 3 22.0807 0.01
r 108.2 0.01 3 22.1986 0.01
r 108.4 0.01 3 22.3169 0.01
r 108.6 0.01 3 22.4356 0.01
r 108.8 0.01 3 22.5546 0.01
r 109 0.01 3 22.6738 0.01
r 109.2 0.01 3 22.7937 0.01
r 109.4 0.01 3 22.9139 0.01
r 109.6 0.01 3 23.035 0.01
r 109.8 0.01 3 23.1558 0.01
r 110 0.01 3 23.2769 0.01
r 110.2 0.01 3 23.3981 0.01
r 110.4 0.01 3 23.5197 0.01
r 110.6 0.01 3 23.6418 0.01
r 110.8 0.01 3 23.7639 0.01
r 111 0.01 3 23.9286 0.01
r 111.2 0.01 3 24.0479 0.01
r 111.4 0.01 3 24.167 0.01
r 111.6 0.01 3 24.2874 0.01
r 111.8 0.01 3 24.4081 0.01
r 112 0.01 3 24.5286 0.01
r 112.2 0.01 3 24.6498 0.01
r 112.4 0.01 3 24.7707 0.01
r 112.6 0.01 3 24.8921 0.01
r 112.8 0.01 3 25.0138 0.01
r 113 0.01 3 25.1352 0.01
r 113.2 0.01 3 25.2628 0.01
r 113.4 0.01 3 25.3848 0.01
r 113.6 0.01 3 25.5075 0.01
r 113.8 0.01 3 25.6299 0.01
r 114 0.01 3 25.7523 0.01
r 114.2 0.01 3 25.8752 0.01
r 114.4 0.01 3 25.9983 0.01
r 114.6 0.01 3 26.1218 0.01
r 114.8 0.01 3 26.2456 0.01
r 115 0.01 3 26.3697 0.01
s 85 3 602
r 65 0.01 2 13.4648 0.01
r 65.2 0.01 2 13.3332 0.01
r 65.4 0.01 2 13.2016 0.01
r 65.6 0.01 2 13.07 0.01
r 65.8 0.01 2 12.9385 0.01
r 66 0.01 2 12.8071 0.01
r 66.2 0.01 2 12.6763 0.01
r 66.4 0.01 2 12.5449 0.01
r 66.6 0.01 2 12.4134 0.01
r 66.8 0.01 2 12.2819 0.01
r 67 0.01 2 12.1503 0.01
r 67.2 0.01 2 12.0188 0.01
r 67.4 0.01 2 11.8872 0.01
r 67.6 0.01 2 11.7555 0.01
r 67.8 0.01 2 11.6237 0.01
r 68 0.01 2 11.4918 0.01
r 68.2 0.01 2 11.36 0.01
r 68.4 0.01 2 11.2284 0.01
r 68.6 0.01 2 11.0969 0.01
r 68.8 0.01 2 10.9654 0.01
r 69 0.01 2 10.8343 0.01
r 69.2 0.01 2 10.7033 0.01
r 69.4 0.01 2 10.5726 0.01
r 69.6 0.01 2 10.4421 0.01
r 69.8 0.01 2 10.3118 0.01
r 70 0.01 2 10.1818 0.01
r 70.2 0.01 2 10.052 0.01
r 70.4 0.01 2 9.92222 0.01
r 70.6 0.01 2 9.79248 0.01
r 70.8 0.01 2 9.66278 0.01
r 71 0.01 2 9.5332 0.01
r 71.2 0.01 2 9.40352 0.01
r 71.4 0.01 2 9.27382 0.01
r 71.6 0.01 2 9.14407 0.01
r 71.8 0.01 2 9.01432 0.01
r 72 0.01 2 8.88469 0.01
r 72.2 0.01 2 8.75489 0.01
r 72.4 0.01 2 8.62514 0.01
r 72.6 0.01 2 8.49617 0.01
r 72.8 0.01 2 8.36644 0.01
r 73 0.01 2 8.23665 0.01
r 73.2 0.01 2 8.1073 0.01
r 73.4 0.01 2 7.97807 0.01
r 73.6 0.01 2 7.84898 0.01
r 73.8 0.01 2 7.72005 0.01
r 74 0.01 2 7.5913 0.01
r 74.2 0.01 2 7.46263 0.01
r 74.4 0.01 2 7.33413 0.01
r 74.6 0.01 2 7.20585 0.01
r 74.8 0.01 2 7.07773 0.01
r 75 0.01 2 6.94974 0.01
r 75.2 0.01 2 6.82213 0.01
r 75.4 0.01 2 6.69474 0.01
r 75.6 0.01 2 6.56751 0.01
r 75.8 0.01 2 6.44069 0.01
r 76 0.01 2 6.31406 0.01
r 76.2 0.01 2 6.18782 0.01
r 76.4 0.01 2 6.06189 0.01
r 76.6 0.01 2 5.93621 0.01
r 76.8 0.01 2 5.81087 0.01
r 77 0.01 2 5.68493 0.01
r 77.2 0.01 2 5.56023 0.01
r 77.4 0.01 2 5.43556 0.01
r 77.6 0.01 2 5.31142 0.01
r 77.8 0.01 2 5.18765 0.01
r 78 0.01 2 5.06426 0.01
r 78.2 0.01 2 4.94135 0.01
r 78.4 0.01 2 4.81898 0.01
r 78.6 0.01 2 4.69722 0.01
r 78.8 0.01 2 4.57596 0.01
r 79 0.01 2 4.45791 0.01
r 79.2 0.01 2 4.33869 0.01
r 79.4 0.01 2 4.21903 0.01
r 79.6 0.01 2 4.10063 0.01
r 79.8 0.01 2 3.9836 0.01
r 80 0.01 2 3.86724 0.01
r 80.2 0.01 2 3.75168 0.01
r 80.4 0.01 2 3.63768 0.01
r 80.6 0.01 2 3.52546 0.01
r 80.8 0.01 2 3.41439 0.01
r 81 0.01 2 3.30617 0.01
r 81.2 0.01 2 3.19918 0.01
r 81.4 0.01 2 3.09409 0.01
r 81.6 0.01 2 2.99156 0.01
r 81.8 0.01 2 2.89204 0.01
r 82 0.01 2 2.79502 0.01
r 82.2 0.01 2 2.70134 0.01
r 82.4 0.01 2 2.61107 0.01
r 82.6 0.01 2 2.52513 0.01
r 82.8 0.01 2 2.4431 0.01
r 83 0.01 2 2.36619 0.01
r 83.2 0.01 2 2.29395 0.01
r 83.4 0.01 2 2.22757 0.01
r 83.6 0.01 2 2.16642 0.01
r 83.8 0.01 2 2.1124 0.01
r 84 0.01 2 2.06501 0.01
r 84.2 0.01 2 2.02618 0.01
r 84.4 0.01 2 1.99523 0.01
r 84.6 0.01 2 1.97252 0.01
r 84.8 0.01 2 1.95762 0.01
r 85 0.01 2 1.95146 0.01
r 85.2 0.01 2 1.95399 0.01
r 85.4 0.01 2 1.96395 0.01
r 85.6 0.01 2 1.98277 0.01
r 85.8 0.01 2 2.01045 0.01
r 86 0.01 2 2.04608 0.01
r 86.2 0.01 2 2.089 0.01
r 86.4 0.01 2 2.13879 0.01
r 86.6 0.01 2 2.19507 0.01
r 86.8 0.01 2 2.25752 0.01
r 87 0.01 2 2.32598 0.01
r 87.2 0.01 2 2.39839 0.01
r 87.4 0.01 2 2.47507 0.01
r 87.6 0.01 2 2.55668 0.01
r 87.8 0.01 2 2.64124 0.01
r 88 0.01 2 2.72994 0.01
r 88.2 0.01 2 2.82026 0.01
r 88.4 0.01 2 2.91367 0.01
r 88.6 0.01 2 3.00941 0.01
r 88.8 0.01 2 3.10772 0.01
r 89 0.01 2 3.20867 0.01
r 89.2 0.01 2 3.31223 0.01
r 89.4 0.01 2 3.41549 0.01
r 89.6 0.01 2 3.51878 0.01
r 89.8 0.01 2 3.62463 0.01
r 90 0.01 2 3.73233 0.01
r 90.2 0.01 2 3.84042 0.01
r 90.4 0.01 2 3.94996 0.01
r 90.6 0.01 2 4.06035 0.01
r 90.8 0.01 2 4.17145 0.01
r 91 0.01 2 4.28544 0.01
r 91.2 0.01 2 4.39654 0.01
r 91.4 0.01 2 4.50997 0.01
r 91.6 0.01 2 4.62562 0.01
r 91.8 0.01 2 4.73977 0.01
r 92 0.01 2 4.85483 0.01
r 92.2 0.01 2 4.97101 0.01
r 92.4 0.01 2 5.08747 0.01
r 92.6 0.01 2 5.20489 0.01
r 92.8 0.01 2 5.32254 0.01
r 93 0.01 2 5.44 0.01
r 93.2 0.01 2 5.55941 0.01
r 93.4 0.01 2 5.67821 0.01
r 93.6 0.01 2 5.79744 0.01
r 93.8 0.01 2 5.91648 0.01
r 94 0.01 2 6.03599 0.01
r 94.2 0.01 2 6.15521 0.01
r 94.4 0.01 2 6.27516 0.01
r 94.6 0.01 2 6.39472 0.01
r 94.8 0.01 2 6.51514 0.01
r 95 0.01 2 6.6351 0.01
r 95.2 0.01 2 6.75548 0.01
r 95.4 0.01 2 6.87577 0.01
r 95.6 0.01 2 6.99606 0.01
r 95.8 0.01 2 7.11655 0.01
r 96 0.01 2 7.2368 0.01
r 96.2 0.01 2 7.35745 0.01
r 96.4 0.01 2 7.47835 0.01
r 96.6 0.01 2 7.5996 0.01
r 96.8 0.01 2 7.72084 0.01
r 97 0.01 2 7.84188 0.01
r 97.2 0.01 2 7.96329 0.01
r 97.4 0.01 2 8.08454 0.01
r 97.6 0.01 2 8.20623 0.01
r 97.8 0.01 2 8.32801 0.01
r 98 0.01 2 8.44999 0.01
r 98.2 0.01 2 8.57196 0.01
r 98.4 0.01 2 8.6943 0.01
r 98.6 0.01 2 8.81683 0.01
r 98.8 0.01 2 8.9396 0.01
r 99 0.01 2 9.06245 0.01
r 99.2 0.01 2 9.18572 0.01
r 99.4 0.01 2 9.30918 0.01
r 99.6 0.01 2 9.43276 0.01
r 99.8 0.01 2 9.55659 0.01
r 100 0.01 2 9.68073 0.01
r 100.2 0.01 2 9.80457 0.01
r 100.4 0.01 2 9.92857 0.01
r 100.6 0.01 2 10.0526 0.01
r 100.8 0.01 2 10.1766 0.01
r 101 0.01 2 10.3005 0.01
r 101.2 0.01 2 10.4245 0.01
r 101.4 0.01 2 10.5485 0.01
r 101.6 0.01 2 10.6726 0.01
r 101.8 0.01 2 10.7967 0.01
r 102 0.01 2 10.921 0.01
r 102.2 0.01 2 11.0455 0.01
r 102.4 0.01 2 11.1702 0.01
r 102.6 0.01 2 11.2951 0.01
r 102.8 0.01 2 11.4203 0.01
r 103 0.01 2 11.5457 0.01
r 103.2 0.01 2 11.6715 0.01
r 103.4 0.01 2 11.7975 0.01
r 103.6 0.01 2 11.9237 0.01
r 103.8 0.01 2 12.0501 0.01
r 104 0.01 2 12.1768 0.01
r 104.2 0.01 2 12.3038 0.01
r 104.4 0.01 2 12.4308 0.01
r 104.6 0.01 2 12.558 0.01
r 104.8 0.01 2 12.6854 0.01
r 105 0.01 2 12.8129 0.01
r 45 0.01 3 27.3304 0.01
r 45.2 0.01 3 27.2004 0.01
r 45.4 0.01 3 27.0704 0.01
r 45.6 0.01 3 26.9405 0.01
r 45.8 0.01 3 26.8107 0.01
r 46 0.01 3 26.681 0.01
r 46.2 0.01 3 26.5514 0.01
r 46.4 0.01 3 26.4219 0.01
r 46.6 0.01 3 26.2925 0.01
r 46.8 0.01 3 26.1632 0.01
r 47 0.01 3 26.0646 0.01
r 47.2 0.01 3 25.9336 0.01
r 47.4 0.01 3 25.8028 0.01
r 47.6 0.01 3 25.672 0.01
r 47.8 0.01 3 25.5413 0.01
r 48 0.01 3 25.4106 0.01
r 48.2 0.01 3 25.28 0.01
r 48.4 0.01 3 25.1496 0.01
r 48.6 0.01 3 25.0192 0.01
r 48.8 0.01 3 24.8889 0.01
r 49 0.01 3 24.8094 0.01
r 49.2 0.01 3 24.6783 0.01
r 49.4 0.01 3 24.5475 0.01
r 49.6 0.01 3 24.4168 0.01
r 49.8 0.01 3 24.2863 0.01
r 50 0.01 3 24.1553 0.01
r 50.2 0.01 3 24.0248 0.01
r 50.4 0.01 3 23.8944 0.01
r 50.6 0.01 3 23.7644 0.01
r 50.8 0.01 3 23.6341 0.01
r 51 0.01 3 23.5995 0.01
r 51.2 0.01 3 23.4296 0.01
r 51.4 0.01 3 23.3383 0.01
r 51.6 0.01 3 23.208 0.01
r 51.8 0.01 3 23.0787 0.01
r 52 0.01 3 22.9477 0.01
r 52.2 0.01 3 22.7859 0.01
r 52.4 0.01 3 22.657 0.01
r 52.6 0.01 3 22.5597 0.01
r 52.8 0.01 3 22.4285 0.01
r 53 0.01 3 22.3025 0.01
r 53.2 0.01 3 22.1728 0.01
r 53.4 0.01 3 22.0049 0.01
r 53.6 0.01 3 21.9142 0.01
r 53.8 0.01 3 21.7462 0.01
r 54 0.01 3 21.6552 0.01
r 54.2 0.01 3 21.495 0.01
r 54.4 0.01 3 21.3647 0.01
r 54.6 0.01 3 21.2281 0.01
r 54.8 0.01 3 21.1384 0.01
r 55 0.01 3 21.0163 0.01
r 55.2 0.01 3 20.8861 0.01
r 55.4 0.01 3 20.7563 0.01
r 55.6 0.01 3 20.6264 0.01
r 55.8 0.01 3 20.497 0.01
r 56 0.01 3 20.3675 0.01
r 56.2 0.01 3 20.238 0.01
r 56.4 0.01 3 20.109 0.01
r 56.6 0.01 3 19.9793 0.01
r 56.8 0.01 3 19.8502 0.01
r 57 0.01 3 19.7204 0.01
r 57.2 0.01 3 19.5909 0.01
r 57.4 0.01 3 19.4613 0.01
r 57.6 0.01 3 19.3321 0.01
r 57.8 0.01 3 19.2028 0.01
r 58 0.01 3 19.0735 0.01
r 58.2 0.01 3 18.9442 0.01
r 58.4 0.01 3 18.8151 0.01
r 58.6 0.01 3 18.6864 0.01
r 58.8 0.01 3 18.5576 0.01
r 59 0.01 3 18.428 0.01
r 59.2 0.01 3 18.2998 0.01
r 59.4 0.01 3 18.1714 0.01
r 59.6 0.01 3 18.0435 0.01
r 59.8 0.01 3 17.9157 0.01
r 60 0.01 3 17.7884 0.01
r 60.2 0.01 3 17.6616 0.01
r 60.4 0.01 3 17.5354 0.01
r 60.6 0.01 3 17.4088 0.01
r 60.8 0.01 3 17.2827 0.01
r 61 0.01 3 17.4639 0.01
r 61.2 0.01 3 17.3616 0.01
r 61.4 0.01 3 17.2064 0.01
r 61.6 0.01 3 17.065 0.01
r 61.8 0.01 3 16.9888 0.01
r 62 0.01 3 16.6343 0.01
r 62.2 0.01 3 16.5711 0.01
r 62.4 0.01 3 16.5964 0.01
r 62.6 0.01 3 16.4429 0.01
r 62.8 0.01 3 16.1052 0.01
r 63 0.01 3 16.2577 0.01
r 63.2 0.01 3 16.1512 0.01
r 63.4 0.01 3 15.9766 0.01
r 63.6 0.01 3 15.8164 0.01
r 63.8 0.01 3 15.4904 0.01
r 64 0.01 3 15.6039 0.01
r 64.2 0.01 3 15.857 0.01
r 64.4 0.01 3 15.462 0.01
r 64.6 0.01 3 15.2129 0.01
r 64.8 0.01 3 14.8914 0.01
r 65 0.01 3 14.9767 0.01
r 65.2 0.01 3 14.6779 0.01
r 65.4 0.01 3 14.581 0.01
r 65.6 0.01 3 14.6803 0.01
r 65.8 0.01 3 14.4618 0.01
r 66 0.01 3 14.3695 0.01
r 66.2 0.01 3 14.2841 0.01
r 66.4 0.01 3 13.9189 0.01
r 66.6 0.01 3 14.322 0.01
r 66.8 0.01 3 13.7921 0.01
r 67 0.01 3 13.6593 0.01
r 67.2 0.01 3 13.5371 0.01
r 67.4 0.01 3 13.4172 0.01
r 67.6 0.01 3 13.2918 0.01
r 67.8 0.01 3 13.3694 0.01
r 68 0.01 3 13.2326 0.01
r 68.2 0.01 3 12.8403 0.01
r 68.4 0.01 3 12.7718 0.01
r 68.6 0.01 3 12.6873 0.01
r 68.8 0.01 3 12.4731 0.01
r 69 0.01 3 12.4442 0.01
r 69.2 0.01 3 12.377 0.01
r 69.4 0.01 3 12.1267 0.01
r 69.6 0.01 3 12.0266 0.01
r 69.8 0.01 3 11.9083 0.01
r 70 0.01 3 11.7611 0.01
r 70.2 0.01 3 11.6793 0.01
r 70.4 0.01 3 11.5542 0.01
r 70.6 0.01 3 11.4721 0.01
r 70.8 0.01 3 11.2982 0.01
r 71 0.01 3 11.2195 0.01
r 71.2 0.01 3 11.1058 0.01
r 71.4 0.01 3 10.9823 0.01
r 71.6 0.01 3 10.8702 0.01
r 71.8 0.01 3 10.7494 0.01
r 72 0.01 3 10.6319 0.01
r 72.2 0.01 3 10.5367 0.01
r 72.4 0.01 3 10.4164 0.01
r 72.6 0.01 3 10.2685 0.01
r 72.8 0.01 3 10.1688 0.01
r 73 0.01 3 10.0579 0.01
r 73.2 0.01 3 9.93781 0.01
r 73.4 0.01 3 9.83382 0.01
r 73.6 0.01 3 9.71873 0.01
r 73.8 0.01 3 9.60813 0.01
r 74 0.01 3 9.49306 0.01
r 74.2 0.01 3 9.39075 0.01
r 74.4 0.01 3 9.28106 0.01
r 74.6 0.01 3 9.17242 0.01
r 74.8 0.01 3 9.06894 0.01
r 75 0.01 3 8.97442 0.01
r 75.2 0.01 3 8.87897 0.01
r 75.4 0.01 3 8.76584 0.01
r 75.6 0.01 3 8.66695 0.01
r 75.8 0.01 3 8.57601 0.01
r 76 0.01 3 8.47906 0.01
r 76.2 0.01 3 8.37473 0.01
r 76.4 0.01 3 8.28452 0.01
r 76.6 0.01 3 8.1915 0.01
r 76.8 0.01 3 8.09584 0.01
r 77 0.01 3 8.00866 0.01
r 77.2 0.01 3 7.91616 0.01
r 77.4 0.01 3 7.82572 0.01
r 77.6 0.01 3 7.73573 0.01
r 77.8 0.01 3 7.6502 0.01
r 78 0.01 3 7.56485 0.01
r 78.2 0.01 3 7.48215 0.01
r 78.4 0.01 3 7.4002 0.01
r 78.6 0.01 3 7.32125 0.01
r 78.8 0.01 3 7.24237 0.01
r 79 0.01 3 7.16663 0.01
r 79.2 0.01 3 7.09218 0.01
r 79.4 0.01 3 7.01879 0.01
r 79.6 0.01 3 6.94844 0.01
r 79.8 0.01 3 6.87753 0.01
r 80 0.01 3 6.81112 0.01
r 80.2 0.01 3 6.74548 0.01
r 80.4 0.01 3 6.68191 0.01
r 80.6 0.01 3 6.62085 0.01
r 80.8 0.01 3 6.56076 0.01
r 81 0.01 3 6.5038 0.01
r 81.2 0.01 3 6.44921 0.01
r 81.4 0.01 3 6.39605 0.01
r 81.6 0.01 3 6.34625 0.01
r 81.8 0.01 3 6.29765 0.01
r 82 0.01 3 6.45158 0.01
r 82.2 0.01 3 6.20767 0.01
r 82.4 0.01 3 6.16697 0.01
r 82.6 0.01 3 6.12854 0.01
r 82.8 0.01 3 6.15628 0.01
r 83 0.01 3 6.06021 0.01
r 83.2 0.01 3 6.02929 0.01
r 83.4 0.01 3 6.00894 0.01
r 83.6 0.01 3 5.97339 0.01
r 83.8 0.01 3 5.9482 0.01
r 84 0.01 3 5.9262 0.01
r 84.2 0.01 3 5.90644 0.01
r 84.4 0.01 3 5.88999 0.01
r 84.6 0.01 3 5.87721 0.01
r 84.8 0.01 3 5.86696 0.01
r 85 0.01 3 5.85923 0.01
r 85.2 0.01 3 5.85497 0.01
r 85.4 0.01 3 5.85191 0.01
r 85.6 0.01 3 5.85285 0.01
r 85.8 0.01 3 5.85686 0.01
r 86 0.01 3 5.86378 0.01
r 86.2 0.01 3 5.87376 0.01
r 86.4 0.01 3 5.88736 0.01
r 86.6 0.01 3 5.90668 0.01
r 86.8 0.01 3 5.92389 0.01
r 87 0.01 3 6.01502 0.01
r 87.2 0.01 3 5.97315 0.01
r 87.4 0.01 3 6.00066 0.01
r 87.6 0.01 3 6.03107 0.01
r 87.8 0.01 3 6.06415 0.01
r 88 0.01 3 6.09871 0.01
r 88.2 0.01 3 6.14017 0.01
r 88.4 0.01 3 6.18351 0.01
r 88.6 0.01 3 6.22155 0.01
r 88.8 0.01 3 6.26522 0.01
r 89 0.01 3 6.31505 0.01
r 89.2 0.01 3 6.36457 0.01
r 89.4 0.01 3 6.41608 0.01
r 89.6 0.01 3 6.47009 0.01
r 89.8 0.01 3 6.52542 0.01
r 90 0.01 3 6.58415 0.01
r 90.2 0.01 3 6.64427 0.01
r 90.4 0.01 3 6.70712 0.01
r 90.6 0.01 3 6.81285 0.01
r 90.8 0.01 3 6.84559 0.01
r 91 0.01 3 6.90683 0.01
r 91.2 0.01 3 6.97552 0.01
r 91.4 0.01 3 7.04664 0.01
r 91.6 0.01 3 7.12581 0.01
r 91.8 0.01 3 7.19437 0.01
r 92 0.01 3 7.27151 0.01
r 92.2 0.01 3 7.34907 0.01
r 92.4 0.01 3 7.44869 0.01
r 92.6 0.01 3 8.14725 0.01
r 92.8 0.01 3 8.19184 0.01
r 93 0.01 3 8.14823 0.01
r 93.2 0.01 3 7.76065 0.01
r 93.4 0.01 3 7.84912 0.01
r 93.6 0.01 3 8.01602 0.01
r 93.8 0.01 3 8.02563 0.01
r 94 0.01 3 8.4479 0.01
r 94.2 0.01 3 8.23302 0.01
r 94.4 0.01 3 8.53419 0.01
r 94.6 0.01 3 8.59472 0.01
r 94.8 0.01 3 8.66736 0.01
r 95 0.01 3 8.77291 0.01
r 95.2 0.01 3 8.93474 0.01
r 95.4 0.01 3 8.91015 0.01
r 95.6 0.01 3 8.98135 0.01
r 95.8 0.01 3 9.06542 0.01
r 96 0.01 3 9.15519 0.01
r 96.2 0.01 3 9.24329 0.01
r 96.4 0.01 3 9.41872 0.01
r 96.6 0.01 3 9.41304 0.01
r 96.8 0.01 3 9.50838 0.01
r 97 0.01 3 9.61179 0.01
r 97.2 0.01 3 9.70388 0.01
r 97.4 0.01 3 9.79685 0.01
r 97.6 0.01 3 9.89485 0.01
r 97.8 0.01 3 9.99049 0.01
r 98 0.01 3 10.0923 0.01
r 98.2 0.01 3 10.2638 0.01
r 98.4 0.01 3 10.3695 0.01
r 98.6 0.01 3 10.4084 0.01
r 98.8 0.01 3 10.5164 0.01
r 99 0.01 3 10.8363 0.01
r 99.2 0.01 3 10.9506 0.01
r 99.4 0.01 3 11.037 0.01
r 99.6 0.01 3 11.1679 0.01
r 99.8 0.01 3 11.3093 0.01
r 100 0.01 3 11.38 0.01
r 100.2 0.01 3 11.4693 0.01
r 100.4 0.01 3 11.5589 0.01
r 100.6 0.01 3 11.6564 0.01
r 100.8 0.01 3 11.7743 0.01
r 101 0.01 3 11.8112 0.01
r 101.2 0.01 3 11.926 0.01
r 101.4 0.01 3 12.0322 0.01
r 101.6 0.01 3 12.184 0.01
r 101.8 0.01 3 12.2796 0.01
r 102 0.01 3 12.3768 0.01
r 102.2 0.01 3 12.4751 0.01
r 102.4 0.01 3 12.5754 0.01
r 102.6 0.01 3 12.6609 0.01
r 102.8 0.01 3 12.7801 0.01
r 103 0.01 3 12.8868 0.01
r 103.2 0.01 3 12.9922 0.01
r 103.4 0.01 3 13.0991 0.01
r 103.6 0.01 3 13.2069 0.01
r 103.8 0.01 3 13.3084 0.01
r 104 0.01 3 13.4251 0.01
r 104.2 0.01 3 13.5363 0.01
r 104.4 0.01 3 13.6323 0.01
r 104.6 0.01 3 13.7488 0.01
r 104.8 0.01 3 13.8608 0.01
r 105 0.01 3 13.9812 0.01
r 105.2 0.01 3 14.0978 0.01
r 105.4 0.01 3 14.2047 0.01
r 105.6 0.01 3 14.3235 0.01
r 105.8 0.01 3 14.4448 0.01
r 106 0.01 3 14.5471 0.01
r 106.2 0.01 3 14.6664 0.01
r 106.4 0.01 3 14.7954 0.01
r 106.6 0.01 3 14.9092 0.01
r 106.8 0.01 3 15.0276 0.01
r 107 0.01 3 15.1163 0.01
r 107.2 0.01 3 15.2307 0.01
r 107.4 0.01 3 15.343 0.01
r 107.6 0.01 3 15.459 0.01
r 107.8 0.01 3 15.5718 0.01
r 108 0.01 3 15.6851 0.01
r 108.2 0.01 3 15.7992 0.01
r 108.4 0.01 3 15.9154 0.01
r 108.6 0.01 3 16.0354 0.01
r 108.8 0.01 3 16.1523 0.01
r 109 0.01 3 16.3217 0.01
r 109.2 0.01 3 16.4338 0.01
r 109.4 0.01 3 16.5475 0.01
r 109.6 0.01 3 16.6614 0.01
r 109.8 0.01 3 16.7762 0.01
r 110 0.01 3 16.8917 0.01
r 110.2 0.01 3 17.0079 0.01
r 110.4 0.01 3 17.1242 0.01
r 110.6 0.01 3 17.2412 0.01
r 110.8 0.01 3 17.3588 0.01
r 111 0.01 3 17.478 0.01
r 111.2 0.01 3 17.5968 0.01
r 111.4 0.01 3 17.7161 0.01
r 111.6 0.01 3 17.8359 0.01
r 111.8 0.01 3 17.956 0.01
r 112 0.01 3 18.0765 0.01
r 112.2 0.01 3 18.1976 0.01
r 112.4 0.01 3 18.3188 0.01
r 112.6 0.01 3 18.4436 0.01
r 112.8 0.01 3 18.5653 0.01
r 113 0.01 3 18.6874 0.01
r 113.2 0.01 3 18.8089 0.01
r 113.4 0.01 3 18.9308 0.01
r 113.6 0.01 3 19.0528 0.01
r 113.8 0.01 3 19.1759 0.01
r 114 0.01 3 19.2975 0.01
r 114.2 0.01 3 19.4205 0.01
r 114.4 0.01 3 19.5437 0.01
r 114.6 0.01 3 19.6672 0.01
r 114.8 0.01 3 19.7909 0.01
r 115 0.01 3 19.9149 0.01
r 115.2 0.01 3 20.0391 0.01
r 115.4 0.01 3 20.1635 0.01
r 115.6 0.01 3 20.288 0.01
r 115.8 0.01 3 20.4136 0.01
r 116 0.01 3 20.5382 0.01
r 116.2 0.01 3 20.6629 0.01
r 116.4 0.01 3 20.7885 0.01
r 116.6 0.01 3 20.9129 0.01
r 116.8 0.01 3 21.0383 0.01
r 117 0.01 3 21.1635 0.01
r 117.2 0.01 3 21.2892 0.01
r 117.4 0.01 3 21.4153 0.01
r 117.6 0.01 3 21.5416 0.01
r 117.8 0.01 3 21.6682 0.01
r 118 0.01 3 21.7952 0.01
r 118.2 0.01 3 21.9224 0.01
r 118.4 0.01 3 22.0501 0.01
r 118.6 0.01 3 22.178 0.01
r 118.8 0.01 3 22.3063 0.01
r 119 0.01 3 22.401 0.01
r 119.2 0.01 3 22.5281 0.01
r 119.4 0.01 3 22.6567 0.01
r 119.6 0.01 3 22.7853 0.01
r 119.8 0.01 3 22.9141 0.01
r 120 0.01 3 23.0434 0.01
r 120.2 0.01 3 23.173 0.01
r 120.4 0.01 3 23.303 0.01
r 120.6 0.01 3 23.4333 0.01
r 120.8 0.01 3 23.5638 0.01
r 121 0.01 3 23.691 0.01
r 121.2 0.01 3 23.8211 0.01
r 121.4 0.01 3 23.9515 0.01
r 121.6 0.01 3 24.0819 0.01
r 121.8 0.01 3 24.2129 0.01
r 122 0.01 3 24.3439 0.01
r 122.2 0.01 3 24.4752 0.01
r 122.4 0.01 3 24.6064 0.01
r 122.6 0.01 3 24.7378 0.01
r 122.8 0.01 3 24.8689 0.01
r 123 0.01 3 25 0.01
r 123.2 0.01 3 25.1308 0.01
r 123.4 0.01 3 25.2618 0.01
r 123.6 0.01 3 25.3924 0.01
r 123.8 0.01 3 25.5235 0.01
r 124 0.01 3 25.6538 0.01
r 124.2 0.01 3 25.7856 0.01
r 124.4 0.01 3 25.9159 0.01
r 124.6 0.01 3 26.047 0.01
r 124.8 0.01 3 26.1784 0.01
r 125 0.01 3 26.307 0.01
s 95 3 602
r 75 0.01 2 13.0955 0.01
r 75.2 0.01 2 12.9631 0.01
r 75.4 0.01 2 12.8307 0.01
r 75.6 0.01 2 12.6985 0.01
r 75.8 0.01 2 12.5663 0.01
r 76 0.01 2 12.4341 0.01
r 76.2 0.01 2 12.302 0.01
r 76.4 0.01 2 12.1699 0.01
r 76.6 0.01 2 12.0379 0.01
r 76.8 0.01 2 11.9059 0.01
r 77 0.01 2 11.7739 0.01
r 77.2 0.01 2 11.642 0.01
r 77.4 0.01 2 11.5102 0.01
r 77.6 0.01 2 11.3784 0.01
r 77.8 0.01 2 11.2467 0.01
r 78 0.01 2 11.1151 0.01
r 78.2 0.01 2 10.9835 0.01
r 78.4 0.01 2 10.8521 0.01
r 78.6 0.01 2 10.7207 0.01
r 78.8 0.01 2 10.5894 0.01
r 79 0.01 2 10.4583 0.01
r 79.2 0.01 2 10.3273 0.01
r 79.4 0.01 2 10.1963 0.01
r 79.6 0.01 2 10.0655 0.01
r 79.8 0.01 2 9.93478 0.01
r 80 0.01 2 9.80415 0.01
r 80.2 0.01 2 9.67373 0.01
r 80.4 0.01 2 9.54347 0.01
r 80.6 0.01 2 9.41347 0.01
r 80.8 0.01 2 9.28375 0.01
r 81 0.01 2 9.15452 0.01
r 81.2 0.01 2 9.02541 0.01
r 81.4 0.01 2 8.89664 0.01
r 81.6 0.01 2 8.76821 0.01
r 81.8 0.01 2 8.64011 0.01
r 82 0.01 2 8.51243 0.01
r 82.2 0.01 2 8.38511 0.01
r 82.4 0.01 2 8.25808 0.01
r 82.6 0.01 2 8.13141 0.01
r 82.8 0.01 2 8.00509 0.01
r 83 0.01 2 7.87933 0.01
r 83.2 0.01 2 7.75365 0.01
r 83.4 0.01 2 7.62985 0.01
r 83.6 0.01 2 7.50388 0.01
r 83.8 0.01 2 7.37816 0.01
r 84 0.01 2 7.25337 0.01
r 84.2 0.01 2 7.12896 0.01
r 84.4 0.01 2 7.00509 0.01
r 84.6 0.01 2 6.88159 0.01
r 84.8 0.01 2 6.75838 0.01
r 85 0.01 2 6.63431 0.01
r 85.2 0.01 2 6.51115 0.01
r 85.4 0.01 2 6.38816 0.01
r 85.6 0.01 2 6.26582 0.01
r 85.8 0.01 2 6.14363 0.01
r 86 0.01 2 6.02185 0.01
r 86.2 0.01 2 5.90059 0.01
r 86.4 0.01 2 5.77957 0.01
r 86.6 0.01 2 5.65881 0.01
r 86.8 0.01 2 5.53836 0.01
r 87 0.01 2 5.4185 0.01
r 87.2 0.01 2 5.29825 0.01
r 87.4 0.01 2 5.17915 0.01
r 87.6 0.01 2 5.06057 0.01
r 87.8 0.01 2 4.9426 0.01
r 88 0.01 2 4.82508 0.01
r 88.2 0.01 2 4.70818 0.01
r 88.4 0.01 2 4.59276 0.01
r 88.6 0.01 2 4.47591 0.01
r 88.8 0.01 2 4.36121 0.01
r 89 0.01 2 4.24718 0.01
r 89.2 0.01 2 4.13409 0.01
r 89.4 0.01 2 4.02185 0.01
r 89.6 0.01 2 3.91072 0.01
r 89.8 0.01 2 3.80033 0.01
r 90 0.01 2 3.69066 0.01
r 90.2 0.01 2 3.58267 0.01
r 90.4 0.01 2 3.4766 0.01
r 90.6 0.01 2 3.37198 0.01
r 90.8 0.01 2 3.26833 0.01
r 91 0.01 2 3.16326 0.01
r 91.2 0.01 2 3.06253 0.01
r 91.4 0.01 2 2.96387 0.01
r 91.6 0.01 2 2.86751 0.01
r 91.8 0.01 2 2.77386 0.01
r 92 0.01 2 2.68327 0.01
r 92.2 0.01 2 2.59498 0.01
r 92.4 0.01 2 2.51078 0.01
r 92.6 0.01 2 2.42962 0.01
r 92.8 0.01 2 2.35264 0.01
r 93 0.01 2 2.28033 0.01
r 93.2 0.01 2 2.21215 0.01
r 93.4 0.01 2 2.14964 0.01
r 93.6 0.01 2 2.09315 0.01
r 93.8 0.01 2 2.04309 0.01
r 94 0.01 2 1.99979 0.01
r 94.2 0.01 2 1.96361 0.01
r 94.4 0.01 2 1.93559 0.01
r 94.6 0.01 2 1.9152 0.01
r 94.8 0.01 2 1.90384 0.01
r 95 0.01 2 1.90076 0.01
r 95.2 0.01 2 1.90538 0.01
r 95.4 0.01 2 1.91743 0.01
r 95.6 0.01 2 1.93745 0.01
r 95.8 0.01 2 1.96663 0.01
r 96 0.01 2 2.00363 0.01
r 96.2 0.01 2 2.04786 0.01
r 96.4 0.01 2 2.09887 0.01
r 96.6 0.01 2 2.15625 0.01
r 96.8 0.01 2 2.21976 0.01
r 97 0.01 2 2.28879 0.01
r 97.2 0.01 2 2.36206 0.01
r 97.4 0.01 2 2.43981 0.01
r 97.6 0.01 2 2.52208 0.01
r 97.8 0.01 2 2.60839 0.01
r 98 0.01 2 2.69796 0.01
r 98.2 0.01 2 2.7888 0.01
r 98.4 0.01 2 2.88325 0.01
r 98.6 0.01 2 2.98007 0.01
r 98.8 0.01 2 3.0797 0.01
r 99 0.01 2 3.18241 0.01
r 99.2 0.01 2 3.28598 0.01
r 99.4 0.01 2 3.39158 0.01
r 99.6 0.01 2 3.4959 0.01
r 99.8 0.01 2 3.60324 0.01
r 100 0.01 2 3.71282 0.01
r 100.2 0.01 2 3.82238 0.01
r 100.4 0.01 2 3.93351 0.01
r 100.6 0.01 2 4.04546 0.01
r 100.8 0.01 2 4.15808 0.01
r 101 0.01 2 4.27171 0.01
r 101.2 0.01 2 4.38642 0.01
r 101.4 0.01 2 4.50141 0.01
r 101.6 0.01 2 4.61724 0.01
r 101.8 0.01 2 4.73516 0.01
r 102 0.01 2 4.85139 0.01
r 102.2 0.01 2 4.96861 0.01
r 102.4 0.01 2 5.08617 0.01
r 102.6 0.01 2 5.20453 0.01
r 102.8 0.01 2 5.32359 0.01
r 103 0.01 2 5.44289 0.01
r 103.2 0.01 2 5.56292 0.01
r 103.4 0.01 2 5.683 0.01
r 103.6 0.01 2 5.80351 0.01
r 103.8 0.01 2 5.92404 0.01
r 104 0.01 2 6.04458 0.01
r 104.2 0.01 2 6.16571 0.01
r 104.4 0.01 2 6.2881 0.01
r 104.6 0.01 2 6.40853 0.01
r 104.8 0.01 2 6.5295 0.01
r 105 0.01 2 6.65125 0.01
r 105.2 0.01 2 6.77208 0.01
r 105.4 0.01 2 6.89236 0.01
r 105.6 0.01 2 7.0123 0.01
r 105.8 0.01 2 7.13231 0.01
r 106 0.01 2 7.25234 0.01
r 106.2 0.01 2 7.37276 0.01
r 106.4 0.01 2 7.49293 0.01
r 106.6 0.01 2 7.61288 0.01
r 106.8 0.01 2 7.73309 0.01
r 107 0.01 2 7.85338 0.01
r 107.2 0.01 2 7.97386 0.01
r 107.4 0.01 2 8.09412 0.01
r 107.6 0.01 2 8.21475 0.01
r 107.8 0.01 2 8.33551 0.01
r 108 0.01 2 8.45654 0.01
r 108.2 0.01 2 8.5776 0.01
r 108.4 0.01 2 8.69882 0.01
r 108.6 0.01 2 8.82022 0.01
r 108.8 0.01 2 8.94164 0.01
r 109 0.01 2 9.06367 0.01
r 109.2 0.01 2 9.18559 0.01
r 109.4 0.01 2 9.30804 0.01
r 109.6 0.01 2 9.43065 0.01
r 109.8 0.01 2 9.55368 0.01
r 110 0.01 2 9.67591 0.01
r 110.2 0.01 2 9.79876 0.01
r 110.4 0.01 2 9.92186 0.01
r 110.6 0.01 2 10.0451 0.01
r 110.8 0.01 2 10.1686 0.01
r 111 0.01 2 10.292 0.01
r 111.2 0.01 2 10.4157 0.01
r 111.4 0.01 2 10.5396 0.01
r 111.6 0.01 2 10.6638 0.01
r 111.8 0.01 2 10.7881 0.01
r 112 0.01 2 10.9127 0.01
r 112.2 0.01 2 11.0375 0.01
r 112.4 0.01 2 11.1626 0.01
r 112.6 0.01 2 11.2878 0.01
r 112.8 0.01 2 11.4132 0.01
r 113 0.01 2 11.5387 0.01
r 113.2 0.01 2 11.6647 0.01
r 113.4 0.01 2 11.7909 0.01
r 113.6 0.01 2 11.9173 0.01
r 113.8 0.01 2 12.0439 0.01
r 114 0.01 2 12.1708 0.01
r 114.2 0.01 2 12.298 0.01
r 114.4 0.01 2 12.4256 0.01
r 114.6 0.01 2 12.5534 0.01
r 114.8 0.01 2 12.6816 0.01
r 115 0.01 2 12.8101 0.01
r 55 0.01 3 26.9937 0.01
r 55.2 0.01 3 26.8635 0.01
r 55.4 0.01 3 26.7334 0.01
r 55.6 0.01 3 26.6034 0.01
r 55.8 0.01 3 26.4735 0.01
r 56 0.01 3 26.3437 0.01
r 56.2 0.01 3 26.2141 0.01
r 56.4 0.01 3 26.0845 0.01
r 56.6 0.01 3 25.9548 0.01
r 56.8 0.01 3 25.8252 0.01
r 57 0.01 3 25.6942 0.01
r 57.2 0.01 3 25.5643 0.01
r 57.4 0.01 3 25.4346 0.01
r 57.6 0.01 3 25.3053 0.01
r 57.8 0.01 3 25.176 0.01
r 58 0.01 3 25.0465 0.01
r 58.2 0.01 3 24.9175 0.01
r 58.4 0.01 3 24.7885 0.01
r 58.6 0.01 3 24.6595 0.01
r 58.8 0.01 3 24.5312 0.01
r 59 0.01 3 24.4084 0.01
r 59.2 0.01 3 24.2781 0.01
r 59.4 0.01 3 24.1473 0.01
r 59.6 0.01 3 24.0172 0.01
r 59.8 0.01 3 23.8872 0.01
r 60 0.01 3 23.7569 0.01
r 60.2 0.01 3 23.6271 0.01
r 60.4 0.01 3 23.496 0.01
r 60.6 0.01 3 23.3659 0.01
r 60.8 0.01 3 23.2366 0.01
r 61 0.01 3 23.2015 0.01
r 61.2 0.01 3 23.0716 0.01
r 61.4 0.01 3 22.9403 0.01
r 61.6 0.01 3 22.8098 0.01
r 61.8 0.01 3 22.6798 0.01
r 62 0.01 3 22.5492 0.01
r 62.2 0.01 3 22.4193 0.01
r 62.4 0.01 3 22.2889 0.01
r 62.6 0.01 3 22.1581 0.01
r 62.8 0.01 3 22.0307 0.01
r 63 0.01 3 21.9565 0.01
r 63.2 0.01 3 21.8244 0.01
r 63.4 0.01 3 21.6967 0.01
r 63.6 0.01 3 21.5632 0.01
r 63.8 0.01 3 21.434 0.01
r 64 0.01 3 21.3028 0.01
r 64.2 0.01 3 21.1716 0.01
r 64.4 0.01 3 21.0413 0.01
r 64.6 0.01 3 20.9117 0.01
r 64.8 0.01 3 20.7815 0.01
r 65 0.01 3 20.6659 0.01
r 65.2 0.01 3 20.535 0.01
r 65.4 0.01 3 20.4042 0.01
r 65.6 0.01 3 20.2735 0.01
r 65.8 0.01 3 20.143 0.01
r 66 0.01 3 20.0126 0.01
r 66.2 0.01 3 19.8822 0.01
r 66.4 0.01 3 19.7521 0.01
r 66.6 0.01 3 19.622 0.01
r 66.8 0.01 3 19.492 0.01
r 67 0.01 3 19.398 0.01
r 67.2 0.01 3 19.2669 0.01
r 67.4 0.01 3 19.1392 0.01
r 67.6 0.01 3 19.0049 0.01
r 67.8 0.01 3 18.8752 0.01
r 68 0.01 3 18.7508 0.01
r 68.2 0.01 3 18.6194 0.01
r 68.4 0.01 3 18.4811 0.01
r 68.6 0.01 3 18.3517 0.01
r 68.8 0.01 3 18.2271 0.01
r 69 0.01 3 18.2428 0.01
r 69.2 0.01 3 18.1143 0.01
r 69.4 0.01 3 17.9886 0.01
r 69.6 0.01 3 17.8528 0.01
r 69.8 0.01 3 17.7282 0.01
r 70 0.01 3 17.5969 0.01
r 70.2 0.01 3 17.4703 0.01
r 70.4 0.01 3 17.339 0.01
r 70.6 0.01 3 17.2112 0.01
r 70.8 0.01 3 17.08 0.01
r 71 0.01 3 17.0721 0.01
r 71.2 0.01 3 16.9426 0.01
r 71.4 0.01 3 16.812 0.01
r 71.6 0.01 3 16.6807 0.01
r 71.8 0.01 3 16.5502 0.01
r 72 0.01 3 16.4217 0.01
r 72.2 0.01 3 16.2911 0.01
r 72.4 0.01 3 16.1574 0.01
r 72.6 0.01 3 16.0277 0.01
r 72.8 0.01 3 15.8968 0.01
r 73 0.01 3 15.7703 0.01
r 73.2 0.01 3 15.699 0.01
r 73.4 0.01 3 15.6203 0.01
r 73.6 0.01 3 15.4854 0.01
r 73.8 0.01 3 15.3595 0.01
r 74 0.01 3 15.2289 0.01
r 74.2 0.01 3 14.9578 0.01
r 74.4 0.01 3 14.9636 0.01
r 74.6 0.01 3 14.8376 0.01
r 74.8 0.01 3 14.7077 0.01
r 75 0.01 3 14.6435 0.01
r 75.2 0.01 3 14.5131 0.01
r 75.4 0.01 3 14.3785 0.01
r 75.6 0.01 3 14.252 0.01
r 75.8 0.01 3 14.1215 0.01
r 76 0.01 3 13.9912 0.01
r 76.2 0.01 3 13.8439 0.01
r 76.4 0.01 3 13.7151 0.01
r 76.6 0.01 3 13.5857 0.01
r 76.8 0.01 3 13.4563 0.01
r 77 0.01 3 13.3308 0.01
r 77.2 0.01 3 13.205 0.01
r 77.4 0.01 3 13.2486 0.01
r 77.6 0.01 3 12.9457 0.01
r 77.8 0.01 3 12.9914 0.01
r 78 0.01 3 12.686 0.01
r 78.2 0.01 3 12.5713 0.01
r 78.4 0.01 3 12.5884 0.01
r 78.6 0.01 3 12.4425 0.01
r 78.8 0.01 3 12.3282 0.01
r 79 0.01 3 12.3366 0.01
r 79.2 0.01 3 11.8364 0.01
r 79.4 0.01 3 11.701 0.01
r 79.6 0.01 3 11.9351 0.01
r 79.8 0.01 3 11.4873 0.01
r 80 0.01 3 11.3812 0.01
r 80.2 0.01 3 11.2501 0.01
r 80.4 0.01 3 11.3797 0.01
r 80.6 0.01 3 10.992 0.01
r 80.8 0.01 3 10.9799 0.01
r 81 0.01 3 11.0654 0.01
r 81.2 0.01 3 10.8917 0.01
r 81.4 0.01 3 10.8023 0.01
r 81.6 0.01 3 10.6632 0.01
r 81.8 0.01 3 10.534 0.01
r 82 0.01 3 10.4261 0.01
r 82.2 0.01 3 10.2715 0.01
r 82.4 0.01 3 9.95691 0.01
r 82.6 0.01 3 9.83501 0.01
r 82.8 0.01 3 9.84955 0.01
r 83 0.01 3 9.80001 0.01
r 83.2 0.01 3 9.69046 0.01
r 83.4 0.01 3 9.58445 0.01
r 83.6 0.01 3 9.42672 0.01
r 83.8 0.01 3 9.29767 0.01
r 84 0.01 3 9.1426 0.01
r 84.2 0.01 3 9.07044 0.01
r 84.4 0.01 3 8.99819 0.01
r 84.6 0.01 3 8.85712 0.01
r 84.8 0.01 3 8.74649 0.01
r 85 0.01 3 8.63805 0.01
r 85.2 0.01 3 8.54616 0.01
r 85.4 0.01 3 8.43243 0.01
r 85.6 0.01 3 8.32716 0.01
r 85.8 0.01 3 8.22194 0.01
r 86 0.01 3 8.12107 0.01
r 86.2 0.01 3 8.01969 0.01
r 86.4 0.01 3 7.92307 0.01
r 86.6 0.01 3 7.82673 0.01
r 86.8 0.01 3 7.73334 0.01
r 87 0.01 3 7.63865 0.01
r 87.2 0.01 3 7.5481 0.01
r 87.4 0.01 3 7.46118 0.01
r 87.6 0.01 3 7.37515 0.01
r 87.8 0.01 3 7.29175 0.01
r 88 0.01 3 7.21264 0.01
r 88.2 0.01 3 7.13178 0.01
r 88.4 0.01 3 7.05581 0.01
r 88.6 0.01 3 6.98702 0.01
r 88.8 0.01 3 6.91256 0.01
r 89 0.01 3 6.8396 0.01
r 89.2 0.01 3 6.77392 0.01
r 89.4 0.01 3 6.70728 0.01
r 89.6 0.01 3 6.64445 0.01
r 89.8 0.01 3 6.58769 0.01
r 90 0.01 3 6.52813 0.01
r 90.2 0.01 3 6.48287 0.01
r 90.4 0.01 3 6.38625 0.01
r 90.6 0.01 3 6.3739 0.01
r 90.8 0.01 3 6.33409 0.01
r 91 0.01 3 6.22083 0.01
r 91.2 0.01 3 6.17045 0.01
r 91.4 0.01 3 6.13396 0.01
r 91.6 0.01 3 6.07863 0.01
r 91.8 0.01 3 6.03578 0.01
r 92 0.01 3 5.99564 0.01
r 92.2 0.01 3 5.95878 0.01
r 92.4 0.01 3 5.92339 0.01
r 92.6 0.01 3 5.89124 0.01
r 92.8 0.01 3 5.8617 0.01
r 93 0.01 3 5.83356 0.01
r 93.2 0.01 3 5.80907 0.01
r 93.4 0.01 3 5.79014 0.01
r 93.6 0.01 3 5.76726 0.01
r 93.8 0.01 3 5.7502 0.01
r 94 0.01 3 5.7361 0.01
r 94.2 0.01 3 5.72482 0.01
r 94.4 0.01 3 5.71632 0.01
r 94.6 0.01 3 5.71061 0.01
r 94.8 0.01 3 5.70934 0.01
r 95 0.01 3 5.70884 0.01
r 95.2 0.01 3 5.71177 0.01
r 95.4 0.01 3 5.71746 0.01
r 95.6 0.01 3 5.72417 0.01
r 95.8 0.01 3 5.73528 0.01
r 96 0.01 3 5.74934 0.01
r 96.2 0.01 3 5.76599 0.01
r 96.4 0.01 3 5.78542 0.01
r 96.6 0.01 3 5.81189 0.01
r 96.8 0.01 3 5.83088 0.01
r 97 0.01 3 5.85791 0.01
r 97.2 0.01 3 5.88499 0.01
r 97.4 0.01 3 5.91584 0.01
r 97.6 0.01 3 5.95119 0.01
r 97.8 0.01 3 5.98485 0.01
r 98 0.01 3 6.02248 0.01
r 98.2 0.01 3 6.06393 0.01
r 98.4 0.01 3 6.10701 0.01
r 98.6 0.01 3 6.1536 0.01
r 98.8 0.01 3 6.19941 0.01
r 99 0.01 3 6.25061 0.01
r 99.2 0.01 3 6.30203 0.01
r 99.4 0.01 3 6.35592 0.01
r 99.6 0.01 3 6.41267 0.01
r 99.8 0.01 3 6.47119 0.01
r 100 0.01 3 6.53115 0.01
r 100.2 0.01 3 6.59454 0.01
r 100.4 0.01 3 6.662 0.01
r 100.6 0.01 3 6.72956 0.01
r 100.8 0.01 3 6.7986 0.01
r 101 0.01 3 6.89991 0.01
r 101.2 0.01 3 6.97579 0.01
r 101.4 0.01 3 7.01942 0.01
r 101.6 0.01 3 7.24916 0.01
r 101.8 0.01 3 7.24757 0.01
r 102 0.01 3 7.56291 0.01
r 102.2 0.01 3 7.38094 0.01
r 102.4 0.01 3 7.50553 0.01
r 102.6 0.01 3 7.61657 0.01
r 102.8 0.01 3 7.6643 0.01
r 103 0.01 3 7.7614 0.01
r 103.2 0.01 3 7.82558 0.01
r 103.4 0.01 3 7.92885 0.01
r 103.6 0.01 3 8.00238 0.01
r 103.8 0.01 3 8.06901 0.01
r 104 0.01 3 8.17071 0.01
r 104.2 0.01 3 8.26428 0.01
r 104.4 0.01 3 8.34533 0.01
r 104.6 0.01 3 8.44341 0.01
r 104.8 0.01 3 8.50726 0.01
r 105 0.01 3 8.61661 0.01
r 105.2 0.01 3 8.68622 0.01
r 105.4 0.01 3 8.76803 0.01
r 105.6 0.01 3 8.86128 0.01
r 105.8 0.01 3 8.95456 0.01
r 106 0.01 3 9.05478 0.01
r 106.2 0.01 3 9.15926 0.01
r 106.4 0.01 3 9.24514 0.01
r 106.6 0.01 3 9.3449 0.01
r 106.8 0.01 3 9.44883 0.01
r 107 0.01 3 9.6697 0.01
r 107.2 0.01 3 9.76382 0.01
r 107.4 0.01 3 9.83169 0.01
r 107.6 0.01 3 9.95095 0.01
r 107.8 0.01 3 10.0471 0.01
r 108 0.01 3 10.158 0.01
r 108.2 0.01 3 10.297 0.01
r 108.4 0.01 3 10.3475 0.01
r 108.6 0.01 3 10.72 0.01
r 108.8 0.01 3 10.6603 0.01
r 109 0.01 3 10.7042 0.01
r 109.2 0.01 3 10.7957 0.01
r 109.4 0.01 3 10.9913 0.01
r 109.6 0.01 3 11.0764 0.01
r 109.8 0.01 3 11.1943 0.01
r 110 0.01 3 11.2499 0.01
r 110.2 0.01 3 11.3748 0.01
r 110.4 0.01 3 11.4838 0.01
r 110.6 0.01 3 11.566 0.01
r 110.8 0.01 3 11.6688 0.01
r 111 0.01 3 11.7394 0.01
r 111.2 0.01 3 11.8397 0.01
r 111.4 0.01 3 11.9645 0.01
r 111.6 0.01 3 12.0707 0.01
r 111.8 0.01 3 12.1699 0.01
r 112 0.01 3 12.2685 0.01
r 112.2 0.01 3 12.3714 0.01
r 112.4 0.01 3 12.4999 0.01
r 112.6 0.01 3 12.5877 0.01
r 112.8 0.01 3 12.6959 0.01
r 113 0.01 3 12.8136 0.01
r 113.2 0.01 3 12.9186 0.01
r 113.4 0.01 3 13.0258 0.01
r 113.6 0.01 3 13.1376 0.01
r 113.8 0.01 3 13.2499 0.01
r 114 0.01 3 13.3627 0.01
r 114.2 0.01 3 13.477 0.01
r 114.4 0.01 3 13.5919 0.01
r 114.6 0.01 3 13.7078 0.01
r 114.8 0.01 3 13.8267 0.01
r 115 0.01 3 13.9449 0.01
r 115.2 0.01 3 14.0636 0.01
r 115.4 0.01 3 14.1826 0.01
r 115.6 0.01 3 14.3036 0.01
r 115.8 0.01 3 14.4254 0.01
r 116 0.01 3 14.5452 0.01
r 116.2 0.01 3 14.6669 0.01
r 116.4 0.01 3 14.7888 0.01
r 116.6 0.01 3 14.9114 0.01
r 116.8 0.01 3 15.0281 0.01
r 117 0.01 3 15.1562 0.01
r 117.2 0.01 3 15.28 0.01
r 117.4 0.01 3 15.4033 0.01
r 117.6 0.01 3 15.5291 0.01
r 117.8 0.01 3 15.6531 0.01
r 118 0.01 3 15.7805 0.01
r 118.2 0.01 3 15.9062 0.01
r 118.4 0.01 3 16.0316 0.01
r 118.6 0.01 3 16.1577 0.01
r 118.8 0.01 3 16.2851 0.01
r 119 0.01 3 16.4125 0.01
r 119.2 0.01 3 16.5419 0.01
r 119.4 0.01 3 16.6701 0.01
r 119.6 0.01 3 16.7935 0.01
r 119.8 0.01 3 16.9263 0.01
r 120 0.01 3 17.0554 0.01
r 120.2 0.01 3 17.1849 0.01
r 120.4 0.01 3 17.315 0.01
r 120.6 0.01 3 17.4452 0.01
r 120.8 0.01 3 17.5713 0.01
r 121 0.01 3 17.661 0.01
r 121.2 0.01 3 17.7856 0.01
r 121.4 0.01 3 17.9161 0.01
r 121.6 0.01 3 18.0504 0.01
r 121.8 0.01 3 18.1772 0.01
r 122 0.01 3 18.3082 0.01
r 122.2 0.01 3 18.4394 0.01
r 122.4 0.01 3 18.5708 0.01
r 122.6 0.01 3 18.702 0.01
r 122.8 0.01 3 18.8334 0.01
r 123 0.01 3 18.9528 0.01
r 123.2 0.01 3 19.0831 0.01
r 123.4 0.01 3 19.2135 0.01
r 123.6 0.01 3 19.3443 0.01
r 123.8 0.01 3 19.4748 0.01
r 124 0.01 3 19.6056 0.01
r 124.2 0.01 3 19.7368 0.01
r 124.4 0.01 3 19.8675 0.01
r 124.6 0.01 3 19.9985 0.01
r 124.8 0.01 3 20.1295 0.01
r 125 0.01 3 20.2558 0.01
r 125.2 0.01 3 20.3865 0.01
r 125.4 0.01 3 20.5174 0.01
r 125.6 0.01 3 20.6485 0.01
r 125.8 0.01 3 20.7794 0.01
r 126 0.01 3 20.9102 0.01
r 126.2 0.01 3 21.0412 0.01
r 126.4 0.01 3 21.1722 0.01
r 126.6 0.01 3 21.3034 0.01
r 126.8 0.01 3 21.4345 0.01
r 127 0.01 3 21.5389 0.01
r 127.2 0.01 3 21.6696 0.01
r 127.4 0.01 3 21.8 0.01
r 127.6 0.01 3 21.9309 0.01
r 127.8 0.01 3 22.0618 0.01
r 128 0.01 3 22.1927 0.01
r 128.2 0.01 3 22.3231 0.01
r 128.4 0.01 3 22.4545 0.01
r 128.6 0.01 3 22.585 0.01
r 128.8 0.01 3 22.7161 0.01
r 129 0.01 3 22.8279 0.01
r 129.2 0.01 3 22.9573 0.01
r 129.4 0.01 3 23.0895 0.01
r 129.6 0.01 3 23.2172 0.01
r 129.8 0.01 3 23.3486 0.01
r 130 0.01 3 23.4792 0.01
r 130.2 0.01 3 23.6083 0.01
r 130.4 0.01 3 23.7402 0.01
r 130.6 0.01 3 23.8691 0.01
r 130.8 0.01 3 23.9991 0.01
r 131 0.01 3 24.0933 0.01
r 131.2 0.01 3 24.2227 0.01
r 131.4 0.01 3 24.3522 0.01
r 131.6 0.01 3 24.4817 0.01
r 131.8 0.01 3 24.6112 0.01
r 132 0.01 3 24.7409 0.01
r 132.2 0.01 3 24.8706 0.01
r 132.4 0.01 3 25.0004 0.01
r 132.6 0.01 3 25.1306 0.01
r 132.8 0.01 3 25.2608 0.01
r 133 0.01 3 25.3714 0.01
r 133.2 0.01 3 25.5009 0.01
r 133.4 0.01 3 25.6307 0.01
r 133.6 0.01 3 25.7603 0.01
r 133.8 0.01 3 25.8901 0.01
r 134 0.01 3 26.0201 0.01
r 134.2 0.01 3 26.1501 0.01
r 134.4 0.01 3 26.2801 0.01
r 134.6 0.01 3 26.4102 0.01
r 134.8 0.01 3 26.5403 0.01
r 135 0.01 3 26.6673 0.01
s 105 3 602
r 85 0.01 2 12.8117 0.01
r 85.2 0.01 2 12.6827 0.01
r 85.4 0.01 2 12.5542 0.01
r 85.6 0.01 2 12.4257 0.01
r 85.8 0.01 2 12.2976 0.01
r 86 0.01 2 12.1698 0.01
r 86.2 0.01 2 12.0423 0.01
r 86.4 0.01 2 11.9151 0.01
r 86.6 0.01 2 11.7882 0.01
r 86.8 0.01 2 11.6616 0.01
r 87 0.01 2 11.5353 0.01
r 87.2 0.01 2 11.4093 0.01
r 87.4 0.01 2 11.2836 0.01
r 87.6 0.01 2 11.1581 0.01
r 87.8 0.01 2 11.0329 0.01
r 88 0.01 2 10.908 0.01
r 88.2 0.01 2 10.7833 0.01
r 88.4 0.01 2 10.6589 0.01
r 88.6 0.01 2 10.5346 0.01
r 88.8 0.01 2 10.4105 0.01
r 89 0.01 2 10.287 0.01
r 89.2 0.01 2 10.1631 0.01
r 89.4 0.01 2 10.0395 0.01
r 89.6 0.01 2 9.91587 0.01
r 89.8 0.01 2 9.79238 0.01
r 90 0.01 2 9.66894 0.01
r 90.2 0.01 2 9.54566 0.01
r 90.4 0.01 2 9.42251 0.01
r 90.6 0.01 2 9.29956 0.01
r 90.8 0.01 2 9.17682 0.01
r 91 0.01 2 9.05483 0.01
r 91.2 0.01 2 8.93272 0.01
r 91.4 0.01 2 8.8107 0.01
r 91.6 0.01 2 8.68907 0.01
r 91.8 0.01 2 8.56777 0.01
r 92 0.01 2 8.44662 0.01
r 92.2 0.01 2 8.32563 0.01
r 92.4 0.01 2 8.20499 0.01
r 92.6 0.01 2 8.08435 0.01
r 92.8 0.01 2 7.96384 0.01
r 93 0.01 2 7.84363 0.01
r 93.2 0.01 2 7.72348 0.01
r 93.4 0.01 2 7.60343 0.01
r 93.6 0.01 2 7.48501 0.01
r 93.8 0.01 2 7.36415 0.01
r 94 0.01 2 7.2433 0.01
r 94.2 0.01 2 7.12271 0.01
r 94.4 0.01 2 7.00239 0.01
r 94.6 0.01 2 6.8825 0.01
r 94.8 0.01 2 6.76308 0.01
r 95 0.01 2 6.64037 0.01
r 95.2 0.01 2 6.51947 0.01
r 95.4 0.01 2 6.39863 0.01
r 95.6 0.01 2 6.27797 0.01
r 95.8 0.01 2 6.1596 0.01
r 96 0.01 2 6.03851 0.01
r 96.2 0.01 2 5.91805 0.01
r 96.4 0.01 2 5.79783 0.01
r 96.6 0.01 2 5.67818 0.01
r 96.8 0.01 2 5.55927 0.01
r 97 0.01 2 5.43973 0.01
r 97.2 0.01 2 5.32088 0.01
r 97.4 0.01 2 5.2024 0.01
r 97.6 0.01 2 5.08425 0.01
r 97.8 0.01 2 4.96651 0.01
r 98 0.01 2 4.84925 0.01
r 98.2 0.01 2 4.73225 0.01
r 98.4 0.01 2 4.61569 0.01
r 98.6 0.01 2 4.49982 0.01
r 98.8 0.01 2 4.38465 0.01
r 99 0.01 2 4.27007 0.01
r 99.2 0.01 2 4.15656 0.01
r 99.4 0.01 2 4.04382 0.01
r 99.6 0.01 2 3.93205 0.01
r 99.8 0.01 2 3.82095 0.01
r 100 0.01 2 3.71069 0.01
r 100.2 0.01 2 3.6018 0.01
r 100.4 0.01 2 3.49587 0.01
r 100.6 0.01 2 3.38849 0.01
r 100.8 0.01 2 3.28297 0.01
r 101 0.01 2 3.18005 0.01
r 101.2 0.01 2 3.07898 0.01
r 101.4 0.01 2 2.97957 0.01
r 101.6 0.01 2 2.88228 0.01
r 101.8 0.01 2 2.78725 0.01
r 102 0.01 2 2.69545 0.01
r 102.2 0.01 2 2.60688 0.01
r 102.4 0.01 2 2.5217 0.01
r 102.6 0.01 2 2.43994 0.01
r 102.8 0.01 2 2.36225 0.01
r 103 0.01 2 2.28954 0.01
r 103.2 0.01 2 2.22104 0.01
r 103.4 0.01 2 2.15762 0.01
r 103.6 0.01 2 2.10078 0.01
r 103.8 0.01 2 2.04989 0.01
r 104 0.01 2 2.00588 0.01
r 104.2 0.01 2 1.96942 0.01
r 104.4 0.01 2 1.93993 0.01
r 104.6 0.01 2 1.91891 0.01
r 104.8 0.01 2 1.90696 0.01
r 105 0.01 2 1.90342 0.01
r 105.2 0.01 2 1.90735 0.01
r 105.4 0.01 2 1.91879 0.01
r 105.6 0.01 2 1.9382 0.01
r 105.8 0.01 2 1.96676 0.01
r 106 0.01 2 2.00314 0.01
r 106.2 0.01 2 2.04653 0.01
r 106.4 0.01 2 2.09661 0.01
r 106.6 0.01 2 2.15298 0.01
r 106.8 0.01 2 2.21539 0.01
r 107 0.01 2 2.28375 0.01
r 107.2 0.01 2 2.3559 0.01
r 107.4 0.01 2 2.4328 0.01
r 107.6 0.01 2 2.51358 0.01
r 107.8 0.01 2 2.59854 0.01
r 108 0.01 2 2.6868 0.01
r 108.2 0.01 2 2.77683 0.01
r 108.4 0.01 2 2.87026 0.01
r 108.6 0.01 2 2.96634 0.01
r 108.8 0.01 2 3.06512 0.01
r 109 0.01 2 3.16802 0.01
r 109.2 0.01 2 3.27205 0.01
r 109.4 0.01 2 3.37493 0.01
r 109.6 0.01 2 3.47906 0.01
r 109.8 0.01 2 3.58521 0.01
r 110 0.01 2 3.69362 0.01
r 110.2 0.01 2 3.80337 0.01
r 110.4 0.01 2 3.91408 0.01
r 110.6 0.01 2 4.02573 0.01
r 110.8 0.01 2 4.13825 0.01
r 111 0.01 2 4.25162 0.01
r 111.2 0.01 2 4.36604 0.01
r 111.4 0.01 2 4.48081 0.01
r 111.6 0.01 2 4.59774 0.01
r 111.8 0.01 2 4.71366 0.01
r 112 0.01 2 4.83055 0.01
r 112.2 0.01 2 4.94809 0.01
r 112.4 0.01 2 5.06601 0.01
r 112.6 0.01 2 5.18439 0.01
r 112.8 0.01 2 5.30342 0.01
r 113 0.01 2 5.42274 0.01
r 113.2 0.01 2 5.54327 0.01
r 113.4 0.01 2 5.66344 0.01
r 113.6 0.01 2 5.78411 0.01
r 113.8 0.01 2 5.90466 0.01
r 114 0.01 2 6.02573 0.01
r 114.2 0.01 2 6.14711 0.01
r 114.4 0.01 2 6.26899 0.01
r 114.6 0.01 2 6.39129 0.01
r 114.8 0.01 2 6.51402 0.01
r 115 0.01 2 6.63698 0.01
r 115.2 0.01 2 6.76046 0.01
r 115.4 0.01 2 6.88381 0.01
r 115.6 0.01 2 7.0076 0.01
r 115.8 0.01 2 7.13183 0.01
r 116 0.01 2 7.25622 0.01
r 116.2 0.01 2 7.38088 0.01
r 116.4 0.01 2 7.50555 0.01
r 116.6 0.01 2 7.63049 0.01
r 116.8 0.01 2 7.75526 0.01
r 117 0.01 2 7.88044 0.01
r 117.2 0.01 2 8.00617 0.01
r 117.4 0.01 2 8.13212 0.01
r 117.6 0.01 2 8.25838 0.01
r 117.8 0.01 2 8.38485 0.01
r 118 0.01 2 8.51157 0.01
r 118.2 0.01 2 8.63878 0.01
r 118.4 0.01 2 8.7664 0.01
r 118.6 0.01 2 8.89431 0.01
r 118.8 0.01 2 9.02264 0.01
r 119 0.01 2 9.15108 0.01
r 119.2 0.01 2 9.27976 0.01
r 119.4 0.01 2 9.40878 0.01
r 119.6 0.01 2 9.5381 0.01
r 119.8 0.01 2 9.66772 0.01
r 120 0.01 2 9.79764 0.01
r 120.2 0.01 2 9.92782 0.01
r 120.4 0.01 2 10.0582 0.01
r 120.6 0.01 2 10.189 0.01
r 120.8 0.01 2 10.3197 0.01
r 121 0.01 2 10.4509 0.01
r 121.2 0.01 2 10.5824 0.01
r 121.4 0.01 2 10.7141 0.01
r 121.6 0.01 2 10.8462 0.01
r 121.8 0.01 2 10.9784 0.01
r 122 0.01 2 11.1108 0.01
r 122.2 0.01 2 11.2433 0.01
r 122.4 0.01 2 11.3759 0.01
r 122.6 0.01 2 11.5086 0.01
r 122.8 0.01 2 11.6413 0.01
r 123 0.01 2 11.7739 0.01
r 123.2 0.01 2 11.9066 0.01
r 123.4 0.01 2 12.0394 0.01
r 123.6 0.01 2 12.1722 0.01
r 123.8 0.01 2 12.3051 0.01
r 124 0.01 2 12.438 0.01
r 124.2 0.01 2 12.5708 0.01
r 124.4 0.01 2 12.7039 0.01
r 124.6 0.01 2 12.8369 0.01
r 124.8 0.01 2 12.97 0.01
r 125 0.01 2 13.1031 0.01
r 65 0.01 3 26.664 0.01
r 65.2 0.01 3 26.5331 0.01
r 65.4 0.01 3 26.4022 0.01
r 65.6 0.01 3 26.2715 0.01
r 65.8 0.01 3 26.141 0.01
r 66 0.01 3 26.0107 0.01
r 66.2 0.01 3 25.8804 0.01
r 66.4 0.01 3 25.7503 0.01
r 66.6 0.01 3 25.6201 0.01
r 66.8 0.01 3 25.4901 0.01
r 67 0.01 3 25.3924 0.01
r 67.2 0.01 3 25.2615 0.01
r 67.4 0.01 3 25.1305 0.01
r 67.6 0.01 3 24.9995 0.01
r 67.8 0.01 3 24.8685 0.01
r 68 0.01 3 24.7374 0.01
r 68.2 0.01 3 24.6063 0.01
r 68.4 0.01 3 24.4753 0.01
r 68.6 0.01 3 24.3445 0.01
r 68.8 0.01 3 24.2138 0.01
r 69 0.01 3 24.1312 0.01
r 69.2 0.01 3 24.001 0.01
r 69.4 0.01 3 23.8707 0.01
r 69.6 0.01 3 23.7393 0.01
r 69.8 0.01 3 23.61 0.01
r 70 0.01 3 23.4806 0.01
r 70.2 0.01 3 23.3507 0.01
r 70.4 0.01 3 23.2207 0.01
r 70.6 0.01 3 23.0919 0.01
r 70.8 0.01 3 22.9625 0.01
r 71 0.01 3 22.8494 0.01
r 71.2 0.01 3 22.7185 0.01
r 71.4 0.01 3 22.5882 0.01
r 71.6 0.01 3 22.4579 0.01
r 71.8 0.01 3 22.3279 0.01
r 72 0.01 3 22.1977 0.01
r 72.2 0.01 3 22.0666 0.01
r 72.4 0.01 3 21.9366 0.01
r 72.6 0.01 3 21.8059 0.01
r 72.8 0.01 3 21.6756 0.01
r 73 0.01 3 21.565 0.01
r 73.2 0.01 3 21.4275 0.01
r 73.4 0.01 3 21.2976 0.01
r 73.6 0.01 3 21.1736 0.01
r 73.8 0.01 3 21.0433 0.01
r 74 0.01 3 20.9074 0.01
r 74.2 0.01 3 20.7827 0.01
r 74.4 0.01 3 20.6531 0.01
r 74.6 0.01 3 20.523 0.01
r 74.8 0.01 3 20.393 0.01
r 75 0.01 3 20.272 0.01
r 75.2 0.01 3 20.1414 0.01
r 75.4 0.01 3 20.0109 0.01
r 75.6 0.01 3 19.8805 0.01
r 75.8 0.01 3 19.7499 0.01
r 76 0.01 3 19.6194 0.01
r 76.2 0.01 3 19.489 0.01
r 76.4 0.01 3 19.3585 0.01
r 76.6 0.01 3 19.2281 0.01
r 76.8 0.01 3 19.0978 0.01
r 77 0.01 3 19.0227 0.01
r 77.2 0.01 3 18.8916 0.01
r 77.4 0.01 3 18.7603 0.01
r 77.6 0.01 3 18.6293 0.01
r 77.8 0.01 3 18.4986 0.01
r 78 0.01 3 18.3679 0.01
r 78.2 0.01 3 18.2374 0.01
r 78.4 0.01 3 18.1072 0.01
r 78.6 0.01 3 17.9771 0.01
r 78.8 0.01 3 17.847 0.01
r 79 0.01 3 17.7317 0.01
r 79.2 0.01 3 17.6011 0.01
r 79.4 0.01 3 17.4708 0.01
r 79.6 0.01 3 17.3405 0.01
r 79.8 0.01 3 17.2104 0.01
r 80 0.01 3 17.0803 0.01
r 80.2 0.01 3 16.9504 0.01
r 80.4 0.01 3 16.8211 0.01
r 80.6 0.01 3 16.692 0.01
r 80.8 0.01 3 16.5632 0.01
r 81 0.01 3 16.4386 0.01
r 81.2 0.01 3 16.3102 0.01
r 81.4 0.01 3 16.1828 0.01
r 81.6 0.01 3 16.0553 0.01
r 81.8 0.01 3 15.9286 0.01
r 82 0.01 3 15.8019 0.01
r 82.2 0.01 3 15.6758 0.01
r 82.4 0.01 3 15.5502 0.01
r 82.6 0.01 3 15.4249 0.01
r 82.8 0.01 3 15.3 0.01
r 83 0.01 3 15.176 0.01
r 83.2 0.01 3 15.0522 0.01
r 83.4 0.01 3 14.9293 0.01
r 83.6 0.01 3 14.8066 0.01
r 83.8 0.01 3 14.6849 0.01
r 84 0.01 3 14.5629 0.01
r 84.2 0.01 3 14.4418 0.01
r 84.4 0.01 3 14.3214 0.01
r 84.6 0.01 3 14.2011 0.01
r 84.8 0.01 3 14.0817 0.01
r 85 0.01 3 13.9634 0.01
r 85.2 0.01 3 13.8451 0.01
r 85.4 0.01 3 13.7289 0.01
r 85.6 0.01 3 13.6096 0.01
r 85.8 0.01 3 13.4918 0.01
r 86 0.01 3 13.3746 0.01
r 86.2 0.01 3 13.2609 0.01
r 86.4 0.01 3 13.1546 0.01
r 86.6 0.01 3 13.0449 0.01
r 86.8 0.01 3 12.921 0.01
r 87 0.01 3 12.9305 0.01
r 87.2 0.01 3 12.8273 0.01
r 87.4 0.01 3 12.7115 0.01
r 87.6 0.01 3 12.5703 0.01
r 87.8 0.01 3 12.4699 0.01
r 88 0.01 3 12.3356 0.01
r 88.2 0.01 3 12.2295 0.01
r 88.4 0.01 3 12.1098 0.01
r 88.6 0.01 3 11.9875 0.01
r 88.8 0.01 3 11.8989 0.01
r 89 0.01 3 11.7617 0.01
r 89.2 0.01 3 11.6601 0.01
r 89.4 0.01 3 11.5151 0.01
r 89.6 0.01 3 11.5002 0.01
r 89.8 0.01 3 11.3001 0.01
r 90 0.01 3 11.1775 0.01
r 90.2 0.01 3 11.1051 0.01
r 90.4 0.01 3 10.9548 0.01
r 90.6 0.01 3 10.8864 0.01
r 90.8 0.01 3 10.7208 0.01
r 91 0.01 3 10.6503 0.01
r 91.2 0.01 3 10.5148 0.01
r 91.4 0.01 3 10.5412 0.01
r 91.6 0.01 3 10.295 0.01
r 91.8 0.01 3 10.272 0.01
r 92 0.01 3 10.2385 0.01
r 92.2 0.01 3 9.96591 0.01
r 92.4 0.01 3 9.93677 0.01
r 92.6 0.01 3 9.82263 0.01
r 92.8 0.01 3 9.78966 0.01
r 93 0.01 3 9.65713 0.01
r 93.2 0.01 3 9.44884 0.01
r 93.4 0.01 3 9.46946 0.01
r 93.6 0.01 3 9.23929 0.01
r 93.8 0.01 3 9.14466 0.01
r 94 0.01 3 9.14982 0.01
r 94.2 0.01 3 8.9407 0.01
r 94.4 0.01 3 8.84402 0.01
r 94.6 0.01 3 8.8446 0.01
r 94.8 0.01 3 8.64021 0.01
r 95 0.01 3 8.64117 0.01
r 95.2 0.01 3 8.53897 0.01
r 95.4 0.01 3 8.44205 0.01
r 95.6 0.01 3 8.3019 0.01
r 95.8 0.01 3 8.2166 0.01
r 96 0.01 3 8.13532 0.01
r 96.2 0.01 3 7.99048 0.01
r 96.4 0.01 3 7.99512 0.01
r 96.6 0.01 3 7.8812 0.01
r 96.8 0.01 3 7.81134 0.01
r 97 0.01 3 7.6874 0.01
r 97.2 0.01 3 7.6158 0.01
r 97.4 0.01 3 7.535 0.01
r 97.6 0.01 3 7.4463 0.01
r 97.8 0.01 3 7.37873 0.01
r 98 0.01 3 7.29465 0.01
r 98.2 0.01 3 7.19074 0.01
r 98.4 0.01 3 7.11949 0.01
r 98.6 0.01 3 7.03888 0.01
r 98.8 0.01 3 6.96353 0.01
r 99 0.01 3 6.87614 0.01
r 99.2 0.01 3 6.80138 0.01
r 99.4 0.01 3 6.73016 0.01
r 99.6 0.01 3 6.66375 0.01
r 99.8 0.01 3 6.6003 0.01
r 100 0.01 3 6.53689 0.01
r 100.2 0.01 3 6.47946 0.01
r 100.4 0.01 3 6.4164 0.01
r 100.6 0.01 3 6.36127 0.01
r 100.8 0.01 3 6.3105 0.01
r 101 0.01 3 6.26565 0.01
r 101.2 0.01 3 6.23583 0.01
r 101.4 0.01 3 6.19238 0.01
r 101.6 0.01 3 6.11252 0.01
r 101.8 0.01 3 6.10419 0.01
r 102 0.01 3 6.03084 0.01
r 102.2 0.01 3 5.9906 0.01
r 102.4 0.01 3 5.96012 0.01
r 102.6 0.01 3 5.92999 0.01
r 102.8 0.01 3 5.8964 0.01
r 103 0.01 3 5.9002 0.01
r 103.2 0.01 3 5.83636 0.01
r 103.4 0.01 3 5.81349 0.01
r 103.6 0.01 3 5.80271 0.01
r 103.8 0.01 3 5.77588 0.01
r 104 0.01 3 5.75782 0.01
r 104.2 0.01 3 5.74247 0.01
r 104.4 0.01 3 5.73371 0.01
r 104.6 0.01 3 5.72571 0.01
r 104.8 0.01 3 5.71807 0.01
r 105 0.01 3 5.71697 0.01
r 105.2 0.01 3 5.7164 0.01
r 105.4 0.01 3 5.7191 0.01
r 105.6 0.01 3 5.72493 0.01
r 105.8 0.01 3 5.73371 0.01
r 106 0.01 3 5.74534 0.01
r 106.2 0.01 3 5.7595 0.01
r 106.4 0.01 3 5.77671 0.01
r 106.6 0.01 3 5.8008 0.01
r 106.8 0.01 3 5.8192 0.01
r 107 0.01 3 5.88094 0.01
r 107.2 0.01 3 5.87231 0.01
r 107.4 0.01 3 5.90217 0.01
r 107.6 0.01 3 5.93435 0.01
r 107.8 0.01 3 5.98801 0.01
r 108 0.01 3 6.00612 0.01
r 108.2 0.01 3 6.04711 0.01
r 108.4 0.01 3 6.08982 0.01
r 108.6 0.01 3 6.13493 0.01
r 108.8 0.01 3 6.18091 0.01
r 109 0.01 3 6.23215 0.01
r 109.2 0.01 3 6.31109 0.01
r 109.4 0.01 3 6.3369 0.01
r 109.6 0.01 3 6.39762 0.01
r 109.8 0.01 3 6.45194 0.01
r 110 0.01 3 6.51405 0.01
r 110.2 0.01 3 6.61091 0.01
r 110.4 0.01 3 6.66513 0.01
r 110.6 0.01 3 6.71888 0.01
r 110.8 0.01 3 6.78662 0.01
r 111 0.01 3 6.85528 0.01
r 111.2 0.01 3 6.92193 0.01
r 111.4 0.01 3 7.00107 0.01
r 111.6 0.01 3 7.0645 0.01
r 111.8 0.01 3 7.13978 0.01
r 112 0.01 3 7.22036 0.01
r 112.2 0.01 3 7.29652 0.01
r 112.4 0.01 3 7.37939 0.01
r 112.6 0.01 3 7.46947 0.01
r 112.8 0.01 3 7.55015 0.01
r 113 0.01 3 7.64607 0.01
r 113.2 0.01 3 7.73942 0.01
r 113.4 0.01 3 7.83103 0.01
r 113.6 0.01 3 7.94592 0.01
r 113.8 0.01 3 8.01614 0.01
r 114 0.01 3 8.12749 0.01
r 114.2 0.01 3 8.21003 0.01
r 114.4 0.01 3 8.31377 0.01
r 114.6 0.01 3 8.42484 0.01
r 114.8 0.01 3 8.53937 0.01
r 115 0.01 3 8.62664 0.01
r 115.2 0.01 3 8.77499 0.01
r 115.4 0.01 3 8.83535 0.01
r 115.6 0.01 3 8.98179 0.01
r 115.8 0.01 3 9.09227 0.01
r 116 0.01 3 9.20268 0.01
r 116.2 0.01 3 9.26228 0.01
r 116.4 0.01 3 9.38839 0.01
r 116.6 0.01 3 9.55027 0.01
r 116.8 0.01 3 9.65211 0.01
r 117 0.01 3 9.7671 0.01
r 117.2 0.01 3 9.90374 0.01
r 117.4 0.01 3 9.94833 0.01
r 117.6 0.01 3 10.1297 0.01
r 117.8 0.01 3 10.2367 0.01
r 118 0.01 3 10.3549 0.01
r 118.2 0.01 3 10.487 0.01
r 118.4 0.01 3 10.4017 0.01
r 118.6 0.01 3 10.781 0.01
r 118.8 0.01 3 10.7541 0.01
r 119 0.01 3 11.0197 0.01
r 119.2 0.01 3 11.155 0.01
r 119.4 0.01 3 11.2398 0.01
r 119.6 0.01 3 11.3646 0.01
r 119.8 0.01 3 11.4308 0.01
r 120 0.01 3 11.5893 0.01
r 120.2 0.01 3 11.6537 0.01
r 120.4 0.01 3 11.804 0.01
r 120.6 0.01 3 12.0028 0.01
r 120.8 0.01 3 12.0549 0.01
r 121 0.01 3 12.0876 0.01
r 121.2 0.01 3 12.1554 0.01
r 121.4 0.01 3 12.4546 0.01
r 121.6 0.01 3 12.6588 0.01
r 121.8 0.01 3 12.605 0.01
r 122 0.01 3 12.5377 0.01
r 122.2 0.01 3 12.8107 0.01
r 122.4 0.01 3 13.0729 0.01
r 122.6 0.01 3 13.1233 0.01
r 122.8 0.01 3 13.1918 0.01
r 123 0.01 3 13.3102 0.01
r 123.2 0.01 3 13.4358 0.01
r 123.4 0.01 3 13.5529 0.01
r 123.6 0.01 3 13.7127 0.01
r 123.8 0.01 3 13.7846 0.01
r 124 0.01 3 13.9779 0.01
r 124.2 0.01 3 14.1094 0.01
r 124.4 0.01 3 14.2409 0.01
r 124.6 0.01 3 14.3732 0.01
r 124.8 0.01 3 14.5055 0.01
r 125 0.01 3 14.5637 0.01
r 125.2 0.01 3 14.6955 0.01
r 125.4 0.01 3 14.8295 0.01
r 125.6 0.01 3 14.9606 0.01
r 125.8 0.01 3 14.9305 0.01
r 126 0.01 3 15.2224 0.01
r 126.2 0.01 3 15.3478 0.01
r 126.4 0.01 3 15.4784 0.01
r 126.6 0.01 3 15.5163 0.01
r 126.8 0.01 3 15.7392 0.01
r 127 0.01 3 15.7367 0.01
r 127.2 0.01 3 15.8715 0.01
r 127.4 0.01 3 16.0333 0.01
r 127.6 0.01 3 16.1647 0.01
r 127.8 0.01 3 16.2744 0.01
r 128 0.01 3 16.4238 0.01
r 128.2 0.01 3 16.5368 0.01
r 128.4 0.01 3 16.6676 0.01
r 128.6 0.01 3 16.8068 0.01
r 128.8 0.01 3 16.9521 0.01
r 129 0.01 3 16.8852 0.01
r 129.2 0.01 3 17.0152 0.01
r 129.4 0.01 3 17.1471 0.01
r 129.6 0.01 3 17.2749 0.01
r 129.8 0.01 3 17.4046 0.01
r 130 0.01 3 17.5142 0.01
r 130.2 0.01 3 17.6651 0.01
r 130.4 0.01 3 17.7946 0.01
r 130.6 0.01 3 17.9246 0.01
r 130.8 0.01 3 18.0551 0.01
r 131 0.01 3 18.1059 0.01
r 131.2 0.01 3 18.2347 0.01
r 131.4 0.01 3 18.362 0.01
r 131.6 0.01 3 18.4919 0.01
r 131.8 0.01 3 18.6172 0.01
r 132 0.01 3 18.7521 0.01
r 132.2 0.01 3 18.8775 0.01
r 132.4 0.01 3 19.0085 0.01
r 132.6 0.01 3 19.1377 0.01
r 132.8 0.01 3 19.268 0.01
r 133 0.01 3 19.3698 0.01
r 133.2 0.01 3 19.488 0.01
r 133.4 0.01 3 19.6185 0.01
r 133.6 0.01 3 19.7539 0.01
r 133.8 0.01 3 19.8744 0.01
r 134 0.01 3 20.0052 0.01
r 134.2 0.01 3 20.1341 0.01
r 134.4 0.01 3 20.2621 0.01
r 134.6 0.01 3 20.3932 0.01
r 134.8 0.01 3 20.5243 0.01
r 135 0.01 3 20.5859 0.01
r 135.2 0.01 3 20.7155 0.01
r 135.4 0.01 3 20.8455 0.01
r 135.6 0.01 3 20.9747 0.01
r 135.8 0.01 3 21.105 0.01
r 136 0.01 3 21.2352 0.01
r 136.2 0.01 3 21.3656 0.01
r 136.4 0.01 3 21.496 0.01
r 136.6 0.01 3 21.6271 0.01
r 136.8 0.01 3 21.7575 0.01
r 137 0.01 3 21.8679 0.01
r 137.2 0.01 3 22.0016 0.01
r 137.4 0.01 3 22.1274 0.01
r 137.6 0.01 3 22.2588 0.01
r 137.8 0.01 3 22.3884 0.01
r 138 0.01 3 22.5197 0.01
r 138.2 0.01 3 22.649 0.01
r 138.4 0.01 3 22.7806 0.01
r 138.6 0.01 3 22.9105 0.01
r 138.8 0.01 3 23.0382 0.01
r 139 0.01 3 23.0879 0.01
r 139.2 0.01 3 23.2174 0.01
r 139.4 0.01 3 23.3469 0.01
r 139.6 0.01 3 23.4766 0.01
r 139.8 0.01 3 23.6065 0.01
r 140 0.01 3 23.7366 0.01
r 140.2 0.01 3 23.8667 0.01
r 140.4 0.01 3 23.9969 0.01
r 140.6 0.01 3 24.1272 0.01
r 140.8 0.01 3 24.2576 0.01
r 141 0.01 3 24.3633 0.01
r 141.2 0.01 3 24.4932 0.01
r 141.4 0.01 3 24.6232 0.01
r 141.6 0.01 3 24.7532 0.01
r 141.8 0.01 3 24.8805 0.01
r 142 0.01 3 25.0105 0.01
r 142.2 0.01 3 25.1408 0.01
r 142.4 0.01 3 25.271 0.01
r 142.6 0.01 3 25.4013 0.01
r 142.8 0.01 3 25.5317 0.01
r 143 0.01 3 25.6538 0.01
r 143.2 0.01 3 25.7838 0.01
r 143.4 0.01 3 25.9139 0.01
r 143.6 0.01 3 26.0442 0.01
r 143.8 0.01 3 26.173 0.01
r 144 0.01 3 26.3034 0.01
r 144.2 0.01 3 26.434 0.01
r 144.4 0.01 3 26.5646 0.01
r 144.6 0.01 3 26.6953 0.01
r 144.8 0.01 3 26.826 0.01
r 145 0.01 3 26.9542 0.01
s 115 3 602
r 95 0.01 2 12.7997 0.01
r 95.2 0.01 2 12.6732 0.01
r 95.4 0.01 2 12.5468 0.01
r 95.6 0.01 2 12.4205 0.01
r 95.8 0.01 2 12.2945 0.01
r 96 0.01 2 12.1686 0.01
r 96.2 0.01 2 12.0428 0.01
r 96.4 0.01 2 11.9172 0.01
r 96.6 0.01 2 11.7916 0.01
r 96.8 0.01 2 11.6663 0.01
r 97 0.01 2 11.541 0.01
r 97.2 0.01 2 11.416 0.01
r 97.4 0.01 2 11.2911 0.01
r 97.6 0.01 2 11.1664 0.01
r 97.8 0.01 2 11.0418 0.01
r 98 0.01 2 10.9173 0.01
r 98.2 0.01 2 10.7931 0.01
r 98.4 0.01 2 10.6688 0.01
r 98.6 0.01 2 10.5447 0.01
r 98.8 0.01 2 10.4208 0.01
r 99 0.01 2 10.297 0.01
r 99.2 0.01 2 10.1731 0.01
r 99.4 0.01 2 10.0492 0.01
r 99.6 0.01 2 9.92534 0.01
r 99.8 0.01 2 9.8015 0.01
r 100 0.01 2 9.67773 0.01
r 100.2 0.01 2 9.55409 0.01
r 100.4 0.01 2 9.43062 0.01
r 100.6 0.01 2 9.30737 0.01
r 100.8 0.01 2 9.18437 0.01
r 101 0.01 2 9.0619 0.01
r 101.2 0.01 2 8.93954 0.01
r 101.4 0.01 2 8.81745 0.01
r 101.6 0.01 2 8.69563 0.01
r 101.8 0.01 2 8.57417 0.01
r 102 0.01 2 8.45287 0.01
r 102.2 0.01 2 8.33183 0.01
r 102.4 0.01 2 8.21089 0.01
r 102.6 0.01 2 8.09004 0.01
r 102.8 0.01 2 7.96924 0.01
r 103 0.01 2 7.84918 0.01
r 103.2 0.01 2 7.7284 0.01
r 103.4 0.01 2 7.60706 0.01
r 103.6 0.01 2 7.48579 0.01
r 103.8 0.01 2 7.36471 0.01
r 104 0.01 2 7.24375 0.01
r 104.2 0.01 2 7.12315 0.01
r 104.4 0.01 2 7.00234 0.01
r 104.6 0.01 2 6.88125 0.01
r 104.8 0.01 2 6.76071 0.01
r 105 0.01 2 6.64077 0.01
r 105.2 0.01 2 6.5198 0.01
r 105.4 0.01 2 6.39932 0.01
r 105.6 0.01 2 6.27939 0.01
r 105.8 0.01 2 6.15918 0.01
r 106 0.01 2 6.03917 0.01
r 106.2 0.01 2 5.9196 0.01
r 106.4 0.01 2 5.80021 0.01
r 106.6 0.01 2 5.6809 0.01
r 106.8 0.01 2 5.562 0.01
r 107 0.01 2 5.44294 0.01
r 107.2 0.01 2 5.32474 0.01
r 107.4 0.01 2 5.20698 0.01
r 107.6 0.01 2 5.08971 0.01
r 107.8 0.01 2 4.97306 0.01
r 108 0.01 2 4.85695 0.01
r 108.2 0.01 2 4.74145 0.01
r 108.4 0.01 2 4.62703 0.01
r 108.6 0.01 2 4.51178 0.01
r 108.8 0.01 2 4.39786 0.01
r 109 0.01 2 4.28486 0.01
r 109.2 0.01 2 4.1726 0.01
r 109.4 0.01 2 4.06111 0.01
r 109.6 0.01 2 3.95066 0.01
r 109.8 0.01 2 3.84094 0.01
r 110 0.01 2 3.73225 0.01
r 110.2 0.01 2 3.6248 0.01
r 110.4 0.01 2 3.51938 0.01
r 110.6 0.01 2 3.41548 0.01
r 110.8 0.01 2 3.31219 0.01
r 111 0.01 2 3.20805 0.01
r 111.2 0.01 2 3.10775 0.01
r 111.4 0.01 2 3.00945 0.01
r 111.6 0.01 2 2.91335 0.01
r 111.8 0.01 2 2.81985 0.01
r 112 0.01 2 2.72943 0.01
r 112.2 0.01 2 2.64076 0.01
r 112.4 0.01 2 2.55618 0.01
r 112.6 0.01 2 2.47507 0.01
r 112.8 0.01 2 2.39779 0.01
r 113 0.01 2 2.32458 0.01
r 113.2 0.01 2 2.25668 0.01
r 113.4 0.01 2 2.19408 0.01
r 113.6 0.01 2 2.13749 0.01
r 113.8 0.01 2 2.08736 0.01
r 114 0.01 2 2.04406 0.01
r 114.2 0.01 2 2.00814 0.01
r 114.4 0.01 2 1.98048 0.01
r 114.6 0.01 2 1.96141 0.01
r 114.8 0.01 2 1.95004 0.01
r 115 0.01 2 1.9482 0.01
r 115.2 0.01 2 1.95391 0.01
r 115.4 0.01 2 1.9673 0.01
r 115.6 0.01 2 1.98888 0.01
r 115.8 0.01 2 2.01987 0.01
r 116 0.01 2 2.05898 0.01
r 116.2 0.01 2 2.10544 0.01
r 116.4 0.01 2 2.15903 0.01
r 116.6 0.01 2 2.21924 0.01
r 116.8 0.01 2 2.28577 0.01
r 117 0.01 2 2.35747 0.01
r 117.2 0.01 2 2.43438 0.01
r 117.4 0.01 2 2.51606 0.01
r 117.6 0.01 2 2.60173 0.01
r 117.8 0.01 2 2.69151 0.01
r 118 0.01 2 2.78475 0.01
r 118.2 0.01 2 2.88116 0.01
r 118.4 0.01 2 2.98088 0.01
r 118.6 0.01 2 3.0829 0.01
r 118.8 0.01 2 3.18721 0.01
r 119 0.01 2 3.29357 0.01
r 119.2 0.01 2 3.40205 0.01
r 119.4 0.01 2 3.5123 0.01
r 119.6 0.01 2 3.62413 0.01
r 119.8 0.01 2 3.73746 0.01
r 120 0.01 2 3.85204 0.01
r 120.2 0.01 2 3.96792 0.01
r 120.4 0.01 2 4.08505 0.01
r 120.6 0.01 2 4.20328 0.01
r 120.8 0.01 2 4.3225 0.01
r 121 0.01 2 4.44261 0.01
r 121.2 0.01 2 4.56359 0.01
r 121.4 0.01 2 4.68529 0.01
r 121.6 0.01 2 4.80774 0.01
r 121.8 0.01 2 4.93089 0.01
r 122 0.01 2 5.05454 0.01
r 122.2 0.01 2 5.1787 0.01
r 122.4 0.01 2 5.30324 0.01
r 122.6 0.01 2 5.42819 0.01
r 122.8 0.01 2 5.55353 0.01
r 123 0.01 2 5.67949 0.01
r 123.2 0.01 2 5.80555 0.01
r 123.4 0.01 2 5.93196 0.01
r 123.6 0.01 2 6.05863 0.01
r 123.8 0.01 2 6.18567 0.01
r 124 0.01 2 6.31299 0.01
r 124.2 0.01 2 6.44058 0.01
r 124.4 0.01 2 6.56859 0.01
r 124.6 0.01 2 6.69674 0.01
r 124.8 0.01 2 6.82511 0.01
r 125 0.01 2 6.95687 0.01
r 125.2 0.01 2 7.08431 0.01
r 125.4 0.01 2 7.21214 0.01
r 125.6 0.01 2 7.3403 0.01
r 125.8 0.01 2 7.46886 0.01
r 126 0.01 2 7.59773 0.01
r 126.2 0.01 2 7.72674 0.01
r 126.4 0.01 2 7.85618 0.01
r 126.6 0.01 2 7.98584 0.01
r 126.8 0.01 2 8.11571 0.01
r 127 0.01 2 8.24503 0.01
r 127.2 0.01 2 8.37485 0.01
r 127.4 0.01 2 8.50479 0.01
r 127.6 0.01 2 8.63475 0.01
r 127.8 0.01 2 8.76496 0.01
r 128 0.01 2 8.89514 0.01
r 128.2 0.01 2 9.02544 0.01
r 128.4 0.01 2 9.15581 0.01
r 128.6 0.01 2 9.2862 0.01
r 128.8 0.01 2 9.41661 0.01
r 129 0.01 2 9.54702 0.01
r 129.2 0.01 2 9.67745 0.01
r 129.4 0.01 2 9.8079 0.01
r 129.6 0.01 2 9.93883 0.01
r 129.8 0.01 2 10.0691 0.01
r 130 0.01 2 10.2 0.01
r 130.2 0.01 2 10.33 0.01
r 130.4 0.01 2 10.4601 0.01
r 130.6 0.01 2 10.5903 0.01
r 130.8 0.01 2 10.7207 0.01
r 131 0.01 2 10.851 0.01
r 131.2 0.01 2 10.9813 0.01
r 131.4 0.01 2 11.1116 0.01
r 131.6 0.01 2 11.2422 0.01
r 131.8 0.01 2 11.3726 0.01
r 132 0.01 2 11.5029 0.01
r 132.2 0.01 2 11.6334 0.01
r 132.4 0.01 2 11.764 0.01
r 132.6 0.01 2 11.8947 0.01
r 132.8 0.01 2 12.0256 0.01
r 133 0.01 2 12.1564 0.01
r 133.2 0.01 2 12.2874 0.01
r 133.4 0.01 2 12.4184 0.01
r 133.6 0.01 2 12.5496 0.01
r 133.8 0.01 2 12.6811 0.01
r 134 0.01 2 12.8121 0.01
r 134.2 0.01 2 12.9436 0.01
r 134.4 0.01 2 13.0745 0.01
r 134.6 0.01 2 13.2056 0.01
r 134.8 0.01 2 13.3366 0.01
r 135 0.01 2 13.4677 0.01
r 75 0.01 3 26.3281 0.01
r 75.2 0.01 3 26.1965 0.01
r 75.4 0.01 3 26.065 0.01
r 75.6 0.01 3 25.9338 0.01
r 75.8 0.01 3 25.8022 0.01
r 76 0.01 3 25.6709 0.01
r 76.2 0.01 3 25.5395 0.01
r 76.4 0.01 3 25.4083 0.01
r 76.6 0.01 3 25.2771 0.01
r 76.8 0.01 3 25.1461 0.01
r 77 0.01 3 25.0153 0.01
r 77.2 0.01 3 24.8842 0.01
r 77.4 0.01 3 24.753 0.01
r 77.6 0.01 3 24.6221 0.01
r 77.8 0.01 3 24.4912 0.01
r 78 0.01 3 24.3605 0.01
r 78.2 0.01 3 24.23 0.01
r 78.4 0.01 3 24.0995 0.01
r 78.6 0.01 3 23.9692 0.01
r 78.8 0.01 3 23.8391 0.01
r 79 0.01 3 23.7154 0.01
r 79.2 0.01 3 23.5847 0.01
r 79.4 0.01 3 23.4541 0.01
r 79.6 0.01 3 23.3236 0.01
r 79.8 0.01 3 23.1935 0.01
r 80 0.01 3 23.0632 0.01
r 80.2 0.01 3 22.9335 0.01
r 80.4 0.01 3 22.8037 0.01
r 80.6 0.01 3 22.6742 0.01
r 80.8 0.01 3 22.5451 0.01
r 81 0.01 3 22.4608 0.01
r 81.2 0.01 3 22.3318 0.01
r 81.4 0.01 3 22.2026 0.01
r 81.6 0.01 3 22.0741 0.01
r 81.8 0.01 3 21.9456 0.01
r 82 0.01 3 21.8184 0.01
r 82.2 0.01 3 21.6908 0.01
r 82.4 0.01 3 21.5637 0.01
r 82.6 0.01 3 21.4368 0.01
r 82.8 0.01 3 21.3103 0.01
r 83 0.01 3 21.1848 0.01
r 83.2 0.01 3 21.0588 0.01
r 83.4 0.01 3 20.9327 0.01
r 83.6 0.01 3 20.8076 0.01
r 83.8 0.01 3 20.6816 0.01
r 84 0.01 3 20.5571 0.01
r 84.2 0.01 3 20.4322 0.01
r 84.4 0.01 3 20.3079 0.01
r 84.6 0.01 3 20.1832 0.01
r 84.8 0.01 3 20.0595 0.01
r 85 0.01 3 19.936 0.01
r 85.2 0.01 3 19.8117 0.01
r 85.4 0.01 3 19.6874 0.01
r 85.6 0.01 3 19.5652 0.01
r 85.8 0.01 3 19.441 0.01
r 86 0.01 3 19.3179 0.01
r 86.2 0.01 3 19.1954 0.01
r 86.4 0.01 3 19.0717 0.01
r 86.6 0.01 3 18.9566 0.01
r 86.8 0.01 3 18.8261 0.01
r 87 0.01 3 18.7129 0.01
r 87.2 0.01 3 18.5874 0.01
r 87.4 0.01 3 18.4623 0.01
r 87.6 0.01 3 18.3376 0.01
r 87.8 0.01 3 18.213 0.01
r 88 0.01 3 18.0888 0.01
r 88.2 0.01 3 17.965 0.01
r 88.4 0.01 3 17.8416 0.01
r 88.6 0.01 3 17.7185 0.01
r 88.8 0.01 3 17.5956 0.01
r 89 0.01 3 17.4729 0.01
r 89.2 0.01 3 17.3509 0.01
r 89.4 0.01 3 17.2287 0.01
r 89.6 0.01 3 17.1069 0.01
r 89.8 0.01 3 16.9855 0.01
r 90 0.01 3 16.8643 0.01
r 90.2 0.01 3 16.7496 0.01
r 90.4 0.01 3 16.6285 0.01
r 90.6 0.01 3 16.5082 0.01
r 90.8 0.01 3 16.3876 0.01
r 91 0.01 3 16.2952 0.01
r 91.2 0.01 3 16.1751 0.01
r 91.4 0.01 3 16.0517 0.01
r 91.6 0.01 3 15.931 0.01
r 91.8 0.01 3 15.8126 0.01
r 92 0.01 3 15.6924 0.01
r 92.2 0.01 3 15.5733 0.01
r 92.4 0.01 3 15.4527 0.01
r 92.6 0.01 3 15.3326 0.01
r 92.8 0.01 3 15.2131 0.01
r 93 0.01 3 15.0985 0.01
r 93.2 0.01 3 14.979 0.01
r 93.4 0.01 3 14.8607 0.01
r 93.6 0.01 3 14.7445 0.01
r 93.8 0.01 3 14.6253 0.01
r 94 0.01 3 14.5079 0.01
r 94.2 0.01 3 14.3925 0.01
r 94.4 0.01 3 14.2768 0.01
r 94.6 0.01 3 14.1622 0.01
r 94.8 0.01 3 14.047 0.01
r 95 0.01 3 13.9326 0.01
r 95.2 0.01 3 13.8182 0.01
r 95.4 0.01 3 13.7061 0.01
r 95.6 0.01 3 13.593 0.01
r 95.8 0.01 3 13.4802 0.01
r 96 0.01 3 13.368 0.01
r 96.2 0.01 3 13.257 0.01
r 96.4 0.01 3 13.1469 0.01
r 96.6 0.01 3 13.0344 0.01
r 96.8 0.01 3 12.9266 0.01
r 97 0.01 3 12.8156 0.01
r 97.2 0.01 3 12.7097 0.01
r 97.4 0.01 3 12.6055 0.01
r 97.6 0.01 3 12.5022 0.01
r 97.8 0.01 3 12.3999 0.01
r 98 0.01 3 12.2878 0.01
r 98.2 0.01 3 12.1861 0.01
r 98.4 0.01 3 12.1084 0.01
r 98.6 0.01 3 11.9575 0.01
r 98.8 0.01 3 11.8484 0.01
r 99 0.01 3 11.8195 0.01
r 99.2 0.01 3 11.6712 0.01
r 99.4 0.01 3 11.6033 0.01
r 99.6 0.01 3 11.4681 0.01
r 99.8 0.01 3 11.3505 0.01
r 100 0.01 3 11.2306 0.01
r 100.2 0.01 3 11.0943 0.01
r 100.4 0.01 3 11.0019 0.01
r 100.6 0.01 3 10.8913 0.01
r 100.8 0.01 3 10.7495 0.01
r 101 0.01 3 10.6412 0.01
r 101.2 0.01 3 10.5258 0.01
r 101.4 0.01 3 10.4263 0.01
r 101.6 0.01 3 10.3128 0.01
r 101.8 0.01 3 10.1968 0.01
r 102 0.01 3 10.0777 0.01
r 102.2 0.01 3 9.97202 0.01
r 102.4 0.01 3 9.86725 0.01
r 102.6 0.01 3 9.7665 0.01
r 102.8 0.01 3 9.66386 0.01
r 103 0.01 3 9.5475 0.01
r 103.2 0.01 3 9.49024 0.01
r 103.4 0.01 3 9.3536 0.01
r 103.6 0.01 3 9.24443 0.01
r 103.8 0.01 3 9.14703 0.01
r 104 0.01 3 9.04989 0.01
r 104.2 0.01 3 8.95563 0.01
r 104.4 0.01 3 8.89178 0.01
r 104.6 0.01 3 8.7965 0.01
r 104.8 0.01 3 8.6829 0.01
r 105 0.01 3 8.59652 0.01
r 105.2 0.01 3 8.5161 0.01
r 105.4 0.01 3 8.42782 0.01
r 105.6 0.01 3 8.34625 0.01
r 105.8 0.01 3 8.25418 0.01
r 106 0.01 3 8.17385 0.01
r 106.2 0.01 3 8.09119 0.01
r 106.4 0.01 3 8.03458 0.01
r 106.6 0.01 3 7.95913 0.01
r 106.8 0.01 3 7.84569 0.01
r 107 0.01 3 7.82523 0.01
r 107.2 0.01 3 7.60891 0.01
r 107.4 0.01 3 7.55592 0.01
r 107.6 0.01 3 7.45477 0.01
r 107.8 0.01 3 7.58831 0.01
r 108 0.01 3 7.30788 0.01
r 108.2 0.01 3 7.45 0.01
r 108.4 0.01 3 7.14888 0.01
r 108.6 0.01 3 7.08692 0.01
r 108.8 0.01 3 7.06048 0.01
r 109 0.01 3 6.90771 0.01
r 109.2 0.01 3 6.83923 0.01
r 109.4 0.01 3 7.1318 0.01
r 109.6 0.01 3 6.70618 0.01
r 109.8 0.01 3 6.64432 0.01
r 110 0.01 3 6.58284 0.01
r 110.2 0.01 3 6.52538 0.01
r 110.4 0.01 3 6.46966 0.01
r 110.6 0.01 3 6.4156 0.01
r 110.8 0.01 3 6.36386 0.01
r 111 0.01 3 6.31362 0.01
r 111.2 0.01 3 6.26305 0.01
r 111.4 0.01 3 6.2181 0.01
r 111.6 0.01 3 6.1751 0.01
r 111.8 0.01 3 6.13499 0.01
r 112 0.01 3 6.09625 0.01
r 112.2 0.01 3 6.10499 0.01
r 112.4 0.01 3 6.02801 0.01
r 112.6 0.01 3 5.9974 0.01
r 112.8 0.01 3 5.96954 0.01
r 113 0.01 3 5.94368 0.01
r 113.2 0.01 3 5.92027 0.01
r 113.4 0.01 3 5.90249 0.01
r 113.6 0.01 3 5.88312 0.01
r 113.8 0.01 3 5.86915 0.01
r 114 0.01 3 5.85839 0.01
r 114.2 0.01 3 5.85062 0.01
r 114.4 0.01 3 5.8457 0.01
r 114.6 0.01 3 5.84471 0.01
r 114.8 0.01 3 5.84564 0.01
r 115 0.01 3 5.84964 0.01
r 115.2 0.01 3 5.85534 0.01
r 115.4 0.01 3 5.86595 0.01
r 115.6 0.01 3 5.87667 0.01
r 115.8 0.01 3 5.89194 0.01
r 116 0.01 3 5.91023 0.01
r 116.2 0.01 3 5.93131 0.01
r 116.4 0.01 3 5.95523 0.01
r 116.6 0.01 3 5.98897 0.01
r 116.8 0.01 3 6.01152 0.01
r 117 0.01 3 6.04 0.01
r 117.2 0.01 3 6.07305 0.01
r 117.4 0.01 3 6.11147 0.01
r 117.6 0.01 3 6.15529 0.01
r 117.8 0.01 3 6.20407 0.01
r 118 0.01 3 6.2317 0.01
r 118.2 0.01 3 6.27825 0.01
r 118.4 0.01 3 6.3267 0.01
r 118.6 0.01 3 6.37747 0.01
r 118.8 0.01 3 6.42957 0.01
r 119 0.01 3 6.49525 0.01
r 119.2 0.01 3 6.54444 0.01
r 119.4 0.01 3 6.6089 0.01
r 119.6 0.01 3 6.66896 0.01
r 119.8 0.01 3 6.80889 0.01
r 120 0.01 3 6.98241 0.01
r 120.2 0.01 3 6.8747 0.01
r 120.4 0.01 3 7.17512 0.01
r 120.6 0.01 3 7.02555 0.01
r 120.8 0.01 3 7.09265 0.01
r 121 0.01 3 7.44208 0.01
r 121.2 0.01 3 7.47269 0.01
r 121.4 0.01 3 7.66192 0.01
r 121.6 0.01 3 7.76488 0.01
r 121.8 0.01 3 7.87642 0.01
r 122 0.01 3 7.55856 0.01
r 122.2 0.01 3 8.12384 0.01
r 122.4 0.01 3 8.23206 0.01
r 122.6 0.01 3 8.34917 0.01
r 122.8 0.01 3 7.92141 0.01
r 123 0.01 3 7.99316 0.01
r 123.2 0.01 3 8.08761 0.01
r 123.4 0.01 3 8.18069 0.01
r 123.6 0.01 3 8.82023 0.01
r 123.8 0.01 3 8.35834 0.01
r 124 0.01 3 9.09968 0.01
r 124.2 0.01 3 8.55847 0.01
r 124.4 0.01 3 9.36118 0.01
r 124.6 0.01 3 9.47818 0.01
r 124.8 0.01 3 8.87022 0.01
r 125 0.01 3 9.00661 0.01
r 125.2 0.01 3 9.10482 0.01
r 125.4 0.01 3 9.25595 0.01
r 125.6 0.01 3 9.33249 0.01
r 125.8 0.01 3 9.43419 0.01
r 126 0.01 3 9.55676 0.01
r 126.2 0.01 3 9.66799 0.01
r 126.4 0.01 3 9.76993 0.01
r 126.6 0.01 3 9.91647 0.01
r 126.8 0.01 3 10.0402 0.01
r 127 0.01 3 10.152 0.01
r 127.2 0.01 3 10.1545 0.01
r 127.4 0.01 3 10.3459 0.01
r 127.6 0.01 3 10.485 0.01
r 127.8 0.01 3 10.5882 0.01
r 128 0.01 3 10.669 0.01
r 128.2 0.01 3 10.8105 0.01
r 128.4 0.01 3 10.9253 0.01
r 128.6 0.01 3 11.0399 0.01
r 128.8 0.01 3 11.2536 0.01
r 129 0.01 3 11.3431 0.01
r 129.2 0.01 3 11.2503 0.01
r 129.4 0.01 3 11.5479 0.01
r 129.6 0.01 3 11.6599 0.01
r 129.8 0.01 3 11.7095 0.01
r 130 0.01 3 11.889 0.01
r 130.2 0.01 3 11.9786 0.01
r 130.4 0.01 3 12.0851 0.01
r 130.6 0.01 3 12.262 0.01
r 130.8 0.01 3 12.3414 0.01
r 131 0.01 3 12.6042 0.01
r 131.2 0.01 3 12.6157 0.01
r 131.4 0.01 3 12.6824 0.01
r 131.6 0.01 3 12.9588 0.01
r 131.8 0.01 3 12.7424 0.01
r 132 0.01 3 12.857 0.01
r 132.2 0.01 3 12.9868 0.01
r 132.4 0.01 3 13.1032 0.01
r 132.6 0.01 3 13.5643 0.01
r 132.8 0.01 3 13.354 0.01
r 133 0.01 3 13.4716 0.01
r 133.2 0.01 3 13.6039 0.01
r 133.4 0.01 3 14.1675 0.01
r 133.6 0.01 3 14.1121 0.01
r 133.8 0.01 3 13.9626 0.01
r 134 0.01 3 14.0962 0.01
r 134.2 0.01 3 14.2215 0.01
r 134.4 0.01 3 14.633 0.01
r 134.6 0.01 3 14.4631 0.01
r 134.8 0.01 3 14.8933 0.01
r 135 0.01 3 15.0166 0.01
r 135.2 0.01 3 15.1522 0.01
r 135.4 0.01 3 15.207 0.01
r 135.6 0.01 3 15.3843 0.01
r 135.8 0.01 3 15.5447 0.01
r 136 0.01 3 15.7075 0.01
r 136.2 0.01 3 15.5913 0.01
r 136.4 0.01 3 15.7916 0.01
r 136.6 0.01 3 16.1059 0.01
r 136.8 0.01 3 16.2464 0.01
r 137 0.01 3 16.0091 0.01
r 137.2 0.01 3 16.1378 0.01
r 137.4 0.01 3 16.2635 0.01
r 137.6 0.01 3 16.3954 0.01
r 137.8 0.01 3 16.5195 0.01
r 138 0.01 3 16.6558 0.01
r 138.2 0.01 3 16.7505 0.01
r 138.4 0.01 3 16.8893 0.01
r 138.6 0.01 3 17.0214 0.01
r 138.8 0.01 3 17.1598 0.01
r 139 0.01 3 17.2301 0.01
r 139.2 0.01 3 17.3594 0.01
r 139.4 0.01 3 17.4889 0.01
r 139.6 0.01 3 17.5546 0.01
r 139.8 0.01 3 17.6856 0.01
r 140 0.01 3 17.803 0.01
r 140.2 0.01 3 17.9323 0.01
r 140.4 0.01 3 18.1186 0.01
r 140.6 0.01 3 18.2481 0.01
r 140.8 0.01 3 18.3789 0.01
r 141 0.01 3 18.4093 0.01
r 141.2 0.01 3 18.7224 0.01
r 141.4 0.01 3 18.8522 0.01
r 141.6 0.01 3 18.9822 0.01
r 141.8 0.01 3 19.1124 0.01
r 142 0.01 3 19.2428 0.01
r 142.2 0.01 3 19.3732 0.01
r 142.4 0.01 3 19.3301 0.01
r 142.6 0.01 3 19.4728 0.01
r 142.8 0.01 3 19.5701 0.01
r 143 0.01 3 19.881 0.01
r 143.2 0.01 3 20.0115 0.01
r 143.4 0.01 3 20.141 0.01
r 143.6 0.01 3 20.2707 0.01
r 143.8 0.01 3 20.401 0.01
r 144 0.01 3 20.5315 0.01
r 144.2 0.01 3 20.6621 0.01
r 144.4 0.01 3 20.7928 0.01
r 144.6 0.01 3 20.9236 0.01
r 144.8 0.01 3 21.0545 0.01
r 145 0.01 3 20.9438 0.01
r 145.2 0.01 3 21.1514 0.01
r 145.4 0.01 3 21.2354 0.01
r 145.6 0.01 3 21.3664 0.01
r 145.8 0.01 3 21.5161 0.01
r 146 0.01 3 21.6719 0.01
r 146.2 0.01 3 21.7754 0.01
r 146.4 0.01 3 21.8845 0.01
r 146.6 0.01 3 22.0422 0.01
r 146.8 0.01 3 22.1951 0.01
r 147 0.01 3 22.2718 0.01
r 147.2 0.01 3 22.4015 0.01
r 147.4 0.01 3 22.5315 0.01
r 147.6 0.01 3 22.6617 0.01
r 147.8 0.01 3 22.7921 0.01
r 148 0.01 3 22.9226 0.01
r 148.2 0.01 3 23.0532 0.01
r 148.4 0.01 3 23.1839 0.01
r 148.6 0.01 3 23.3148 0.01
r 148.8 0.01 3 23.4457 0.01
r 149 0.01 3 23.4992 0.01
r 149.2 0.01 3 23.6293 0.01
r 149.4 0.01 3 23.7596 0.01
r 149.6 0.01 3 23.8899 0.01
r 149.8 0.01 3 24.0204 0.01
r 150 0.01 3 24.151 0.01
r 150.2 0.01 3 24.2817 0.01
r 150.4 0.01 3 24.4124 0.01
r 150.6 0.01 3 24.5431 0.01
r 150.8 0.01 3 24.6738 0.01
r 151 0.01 3 24.7602 0.01
r 151.2 0.01 3 24.8904 0.01
r 151.4 0.01 3 25.0204 0.01
r 151.6 0.01 3 25.1504 0.01
r 151.8 0.01 3 25.2804 0.01
r 152 0.01 3 25.4106 0.01
r 152.2 0.01 3 25.5411 0.01
r 152.4 0.01 3 25.6711 0.01
r 152.6 0.01 3 25.8016 0.01
r 152.8 0.01 3 25.9321 0.01
r 153 0.01 3 26.0544 0.01
r 153.2 0.01 3 26.1846 0.01
r 153.4 0.01 3 26.3146 0.01
r 153.6 0.01 3 26.4448 0.01
r 153.8 0.01 3 26.575 0.01
r 154 0.01 3 26.7054 0.01
r 154.2 0.01 3 26.836 0.01
r 154.4 0.01 3 26.9667 0.01
r 154.6 0.01 3 27.0975 0.01
r 154.8 0.01 3 27.2284 0.01
r 155 0.01 3 27.3431 0.01
s 125 3 602
r 105 0.01 2 13.1602 0.01
r 105.2 0.01 2 13.034 0.01
r 105.4 0.01 2 12.9078 0.01
r 105.6 0.01 2 12.7818 0.01
r 105.8 0.01 2 12.6558 0.01
r 106 0.01 2 12.5299 0.01
r 106.2 0.01 2 12.4043 0.01
r 106.4 0.01 2 12.2788 0.01
r 106.6 0.01 2 12.1536 0.01
r 106.8 0.01 2 12.0287 0.01
r 107 0.01 2 11.9041 0.01
r 107.2 0.01 2 11.7798 0.01
r 107.4 0.01 2 11.6556 0.01
r 107.6 0.01 2 11.5317 0.01
r 107.8 0.01 2 11.4081 0.01
r 108 0.01 2 11.2847 0.01
r 108.2 0.01 2 11.1615 0.01
r 108.4 0.01 2 11.0384 0.01
r 108.6 0.01 2 10.9154 0.01
r 108.8 0.01 2 10.7926 0.01
r 109 0.01 2 10.6696 0.01
r 109.2 0.01 2 10.5466 0.01
r 109.4 0.01 2 10.4242 0.01
r 109.6 0.01 2 10.3008 0.01
r 109.8 0.01 2 10.1778 0.01
r 110 0.01 2 10.0548 0.01
r 110.2 0.01 2 9.93165 0.01
r 110.4 0.01 2 9.80851 0.01
r 110.6 0.01 2 9.68537 0.01
r 110.8 0.01 2 9.56218 0.01
r 111 0.01 2 9.43905 0.01
r 111.2 0.01 2 9.31559 0.01
r 111.4 0.01 2 9.19207 0.01
r 111.6 0.01 2 9.0683 0.01
r 111.8 0.01 2 8.9443 0.01
r 112 0.01 2 8.82145 0.01
r 112.2 0.01 2 8.69605 0.01
r 112.4 0.01 2 8.57064 0.01
r 112.6 0.01 2 8.44523 0.01
r 112.8 0.01 2 8.31976 0.01
r 113 0.01 2 8.1944 0.01
r 113.2 0.01 2 8.06891 0.01
r 113.4 0.01 2 7.94368 0.01
r 113.6 0.01 2 7.8186 0.01
r 113.8 0.01 2 7.69131 0.01
r 114 0.01 2 7.56578 0.01
r 114.2 0.01 2 7.44034 0.01
r 114.4 0.01 2 7.31493 0.01
r 114.6 0.01 2 7.18955 0.01
r 114.8 0.01 2 7.06409 0.01
r 115 0.01 2 6.93861 0.01
r 115.2 0.01 2 6.81331 0.01
r 115.4 0.01 2 6.68805 0.01
r 115.6 0.01 2 6.56288 0.01
r 115.8 0.01 2 6.43773 0.01
r 116 0.01 2 6.31265 0.01
r 116.2 0.01 2 6.18763 0.01
r 116.4 0.01 2 6.06287 0.01
r 116.6 0.01 2 5.93833 0.01
r 116.8 0.01 2 5.81405 0.01
r 117 0.01 2 5.69014 0.01
r 117.2 0.01 2 5.56644 0.01
r 117.4 0.01 2 5.44311 0.01
r 117.6 0.01 2 5.32015 0.01
r 117.8 0.01 2 5.19764 0.01
r 118 0.01 2 5.07567 0.01
r 118.2 0.01 2 4.95421 0.01
r 118.4 0.01 2 4.83547 0.01
r 118.6 0.01 2 4.71395 0.01
r 118.8 0.01 2 4.59326 0.01
r 119 0.01 2 4.47389 0.01
r 119.2 0.01 2 4.35763 0.01
r 119.4 0.01 2 4.23874 0.01
r 119.6 0.01 2 4.12146 0.01
r 119.8 0.01 2 4.00633 0.01
r 120 0.01 2 3.89359 0.01
r 120.2 0.01 2 3.77822 0.01
r 120.4 0.01 2 3.66621 0.01
r 120.6 0.01 2 3.5556 0.01
r 120.8 0.01 2 3.44648 0.01
r 121 0.01 2 3.33928 0.01
r 121.2 0.01 2 3.23354 0.01
r 121.4 0.01 2 3.12986 0.01
r 121.6 0.01 2 3.02847 0.01
r 121.8 0.01 2 2.92975 0.01
r 122 0.01 2 2.83386 0.01
r 122.2 0.01 2 2.74041 0.01
r 122.4 0.01 2 2.65096 0.01
r 122.6 0.01 2 2.56574 0.01
r 122.8 0.01 2 2.48403 0.01
r 123 0.01 2 2.40647 0.01
r 123.2 0.01 2 2.33482 0.01
r 123.4 0.01 2 2.26835 0.01
r 123.6 0.01 2 2.20822 0.01
r 123.8 0.01 2 2.15482 0.01
r 124 0.01 2 2.10854 0.01
r 124.2 0.01 2 2.06983 0.01
r 124.4 0.01 2 2.03973 0.01
r 124.6 0.01 2 2.01772 0.01
r 124.8 0.01 2 2.00526 0.01
r 125 0.01 2 2.0013 0.01
r 125.2 0.01 2 2.0056 0.01
r 125.4 0.01 2 2.01798 0.01
r 125.6 0.01 2 2.03849 0.01
r 125.8 0.01 2 2.06863 0.01
r 126 0.01 2 2.10701 0.01
r 126.2 0.01 2 2.15293 0.01
r 126.4 0.01 2 2.20605 0.01
r 126.6 0.01 2 2.26585 0.01
r 126.8 0.01 2 2.33202 0.01
r 127 0.01 2 2.40427 0.01
r 127.2 0.01 2 2.48045 0.01
r 127.4 0.01 2 2.56161 0.01
r 127.6 0.01 2 2.64744 0.01
r 127.8 0.01 2 2.73669 0.01
r 128 0.01 2 2.82983 0.01
r 128.2 0.01 2 2.92503 0.01
r 128.4 0.01 2 3.02362 0.01
r 128.6 0.01 2 3.12478 0.01
r 128.8 0.01 2 3.22858 0.01
r 129 0.01 2 3.33856 0.01
r 129.2 0.01 2 3.4429 0.01
r 129.4 0.01 2 3.55139 0.01
r 129.6 0.01 2 3.662 0.01
r 129.8 0.01 2 3.77423 0.01
r 130 0.01 2 3.88764 0.01
r 130.2 0.01 2 4.0027 0.01
r 130.4 0.01 2 4.11844 0.01
r 130.6 0.01 2 4.23499 0.01
r 130.8 0.01 2 4.35271 0.01
r 131 0.01 2 4.4725 0.01
r 131.2 0.01 2 4.59171 0.01
r 131.4 0.01 2 4.71121 0.01
r 131.6 0.01 2 4.83179 0.01
r 131.8 0.01 2 4.95303 0.01
r 132 0.01 2 5.07511 0.01
r 132.2 0.01 2 5.19755 0.01
r 132.4 0.01 2 5.32087 0.01
r 132.6 0.01 2 5.44422 0.01
r 132.8 0.01 2 5.56835 0.01
r 133 0.01 2 5.69296 0.01
r 133.2 0.01 2 5.81781 0.01
r 133.4 0.01 2 5.94299 0.01
r 133.6 0.01 2 6.06854 0.01
r 133.8 0.01 2 6.19446 0.01
r 134 0.01 2 6.32078 0.01
r 134.2 0.01 2 6.44726 0.01
r 134.4 0.01 2 6.57405 0.01
r 134.6 0.01 2 6.70108 0.01
r 134.8 0.01 2 6.82954 0.01
r 135 0.01 2 6.95706 0.01
r 135.2 0.01 2 7.08428 0.01
r 135.4 0.01 2 7.2119 0.01
r 135.6 0.01 2 7.33991 0.01
r 135.8 0.01 2 7.46822 0.01
r 136 0.01 2 7.59687 0.01
r 136.2 0.01 2 7.72582 0.01
r 136.4 0.01 2 7.85508 0.01
r 136.6 0.01 2 7.98459 0.01
r 136.8 0.01 2 8.11411 0.01
r 137 0.01 2 8.24232 0.01
r 137.2 0.01 2 8.37167 0.01
r 137.4 0.01 2 8.50131 0.01
r 137.6 0.01 2 8.63092 0.01
r 137.8 0.01 2 8.7607 0.01
r 138 0.01 2 8.89077 0.01
r 138.2 0.01 2 9.02083 0.01
r 138.4 0.01 2 9.15072 0.01
r 138.6 0.01 2 9.28063 0.01
r 138.8 0.01 2 9.41054 0.01
r 139 0.01 2 9.54155 0.01
r 139.2 0.01 2 9.67134 0.01
r 139.4 0.01 2 9.80127 0.01
r 139.6 0.01 2 9.93134 0.01
r 139.8 0.01 2 10.0616 0.01
r 140 0.01 2 10.1919 0.01
r 140.2 0.01 2 10.3224 0.01
r 140.4 0.01 2 10.4532 0.01
r 140.6 0.01 2 10.584 0.01
r 140.8 0.01 2 10.7149 0.01
r 141 0.01 2 10.8461 0.01
r 141.2 0.01 2 10.9774 0.01
r 141.4 0.01 2 11.1087 0.01
r 141.6 0.01 2 11.2401 0.01
r 141.8 0.01 2 11.3716 0.01
r 142 0.01 2 11.503 0.01
r 142.2 0.01 2 11.6345 0.01
r 142.4 0.01 2 11.7661 0.01
r 142.6 0.01 2 11.8977 0.01
r 142.8 0.01 2 12.0294 0.01
r 143 0.01 2 12.161 0.01
r 143.2 0.01 2 12.2927 0.01
r 143.4 0.01 2 12.4243 0.01
r 143.6 0.01 2 12.556 0.01
r 143.8 0.01 2 12.6877 0.01
r 144 0.01 2 12.8193 0.01
r 144.2 0.01 2 12.951 0.01
r 144.4 0.01 2 13.0829 0.01
r 144.6 0.01 2 13.2148 0.01
r 144.8 0.01 2 13.3466 0.01
r 145 0.01 2 13.478 0.01
r 85 0.01 3 26.3809 0.01
r 85.2 0.01 3 26.2523 0.01
r 85.4 0.01 3 26.1239 0.01
r 85.6 0.01 3 25.9958 0.01
r 85.8 0.01 3 25.8681 0.01
r 86 0.01 3 25.7406 0.01
r 86.2 0.01 3 25.6132 0.01
r 86.4 0.01 3 25.4864 0.01
r 86.6 0.01 3 25.3599 0.01
r 86.8 0.01 3 25.2329 0.01
r 87 0.01 3 25.1076 0.01
r 87.2 0.01 3 24.9819 0.01
r 87.4 0.01 3 24.8568 0.01
r 87.6 0.01 3 24.7319 0.01
r 87.8 0.01 3 24.6073 0.01
r 88 0.01 3 24.483 0.01
r 88.2 0.01 3 24.3587 0.01
r 88.4 0.01 3 24.2348 0.01
r 88.6 0.01 3 24.1122 0.01
r 88.8 0.01 3 23.9892 0.01
r 89 0.01 3 23.8652 0.01
r 89.2 0.01 3 23.7414 0.01
r 89.4 0.01 3 23.6178 0.01
r 89.6 0.01 3 23.4944 0.01
r 89.8 0.01 3 23.3708 0.01
r 90 0.01 3 23.2473 0.01
r 90.2 0.01 3 23.1243 0.01
r 90.4 0.01 3 23.0009 0.01
r 90.6 0.01 3 22.8782 0.01
r 90.8 0.01 3 22.7554 0.01
r 91 0.01 3 22.6329 0.01
r 91.2 0.01 3 22.5109 0.01
r 91.4 0.01 3 22.3889 0.01
r 91.6 0.01 3 22.2673 0.01
r 91.8 0.01 3 22.1462 0.01
r 92 0.01 3 22.0253 0.01
r 92.2 0.01 3 21.9046 0.01
r 92.4 0.01 3 21.7839 0.01
r 92.6 0.01 3 21.6635 0.01
r 92.8 0.01 3 21.5432 0.01
r 93 0.01 3 21.4229 0.01
r 93.2 0.01 3 21.303 0.01
r 93.4 0.01 3 21.183 0.01
r 93.6 0.01 3 21.0631 0.01
r 93.8 0.01 3 20.9432 0.01
r 94 0.01 3 20.8233 0.01
r 94.2 0.01 3 20.7033 0.01
r 94.4 0.01 3 20.5831 0.01
r 94.6 0.01 3 20.463 0.01
r 94.8 0.01 3 20.3428 0.01
r 95 0.01 3 20.2235 0.01
r 95.2 0.01 3 20.1032 0.01
r 95.4 0.01 3 19.983 0.01
r 95.6 0.01 3 19.8632 0.01
r 95.8 0.01 3 19.7431 0.01
r 96 0.01 3 19.6233 0.01
r 96.2 0.01 3 19.5037 0.01
r 96.4 0.01 3 19.3842 0.01
r 96.6 0.01 3 19.2659 0.01
r 96.8 0.01 3 19.1469 0.01
r 97 0.01 3 19.0314 0.01
r 97.2 0.01 3 18.9145 0.01
r 97.4 0.01 3 18.7981 0.01
r 97.6 0.01 3 18.6807 0.01
r 97.8 0.01 3 18.5646 0.01
r 98 0.01 3 18.4493 0.01
r 98.2 0.01 3 18.3321 0.01
r 98.4 0.01 3 18.1899 0.01
r 98.6 0.01 3 18.0666 0.01
r 98.8 0.01 3 17.9908 0.01
r 99 0.01 3 17.774 0.01
r 99.2 0.01 3 17.6531 0.01
r 99.4 0.01 3 17.5373 0.01
r 99.6 0.01 3 17.4109 0.01
r 99.8 0.01 3 17.2943 0.01
r 100 0.01 3 17.1692 0.01
r 100.2 0.01 3 17.0531 0.01
r 100.4 0.01 3 16.9336 0.01
r 100.6 0.01 3 16.8123 0.01
r 100.8 0.01 3 16.6947 0.01
r 101 0.01 3 16.5769 0.01
r 101.2 0.01 3 16.4606 0.01
r 101.4 0.01 3 16.3399 0.01
r 101.6 0.01 3 16.2247 0.01
r 101.8 0.01 3 16.112 0.01
r 102 0.01 3 15.9921 0.01
r 102.2 0.01 3 15.8898 0.01
r 102.4 0.01 3 15.7726 0.01
r 102.6 0.01 3 15.6572 0.01
r 102.8 0.01 3 15.5389 0.01
r 103 0.01 3 15.4366 0.01
r 103.2 0.01 3 15.324 0.01
r 103.4 0.01 3 15.2154 0.01
r 103.6 0.01 3 15.1017 0.01
r 103.8 0.01 3 14.9922 0.01
r 104 0.01 3 14.8805 0.01
r 104.2 0.01 3 14.7722 0.01
r 104.4 0.01 3 14.6696 0.01
r 104.6 0.01 3 14.5415 0.01
r 104.8 0.01 3 14.4567 0.01
r 105 0.01 3 14.3824 0.01
r 105.2 0.01 3 14.2881 0.01
r 105.4 0.01 3 14.2038 0.01
r 105.6 0.01 3 13.974 0.01
r 105.8 0.01 3 13.8764 0.01
r 106 0.01 3 13.6933 0.01
r 106.2 0.01 3 13.5938 0.01
r 106.4 0.01 3 13.473 0.01
r 106.6 0.01 3 13.3635 0.01
r 106.8 0.01 3 13.259 0.01
r 107 0.01 3 13.1522 0.01
r 107.2 0.01 3 13.0371 0.01
r 107.4 0.01 3 12.9473 0.01
r 107.6 0.01 3 12.8393 0.01
r 107.8 0.01 3 12.7395 0.01
r 108 0.01 3 12.6432 0.01
r 108.2 0.01 3 12.5481 0.01
r 108.4 0.01 3 12.4107 0.01
r 108.6 0.01 3 12.383 0.01
r 108.8 0.01 3 12.2382 0.01
r 109 0.01 3 12.0659 0.01
r 109.2 0.01 3 11.9758 0.01
r 109.4 0.01 3 11.8834 0.01
r 109.6 0.01 3 11.777 0.01
r 109.8 0.01 3 11.6708 0.01
r 110 0.01 3 11.5742 0.01
r 110.2 0.01 3 11.464 0.01
r 110.4 0.01 3 11.4028 0.01
r 110.6 0.01 3 11.3047 0.01
r 110.8 0.01 3 11.0936 0.01
r 111 0.01 3 11.1262 0.01
r 111.2 0.01 3 10.9683 0.01
r 111.4 0.01 3 10.817 0.01
r 111.6 0.01 3 10.7886 0.01
r 111.8 0.01 3 10.6843 0.01
r 112 0.01 3 10.5813 0.01
r 112.2 0.01 3 10.4609 0.01
r 112.4 0.01 3 10.3533 0.01
r 112.6 0.01 3 10.1791 0.01
r 112.8 0.01 3 10.087 0.01
r 113 0.01 3 10.0746 0.01
r 113.2 0.01 3 9.9747 0.01
r 113.4 0.01 3 9.92404 0.01
r 113.6 0.01 3 9.65383 0.01
r 113.8 0.01 3 9.55493 0.01
r 114 0.01 3 9.4533 0.01
r 114.2 0.01 3 9.34145 0.01
r 114.4 0.01 3 9.25106 0.01
r 114.6 0.01 3 9.1514 0.01
r 114.8 0.01 3 9.05636 0.01
r 115 0.01 3 8.95446 0.01
r 115.2 0.01 3 8.85986 0.01
r 115.4 0.01 3 8.77202 0.01
r 115.6 0.01 3 8.67944 0.01
r 115.8 0.01 3 8.59733 0.01
r 116 0.01 3 8.47783 0.01
r 116.2 0.01 3 8.41909 0.01
r 116.4 0.01 3 8.31891 0.01
r 116.6 0.01 3 8.23112 0.01
r 116.8 0.01 3 8.12781 0.01
r 117 0.01 3 8.21351 0.01
r 117.2 0.01 3 7.96437 0.01
r 117.4 0.01 3 7.87356 0.01
r 117.6 0.01 3 7.87602 0.01
r 117.8 0.01 3 7.6951 0.01
r 118 0.01 3 7.61242 0.01
r 118.2 0.01 3 7.53371 0.01
r 118.4 0.01 3 7.45391 0.01
r 118.6 0.01 3 7.38169 0.01
r 118.8 0.01 3 7.30259 0.01
r 119 0.01 3 7.22978 0.01
r 119.2 0.01 3 7.15548 0.01
r 119.4 0.01 3 7.0866 0.01
r 119.6 0.01 3 7.03707 0.01
r 119.8 0.01 3 6.94891 0.01
r 120 0.01 3 6.89253 0.01
r 120.2 0.01 3 6.81498 0.01
r 120.4 0.01 3 6.76572 0.01
r 120.6 0.01 3 6.6947 0.01
r 120.8 0.01 3 6.63739 0.01
r 121 0.01 3 6.58154 0.01
r 121.2 0.01 3 6.52828 0.01
r 121.4 0.01 3 6.4776 0.01
r 121.6 0.01 3 6.42975 0.01
r 121.8 0.01 3 6.38389 0.01
r 122 0.01 3 6.3405 0.01
r 122.2 0.01 3 6.29933 0.01
r 122.4 0.01 3 6.26082 0.01
r 122.6 0.01 3 6.22477 0.01
r 122.8 0.01 3 6.19155 0.01
r 123 0.01 3 6.16074 0.01
r 123.2 0.01 3 6.13311 0.01
r 123.4 0.01 3 6.10845 0.01
r 123.6 0.01 3 6.08566 0.01
r 123.8 0.01 3 6.06638 0.01
r 124 0.01 3 6.04978 0.01
r 124.2 0.01 3 6.03593 0.01
r 124.4 0.01 3 6.02495 0.01
r 124.6 0.01 3 6.01706 0.01
r 124.8 0.01 3 6.01208 0.01
r 125 0.01 3 6.01198 0.01
r 125.2 0.01 3 6.01259 0.01
r 125.4 0.01 3 6.01516 0.01
r 125.6 0.01 3 6.022 0.01
r 125.8 0.01 3 6.03185 0.01
r 126 0.01 3 6.04471 0.01
r 126.2 0.01 3 6.0605 0.01
r 126.4 0.01 3 6.07937 0.01
r 126.6 0.01 3 6.10653 0.01
r 126.8 0.01 3 6.12684 0.01
r 127 0.01 3 6.15607 0.01
r 127.2 0.01 3 6.18517 0.01
r 127.4 0.01 3 6.21732 0.01
r 127.6 0.01 3 6.25288 0.01
r 127.8 0.01 3 6.29089 0.01
r 128 0.01 3 6.33096 0.01
r 128.2 0.01 3 6.37506 0.01
r 128.4 0.01 3 6.42119 0.01
r 128.6 0.01 3 6.46874 0.01
r 128.8 0.01 3 6.51912 0.01
r 129 0.01 3 6.5748 0.01
r 129.2 0.01 3 7.04797 0.01
r 129.4 0.01 3 6.6877 0.01
r 129.6 0.01 3 6.74636 0.01
r 129.8 0.01 3 6.80869 0.01
r 130 0.01 3 6.87153 0.01
r 130.2 0.01 3 6.93875 0.01
r 130.4 0.01 3 7.00555 0.01
r 130.6 0.01 3 7.07796 0.01
r 130.8 0.01 3 7.53057 0.01
r 131 0.01 3 7.22354 0.01
r 131.2 0.01 3 7.30148 0.01
r 131.4 0.01 3 7.381 0.01
r 131.6 0.01 3 7.45571 0.01
r 131.8 0.01 3 7.54595 0.01
r 132 0.01 3 7.61869 0.01
r 132.2 0.01 3 7.70215 0.01
r 132.4 0.01 3 7.78671 0.01
r 132.6 0.01 3 7.87163 0.01
r 132.8 0.01 3 7.95451 0.01
r 133 0.01 3 8.08737 0.01
r 133.2 0.01 3 8.1823 0.01
r 133.4 0.01 3 8.25761 0.01
r 133.6 0.01 3 8.34211 0.01
r 133.8 0.01 3 8.46746 0.01
r 134 0.01 3 8.53063 0.01
r 134.2 0.01 3 8.61868 0.01
r 134.4 0.01 3 8.71535 0.01
r 134.6 0.01 3 8.81766 0.01
r 134.8 0.01 3 8.90031 0.01
r 135 0.01 3 9.0633 0.01
r 135.2 0.01 3 9.19787 0.01
r 135.4 0.01 3 9.22764 0.01
r 135.6 0.01 3 9.34122 0.01
r 135.8 0.01 3 9.49439 0.01
r 136 0.01 3 9.54405 0.01
r 136.2 0.01 3 10.1237 0.01
r 136.4 0.01 3 9.78187 0.01
r 136.6 0.01 3 9.85839 0.01
r 136.8 0.01 3 10.0149 0.01
r 137 0.01 3 10.0686 0.01
r 137.2 0.01 3 10.2379 0.01
r 137.4 0.01 3 10.4045 0.01
r 137.6 0.01 3 10.5107 0.01
r 137.8 0.01 3 10.5754 0.01
r 138 0.01 3 10.6576 0.01
r 138.2 0.01 3 10.8882 0.01
r 138.4 0.01 3 10.9038 0.01
r 138.6 0.01 3 10.9943 0.01
r 138.8 0.01 3 11.0694 0.01
r 139 0.01 3 11.306 0.01
r 139.2 0.01 3 11.4035 0.01
r 139.4 0.01 3 11.5878 0.01
r 139.6 0.01 3 11.6231 0.01
r 139.8 0.01 3 11.7109 0.01
r 140 0.01 3 11.8182 0.01
r 140.2 0.01 3 11.9105 0.01
r 140.4 0.01 3 12.0062 0.01
r 140.6 0.01 3 12.1255 0.01
r 140.8 0.01 3 12.2104 0.01
r 141 0.01 3 12.3343 0.01
r 141.2 0.01 3 12.4317 0.01
r 141.4 0.01 3 12.5395 0.01
r 141.6 0.01 3 12.6474 0.01
r 141.8 0.01 3 12.7565 0.01
r 142 0.01 3 12.8669 0.01
r 142.2 0.01 3 12.9788 0.01
r 142.4 0.01 3 13.0909 0.01
r 142.6 0.01 3 13.2045 0.01
r 142.8 0.01 3 13.3194 0.01
r 143 0.01 3 13.4441 0.01
r 143.2 0.01 3 13.5537 0.01
r 143.4 0.01 3 13.669 0.01
r 143.6 0.01 3 13.7863 0.01
r 143.8 0.01 3 13.9197 0.01
r 144 0.01 3 14.024 0.01
r 144.2 0.01 3 14.1439 0.01
r 144.4 0.01 3 14.2651 0.01
r 144.6 0.01 3 14.3856 0.01
r 144.8 0.01 3 14.5083 0.01
r 145 0.01 3 14.6416 0.01
r 145.2 0.01 3 14.743 0.01
r 145.4 0.01 3 14.8883 0.01
r 145.6 0.01 3 15.0132 0.01
r 145.8 0.01 3 15.1382 0.01
r 146 0.01 3 15.2632 0.01
r 146.2 0.01 3 15.3884 0.01
r 146.4 0.01 3 15.4985 0.01
r 146.6 0.01 3 15.611 0.01
r 146.8 0.01 3 15.7391 0.01
r 147 0.01 3 15.8714 0.01
r 147.2 0.01 3 15.993 0.01
r 147.4 0.01 3 16.1203 0.01
r 147.6 0.01 3 16.2423 0.01
r 147.8 0.01 3 16.3753 0.01
r 148 0.01 3 16.4973 0.01
r 148.2 0.01 3 16.6345 0.01
r 148.4 0.01 3 16.7632 0.01
r 148.6 0.01 3 16.8916 0.01
r 148.8 0.01 3 17.0103 0.01
r 149 0.01 3 17.3183 0.01
r 149.2 0.01 3 17.4571 0.01
r 149.4 0.01 3 17.5641 0.01
r 149.6 0.01 3 17.688 0.01
r 149.8 0.01 3 18.0508 0.01
r 150 0.01 3 17.8886 0.01
r 150.2 0.01 3 18.267 0.01
r 150.4 0.01 3 18.3605 0.01
r 150.6 0.01 3 18.477 0.01
r 150.8 0.01 3 18.5727 0.01
r 151 0.01 3 18.6574 0.01
r 151.2 0.01 3 18.7727 0.01
r 151.4 0.01 3 18.8917 0.01
r 151.6 0.01 3 18.996 0.01
r 151.8 0.01 3 19.0838 0.01
r 152 0.01 3 19.2087 0.01
r 152.2 0.01 3 19.2986 0.01
r 152.4 0.01 3 19.4255 0.01
r 152.6 0.01 3 19.5348 0.01
r 152.8 0.01 3 19.6501 0.01
r 153 0.01 3 19.7662 0.01
r 153.2 0.01 3 19.8816 0.01
r 153.4 0.01 3 19.9979 0.01
r 153.6 0.01 3 20.1159 0.01
r 153.8 0.01 3 20.2339 0.01
r 154 0.01 3 20.3527 0.01
r 154.2 0.01 3 20.4729 0.01
r 154.4 0.01 3 20.5933 0.01
r 154.6 0.01 3 20.7151 0.01
r 154.8 0.01 3 20.8319 0.01
r 155 0.01 3 20.9558 0.01
r 155.2 0.01 3 21.0792 0.01
r 155.4 0.01 3 21.203 0.01
r 155.6 0.01 3 21.3272 0.01
r 155.8 0.01 3 21.452 0.01
r 156 0.01 3 21.5768 0.01
r 156.2 0.01 3 21.7018 0.01
r 156.4 0.01 3 21.8268 0.01
r 156.6 0.01 3 21.9523 0.01
r 156.8 0.01 3 22.0782 0.01
r 157 0.01 3 22.3977 0.01
r 157.2 0.01 3 22.5726 0.01
r 157.4 0.01 3 22.5085 0.01
r 157.6 0.01 3 22.8112 0.01
r 157.8 0.01 3 22.7691 0.01
r 158 0.01 3 23.027 0.01
r 158.2 0.01 3 23.0417 0.01
r 158.4 0.01 3 23.1607 0.01
r 158.6 0.01 3 23.3651 0.01
r 158.8 0.01 3 23.4787 0.01
r 159 0.01 3 23.5851 0.01
r 159.2 0.01 3 23.7053 0.01
r 159.4 0.01 3 23.8279 0.01
r 159.6 0.01 3 23.9508 0.01
r 159.8 0.01 3 24.0728 0.01
r 160 0.01 3 24.1926 0.01
r 160.2 0.01 3 24.3132 0.01
r 160.4 0.01 3 24.4341 0.01
r 160.6 0.01 3 24.5564 0.01
r 160.8 0.01 3 24.6774 0.01
r 161 0.01 3 24.7954 0.01
r 161.2 0.01 3 24.9198 0.01
r 161.4 0.01 3 25.044 0.01
r 161.6 0.01 3 25.1688 0.01
r 161.8 0.01 3 25.2944 0.01
r 162 0.01 3 25.4192 0.01
r 162.2 0.01 3 25.5443 0.01
r 162.4 0.01 3 25.6695 0.01
r 162.6 0.01 3 25.7946 0.01
r 162.8 0.01 3 25.9206 0.01
r 163 0.01 3 26.0451 0.01
r 163.2 0.01 3 26.1715 0.01
r 163.4 0.01 3 26.2987 0.01
r 163.6 0.01 3 26.4255 0.01
r 163.8 0.01 3 26.554 0.01
r 164 0.01 3 26.6803 0.01
r 164.2 0.01 3 26.8081 0.01
r 164.4 0.01 3 26.9359 0.01
r 164.6 0.01 3 27.0632 0.01
r 164.8 0.01 3 27.191 0.01
r 165 0.01 3 27.3192 0.01
s 135 3 602
r 115 0.01 2 13.4665 0.01
r 115.2 0.01 2 13.3373 0.01
r 115.4 0.01 2 13.2073 0.01
r 115.6 0.01 2 13.0771 0.01
r 115.8 0.01 2 12.9469 0.01
r 116 0.01 2 12.8166 0.01
r 116.2 0.01 2 12.6862 0.01
r 116.4 0.01 2 12.5557 0.01
r 116.6 0.01 2 12.4253 0.01
r 116.8 0.01 2 12.2949 0.01
r 117 0.01 2 12.1646 0.01
r 117.2 0.01 2 12.0343 0.01
r 117.4 0.01 2 11.904 0.01
r 117.6 0.01 2 11.7737 0.01
r 117.8 0.01 2 11.6438 0.01
r 118 0.01 2 11.5136 0.01
r 118.2 0.01 2 11.3836 0.01
r 118.4 0.01 2 11.2534 0.01
r 118.6 0.01 2 11.1235 0.01
r 118.8 0.01 2 10.9933 0.01
r 119 0.01 2 10.863 0.01
r 119.2 0.01 2 10.733 0.01
r 119.4 0.01 2 10.603 0.01
r 119.6 0.01 2 10.473 0.01
r 119.8 0.01 2 10.3431 0.01
r 120 0.01 2 10.2133 0.01
r 120.2 0.01 2 10.0834 0.01
r 120.4 0.01 2 9.95354 0.01
r 120.6 0.01 2 9.8237 0.01
r 120.8 0.01 2 9.69371 0.01
r 121 0.01 2 9.56359 0.01
r 121.2 0.01 2 9.43356 0.01
r 121.4 0.01 2 9.30351 0.01
r 121.6 0.01 2 9.17335 0.01
r 121.8 0.01 2 9.04305 0.01
r 122 0.01 2 8.91268 0.01
r 122.2 0.01 2 8.78228 0.01
r 122.4 0.01 2 8.65194 0.01
r 122.6 0.01 2 8.52209 0.01
r 122.8 0.01 2 8.39223 0.01
r 123 0.01 2 8.26156 0.01
r 123.2 0.01 2 8.13156 0.01
r 123.4 0.01 2 8.00166 0.01
r 123.6 0.01 2 7.87189 0.01
r 123.8 0.01 2 7.74235 0.01
r 124 0.01 2 7.61299 0.01
r 124.2 0.01 2 7.48374 0.01
r 124.4 0.01 2 7.35467 0.01
r 124.6 0.01 2 7.22583 0.01
r 124.8 0.01 2 7.09719 0.01
r 125 0.01 2 6.96905 0.01
r 125.2 0.01 2 6.84096 0.01
r 125.4 0.01 2 6.71301 0.01
r 125.6 0.01 2 6.58537 0.01
r 125.8 0.01 2 6.45811 0.01
r 126 0.01 2 6.33096 0.01
r 126.2 0.01 2 6.20421 0.01
r 126.4 0.01 2 6.07771 0.01
r 126.6 0.01 2 5.95159 0.01
r 126.8 0.01 2 5.82616 0.01
r 127 0.01 2 5.69951 0.01
r 127.2 0.01 2 5.57458 0.01
r 127.4 0.01 2 5.44984 0.01
r 127.6 0.01 2 5.32557 0.01
r 127.8 0.01 2 5.20172 0.01
r 128 0.01 2 5.07839 0.01
r 128.2 0.01 2 4.95553 0.01
r 128.4 0.01 2 4.83343 0.01
r 128.6 0.01 2 4.71193 0.01
r 128.8 0.01 2 4.59106 0.01
r 129 0.01 2 4.4711 0.01
r 129.2 0.01 2 4.35179 0.01
r 129.4 0.01 2 4.23339 0.01
r 129.6 0.01 2 4.11599 0.01
r 129.8 0.01 2 3.99956 0.01
r 130 0.01 2 3.88428 0.01
r 130.2 0.01 2 3.77015 0.01
r 130.4 0.01 2 3.65741 0.01
r 130.6 0.01 2 3.54601 0.01
r 130.8 0.01 2 3.43633 0.01
r 131 0.01 2 3.32954 0.01
r 131.2 0.01 2 3.22323 0.01
r 131.4 0.01 2 3.11924 0.01
r 131.6 0.01 2 3.01761 0.01
r 131.8 0.01 2 2.91881 0.01
r 132 0.01 2 2.82263 0.01
r 132.2 0.01 2 2.72974 0.01
r 132.4 0.01 2 2.64036 0.01
r 132.6 0.01 2 2.5551 0.01
r 132.8 0.01 2 2.47383 0.01
r 133 0.01 2 2.39855 0.01
r 133.2 0.01 2 2.32775 0.01
r 133.4 0.01 2 2.26116 0.01
r 133.6 0.01 2 2.20125 0.01
r 133.8 0.01 2 2.15026 0.01
r 134 0.01 2 2.10472 0.01
r 134.2 0.01 2 2.06724 0.01
r 134.4 0.01 2 2.03298 0.01
r 134.6 0.01 2 2.01007 0.01
r 134.8 0.01 2 1.99693 0.01
r 135 0.01 2 1.99404 0.01
r 135.2 0.01 2 1.99858 0.01
r 135.4 0.01 2 2.01086 0.01
r 135.6 0.01 2 2.03144 0.01
r 135.8 0.01 2 2.0616 0.01
r 136 0.01 2 2.09997 0.01
r 136.2 0.01 2 2.14589 0.01
r 136.4 0.01 2 2.19905 0.01
r 136.6 0.01 2 2.25895 0.01
r 136.8 0.01 2 2.32524 0.01
r 137 0.01 2 2.39645 0.01
r 137.2 0.01 2 2.47331 0.01
r 137.4 0.01 2 2.55498 0.01
r 137.6 0.01 2 2.64045 0.01
r 137.8 0.01 2 2.72972 0.01
r 138 0.01 2 2.82272 0.01
r 138.2 0.01 2 2.91885 0.01
r 138.4 0.01 2 3.01762 0.01
r 138.6 0.01 2 3.11899 0.01
r 138.8 0.01 2 3.22264 0.01
r 139 0.01 2 3.32861 0.01
r 139.2 0.01 2 3.43627 0.01
r 139.4 0.01 2 3.54559 0.01
r 139.6 0.01 2 3.6564 0.01
r 139.8 0.01 2 3.76868 0.01
r 140 0.01 2 3.88233 0.01
r 140.2 0.01 2 3.99721 0.01
r 140.4 0.01 2 4.11334 0.01
r 140.6 0.01 2 4.23053 0.01
r 140.8 0.01 2 4.34867 0.01
r 141 0.01 2 4.4675 0.01
r 141.2 0.01 2 4.58724 0.01
r 141.4 0.01 2 4.70778 0.01
r 141.6 0.01 2 4.82894 0.01
r 141.8 0.01 2 4.95248 0.01
r 142 0.01 2 5.07387 0.01
r 142.2 0.01 2 5.19628 0.01
r 142.4 0.01 2 5.31955 0.01
r 142.6 0.01 2 5.4437 0.01
r 142.8 0.01 2 5.56853 0.01
r 143 0.01 2 5.69269 0.01
r 143.2 0.01 2 5.81808 0.01
r 143.4 0.01 2 5.94407 0.01
r 143.6 0.01 2 6.07043 0.01
r 143.8 0.01 2 6.19731 0.01
r 144 0.01 2 6.32449 0.01
r 144.2 0.01 2 6.4486 0.01
r 144.4 0.01 2 6.57551 0.01
r 144.6 0.01 2 6.7027 0.01
r 144.8 0.01 2 6.8301 0.01
r 145 0.01 2 6.95795 0.01
r 145.2 0.01 2 7.086 0.01
r 145.4 0.01 2 7.21424 0.01
r 145.6 0.01 2 7.34271 0.01
r 145.8 0.01 2 7.4714 0.01
r 146 0.01 2 7.60026 0.01
r 146.2 0.01 2 7.72692 0.01
r 146.4 0.01 2 7.85574 0.01
r 146.6 0.01 2 7.98476 0.01
r 146.8 0.01 2 8.11384 0.01
r 147 0.01 2 8.24324 0.01
r 147.2 0.01 2 8.37286 0.01
r 147.4 0.01 2 8.50276 0.01
r 147.6 0.01 2 8.63288 0.01
r 147.8 0.01 2 8.76295 0.01
r 148 0.01 2 8.89304 0.01
r 148.2 0.01 2 9.02322 0.01
r 148.4 0.01 2 9.15353 0.01
r 148.6 0.01 2 9.28414 0.01
r 148.8 0.01 2 9.41486 0.01
r 149 0.01 2 9.54483 0.01
r 149.2 0.01 2 9.67648 0.01
r 149.4 0.01 2 9.80693 0.01
r 149.6 0.01 2 9.93753 0.01
r 149.8 0.01 2 10.0683 0.01
r 150 0.01 2 10.1991 0.01
r 150.2 0.01 2 10.3301 0.01
r 150.4 0.01 2 10.4612 0.01
r 150.6 0.01 2 10.5922 0.01
r 150.8 0.01 2 10.7233 0.01
r 151 0.01 2 10.8545 0.01
r 151.2 0.01 2 10.9857 0.01
r 151.4 0.01 2 11.1169 0.01
r 151.6 0.01 2 11.2479 0.01
r 151.8 0.01 2 11.3791 0.01
r 152 0.01 2 11.5102 0.01
r 152.2 0.01 2 11.6414 0.01
r 152.4 0.01 2 11.7727 0.01
r 152.6 0.01 2 11.9041 0.01
r 152.8 0.01 2 12.0356 0.01
r 153 0.01 2 12.167 0.01
r 153.2 0.01 2 12.2984 0.01
r 153.4 0.01 2 12.4301 0.01
r 153.6 0.01 2 12.5616 0.01
r 153.8 0.01 2 12.6931 0.01
r 154 0.01 2 12.8246 0.01
r 154.2 0.01 2 12.9563 0.01
r 154.4 0.01 2 13.0881 0.01
r 154.6 0.01 2 13.2199 0.01
r 154.8 0.01 2 13.3517 0.01
r 155 0.01 2 13.4834 0.01
r 95 0.01 3 26.6849 0.01
r 95.2 0.01 3 26.5589 0.01
r 95.4 0.01 3 26.433 0.01
r 95.6 0.01 3 26.3074 0.01
r 95.8 0.01 3 26.1818 0.01
r 96 0.01 3 26.0565 0.01
r 96.2 0.01 3 25.9314 0.01
r 96.4 0.01 3 25.8064 0.01
r 96.6 0.01 3 25.6815 0.01
r 96.8 0.01 3 25.5569 0.01
r 97 0.01 3 25.4277 0.01
r 97.2 0.01 3 25.303 0.01
r 97.4 0.01 3 25.1786 0.01
r 97.6 0.01 3 25.0544 0.01
r 97.8 0.01 3 24.9302 0.01
r 98 0.01 3 24.8064 0.01
r 98.2 0.01 3 24.6827 0.01
r 98.4 0.01 3 24.5592 0.01
r 98.6 0.01 3 24.436 0.01
r 98.8 0.01 3 24.3131 0.01
r 99 0.01 3 24.19 0.01
r 99.2 0.01 3 24.0672 0.01
r 99.4 0.01 3 23.9444 0.01
r 99.6 0.01 3 23.8217 0.01
r 99.8 0.01 3 23.6993 0.01
r 100 0.01 3 23.577 0.01
r 100.2 0.01 3 23.4546 0.01
r 100.4 0.01 3 23.3326 0.01
r 100.6 0.01 3 23.2108 0.01
r 100.8 0.01 3 23.0894 0.01
r 101 0.01 3 22.9685 0.01
r 101.2 0.01 3 22.8478 0.01
r 101.4 0.01 3 22.7275 0.01
r 101.6 0.01 3 22.6076 0.01
r 101.8 0.01 3 22.488 0.01
r 102 0.01 3 22.3696 0.01
r 102.2 0.01 3 22.2508 0.01
r 102.4 0.01 3 22.1327 0.01
r 102.6 0.01 3 22.015 0.01
r 102.8 0.01 3 21.8975 0.01
r 103 0.01 3 21.7824 0.01
r 103.2 0.01 3 21.6689 0.01
r 103.4 0.01 3 21.5529 0.01
r 103.6 0.01 3 21.437 0.01
r 103.8 0.01 3 21.3212 0.01
r 104 0.01 3 21.208 0.01
r 104.2 0.01 3 21.0929 0.01
r 104.4 0.01 3 20.9795 0.01
r 104.6 0.01 3 20.8666 0.01
r 104.8 0.01 3 20.7531 0.01
r 105 0.01 3 20.6504 0.01
r 105.2 0.01 3 20.5338 0.01
r 105.4 0.01 3 20.4277 0.01
r 105.6 0.01 3 20.3288 0.01
r 105.8 0.01 3 20.2106 0.01
r 106 0.01 3 20.1138 0.01
r 106.2 0.01 3 20.0038 0.01
r 106.4 0.01 3 19.8953 0.01
r 106.6 0.01 3 19.7808 0.01
r 106.8 0.01 3 19.6476 0.01
r 107 0.01 3 19.6215 0.01
r 107.2 0.01 3 19.5273 0.01
r 107.4 0.01 3 19.2712 0.01
r 107.6 0.01 3 19.101 0.01
r 107.8 0.01 3 19.1522 0.01
r 108 0.01 3 19.1046 0.01
r 108.2 0.01 3 18.7578 0.01
r 108.4 0.01 3 18.7857 0.01
r 108.6 0.01 3 18.5361 0.01
r 108.8 0.01 3 18.5972 0.01
r 109 0.01 3 18.3415 0.01
r 109.2 0.01 3 18.2163 0.01
r 109.4 0.01 3 18.1109 0.01
r 109.6 0.01 3 18.0081 0.01
r 109.8 0.01 3 17.8986 0.01
r 110 0.01 3 17.7685 0.01
r 110.2 0.01 3 17.6961 0.01
r 110.4 0.01 3 17.5824 0.01
r 110.6 0.01 3 17.4011 0.01
r 110.8 0.01 3 17.3951 0.01
r 111 0.01 3 17.159 0.01
r 111.2 0.01 3 17.0698 0.01
r 111.4 0.01 3 16.9591 0.01
r 111.6 0.01 3 16.8513 0.01
r 111.8 0.01 3 16.8086 0.01
r 112 0.01 3 16.6666 0.01
r 112.2 0.01 3 16.4397 0.01
r 112.4 0.01 3 16.3971 0.01
r 112.6 0.01 3 16.411 0.01
r 112.8 0.01 3 16.1867 0.01
r 113 0.01 3 16.0242 0.01
r 113.2 0.01 3 15.994 0.01
r 113.4 0.01 3 15.6815 0.01
r 113.6 0.01 3 15.7091 0.01
r 113.8 0.01 3 15.5213 0.01
r 114 0.01 3 15.4106 0.01
r 114.2 0.01 3 15.2776 0.01
r 114.4 0.01 3 15.0495 0.01
r 114.6 0.01 3 15.0352 0.01
r 114.8 0.01 3 14.841 0.01
r 115 0.01 3 15.1511 0.01
r 115.2 0.01 3 15.1087 0.01
r 115.4 0.01 3 14.5169 0.01
r 115.6 0.01 3 14.7483 0.01
r 115.8 0.01 3 14.337 0.01
r 116 0.01 3 14.1569 0.01
r 116.2 0.01 3 13.9564 0.01
r 116.4 0.01 3 13.9607 0.01
r 116.6 0.01 3 13.9345 0.01
r 116.8 0.01 3 13.8815 0.01
r 117 0.01 3 13.5419 0.01
r 117.2 0.01 3 13.4166 0.01
r 117.4 0.01 3 13.2977 0.01
r 117.6 0.01 3 13.1753 0.01
r 117.8 0.01 3 13.0526 0.01
r 118 0.01 3 12.9238 0.01
r 118.2 0.01 3 12.8107 0.01
r 118.4 0.01 3 12.6867 0.01
r 118.6 0.01 3 12.5632 0.01
r 118.8 0.01 3 12.422 0.01
r 119 0.01 3 12.3085 0.01
r 119.2 0.01 3 12.2115 0.01
r 119.4 0.01 3 12.094 0.01
r 119.6 0.01 3 11.9484 0.01
r 119.8 0.01 3 11.8281 0.01
r 120 0.01 3 11.7154 0.01
r 120.2 0.01 3 11.5843 0.01
r 120.4 0.01 3 11.4817 0.01
r 120.6 0.01 3 11.3705 0.01
r 120.8 0.01 3 11.254 0.01
r 121 0.01 3 11.1564 0.01
r 121.2 0.01 3 11.0339 0.01
r 121.4 0.01 3 10.9031 0.01
r 121.6 0.01 3 10.7845 0.01
r 121.8 0.01 3 10.6727 0.01
r 122 0.01 3 10.5704 0.01
r 122.2 0.01 3 10.4597 0.01
r 122.4 0.01 3 10.3404 0.01
r 122.6 0.01 3 10.2395 0.01
r 122.8 0.01 3 10.1294 0.01
r 123 0.01 3 10.007 0.01
r 123.2 0.01 3 9.90123 0.01
r 123.4 0.01 3 9.83902 0.01
r 123.6 0.01 3 9.68879 0.01
r 123.8 0.01 3 9.58336 0.01
r 124 0.01 3 9.48136 0.01
r 124.2 0.01 3 9.38025 0.01
r 124.4 0.01 3 9.28021 0.01
r 124.6 0.01 3 9.18487 0.01
r 124.8 0.01 3 9.08011 0.01
r 125 0.01 3 8.97045 0.01
r 125.2 0.01 3 8.87548 0.01
r 125.4 0.01 3 8.77504 0.01
r 125.6 0.01 3 8.67993 0.01
r 125.8 0.01 3 8.58669 0.01
r 126 0.01 3 8.49325 0.01
r 126.2 0.01 3 8.40261 0.01
r 126.4 0.01 3 8.30987 0.01
r 126.6 0.01 3 8.21906 0.01
r 126.8 0.01 3 8.1354 0.01
r 127 0.01 3 8.09479 0.01
r 127.2 0.01 3 8.01305 0.01
r 127.4 0.01 3 7.87952 0.01
r 127.6 0.01 3 7.78568 0.01
r 127.8 0.01 3 7.86613 0.01
r 128 0.01 3 7.6494 0.01
r 128.2 0.01 3 7.59588 0.01
r 128.4 0.01 3 7.56606 0.01
r 128.6 0.01 3 7.48905 0.01
r 128.8 0.01 3 7.33551 0.01
r 129 0.01 3 7.21104 0.01
r 129.2 0.01 3 7.13613 0.01
r 129.4 0.01 3 7.064 0.01
r 129.6 0.01 3 6.99405 0.01
r 129.8 0.01 3 6.92679 0.01
r 130 0.01 3 6.86038 0.01
r 130.2 0.01 3 6.79703 0.01
r 130.4 0.01 3 6.73459 0.01
r 130.6 0.01 3 6.6755 0.01
r 130.8 0.01 3 6.61863 0.01
r 131 0.01 3 6.56156 0.01
r 131.2 0.01 3 6.50825 0.01
r 131.4 0.01 3 6.45774 0.01
r 131.6 0.01 3 6.59999 0.01
r 131.8 0.01 3 6.36231 0.01
r 132 0.01 3 6.31913 0.01
r 132.2 0.01 3 6.46551 0.01
r 132.4 0.01 3 6.23835 0.01
r 132.6 0.01 3 6.20136 0.01
r 132.8 0.01 3 6.16876 0.01
r 133 0.01 3 6.1385 0.01
r 133.2 0.01 3 6.11001 0.01
r 133.4 0.01 3 6.08456 0.01
r 133.6 0.01 3 6.06231 0.01
r 133.8 0.01 3 6.04352 0.01
r 134 0.01 3 6.02574 0.01
r 134.2 0.01 3 6.01291 0.01
r 134.4 0.01 3 6.00466 0.01
r 134.6 0.01 3 5.99517 0.01
r 134.8 0.01 3 5.99017 0.01
r 135 0.01 3 5.99006 0.01
r 135.2 0.01 3 5.99009 0.01
r 135.4 0.01 3 5.99391 0.01
r 135.6 0.01 3 6.00117 0.01
r 135.8 0.01 3 6.01134 0.01
r 136 0.01 3 6.02452 0.01
r 136.2 0.01 3 6.04073 0.01
r 136.4 0.01 3 6.06 0.01
r 136.6 0.01 3 6.08762 0.01
r 136.8 0.01 3 6.1081 0.01
r 137 0.01 3 6.13471 0.01
r 137.2 0.01 3 6.16491 0.01
r 137.4 0.01 3 6.22973 0.01
r 137.6 0.01 3 6.2389 0.01
r 137.8 0.01 3 6.27297 0.01
r 138 0.01 3 6.32288 0.01
r 138.2 0.01 3 6.36219 0.01
r 138.4 0.01 3 6.40569 0.01
r 138.6 0.01 3 6.45212 0.01
r 138.8 0.01 3 6.50188 0.01
r 139 0.01 3 6.55464 0.01
r 139.2 0.01 3 6.61256 0.01
r 139.4 0.01 3 6.66881 0.01
r 139.6 0.01 3 6.72953 0.01
r 139.8 0.01 3 6.80129 0.01
r 140 0.01 3 6.86081 0.01
r 140.2 0.01 3 6.94152 0.01
r 140.4 0.01 3 7.02401 0.01
r 140.6 0.01 3 7.08024 0.01
r 140.8 0.01 3 7.18428 0.01
r 141 0.01 3 7.24 0.01
r 141.2 0.01 3 7.3312 0.01
r 141.4 0.01 3 7.40166 0.01
r 141.6 0.01 3 7.49886 0.01
r 141.8 0.01 3 7.59326 0.01
r 142 0.01 3 7.69587 0.01
r 142.2 0.01 3 7.80098 0.01
r 142.4 0.01 3 7.8835 0.01
r 142.6 0.01 3 7.98435 0.01
r 142.8 0.01 3 8.11818 0.01
r 143 0.01 3 8.22999 0.01
r 143.2 0.01 3 8.3403 0.01
r 143.4 0.01 3 8.4223 0.01
r 143.6 0.01 3 8.52852 0.01
r 143.8 0.01 3 8.67091 0.01
r 144 0.01 3 8.83027 0.01
r 144.2 0.01 3 8.89821 0.01
r 144.4 0.01 3 9.0167 0.01
r 144.6 0.01 3 9.147 0.01
r 144.8 0.01 3 9.25103 0.01
r 145 0.01 3 9.33702 0.01
r 145.2 0.01 3 9.48056 0.01
r 145.4 0.01 3 9.55442 0.01
r 145.6 0.01 3 9.71295 0.01
r 145.8 0.01 3 9.86229 0.01
r 146 0.01 3 9.4975 0.01
r 146.2 0.01 3 9.61214 0.01
r 146.4 0.01 3 10.2061 0.01
r 146.6 0.01 3 10.3181 0.01
r 146.8 0.01 3 10.4767 0.01
r 147 0.01 3 10.0219 0.01
r 147.2 0.01 3 10.2883 0.01
r 147.4 0.01 3 10.245 0.01
r 147.6 0.01 3 10.9163 0.01
r 147.8 0.01 3 10.4719 0.01
r 148 0.01 3 10.5839 0.01
r 148.2 0.01 3 10.8806 0.01
r 148.4 0.01 3 10.9465 0.01
r 148.6 0.01 3 10.9429 0.01
r 148.8 0.01 3 11.042 0.01
r 149 0.01 3 11.2047 0.01
r 149.2 0.01 3 11.3142 0.01
r 149.4 0.01 3 11.38 0.01
r 149.6 0.01 3 11.5203 0.01
r 149.8 0.01 3 11.6813 0.01
r 150 0.01 3 11.7953 0.01
r 150.2 0.01 3 11.9498 0.01
r 150.4 0.01 3 12.0066 0.01
r 150.6 0.01 3 12.1088 0.01
r 150.8 0.01 3 12.2181 0.01
r 151 0.01 3 12.3077 0.01
r 151.2 0.01 3 12.4719 0.01
r 151.4 0.01 3 12.5338 0.01
r 151.6 0.01 3 12.6769 0.01
r 151.8 0.01 3 12.767 0.01
r 152 0.01 3 12.8693 0.01
r 152.2 0.01 3 12.9871 0.01
r 152.4 0.01 3 13.0919 0.01
r 152.6 0.01 3 13.2092 0.01
r 152.8 0.01 3 13.331 0.01
r 153 0.01 3 13.4299 0.01
r 153.2 0.01 3 13.5465 0.01
r 153.4 0.01 3 13.6753 0.01
r 153.6 0.01 3 13.7917 0.01
r 153.8 0.01 3 13.9108 0.01
r 154 0.01 3 14.0241 0.01
r 154.2 0.01 3 14.1476 0.01
r 154.4 0.01 3 14.2664 0.01
r 154.6 0.01 3 14.3881 0.01
r 154.8 0.01 3 14.5101 0.01
r 155 0.01 3 14.6335 0.01
r 155.2 0.01 3 14.7568 0.01
r 155.4 0.01 3 14.8803 0.01
r 155.6 0.01 3 15.0043 0.01
r 155.8 0.01 3 15.1288 0.01
r 156 0.01 3 15.2535 0.01
r 156.2 0.01 3 15.3786 0.01
r 156.4 0.01 3 15.504 0.01
r 156.6 0.01 3 15.6296 0.01
r 156.8 0.01 3 15.7557 0.01
r 157 0.01 3 15.9008 0.01
r 157.2 0.01 3 15.991 0.01
r 157.4 0.01 3 16.1641 0.01
r 157.6 0.01 3 16.2558 0.01
r 157.8 0.01 3 16.3834 0.01
r 158 0.01 3 16.5307 0.01
r 158.2 0.01 3 16.7843 0.01
r 158.4 0.01 3 16.8946 0.01
r 158.6 0.01 3 16.9242 0.01
r 158.8 0.01 3 17.0022 0.01
r 159 0.01 3 17.1615 0.01
r 159.2 0.01 3 17.3444 0.01
r 159.4 0.01 3 17.4721 0.01
r 159.6 0.01 3 17.5977 0.01
r 159.8 0.01 3 17.6511 0.01
r 160 0.01 3 17.7774 0.01
r 160.2 0.01 3 17.8999 0.01
r 160.4 0.01 3 18.0913 0.01
r 160.6 0.01 3 18.2115 0.01
r 160.8 0.01 3 18.331 0.01
r 161 0.01 3 18.3736 0.01
r 161.2 0.01 3 18.5241 0.01
r 161.4 0.01 3 18.626 0.01
r 161.6 0.01 3 18.7947 0.01
r 161.8 0.01 3 18.9508 0.01
r 162 0.01 3 19.0758 0.01
r 162.2 0.01 3 19.1998 0.01
r 162.4 0.01 3 19.3253 0.01
r 162.6 0.01 3 19.4492 0.01
r 162.8 0.01 3 19.5738 0.01
r 163 0.01 3 19.6485 0.01
r 163.2 0.01 3 19.8278 0.01
r 163.4 0.01 3 19.9521 0.01
r 163.6 0.01 3 20.0781 0.01
r 163.8 0.01 3 20.2043 0.01
r 164 0.01 3 20.3311 0.01
r 164.2 0.01 3 20.4587 0.01
r 164.4 0.01 3 20.5857 0.01
r 164.6 0.01 3 20.7134 0.01
r 164.8 0.01 3 20.8413 0.01
r 165 0.01 3 20.9697 0.01
r 165.2 0.01 3 21.0979 0.01
r 165.4 0.01 3 21.2263 0.01
r 165.6 0.01 3 21.355 0.01
r 165.8 0.01 3 21.4839 0.01
r 166 0.01 3 21.6129 0.01
r 166.2 0.01 3 21.7422 0.01
r 166.4 0.01 3 21.8717 0.01
r 166.6 0.01 3 22.0012 0.01
r 166.8 0.01 3 22.131 0.01
r 167 0.01 3 22.2588 0.01
r 167.2 0.01 3 22.3886 0.01
r 167.4 0.01 3 22.5185 0.01
r 167.6 0.01 3 22.6485 0.01
r 167.8 0.01 3 22.7787 0.01
r 168 0.01 3 22.909 0.01
r 168.2 0.01 3 23.0394 0.01
r 168.4 0.01 3 23.17 0.01
r 168.6 0.01 3 23.3007 0.01
r 168.8 0.01 3 23.4314 0.01
r 169 0.01 3 23.437 0.01
r 169.2 0.01 3 23.5656 0.01
r 169.4 0.01 3 23.6946 0.01
r 169.6 0.01 3 23.8232 0.01
r 169.8 0.01 3 23.9524 0.01
r 170 0.01 3 24.0817 0.01
r 170.2 0.01 3 24.2112 0.01
r 170.4 0.01 3 24.3405 0.01
r 170.6 0.01 3 24.4699 0.01
r 170.8 0.01 3 24.6007 0.01
r 171 0.01 3 24.7283 0.01
r 171.2 0.01 3 24.8573 0.01
r 171.4 0.01 3 24.9865 0.01
r 171.6 0.01 3 25.1158 0.01
r 171.8 0.01 3 25.2452 0.01
r 172 0.01 3 25.3749 0.01
r 172.2 0.01 3 25.5046 0.01
r 172.4 0.01 3 25.6345 0.01
r 172.6 0.01 3 25.7645 0.01
r 172.8 0.01 3 25.8946 0.01
r 173 0.01 3 26.0246 0.01
r 173.2 0.01 3 26.1546 0.01
r 173.4 0.01 3 26.2848 0.01
r 173.6 0.01 3 26.4151 0.01
r 173.8 0.01 3 26.5454 0.01
r 174 0.01 3 26.6761 0.01
r 174.2 0.01 3 26.8067 0.01
r 174.4 0.01 3 26.9374 0.01
r 174.6 0.01 3 27.068 0.01
r 174.8 0.01 3 27.1989 0.01
r 175 0.01 3 27.3283 0.01
s 145 3 602
r 125 0.01 2 13.4903 0.01
r 125.2 0.01 2 13.358 0.01
r 125.4 0.01 2 13.2256 0.01
r 125.6 0.01 2 13.0934 0.01
r 125.8 0.01 2 12.9612 0.01
r 126 0.01 2 12.8291 0.01
r 126.2 0.01 2 12.6969 0.01
r 126.4 0.01 2 12.5648 0.01
r 126.6 0.01 2 12.4327 0.01
r 126.8 0.01 2 12.3007 0.01
r 127 0.01 2 12.169 0.01
r 127.2 0.01 2 12.0371 0.01
r 127.4 0.01 2 11.9053 0.01
r 127.6 0.01 2 11.7736 0.01
r 127.8 0.01 2 11.6419 0.01
r 128 0.01 2 11.5103 0.01
r 128.2 0.01 2 11.3788 0.01
r 128.4 0.01 2 11.2474 0.01
r 128.6 0.01 2 11.1162 0.01
r 128.8 0.01 2 10.9851 0.01
r 129 0.01 2 10.8536 0.01
r 129.2 0.01 2 10.7225 0.01
r 129.4 0.01 2 10.5914 0.01
r 129.6 0.01 2 10.4603 0.01
r 129.8 0.01 2 10.3294 0.01
r 130 0.01 2 10.1984 0.01
r 130.2 0.01 2 10.0676 0.01
r 130.4 0.01 2 9.93677 0.01
r 130.6 0.01 2 9.80601 0.01
r 130.8 0.01 2 9.67517 0.01
r 131 0.01 2 9.5445 0.01
r 131.2 0.01 2 9.41614 0.01
r 131.4 0.01 2 9.28523 0.01
r 131.6 0.01 2 9.15457 0.01
r 131.8 0.01 2 9.02418 0.01
r 132 0.01 2 8.89411 0.01
r 132.2 0.01 2 8.76428 0.01
r 132.4 0.01 2 8.63466 0.01
r 132.6 0.01 2 8.50514 0.01
r 132.8 0.01 2 8.37602 0.01
r 133 0.01 2 8.2473 0.01
r 133.2 0.01 2 8.11839 0.01
r 133.4 0.01 2 7.98996 0.01
r 133.6 0.01 2 7.86181 0.01
r 133.8 0.01 2 7.73229 0.01
r 134 0.01 2 7.6041 0.01
r 134.2 0.01 2 7.47601 0.01
r 134.4 0.01 2 7.34797 0.01
r 134.6 0.01 2 7.22016 0.01
r 134.8 0.01 2 7.09263 0.01
r 135 0.01 2 6.96555 0.01
r 135.2 0.01 2 6.83825 0.01
r 135.4 0.01 2 6.71109 0.01
r 135.6 0.01 2 6.58426 0.01
r 135.8 0.01 2 6.45768 0.01
r 136 0.01 2 6.33132 0.01
r 136.2 0.01 2 6.20514 0.01
r 136.4 0.01 2 6.07932 0.01
r 136.6 0.01 2 5.95365 0.01
r 136.8 0.01 2 5.82869 0.01
r 137 0.01 2 5.70255 0.01
r 137.2 0.01 2 5.57782 0.01
r 137.4 0.01 2 5.45339 0.01
r 137.6 0.01 2 5.32941 0.01
r 137.8 0.01 2 5.20568 0.01
r 138 0.01 2 5.08248 0.01
r 138.2 0.01 2 4.95973 0.01
r 138.4 0.01 2 4.83762 0.01
r 138.6 0.01 2 4.71618 0.01
r 138.8 0.01 2 4.59539 0.01
r 139 0.01 2 4.47577 0.01
r 139.2 0.01 2 4.35872 0.01
r 139.4 0.01 2 4.23977 0.01
r 139.6 0.01 2 4.12153 0.01
r 139.8 0.01 2 4.00519 0.01
r 140 0.01 2 3.88934 0.01
r 140.2 0.01 2 3.77515 0.01
r 140.4 0.01 2 3.66239 0.01
r 140.6 0.01 2 3.55089 0.01
r 140.8 0.01 2 3.44108 0.01
r 141 0.01 2 3.33559 0.01
r 141.2 0.01 2 3.22942 0.01
r 141.4 0.01 2 3.12478 0.01
r 141.6 0.01 2 3.02349 0.01
r 141.8 0.01 2 2.92494 0.01
r 142 0.01 2 2.82854 0.01
r 142.2 0.01 2 2.73452 0.01
r 142.4 0.01 2 2.6437 0.01
r 142.6 0.01 2 2.55951 0.01
r 142.8 0.01 2 2.4783 0.01
r 143 0.01 2 2.40252 0.01
r 143.2 0.01 2 2.33078 0.01
r 143.4 0.01 2 2.26317 0.01
r 143.6 0.01 2 2.20315 0.01
r 143.8 0.01 2 2.14996 0.01
r 144 0.01 2 2.10346 0.01
r 144.2 0.01 2 2.06551 0.01
r 144.4 0.01 2 2.03463 0.01
r 144.6 0.01 2 2.01263 0.01
r 144.8 0.01 2 2.00014 0.01
r 145 0.01 2 1.99705 0.01
r 145.2 0.01 2 2.00165 0.01
r 145.4 0.01 2 2.0138 0.01
r 145.6 0.01 2 2.03468 0.01
r 145.8 0.01 2 2.06493 0.01
r 146 0.01 2 2.10341 0.01
r 146.2 0.01 2 2.14947 0.01
r 146.4 0.01 2 2.20277 0.01
r 146.6 0.01 2 2.26279 0.01
r 146.8 0.01 2 2.32922 0.01
r 147 0.01 2 2.40077 0.01
r 147.2 0.01 2 2.47772 0.01
r 147.4 0.01 2 2.5593 0.01
r 147.6 0.01 2 2.64491 0.01
r 147.8 0.01 2 2.73459 0.01
r 148 0.01 2 2.82768 0.01
r 148.2 0.01 2 2.92386 0.01
r 148.4 0.01 2 3.02318 0.01
r 148.6 0.01 2 3.12484 0.01
r 148.8 0.01 2 3.22865 0.01
r 149 0.01 2 3.33472 0.01
r 149.2 0.01 2 3.44236 0.01
r 149.4 0.01 2 3.55182 0.01
r 149.6 0.01 2 3.66407 0.01
r 149.8 0.01 2 3.77579 0.01
r 150 0.01 2 3.88893 0.01
r 150.2 0.01 2 4.0037 0.01
r 150.4 0.01 2 4.11972 0.01
r 150.6 0.01 2 4.23661 0.01
r 150.8 0.01 2 4.35446 0.01
r 151 0.01 2 4.47333 0.01
r 151.2 0.01 2 4.59285 0.01
r 151.4 0.01 2 4.71299 0.01
r 151.6 0.01 2 4.83383 0.01
r 151.8 0.01 2 4.95531 0.01
r 152 0.01 2 5.07743 0.01
r 152.2 0.01 2 5.20011 0.01
r 152.4 0.01 2 5.32333 0.01
r 152.6 0.01 2 5.44699 0.01
r 152.8 0.01 2 5.57113 0.01
r 153 0.01 2 5.69572 0.01
r 153.2 0.01 2 5.82261 0.01
r 153.4 0.01 2 5.94714 0.01
r 153.6 0.01 2 6.0723 0.01
r 153.8 0.01 2 6.19801 0.01
r 154 0.01 2 6.32431 0.01
r 154.2 0.01 2 6.45107 0.01
r 154.4 0.01 2 6.57835 0.01
r 154.6 0.01 2 6.70599 0.01
r 154.8 0.01 2 6.83399 0.01
r 155 0.01 2 6.96043 0.01
r 155.2 0.01 2 7.08836 0.01
r 155.4 0.01 2 7.2166 0.01
r 155.6 0.01 2 7.34506 0.01
r 155.8 0.01 2 7.47382 0.01
r 156 0.01 2 7.60281 0.01
r 156.2 0.01 2 7.73195 0.01
r 156.4 0.01 2 7.86133 0.01
r 156.6 0.01 2 7.98918 0.01
r 156.8 0.01 2 8.11842 0.01
r 157 0.01 2 8.24786 0.01
r 157.2 0.01 2 8.37739 0.01
r 157.4 0.01 2 8.50714 0.01
r 157.6 0.01 2 8.63706 0.01
r 157.8 0.01 2 8.76717 0.01
r 158 0.01 2 8.89681 0.01
r 158.2 0.01 2 9.02697 0.01
r 158.4 0.01 2 9.15694 0.01
r 158.6 0.01 2 9.28692 0.01
r 158.8 0.01 2 9.41721 0.01
r 159 0.01 2 9.54676 0.01
r 159.2 0.01 2 9.67697 0.01
r 159.4 0.01 2 9.80732 0.01
r 159.6 0.01 2 9.93833 0.01
r 159.8 0.01 2 10.0686 0.01
r 160 0.01 2 10.1989 0.01
r 160.2 0.01 2 10.3294 0.01
r 160.4 0.01 2 10.4599 0.01
r 160.6 0.01 2 10.5906 0.01
r 160.8 0.01 2 10.7213 0.01
r 161 0.01 2 10.8521 0.01
r 161.2 0.01 2 10.9832 0.01
r 161.4 0.01 2 11.114 0.01
r 161.6 0.01 2 11.245 0.01
r 161.8 0.01 2 11.3759 0.01
r 162 0.01 2 11.5068 0.01
r 162.2 0.01 2 11.6377 0.01
r 162.4 0.01 2 11.7688 0.01
r 162.6 0.01 2 11.8999 0.01
r 162.8 0.01 2 12.0311 0.01
r 163 0.01 2 12.1621 0.01
r 163.2 0.01 2 12.2933 0.01
r 163.4 0.01 2 12.4244 0.01
r 163.6 0.01 2 12.5556 0.01
r 163.8 0.01 2 12.6867 0.01
r 164 0.01 2 12.8179 0.01
r 164.2 0.01 2 12.9491 0.01
r 164.4 0.01 2 13.0803 0.01
r 164.6 0.01 2 13.2115 0.01
r 164.8 0.01 2 13.3432 0.01
r 165 0.01 2 13.4739 0.01
r 105 0.01 3 27.0192 0.01
r 105.2 0.01 3 26.8961 0.01
r 105.4 0.01 3 26.7719 0.01
r 105.6 0.01 3 26.6484 0.01
r 105.8 0.01 3 26.5248 0.01
r 106 0.01 3 26.4012 0.01
r 106.2 0.01 3 26.2776 0.01
r 106.4 0.01 3 26.1543 0.01
r 106.6 0.01 3 26.031 0.01
r 106.8 0.01 3 25.908 0.01
r 107 0.01 3 25.7847 0.01
r 107.2 0.01 3 25.6622 0.01
r 107.4 0.01 3 25.5401 0.01
r 107.6 0.01 3 25.4186 0.01
r 107.8 0.01 3 25.297 0.01
r 108 0.01 3 25.176 0.01
r 108.2 0.01 3 25.0553 0.01
r 108.4 0.01 3 24.9283 0.01
r 108.6 0.01 3 24.8073 0.01
r 108.8 0.01 3 24.6867 0.01
r 109 0.01 3 24.5668 0.01
r 109.2 0.01 3 24.4467 0.01
r 109.4 0.01 3 24.3268 0.01
r 109.6 0.01 3 24.207 0.01
r 109.8 0.01 3 24.0876 0.01
r 110 0.01 3 23.9684 0.01
r 110.2 0.01 3 23.8491 0.01
r 110.4 0.01 3 23.7298 0.01
r 110.6 0.01 3 23.6106 0.01
r 110.8 0.01 3 23.492 0.01
r 111 0.01 3 23.3747 0.01
r 111.2 0.01 3 23.2575 0.01
r 111.4 0.01 3 23.1417 0.01
r 111.6 0.01 3 23.0251 0.01
r 111.8 0.01 3 22.9084 0.01
r 112 0.01 3 22.7921 0.01
r 112.2 0.01 3 22.6735 0.01
r 112.4 0.01 3 22.5349 0.01
r 112.6 0.01 3 22.4427 0.01
r 112.8 0.01 3 22.3016 0.01
r 113 0.01 3 22.1358 0.01
r 113.2 0.01 3 22.0169 0.01
r 113.4 0.01 3 21.8981 0.01
r 113.6 0.01 3 21.7797 0.01
r 113.8 0.01 3 21.662 0.01
r 114 0.01 3 21.5438 0.01
r 114.2 0.01 3 21.4261 0.01
r 114.4 0.01 3 21.3093 0.01
r 114.6 0.01 3 21.1933 0.01
r 114.8 0.01 3 21.0776 0.01
r 115 0.01 3 20.9605 0.01
r 115.2 0.01 3 20.8464 0.01
r 115.4 0.01 3 20.7338 0.01
r 115.6 0.01 3 20.5498 0.01
r 115.8 0.01 3 20.4333 0.01
r 116 0.01 3 20.3107 0.01
r 116.2 0.01 3 20.1935 0.01
r 116.4 0.01 3 20.0757 0.01
r 116.6 0.01 3 20.0222 0.01
r 116.8 0.01 3 19.8516 0.01
r 117 0.01 3 19.6878 0.01
r 117.2 0.01 3 19.5666 0.01
r 117.4 0.01 3 19.4443 0.01
r 117.6 0.01 3 19.2885 0.01
r 117.8 0.01 3 19.1998 0.01
r 118 0.01 3 19.0408 0.01
r 118.2 0.01 3 18.9178 0.01
r 118.4 0.01 3 18.8409 0.01
r 118.6 0.01 3 18.671 0.01
r 118.8 0.01 3 18.6092 0.01
r 119 0.01 3 18.4282 0.01
r 119.2 0.01 3 18.3104 0.01
r 119.4 0.01 3 18.1592 0.01
r 119.6 0.01 3 18.0521 0.01
r 119.8 0.01 3 17.9057 0.01
r 120 0.01 3 17.7966 0.01
r 120.2 0.01 3 17.6764 0.01
r 120.4 0.01 3 17.5494 0.01
r 120.6 0.01 3 17.4155 0.01
r 120.8 0.01 3 17.2654 0.01
r 121 0.01 3 17.1982 0.01
r 121.2 0.01 3 17.0524 0.01
r 121.4 0.01 3 16.9406 0.01
r 121.6 0.01 3 16.7634 0.01
r 121.8 0.01 3 16.6785 0.01
r 122 0.01 3 16.5187 0.01
r 122.2 0.01 3 16.4032 0.01
r 122.4 0.01 3 16.2853 0.01
r 122.6 0.01 3 16.1727 0.01
r 122.8 0.01 3 16.0283 0.01
r 123 0.01 3 16.095 0.01
r 123.2 0.01 3 15.8155 0.01
r 123.4 0.01 3 15.667 0.01
r 123.6 0.01 3 15.5395 0.01
r 123.8 0.01 3 15.6745 0.01
r 124 0.01 3 15.5982 0.01
r 124.2 0.01 3 15.1949 0.01
r 124.4 0.01 3 15.0669 0.01
r 124.6 0.01 3 14.9219 0.01
r 124.8 0.01 3 14.808 0.01
r 125 0.01 3 14.7668 0.01
r 125.2 0.01 3 14.6599 0.01
r 125.4 0.01 3 14.5486 0.01
r 125.6 0.01 3 14.3161 0.01
r 125.8 0.01 3 14.1961 0.01
r 126 0.01 3 14.0706 0.01
r 126.2 0.01 3 14.01 0.01
r 126.4 0.01 3 13.9295 0.01
r 126.6 0.01 3 13.7194 0.01
r 126.8 0.01 3 13.6083 0.01
r 127 0.01 3 13.6068 0.01
r 127.2 0.01 3 13.484 0.01
r 127.4 0.01 3 13.3516 0.01
r 127.6 0.01 3 13.2298 0.01
r 127.8 0.01 3 13.1101 0.01
r 128 0.01 3 12.9711 0.01
r 128.2 0.01 3 12.8494 0.01
r 128.4 0.01 3 12.7276 0.01
r 128.6 0.01 3 12.5935 0.01
r 128.8 0.01 3 12.4682 0.01
r 129 0.01 3 12.354 0.01
r 129.2 0.01 3 12.2326 0.01
r 129.4 0.01 3 12.1062 0.01
r 129.6 0.01 3 11.9789 0.01
r 129.8 0.01 3 11.8594 0.01
r 130 0.01 3 11.7379 0.01
r 130.2 0.01 3 11.6112 0.01
r 130.4 0.01 3 11.492 0.01
r 130.6 0.01 3 11.3715 0.01
r 130.8 0.01 3 11.2526 0.01
r 131 0.01 3 11.1411 0.01
r 131.2 0.01 3 11.0228 0.01
r 131.4 0.01 3 10.9044 0.01
r 131.6 0.01 3 10.787 0.01
r 131.8 0.01 3 10.6696 0.01
r 132 0.01 3 10.5542 0.01
r 132.2 0.01 3 10.4402 0.01
r 132.4 0.01 3 10.3306 0.01
r 132.6 0.01 3 10.2182 0.01
r 132.8 0.01 3 10.1077 0.01
r 133 0.01 3 9.99825 0.01
r 133.2 0.01 3 9.88986 0.01
r 133.4 0.01 3 9.78336 0.01
r 133.6 0.01 3 9.67869 0.01
r 133.8 0.01 3 9.57591 0.01
r 134 0.01 3 9.47511 0.01
r 134.2 0.01 3 9.37693 0.01
r 134.4 0.01 3 9.27972 0.01
r 134.6 0.01 3 9.18458 0.01
r 134.8 0.01 3 9.08286 0.01
r 135 0.01 3 8.99303 0.01
r 135.2 0.01 3 8.89678 0.01
r 135.4 0.01 3 8.82047 0.01
r 135.6 0.01 3 8.72902 0.01
r 135.8 0.01 3 8.58146 0.01
r 136 0.01 3 8.57873 0.01
r 136.2 0.01 3 8.39393 0.01
r 136.4 0.01 3 8.44156 0.01
r 136.6 0.01 3 8.22665 0.01
r 136.8 0.01 3 8.13519 0.01
r 137 0.01 3 8.03892 0.01
r 137.2 0.01 3 7.95443 0.01
r 137.4 0.01 3 7.86545 0.01
r 137.6 0.01 3 7.7854 0.01
r 137.8 0.01 3 7.70038 0.01
r 138 0.01 3 7.60738 0.01
r 138.2 0.01 3 7.53197 0.01
r 138.4 0.01 3 7.47378 0.01
r 138.6 0.01 3 7.36524 0.01
r 138.8 0.01 3 7.28985 0.01
r 139 0.01 3 7.2119 0.01
r 139.2 0.01 3 7.13847 0.01
r 139.4 0.01 3 7.0664 0.01
r 139.6 0.01 3 6.99647 0.01
r 139.8 0.01 3 6.92841 0.01
r 140 0.01 3 6.86386 0.01
r 140.2 0.01 3 6.79849 0.01
r 140.4 0.01 3 6.73678 0.01
r 140.6 0.01 3 6.67809 0.01
r 140.8 0.01 3 6.62102 0.01
r 141 0.01 3 6.56842 0.01
r 141.2 0.01 3 6.51607 0.01
r 141.4 0.01 3 6.46422 0.01
r 141.6 0.01 3 6.41568 0.01
r 141.8 0.01 3 6.36981 0.01
r 142 0.01 3 6.32681 0.01
r 142.2 0.01 3 6.28509 0.01
r 142.4 0.01 3 6.24704 0.01
r 142.6 0.01 3 6.21482 0.01
r 142.8 0.01 3 6.21886 0.01
r 143 0.01 3 6.14827 0.01
r 143.2 0.01 3 6.11996 0.01
r 143.4 0.01 3 6.09547 0.01
r 143.6 0.01 3 6.07319 0.01
r 143.8 0.01 3 6.05323 0.01
r 144 0.01 3 6.03555 0.01
r 144.2 0.01 3 6.02195 0.01
r 144.4 0.01 3 6.01183 0.01
r 144.6 0.01 3 6.00402 0.01
r 144.8 0.01 3 6.00051 0.01
r 145 0.01 3 5.9993 0.01
r 145.2 0.01 3 5.99923 0.01
r 145.4 0.01 3 6.00305 0.01
r 145.6 0.01 3 6.01033 0.01
r 145.8 0.01 3 6.02053 0.01
r 146 0.01 3 6.03379 0.01
r 146.2 0.01 3 6.04997 0.01
r 146.4 0.01 3 6.06921 0.01
r 146.6 0.01 3 6.09694 0.01
r 146.8 0.01 3 6.11745 0.01
r 147 0.01 3 6.15067 0.01
r 147.2 0.01 3 6.17448 0.01
r 147.4 0.01 3 6.20749 0.01
r 147.6 0.01 3 6.24312 0.01
r 147.8 0.01 3 6.28155 0.01
r 148 0.01 3 6.33232 0.01
r 148.2 0.01 3 6.37237 0.01
r 148.4 0.01 3 6.41566 0.01
r 148.6 0.01 3 6.4621 0.01
r 148.8 0.01 3 6.51199 0.01
r 149 0.01 3 6.56519 0.01
r 149.2 0.01 3 6.61924 0.01
r 149.4 0.01 3 6.6772 0.01
r 149.6 0.01 3 6.7386 0.01
r 149.8 0.01 3 6.80064 0.01
r 150 0.01 3 6.86634 0.01
r 150.2 0.01 3 6.9345 0.01
r 150.4 0.01 3 7.01288 0.01
r 150.6 0.01 3 7.07868 0.01
r 150.8 0.01 3 7.16068 0.01
r 151 0.01 3 7.27212 0.01
r 151.2 0.01 3 7.3483 0.01
r 151.4 0.01 3 7.43255 0.01
r 151.6 0.01 3 7.53226 0.01
r 151.8 0.01 3 7.61709 0.01
r 152 0.01 3 7.70168 0.01
r 152.2 0.01 3 7.81213 0.01
r 152.4 0.01 3 7.91138 0.01
r 152.6 0.01 3 7.9986 0.01
r 152.8 0.01 3 8.11899 0.01
r 153 0.01 3 8.08362 0.01
r 153.2 0.01 3 8.15549 0.01
r 153.4 0.01 3 8.24066 0.01
r 153.6 0.01 3 8.32165 0.01
r 153.8 0.01 3 8.44929 0.01
r 154 0.01 3 8.5201 0.01
r 154.2 0.01 3 8.62771 0.01
r 154.4 0.01 3 8.69289 0.01
r 154.6 0.01 3 8.79198 0.01
r 154.8 0.01 3 8.89012 0.01
r 155 0.01 3 9.01465 0.01
r 155.2 0.01 3 9.11303 0.01
r 155.4 0.01 3 9.22454 0.01
r 155.6 0.01 3 9.3244 0.01
r 155.8 0.01 3 9.43185 0.01
r 156 0.01 3 9.51133 0.01
r 156.2 0.01 3 9.61018 0.01
r 156.4 0.01 3 9.74761 0.01
r 156.6 0.01 3 9.85842 0.01
r 156.8 0.01 3 9.95817 0.01
r 157 0.01 3 10.098 0.01
r 157.2 0.01 3 10.2002 0.01
r 157.4 0.01 3 10.303 0.01
r 157.6 0.01 3 10.4375 0.01
r 157.8 0.01 3 10.5125 0.01
r 158 0.01 3 10.613 0.01
r 158.2 0.01 3 10.7059 0.01
r 158.4 0.01 3 10.8194 0.01
r 158.6 0.01 3 10.9478 0.01
r 158.8 0.01 3 11.0776 0.01
r 159 0.01 3 11.3611 0.01
r 159.2 0.01 3 11.3731 0.01
r 159.4 0.01 3 11.6143 0.01
r 159.6 0.01 3 11.5968 0.01
r 159.8 0.01 3 11.74 0.01
r 160 0.01 3 11.8234 0.01
r 160.2 0.01 3 11.8705 0.01
r 160.4 0.01 3 12.18 0.01
r 160.6 0.01 3 12.1317 0.01
r 160.8 0.01 3 12.2501 0.01
r 161 0.01 3 12.3745 0.01
r 161.2 0.01 3 12.5505 0.01
r 161.4 0.01 3 12.6371 0.01
r 161.6 0.01 3 12.663 0.01
r 161.8 0.01 3 12.7517 0.01
r 162 0.01 3 12.8868 0.01
r 162.2 0.01 3 13.024 0.01
r 162.4 0.01 3 13.159 0.01
r 162.6 0.01 3 13.2216 0.01
r 162.8 0.01 3 13.331 0.01
r 163 0.01 3 13.4842 0.01
r 163.2 0.01 3 13.595 0.01
r 163.4 0.01 3 13.7068 0.01
r 163.6 0.01 3 13.8204 0.01
r 163.8 0.01 3 13.9339 0.01
r 164 0.01 3 14.0498 0.01
r 164.2 0.01 3 14.1659 0.01
r 164.4 0.01 3 14.2822 0.01
r 164.6 0.01 3 14.4003 0.01
r 164.8 0.01 3 14.5182 0.01
r 165 0.01 3 14.6372 0.01
r 165.2 0.01 3 14.7571 0.01
r 165.4 0.01 3 14.8778 0.01
r 165.6 0.01 3 14.9986 0.01
r 165.8 0.01 3 15.1198 0.01
r 166 0.01 3 15.2429 0.01
r 166.2 0.01 3 15.3647 0.01
r 166.4 0.01 3 15.4889 0.01
r 166.6 0.01 3 15.6125 0.01
r 166.8 0.01 3 15.7365 0.01
r 167 0.01 3 15.8606 0.01
r 167.2 0.01 3 15.9851 0.01
r 167.4 0.01 3 16.1948 0.01
r 167.6 0.01 3 16.2359 0.01
r 167.8 0.01 3 16.3623 0.01
r 168 0.01 3 16.4889 0.01
r 168.2 0.01 3 16.6151 0.01
r 168.4 0.01 3 16.7413 0.01
r 168.6 0.01 3 16.9446 0.01
r 168.8 0.01 3 16.9954 0.01
r 169 0.01 3 17.091 0.01
r 169.2 0.01 3 17.2168 0.01
r 169.4 0.01 3 17.3446 0.01
r 169.6 0.01 3 17.4715 0.01
r 169.8 0.01 3 17.5944 0.01
r 170 0.01 3 17.7264 0.01
r 170.2 0.01 3 17.8544 0.01
r 170.4 0.01 3 17.9826 0.01
r 170.6 0.01 3 18.1061 0.01
r 170.8 0.01 3 18.241 0.01
r 171 0.01 3 18.3598 0.01
r 171.2 0.01 3 18.4895 0.01
r 171.4 0.01 3 18.6173 0.01
r 171.6 0.01 3 18.7468 0.01
r 171.8 0.01 3 18.8729 0.01
r 172 0.01 3 19.0048 0.01
r 172.2 0.01 3 19.1345 0.01
r 172.4 0.01 3 19.2643 0.01
r 172.6 0.01 3 19.3934 0.01
r 172.8 0.01 3 19.5253 0.01
r 173 0.01 3 19.6044 0.01
r 173.2 0.01 3 19.7339 0.01
r 173.4 0.01 3 19.8623 0.01
r 173.6 0.01 3 19.9909 0.01
r 173.8 0.01 3 20.1208 0.01
r 174 0.01 3 20.2495 0.01
r 174.2 0.01 3 20.379 0.01
r 174.4 0.01 3 20.5095 0.01
r 174.6 0.01 3 20.6371 0.01
r 174.8 0.01 3 20.7692 0.01
r 175 0.01 3 20.8817 0.01
r 175.2 0.01 3 21.0085 0.01
r 175.4 0.01 3 21.1357 0.01
r 175.6 0.01 3 21.2631 0.01
r 175.8 0.01 3 21.3907 0.01
r 176 0.01 3 21.5185 0.01
r 176.2 0.01 3 21.6466 0.01
r 176.4 0.01 3 21.7748 0.01
r 176.6 0.01 3 21.9033 0.01
r 176.8 0.01 3 22.032 0.01
r 177 0.01 3 22.1761 0.01
r 177.2 0.01 3 22.3029 0.01
r 177.4 0.01 3 22.43 0.01
r 177.6 0.01 3 22.5574 0.01
r 177.8 0.01 3 22.685 0.01
r 178 0.01 3 22.8128 0.01
r 178.2 0.01 3 22.9408 0.01
r 178.4 0.01 3 23.069 0.01
r 178.6 0.01 3 23.1975 0.01
r 178.8 0.01 3 23.3261 0.01
r 179 0.01 3 23.572 0.01
r 179.2 0.01 3 23.7338 0.01
r 179.4 0.01 3 23.8186 0.01
r 179.6 0.01 3 23.9302 0.01
r 179.8 0.01 3 24.0698 0.01
r 180 0.01 3 24.2032 0.01
r 180.2 0.01 3 24.3257 0.01
r 180.4 0.01 3 24.4471 0.01
r 180.6 0.01 3 24.5671 0.01
r 180.8 0.01 3 24.6881 0.01
r 181 0.01 3 24.8085 0.01
r 181.2 0.01 3 24.9331 0.01
r 181.4 0.01 3 25.0574 0.01
r 181.6 0.01 3 25.1827 0.01
r 181.8 0.01 3 25.3081 0.01
r 182 0.01 3 25.4333 0.01
r 182.2 0.01 3 25.559 0.01
r 182.4 0.01 3 25.6849 0.01
r 182.6 0.01 3 25.8095 0.01
r 182.8 0.01 3 25.9359 0.01
r 183 0.01 3 26.0617 0.01
r 183.2 0.01 3 26.1886 0.01
r 183.4 0.01 3 26.316 0.01
r 183.6 0.01 3 26.4494 0.01
r 183.8 0.01 3 26.576 0.01
r 184 0.01 3 26.7031 0.01
r 184.2 0.01 3 26.8302 0.01
r 184.4 0.01 3 26.958 0.01
r 184.6 0.01 3 27.0861 0.01
r 184.8 0.01 3 27.2141 0.01
r 185 0.01 3 27.3448 0.01
