10
s 55 3 602
r 35 0.01 2 13.4816 0.01
r 35.2 0.01 2 13.3497 0.01
r 35.4 0.01 2 13.2179 0.01
r 35.6 0.01 2 13.0862 0.01
r 35.8 0.01 2 12.9544 0.01
r 36 0.01 2 12.8228 0.01
r 36.2 0.01 2 12.6911 0.01
r 36.4 0.01 2 12.5594 0.01
r 36.6 0.01 2 12.4277 0.01
r 36.8 0.01 2 12.296 0.01
r 37 0.01 2 12.1644 0.01
r 37.2 0.01 2 12.033 0.01
r 37.4 0.01 2 11.9015 0.01
r 37.6 0.01 2 11.7701 0.01
r 37.8 0.01 2 11.6387 0.01
r 38 0.01 2 11.5074 0.01
r 38.2 0.01 2 11.3762 0.01
r 38.4 0.01 2 11.2452 0.01
r 38.6 0.01 2 11.1138 0.01
r 38.8 0.01 2 10.9825 0.01
r 39 0.01 2 10.8513 0.01
r 39.2 0.01 2 10.7203 0.01
r 39.4 0.01 2 10.5894 0.01
r 39.6 0.01 2 10.4585 0.01
r 39.8 0.01 2 10.3276 0.01
r 40 0.01 2 10.1968 0.01
r 40.2 0.01 2 10.0662 0.01
r 40.4 0.01 2 9.93556 0.01
r 40.6 0.01 2 9.80501 0.01
r 40.8 0.01 2 9.67437 0.01
r 41 0.01 2 9.54399 0.01
r 41.2 0.01 2 9.41368 0.01
r 41.4 0.01 2 9.28346 0.01
r 41.6 0.01 2 9.15331 0.01
r 41.8 0.01 2 9.02326 0.01
r 42 0.01 2 8.89327 0.01
r 42.2 0.01 2 8.76335 0.01
r 42.4 0.01 2 8.63394 0.01
r 42.6 0.01 2 8.50421 0.01
r 42.8 0.01 2 8.37441 0.01
r 43 0.01 2 8.24487 0.01
r 43.2 0.01 2 8.11546 0.01
r 43.4 0.01 2 7.98621 0.01
r 43.6 0.01 2 7.85712 0.01
r 43.8 0.01 2 7.72821 0.01
r 44 0.01 2 7.6006 0.01
r 44.2 0.01 2 7.47171 0.01
r 44.4 0.01 2 7.34314 0.01
r 44.6 0.01 2 7.21465 0.01
r 44.8 0.01 2 7.08628 0.01
r 45 0.01 2 6.95892 0.01
r 45.2 0.01 2 6.83098 0.01
r 45.4 0.01 2 6.70345 0.01
r 45.6 0.01 2 6.57641 0.01
r 45.8 0.01 2 6.45 0.01
r 46 0.01 2 6.32253 0.01
r 46.2 0.01 2 6.19628 0.01
r 46.4 0.01 2 6.07035 0.01
r 46.6 0.01 2 5.94425 0.01
r 46.8 0.01 2 5.8188 0.01
r 47 0.01 2 5.69376 0.01
r 47.2 0.01 2 5.56904 0.01
r 47.4 0.01 2 5.44483 0.01
r 47.6 0.01 2 5.32091 0.01
r 47.8 0.01 2 5.19764 0.01
r 48 0.01 2 5.07467 0.01
r 48.2 0.01 2 4.95239 0.01
r 48.4 0.01 2 4.83066 0.01
r 48.6 0.01 2 4.70959 0.01
r 48.8 0.01 2 4.58926 0.01
r 49 0.01 2 4.46935 0.01
r 49.2 0.01 2 4.35031 0.01
r 49.4 0.01 2 4.23252 0.01
r 49.6 0.01 2 4.11516 0.01
r 49.8 0.01 2 3.99923 0.01
r 50 0.01 2 3.88422 0.01
r 50.2 0.01 2 3.77099 0.01
r 50.4 0.01 2 3.65948 0.01
r 50.6 0.01 2 3.54679 0.01
r 50.8 0.01 2 3.43726 0.01
r 51 0.01 2 3.33075 0.01
r 51.2 0.01 2 3.22463 0.01
r 51.4 0.01 2 3.12068 0.01
r 51.6 0.01 2 3.01924 0.01
r 51.8 0.01 2 2.92058 0.01
r 52 0.01 2 2.82441 0.01
r 52.2 0.01 2 2.73165 0.01
r 52.4 0.01 2 2.6423 0.01
r 52.6 0.01 2 2.55693 0.01
r 52.8 0.01 2 2.47558 0.01
r 53 0.01 2 2.39939 0.01
r 53.2 0.01 2 2.32803 0.01
r 53.4 0.01 2 2.26214 0.01
r 53.6 0.01 2 2.20212 0.01
r 53.8 0.01 2 2.14849 0.01
r 54 0.01 2 2.10298 0.01
r 54.2 0.01 2 2.06502 0.01
r 54.4 0.01 2 2.03526 0.01
r 54.6 0.01 2 2.01401 0.01
r 54.8 0.01 2 2.00067 0.01
r 55 0.01 2 1.99585 0.01
r 55.2 0.01 2 2.00029 0.01
r 55.4 0.01 2 2.01273 0.01
r 55.6 0.01 2 2.03335 0.01
r 55.8 0.01 2 2.06357 0.01
r 56 0.01 2 2.10201 0.01
r 56.2 0.01 2 2.14797 0.01
r 56.4 0.01 2 2.20112 0.01
r 56.6 0.01 2 2.26094 0.01
r 56.8 0.01 2 2.32714 0.01
r 57 0.01 2 2.39845 0.01
r 57.2 0.01 2 2.47517 0.01
r 57.4 0.01 2 2.55648 0.01
r 57.6 0.01 2 2.6418 0.01
r 57.8 0.01 2 2.73119 0.01
r 58 0.01 2 2.82398 0.01
r 58.2 0.01 2 2.91987 0.01
r 58.4 0.01 2 3.01891 0.01
r 58.6 0.01 2 3.12036 0.01
r 58.8 0.01 2 3.224 0.01
r 59 0.01 2 3.32962 0.01
r 59.2 0.01 2 3.43737 0.01
r 59.4 0.01 2 3.54681 0.01
r 59.6 0.01 2 3.65775 0.01
r 59.8 0.01 2 3.77017 0.01
r 60 0.01 2 3.88398 0.01
r 60.2 0.01 2 3.99897 0.01
r 60.4 0.01 2 4.11513 0.01
r 60.6 0.01 2 4.23229 0.01
r 60.8 0.01 2 4.3504 0.01
r 61 0.01 2 4.47142 0.01
r 61.2 0.01 2 4.58922 0.01
r 61.4 0.01 2 4.70967 0.01
r 61.6 0.01 2 4.83193 0.01
r 61.8 0.01 2 4.9528 0.01
r 62 0.01 2 5.07469 0.01
r 62.2 0.01 2 5.19757 0.01
r 62.4 0.01 2 5.32102 0.01
r 62.6 0.01 2 5.44489 0.01
r 62.8 0.01 2 5.56953 0.01
r 63 0.01 2 5.69507 0.01
r 63.2 0.01 2 5.81969 0.01
r 63.4 0.01 2 5.94489 0.01
r 63.6 0.01 2 6.07049 0.01
r 63.8 0.01 2 6.19624 0.01
r 64 0.01 2 6.32254 0.01
r 64.2 0.01 2 6.44921 0.01
r 64.4 0.01 2 6.57616 0.01
r 64.6 0.01 2 6.70335 0.01
r 64.8 0.01 2 6.83081 0.01
r 65 0.01 2 6.95835 0.01
r 65.2 0.01 2 7.08625 0.01
r 65.4 0.01 2 7.21422 0.01
r 65.6 0.01 2 7.34265 0.01
r 65.8 0.01 2 7.47087 0.01
r 66 0.01 2 7.59946 0.01
r 66.2 0.01 2 7.72819 0.01
r 66.4 0.01 2 7.85709 0.01
r 66.6 0.01 2 7.98614 0.01
r 66.8 0.01 2 8.11531 0.01
r 67 0.01 2 8.24468 0.01
r 67.2 0.01 2 8.37407 0.01
r 67.4 0.01 2 8.50363 0.01
r 67.6 0.01 2 8.6333 0.01
r 67.8 0.01 2 8.76309 0.01
r 68 0.01 2 8.8936 0.01
r 68.2 0.01 2 9.02376 0.01
r 68.4 0.01 2 9.1535 0.01
r 68.6 0.01 2 9.28346 0.01
r 68.8 0.01 2 9.41361 0.01
r 69 0.01 2 9.54385 0.01
r 69.2 0.01 2 9.67431 0.01
r 69.4 0.01 2 9.80491 0.01
r 69.6 0.01 2 9.93554 0.01
r 69.8 0.01 2 10.0663 0.01
r 70 0.01 2 10.197 0.01
r 70.2 0.01 2 10.3276 0.01
r 70.4 0.01 2 10.4584 0.01
r 70.6 0.01 2 10.5893 0.01
r 70.8 0.01 2 10.7203 0.01
r 71 0.01 2 10.8514 0.01
r 71.2 0.01 2 10.9824 0.01
r 71.4 0.01 2 11.1136 0.01
r 71.6 0.01 2 11.2449 0.01
r 71.8 0.01 2 11.3764 0.01
r 72 0.01 2 11.5076 0.01
r 72.2 0.01 2 11.6388 0.01
r 72.4 0.01 2 11.7701 0.01
r 72.6 0.01 2 11.9015 0.01
r 72.8 0.01 2 12.0329 0.01
r 73 0.01 2 12.1645 0.01
r 73.2 0.01 2 12.296 0.01
r 73.4 0.01 2 12.4276 0.01
r 73.6 0.01 2 12.5593 0.01
r 73.8 0.01 2 12.6914 0.01
r 74 0.01 2 12.8229 0.01
r 74.2 0.01 2 12.9545 0.01
r 74.4 0.01 2 13.0862 0.01
r 74.6 0.01 2 13.2179 0.01
r 74.8 0.01 2 13.3497 0.01
r 75 0.01 2 13.4815 0.01
r 15 0.01 3 27.345 0.01
r 15.2 0.01 3 27.2141 0.01
r 15.4 0.01 3 27.0833 0.01
r 15.6 0.01 3 26.9525 0.01
r 15.8 0.01 3 26.823 0.01
r 16 0.01 3 26.6925 0.01
r 16.2 0.01 3 26.562 0.01
r 16.4 0.01 3 26.4319 0.01
r 16.6 0.01 3 26.3019 0.01
r 16.8 0.01 3 26.1717 0.01
r 17 0.01 3 26.0625 0.01
r 17.2 0.01 3 25.9317 0.01
r 17.4 0.01 3 25.801 0.01
r 17.6 0.01 3 25.6703 0.01
r 17.8 0.01 3 25.5397 0.01
r 18 0.01 3 25.4092 0.01
r 18.2 0.01 3 25.2788 0.01
r 18.4 0.01 3 25.1484 0.01
r 18.6 0.01 3 25.0181 0.01
r 18.8 0.01 3 24.8878 0.01
r 19 0.01 3 24.7953 0.01
r 19.2 0.01 3 24.6642 0.01
r 19.4 0.01 3 24.5528 0.01
r 19.6 0.01 3 24.4216 0.01
r 19.8 0.01 3 24.2723 0.01
r 20 0.01 3 24.1416 0.01
r 20.2 0.01 3 24.0109 0.01
r 20.4 0.01 3 23.8987 0.01
r 20.6 0.01 3 23.7498 0.01
r 20.8 0.01 3 23.6199 0.01
r 21 0.01 3 23.5125 0.01
r 21.2 0.01 3 23.3812 0.01
r 21.4 0.01 3 23.2501 0.01
r 21.6 0.01 3 23.1191 0.01
r 21.8 0.01 3 22.9883 0.01
r 22 0.01 3 22.8578 0.01
r 22.2 0.01 3 22.7271 0.01
r 22.4 0.01 3 22.5967 0.01
r 22.6 0.01 3 22.4672 0.01
r 22.8 0.01 3 22.3359 0.01
r 23 0.01 3 22.2372 0.01
r 23.2 0.01 3 22.1059 0.01
r 23.4 0.01 3 21.9755 0.01
r 23.6 0.01 3 21.8447 0.01
r 23.8 0.01 3 21.714 0.01
r 24 0.01 3 21.5834 0.01
r 24.2 0.01 3 21.4528 0.01
r 24.4 0.01 3 21.3224 0.01
r 24.6 0.01 3 21.192 0.01
r 24.8 0.01 3 21.0613 0.01
r 25 0.01 3 21.0257 0.01
r 25.2 0.01 3 20.8928 0.01
r 25.4 0.01 3 20.7633 0.01
r 25.6 0.01 3 20.6328 0.01
r 25.8 0.01 3 20.5016 0.01
r 26 0.01 3 20.3755 0.01
r 26.2 0.01 3 20.2407 0.01
r 26.4 0.01 3 20.1101 0.01
r 26.6 0.01 3 19.9797 0.01
r 26.8 0.01 3 19.849 0.01
r 27 0.01 3 19.7599 0.01
r 27.2 0.01 3 19.6464 0.01
r 27.4 0.01 3 19.5156 0.01
r 27.6 0.01 3 19.3849 0.01
r 27.8 0.01 3 19.2542 0.01
r 28 0.01 3 19.1236 0.01
r 28.2 0.01 3 18.9931 0.01
r 28.4 0.01 3 18.8626 0.01
r 28.6 0.01 3 18.7322 0.01
r 28.8 0.01 3 18.6019 0.01
r 29 0.01 3 18.5361 0.01
r 29.2 0.01 3 18.4055 0.01
r 29.4 0.01 3 18.2751 0.01
r 29.6 0.01 3 18.1446 0.01
r 29.8 0.01 3 18.0143 0.01
r 30 0.01 3 17.884 0.01
r 30.2 0.01 3 17.7571 0.01
r 30.4 0.01 3 17.6269 0.01
r 30.6 0.01 3 17.4967 0.01
r 30.8 0.01 3 17.3667 0.01
r 31 0.01 3 17.345 0.01
r 31.2 0.01 3 17.2142 0.01
r 31.4 0.01 3 17.0837 0.01
r 31.6 0.01 3 16.9532 0.01
r 31.8 0.01 3 16.8224 0.01
r 32 0.01 3 16.6839 0.01
r 32.2 0.01 3 16.5623 0.01
r 32.4 0.01 3 16.4311 0.01
r 32.6 0.01 3 16.2946 0.01
r 32.8 0.01 3 16.1714 0.01
r 33 0.01 3 16.0867 0.01
r 33.2 0.01 3 15.9271 0.01
r 33.4 0.01 3 15.8219 0.01
r 33.6 0.01 3 15.696 0.01
r 33.8 0.01 3 15.5621 0.01
r 34 0.01 3 15.4324 0.01
r 34.2 0.01 3 15.3068 0.01
r 34.4 0.01 3 15.1765 0.01
r 34.6 0.01 3 15.0481 0.01
r 34.8 0.01 3 14.9201 0.01
r 35 0.01 3 14.8081 0.01
r 35.2 0.01 3 14.6909 0.01
r 35.4 0.01 3 14.5519 0.01
r 35.6 0.01 3 14.4208 0.01
r 35.8 0.01 3 14.3144 0.01
r 36 0.01 3 14.212 0.01
r 36.2 0.01 3 14.0503 0.01
r 36.4 0.01 3 13.9245 0.01
r 36.6 0.01 3 13.7822 0.01
r 36.8 0.01 3 13.6581 0.01
r 37 0.01 3 13.5704 0.01
r 37.2 0.01 3 13.3989 0.01
r 37.4 0.01 3 13.3137 0.01
r 37.6 0.01 3 13.2087 0.01
r 37.8 0.01 3 13.0825 0.01
r 38 0.01 3 12.8929 0.01
r 38.2 0.01 3 12.8308 0.01
r 38.4 0.01 3 12.7041 0.01
r 38.6 0.01 3 12.5789 0.01
r 38.8 0.01 3 12.4542 0.01
r 39 0.01 3 12.3384 0.01
r 39.2 0.01 3 12.2031 0.01
r 39.4 0.01 3 12.0627 0.01
r 39.6 0.01 3 11.9624 0.01
r 39.8 0.01 3 11.84 0.01
r 40 0.01 3 11.7078 0.01
r 40.2 0.01 3 11.5881 0.01
r 40.4 0.01 3 11.4677 0.01
r 40.6 0.01 3 11.3477 0.01
r 40.8 0.01 3 11.2407 0.01
r 41 0.01 3 11.1269 0.01
r 41.2 0.01 3 11.006 0.01
r 41.4 0.01 3 10.8789 0.01
r 41.6 0.01 3 10.7667 0.01
r 41.8 0.01 3 10.6596 0.01
r 42 0.01 3 10.5454 0.01
r 42.2 0.01 3 10.4389 0.01
r 42.4 0.01 3 10.3282 0.01
r 42.6 0.01 3 10.2329 0.01
r 42.8 0.01 3 10.1256 0.01
r 43 0.01 3 10.013 0.01
r 43.2 0.01 3 9.91819 0.01
r 43.4 0.01 3 9.81566 0.01
r 43.6 0.01 3 9.70641 0.01
r 43.8 0.01 3 9.61636 0.01
r 44 0.01 3 9.52046 0.01
r 44.2 0.01 3 9.42697 0.01
r 44.4 0.01 3 9.33522 0.01
r 44.6 0.01 3 9.24109 0.01
r 44.8 0.01 3 9.15337 0.01
r 45 0.01 3 9.03325 0.01
r 45.2 0.01 3 8.97198 0.01
r 45.4 0.01 3 8.84194 0.01
r 45.6 0.01 3 8.71917 0.01
r 45.8 0.01 3 8.67724 0.01
r 46 0.01 3 8.55535 0.01
r 46.2 0.01 3 8.45807 0.01
r 46.4 0.01 3 8.3493 0.01
r 46.6 0.01 3 8.26924 0.01
r 46.8 0.01 3 8.18894 0.01
r 47 0.01 3 8.07198 0.01
r 47.2 0.01 3 7.99393 0.01
r 47.4 0.01 3 7.92495 0.01
r 47.6 0.01 3 7.85318 0.01
r 47.8 0.01 3 7.78954 0.01
r 48 0.01 3 7.73185 0.01
r 48.2 0.01 3 7.68511 0.01
r 48.4 0.01 3 7.61515 0.01
r 48.6 0.01 3 7.59887 0.01
r 48.8 0.01 3 7.50214 0.01
r 49 0.01 3 7.2084 0.01
r 49.2 0.01 3 7.13689 0.01
r 49.4 0.01 3 7.06505 0.01
r 49.6 0.01 3 6.99522 0.01
r 49.8 0.01 3 6.92734 0.01
r 50 0.01 3 6.86225 0.01
r 50.2 0.01 3 6.79914 0.01
r 50.4 0.01 3 6.73782 0.01
r 50.6 0.01 3 6.67803 0.01
r 50.8 0.01 3 6.62112 0.01
r 51 0.01 3 6.56504 0.01
r 51.2 0.01 3 6.50786 0.01
r 51.4 0.01 3 6.45675 0.01
r 51.6 0.01 3 6.40851 0.01
r 51.8 0.01 3 6.36227 0.01
r 52 0.01 3 6.31884 0.01
r 52.2 0.01 3 6.27792 0.01
r 52.4 0.01 3 6.23998 0.01
r 52.6 0.01 3 6.20431 0.01
r 52.8 0.01 3 6.17129 0.01
r 53 0.01 3 6.14029 0.01
r 53.2 0.01 3 6.11297 0.01
r 53.4 0.01 3 6.08773 0.01
r 53.6 0.01 3 6.07304 0.01
r 53.8 0.01 3 6.05021 0.01
r 54 0.01 3 6.03174 0.01
r 54.2 0.01 3 6.01762 0.01
r 54.4 0.01 3 6.0083 0.01
r 54.6 0.01 3 6.004 0.01
r 54.8 0.01 3 6.0027 0.01
r 55 0.01 3 5.99533 0.01
r 55.2 0.01 3 5.99555 0.01
r 55.4 0.01 3 5.99947 0.01
r 55.6 0.01 3 6.00677 0.01
r 55.8 0.01 3 6.01711 0.01
r 56 0.01 3 6.03039 0.01
r 56.2 0.01 3 6.04653 0.01
r 56.4 0.01 3 6.06576 0.01
r 56.6 0.01 3 6.0934 0.01
r 56.8 0.01 3 6.11382 0.01
r 57 0.01 3 6.14038 0.01
r 57.2 0.01 3 6.17081 0.01
r 57.4 0.01 3 6.20387 0.01
r 57.6 0.01 3 6.2393 0.01
r 57.8 0.01 3 6.27762 0.01
r 58 0.01 3 6.3187 0.01
r 58.2 0.01 3 6.36192 0.01
r 58.4 0.01 3 6.40835 0.01
r 58.6 0.01 3 6.45623 0.01
r 58.8 0.01 3 6.50863 0.01
r 59 0.01 3 6.5615 0.01
r 59.2 0.01 3 6.61958 0.01
r 59.4 0.01 3 6.67627 0.01
r 59.6 0.01 3 6.7349 0.01
r 59.8 0.01 3 6.7955 0.01
r 60 0.01 3 6.85899 0.01
r 60.2 0.01 3 6.9256 0.01
r 60.4 0.01 3 6.99397 0.01
r 60.6 0.01 3 7.0619 0.01
r 60.8 0.01 3 7.13562 0.01
r 61 0.01 3 7.21223 0.01
r 61.2 0.01 3 7.28646 0.01
r 61.4 0.01 3 7.36325 0.01
r 61.6 0.01 3 7.4423 0.01
r 61.8 0.01 3 7.52085 0.01
r 62 0.01 3 7.60534 0.01
r 62.2 0.01 3 8.61946 0.01
r 62.4 0.01 3 7.77211 0.01
r 62.6 0.01 3 7.87662 0.01
r 62.8 0.01 3 8.59576 0.01
r 63 0.01 3 8.65725 0.01
r 63.2 0.01 3 8.12753 0.01
r 63.4 0.01 3 8.7181 0.01
r 63.6 0.01 3 8.66157 0.01
r 63.8 0.01 3 8.81865 0.01
r 64 0.01 3 8.78479 0.01
r 64.2 0.01 3 8.91881 0.01
r 64.4 0.01 3 8.98898 0.01
r 64.6 0.01 3 8.98752 0.01
r 64.8 0.01 3 9.12508 0.01
r 65 0.01 3 9.12483 0.01
r 65.2 0.01 3 9.29101 0.01
r 65.4 0.01 3 9.34316 0.01
r 65.6 0.01 3 9.39489 0.01
r 65.8 0.01 3 9.56622 0.01
r 66 0.01 3 9.64349 0.01
r 66.2 0.01 3 9.7508 0.01
r 66.4 0.01 3 9.79991 0.01
r 66.6 0.01 3 10.0772 0.01
r 66.8 0.01 3 10.1327 0.01
r 67 0.01 3 10.2265 0.01
r 67.2 0.01 3 10.2852 0.01
r 67.4 0.01 3 10.4237 0.01
r 67.6 0.01 3 10.5077 0.01
r 67.8 0.01 3 10.6005 0.01
r 68 0.01 3 10.6921 0.01
r 68.2 0.01 3 10.778 0.01
r 68.4 0.01 3 10.882 0.01
r 68.6 0.01 3 10.9861 0.01
r 68.8 0.01 3 11.0856 0.01
r 69 0.01 3 11.1811 0.01
r 69.2 0.01 3 11.2908 0.01
r 69.4 0.01 3 11.3954 0.01
r 69.6 0.01 3 11.5196 0.01
r 69.8 0.01 3 11.615 0.01
r 70 0.01 3 11.711 0.01
r 70.2 0.01 3 11.8357 0.01
r 70.4 0.01 3 11.9512 0.01
r 70.6 0.01 3 12.0681 0.01
r 70.8 0.01 3 12.1584 0.01
r 71 0.01 3 12.2828 0.01
r 71.2 0.01 3 12.4075 0.01
r 71.4 0.01 3 12.5392 0.01
r 71.6 0.01 3 12.6296 0.01
r 71.8 0.01 3 12.749 0.01
r 72 0.01 3 12.8747 0.01
r 72.2 0.01 3 12.9938 0.01
r 72.4 0.01 3 13.113 0.01
r 72.6 0.01 3 13.2488 0.01
r 72.8 0.01 3 13.3527 0.01
r 73 0.01 3 13.4829 0.01
r 73.2 0.01 3 13.6184 0.01
r 73.4 0.01 3 13.7007 0.01
r 73.6 0.01 3 13.8171 0.01
r 73.8 0.01 3 13.9927 0.01
r 74 0.01 3 14.1199 0.01
r 74.2 0.01 3 14.1935 0.01
r 74.4 0.01 3 14.3477 0.01
r 74.6 0.01 3 14.4207 0.01
r 74.8 0.01 3 14.5711 0.01
r 75 0.01 3 14.6829 0.01
r 75.2 0.01 3 14.7945 0.01
r 75.4 0.01 3 14.9119 0.01
r 75.6 0.01 3 15.0499 0.01
r 75.8 0.01 3 15.1879 0.01
r 76 0.01 3 15.361 0.01
r 76.2 0.01 3 15.484 0.01
r 76.4 0.01 3 15.6038 0.01
r 76.6 0.01 3 15.6741 0.01
r 76.8 0.01 3 15.8222 0.01
r 77 0.01 3 15.9324 0.01
r 77.2 0.01 3 16.0728 0.01
r 77.4 0.01 3 16.2155 0.01
r 77.6 0.01 3 16.3465 0.01
r 77.8 0.01 3 16.4657 0.01
r 78 0.01 3 16.6018 0.01
r 78.2 0.01 3 16.7949 0.01
r 78.4 0.01 3 16.9249 0.01
r 78.6 0.01 3 17.055 0.01
r 78.8 0.01 3 17.1853 0.01
r 79 0.01 3 17.2448 0.01
r 79.2 0.01 3 17.3752 0.01
r 79.4 0.01 3 17.473 0.01
r 79.6 0.01 3 17.6094 0.01
r 79.8 0.01 3 17.7431 0.01
r 80 0.01 3 17.8718 0.01
r 80.2 0.01 3 18.0027 0.01
r 80.4 0.01 3 18.1329 0.01
r 80.6 0.01 3 18.2609 0.01
r 80.8 0.01 3 18.3921 0.01
r 81 0.01 3 18.4374 0.01
r 81.2 0.01 3 18.5666 0.01
r 81.4 0.01 3 18.6971 0.01
r 81.6 0.01 3 18.8274 0.01
r 81.8 0.01 3 18.9579 0.01
r 82 0.01 3 19.0881 0.01
r 82.2 0.01 3 19.2182 0.01
r 82.4 0.01 3 19.3488 0.01
r 82.6 0.01 3 19.4796 0.01
r 82.8 0.01 3 19.6102 0.01
r 83 0.01 3 19.6578 0.01
r 83.2 0.01 3 19.7884 0.01
r 83.4 0.01 3 19.9181 0.01
r 83.6 0.01 3 20.048 0.01
r 83.8 0.01 3 20.1787 0.01
r 84 0.01 3 20.3086 0.01
r 84.2 0.01 3 20.4394 0.01
r 84.4 0.01 3 20.5696 0.01
r 84.6 0.01 3 20.7001 0.01
r 84.8 0.01 3 20.831 0.01
r 85 0.01 3 20.9248 0.01
r 85.2 0.01 3 21.0559 0.01
r 85.4 0.01 3 21.1853 0.01
r 85.6 0.01 3 21.314 0.01
r 85.8 0.01 3 21.444 0.01
r 86 0.01 3 21.576 0.01
r 86.2 0.01 3 21.7048 0.01
r 86.4 0.01 3 21.8336 0.01
r 86.6 0.01 3 21.9661 0.01
r 86.8 0.01 3 22.0989 0.01
r 87 0.01 3 22.1815 0.01
r 87.2 0.01 3 22.3117 0.01
r 87.4 0.01 3 22.4419 0.01
r 87.6 0.01 3 22.5723 0.01
r 87.8 0.01 3 22.7027 0.01
r 88 0.01 3 22.8332 0.01
r 88.2 0.01 3 22.9638 0.01
r 88.4 0.01 3 23.0945 0.01
r 88.6 0.01 3 23.2253 0.01
r 88.8 0.01 3 23.3562 0.01
r 89 0.01 3 23.46 0.01
r 89.2 0.01 3 23.5902 0.01
r 89.4 0.01 3 23.7204 0.01
r 89.6 0.01 3 23.8505 0.01
r 89.8 0.01 3 23.9811 0.01
r 90 0.01 3 24.1116 0.01
r 90.2 0.01 3 24.2422 0.01
r 90.4 0.01 3 24.3729 0.01
r 90.6 0.01 3 24.5036 0.01
r 90.8 0.01 3 24.6346 0.01
r 91 0.01 3 24.7533 0.01
r 91.2 0.01 3 24.8799 0.01
r 91.4 0.01 3 25.0101 0.01
r 91.6 0.01 3 25.1404 0.01
r 91.8 0.01 3 25.2708 0.01
r 92 0.01 3 25.4016 0.01
r 92.2 0.01 3 25.532 0.01
r 92.4 0.01 3 25.6629 0.01
r 92.6 0.01 3 25.7935 0.01
r 92.8 0.01 3 25.9245 0.01
r 93 0.01 3 26.0407 0.01
r 93.2 0.01 3 26.1707 0.01
r 93.4 0.01 3 26.3008 0.01
r 93.6 0.01 3 26.4309 0.01
r 93.8 0.01 3 26.5612 0.01
r 94 0.01 3 26.692 0.01
r 94.2 0.01 3 26.8221 0.01
r 94.4 0.01 3 26.9526 0.01
r 94.6 0.01 3 27.0851 0.01
r 94.8 0.01 3 27.2161 0.01
r 95 0.01 3 27.3324 0.01
s 65 3 602
r 45 0.01 2 13.4816 0.01
r 45.2 0.01 2 13.3497 0.01
r 45.4 0.01 2 13.2179 0.01
r 45.6 0.01 2 13.0862 0.01
r 45.8 0.01 2 12.9544 0.01
r 46 0.01 2 12.8228 0.01
r 46.2 0.01 2 12.6911 0.01
r 46.4 0.01 2 12.5594 0.01
r 46.6 0.01 2 12.4277 0.01
r 46.8 0.01 2 12.296 0.01
r 47 0.01 2 12.1644 0.01
r 47.2 0.01 2 12.033 0.01
r 47.4 0.01 2 11.9015 0.01
r 47.6 0.01 2 11.7701 0.01
r 47.8 0.01 2 11.6387 0.01
r 48 0.01 2 11.5074 0.01
r 48.2 0.01 2 11.3762 0.01
r 48.4 0.01 2 11.2452 0.01
r 48.6 0.01 2 11.1138 0.01
r 48.8 0.01 2 10.9825 0.01
r 49 0.01 2 10.8513 0.01
r 49.2 0.01 2 10.7203 0.01
r 49.4 0.01 2 10.5894 0.01
r 49.6 0.01 2 10.4585 0.01
r 49.8 0.01 2 10.3276 0.01
r 50 0.01 2 10.1968 0.01
r 50.2 0.01 2 10.0662 0.01
r 50.4 0.01 2 9.93556 0.01
r 50.6 0.01 2 9.80501 0.01
r 50.8 0.01 2 9.67437 0.01
r 51 0.01 2 9.54399 0.01
r 51.2 0.01 2 9.41368 0.01
r 51.4 0.01 2 9.28346 0.01
r 51.6 0.01 2 9.15331 0.01
r 51.8 0.01 2 9.02326 0.01
r 52 0.01 2 8.89327 0.01
r 52.2 0.01 2 8.76335 0.01
r 52.4 0.01 2 8.63394 0.01
r 52.6 0.01 2 8.50421 0.01
r 52.8 0.01 2 8.37441 0.01
r 53 0.01 2 8.24487 0.01
r 53.2 0.01 2 8.11546 0.01
r 53.4 0.01 2 7.98621 0.01
r 53.6 0.01 2 7.85712 0.01
r 53.8 0.01 2 7.72821 0.01
r 54 0.01 2 7.6006 0.01
r 54.2 0.01 2 7.47171 0.01
r 54.4 0.01 2 7.34314 0.01
r 54.6 0.01 2 7.21465 0.01
r 54.8 0.01 2 7.08628 0.01
r 55 0.01 2 6.95892 0.01
r 55.2 0.01 2 6.83098 0.01
r 55.4 0.01 2 6.70345 0.01
r 55.6 0.01 2 6.57641 0.01
r 55.8 0.01 2 6.45 0.01
r 56 0.01 2 6.32253 0.01
r 56.2 0.01 2 6.19628 0.01
r 56.4 0.01 2 6.07035 0.01
r 56.6 0.01 2 5.94425 0.01
r 56.8 0.01 2 5.8188 0.01
r 57 0.01 2 5.69376 0.01
r 57.2 0.01 2 5.56904 0.01
r 57.4 0.01 2 5.44483 0.01
r 57.6 0.01 2 5.32091 0.01
r 57.8 0.01 2 5.19764 0.01
r 58 0.01 2 5.07467 0.01
r 58.2 0.01 2 4.95239 0.01
r 58.4 0.01 2 4.83066 0.01
r 58.6 0.01 2 4.70959 0.01
r 58.8 0.01 2 4.58926 0.01
r 59 0.01 2 4.46935 0.01
r 59.2 0.01 2 4.35031 0.01
r 59.4 0.01 2 4.23252 0.01
r 59.6 0.01 2 4.11516 0.01
r 59.8 0.01 2 3.99923 0.01
r 60 0.01 2 3.88422 0.01
r 60.2 0.01 2 3.77099 0.01
r 60.4 0.01 2 3.65948 0.01
r 60.6 0.01 2 3.54679 0.01
r 60.8 0.01 2 3.43726 0.01
r 61 0.01 2 3.33075 0.01
r 61.2 0.01 2 3.22463 0.01
r 61.4 0.01 2 3.12068 0.01
r 61.6 0.01 2 3.01924 0.01
r 61.8 0.01 2 2.92058 0.01
r 62 0.01 2 2.82441 0.01
r 62.2 0.01 2 2.73165 0.01
r 62.4 0.01 2 2.6423 0.01
r 62.6 0.01 2 2.55693 0.01
r 62.8 0.01 2 2.47558 0.01
r 63 0.01 2 2.39939 0.01
r 63.2 0.01 2 2.32803 0.01
r 63.4 0.01 2 2.26214 0.01
r 63.6 0.01 2 2.20212 0.01
r 63.8 0.01 2 2.14849 0.01
r 64 0.01 2 2.10298 0.01
r 64.2 0.01 2 2.06502 0.01
r 64.4 0.01 2 2.03526 0.01
r 64.6 0.01 2 2.01401 0.01
r 64.8 0.01 2 2.00067 0.01
r 65 0.01 2 1.99585 0.01
r 65.2 0.01 2 2.00029 0.01
r 65.4 0.01 2 2.01273 0.01
r 65.6 0.01 2 2.03335 0.01
r 65.8 0.01 2 2.06357 0.01
r 66 0.01 2 2.10201 0.01
r 66.2 0.01 2 2.14797 0.01
r 66.4 0.01 2 2.20112 0.01
r 66.6 0.01 2 2.26094 0.01
r 66.8 0.01 2 2.32714 0.01
r 67 0.01 2 2.39845 0.01
r 67.2 0.01 2 2.47517 0.01
r 67.4 0.01 2 2.55648 0.01
r 67.6 0.01 2 2.6418 0.01
r 67.8 0.01 2 2.73119 0.01
r 68 0.01 2 2.82398 0.01
r 68.2 0.01 2 2.91987 0.01
r 68.4 0.01 2 3.01891 0.01
r 68.6 0.01 2 3.12036 0.01
r 68.8 0.01 2 3.224 0.01
r 69 0.01 2 3.32962 0.01
r 69.2 0.01 2 3.43737 0.01
r 69.4 0.01 2 3.54681 0.01
r 69.6 0.01 2 3.65775 0.01
r 69.8 0.01 2 3.77017 0.01
r 70 0.01 2 3.88398 0.01
r 70.2 0.01 2 3.99897 0.01
r 70.4 0.01 2 4.11513 0.01
r 70.6 0.01 2 4.23229 0.01
r 70.8 0.01 2 4.3504 0.01
r 71 0.01 2 4.47142 0.01
r 71.2 0.01 2 4.58922 0.01
r 71.4 0.01 2 4.70967 0.01
r 71.6 0.01 2 4.83193 0.01
r 71.8 0.01 2 4.9528 0.01
r 72 0.01 2 5.07469 0.01
r 72.2 0.01 2 5.19757 0.01
r 72.4 0.01 2 5.32102 0.01
r 72.6 0.01 2 5.44489 0.01
r 72.8 0.01 2 5.56953 0.01
r 73 0.01 2 5.69507 0.01
r 73.2 0.01 2 5.81969 0.01
r 73.4 0.01 2 5.94489 0.01
r 73.6 0.01 2 6.07049 0.01
r 73.8 0.01 2 6.19624 0.01
r 74 0.01 2 6.32254 0.01
r 74.2 0.01 2 6.44921 0.01
r 74.4 0.01 2 6.57616 0.01
r 74.6 0.01 2 6.70335 0.01
r 74.8 0.01 2 6.83081 0.01
r 75 0.01 2 6.95835 0.01
r 75.2 0.01 2 7.08625 0.01
r 75.4 0.01 2 7.21422 0.01
r 75.6 0.01 2 7.34265 0.01
r 75.8 0.01 2 7.47087 0.01
r 76 0.01 2 7.59946 0.01
r 76.2 0.01 2 7.72819 0.01
r 76.4 0.01 2 7.85709 0.01
r 76.6 0.01 2 7.98614 0.01
r 76.8 0.01 2 8.11531 0.01
r 77 0.01 2 8.24468 0.01
r 77.2 0.01 2 8.37407 0.01
r 77.4 0.01 2 8.50363 0.01
r 77.6 0.01 2 8.6333 0.01
r 77.8 0.01 2 8.76309 0.01
r 78 0.01 2 8.8936 0.01
r 78.2 0.01 2 9.02376 0.01
r 78.4 0.01 2 9.1535 0.01
r 78.6 0.01 2 9.28346 0.01
r 78.8 0.01 2 9.41361 0.01
r 79 0.01 2 9.54385 0.01
r 79.2 0.01 2 9.67431 0.01
r 79.4 0.01 2 9.80491 0.01
r 79.6 0.01 2 9.93554 0.01
r 79.8 0.01 2 10.0663 0.01
r 80 0.01 2 10.197 0.01
r 80.2 0.01 2 10.3276 0.01
r 80.4 0.01 2 10.4584 0.01
r 80.6 0.01 2 10.5893 0.01
r 80.8 0.01 2 10.7203 0.01
r 81 0.01 2 10.8514 0.01
r 81.2 0.01 2 10.9824 0.01
r 81.4 0.01 2 11.1136 0.01
r 81.6 0.01 2 11.2449 0.01
r 81.8 0.01 2 11.3764 0.01
r 82 0.01 2 11.5076 0.01
r 82.2 0.01 2 11.6388 0.01
r 82.4 0.01 2 11.7701 0.01
r 82.6 0.01 2 11.9015 0.01
r 82.8 0.01 2 12.0329 0.01
r 83 0.01 2 12.1645 0.01
r 83.2 0.01 2 12.296 0.01
r 83.4 0.01 2 12.4276 0.01
r 83.6 0.01 2 12.5593 0.01
r 83.8 0.01 2 12.6914 0.01
r 84 0.01 2 12.8229 0.01
r 84.2 0.01 2 12.9545 0.01
r 84.4 0.01 2 13.0862 0.01
r 84.6 0.01 2 13.2179 0.01
r 84.8 0.01 2 13.3497 0.01
r 85 0.01 2 13.4815 0.01
r 25 0.01 3 27.345 0.01
r 25.2 0.01 3 27.2141 0.01
r 25.4 0.01 3 27.0833 0.01
r 25.6 0.01 3 26.9525 0.01
r 25.8 0.01 3 26.823 0.01
r 26 0.01 3 26.6925 0.01
r 26.2 0.01 3 26.562 0.01
r 26.4 0.01 3 26.4319 0.01
r 26.6 0.01 3 26.3019 0.01
r 26.8 0.01 3 26.1717 0.01
r 27 0.01 3 26.0625 0.01
r 27.2 0.01 3 25.9317 0.01
r 27.4 0.01 3 25.801 0.01
r 27.6 0.01 3 25.6703 0.01
r 27.8 0.01 3 25.5397 0.01
r 28 0.01 3 25.4092 0.01
r 28.2 0.01 3 25.2788 0.01
r 28.4 0.01 3 25.1484 0.01
r 28.6 0.01 3 25.0181 0.01
r 28.8 0.01 3 24.8878 0.01
r 29 0.01 3 24.7953 0.01
r 29.2 0.01 3 24.6642 0.01
r 29.4 0.01 3 24.5528 0.01
r 29.6 0.01 3 24.4216 0.01
r 29.8 0.01 3 24.2723 0.01
r 30 0.01 3 24.1416 0.01
r 30.2 0.01 3 24.0109 0.01
r 30.4 0.01 3 23.8987 0.01
r 30.6 0.01 3 23.7498 0.01
r 30.8 0.01 3 23.6199 0.01
r 31 0.01 3 23.5125 0.01
r 31.2 0.01 3 23.3812 0.01
r 31.4 0.01 3 23.2496 0.01
r 31.6 0.01 3 23.1191 0.01
r 31.8 0.01 3 22.9883 0.01
r 32 0.01 3 22.8578 0.01
r 32.2 0.01 3 22.7271 0.01
r 32.4 0.01 3 22.5967 0.01
r 32.6 0.01 3 22.4672 0.01
r 32.8 0.01 3 22.3359 0.01
r 33 0.01 3 22.2372 0.01
r 33.2 0.01 3 22.1059 0.01
r 33.4 0.01 3 21.9755 0.01
r 33.6 0.01 3 21.8447 0.01
r 33.8 0.01 3 21.714 0.01
r 34 0.01 3 21.5834 0.01
r 34.2 0.01 3 21.4528 0.01
r 34.4 0.01 3 21.3224 0.01
r 34.6 0.01 3 21.192 0.01
r 34.8 0.01 3 21.0613 0.01
r 35 0.01 3 21.0257 0.01
r 35.2 0.01 3 20.8928 0.01
r 35.4 0.01 3 20.7617 0.01
r 35.6 0.01 3 20.6328 0.01
r 35.8 0.01 3 20.5021 0.01
r 36 0.01 3 20.3755 0.01
r 36.2 0.01 3 20.2407 0.01
r 36.4 0.01 3 20.1101 0.01
r 36.6 0.01 3 19.9797 0.01
r 36.8 0.01 3 19.849 0.01
r 37 0.01 3 19.7599 0.01
r 37.2 0.01 3 19.6328 0.01
r 37.4 0.01 3 19.5156 0.01
r 37.6 0.01 3 19.3849 0.01
r 37.8 0.01 3 19.2542 0.01
r 38 0.01 3 19.1236 0.01
r 38.2 0.01 3 18.9931 0.01
r 38.4 0.01 3 18.8626 0.01
r 38.6 0.01 3 18.7322 0.01
r 38.8 0.01 3 18.6019 0.01
r 39 0.01 3 18.5361 0.01
r 39.2 0.01 3 18.4055 0.01
r 39.4 0.01 3 18.2751 0.01
r 39.6 0.01 3 18.1446 0.01
r 39.8 0.01 3 18.0143 0.01
r 40 0.01 3 17.884 0.01
r 40.2 0.01 3 17.7571 0.01
r 40.4 0.01 3 17.6269 0.01
r 40.6 0.01 3 17.4967 0.01
r 40.8 0.01 3 17.3667 0.01
r 41 0.01 3 17.345 0.01
r 41.2 0.01 3 17.2142 0.01
r 41.4 0.01 3 17.0837 0.01
r 41.6 0.01 3 16.9532 0.01
r 41.8 0.01 3 16.8224 0.01
r 42 0.01 3 16.6815 0.01
r 42.2 0.01 3 16.5623 0.01
r 42.4 0.01 3 16.4323 0.01
r 42.6 0.01 3 16.2946 0.01
r 42.8 0.01 3 16.1714 0.01
r 43 0.01 3 16.0867 0.01
r 43.2 0.01 3 15.9407 0.01
r 43.4 0.01 3 15.8219 0.01
r 43.6 0.01 3 15.6954 0.01
r 43.8 0.01 3 15.5621 0.01
r 44 0.01 3 15.4325 0.01
r 44.2 0.01 3 15.3068 0.01
r 44.4 0.01 3 15.1765 0.01
r 44.6 0.01 3 15.0481 0.01
r 44.8 0.01 3 14.9201 0.01
r 45 0.01 3 14.8081 0.01
r 45.2 0.01 3 14.6909 0.01
r 45.4 0.01 3 14.5519 0.01
r 45.6 0.01 3 14.4208 0.01
r 45.8 0.01 3 14.3144 0.01
r 46 0.01 3 14.212 0.01
r 46.2 0.01 3 14.0405 0.01
r 46.4 0.01 3 13.9245 0.01
r 46.6 0.01 3 13.7822 0.01
r 46.8 0.01 3 13.6578 0.01
r 47 0.01 3 13.5704 0.01
r 47.2 0.01 3 13.3994 0.01
r 47.4 0.01 3 13.3137 0.01
r 47.6 0.01 3 13.2087 0.01
r 47.8 0.01 3 13.0825 0.01
r 48 0.01 3 12.8929 0.01
r 48.2 0.01 3 12.8308 0.01
r 48.4 0.01 3 12.7041 0.01
r 48.6 0.01 3 12.5789 0.01
r 48.8 0.01 3 12.4542 0.01
r 49 0.01 3 12.3384 0.01
r 49.2 0.01 3 12.2144 0.01
r 49.4 0.01 3 12.0627 0.01
r 49.6 0.01 3 11.9624 0.01
r 49.8 0.01 3 11.84 0.01
r 50 0.01 3 11.7078 0.01
r 50.2 0.01 3 11.5881 0.01
r 50.4 0.01 3 11.4677 0.01
r 50.6 0.01 3 11.3477 0.01
r 50.8 0.01 3 11.2407 0.01
r 51 0.01 3 11.1269 0.01
r 51.2 0.01 3 11.006 0.01
r 51.4 0.01 3 10.8789 0.01
r 51.6 0.01 3 10.792 0.01
r 51.8 0.01 3 10.6596 0.01
r 52 0.01 3 10.5454 0.01
r 52.2 0.01 3 10.4389 0.01
r 52.4 0.01 3 10.3282 0.01
r 52.6 0.01 3 10.2329 0.01
r 52.8 0.01 3 10.1256 0.01
r 53 0.01 3 10.0131 0.01
r 53.2 0.01 3 9.91819 0.01
r 53.4 0.01 3 9.81566 0.01
r 53.6 0.01 3 9.70641 0.01
r 53.8 0.01 3 9.61636 0.01
r 54 0.01 3 9.51581 0.01
r 54.2 0.01 3 9.42697 0.01
r 54.4 0.01 3 9.33522 0.01
r 54.6 0.01 3 9.24109 0.01
r 54.8 0.01 3 9.15337 0.01
r 55 0.01 3 9.03325 0.01
r 55.2 0.01 3 8.97198 0.01
r 55.4 0.01 3 8.84194 0.01
r 55.6 0.01 3 8.71917 0.01
r 55.8 0.01 3 8.67724 0.01
r 56 0.01 3 8.56701 0.01
r 56.2 0.01 3 8.45852 0.01
r 56.4 0.01 3 8.34895 0.01
r 56.6 0.01 3 8.27323 0.01
r 56.8 0.01 3 8.19081 0.01
r 57 0.01 3 8.07198 0.01
r 57.2 0.01 3 7.99434 0.01
r 57.4 0.01 3 7.92494 0.01
r 57.6 0.01 3 7.85315 0.01
r 57.8 0.01 3 7.78945 0.01
r 58 0.01 3 7.73529 0.01
r 58.2 0.01 3 7.68511 0.01
r 58.4 0.01 3 7.61486 0.01
r 58.6 0.01 3 7.59886 0.01
r 58.8 0.01 3 7.28344 0.01
r 59 0.01 3 7.20929 0.01
r 59.2 0.01 3 7.4 0.01
r 59.4 0.01 3 7.06455 0.01
r 59.6 0.01 3 6.9949 0.01
r 59.8 0.01 3 6.93397 0.01
r 60 0.01 3 6.86208 0.01
r 60.2 0.01 3 6.79918 0.01
r 60.4 0.01 3 6.73814 0.01
r 60.6 0.01 3 6.67911 0.01
r 60.8 0.01 3 6.62173 0.01
r 61 0.01 3 6.56504 0.01
r 61.2 0.01 3 6.50786 0.01
r 61.4 0.01 3 6.45675 0.01
r 61.6 0.01 3 6.40851 0.01
r 61.8 0.01 3 6.36204 0.01
r 62 0.01 3 6.31883 0.01
r 62.2 0.01 3 6.27792 0.01
r 62.4 0.01 3 6.23998 0.01
r 62.6 0.01 3 6.20432 0.01
r 62.8 0.01 3 6.1713 0.01
r 63 0.01 3 6.14029 0.01
r 63.2 0.01 3 6.11297 0.01
r 63.4 0.01 3 6.08773 0.01
r 63.6 0.01 3 6.07304 0.01
r 63.8 0.01 3 6.05021 0.01
r 64 0.01 3 6.03174 0.01
r 64.2 0.01 3 6.01762 0.01
r 64.4 0.01 3 6.0083 0.01
r 64.6 0.01 3 6.004 0.01
r 64.8 0.01 3 6.0027 0.01
r 65 0.01 3 5.99533 0.01
r 65.2 0.01 3 5.99555 0.01
r 65.4 0.01 3 5.99947 0.01
r 65.6 0.01 3 6.00677 0.01
r 65.8 0.01 3 6.01711 0.01
r 66 0.01 3 6.03039 0.01
r 66.2 0.01 3 6.04653 0.01
r 66.4 0.01 3 6.06576 0.01
r 66.6 0.01 3 6.0934 0.01
r 66.8 0.01 3 6.11382 0.01
r 67 0.01 3 6.14038 0.01
r 67.2 0.01 3 6.17081 0.01
r 67.4 0.01 3 6.20387 0.01
r 67.6 0.01 3 6.2393 0.01
r 67.8 0.01 3 6.27762 0.01
r 68 0.01 3 6.3187 0.01
r 68.2 0.01 3 6.36192 0.01
r 68.4 0.01 3 6.40835 0.01
r 68.6 0.01 3 6.45623 0.01
r 68.8 0.01 3 6.50863 0.01
r 69 0.01 3 6.56151 0.01
r 69.2 0.01 3 6.61963 0.01
r 69.4 0.01 3 6.67627 0.01
r 69.6 0.01 3 6.73495 0.01
r 69.8 0.01 3 6.79549 0.01
r 70 0.01 3 6.85899 0.01
r 70.2 0.01 3 6.92584 0.01
r 70.4 0.01 3 6.99397 0.01
r 70.6 0.01 3 7.06191 0.01
r 70.8 0.01 3 7.13704 0.01
r 71 0.01 3 7.21199 0.01
r 71.2 0.01 3 7.28624 0.01
r 71.4 0.01 3 7.3649 0.01
r 71.6 0.01 3 7.44223 0.01
r 71.8 0.01 3 7.5175 0.01
r 72 0.01 3 7.60566 0.01
r 72.2 0.01 3 7.68691 0.01
r 72.4 0.01 3 7.77182 0.01
r 72.6 0.01 3 7.87059 0.01
r 72.8 0.01 3 8.59433 0.01
r 73 0.01 3 8.65725 0.01
r 73.2 0.01 3 8.6708 0.01
r 73.4 0.01 3 8.7181 0.01
r 73.6 0.01 3 8.65675 0.01
r 73.8 0.01 3 8.81864 0.01
r 74 0.01 3 8.83315 0.01
r 74.2 0.01 3 8.84728 0.01
r 74.4 0.01 3 8.91325 0.01
r 74.6 0.01 3 8.98751 0.01
r 74.8 0.01 3 9.12486 0.01
r 75 0.01 3 9.24689 0.01
r 75.2 0.01 3 9.23247 0.01
r 75.4 0.01 3 9.3275 0.01
r 75.6 0.01 3 9.47845 0.01
r 75.8 0.01 3 9.56472 0.01
r 76 0.01 3 9.66418 0.01
r 76.2 0.01 3 9.77923 0.01
r 76.4 0.01 3 9.83961 0.01
r 76.6 0.01 3 10.0772 0.01
r 76.8 0.01 3 10.1327 0.01
r 77 0.01 3 10.2265 0.01
r 77.2 0.01 3 10.2852 0.01
r 77.4 0.01 3 10.4237 0.01
r 77.6 0.01 3 10.5077 0.01
r 77.8 0.01 3 10.6005 0.01
r 78 0.01 3 10.6921 0.01
r 78.2 0.01 3 10.778 0.01
r 78.4 0.01 3 10.882 0.01
r 78.6 0.01 3 10.9861 0.01
r 78.8 0.01 3 11.0856 0.01
r 79 0.01 3 11.1811 0.01
r 79.2 0.01 3 11.2908 0.01
r 79.4 0.01 3 11.3954 0.01
r 79.6 0.01 3 11.5196 0.01
r 79.8 0.01 3 11.615 0.01
r 80 0.01 3 11.711 0.01
r 80.2 0.01 3 11.8357 0.01
r 80.4 0.01 3 11.9512 0.01
r 80.6 0.01 3 12.0681 0.01
r 80.8 0.01 3 12.1583 0.01
r 81 0.01 3 12.2828 0.01
r 81.2 0.01 3 12.4075 0.01
r 81.4 0.01 3 12.5392 0.01
r 81.6 0.01 3 12.6297 0.01
r 81.8 0.01 3 12.749 0.01
r 82 0.01 3 12.8747 0.01
r 82.2 0.01 3 13.007 0.01
r 82.4 0.01 3 13.113 0.01
r 82.6 0.01 3 13.2314 0.01
r 82.8 0.01 3 13.3536 0.01
r 83 0.01 3 13.4829 0.01
r 83.2 0.01 3 13.6184 0.01
r 83.4 0.01 3 13.7001 0.01
r 83.6 0.01 3 13.8171 0.01
r 83.8 0.01 3 13.9927 0.01
r 84 0.01 3 14.1199 0.01
r 84.2 0.01 3 14.1709 0.01
r 84.4 0.01 3 14.3476 0.01
r 84.6 0.01 3 14.4205 0.01
r 84.8 0.01 3 14.5711 0.01
r 85 0.01 3 14.6829 0.01
r 85.2 0.01 3 14.7945 0.01
r 85.4 0.01 3 14.9109 0.01
r 85.6 0.01 3 15.0379 0.01
r 85.8 0.01 3 15.17 0.01
r 86 0.01 3 15.361 0.01
r 86.2 0.01 3 15.484 0.01
r 86.4 0.01 3 15.6038 0.01
r 86.6 0.01 3 15.7289 0.01
r 86.8 0.01 3 15.8222 0.01
r 87 0.01 3 15.9324 0.01
r 87.2 0.01 3 16.0459 0.01
r 87.4 0.01 3 16.2155 0.01
r 87.6 0.01 3 16.3465 0.01
r 87.8 0.01 3 16.4657 0.01
r 88 0.01 3 16.6018 0.01
r 88.2 0.01 3 16.7949 0.01
r 88.4 0.01 3 16.9249 0.01
r 88.6 0.01 3 17.055 0.01
r 88.8 0.01 3 17.1853 0.01
r 89 0.01 3 17.2448 0.01
r 89.2 0.01 3 17.3752 0.01
r 89.4 0.01 3 17.473 0.01
r 89.6 0.01 3 17.6094 0.01
r 89.8 0.01 3 17.7431 0.01
r 90 0.01 3 17.8718 0.01
r 90.2 0.01 3 18.0027 0.01
r 90.4 0.01 3 18.1329 0.01
r 90.6 0.01 3 18.2609 0.01
r 90.8 0.01 3 18.3921 0.01
r 91 0.01 3 18.4374 0.01
r 91.2 0.01 3 18.5666 0.01
r 91.4 0.01 3 18.6971 0.01
r 91.6 0.01 3 18.8274 0.01
r 91.8 0.01 3 18.9579 0.01
r 92 0.01 3 19.0881 0.01
r 92.2 0.01 3 19.2182 0.01
r 92.4 0.01 3 19.3488 0.01
r 92.6 0.01 3 19.4796 0.01
r 92.8 0.01 3 19.6102 0.01
r 93 0.01 3 19.6578 0.01
r 93.2 0.01 3 19.7884 0.01
r 93.4 0.01 3 19.9181 0.01
r 93.6 0.01 3 20.048 0.01
r 93.8 0.01 3 20.1787 0.01
r 94 0.01 3 20.3086 0.01
r 94.2 0.01 3 20.4394 0.01
r 94.4 0.01 3 20.5696 0.01
r 94.6 0.01 3 20.7001 0.01
r 94.8 0.01 3 20.831 0.01
r 95 0.01 3 20.9248 0.01
r 95.2 0.01 3 21.0559 0.01
r 95.4 0.01 3 21.1853 0.01
r 95.6 0.01 3 21.314 0.01
r 95.8 0.01 3 21.444 0.01
r 96 0.01 3 21.576 0.01
r 96.2 0.01 3 21.7048 0.01
r 96.4 0.01 3 21.834 0.01
r 96.6 0.01 3 21.9661 0.01
r 96.8 0.01 3 22.0989 0.01
r 97 0.01 3 22.1815 0.01
r 97.2 0.01 3 22.3117 0.01
r 97.4 0.01 3 22.4419 0.01
r 97.6 0.01 3 22.5723 0.01
r 97.8 0.01 3 22.7027 0.01
r 98 0.01 3 22.8332 0.01
r 98.2 0.01 3 22.9638 0.01
r 98.4 0.01 3 23.0945 0.01
r 98.6 0.01 3 23.2253 0.01
r 98.8 0.01 3 23.3562 0.01
r 99 0.01 3 23.46 0.01
r 99.2 0.01 3 23.5902 0.01
r 99.4 0.01 3 23.7204 0.01
r 99.6 0.01 3 23.8505 0.01
r 99.8 0.01 3 23.9811 0.01
r 100 0.01 3 24.1116 0.01
r 100.2 0.01 3 24.2422 0.01
r 100.4 0.01 3 24.3729 0.01
r 100.6 0.01 3 24.5036 0.01
r 100.8 0.01 3 24.6346 0.01
r 101 0.01 3 24.7533 0.01
r 101.2 0.01 3 24.8799 0.01
r 101.4 0.01 3 25.0101 0.01
r 101.6 0.01 3 25.1404 0.01
r 101.8 0.01 3 25.2708 0.01
r 102 0.01 3 25.4013 0.01
r 102.2 0.01 3 25.532 0.01
r 102.4 0.01 3 25.6629 0.01
r 102.6 0.01 3 25.7935 0.01
r 102.8 0.01 3 25.9245 0.01
r 103 0.01 3 26.0407 0.01
r 103.2 0.01 3 26.1707 0.01
r 103.4 0.01 3 26.3008 0.01
r 103.6 0.01 3 26.4309 0.01
r 103.8 0.01 3 26.5612 0.01
r 104 0.01 3 26.692 0.01
r 104.2 0.01 3 26.8221 0.01
r 104.4 0.01 3 26.9526 0.01
r 104.6 0.01 3 27.0851 0.01
r 104.8 0.01 3 27.2161 0.01
r 105 0.01 3 27.3324 0.01
s 75 3 602
r 55 0.01 2 13.4816 0.01
r 55.2 0.01 2 13.3497 0.01
r 55.4 0.01 2 13.2179 0.01
r 55.6 0.01 2 13.0862 0.01
r 55.8 0.01 2 12.9544 0.01
r 56 0.01 2 12.8228 0.01
r 56.2 0.01 2 12.6911 0.01
r 56.4 0.01 2 12.5594 0.01
r 56.6 0.01 2 12.4277 0.01
r 56.8 0.01 2 12.296 0.01
r 57 0.01 2 12.1644 0.01
r 57.2 0.01 2 12.033 0.01
r 57.4 0.01 2 11.9015 0.01
r 57.6 0.01 2 11.7701 0.01
r 57.8 0.01 2 11.6387 0.01
r 58 0.01 2 11.5074 0.01
r 58.2 0.01 2 11.3762 0.01
r 58.4 0.01 2 11.2452 0.01
r 58.6 0.01 2 11.1138 0.01
r 58.8 0.01 2 10.9825 0.01
r 59 0.01 2 10.8513 0.01
r 59.2 0.01 2 10.7203 0.01
r 59.4 0.01 2 10.5894 0.01
r 59.6 0.01 2 10.4585 0.01
r 59.8 0.01 2 10.3276 0.01
r 60 0.01 2 10.1968 0.01
r 60.2 0.01 2 10.0662 0.01
r 60.4 0.01 2 9.93556 0.01
r 60.6 0.01 2 9.80501 0.01
r 60.8 0.01 2 9.67437 0.01
r 61 0.01 2 9.54399 0.01
r 61.2 0.01 2 9.41368 0.01
r 61.4 0.01 2 9.28346 0.01
r 61.6 0.01 2 9.15331 0.01
r 61.8 0.01 2 9.02326 0.01
r 62 0.01 2 8.89327 0.01
r 62.2 0.01 2 8.76335 0.01
r 62.4 0.01 2 8.63394 0.01
r 62.6 0.01 2 8.50421 0.01
r 62.8 0.01 2 8.37441 0.01
r 63 0.01 2 8.24487 0.01
r 63.2 0.01 2 8.11546 0.01
r 63.4 0.01 2 7.98621 0.01
r 63.6 0.01 2 7.85712 0.01
r 63.8 0.01 2 7.72821 0.01
r 64 0.01 2 7.6006 0.01
r 64.2 0.01 2 7.47171 0.01
r 64.4 0.01 2 7.34314 0.01
r 64.6 0.01 2 7.21465 0.01
r 64.8 0.01 2 7.08628 0.01
r 65 0.01 2 6.95892 0.01
r 65.2 0.01 2 6.83098 0.01
r 65.4 0.01 2 6.70345 0.01
r 65.6 0.01 2 6.57641 0.01
r 65.8 0.01 2 6.45 0.01
r 66 0.01 2 6.32253 0.01
r 66.2 0.01 2 6.19628 0.01
r 66.4 0.01 2 6.07035 0.01
r 66.6 0.01 2 5.94425 0.01
r 66.8 0.01 2 5.8188 0.01
r 67 0.01 2 5.69376 0.01
r 67.2 0.01 2 5.56904 0.01
r 67.4 0.01 2 5.44483 0.01
r 67.6 0.01 2 5.32091 0.01
r 67.8 0.01 2 5.19764 0.01
r 68 0.01 2 5.07467 0.01
r 68.2 0.01 2 4.95239 0.01
r 68.4 0.01 2 4.83066 0.01
r 68.6 0.01 2 4.70959 0.01
r 68.8 0.01 2 4.58926 0.01
r 69 0.01 2 4.46935 0.01
r 69.2 0.01 2 4.35031 0.01
r 69.4 0.01 2 4.23252 0.01
r 69.6 0.01 2 4.11516 0.01
r 69.8 0.01 2 3.99923 0.01
r 70 0.01 2 3.88422 0.01
r 70.2 0.01 2 3.77099 0.01
r 70.4 0.01 2 3.65948 0.01
r 70.6 0.01 2 3.54679 0.01
r 70.8 0.01 2 3.43726 0.01
r 71 0.01 2 3.33075 0.01
r 71.2 0.01 2 3.22463 0.01
r 71.4 0.01 2 3.12068 0.01
r 71.6 0.01 2 3.01924 0.01
r 71.8 0.01 2 2.92058 0.01
r 72 0.01 2 2.82441 0.01
r 72.2 0.01 2 2.73165 0.01
r 72.4 0.01 2 2.6423 0.01
r 72.6 0.01 2 2.55693 0.01
r 72.8 0.01 2 2.47558 0.01
r 73 0.01 2 2.39939 0.01
r 73.2 0.01 2 2.32803 0.01
r 73.4 0.01 2 2.26214 0.01
r 73.6 0.01 2 2.20212 0.01
r 73.8 0.01 2 2.14849 0.01
r 74 0.01 2 2.10298 0.01
r 74.2 0.01 2 2.06502 0.01
r 74.4 0.01 2 2.03526 0.01
r 74.6 0.01 2 2.01401 0.01
r 74.8 0.01 2 2.00067 0.01
r 75 0.01 2 1.99585 0.01
r 75.2 0.01 2 2.00029 0.01
r 75.4 0.01 2 2.01273 0.01
r 75.6 0.01 2 2.03335 0.01
r 75.8 0.01 2 2.06357 0.01
r 76 0.01 2 2.10201 0.01
r 76.2 0.01 2 2.14797 0.01
r 76.4 0.01 2 2.20112 0.01
r 76.6 0.01 2 2.26094 0.01
r 76.8 0.01 2 2.32714 0.01
r 77 0.01 2 2.39845 0.01
r 77.2 0.01 2 2.47517 0.01
r 77.4 0.01 2 2.55648 0.01
r 77.6 0.01 2 2.6418 0.01
r 77.8 0.01 2 2.73119 0.01
r 78 0.01 2 2.82398 0.01
r 78.2 0.01 2 2.91987 0.01
r 78.4 0.01 2 3.01891 0.01
r 78.6 0.01 2 3.12036 0.01
r 78.8 0.01 2 3.224 0.01
r 79 0.01 2 3.32962 0.01
r 79.2 0.01 2 3.43737 0.01
r 79.4 0.01 2 3.54681 0.01
r 79.6 0.01 2 3.65775 0.01
r 79.8 0.01 2 3.77017 0.01
r 80 0.01 2 3.88398 0.01
r 80.2 0.01 2 3.99897 0.01
r 80.4 0.01 2 4.11513 0.01
r 80.6 0.01 2 4.23229 0.01
r 80.8 0.01 2 4.3504 0.01
r 81 0.01 2 4.47142 0.01
r 81.2 0.01 2 4.58922 0.01
r 81.4 0.01 2 4.70967 0.01
r 81.6 0.01 2 4.83193 0.01
r 81.8 0.01 2 4.9528 0.01
r 82 0.01 2 5.07469 0.01
r 82.2 0.01 2 5.19757 0.01
r 82.4 0.01 2 5.32102 0.01
r 82.6 0.01 2 5.44489 0.01
r 82.8 0.01 2 5.56953 0.01
r 83 0.01 2 5.69507 0.01
r 83.2 0.01 2 5.81969 0.01
r 83.4 0.01 2 5.94489 0.01
r 83.6 0.01 2 6.07049 0.01
r 83.8 0.01 2 6.19624 0.01
r 84 0.01 2 6.32254 0.01
r 84.2 0.01 2 6.44921 0.01
r 84.4 0.01 2 6.57616 0.01
r 84.6 0.01 2 6.70335 0.01
r 84.8 0.01 2 6.83081 0.01
r 85 0.01 2 6.95835 0.01
r 85.2 0.01 2 7.08625 0.01
r 85.4 0.01 2 7.21422 0.01
r 85.6 0.01 2 7.34265 0.01
r 85.8 0.01 2 7.47087 0.01
r 86 0.01 2 7.59946 0.01
r 86.2 0.01 2 7.72819 0.01
r 86.4 0.01 2 7.85709 0.01
r 86.6 0.01 2 7.98614 0.01
r 86.8 0.01 2 8.11531 0.01
r 87 0.01 2 8.24468 0.01
r 87.2 0.01 2 8.37407 0.01
r 87.4 0.01 2 8.50363 0.01
r 87.6 0.01 2 8.6333 0.01
r 87.8 0.01 2 8.76309 0.01
r 88 0.01 2 8.8936 0.01
r 88.2 0.01 2 9.02376 0.01
r 88.4 0.01 2 9.1535 0.01
r 88.6 0.01 2 9.28346 0.01
r 88.8 0.01 2 9.41361 0.01
r 89 0.01 2 9.54385 0.01
r 89.2 0.01 2 9.67431 0.01
r 89.4 0.01 2 9.80491 0.01
r 89.6 0.01 2 9.93554 0.01
r 89.8 0.01 2 10.0663 0.01
r 90 0.01 2 10.197 0.01
r 90.2 0.01 2 10.3276 0.01
r 90.4 0.01 2 10.4584 0.01
r 90.6 0.01 2 10.5893 0.01
r 90.8 0.01 2 10.7203 0.01
r 91 0.01 2 10.8514 0.01
r 91.2 0.01 2 10.9824 0.01
r 91.4 0.01 2 11.1136 0.01
r 91.6 0.01 2 11.2449 0.01
r 91.8 0.01 2 11.3764 0.01
r 92 0.01 2 11.5076 0.01
r 92.2 0.01 2 11.6388 0.01
r 92.4 0.01 2 11.7701 0.01
r 92.6 0.01 2 11.9015 0.01
r 92.8 0.01 2 12.0329 0.01
r 93 0.01 2 12.1645 0.01
r 93.2 0.01 2 12.296 0.01
r 93.4 0.01 2 12.4276 0.01
r 93.6 0.01 2 12.5593 0.01
r 93.8 0.01 2 12.6914 0.01
r 94 0.01 2 12.8229 0.01
r 94.2 0.01 2 12.9545 0.01
r 94.4 0.01 2 13.0862 0.01
r 94.6 0.01 2 13.2179 0.01
r 94.8 0.01 2 13.3497 0.01
r 95 0.01 2 13.4815 0.01
r 35 0.01 3 27.345 0.01
r 35.2 0.01 3 27.2141 0.01
r 35.4 0.01 3 27.0833 0.01
r 35.6 0.01 3 26.9525 0.01
r 35.8 0.01 3 26.823 0.01
r 36 0.01 3 26.6925 0.01
r 36.2 0.01 3 26.562 0.01
r 36.4 0.01 3 26.4319 0.01
r 36.6 0.01 3 26.3019 0.01
r 36.8 0.01 3 26.1717 0.01
r 37 0.01 3 26.0625 0.01
r 37.2 0.01 3 25.9317 0.01
r 37.4 0.01 3 25.801 0.01
r 37.6 0.01 3 25.6703 0.01
r 37.8 0.01 3 25.5397 0.01
r 38 0.01 3 25.4092 0.01
r 38.2 0.01 3 25.2788 0.01
r 38.4 0.01 3 25.1484 0.01
r 38.6 0.01 3 25.0181 0.01
r 38.8 0.01 3 24.8878 0.01
r 39 0.01 3 24.7953 0.01
r 39.2 0.01 3 24.6642 0.01
r 39.4 0.01 3 24.5528 0.01
r 39.6 0.01 3 24.4216 0.01
r 39.8 0.01 3 24.2723 0.01
r 40 0.01 3 24.1416 0.01
r 40.2 0.01 3 24.0109 0.01
r 40.4 0.01 3 23.8987 0.01
r 40.6 0.01 3 23.7498 0.01
r 40.8 0.01 3 23.6199 0.01
r 41 0.01 3 23.5125 0.01
r 41.2 0.01 3 23.3812 0.01
r 41.4 0.01 3 23.2501 0.01
r 41.6 0.01 3 23.1191 0.01
r 41.8 0.01 3 22.9883 0.01
r 42 0.01 3 22.8578 0.01
r 42.2 0.01 3 22.7271 0.01
r 42.4 0.01 3 22.5967 0.01
r 42.6 0.01 3 22.4672 0.01
r 42.8 0.01 3 22.3359 0.01
r 43 0.01 3 22.2372 0.01
r 43.2 0.01 3 22.1059 0.01
r 43.4 0.01 3 21.9755 0.01
r 43.6 0.01 3 21.8447 0.01
r 43.8 0.01 3 21.714 0.01
r 44 0.01 3 21.5834 0.01
r 44.2 0.01 3 21.4528 0.01
r 44.4 0.01 3 21.3224 0.01
r 44.6 0.01 3 21.192 0.01
r 44.8 0.01 3 21.0613 0.01
r 45 0.01 3 21.0257 0.01
r 45.2 0.01 3 20.8927 0.01
r 45.4 0.01 3 20.7633 0.01
r 45.6 0.01 3 20.6328 0.01
r 45.8 0.01 3 20.5021 0.01
r 46 0.01 3 20.3755 0.01
r 46.2 0.01 3 20.2407 0.01
r 46.4 0.01 3 20.1101 0.01
r 46.6 0.01 3 19.9797 0.01
r 46.8 0.01 3 19.849 0.01
r 47 0.01 3 19.7599 0.01
r 47.2 0.01 3 19.6464 0.01
r 47.4 0.01 3 19.5156 0.01
r 47.6 0.01 3 19.3639 0.01
r 47.8 0.01 3 19.2542 0.01
r 48 0.01 3 19.1236 0.01
r 48.2 0.01 3 18.9931 0.01
r 48.4 0.01 3 18.8626 0.01
r 48.6 0.01 3 18.7322 0.01
r 48.8 0.01 3 18.6019 0.01
r 49 0.01 3 18.5361 0.01
r 49.2 0.01 3 18.4055 0.01
r 49.4 0.01 3 18.2751 0.01
r 49.6 0.01 3 18.1446 0.01
r 49.8 0.01 3 18.0143 0.01
r 50 0.01 3 17.884 0.01
r 50.2 0.01 3 17.7571 0.01
r 50.4 0.01 3 17.6269 0.01
r 50.6 0.01 3 17.4967 0.01
r 50.8 0.01 3 17.3667 0.01
r 51 0.01 3 17.345 0.01
r 51.2 0.01 3 17.2142 0.01
r 51.4 0.01 3 17.0837 0.01
r 51.6 0.01 3 16.9532 0.01
r 51.8 0.01 3 16.7849 0.01
r 52 0.01 3 16.6815 0.01
r 52.2 0.01 3 16.5623 0.01
r 52.4 0.01 3 16.4311 0.01
r 52.6 0.01 3 16.2946 0.01
r 52.8 0.01 3 16.1714 0.01
r 53 0.01 3 16.0867 0.01
r 53.2 0.01 3 15.9265 0.01
r 53.4 0.01 3 15.8219 0.01
r 53.6 0.01 3 15.696 0.01
r 53.8 0.01 3 15.5621 0.01
r 54 0.01 3 15.4325 0.01
r 54.2 0.01 3 15.3068 0.01
r 54.4 0.01 3 15.1765 0.01
r 54.6 0.01 3 15.0481 0.01
r 54.8 0.01 3 14.9201 0.01
r 55 0.01 3 14.8078 0.01
r 55.2 0.01 3 14.6909 0.01
r 55.4 0.01 3 14.5519 0.01
r 55.6 0.01 3 14.4208 0.01
r 55.8 0.01 3 14.3144 0.01
r 56 0.01 3 14.212 0.01
r 56.2 0.01 3 14.0405 0.01
r 56.4 0.01 3 13.9245 0.01
r 56.6 0.01 3 13.7822 0.01
r 56.8 0.01 3 13.6581 0.01
r 57 0.01 3 13.5704 0.01
r 57.2 0.01 3 13.399 0.01
r 57.4 0.01 3 13.3137 0.01
r 57.6 0.01 3 13.2087 0.01
r 57.8 0.01 3 13.0825 0.01
r 58 0.01 3 12.8929 0.01
r 58.2 0.01 3 12.8308 0.01
r 58.4 0.01 3 12.7041 0.01
r 58.6 0.01 3 12.5789 0.01
r 58.8 0.01 3 12.4542 0.01
r 59 0.01 3 12.3271 0.01
r 59.2 0.01 3 12.2144 0.01
r 59.4 0.01 3 12.0627 0.01
r 59.6 0.01 3 11.9624 0.01
r 59.8 0.01 3 11.84 0.01
r 60 0.01 3 11.7078 0.01
r 60.2 0.01 3 11.5881 0.01
r 60.4 0.01 3 11.4677 0.01
r 60.6 0.01 3 11.3477 0.01
r 60.8 0.01 3 11.2407 0.01
r 61 0.01 3 11.1269 0.01
r 61.2 0.01 3 11.006 0.01
r 61.4 0.01 3 10.8789 0.01
r 61.6 0.01 3 10.792 0.01
r 61.8 0.01 3 10.6596 0.01
r 62 0.01 3 10.5454 0.01
r 62.2 0.01 3 10.4389 0.01
r 62.4 0.01 3 10.3282 0.01
r 62.6 0.01 3 10.2329 0.01
r 62.8 0.01 3 10.1256 0.01
r 63 0.01 3 10.0131 0.01
r 63.2 0.01 3 9.91819 0.01
r 63.4 0.01 3 9.81566 0.01
r 63.6 0.01 3 9.70644 0.01
r 63.8 0.01 3 9.61636 0.01
r 64 0.01 3 9.51581 0.01
r 64.2 0.01 3 9.42697 0.01
r 64.4 0.01 3 9.33522 0.01
r 64.6 0.01 3 9.24109 0.01
r 64.8 0.01 3 9.15337 0.01
r 65 0.01 3 9.03325 0.01
r 65.2 0.01 3 8.97198 0.01
r 65.4 0.01 3 8.84194 0.01
r 65.6 0.01 3 8.74031 0.01
r 65.8 0.01 3 8.67724 0.01
r 66 0.01 3 8.5684 0.01
r 66.2 0.01 3 8.42983 0.01
r 66.4 0.01 3 8.35673 0.01
r 66.6 0.01 3 8.2409 0.01
r 66.8 0.01 3 8.19119 0.01
r 67 0.01 3 8.07198 0.01
r 67.2 0.01 3 7.99406 0.01
r 67.4 0.01 3 7.92534 0.01
r 67.6 0.01 3 7.85316 0.01
r 67.8 0.01 3 7.79614 0.01
r 68 0.01 3 7.73529 0.01
r 68.2 0.01 3 7.68511 0.01
r 68.4 0.01 3 7.61512 0.01
r 68.6 0.01 3 7.57143 0.01
r 68.8 0.01 3 7.50779 0.01
r 69 0.01 3 7.20916 0.01
r 69.2 0.01 3 7.13945 0.01
r 69.4 0.01 3 7.06631 0.01
r 69.6 0.01 3 6.99504 0.01
r 69.8 0.01 3 6.92756 0.01
r 70 0.01 3 6.8627 0.01
r 70.2 0.01 3 6.79904 0.01
r 70.4 0.01 3 6.73775 0.01
r 70.6 0.01 3 6.67834 0.01
r 70.8 0.01 3 6.62168 0.01
r 71 0.01 3 6.56504 0.01
r 71.2 0.01 3 6.50786 0.01
r 71.4 0.01 3 6.45675 0.01
r 71.6 0.01 3 6.40851 0.01
r 71.8 0.01 3 6.36206 0.01
r 72 0.01 3 6.31883 0.01
r 72.2 0.01 3 6.27792 0.01
r 72.4 0.01 3 6.23998 0.01
r 72.6 0.01 3 6.20432 0.01
r 72.8 0.01 3 6.17129 0.01
r 73 0.01 3 6.14029 0.01
r 73.2 0.01 3 6.11297 0.01
r 73.4 0.01 3 6.08773 0.01
r 73.6 0.01 3 6.07304 0.01
r 73.8 0.01 3 6.05021 0.01
r 74 0.01 3 6.03174 0.01
r 74.2 0.01 3 6.01762 0.01
r 74.4 0.01 3 6.0083 0.01
r 74.6 0.01 3 6.004 0.01
r 74.8 0.01 3 6.0027 0.01
r 75 0.01 3 5.99533 0.01
r 75.2 0.01 3 5.99555 0.01
r 75.4 0.01 3 5.99947 0.01
r 75.6 0.01 3 6.00677 0.01
r 75.8 0.01 3 6.01711 0.01
r 76 0.01 3 6.03039 0.01
r 76.2 0.01 3 6.04653 0.01
r 76.4 0.01 3 6.06576 0.01
r 76.6 0.01 3 6.0934 0.01
r 76.8 0.01 3 6.11382 0.01
r 77 0.01 3 6.14038 0.01
r 77.2 0.01 3 6.17081 0.01
r 77.4 0.01 3 6.20387 0.01
r 77.6 0.01 3 6.2393 0.01
r 77.8 0.01 3 6.27762 0.01
r 78 0.01 3 6.3187 0.01
r 78.2 0.01 3 6.36192 0.01
r 78.4 0.01 3 6.40835 0.01
r 78.6 0.01 3 6.45623 0.01
r 78.8 0.01 3 6.50863 0.01
r 79 0.01 3 6.56151 0.01
r 79.2 0.01 3 6.61959 0.01
r 79.4 0.01 3 6.67627 0.01
r 79.6 0.01 3 6.73498 0.01
r 79.8 0.01 3 6.7955 0.01
r 80 0.01 3 6.85899 0.01
r 80.2 0.01 3 6.9256 0.01
r 80.4 0.01 3 6.99406 0.01
r 80.6 0.01 3 7.06192 0.01
r 80.8 0.01 3 7.13481 0.01
r 81 0.01 3 7.21183 0.01
r 81.2 0.01 3 7.286 0.01
r 81.4 0.01 3 7.36327 0.01
r 81.6 0.01 3 7.44237 0.01
r 81.8 0.01 3 7.52272 0.01
r 82 0.01 3 7.60566 0.01
r 82.2 0.01 3 7.68754 0.01
r 82.4 0.01 3 7.76625 0.01
r 82.6 0.01 3 7.8586 0.01
r 82.8 0.01 3 8.59576 0.01
r 83 0.01 3 8.65725 0.01
r 83.2 0.01 3 8.12817 0.01
r 83.4 0.01 3 8.71812 0.01
r 83.6 0.01 3 8.31891 0.01
r 83.8 0.01 3 8.81863 0.01
r 84 0.01 3 8.50159 0.01
r 84.2 0.01 3 8.85111 0.01
r 84.4 0.01 3 8.90806 0.01
r 84.6 0.01 3 8.98723 0.01
r 84.8 0.01 3 9.12498 0.01
r 85 0.01 3 9.12682 0.01
r 85.2 0.01 3 9.21866 0.01
r 85.4 0.01 3 9.33508 0.01
r 85.6 0.01 3 9.41048 0.01
r 85.8 0.01 3 9.52128 0.01
r 86 0.01 3 9.639 0.01
r 86.2 0.01 3 9.71089 0.01
r 86.4 0.01 3 9.83613 0.01
r 86.6 0.01 3 10.0772 0.01
r 86.8 0.01 3 10.1327 0.01
r 87 0.01 3 10.2265 0.01
r 87.2 0.01 3 10.2852 0.01
r 87.4 0.01 3 10.4237 0.01
r 87.6 0.01 3 10.5077 0.01
r 87.8 0.01 3 10.6005 0.01
r 88 0.01 3 10.6921 0.01
r 88.2 0.01 3 10.778 0.01
r 88.4 0.01 3 10.882 0.01
r 88.6 0.01 3 10.9861 0.01
r 88.8 0.01 3 11.0856 0.01
r 89 0.01 3 11.1811 0.01
r 89.2 0.01 3 11.2908 0.01
r 89.4 0.01 3 11.3954 0.01
r 89.6 0.01 3 11.5196 0.01
r 89.8 0.01 3 11.6149 0.01
r 90 0.01 3 11.7152 0.01
r 90.2 0.01 3 11.8357 0.01
r 90.4 0.01 3 11.9512 0.01
r 90.6 0.01 3 12.0681 0.01
r 90.8 0.01 3 12.1567 0.01
r 91 0.01 3 12.2828 0.01
r 91.2 0.01 3 12.4075 0.01
r 91.4 0.01 3 12.5392 0.01
r 91.6 0.01 3 12.6451 0.01
r 91.8 0.01 3 12.749 0.01
r 92 0.01 3 12.8747 0.01
r 92.2 0.01 3 13.007 0.01
r 92.4 0.01 3 13.113 0.01
r 92.6 0.01 3 13.2197 0.01
r 92.8 0.01 3 13.3527 0.01
r 93 0.01 3 13.4829 0.01
r 93.2 0.01 3 13.6184 0.01
r 93.4 0.01 3 13.7002 0.01
r 93.6 0.01 3 13.798 0.01
r 93.8 0.01 3 13.9927 0.01
r 94 0.01 3 14.1199 0.01
r 94.2 0.01 3 14.1895 0.01
r 94.4 0.01 3 14.3477 0.01
r 94.6 0.01 3 14.4115 0.01
r 94.8 0.01 3 14.5471 0.01
r 95 0.01 3 14.6829 0.01
r 95.2 0.01 3 14.7945 0.01
r 95.4 0.01 3 14.9186 0.01
r 95.6 0.01 3 15.0456 0.01
r 95.8 0.01 3 15.166 0.01
r 96 0.01 3 15.361 0.01
r 96.2 0.01 3 15.484 0.01
r 96.4 0.01 3 15.6038 0.01
r 96.6 0.01 3 15.7289 0.01
r 96.8 0.01 3 15.8222 0.01
r 97 0.01 3 15.9324 0.01
r 97.2 0.01 3 16.0463 0.01
r 97.4 0.01 3 16.2155 0.01
r 97.6 0.01 3 16.3465 0.01
r 97.8 0.01 3 16.4657 0.01
r 98 0.01 3 16.6018 0.01
r 98.2 0.01 3 16.7949 0.01
r 98.4 0.01 3 16.9249 0.01
r 98.6 0.01 3 16.9981 0.01
r 98.8 0.01 3 17.1853 0.01
r 99 0.01 3 17.2448 0.01
r 99.2 0.01 3 17.3752 0.01
r 99.4 0.01 3 17.473 0.01
r 99.6 0.01 3 17.6094 0.01
r 99.8 0.01 3 17.7431 0.01
r 100 0.01 3 17.8718 0.01
r 100.2 0.01 3 18.0027 0.01
r 100.4 0.01 3 18.1329 0.01
r 100.6 0.01 3 18.2609 0.01
r 100.8 0.01 3 18.3921 0.01
r 101 0.01 3 18.4374 0.01
r 101.2 0.01 3 18.5666 0.01
r 101.4 0.01 3 18.6971 0.01
r 101.6 0.01 3 18.8274 0.01
r 101.8 0.01 3 18.9579 0.01
r 102 0.01 3 19.0881 0.01
r 102.2 0.01 3 19.2182 0.01
r 102.4 0.01 3 19.3488 0.01
r 102.6 0.01 3 19.4796 0.01
r 102.8 0.01 3 19.6102 0.01
r 103 0.01 3 19.6578 0.01
r 103.2 0.01 3 19.7884 0.01
r 103.4 0.01 3 19.9181 0.01
r 103.6 0.01 3 20.048 0.01
r 103.8 0.01 3 20.1787 0.01
r 104 0.01 3 20.3086 0.01
r 104.2 0.01 3 20.4394 0.01
r 104.4 0.01 3 20.5696 0.01
r 104.6 0.01 3 20.7001 0.01
r 104.8 0.01 3 20.831 0.01
r 105 0.01 3 20.9248 0.01
r 105.2 0.01 3 21.0559 0.01
r 105.4 0.01 3 21.1853 0.01
r 105.6 0.01 3 21.314 0.01
r 105.8 0.01 3 21.444 0.01
r 106 0.01 3 21.576 0.01
r 106.2 0.01 3 21.7048 0.01
r 106.4 0.01 3 21.8339 0.01
r 106.6 0.01 3 21.9661 0.01
r 106.8 0.01 3 22.0989 0.01
r 107 0.01 3 22.1815 0.01
r 107.2 0.01 3 22.3117 0.01
r 107.4 0.01 3 22.4419 0.01
r 107.6 0.01 3 22.5723 0.01
r 107.8 0.01 3 22.7027 0.01
r 108 0.01 3 22.8332 0.01
r 108.2 0.01 3 22.9638 0.01
r 108.4 0.01 3 23.0945 0.01
r 108.6 0.01 3 23.2253 0.01
r 108.8 0.01 3 23.3562 0.01
r 109 0.01 3 23.46 0.01
r 109.2 0.01 3 23.5902 0.01
r 109.4 0.01 3 23.7204 0.01
r 109.6 0.01 3 23.8505 0.01
r 109.8 0.01 3 23.9811 0.01
r 110 0.01 3 24.1116 0.01
r 110.2 0.01 3 24.2422 0.01
r 110.4 0.01 3 24.3729 0.01
r 110.6 0.01 3 24.5036 0.01
r 110.8 0.01 3 24.6346 0.01
r 111 0.01 3 24.7533 0.01
r 111.2 0.01 3 24.8799 0.01
r 111.4 0.01 3 25.0101 0.01
r 111.6 0.01 3 25.1404 0.01
r 111.8 0.01 3 25.2708 0.01
r 112 0.01 3 25.4013 0.01
r 112.2 0.01 3 25.532 0.01
r 112.4 0.01 3 25.6629 0.01
r 112.6 0.01 3 25.7935 0.01
r 112.8 0.01 3 25.9245 0.01
r 113 0.01 3 26.0407 0.01
r 113.2 0.01 3 26.1707 0.01
r 113.4 0.01 3 26.3008 0.01
r 113.6 0.01 3 26.4309 0.01
r 113.8 0.01 3 26.5612 0.01
r 114 0.01 3 26.692 0.01
r 114.2 0.01 3 26.8221 0.01
r 114.4 0.01 3 26.9526 0.01
r 114.6 0.01 3 27.0851 0.01
r 114.8 0.01 3 27.2161 0.01
r 115 0.01 3 27.3324 0.01
s 85 3 602
r 65 0.01 2 13.4816 0.01
r 65.2 0.01 2 13.3497 0.01
r 65.4 0.01 2 13.2179 0.01
r 65.6 0.01 2 13.0862 0.01
r 65.8 0.01 2 12.9544 0.01
r 66 0.01 2 12.8228 0.01
r 66.2 0.01 2 12.6911 0.01
r 66.4 0.01 2 12.5594 0.01
r 66.6 0.01 2 12.4277 0.01
r 66.8 0.01 2 12.296 0.01
r 67 0.01 2 12.1644 0.01
r 67.2 0.01 2 12.033 0.01
r 67.4 0.01 2 11.9015 0.01
r 67.6 0.01 2 11.7701 0.01
r 67.8 0.01 2 11.6387 0.01
r 68 0.01 2 11.5074 0.01
r 68.2 0.01 2 11.3762 0.01
r 68.4 0.01 2 11.2452 0.01
r 68.6 0.01 2 11.1138 0.01
r 68.8 0.01 2 10.9825 0.01
r 69 0.01 2 10.8513 0.01
r 69.2 0.01 2 10.7203 0.01
r 69.4 0.01 2 10.5894 0.01
r 69.6 0.01 2 10.4585 0.01
r 69.8 0.01 2 10.3276 0.01
r 70 0.01 2 10.1968 0.01
r 70.2 0.01 2 10.0662 0.01
r 70.4 0.01 2 9.93556 0.01
r 70.6 0.01 2 9.80501 0.01
r 70.8 0.01 2 9.67437 0.01
r 71 0.01 2 9.54399 0.01
r 71.2 0.01 2 9.41368 0.01
r 71.4 0.01 2 9.28346 0.01
r 71.6 0.01 2 9.15331 0.01
r 71.8 0.01 2 9.02326 0.01
r 72 0.01 2 8.89327 0.01
r 72.2 0.01 2 8.76335 0.01
r 72.4 0.01 2 8.63394 0.01
r 72.6 0.01 2 8.50421 0.01
r 72.8 0.01 2 8.37441 0.01
r 73 0.01 2 8.24487 0.01
r 73.2 0.01 2 8.11546 0.01
r 73.4 0.01 2 7.98621 0.01
r 73.6 0.01 2 7.85712 0.01
r 73.8 0.01 2 7.72821 0.01
r 74 0.01 2 7.6006 0.01
r 74.2 0.01 2 7.47171 0.01
r 74.4 0.01 2 7.34314 0.01
r 74.6 0.01 2 7.21465 0.01
r 74.8 0.01 2 7.08628 0.01
r 75 0.01 2 6.95892 0.01
r 75.2 0.01 2 6.83098 0.01
r 75.4 0.01 2 6.70345 0.01
r 75.6 0.01 2 6.57641 0.01
r 75.8 0.01 2 6.45 0.01
r 76 0.01 2 6.32253 0.01
r 76.2 0.01 2 6.19628 0.01
r 76.4 0.01 2 6.07035 0.01
r 76.6 0.01 2 5.94425 0.01
r 76.8 0.01 2 5.8188 0.01
r 77 0.01 2 5.69376 0.01
r 77.2 0.01 2 5.56904 0.01
r 77.4 0.01 2 5.44483 0.01
r 77.6 0.01 2 5.32091 0.01
r 77.8 0.01 2 5.19764 0.01
r 78 0.01 2 5.07467 0.01
r 78.2 0.01 2 4.95239 0.01
r 78.4 0.01 2 4.83066 0.01
r 78.6 0.01 2 4.70959 0.01
r 78.8 0.01 2 4.58926 0.01
r 79 0.01 2 4.46935 0.01
r 79.2 0.01 2 4.35031 0.01
r 79.4 0.01 2 4.23252 0.01
r 79.6 0.01 2 4.11516 0.01
r 79.8 0.01 2 3.99923 0.01
r 80 0.01 2 3.88422 0.01
r 80.2 0.01 2 3.77099 0.01
r 80.4 0.01 2 3.65948 0.01
r 80.6 0.01 2 3.54679 0.01
r 80.8 0.01 2 3.43726 0.01
r 81 0.01 2 3.33075 0.01
r 81.2 0.01 2 3.22463 0.01
r 81.4 0.01 2 3.12068 0.01
r 81.6 0.01 2 3.01924 0.01
r 81.8 0.01 2 2.92058 0.01
r 82 0.01 2 2.82441 0.01
r 82.2 0.01 2 2.73165 0.01
r 82.4 0.01 2 2.6423 0.01
r 82.6 0.01 2 2.55693 0.01
r 82.8 0.01 2 2.47558 0.01
r 83 0.01 2 2.39939 0.01
r 83.2 0.01 2 2.32803 0.01
r 83.4 0.01 2 2.26214 0.01
r 83.6 0.01 2 2.20212 0.01
r 83.8 0.01 2 2.14849 0.01
r 84 0.01 2 2.10298 0.01
r 84.2 0.01 2 2.06502 0.01
r 84.4 0.01 2 2.03526 0.01
r 84.6 0.01 2 2.01401 0.01
r 84.8 0.01 2 2.00067 0.01
r 85 0.01 2 1.99585 0.01
r 85.2 0.01 2 2.00029 0.01
r 85.4 0.01 2 2.01273 0.01
r 85.6 0.01 2 2.03335 0.01
r 85.8 0.01 2 2.06357 0.01
r 86 0.01 2 2.10201 0.01
r 86.2 0.01 2 2.14797 0.01
r 86.4 0.01 2 2.20112 0.01
r 86.6 0.01 2 2.26094 0.01
r 86.8 0.01 2 2.32714 0.01
r 87 0.01 2 2.39845 0.01
r 87.2 0.01 2 2.47517 0.01
r 87.4 0.01 2 2.55648 0.01
r 87.6 0.01 2 2.6418 0.01
r 87.8 0.01 2 2.73119 0.01
r 88 0.01 2 2.82398 0.01
r 88.2 0.01 2 2.91987 0.01
r 88.4 0.01 2 3.01891 0.01
r 88.6 0.01 2 3.12036 0.01
r 88.8 0.01 2 3.224 0.01
r 89 0.01 2 3.32962 0.01
r 89.2 0.01 2 3.43737 0.01
r 89.4 0.01 2 3.54681 0.01
r 89.6 0.01 2 3.65775 0.01
r 89.8 0.01 2 3.77017 0.01
r 90 0.01 2 3.88398 0.01
r 90.2 0.01 2 3.99897 0.01
r 90.4 0.01 2 4.11513 0.01
r 90.6 0.01 2 4.23229 0.01
r 90.8 0.01 2 4.3504 0.01
r 91 0.01 2 4.47142 0.01
r 91.2 0.01 2 4.58922 0.01
r 91.4 0.01 2 4.70967 0.01
r 91.6 0.01 2 4.83193 0.01
r 91.8 0.01 2 4.9528 0.01
r 92 0.01 2 5.07469 0.01
r 92.2 0.01 2 5.19757 0.01
r 92.4 0.01 2 5.32102 0.01
r 92.6 0.01 2 5.44489 0.01
r 92.8 0.01 2 5.56953 0.01
r 93 0.01 2 5.69507 0.01
r 93.2 0.01 2 5.81969 0.01
r 93.4 0.01 2 5.94489 0.01
r 93.6 0.01 2 6.07049 0.01
r 93.8 0.01 2 6.19624 0.01
r 94 0.01 2 6.32254 0.01
r 94.2 0.01 2 6.44921 0.01
r 94.4 0.01 2 6.57616 0.01
r 94.6 0.01 2 6.70335 0.01
r 94.8 0.01 2 6.83081 0.01
r 95 0.01 2 6.95835 0.01
r 95.2 0.01 2 7.08625 0.01
r 95.4 0.01 2 7.21422 0.01
r 95.6 0.01 2 7.34265 0.01
r 95.8 0.01 2 7.47087 0.01
r 96 0.01 2 7.59946 0.01
r 96.2 0.01 2 7.72819 0.01
r 96.4 0.01 2 7.85709 0.01
r 96.6 0.01 2 7.98614 0.01
r 96.8 0.01 2 8.11531 0.01
r 97 0.01 2 8.24468 0.01
r 97.2 0.01 2 8.37407 0.01
r 97.4 0.01 2 8.50363 0.01
r 97.6 0.01 2 8.6333 0.01
r 97.8 0.01 2 8.76309 0.01
r 98 0.01 2 8.8936 0.01
r 98.2 0.01 2 9.02376 0.01
r 98.4 0.01 2 9.1535 0.01
r 98.6 0.01 2 9.28346 0.01
r 98.8 0.01 2 9.41361 0.01
r 99 0.01 2 9.54385 0.01
r 99.2 0.01 2 9.67431 0.01
r 99.4 0.01 2 9.80491 0.01
r 99.6 0.01 2 9.93554 0.01
r 99.8 0.01 2 10.0663 0.01
r 100 0.01 2 10.197 0.01
r 100.2 0.01 2 10.3276 0.01
r 100.4 0.01 2 10.4584 0.01
r 100.6 0.01 2 10.5893 0.01
r 100.8 0.01 2 10.7203 0.01
r 101 0.01 2 10.8514 0.01
r 101.2 0.01 2 10.9824 0.01
r 101.4 0.01 2 11.1136 0.01
r 101.6 0.01 2 11.2449 0.01
r 101.8 0.01 2 11.3764 0.01
r 102 0.01 2 11.5076 0.01
r 102.2 0.01 2 11.6388 0.01
r 102.4 0.01 2 11.7701 0.01
r 102.6 0.01 2 11.9015 0.01
r 102.8 0.01 2 12.0329 0.01
r 103 0.01 2 12.1645 0.01
r 103.2 0.01 2 12.296 0.01
r 103.4 0.01 2 12.4276 0.01
r 103.6 0.01 2 12.5593 0.01
r 103.8 0.01 2 12.6914 0.01
r 104 0.01 2 12.8229 0.01
r 104.2 0.01 2 12.9545 0.01
r 104.4 0.01 2 13.0862 0.01
r 104.6 0.01 2 13.2179 0.01
r 104.8 0.01 2 13.3497 0.01
r 105 0.01 2 13.4815 0.01
r 45 0.01 3 27.345 0.01
r 45.2 0.01 3 27.2141 0.01
r 45.4 0.01 3 27.0833 0.01
r 45.6 0.01 3 26.9525 0.01
r 45.8 0.01 3 26.823 0.01
r 46 0.01 3 26.6925 0.01
r 46.2 0.01 3 26.562 0.01
r 46.4 0.01 3 26.4319 0.01
r 46.6 0.01 3 26.3019 0.01
r 46.8 0.01 3 26.1717 0.01
r 47 0.01 3 26.0625 0.01
r 47.2 0.01 3 25.9317 0.01
r 47.4 0.01 3 25.801 0.01
r 47.6 0.01 3 25.6703 0.01
r 47.8 0.01 3 25.5397 0.01
r 48 0.01 3 25.4092 0.01
r 48.2 0.01 3 25.2788 0.01
r 48.4 0.01 3 25.1484 0.01
r 48.6 0.01 3 25.0181 0.01
r 48.8 0.01 3 24.8878 0.01
r 49 0.01 3 24.7953 0.01
r 49.2 0.01 3 24.6642 0.01
r 49.4 0.01 3 24.5528 0.01
r 49.6 0.01 3 24.4216 0.01
r 49.8 0.01 3 24.2723 0.01
r 50 0.01 3 24.1416 0.01
r 50.2 0.01 3 24.0109 0.01
r 50.4 0.01 3 23.8987 0.01
r 50.6 0.01 3 23.7498 0.01
r 50.8 0.01 3 23.6199 0.01
r 51 0.01 3 23.5125 0.01
r 51.2 0.01 3 23.3812 0.01
r 51.4 0.01 3 23.2501 0.01
r 51.6 0.01 3 23.1191 0.01
r 51.8 0.01 3 22.9883 0.01
r 52 0.01 3 22.8578 0.01
r 52.2 0.01 3 22.7271 0.01
r 52.4 0.01 3 22.5967 0.01
r 52.6 0.01 3 22.4672 0.01
r 52.8 0.01 3 22.3359 0.01
r 53 0.01 3 22.2372 0.01
r 53.2 0.01 3 22.1059 0.01
r 53.4 0.01 3 21.9755 0.01
r 53.6 0.01 3 21.8447 0.01
r 53.8 0.01 3 21.714 0.01
r 54 0.01 3 21.5834 0.01
r 54.2 0.01 3 21.4528 0.01
r 54.4 0.01 3 21.3224 0.01
r 54.6 0.01 3 21.192 0.01
r 54.8 0.01 3 21.0613 0.01
r 55 0.01 3 21.0254 0.01
r 55.2 0.01 3 20.8928 0.01
r 55.4 0.01 3 20.7613 0.01
r 55.6 0.01 3 20.6328 0.01
r 55.8 0.01 3 20.5021 0.01
r 56 0.01 3 20.3755 0.01
r 56.2 0.01 3 20.2407 0.01
r 56.4 0.01 3 20.1101 0.01
r 56.6 0.01 3 19.9798 0.01
r 56.8 0.01 3 19.849 0.01
r 57 0.01 3 19.7772 0.01
r 57.2 0.01 3 19.6464 0.01
r 57.4 0.01 3 19.5156 0.01
r 57.6 0.01 3 19.3639 0.01
r 57.8 0.01 3 19.2541 0.01
r 58 0.01 3 19.1236 0.01
r 58.2 0.01 3 18.9931 0.01
r 58.4 0.01 3 18.8626 0.01
r 58.6 0.01 3 18.7322 0.01
r 58.8 0.01 3 18.6019 0.01
r 59 0.01 3 18.5361 0.01
r 59.2 0.01 3 18.4055 0.01
r 59.4 0.01 3 18.2751 0.01
r 59.6 0.01 3 18.1446 0.01
r 59.8 0.01 3 18.0143 0.01
r 60 0.01 3 17.884 0.01
r 60.2 0.01 3 17.7571 0.01
r 60.4 0.01 3 17.6269 0.01
r 60.6 0.01 3 17.4967 0.01
r 60.8 0.01 3 17.3667 0.01
r 61 0.01 3 17.345 0.01
r 61.2 0.01 3 17.2142 0.01
r 61.4 0.01 3 17.0837 0.01
r 61.6 0.01 3 16.9532 0.01
r 61.8 0.01 3 16.8224 0.01
r 62 0.01 3 16.6839 0.01
r 62.2 0.01 3 16.5623 0.01
r 62.4 0.01 3 16.4323 0.01
r 62.6 0.01 3 16.2946 0.01
r 62.8 0.01 3 16.1714 0.01
r 63 0.01 3 16.0867 0.01
r 63.2 0.01 3 15.9271 0.01
r 63.4 0.01 3 15.8219 0.01
r 63.6 0.01 3 15.6954 0.01
r 63.8 0.01 3 15.5621 0.01
r 64 0.01 3 15.4324 0.01
r 64.2 0.01 3 15.3068 0.01
r 64.4 0.01 3 15.1765 0.01
r 64.6 0.01 3 15.0481 0.01
r 64.8 0.01 3 14.9179 0.01
r 65 0.01 3 14.8081 0.01
r 65.2 0.01 3 14.6909 0.01
r 65.4 0.01 3 14.5519 0.01
r 65.6 0.01 3 14.4208 0.01
r 65.8 0.01 3 14.3144 0.01
r 66 0.01 3 14.212 0.01
r 66.2 0.01 3 14.0406 0.01
r 66.4 0.01 3 13.9245 0.01
r 66.6 0.01 3 13.7822 0.01
r 66.8 0.01 3 13.6581 0.01
r 67 0.01 3 13.5704 0.01
r 67.2 0.01 3 13.3989 0.01
r 67.4 0.01 3 13.3137 0.01
r 67.6 0.01 3 13.2087 0.01
r 67.8 0.01 3 13.0825 0.01
r 68 0.01 3 12.8929 0.01
r 68.2 0.01 3 12.8308 0.01
r 68.4 0.01 3 12.7041 0.01
r 68.6 0.01 3 12.5789 0.01
r 68.8 0.01 3 12.4542 0.01
r 69 0.01 3 12.3384 0.01
r 69.2 0.01 3 12.2031 0.01
r 69.4 0.01 3 12.0627 0.01
r 69.6 0.01 3 11.9624 0.01
r 69.8 0.01 3 11.84 0.01
r 70 0.01 3 11.7078 0.01
r 70.2 0.01 3 11.5881 0.01
r 70.4 0.01 3 11.4677 0.01
r 70.6 0.01 3 11.3477 0.01
r 70.8 0.01 3 11.2407 0.01
r 71 0.01 3 11.1269 0.01
r 71.2 0.01 3 11.006 0.01
r 71.4 0.01 3 10.8789 0.01
r 71.6 0.01 3 10.792 0.01
r 71.8 0.01 3 10.6596 0.01
r 72 0.01 3 10.5454 0.01
r 72.2 0.01 3 10.4389 0.01
r 72.4 0.01 3 10.3282 0.01
r 72.6 0.01 3 10.2328 0.01
r 72.8 0.01 3 10.1256 0.01
r 73 0.01 3 10.0131 0.01
r 73.2 0.01 3 9.91815 0.01
r 73.4 0.01 3 9.81566 0.01
r 73.6 0.01 3 9.70642 0.01
r 73.8 0.01 3 9.61636 0.01
r 74 0.01 3 9.51581 0.01
r 74.2 0.01 3 9.42697 0.01
r 74.4 0.01 3 9.33522 0.01
r 74.6 0.01 3 9.24109 0.01
r 74.8 0.01 3 9.15337 0.01
r 75 0.01 3 9.03325 0.01
r 75.2 0.01 3 8.97198 0.01
r 75.4 0.01 3 8.84194 0.01
r 75.6 0.01 3 8.71926 0.01
r 75.8 0.01 3 8.67724 0.01
r 76 0.01 3 8.56702 0.01
r 76.2 0.01 3 8.45805 0.01
r 76.4 0.01 3 8.35736 0.01
r 76.6 0.01 3 8.27205 0.01
r 76.8 0.01 3 8.1613 0.01
r 77 0.01 3 8.07198 0.01
r 77.2 0.01 3 7.99433 0.01
r 77.4 0.01 3 7.92508 0.01
r 77.6 0.01 3 7.85383 0.01
r 77.8 0.01 3 7.78883 0.01
r 78 0.01 3 7.73525 0.01
r 78.2 0.01 3 7.68511 0.01
r 78.4 0.01 3 7.61803 0.01
r 78.6 0.01 3 7.59881 0.01
r 78.8 0.01 3 7.50377 0.01
r 79 0.01 3 7.21229 0.01
r 79.2 0.01 3 7.1399 0.01
r 79.4 0.01 3 7.06517 0.01
r 79.6 0.01 3 6.99716 0.01
r 79.8 0.01 3 6.92646 0.01
r 80 0.01 3 6.86267 0.01
r 80.2 0.01 3 6.79995 0.01
r 80.4 0.01 3 6.7383 0.01
r 80.6 0.01 3 6.67815 0.01
r 80.8 0.01 3 6.62162 0.01
r 81 0.01 3 6.56504 0.01
r 81.2 0.01 3 6.50787 0.01
r 81.4 0.01 3 6.45675 0.01
r 81.6 0.01 3 6.40851 0.01
r 81.8 0.01 3 6.362 0.01
r 82 0.01 3 6.31884 0.01
r 82.2 0.01 3 6.27792 0.01
r 82.4 0.01 3 6.23998 0.01
r 82.6 0.01 3 6.20432 0.01
r 82.8 0.01 3 6.17129 0.01
r 83 0.01 3 6.14029 0.01
r 83.2 0.01 3 6.11297 0.01
r 83.4 0.01 3 6.08773 0.01
r 83.6 0.01 3 6.07304 0.01
r 83.8 0.01 3 6.05021 0.01
r 84 0.01 3 6.03174 0.01
r 84.2 0.01 3 6.01762 0.01
r 84.4 0.01 3 6.0083 0.01
r 84.6 0.01 3 6.004 0.01
r 84.8 0.01 3 6.0027 0.01
r 85 0.01 3 5.99533 0.01
r 85.2 0.01 3 5.99555 0.01
r 85.4 0.01 3 5.99947 0.01
r 85.6 0.01 3 6.00677 0.01
r 85.8 0.01 3 6.01711 0.01
r 86 0.01 3 6.03039 0.01
r 86.2 0.01 3 6.04653 0.01
r 86.4 0.01 3 6.06576 0.01
r 86.6 0.01 3 6.0934 0.01
r 86.8 0.01 3 6.11382 0.01
r 87 0.01 3 6.14038 0.01
r 87.2 0.01 3 6.17081 0.01
r 87.4 0.01 3 6.20387 0.01
r 87.6 0.01 3 6.2393 0.01
r 87.8 0.01 3 6.27762 0.01
r 88 0.01 3 6.3187 0.01
r 88.2 0.01 3 6.36192 0.01
r 88.4 0.01 3 6.40835 0.01
r 88.6 0.01 3 6.45623 0.01
r 88.8 0.01 3 6.50863 0.01
r 89 0.01 3 6.5615 0.01
r 89.2 0.01 3 6.61958 0.01
r 89.4 0.01 3 6.67628 0.01
r 89.6 0.01 3 6.73499 0.01
r 89.8 0.01 3 6.79549 0.01
r 90 0.01 3 6.85899 0.01
r 90.2 0.01 3 6.92558 0.01
r 90.4 0.01 3 6.99397 0.01
r 90.6 0.01 3 7.06191 0.01
r 90.8 0.01 3 7.13489 0.01
r 91 0.01 3 7.21143 0.01
r 91.2 0.01 3 7.2853 0.01
r 91.4 0.01 3 7.36357 0.01
r 91.6 0.01 3 7.44276 0.01
r 91.8 0.01 3 7.5204 0.01
r 92 0.01 3 7.60623 0.01
r 92.2 0.01 3 7.68483 0.01
r 92.4 0.01 3 7.77261 0.01
r 92.6 0.01 3 7.8603 0.01
r 92.8 0.01 3 8.59433 0.01
r 93 0.01 3 8.65725 0.01
r 93.2 0.01 3 8.13134 0.01
r 93.4 0.01 3 8.71707 0.01
r 93.6 0.01 3 8.31771 0.01
r 93.8 0.01 3 8.81864 0.01
r 94 0.01 3 8.78446 0.01
r 94.2 0.01 3 8.91929 0.01
r 94.4 0.01 3 8.9137 0.01
r 94.6 0.01 3 8.98281 0.01
r 94.8 0.01 3 9.12505 0.01
r 95 0.01 3 9.12913 0.01
r 95.2 0.01 3 9.2247 0.01
r 95.4 0.01 3 9.3384 0.01
r 95.6 0.01 3 9.48126 0.01
r 95.8 0.01 3 9.56442 0.01
r 96 0.01 3 9.6506 0.01
r 96.2 0.01 3 9.72324 0.01
r 96.4 0.01 3 9.82392 0.01
r 96.6 0.01 3 10.0772 0.01
r 96.8 0.01 3 10.1325 0.01
r 97 0.01 3 10.2265 0.01
r 97.2 0.01 3 10.2852 0.01
r 97.4 0.01 3 10.4237 0.01
r 97.6 0.01 3 10.5077 0.01
r 97.8 0.01 3 10.6005 0.01
r 98 0.01 3 10.6921 0.01
r 98.2 0.01 3 10.778 0.01
r 98.4 0.01 3 10.882 0.01
r 98.6 0.01 3 10.9861 0.01
r 98.8 0.01 3 11.0856 0.01
r 99 0.01 3 11.1811 0.01
r 99.2 0.01 3 11.2908 0.01
r 99.4 0.01 3 11.3918 0.01
r 99.6 0.01 3 11.5196 0.01
r 99.8 0.01 3 11.615 0.01
r 100 0.01 3 11.7161 0.01
r 100.2 0.01 3 11.8357 0.01
r 100.4 0.01 3 11.9512 0.01
r 100.6 0.01 3 12.0681 0.01
r 100.8 0.01 3 12.1563 0.01
r 101 0.01 3 12.2828 0.01
r 101.2 0.01 3 12.4075 0.01
r 101.4 0.01 3 12.5192 0.01
r 101.6 0.01 3 12.6296 0.01
r 101.8 0.01 3 12.749 0.01
r 102 0.01 3 12.8747 0.01
r 102.2 0.01 3 12.9938 0.01
r 102.4 0.01 3 13.1131 0.01
r 102.6 0.01 3 13.2488 0.01
r 102.8 0.01 3 13.3673 0.01
r 103 0.01 3 13.4829 0.01
r 103.2 0.01 3 13.6184 0.01
r 103.4 0.01 3 13.7006 0.01
r 103.6 0.01 3 13.829 0.01
r 103.8 0.01 3 13.9927 0.01
r 104 0.01 3 14.1199 0.01
r 104.2 0.01 3 14.1902 0.01
r 104.4 0.01 3 14.3476 0.01
r 104.6 0.01 3 14.4171 0.01
r 104.8 0.01 3 14.5415 0.01
r 105 0.01 3 14.6829 0.01
r 105.2 0.01 3 14.7946 0.01
r 105.4 0.01 3 14.9099 0.01
r 105.6 0.01 3 15.039 0.01
r 105.8 0.01 3 15.1661 0.01
r 106 0.01 3 15.361 0.01
r 106.2 0.01 3 15.484 0.01
r 106.4 0.01 3 15.6038 0.01
r 106.6 0.01 3 15.7289 0.01
r 106.8 0.01 3 15.8222 0.01
r 107 0.01 3 15.9093 0.01
r 107.2 0.01 3 16.0728 0.01
r 107.4 0.01 3 16.2155 0.01
r 107.6 0.01 3 16.3465 0.01
r 107.8 0.01 3 16.4657 0.01
r 108 0.01 3 16.6018 0.01
r 108.2 0.01 3 16.7949 0.01
r 108.4 0.01 3 16.9249 0.01
r 108.6 0.01 3 16.9981 0.01
r 108.8 0.01 3 17.1853 0.01
r 109 0.01 3 17.2448 0.01
r 109.2 0.01 3 17.3752 0.01
r 109.4 0.01 3 17.473 0.01
r 109.6 0.01 3 17.6094 0.01
r 109.8 0.01 3 17.7431 0.01
r 110 0.01 3 17.8718 0.01
r 110.2 0.01 3 18.0027 0.01
r 110.4 0.01 3 18.1329 0.01
r 110.6 0.01 3 18.2609 0.01
r 110.8 0.01 3 18.3921 0.01
r 111 0.01 3 18.4374 0.01
r 111.2 0.01 3 18.5666 0.01
r 111.4 0.01 3 18.6971 0.01
r 111.6 0.01 3 18.8274 0.01
r 111.8 0.01 3 18.9579 0.01
r 112 0.01 3 19.0881 0.01
r 112.2 0.01 3 19.2182 0.01
r 112.4 0.01 3 19.3488 0.01
r 112.6 0.01 3 19.4796 0.01
r 112.8 0.01 3 19.6102 0.01
r 113 0.01 3 19.6578 0.01
r 113.2 0.01 3 19.7884 0.01
r 113.4 0.01 3 19.9181 0.01
r 113.6 0.01 3 20.048 0.01
r 113.8 0.01 3 20.1787 0.01
r 114 0.01 3 20.3086 0.01
r 114.2 0.01 3 20.4394 0.01
r 114.4 0.01 3 20.5696 0.01
r 114.6 0.01 3 20.7001 0.01
r 114.8 0.01 3 20.831 0.01
r 115 0.01 3 20.9248 0.01
r 115.2 0.01 3 21.0559 0.01
r 115.4 0.01 3 21.1853 0.01
r 115.6 0.01 3 21.314 0.01
r 115.8 0.01 3 21.444 0.01
r 116 0.01 3 21.576 0.01
r 116.2 0.01 3 21.7048 0.01
r 116.4 0.01 3 21.8339 0.01
r 116.6 0.01 3 21.9661 0.01
r 116.8 0.01 3 22.0989 0.01
r 117 0.01 3 22.1815 0.01
r 117.2 0.01 3 22.3117 0.01
r 117.4 0.01 3 22.4419 0.01
r 117.6 0.01 3 22.5723 0.01
r 117.8 0.01 3 22.7027 0.01
r 118 0.01 3 22.8332 0.01
r 118.2 0.01 3 22.9638 0.01
r 118.4 0.01 3 23.0945 0.01
r 118.6 0.01 3 23.2253 0.01
r 118.8 0.01 3 23.3562 0.01
r 119 0.01 3 23.46 0.01
r 119.2 0.01 3 23.5902 0.01
r 119.4 0.01 3 23.7204 0.01
r 119.6 0.01 3 23.8505 0.01
r 119.8 0.01 3 23.9811 0.01
r 120 0.01 3 24.1116 0.01
r 120.2 0.01 3 24.2422 0.01
r 120.4 0.01 3 24.3729 0.01
r 120.6 0.01 3 24.5036 0.01
r 120.8 0.01 3 24.6346 0.01
r 121 0.01 3 24.7533 0.01
r 121.2 0.01 3 24.8799 0.01
r 121.4 0.01 3 25.0101 0.01
r 121.6 0.01 3 25.1404 0.01
r 121.8 0.01 3 25.2708 0.01
r 122 0.01 3 25.4013 0.01
r 122.2 0.01 3 25.532 0.01
r 122.4 0.01 3 25.6641 0.01
r 122.6 0.01 3 25.7935 0.01
r 122.8 0.01 3 25.9245 0.01
r 123 0.01 3 26.0407 0.01
r 123.2 0.01 3 26.1707 0.01
r 123.4 0.01 3 26.3008 0.01
r 123.6 0.01 3 26.4309 0.01
r 123.8 0.01 3 26.5612 0.01
r 124 0.01 3 26.692 0.01
r 124.2 0.01 3 26.8221 0.01
r 124.4 0.01 3 26.9508 0.01
r 124.6 0.01 3 27.0851 0.01
r 124.8 0.01 3 27.2161 0.01
r 125 0.01 3 27.3324 0.01
s 95 3 602
r 75 0.01 2 13.4816 0.01
r 75.2 0.01 2 13.3497 0.01
r 75.4 0.01 2 13.2179 0.01
r 75.6 0.01 2 13.0862 0.01
r 75.8 0.01 2 12.9544 0.01
r 76 0.01 2 12.8228 0.01
r 76.2 0.01 2 12.6911 0.01
r 76.4 0.01 2 12.5594 0.01
r 76.6 0.01 2 12.4277 0.01
r 76.8 0.01 2 12.296 0.01
r 77 0.01 2 12.1644 0.01
r 77.2 0.01 2 12.033 0.01
r 77.4 0.01 2 11.9015 0.01
r 77.6 0.01 2 11.7701 0.01
r 77.8 0.01 2 11.6387 0.01
r 78 0.01 2 11.5074 0.01
r 78.2 0.01 2 11.3762 0.01
r 78.4 0.01 2 11.2452 0.01
r 78.6 0.01 2 11.1138 0.01
r 78.8 0.01 2 10.9825 0.01
r 79 0.01 2 10.8513 0.01
r 79.2 0.01 2 10.7203 0.01
r 79.4 0.01 2 10.5894 0.01
r 79.6 0.01 2 10.4585 0.01
r 79.8 0.01 2 10.3276 0.01
r 80 0.01 2 10.1968 0.01
r 80.2 0.01 2 10.0662 0.01
r 80.4 0.01 2 9.93556 0.01
r 80.6 0.01 2 9.80501 0.01
r 80.8 0.01 2 9.67437 0.01
r 81 0.01 2 9.54399 0.01
r 81.2 0.01 2 9.41368 0.01
r 81.4 0.01 2 9.28346 0.01
r 81.6 0.01 2 9.15331 0.01
r 81.8 0.01 2 9.02326 0.01
r 82 0.01 2 8.89327 0.01
r 82.2 0.01 2 8.76335 0.01
r 82.4 0.01 2 8.63394 0.01
r 82.6 0.01 2 8.50421 0.01
r 82.8 0.01 2 8.37441 0.01
r 83 0.01 2 8.24487 0.01
r 83.2 0.01 2 8.11546 0.01
r 83.4 0.01 2 7.98621 0.01
r 83.6 0.01 2 7.85712 0.01
r 83.8 0.01 2 7.72821 0.01
r 84 0.01 2 7.6006 0.01
r 84.2 0.01 2 7.47171 0.01
r 84.4 0.01 2 7.34314 0.01
r 84.6 0.01 2 7.21465 0.01
r 84.8 0.01 2 7.08628 0.01
r 85 0.01 2 6.95892 0.01
r 85.2 0.01 2 6.83098 0.01
r 85.4 0.01 2 6.70345 0.01
r 85.6 0.01 2 6.57641 0.01
r 85.8 0.01 2 6.45 0.01
r 86 0.01 2 6.32253 0.01
r 86.2 0.01 2 6.19628 0.01
r 86.4 0.01 2 6.07035 0.01
r 86.6 0.01 2 5.94425 0.01
r 86.8 0.01 2 5.8188 0.01
r 87 0.01 2 5.69376 0.01
r 87.2 0.01 2 5.56904 0.01
r 87.4 0.01 2 5.44483 0.01
r 87.6 0.01 2 5.32091 0.01
r 87.8 0.01 2 5.19764 0.01
r 88 0.01 2 5.07467 0.01
r 88.2 0.01 2 4.95239 0.01
r 88.4 0.01 2 4.83066 0.01
r 88.6 0.01 2 4.70959 0.01
r 88.8 0.01 2 4.58926 0.01
r 89 0.01 2 4.46935 0.01
r 89.2 0.01 2 4.35031 0.01
r 89.4 0.01 2 4.23252 0.01
r 89.6 0.01 2 4.11516 0.01
r 89.8 0.01 2 3.99923 0.01
r 90 0.01 2 3.88422 0.01
r 90.2 0.01 2 3.77099 0.01
r 90.4 0.01 2 3.65948 0.01
r 90.6 0.01 2 3.54679 0.01
r 90.8 0.01 2 3.43726 0.01
r 91 0.01 2 3.33075 0.01
r 91.2 0.01 2 3.22463 0.01
r 91.4 0.01 2 3.12068 0.01
r 91.6 0.01 2 3.01924 0.01
r 91.8 0.01 2 2.92058 0.01
r 92 0.01 2 2.82441 0.01
r 92.2 0.01 2 2.73165 0.01
r 92.4 0.01 2 2.6423 0.01
r 92.6 0.01 2 2.55693 0.01
r 92.8 0.01 2 2.47558 0.01
r 93 0.01 2 2.39939 0.01
r 93.2 0.01 2 2.32803 0.01
r 93.4 0.01 2 2.26214 0.01
r 93.6 0.01 2 2.20212 0.01
r 93.8 0.01 2 2.14849 0.01
r 94 0.01 2 2.10298 0.01
r 94.2 0.01 2 2.06502 0.01
r 94.4 0.01 2 2.03526 0.01
r 94.6 0.01 2 2.01401 0.01
r 94.8 0.01 2 2.00067 0.01
r 95 0.01 2 1.99585 0.01
r 95.2 0.01 2 2.00029 0.01
r 95.4 0.01 2 2.01273 0.01
r 95.6 0.01 2 2.03335 0.01
r 95.8 0.01 2 2.06357 0.01
r 96 0.01 2 2.10201 0.01
r 96.2 0.01 2 2.14797 0.01
r 96.4 0.01 2 2.20112 0.01
r 96.6 0.01 2 2.26094 0.01
r 96.8 0.01 2 2.32714 0.01
r 97 0.01 2 2.39845 0.01
r 97.2 0.01 2 2.47517 0.01
r 97.4 0.01 2 2.55648 0.01
r 97.6 0.01 2 2.6418 0.01
r 97.8 0.01 2 2.73119 0.01
r 98 0.01 2 2.82398 0.01
r 98.2 0.01 2 2.91987 0.01
r 98.4 0.01 2 3.01891 0.01
r 98.6 0.01 2 3.12036 0.01
r 98.8 0.01 2 3.224 0.01
r 99 0.01 2 3.32962 0.01
r 99.2 0.01 2 3.43737 0.01
r 99.4 0.01 2 3.54681 0.01
r 99.6 0.01 2 3.65775 0.01
r 99.8 0.01 2 3.77017 0.01
r 100 0.01 2 3.88398 0.01
r 100.2 0.01 2 3.99897 0.01
r 100.4 0.01 2 4.11513 0.01
r 100.6 0.01 2 4.23229 0.01
r 100.8 0.01 2 4.3504 0.01
r 101 0.01 2 4.47142 0.01
r 101.2 0.01 2 4.58922 0.01
r 101.4 0.01 2 4.70967 0.01
r 101.6 0.01 2 4.83193 0.01
r 101.8 0.01 2 4.9528 0.01
r 102 0.01 2 5.07469 0.01
r 102.2 0.01 2 5.19757 0.01
r 102.4 0.01 2 5.32102 0.01
r 102.6 0.01 2 5.44489 0.01
r 102.8 0.01 2 5.56953 0.01
r 103 0.01 2 5.69507 0.01
r 103.2 0.01 2 5.81969 0.01
r 103.4 0.01 2 5.94489 0.01
r 103.6 0.01 2 6.07049 0.01
r 103.8 0.01 2 6.19624 0.01
r 104 0.01 2 6.32254 0.01
r 104.2 0.01 2 6.44921 0.01
r 104.4 0.01 2 6.57616 0.01
r 104.6 0.01 2 6.70335 0.01
r 104.8 0.01 2 6.83081 0.01
r 105 0.01 2 6.95835 0.01
r 105.2 0.01 2 7.08625 0.01
r 105.4 0.01 2 7.21422 0.01
r 105.6 0.01 2 7.34265 0.01
r 105.8 0.01 2 7.47087 0.01
r 106 0.01 2 7.59946 0.01
r 106.2 0.01 2 7.72819 0.01
r 106.4 0.01 2 7.85709 0.01
r 106.6 0.01 2 7.98614 0.01
r 106.8 0.01 2 8.11531 0.01
r 107 0.01 2 8.24468 0.01
r 107.2 0.01 2 8.37407 0.01
r 107.4 0.01 2 8.50363 0.01
r 107.6 0.01 2 8.6333 0.01
r 107.8 0.01 2 8.76309 0.01
r 108 0.01 2 8.8936 0.01
r 108.2 0.01 2 9.02376 0.01
r 108.4 0.01 2 9.1535 0.01
r 108.6 0.01 2 9.28346 0.01
r 108.8 0.01 2 9.41361 0.01
r 109 0.01 2 9.54385 0.01
r 109.2 0.01 2 9.67431 0.01
r 109.4 0.01 2 9.80491 0.01
r 109.6 0.01 2 9.93554 0.01
r 109.8 0.01 2 10.0663 0.01
r 110 0.01 2 10.197 0.01
r 110.2 0.01 2 10.3276 0.01
r 110.4 0.01 2 10.4584 0.01
r 110.6 0.01 2 10.5893 0.01
r 110.8 0.01 2 10.7203 0.01
r 111 0.01 2 10.8514 0.01
r 111.2 0.01 2 10.9824 0.01
r 111.4 0.01 2 11.1136 0.01
r 111.6 0.01 2 11.2449 0.01
r 111.8 0.01 2 11.3764 0.01
r 112 0.01 2 11.5076 0.01
r 112.2 0.01 2 11.6388 0.01
r 112.4 0.01 2 11.7701 0.01
r 112.6 0.01 2 11.9015 0.01
r 112.8 0.01 2 12.0329 0.01
r 113 0.01 2 12.1645 0.01
r 113.2 0.01 2 12.296 0.01
r 113.4 0.01 2 12.4276 0.01
r 113.6 0.01 2 12.5593 0.01
r 113.8 0.01 2 12.6914 0.01
r 114 0.01 2 12.8229 0.01
r 114.2 0.01 2 12.9545 0.01
r 114.4 0.01 2 13.0862 0.01
r 114.6 0.01 2 13.2179 0.01
r 114.8 0.01 2 13.3497 0.01
r 115 0.01 2 13.4815 0.01
r 55 0.01 3 27.345 0.01
r 55.2 0.01 3 27.2141 0.01
r 55.4 0.01 3 27.0833 0.01
r 55.6 0.01 3 26.9525 0.01
r 55.8 0.01 3 26.823 0.01
r 56 0.01 3 26.6925 0.01
r 56.2 0.01 3 26.562 0.01
r 56.4 0.01 3 26.4319 0.01
r 56.6 0.01 3 26.3019 0.01
r 56.8 0.01 3 26.1717 0.01
r 57 0.01 3 26.0625 0.01
r 57.2 0.01 3 25.9317 0.01
r 57.4 0.01 3 25.801 0.01
r 57.6 0.01 3 25.6703 0.01
r 57.8 0.01 3 25.5397 0.01
r 58 0.01 3 25.4092 0.01
r 58.2 0.01 3 25.2788 0.01
r 58.4 0.01 3 25.1484 0.01
r 58.6 0.01 3 25.0181 0.01
r 58.8 0.01 3 24.8878 0.01
r 59 0.01 3 24.7953 0.01
r 59.2 0.01 3 24.6642 0.01
r 59.4 0.01 3 24.5528 0.01
r 59.6 0.01 3 24.4027 0.01
r 59.8 0.01 3 24.2723 0.01
r 60 0.01 3 24.1416 0.01
r 60.2 0.01 3 24.0109 0.01
r 60.4 0.01 3 23.8987 0.01
r 60.6 0.01 3 23.7498 0.01
r 60.8 0.01 3 23.6199 0.01
r 61 0.01 3 23.5125 0.01
r 61.2 0.01 3 23.3812 0.01
r 61.4 0.01 3 23.2501 0.01
r 61.6 0.01 3 23.1191 0.01
r 61.8 0.01 3 22.9883 0.01
r 62 0.01 3 22.8578 0.01
r 62.2 0.01 3 22.7271 0.01
r 62.4 0.01 3 22.5967 0.01
r 62.6 0.01 3 22.4672 0.01
r 62.8 0.01 3 22.3359 0.01
r 63 0.01 3 22.2372 0.01
r 63.2 0.01 3 22.1059 0.01
r 63.4 0.01 3 21.9755 0.01
r 63.6 0.01 3 21.8447 0.01
r 63.8 0.01 3 21.714 0.01
r 64 0.01 3 21.5834 0.01
r 64.2 0.01 3 21.4528 0.01
r 64.4 0.01 3 21.3224 0.01
r 64.6 0.01 3 21.192 0.01
r 64.8 0.01 3 21.0613 0.01
r 65 0.01 3 21.0257 0.01
r 65.2 0.01 3 20.8942 0.01
r 65.4 0.01 3 20.7617 0.01
r 65.6 0.01 3 20.6328 0.01
r 65.8 0.01 3 20.5021 0.01
r 66 0.01 3 20.3755 0.01
r 66.2 0.01 3 20.2407 0.01
r 66.4 0.01 3 20.1101 0.01
r 66.6 0.01 3 19.9797 0.01
r 66.8 0.01 3 19.849 0.01
r 67 0.01 3 19.7599 0.01
r 67.2 0.01 3 19.6328 0.01
r 67.4 0.01 3 19.5156 0.01
r 67.6 0.01 3 19.3849 0.01
r 67.8 0.01 3 19.2542 0.01
r 68 0.01 3 19.1236 0.01
r 68.2 0.01 3 18.9931 0.01
r 68.4 0.01 3 18.8626 0.01
r 68.6 0.01 3 18.7322 0.01
r 68.8 0.01 3 18.6019 0.01
r 69 0.01 3 18.5361 0.01
r 69.2 0.01 3 18.4055 0.01
r 69.4 0.01 3 18.2751 0.01
r 69.6 0.01 3 18.1446 0.01
r 69.8 0.01 3 18.0143 0.01
r 70 0.01 3 17.884 0.01
r 70.2 0.01 3 17.7571 0.01
r 70.4 0.01 3 17.6269 0.01
r 70.6 0.01 3 17.4967 0.01
r 70.8 0.01 3 17.3667 0.01
r 71 0.01 3 17.345 0.01
r 71.2 0.01 3 17.2142 0.01
r 71.4 0.01 3 17.0837 0.01
r 71.6 0.01 3 16.9532 0.01
r 71.8 0.01 3 16.8224 0.01
r 72 0.01 3 16.6816 0.01
r 72.2 0.01 3 16.5623 0.01
r 72.4 0.01 3 16.4323 0.01
r 72.6 0.01 3 16.2946 0.01
r 72.8 0.01 3 16.1726 0.01
r 73 0.01 3 16.0867 0.01
r 73.2 0.01 3 15.9271 0.01
r 73.4 0.01 3 15.8219 0.01
r 73.6 0.01 3 15.6954 0.01
r 73.8 0.01 3 15.5621 0.01
r 74 0.01 3 15.4325 0.01
r 74.2 0.01 3 15.3068 0.01
r 74.4 0.01 3 15.1765 0.01
r 74.6 0.01 3 15.0481 0.01
r 74.8 0.01 3 14.9201 0.01
r 75 0.01 3 14.8078 0.01
r 75.2 0.01 3 14.6909 0.01
r 75.4 0.01 3 14.5519 0.01
r 75.6 0.01 3 14.4299 0.01
r 75.8 0.01 3 14.3144 0.01
r 76 0.01 3 14.212 0.01
r 76.2 0.01 3 14.0405 0.01
r 76.4 0.01 3 13.9245 0.01
r 76.6 0.01 3 13.7822 0.01
r 76.8 0.01 3 13.6581 0.01
r 77 0.01 3 13.5704 0.01
r 77.2 0.01 3 13.3989 0.01
r 77.4 0.01 3 13.3137 0.01
r 77.6 0.01 3 13.2087 0.01
r 77.8 0.01 3 13.0825 0.01
r 78 0.01 3 12.8929 0.01
r 78.2 0.01 3 12.8308 0.01
r 78.4 0.01 3 12.7041 0.01
r 78.6 0.01 3 12.5789 0.01
r 78.8 0.01 3 12.4542 0.01
r 79 0.01 3 12.3271 0.01
r 79.2 0.01 3 12.2144 0.01
r 79.4 0.01 3 12.0627 0.01
r 79.6 0.01 3 11.9624 0.01
r 79.8 0.01 3 11.8299 0.01
r 80 0.01 3 11.7078 0.01
r 80.2 0.01 3 11.5881 0.01
r 80.4 0.01 3 11.4677 0.01
r 80.6 0.01 3 11.3477 0.01
r 80.8 0.01 3 11.2407 0.01
r 81 0.01 3 11.1269 0.01
r 81.2 0.01 3 11.006 0.01
r 81.4 0.01 3 10.8789 0.01
r 81.6 0.01 3 10.7713 0.01
r 81.8 0.01 3 10.6596 0.01
r 82 0.01 3 10.5454 0.01
r 82.2 0.01 3 10.4389 0.01
r 82.4 0.01 3 10.3282 0.01
r 82.6 0.01 3 10.2328 0.01
r 82.8 0.01 3 10.1256 0.01
r 83 0.01 3 10.0131 0.01
r 83.2 0.01 3 9.91815 0.01
r 83.4 0.01 3 9.81566 0.01
r 83.6 0.01 3 9.70642 0.01
r 83.8 0.01 3 9.61636 0.01
r 84 0.01 3 9.51581 0.01
r 84.2 0.01 3 9.42697 0.01
r 84.4 0.01 3 9.33522 0.01
r 84.6 0.01 3 9.24109 0.01
r 84.8 0.01 3 9.15337 0.01
r 85 0.01 3 9.03326 0.01
r 85.2 0.01 3 8.97198 0.01
r 85.4 0.01 3 8.84194 0.01
r 85.6 0.01 3 8.71946 0.01
r 85.8 0.01 3 8.67724 0.01
r 86 0.01 3 8.56702 0.01
r 86.2 0.01 3 8.45805 0.01
r 86.4 0.01 3 8.3568 0.01
r 86.6 0.01 3 8.36098 0.01
r 86.8 0.01 3 8.15857 0.01
r 87 0.01 3 8.07198 0.01
r 87.2 0.01 3 7.99418 0.01
r 87.4 0.01 3 7.9254 0.01
r 87.6 0.01 3 7.86077 0.01
r 87.8 0.01 3 7.78904 0.01
r 88 0.01 3 7.73524 0.01
r 88.2 0.01 3 7.68511 0.01
r 88.4 0.01 3 7.61804 0.01
r 88.6 0.01 3 7.59887 0.01
r 88.8 0.01 3 7.28351 0.01
r 89 0.01 3 7.47242 0.01
r 89.2 0.01 3 7.13739 0.01
r 89.4 0.01 3 7.06456 0.01
r 89.6 0.01 3 6.99542 0.01
r 89.8 0.01 3 6.92642 0.01
r 90 0.01 3 6.8628 0.01
r 90.2 0.01 3 6.79875 0.01
r 90.4 0.01 3 6.73862 0.01
r 90.6 0.01 3 6.67821 0.01
r 90.8 0.01 3 6.62152 0.01
r 91 0.01 3 6.56504 0.01
r 91.2 0.01 3 6.50786 0.01
r 91.4 0.01 3 6.45675 0.01
r 91.6 0.01 3 6.40851 0.01
r 91.8 0.01 3 6.36203 0.01
r 92 0.01 3 6.31883 0.01
r 92.2 0.01 3 6.27792 0.01
r 92.4 0.01 3 6.23998 0.01
r 92.6 0.01 3 6.20432 0.01
r 92.8 0.01 3 6.17129 0.01
r 93 0.01 3 6.14029 0.01
r 93.2 0.01 3 6.11297 0.01
r 93.4 0.01 3 6.08773 0.01
r 93.6 0.01 3 6.07304 0.01
r 93.8 0.01 3 6.05021 0.01
r 94 0.01 3 6.03174 0.01
r 94.2 0.01 3 6.01762 0.01
r 94.4 0.01 3 6.0083 0.01
r 94.6 0.01 3 6.004 0.01
r 94.8 0.01 3 6.0027 0.01
r 95 0.01 3 5.99533 0.01
r 95.2 0.01 3 5.99555 0.01
r 95.4 0.01 3 5.99947 0.01
r 95.6 0.01 3 6.00677 0.01
r 95.8 0.01 3 6.01711 0.01
r 96 0.01 3 6.03039 0.01
r 96.2 0.01 3 6.04653 0.01
r 96.4 0.01 3 6.06576 0.01
r 96.6 0.01 3 6.0934 0.01
r 96.8 0.01 3 6.11382 0.01
r 97 0.01 3 6.14038 0.01
r 97.2 0.01 3 6.17081 0.01
r 97.4 0.01 3 6.20387 0.01
r 97.6 0.01 3 6.2393 0.01
r 97.8 0.01 3 6.27762 0.01
r 98 0.01 3 6.3187 0.01
r 98.2 0.01 3 6.36192 0.01
r 98.4 0.01 3 6.40835 0.01
r 98.6 0.01 3 6.45623 0.01
r 98.8 0.01 3 6.50863 0.01
r 99 0.01 3 6.56151 0.01
r 99.2 0.01 3 6.61964 0.01
r 99.4 0.01 3 6.67627 0.01
r 99.6 0.01 3 6.73483 0.01
r 99.8 0.01 3 6.79549 0.01
r 100 0.01 3 6.85899 0.01
r 100.2 0.01 3 6.9256 0.01
r 100.4 0.01 3 6.99397 0.01
r 100.6 0.01 3 7.06191 0.01
r 100.8 0.01 3 7.13384 0.01
r 101 0.01 3 7.21261 0.01
r 101.2 0.01 3 7.28607 0.01
r 101.4 0.01 3 7.36407 0.01
r 101.6 0.01 3 7.44284 0.01
r 101.8 0.01 3 7.52136 0.01
r 102 0.01 3 7.61346 0.01
r 102.2 0.01 3 7.68827 0.01
r 102.4 0.01 3 7.77085 0.01
r 102.6 0.01 3 7.85994 0.01
r 102.8 0.01 3 8.59432 0.01
r 103 0.01 3 8.65725 0.01
r 103.2 0.01 3 8.67954 0.01
r 103.4 0.01 3 8.22613 0.01
r 103.6 0.01 3 8.31823 0.01
r 103.8 0.01 3 8.81865 0.01
r 104 0.01 3 8.77303 0.01
r 104.2 0.01 3 8.91929 0.01
r 104.4 0.01 3 8.9036 0.01
r 104.6 0.01 3 8.97885 0.01
r 104.8 0.01 3 9.14085 0.01
r 105 0.01 3 9.17168 0.01
r 105.2 0.01 3 9.30256 0.01
r 105.4 0.01 3 9.32993 0.01
r 105.6 0.01 3 9.40761 0.01
r 105.8 0.01 3 9.59935 0.01
r 106 0.01 3 9.67173 0.01
r 106.2 0.01 3 9.68008 0.01
r 106.4 0.01 3 9.79585 0.01
r 106.6 0.01 3 10.0772 0.01
r 106.8 0.01 3 10.1327 0.01
r 107 0.01 3 10.2265 0.01
r 107.2 0.01 3 10.2851 0.01
r 107.4 0.01 3 10.4237 0.01
r 107.6 0.01 3 10.5077 0.01
r 107.8 0.01 3 10.6005 0.01
r 108 0.01 3 10.6921 0.01
r 108.2 0.01 3 10.778 0.01
r 108.4 0.01 3 10.882 0.01
r 108.6 0.01 3 10.9861 0.01
r 108.8 0.01 3 11.0856 0.01
r 109 0.01 3 11.1811 0.01
r 109.2 0.01 3 11.2908 0.01
r 109.4 0.01 3 11.3918 0.01
r 109.6 0.01 3 11.5196 0.01
r 109.8 0.01 3 11.615 0.01
r 110 0.01 3 11.7114 0.01
r 110.2 0.01 3 11.8357 0.01
r 110.4 0.01 3 11.9512 0.01
r 110.6 0.01 3 12.0681 0.01
r 110.8 0.01 3 12.1583 0.01
r 111 0.01 3 12.2828 0.01
r 111.2 0.01 3 12.4075 0.01
r 111.4 0.01 3 12.5392 0.01
r 111.6 0.01 3 12.6296 0.01
r 111.8 0.01 3 12.749 0.01
r 112 0.01 3 12.8747 0.01
r 112.2 0.01 3 13.007 0.01
r 112.4 0.01 3 13.113 0.01
r 112.6 0.01 3 13.229 0.01
r 112.8 0.01 3 13.3673 0.01
r 113 0.01 3 13.4829 0.01
r 113.2 0.01 3 13.6184 0.01
r 113.4 0.01 3 13.7003 0.01
r 113.6 0.01 3 13.798 0.01
r 113.8 0.01 3 13.9927 0.01
r 114 0.01 3 14.1199 0.01
r 114.2 0.01 3 14.1703 0.01
r 114.4 0.01 3 14.3477 0.01
r 114.6 0.01 3 14.4245 0.01
r 114.8 0.01 3 14.5715 0.01
r 115 0.01 3 14.6829 0.01
r 115.2 0.01 3 14.7945 0.01
r 115.4 0.01 3 14.9124 0.01
r 115.6 0.01 3 15.0379 0.01
r 115.8 0.01 3 15.1776 0.01
r 116 0.01 3 15.361 0.01
r 116.2 0.01 3 15.484 0.01
r 116.4 0.01 3 15.6038 0.01
r 116.6 0.01 3 15.685 0.01
r 116.8 0.01 3 15.8222 0.01
r 117 0.01 3 15.9487 0.01
r 117.2 0.01 3 16.0728 0.01
r 117.4 0.01 3 16.2155 0.01
r 117.6 0.01 3 16.3465 0.01
r 117.8 0.01 3 16.4657 0.01
r 118 0.01 3 16.5472 0.01
r 118.2 0.01 3 16.7949 0.01
r 118.4 0.01 3 16.9249 0.01
r 118.6 0.01 3 16.9981 0.01
r 118.8 0.01 3 17.1853 0.01
r 119 0.01 3 17.2448 0.01
r 119.2 0.01 3 17.3752 0.01
r 119.4 0.01 3 17.473 0.01
r 119.6 0.01 3 17.6094 0.01
r 119.8 0.01 3 17.7431 0.01
r 120 0.01 3 17.8718 0.01
r 120.2 0.01 3 18.0027 0.01
r 120.4 0.01 3 18.1329 0.01
r 120.6 0.01 3 18.2609 0.01
r 120.8 0.01 3 18.3921 0.01
r 121 0.01 3 18.4374 0.01
r 121.2 0.01 3 18.5666 0.01
r 121.4 0.01 3 18.6971 0.01
r 121.6 0.01 3 18.8274 0.01
r 121.8 0.01 3 18.9579 0.01
r 122 0.01 3 19.0881 0.01
r 122.2 0.01 3 19.2182 0.01
r 122.4 0.01 3 19.3488 0.01
r 122.6 0.01 3 19.4796 0.01
r 122.8 0.01 3 19.6102 0.01
r 123 0.01 3 19.6578 0.01
r 123.2 0.01 3 19.7884 0.01
r 123.4 0.01 3 19.9181 0.01
r 123.6 0.01 3 20.048 0.01
r 123.8 0.01 3 20.1787 0.01
r 124 0.01 3 20.3086 0.01
r 124.2 0.01 3 20.4394 0.01
r 124.4 0.01 3 20.5696 0.01
r 124.6 0.01 3 20.7001 0.01
r 124.8 0.01 3 20.831 0.01
r 125 0.01 3 20.9248 0.01
r 125.2 0.01 3 21.0559 0.01
r 125.4 0.01 3 21.1853 0.01
r 125.6 0.01 3 21.314 0.01
r 125.8 0.01 3 21.444 0.01
r 126 0.01 3 21.576 0.01
r 126.2 0.01 3 21.7048 0.01
r 126.4 0.01 3 21.8337 0.01
r 126.6 0.01 3 21.9661 0.01
r 126.8 0.01 3 22.0989 0.01
r 127 0.01 3 22.1815 0.01
r 127.2 0.01 3 22.3117 0.01
r 127.4 0.01 3 22.4419 0.01
r 127.6 0.01 3 22.5723 0.01
r 127.8 0.01 3 22.7027 0.01
r 128 0.01 3 22.8332 0.01
r 128.2 0.01 3 22.9638 0.01
r 128.4 0.01 3 23.0945 0.01
r 128.6 0.01 3 23.2253 0.01
r 128.8 0.01 3 23.3562 0.01
r 129 0.01 3 23.46 0.01
r 129.2 0.01 3 23.5902 0.01
r 129.4 0.01 3 23.7204 0.01
r 129.6 0.01 3 23.8505 0.01
r 129.8 0.01 3 23.9811 0.01
r 130 0.01 3 24.1116 0.01
r 130.2 0.01 3 24.2422 0.01
r 130.4 0.01 3 24.3729 0.01
r 130.6 0.01 3 24.5036 0.01
r 130.8 0.01 3 24.6346 0.01
r 131 0.01 3 24.7533 0.01
r 131.2 0.01 3 24.8799 0.01
r 131.4 0.01 3 25.0101 0.01
r 131.6 0.01 3 25.1404 0.01
r 131.8 0.01 3 25.2708 0.01
r 132 0.01 3 25.4013 0.01
r 132.2 0.01 3 25.532 0.01
r 132.4 0.01 3 25.6629 0.01
r 132.6 0.01 3 25.7935 0.01
r 132.8 0.01 3 25.9245 0.01
r 133 0.01 3 26.0407 0.01
r 133.2 0.01 3 26.1707 0.01
r 133.4 0.01 3 26.3008 0.01
r 133.6 0.01 3 26.4309 0.01
r 133.8 0.01 3 26.5612 0.01
r 134 0.01 3 26.692 0.01
r 134.2 0.01 3 26.8221 0.01
r 134.4 0.01 3 26.9508 0.01
r 134.6 0.01 3 27.0851 0.01
r 134.8 0.01 3 27.2161 0.01
r 135 0.01 3 27.3324 0.01
s 105 3 602
r 85 0.01 2 13.4816 0.01
r 85.2 0.01 2 13.3497 0.01
r 85.4 0.01 2 13.2179 0.01
r 85.6 0.01 2 13.0862 0.01
r 85.8 0.01 2 12.9544 0.01
r 86 0.01 2 12.8228 0.01
r 86.2 0.01 2 12.6911 0.01
r 86.4 0.01 2 12.5594 0.01
r 86.6 0.01 2 12.4277 0.01
r 86.8 0.01 2 12.296 0.01
r 87 0.01 2 12.1644 0.01
r 87.2 0.01 2 12.033 0.01
r 87.4 0.01 2 11.9015 0.01
r 87.6 0.01 2 11.7701 0.01
r 87.8 0.01 2 11.6387 0.01
r 88 0.01 2 11.5074 0.01
r 88.2 0.01 2 11.3762 0.01
r 88.4 0.01 2 11.2452 0.01
r 88.6 0.01 2 11.1138 0.01
r 88.8 0.01 2 10.9825 0.01
r 89 0.01 2 10.8513 0.01
r 89.2 0.01 2 10.7203 0.01
r 89.4 0.01 2 10.5894 0.01
r 89.6 0.01 2 10.4585 0.01
r 89.8 0.01 2 10.3276 0.01
r 90 0.01 2 10.1968 0.01
r 90.2 0.01 2 10.0662 0.01
r 90.4 0.01 2 9.93556 0.01
r 90.6 0.01 2 9.80501 0.01
r 90.8 0.01 2 9.67437 0.01
r 91 0.01 2 9.54399 0.01
r 91.2 0.01 2 9.41368 0.01
r 91.4 0.01 2 9.28346 0.01
r 91.6 0.01 2 9.15331 0.01
r 91.8 0.01 2 9.02326 0.01
r 92 0.01 2 8.89327 0.01
r 92.2 0.01 2 8.76335 0.01
r 92.4 0.01 2 8.63394 0.01
r 92.6 0.01 2 8.50421 0.01
r 92.8 0.01 2 8.37441 0.01
r 93 0.01 2 8.24487 0.01
r 93.2 0.01 2 8.11546 0.01
r 93.4 0.01 2 7.98621 0.01
r 93.6 0.01 2 7.85712 0.01
r 93.8 0.01 2 7.72821 0.01
r 94 0.01 2 7.6006 0.01
r 94.2 0.01 2 7.47171 0.01
r 94.4 0.01 2 7.34314 0.01
r 94.6 0.01 2 7.21465 0.01
r 94.8 0.01 2 7.08628 0.01
r 95 0.01 2 6.95892 0.01
r 95.2 0.01 2 6.83098 0.01
r 95.4 0.01 2 6.70345 0.01
r 95.6 0.01 2 6.57641 0.01
r 95.8 0.01 2 6.45 0.01
r 96 0.01 2 6.32253 0.01
r 96.2 0.01 2 6.19628 0.01
r 96.4 0.01 2 6.07035 0.01
r 96.6 0.01 2 5.94425 0.01
r 96.8 0.01 2 5.8188 0.01
r 97 0.01 2 5.69376 0.01
r 97.2 0.01 2 5.56904 0.01
r 97.4 0.01 2 5.44483 0.01
r 97.6 0.01 2 5.32091 0.01
r 97.8 0.01 2 5.19764 0.01
r 98 0.01 2 5.07467 0.01
r 98.2 0.01 2 4.95239 0.01
r 98.4 0.01 2 4.83066 0.01
r 98.6 0.01 2 4.70959 0.01
r 98.8 0.01 2 4.58926 0.01
r 99 0.01 2 4.46935 0.01
r 99.2 0.01 2 4.35031 0.01
r 99.4 0.01 2 4.23252 0.01
r 99.6 0.01 2 4.11516 0.01
r 99.8 0.01 2 3.99923 0.01
r 100 0.01 2 3.88422 0.01
r 100.2 0.01 2 3.77099 0.01
r 100.4 0.01 2 3.65948 0.01
r 100.6 0.01 2 3.54679 0.01
r 100.8 0.01 2 3.43726 0.01
r 101 0.01 2 3.33075 0.01
r 101.2 0.01 2 3.22463 0.01
r 101.4 0.01 2 3.12068 0.01
r 101.6 0.01 2 3.01924 0.01
r 101.8 0.01 2 2.92058 0.01
r 102 0.01 2 2.82441 0.01
r 102.2 0.01 2 2.73165 0.01
r 102.4 0.01 2 2.6423 0.01
r 102.6 0.01 2 2.55693 0.01
r 102.8 0.01 2 2.47558 0.01
r 103 0.01 2 2.39939 0.01
r 103.2 0.01 2 2.32803 0.01
r 103.4 0.01 2 2.26214 0.01
r 103.6 0.01 2 2.20212 0.01
r 103.8 0.01 2 2.14849 0.01
r 104 0.01 2 2.10298 0.01
r 104.2 0.01 2 2.06502 0.01
r 104.4 0.01 2 2.03526 0.01
r 104.6 0.01 2 2.01401 0.01
r 104.8 0.01 2 2.00067 0.01
r 105 0.01 2 1.99585 0.01
r 105.2 0.01 2 2.00029 0.01
r 105.4 0.01 2 2.01273 0.01
r 105.6 0.01 2 2.03335 0.01
r 105.8 0.01 2 2.06357 0.01
r 106 0.01 2 2.10201 0.01
r 106.2 0.01 2 2.14797 0.01
r 106.4 0.01 2 2.20112 0.01
r 106.6 0.01 2 2.26094 0.01
r 106.8 0.01 2 2.32714 0.01
r 107 0.01 2 2.39845 0.01
r 107.2 0.01 2 2.47517 0.01
r 107.4 0.01 2 2.55648 0.01
r 107.6 0.01 2 2.6418 0.01
r 107.8 0.01 2 2.73119 0.01
r 108 0.01 2 2.82398 0.01
r 108.2 0.01 2 2.91987 0.01
r 108.4 0.01 2 3.01891 0.01
r 108.6 0.01 2 3.12036 0.01
r 108.8 0.01 2 3.224 0.01
r 109 0.01 2 3.32962 0.01
r 109.2 0.01 2 3.43737 0.01
r 109.4 0.01 2 3.54681 0.01
r 109.6 0.01 2 3.65775 0.01
r 109.8 0.01 2 3.77017 0.01
r 110 0.01 2 3.88398 0.01
r 110.2 0.01 2 3.99897 0.01
r 110.4 0.01 2 4.11513 0.01
r 110.6 0.01 2 4.23229 0.01
r 110.8 0.01 2 4.3504 0.01
r 111 0.01 2 4.47142 0.01
r 111.2 0.01 2 4.58922 0.01
r 111.4 0.01 2 4.70967 0.01
r 111.6 0.01 2 4.83193 0.01
r 111.8 0.01 2 4.9528 0.01
r 112 0.01 2 5.07469 0.01
r 112.2 0.01 2 5.19757 0.01
r 112.4 0.01 2 5.32102 0.01
r 112.6 0.01 2 5.44489 0.01
r 112.8 0.01 2 5.56953 0.01
r 113 0.01 2 5.69507 0.01
r 113.2 0.01 2 5.81969 0.01
r 113.4 0.01 2 5.94489 0.01
r 113.6 0.01 2 6.07049 0.01
r 113.8 0.01 2 6.19624 0.01
r 114 0.01 2 6.32254 0.01
r 114.2 0.01 2 6.44921 0.01
r 114.4 0.01 2 6.57616 0.01
r 114.6 0.01 2 6.70335 0.01
r 114.8 0.01 2 6.83081 0.01
r 115 0.01 2 6.95835 0.01
r 115.2 0.01 2 7.08625 0.01
r 115.4 0.01 2 7.21422 0.01
r 115.6 0.01 2 7.34265 0.01
r 115.8 0.01 2 7.47087 0.01
r 116 0.01 2 7.59946 0.01
r 116.2 0.01 2 7.72819 0.01
r 116.4 0.01 2 7.85709 0.01
r 116.6 0.01 2 7.98614 0.01
r 116.8 0.01 2 8.11531 0.01
r 117 0.01 2 8.24468 0.01
r 117.2 0.01 2 8.37407 0.01
r 117.4 0.01 2 8.50363 0.01
r 117.6 0.01 2 8.6333 0.01
r 117.8 0.01 2 8.76309 0.01
r 118 0.01 2 8.8936 0.01
r 118.2 0.01 2 9.02376 0.01
r 118.4 0.01 2 9.1535 0.01
r 118.6 0.01 2 9.28346 0.01
r 118.8 0.01 2 9.41361 0.01
r 119 0.01 2 9.54385 0.01
r 119.2 0.01 2 9.67431 0.01
r 119.4 0.01 2 9.80491 0.01
r 119.6 0.01 2 9.93554 0.01
r 119.8 0.01 2 10.0663 0.01
r 120 0.01 2 10.197 0.01
r 120.2 0.01 2 10.3276 0.01
r 120.4 0.01 2 10.4584 0.01
r 120.6 0.01 2 10.5893 0.01
r 120.8 0.01 2 10.7203 0.01
r 121 0.01 2 10.8514 0.01
r 121.2 0.01 2 10.9824 0.01
r 121.4 0.01 2 11.1136 0.01
r 121.6 0.01 2 11.2449 0.01
r 121.8 0.01 2 11.3764 0.01
r 122 0.01 2 11.5076 0.01
r 122.2 0.01 2 11.6388 0.01
r 122.4 0.01 2 11.7701 0.01
r 122.6 0.01 2 11.9015 0.01
r 122.8 0.01 2 12.0329 0.01
r 123 0.01 2 12.1645 0.01
r 123.2 0.01 2 12.296 0.01
r 123.4 0.01 2 12.4276 0.01
r 123.6 0.01 2 12.5593 0.01
r 123.8 0.01 2 12.6914 0.01
r 124 0.01 2 12.8229 0.01
r 124.2 0.01 2 12.9545 0.01
r 124.4 0.01 2 13.0862 0.01
r 124.6 0.01 2 13.2179 0.01
r 124.8 0.01 2 13.3497 0.01
r 125 0.01 2 13.4815 0.01
r 65 0.01 3 27.345 0.01
r 65.2 0.01 3 27.2141 0.01
r 65.4 0.01 3 27.0833 0.01
r 65.6 0.01 3 26.9525 0.01
r 65.8 0.01 3 26.823 0.01
r 66 0.01 3 26.6925 0.01
r 66.2 0.01 3 26.562 0.01
r 66.4 0.01 3 26.4319 0.01
r 66.6 0.01 3 26.3019 0.01
r 66.8 0.01 3 26.1717 0.01
r 67 0.01 3 26.0625 0.01
r 67.2 0.01 3 25.9317 0.01
r 67.4 0.01 3 25.801 0.01
r 67.6 0.01 3 25.6703 0.01
r 67.8 0.01 3 25.5397 0.01
r 68 0.01 3 25.4092 0.01
r 68.2 0.01 3 25.2788 0.01
r 68.4 0.01 3 25.1484 0.01
r 68.6 0.01 3 25.0181 0.01
r 68.8 0.01 3 24.8878 0.01
r 69 0.01 3 24.7953 0.01
r 69.2 0.01 3 24.6642 0.01
r 69.4 0.01 3 24.5528 0.01
r 69.6 0.01 3 24.4216 0.01
r 69.8 0.01 3 24.2723 0.01
r 70 0.01 3 24.1416 0.01
r 70.2 0.01 3 24.0109 0.01
r 70.4 0.01 3 23.8987 0.01
r 70.6 0.01 3 23.7498 0.01
r 70.8 0.01 3 23.6199 0.01
r 71 0.01 3 23.5125 0.01
r 71.2 0.01 3 23.3812 0.01
r 71.4 0.01 3 23.2501 0.01
r 71.6 0.01 3 23.1191 0.01
r 71.8 0.01 3 22.9883 0.01
r 72 0.01 3 22.8578 0.01
r 72.2 0.01 3 22.7271 0.01
r 72.4 0.01 3 22.5967 0.01
r 72.6 0.01 3 22.4672 0.01
r 72.8 0.01 3 22.3359 0.01
r 73 0.01 3 22.2372 0.01
r 73.2 0.01 3 22.1059 0.01
r 73.4 0.01 3 21.9755 0.01
r 73.6 0.01 3 21.8447 0.01
r 73.8 0.01 3 21.714 0.01
r 74 0.01 3 21.5834 0.01
r 74.2 0.01 3 21.4528 0.01
r 74.4 0.01 3 21.3224 0.01
r 74.6 0.01 3 21.192 0.01
r 74.8 0.01 3 21.0613 0.01
r 75 0.01 3 21.0254 0.01
r 75.2 0.01 3 20.8928 0.01
r 75.4 0.01 3 20.7628 0.01
r 75.6 0.01 3 20.6328 0.01
r 75.8 0.01 3 20.5016 0.01
r 76 0.01 3 20.3755 0.01
r 76.2 0.01 3 20.2407 0.01
r 76.4 0.01 3 20.1101 0.01
r 76.6 0.01 3 19.9797 0.01
r 76.8 0.01 3 19.849 0.01
r 77 0.01 3 19.7599 0.01
r 77.2 0.01 3 19.6464 0.01
r 77.4 0.01 3 19.5156 0.01
r 77.6 0.01 3 19.3849 0.01
r 77.8 0.01 3 19.2542 0.01
r 78 0.01 3 19.1236 0.01
r 78.2 0.01 3 18.9931 0.01
r 78.4 0.01 3 18.8626 0.01
r 78.6 0.01 3 18.7322 0.01
r 78.8 0.01 3 18.6019 0.01
r 79 0.01 3 18.5361 0.01
r 79.2 0.01 3 18.4055 0.01
r 79.4 0.01 3 18.2751 0.01
r 79.6 0.01 3 18.1446 0.01
r 79.8 0.01 3 18.0143 0.01
r 80 0.01 3 17.884 0.01
r 80.2 0.01 3 17.7571 0.01
r 80.4 0.01 3 17.6269 0.01
r 80.6 0.01 3 17.4967 0.01
r 80.8 0.01 3 17.3667 0.01
r 81 0.01 3 17.345 0.01
r 81.2 0.01 3 17.2142 0.01
r 81.4 0.01 3 17.0837 0.01
r 81.6 0.01 3 16.9526 0.01
r 81.8 0.01 3 16.8224 0.01
r 82 0.01 3 16.6815 0.01
r 82.2 0.01 3 16.5623 0.01
r 82.4 0.01 3 16.4311 0.01
r 82.6 0.01 3 16.2946 0.01
r 82.8 0.01 3 16.1726 0.01
r 83 0.01 3 16.0867 0.01
r 83.2 0.01 3 15.9271 0.01
r 83.4 0.01 3 15.8219 0.01
r 83.6 0.01 3 15.6954 0.01
r 83.8 0.01 3 15.5621 0.01
r 84 0.01 3 15.4325 0.01
r 84.2 0.01 3 15.3068 0.01
r 84.4 0.01 3 15.1765 0.01
r 84.6 0.01 3 15.0481 0.01
r 84.8 0.01 3 14.9178 0.01
r 85 0.01 3 14.8081 0.01
r 85.2 0.01 3 14.6765 0.01
r 85.4 0.01 3 14.5519 0.01
r 85.6 0.01 3 14.4208 0.01
r 85.8 0.01 3 14.3144 0.01
r 86 0.01 3 14.212 0.01
r 86.2 0.01 3 14.0503 0.01
r 86.4 0.01 3 13.9245 0.01
r 86.6 0.01 3 13.7822 0.01
r 86.8 0.01 3 13.6581 0.01
r 87 0.01 3 13.5704 0.01
r 87.2 0.01 3 13.3994 0.01
r 87.4 0.01 3 13.3137 0.01
r 87.6 0.01 3 13.2087 0.01
r 87.8 0.01 3 13.0825 0.01
r 88 0.01 3 12.9079 0.01
r 88.2 0.01 3 12.8308 0.01
r 88.4 0.01 3 12.7041 0.01
r 88.6 0.01 3 12.5789 0.01
r 88.8 0.01 3 12.4542 0.01
r 89 0.01 3 12.3384 0.01
r 89.2 0.01 3 12.2144 0.01
r 89.4 0.01 3 12.0627 0.01
r 89.6 0.01 3 11.9624 0.01
r 89.8 0.01 3 11.84 0.01
r 90 0.01 3 11.7078 0.01
r 90.2 0.01 3 11.5881 0.01
r 90.4 0.01 3 11.4677 0.01
r 90.6 0.01 3 11.3477 0.01
r 90.8 0.01 3 11.2407 0.01
r 91 0.01 3 11.1269 0.01
r 91.2 0.01 3 11.006 0.01
r 91.4 0.01 3 10.8784 0.01
r 91.6 0.01 3 10.792 0.01
r 91.8 0.01 3 10.6596 0.01
r 92 0.01 3 10.5454 0.01
r 92.2 0.01 3 10.4389 0.01
r 92.4 0.01 3 10.3282 0.01
r 92.6 0.01 3 10.2328 0.01
r 92.8 0.01 3 10.1256 0.01
r 93 0.01 3 10.0131 0.01
r 93.2 0.01 3 9.91815 0.01
r 93.4 0.01 3 9.81566 0.01
r 93.6 0.01 3 9.70641 0.01
r 93.8 0.01 3 9.61636 0.01
r 94 0.01 3 9.52046 0.01
r 94.2 0.01 3 9.42697 0.01
r 94.4 0.01 3 9.33522 0.01
r 94.6 0.01 3 9.24109 0.01
r 94.8 0.01 3 9.15337 0.01
r 95 0.01 3 9.03325 0.01
r 95.2 0.01 3 8.97198 0.01
r 95.4 0.01 3 8.84193 0.01
r 95.6 0.01 3 8.72314 0.01
r 95.8 0.01 3 8.63236 0.01
r 96 0.01 3 8.56698 0.01
r 96.2 0.01 3 8.45806 0.01
r 96.4 0.01 3 8.34929 0.01
r 96.6 0.01 3 8.34561 0.01
r 96.8 0.01 3 8.18448 0.01
r 97 0.01 3 8.07198 0.01
r 97.2 0.01 3 7.99301 0.01
r 97.4 0.01 3 7.92519 0.01
r 97.6 0.01 3 7.86446 0.01
r 97.8 0.01 3 7.79117 0.01
r 98 0.01 3 7.73181 0.01
r 98.2 0.01 3 7.68511 0.01
r 98.4 0.01 3 7.61596 0.01
r 98.6 0.01 3 7.59892 0.01
r 98.8 0.01 3 7.28548 0.01
r 99 0.01 3 7.20874 0.01
r 99.2 0.01 3 7.13668 0.01
r 99.4 0.01 3 7.06511 0.01
r 99.6 0.01 3 6.99492 0.01
r 99.8 0.01 3 6.92776 0.01
r 100 0.01 3 6.86194 0.01
r 100.2 0.01 3 6.79964 0.01
r 100.4 0.01 3 6.73835 0.01
r 100.6 0.01 3 6.67802 0.01
r 100.8 0.01 3 6.62188 0.01
r 101 0.01 3 6.56504 0.01
r 101.2 0.01 3 6.50795 0.01
r 101.4 0.01 3 6.45675 0.01
r 101.6 0.01 3 6.40851 0.01
r 101.8 0.01 3 6.36215 0.01
r 102 0.01 3 6.31884 0.01
r 102.2 0.01 3 6.27792 0.01
r 102.4 0.01 3 6.23998 0.01
r 102.6 0.01 3 6.20432 0.01
r 102.8 0.01 3 6.17129 0.01
r 103 0.01 3 6.14029 0.01
r 103.2 0.01 3 6.11297 0.01
r 103.4 0.01 3 6.08773 0.01
r 103.6 0.01 3 6.07304 0.01
r 103.8 0.01 3 6.05021 0.01
r 104 0.01 3 6.03174 0.01
r 104.2 0.01 3 6.01762 0.01
r 104.4 0.01 3 6.0083 0.01
r 104.6 0.01 3 6.004 0.01
r 104.8 0.01 3 6.0027 0.01
r 105 0.01 3 5.99533 0.01
r 105.2 0.01 3 5.99555 0.01
r 105.4 0.01 3 5.99947 0.01
r 105.6 0.01 3 6.00677 0.01
r 105.8 0.01 3 6.01711 0.01
r 106 0.01 3 6.03039 0.01
r 106.2 0.01 3 6.04653 0.01
r 106.4 0.01 3 6.06576 0.01
r 106.6 0.01 3 6.0934 0.01
r 106.8 0.01 3 6.11382 0.01
r 107 0.01 3 6.14038 0.01
r 107.2 0.01 3 6.17081 0.01
r 107.4 0.01 3 6.20387 0.01
r 107.6 0.01 3 6.2393 0.01
r 107.8 0.01 3 6.27762 0.01
r 108 0.01 3 6.3187 0.01
r 108.2 0.01 3 6.36192 0.01
r 108.4 0.01 3 6.40835 0.01
r 108.6 0.01 3 6.45623 0.01
r 108.8 0.01 3 6.50863 0.01
r 109 0.01 3 6.5615 0.01
r 109.2 0.01 3 6.61963 0.01
r 109.4 0.01 3 6.67628 0.01
r 109.6 0.01 3 6.73489 0.01
r 109.8 0.01 3 6.7955 0.01
r 110 0.01 3 6.85899 0.01
r 110.2 0.01 3 6.92562 0.01
r 110.4 0.01 3 6.99397 0.01
r 110.6 0.01 3 7.06192 0.01
r 110.8 0.01 3 7.13689 0.01
r 111 0.01 3 7.21193 0.01
r 111.2 0.01 3 7.28541 0.01
r 111.4 0.01 3 7.36399 0.01
r 111.6 0.01 3 7.44185 0.01
r 111.8 0.01 3 8.61902 0.01
r 112 0.01 3 7.60425 0.01
r 112.2 0.01 3 7.68584 0.01
r 112.4 0.01 3 7.77571 0.01
r 112.6 0.01 3 7.85936 0.01
r 112.8 0.01 3 8.59433 0.01
r 113 0.01 3 8.65724 0.01
r 113.2 0.01 3 8.6708 0.01
r 113.4 0.01 3 8.7181 0.01
r 113.6 0.01 3 8.75548 0.01
r 113.8 0.01 3 8.81863 0.01
r 114 0.01 3 8.4949 0.01
r 114.2 0.01 3 8.91919 0.01
r 114.4 0.01 3 8.93604 0.01
r 114.6 0.01 3 9.02448 0.01
r 114.8 0.01 3 9.12523 0.01
r 115 0.01 3 9.13104 0.01
r 115.2 0.01 3 9.22153 0.01
r 115.4 0.01 3 9.39147 0.01
r 115.6 0.01 3 9.42947 0.01
r 115.8 0.01 3 9.59929 0.01
r 116 0.01 3 9.6375 0.01
r 116.2 0.01 3 9.77925 0.01
r 116.4 0.01 3 9.84025 0.01
r 116.6 0.01 3 10.0772 0.01
r 116.8 0.01 3 10.1327 0.01
r 117 0.01 3 10.2265 0.01
r 117.2 0.01 3 10.2852 0.01
r 117.4 0.01 3 10.4237 0.01
r 117.6 0.01 3 10.5077 0.01
r 117.8 0.01 3 10.6005 0.01
r 118 0.01 3 10.6921 0.01
r 118.2 0.01 3 10.7779 0.01
r 118.4 0.01 3 10.882 0.01
r 118.6 0.01 3 10.9861 0.01
r 118.8 0.01 3 11.0856 0.01
r 119 0.01 3 11.1811 0.01
r 119.2 0.01 3 11.2908 0.01
r 119.4 0.01 3 11.3918 0.01
r 119.6 0.01 3 11.5196 0.01
r 119.8 0.01 3 11.6149 0.01
r 120 0.01 3 11.7236 0.01
r 120.2 0.01 3 11.8357 0.01
r 120.4 0.01 3 11.9512 0.01
r 120.6 0.01 3 12.0681 0.01
r 120.8 0.01 3 12.1584 0.01
r 121 0.01 3 12.2828 0.01
r 121.2 0.01 3 12.4075 0.01
r 121.4 0.01 3 12.5392 0.01
r 121.6 0.01 3 12.6296 0.01
r 121.8 0.01 3 12.749 0.01
r 122 0.01 3 12.8747 0.01
r 122.2 0.01 3 12.9932 0.01
r 122.4 0.01 3 13.113 0.01
r 122.6 0.01 3 13.2323 0.01
r 122.8 0.01 3 13.3537 0.01
r 123 0.01 3 13.4829 0.01
r 123.2 0.01 3 13.6184 0.01
r 123.4 0.01 3 13.7005 0.01
r 123.6 0.01 3 13.8171 0.01
r 123.8 0.01 3 13.9927 0.01
r 124 0.01 3 14.1199 0.01
r 124.2 0.01 3 14.1849 0.01
r 124.4 0.01 3 14.3476 0.01
r 124.6 0.01 3 14.4438 0.01
r 124.8 0.01 3 14.5581 0.01
r 125 0.01 3 14.6829 0.01
r 125.2 0.01 3 14.7945 0.01
r 125.4 0.01 3 14.9123 0.01
r 125.6 0.01 3 15.0454 0.01
r 125.8 0.01 3 15.1879 0.01
r 126 0.01 3 15.361 0.01
r 126.2 0.01 3 15.484 0.01
r 126.4 0.01 3 15.6038 0.01
r 126.6 0.01 3 15.685 0.01
r 126.8 0.01 3 15.8222 0.01
r 127 0.01 3 15.9093 0.01
r 127.2 0.01 3 16.0728 0.01
r 127.4 0.01 3 16.2155 0.01
r 127.6 0.01 3 16.3465 0.01
r 127.8 0.01 3 16.4657 0.01
r 128 0.01 3 16.6018 0.01
r 128.2 0.01 3 16.7949 0.01
r 128.4 0.01 3 16.9249 0.01
r 128.6 0.01 3 17.055 0.01
r 128.8 0.01 3 17.1853 0.01
r 129 0.01 3 17.2448 0.01
r 129.2 0.01 3 17.3752 0.01
r 129.4 0.01 3 17.473 0.01
r 129.6 0.01 3 17.6094 0.01
r 129.8 0.01 3 17.7431 0.01
r 130 0.01 3 17.8718 0.01
r 130.2 0.01 3 18.0027 0.01
r 130.4 0.01 3 18.1329 0.01
r 130.6 0.01 3 18.2609 0.01
r 130.8 0.01 3 18.3921 0.01
r 131 0.01 3 18.4374 0.01
r 131.2 0.01 3 18.5666 0.01
r 131.4 0.01 3 18.6971 0.01
r 131.6 0.01 3 18.8274 0.01
r 131.8 0.01 3 18.9579 0.01
r 132 0.01 3 19.0881 0.01
r 132.2 0.01 3 19.2182 0.01
r 132.4 0.01 3 19.3488 0.01
r 132.6 0.01 3 19.4796 0.01
r 132.8 0.01 3 19.6102 0.01
r 133 0.01 3 19.6578 0.01
r 133.2 0.01 3 19.7884 0.01
r 133.4 0.01 3 19.9181 0.01
r 133.6 0.01 3 20.048 0.01
r 133.8 0.01 3 20.1787 0.01
r 134 0.01 3 20.3086 0.01
r 134.2 0.01 3 20.4394 0.01
r 134.4 0.01 3 20.5696 0.01
r 134.6 0.01 3 20.7001 0.01
r 134.8 0.01 3 20.831 0.01
r 135 0.01 3 20.9248 0.01
r 135.2 0.01 3 21.0559 0.01
r 135.4 0.01 3 21.1853 0.01
r 135.6 0.01 3 21.314 0.01
r 135.8 0.01 3 21.444 0.01
r 136 0.01 3 21.576 0.01
r 136.2 0.01 3 21.7048 0.01
r 136.4 0.01 3 21.8338 0.01
r 136.6 0.01 3 21.9661 0.01
r 136.8 0.01 3 22.0989 0.01
r 137 0.01 3 22.1815 0.01
r 137.2 0.01 3 22.3117 0.01
r 137.4 0.01 3 22.4419 0.01
r 137.6 0.01 3 22.5723 0.01
r 137.8 0.01 3 22.7027 0.01
r 138 0.01 3 22.8332 0.01
r 138.2 0.01 3 22.9638 0.01
r 138.4 0.01 3 23.0945 0.01
r 138.6 0.01 3 23.2253 0.01
r 138.8 0.01 3 23.3562 0.01
r 139 0.01 3 23.46 0.01
r 139.2 0.01 3 23.5902 0.01
r 139.4 0.01 3 23.7204 0.01
r 139.6 0.01 3 23.8505 0.01
r 139.8 0.01 3 23.9811 0.01
r 140 0.01 3 24.1116 0.01
r 140.2 0.01 3 24.2422 0.01
r 140.4 0.01 3 24.3729 0.01
r 140.6 0.01 3 24.5036 0.01
r 140.8 0.01 3 24.6346 0.01
r 141 0.01 3 24.7533 0.01
r 141.2 0.01 3 24.8799 0.01
r 141.4 0.01 3 25.0101 0.01
r 141.6 0.01 3 25.1404 0.01
r 141.8 0.01 3 25.2708 0.01
r 142 0.01 3 25.4013 0.01
r 142.2 0.01 3 25.532 0.01
r 142.4 0.01 3 25.6641 0.01
r 142.6 0.01 3 25.7935 0.01
r 142.8 0.01 3 25.9245 0.01
r 143 0.01 3 26.0407 0.01
r 143.2 0.01 3 26.1707 0.01
r 143.4 0.01 3 26.3008 0.01
r 143.6 0.01 3 26.4309 0.01
r 143.8 0.01 3 26.5612 0.01
r 144 0.01 3 26.692 0.01
r 144.2 0.01 3 26.8221 0.01
r 144.4 0.01 3 26.9508 0.01
r 144.6 0.01 3 27.0851 0.01
r 144.8 0.01 3 27.2161 0.01
r 145 0.01 3 27.3324 0.01
s 115 3 602
r 95 0.01 2 13.4816 0.01
r 95.2 0.01 2 13.3497 0.01
r 95.4 0.01 2 13.2179 0.01
r 95.6 0.01 2 13.0862 0.01
r 95.8 0.01 2 12.9544 0.01
r 96 0.01 2 12.8228 0.01
r 96.2 0.01 2 12.6911 0.01
r 96.4 0.01 2 12.5594 0.01
r 96.6 0.01 2 12.4277 0.01
r 96.8 0.01 2 12.296 0.01
r 97 0.01 2 12.1644 0.01
r 97.2 0.01 2 12.033 0.01
r 97.4 0.01 2 11.9015 0.01
r 97.6 0.01 2 11.7701 0.01
r 97.8 0.01 2 11.6387 0.01
r 98 0.01 2 11.5074 0.01
r 98.2 0.01 2 11.3762 0.01
r 98.4 0.01 2 11.2452 0.01
r 98.6 0.01 2 11.1138 0.01
r 98.8 0.01 2 10.9825 0.01
r 99 0.01 2 10.8513 0.01
r 99.2 0.01 2 10.7203 0.01
r 99.4 0.01 2 10.5894 0.01
r 99.6 0.01 2 10.4585 0.01
r 99.8 0.01 2 10.3276 0.01
r 100 0.01 2 10.1968 0.01
r 100.2 0.01 2 10.0662 0.01
r 100.4 0.01 2 9.93556 0.01
r 100.6 0.01 2 9.80501 0.01
r 100.8 0.01 2 9.67437 0.01
r 101 0.01 2 9.54399 0.01
r 101.2 0.01 2 9.41368 0.01
r 101.4 0.01 2 9.28346 0.01
r 101.6 0.01 2 9.15331 0.01
r 101.8 0.01 2 9.02326 0.01
r 102 0.01 2 8.89327 0.01
r 102.2 0.01 2 8.76335 0.01
r 102.4 0.01 2 8.63394 0.01
r 102.6 0.01 2 8.50421 0.01
r 102.8 0.01 2 8.37441 0.01
r 103 0.01 2 8.24487 0.01
r 103.2 0.01 2 8.11546 0.01
r 103.4 0.01 2 7.98621 0.01
r 103.6 0.01 2 7.85712 0.01
r 103.8 0.01 2 7.72821 0.01
r 104 0.01 2 7.6006 0.01
r 104.2 0.01 2 7.47171 0.01
r 104.4 0.01 2 7.34314 0.01
r 104.6 0.01 2 7.21465 0.01
r 104.8 0.01 2 7.08628 0.01
r 105 0.01 2 6.95892 0.01
r 105.2 0.01 2 6.83098 0.01
r 105.4 0.01 2 6.70345 0.01
r 105.6 0.01 2 6.57641 0.01
r 105.8 0.01 2 6.45 0.01
r 106 0.01 2 6.32253 0.01
r 106.2 0.01 2 6.19628 0.01
r 106.4 0.01 2 6.07035 0.01
r 106.6 0.01 2 5.94425 0.01
r 106.8 0.01 2 5.8188 0.01
r 107 0.01 2 5.69376 0.01
r 107.2 0.01 2 5.56904 0.01
r 107.4 0.01 2 5.44483 0.01
r 107.6 0.01 2 5.32091 0.01
r 107.8 0.01 2 5.19764 0.01
r 108 0.01 2 5.07467 0.01
r 108.2 0.01 2 4.95239 0.01
r 108.4 0.01 2 4.83066 0.01
r 108.6 0.01 2 4.70959 0.01
r 108.8 0.01 2 4.58926 0.01
r 109 0.01 2 4.46935 0.01
r 109.2 0.01 2 4.35031 0.01
r 109.4 0.01 2 4.23252 0.01
r 109.6 0.01 2 4.11516 0.01
r 109.8 0.01 2 3.99923 0.01
r 110 0.01 2 3.88422 0.01
r 110.2 0.01 2 3.77099 0.01
r 110.4 0.01 2 3.65948 0.01
r 110.6 0.01 2 3.54679 0.01
r 110.8 0.01 2 3.43726 0.01
r 111 0.01 2 3.33075 0.01
r 111.2 0.01 2 3.22463 0.01
r 111.4 0.01 2 3.12068 0.01
r 111.6 0.01 2 3.01924 0.01
r 111.8 0.01 2 2.92058 0.01
r 112 0.01 2 2.82441 0.01
r 112.2 0.01 2 2.73165 0.01
r 112.4 0.01 2 2.6423 0.01
r 112.6 0.01 2 2.55693 0.01
r 112.8 0.01 2 2.47558 0.01
r 113 0.01 2 2.39939 0.01
r 113.2 0.01 2 2.32803 0.01
r 113.4 0.01 2 2.26214 0.01
r 113.6 0.01 2 2.20212 0.01
r 113.8 0.01 2 2.14849 0.01
r 114 0.01 2 2.10298 0.01
r 114.2 0.01 2 2.06502 0.01
r 114.4 0.01 2 2.03526 0.01
r 114.6 0.01 2 2.01401 0.01
r 114.8 0.01 2 2.00067 0.01
r 115 0.01 2 1.99585 0.01
r 115.2 0.01 2 2.00029 0.01
r 115.4 0.01 2 2.01273 0.01
r 115.6 0.01 2 2.03335 0.01
r 115.8 0.01 2 2.06357 0.01
r 116 0.01 2 2.10201 0.01
r 116.2 0.01 2 2.14797 0.01
r 116.4 0.01 2 2.20112 0.01
r 116.6 0.01 2 2.26094 0.01
r 116.8 0.01 2 2.32714 0.01
r 117 0.01 2 2.39845 0.01
r 117.2 0.01 2 2.47517 0.01
r 117.4 0.01 2 2.55648 0.01
r 117.6 0.01 2 2.6418 0.01
r 117.8 0.01 2 2.73119 0.01
r 118 0.01 2 2.82398 0.01
r 118.2 0.01 2 2.91987 0.01
r 118.4 0.01 2 3.01891 0.01
r 118.6 0.01 2 3.12036 0.01
r 118.8 0.01 2 3.224 0.01
r 119 0.01 2 3.32962 0.01
r 119.2 0.01 2 3.43737 0.01
r 119.4 0.01 2 3.54681 0.01
r 119.6 0.01 2 3.65775 0.01
r 119.8 0.01 2 3.77017 0.01
r 120 0.01 2 3.88398 0.01
r 120.2 0.01 2 3.99897 0.01
r 120.4 0.01 2 4.11513 0.01
r 120.6 0.01 2 4.23229 0.01
r 120.8 0.01 2 4.3504 0.01
r 121 0.01 2 4.47142 0.01
r 121.2 0.01 2 4.58922 0.01
r 121.4 0.01 2 4.70967 0.01
r 121.6 0.01 2 4.83193 0.01
r 121.8 0.01 2 4.9528 0.01
r 122 0.01 2 5.07469 0.01
r 122.2 0.01 2 5.19757 0.01
r 122.4 0.01 2 5.32102 0.01
r 122.6 0.01 2 5.44489 0.01
r 122.8 0.01 2 5.56953 0.01
r 123 0.01 2 5.69507 0.01
r 123.2 0.01 2 5.81969 0.01
r 123.4 0.01 2 5.94489 0.01
r 123.6 0.01 2 6.07049 0.01
r 123.8 0.01 2 6.19624 0.01
r 124 0.01 2 6.32254 0.01
r 124.2 0.01 2 6.44921 0.01
r 124.4 0.01 2 6.57616 0.01
r 124.6 0.01 2 6.70335 0.01
r 124.8 0.01 2 6.83081 0.01
r 125 0.01 2 6.95835 0.01
r 125.2 0.01 2 7.08625 0.01
r 125.4 0.01 2 7.21422 0.01
r 125.6 0.01 2 7.34265 0.01
r 125.8 0.01 2 7.47087 0.01
r 126 0.01 2 7.59946 0.01
r 126.2 0.01 2 7.72819 0.01
r 126.4 0.01 2 7.85709 0.01
r 126.6 0.01 2 7.98614 0.01
r 126.8 0.01 2 8.11531 0.01
r 127 0.01 2 8.24468 0.01
r 127.2 0.01 2 8.37407 0.01
r 127.4 0.01 2 8.50363 0.01
r 127.6 0.01 2 8.6333 0.01
r 127.8 0.01 2 8.76309 0.01
r 128 0.01 2 8.8936 0.01
r 128.2 0.01 2 9.02376 0.01
r 128.4 0.01 2 9.1535 0.01
r 128.6 0.01 2 9.28346 0.01
r 128.8 0.01 2 9.41361 0.01
r 129 0.01 2 9.54385 0.01
r 129.2 0.01 2 9.67431 0.01
r 129.4 0.01 2 9.80491 0.01
r 129.6 0.01 2 9.93554 0.01
r 129.8 0.01 2 10.0663 0.01
r 130 0.01 2 10.197 0.01
r 130.2 0.01 2 10.3276 0.01
r 130.4 0.01 2 10.4584 0.01
r 130.6 0.01 2 10.5893 0.01
r 130.8 0.01 2 10.7203 0.01
r 131 0.01 2 10.8514 0.01
r 131.2 0.01 2 10.9824 0.01
r 131.4 0.01 2 11.1136 0.01
r 131.6 0.01 2 11.2449 0.01
r 131.8 0.01 2 11.3764 0.01
r 132 0.01 2 11.5076 0.01
r 132.2 0.01 2 11.6388 0.01
r 132.4 0.01 2 11.7701 0.01
r 132.6 0.01 2 11.9015 0.01
r 132.8 0.01 2 12.0329 0.01
r 133 0.01 2 12.1645 0.01
r 133.2 0.01 2 12.296 0.01
r 133.4 0.01 2 12.4276 0.01
r 133.6 0.01 2 12.5593 0.01
r 133.8 0.01 2 12.6914 0.01
r 134 0.01 2 12.8229 0.01
r 134.2 0.01 2 12.9545 0.01
r 134.4 0.01 2 13.0862 0.01
r 134.6 0.01 2 13.2179 0.01
r 134.8 0.01 2 13.3497 0.01
r 135 0.01 2 13.4815 0.01
r 75 0.01 3 27.345 0.01
r 75.2 0.01 3 27.2141 0.01
r 75.4 0.01 3 27.0833 0.01
r 75.6 0.01 3 26.9525 0.01
r 75.8 0.01 3 26.823 0.01
r 76 0.01 3 26.6925 0.01
r 76.2 0.01 3 26.562 0.01
r 76.4 0.01 3 26.4319 0.01
r 76.6 0.01 3 26.3019 0.01
r 76.8 0.01 3 26.1717 0.01
r 77 0.01 3 26.0625 0.01
r 77.2 0.01 3 25.9317 0.01
r 77.4 0.01 3 25.801 0.01
r 77.6 0.01 3 25.6703 0.01
r 77.8 0.01 3 25.5397 0.01
r 78 0.01 3 25.4092 0.01
r 78.2 0.01 3 25.2788 0.01
r 78.4 0.01 3 25.1484 0.01
r 78.6 0.01 3 25.0181 0.01
r 78.8 0.01 3 24.8878 0.01
r 79 0.01 3 24.7953 0.01
r 79.2 0.01 3 24.6642 0.01
r 79.4 0.01 3 24.5528 0.01
r 79.6 0.01 3 24.4216 0.01
r 79.8 0.01 3 24.2723 0.01
r 80 0.01 3 24.1416 0.01
r 80.2 0.01 3 24.0109 0.01
r 80.4 0.01 3 23.8987 0.01
r 80.6 0.01 3 23.7498 0.01
r 80.8 0.01 3 23.6199 0.01
r 81 0.01 3 23.5125 0.01
r 81.2 0.01 3 23.3812 0.01
r 81.4 0.01 3 23.2501 0.01
r 81.6 0.01 3 23.1191 0.01
r 81.8 0.01 3 22.9883 0.01
r 82 0.01 3 22.8578 0.01
r 82.2 0.01 3 22.7271 0.01
r 82.4 0.01 3 22.5967 0.01
r 82.6 0.01 3 22.4672 0.01
r 82.8 0.01 3 22.3359 0.01
r 83 0.01 3 22.2369 0.01
r 83.2 0.01 3 22.1059 0.01
r 83.4 0.01 3 21.9755 0.01
r 83.6 0.01 3 21.8447 0.01
r 83.8 0.01 3 21.714 0.01
r 84 0.01 3 21.5834 0.01
r 84.2 0.01 3 21.4528 0.01
r 84.4 0.01 3 21.3224 0.01
r 84.6 0.01 3 21.192 0.01
r 84.8 0.01 3 21.0613 0.01
r 85 0.01 3 21.0257 0.01
r 85.2 0.01 3 20.8942 0.01
r 85.4 0.01 3 20.7617 0.01
r 85.6 0.01 3 20.6328 0.01
r 85.8 0.01 3 20.5024 0.01
r 86 0.01 3 20.3755 0.01
r 86.2 0.01 3 20.2408 0.01
r 86.4 0.01 3 20.1101 0.01
r 86.6 0.01 3 19.9797 0.01
r 86.8 0.01 3 19.849 0.01
r 87 0.01 3 19.7772 0.01
r 87.2 0.01 3 19.6464 0.01
r 87.4 0.01 3 19.5156 0.01
r 87.6 0.01 3 19.3849 0.01
r 87.8 0.01 3 19.2542 0.01
r 88 0.01 3 19.1236 0.01
r 88.2 0.01 3 18.9931 0.01
r 88.4 0.01 3 18.8626 0.01
r 88.6 0.01 3 18.7322 0.01
r 88.8 0.01 3 18.6019 0.01
r 89 0.01 3 18.5361 0.01
r 89.2 0.01 3 18.4055 0.01
r 89.4 0.01 3 18.2751 0.01
r 89.6 0.01 3 18.1446 0.01
r 89.8 0.01 3 18.0143 0.01
r 90 0.01 3 17.884 0.01
r 90.2 0.01 3 17.7571 0.01
r 90.4 0.01 3 17.6269 0.01
r 90.6 0.01 3 17.4967 0.01
r 90.8 0.01 3 17.3667 0.01
r 91 0.01 3 17.345 0.01
r 91.2 0.01 3 17.2142 0.01
r 91.4 0.01 3 17.0837 0.01
r 91.6 0.01 3 16.9532 0.01
r 91.8 0.01 3 16.7849 0.01
r 92 0.01 3 16.6815 0.01
r 92.2 0.01 3 16.5623 0.01
r 92.4 0.01 3 16.4323 0.01
r 92.6 0.01 3 16.2946 0.01
r 92.8 0.01 3 16.1726 0.01
r 93 0.01 3 16.0867 0.01
r 93.2 0.01 3 15.9268 0.01
r 93.4 0.01 3 15.8219 0.01
r 93.6 0.01 3 15.6954 0.01
r 93.8 0.01 3 15.5621 0.01
r 94 0.01 3 15.4325 0.01
r 94.2 0.01 3 15.3068 0.01
r 94.4 0.01 3 15.1765 0.01
r 94.6 0.01 3 15.0481 0.01
r 94.8 0.01 3 14.9179 0.01
r 95 0.01 3 14.8081 0.01
r 95.2 0.01 3 14.6909 0.01
r 95.4 0.01 3 14.5519 0.01
r 95.6 0.01 3 14.4208 0.01
r 95.8 0.01 3 14.3144 0.01
r 96 0.01 3 14.212 0.01
r 96.2 0.01 3 14.0503 0.01
r 96.4 0.01 3 13.9245 0.01
r 96.6 0.01 3 13.7822 0.01
r 96.8 0.01 3 13.6581 0.01
r 97 0.01 3 13.5704 0.01
r 97.2 0.01 3 13.3994 0.01
r 97.4 0.01 3 13.3137 0.01
r 97.6 0.01 3 13.2087 0.01
r 97.8 0.01 3 13.0825 0.01
r 98 0.01 3 12.8929 0.01
r 98.2 0.01 3 12.8308 0.01
r 98.4 0.01 3 12.7041 0.01
r 98.6 0.01 3 12.5789 0.01
r 98.8 0.01 3 12.4542 0.01
r 99 0.01 3 12.3384 0.01
r 99.2 0.01 3 12.2144 0.01
r 99.4 0.01 3 12.0627 0.01
r 99.6 0.01 3 11.9624 0.01
r 99.8 0.01 3 11.84 0.01
r 100 0.01 3 11.7078 0.01
r 100.2 0.01 3 11.5881 0.01
r 100.4 0.01 3 11.4677 0.01
r 100.6 0.01 3 11.3477 0.01
r 100.8 0.01 3 11.2407 0.01
r 101 0.01 3 11.1269 0.01
r 101.2 0.01 3 11.006 0.01
r 101.4 0.01 3 10.887 0.01
r 101.6 0.01 3 10.792 0.01
r 101.8 0.01 3 10.6596 0.01
r 102 0.01 3 10.5454 0.01
r 102.2 0.01 3 10.4389 0.01
r 102.4 0.01 3 10.3282 0.01
r 102.6 0.01 3 10.2329 0.01
r 102.8 0.01 3 10.1256 0.01
r 103 0.01 3 10.0131 0.01
r 103.2 0.01 3 9.91819 0.01
r 103.4 0.01 3 9.81566 0.01
r 103.6 0.01 3 9.70641 0.01
r 103.8 0.01 3 9.61636 0.01
r 104 0.01 3 9.51581 0.01
r 104.2 0.01 3 9.42697 0.01
r 104.4 0.01 3 9.33522 0.01
r 104.6 0.01 3 9.24754 0.01
r 104.8 0.01 3 9.15337 0.01
r 105 0.01 3 9.03325 0.01
r 105.2 0.01 3 8.97198 0.01
r 105.4 0.01 3 8.84194 0.01
r 105.6 0.01 3 8.72529 0.01
r 105.8 0.01 3 8.63237 0.01
r 106 0.01 3 8.55736 0.01
r 106.2 0.01 3 8.45806 0.01
r 106.4 0.01 3 8.35011 0.01
r 106.6 0.01 3 8.26745 0.01
r 106.8 0.01 3 8.16065 0.01
r 107 0.01 3 8.07198 0.01
r 107.2 0.01 3 7.99433 0.01
r 107.4 0.01 3 7.92452 0.01
r 107.6 0.01 3 7.8621 0.01
r 107.8 0.01 3 7.79162 0.01
r 108 0.01 3 7.7353 0.01
r 108.2 0.01 3 7.68512 0.01
r 108.4 0.01 3 7.61804 0.01
r 108.6 0.01 3 7.59881 0.01
r 108.8 0.01 3 7.50831 0.01
r 109 0.01 3 7.21063 0.01
r 109.2 0.01 3 7.13639 0.01
r 109.4 0.01 3 7.06554 0.01
r 109.6 0.01 3 6.99508 0.01
r 109.8 0.01 3 6.92771 0.01
r 110 0.01 3 6.86329 0.01
r 110.2 0.01 3 6.7992 0.01
r 110.4 0.01 3 6.73755 0.01
r 110.6 0.01 3 6.67811 0.01
r 110.8 0.01 3 6.62164 0.01
r 111 0.01 3 6.56504 0.01
r 111.2 0.01 3 6.50786 0.01
r 111.4 0.01 3 6.45675 0.01
r 111.6 0.01 3 6.40851 0.01
r 111.8 0.01 3 6.36206 0.01
r 112 0.01 3 6.31884 0.01
r 112.2 0.01 3 6.27792 0.01
r 112.4 0.01 3 6.23998 0.01
r 112.6 0.01 3 6.20432 0.01
r 112.8 0.01 3 6.17129 0.01
r 113 0.01 3 6.14029 0.01
r 113.2 0.01 3 6.11297 0.01
r 113.4 0.01 3 6.08773 0.01
r 113.6 0.01 3 6.07304 0.01
r 113.8 0.01 3 6.05021 0.01
r 114 0.01 3 6.03174 0.01
r 114.2 0.01 3 6.01762 0.01
r 114.4 0.01 3 6.0083 0.01
r 114.6 0.01 3 6.004 0.01
r 114.8 0.01 3 6.0027 0.01
r 115 0.01 3 5.99533 0.01
r 115.2 0.01 3 5.99555 0.01
r 115.4 0.01 3 5.99947 0.01
r 115.6 0.01 3 6.00677 0.01
r 115.8 0.01 3 6.01711 0.01
r 116 0.01 3 6.03039 0.01
r 116.2 0.01 3 6.04653 0.01
r 116.4 0.01 3 6.06576 0.01
r 116.6 0.01 3 6.0934 0.01
r 116.8 0.01 3 6.11382 0.01
r 117 0.01 3 6.14038 0.01
r 117.2 0.01 3 6.17081 0.01
r 117.4 0.01 3 6.20387 0.01
r 117.6 0.01 3 6.2393 0.01
r 117.8 0.01 3 6.27762 0.01
r 118 0.01 3 6.3187 0.01
r 118.2 0.01 3 6.36192 0.01
r 118.4 0.01 3 6.40835 0.01
r 118.6 0.01 3 6.45623 0.01
r 118.8 0.01 3 6.50863 0.01
r 119 0.01 3 6.5615 0.01
r 119.2 0.01 3 6.61955 0.01
r 119.4 0.01 3 6.67627 0.01
r 119.6 0.01 3 6.73491 0.01
r 119.8 0.01 3 6.79549 0.01
r 120 0.01 3 6.85899 0.01
r 120.2 0.01 3 6.92562 0.01
r 120.4 0.01 3 6.99397 0.01
r 120.6 0.01 3 7.0619 0.01
r 120.8 0.01 3 7.13853 0.01
r 121 0.01 3 7.21208 0.01
r 121.2 0.01 3 7.28619 0.01
r 121.4 0.01 3 7.36321 0.01
r 121.6 0.01 3 7.44499 0.01
r 121.8 0.01 3 7.52208 0.01
r 122 0.01 3 7.60609 0.01
r 122.2 0.01 3 8.61855 0.01
r 122.4 0.01 3 7.77139 0.01
r 122.6 0.01 3 7.85636 0.01
r 122.8 0.01 3 8.59576 0.01
r 123 0.01 3 8.65725 0.01
r 123.2 0.01 3 8.67055 0.01
r 123.4 0.01 3 8.71812 0.01
r 123.6 0.01 3 8.67394 0.01
r 123.8 0.01 3 8.81864 0.01
r 124 0.01 3 8.83314 0.01
r 124.2 0.01 3 8.92363 0.01
r 124.4 0.01 3 8.92743 0.01
r 124.6 0.01 3 9.02456 0.01
r 124.8 0.01 3 9.14096 0.01
r 125 0.01 3 9.11777 0.01
r 125.2 0.01 3 9.21144 0.01
r 125.4 0.01 3 9.39146 0.01
r 125.6 0.01 3 9.43534 0.01
r 125.8 0.01 3 9.55504 0.01
r 126 0.01 3 9.63933 0.01
r 126.2 0.01 3 9.7508 0.01
r 126.4 0.01 3 9.80671 0.01
r 126.6 0.01 3 10.0772 0.01
r 126.8 0.01 3 10.1327 0.01
r 127 0.01 3 10.2265 0.01
r 127.2 0.01 3 10.2852 0.01
r 127.4 0.01 3 10.3991 0.01
r 127.6 0.01 3 10.5077 0.01
r 127.8 0.01 3 10.6005 0.01
r 128 0.01 3 10.6921 0.01
r 128.2 0.01 3 10.778 0.01
r 128.4 0.01 3 10.882 0.01
r 128.6 0.01 3 10.9861 0.01
r 128.8 0.01 3 11.0856 0.01
r 129 0.01 3 11.1811 0.01
r 129.2 0.01 3 11.2908 0.01
r 129.4 0.01 3 11.3954 0.01
r 129.6 0.01 3 11.5196 0.01
r 129.8 0.01 3 11.615 0.01
r 130 0.01 3 11.7148 0.01
r 130.2 0.01 3 11.8357 0.01
r 130.4 0.01 3 11.9512 0.01
r 130.6 0.01 3 12.0681 0.01
r 130.8 0.01 3 12.1579 0.01
r 131 0.01 3 12.2828 0.01
r 131.2 0.01 3 12.4075 0.01
r 131.4 0.01 3 12.5192 0.01
r 131.6 0.01 3 12.6297 0.01
r 131.8 0.01 3 12.749 0.01
r 132 0.01 3 12.8747 0.01
r 132.2 0.01 3 12.9932 0.01
r 132.4 0.01 3 13.1131 0.01
r 132.6 0.01 3 13.2323 0.01
r 132.8 0.01 3 13.3527 0.01
r 133 0.01 3 13.4829 0.01
r 133.2 0.01 3 13.6184 0.01
r 133.4 0.01 3 13.7006 0.01
r 133.6 0.01 3 13.8171 0.01
r 133.8 0.01 3 13.9927 0.01
r 134 0.01 3 14.1199 0.01
r 134.2 0.01 3 14.1636 0.01
r 134.4 0.01 3 14.3477 0.01
r 134.6 0.01 3 14.4205 0.01
r 134.8 0.01 3 14.5474 0.01
r 135 0.01 3 14.6829 0.01
r 135.2 0.01 3 14.7945 0.01
r 135.4 0.01 3 14.9188 0.01
r 135.6 0.01 3 15.0455 0.01
r 135.8 0.01 3 15.1879 0.01
r 136 0.01 3 15.361 0.01
r 136.2 0.01 3 15.484 0.01
r 136.4 0.01 3 15.6038 0.01
r 136.6 0.01 3 15.7289 0.01
r 136.8 0.01 3 15.8222 0.01
r 137 0.01 3 15.9487 0.01
r 137.2 0.01 3 16.0728 0.01
r 137.4 0.01 3 16.2155 0.01
r 137.6 0.01 3 16.3465 0.01
r 137.8 0.01 3 16.4657 0.01
r 138 0.01 3 16.6018 0.01
r 138.2 0.01 3 16.7949 0.01
r 138.4 0.01 3 16.9249 0.01
r 138.6 0.01 3 16.9981 0.01
r 138.8 0.01 3 17.1853 0.01
r 139 0.01 3 17.2448 0.01
r 139.2 0.01 3 17.3752 0.01
r 139.4 0.01 3 17.473 0.01
r 139.6 0.01 3 17.6094 0.01
r 139.8 0.01 3 17.7431 0.01
r 140 0.01 3 17.8718 0.01
r 140.2 0.01 3 18.0027 0.01
r 140.4 0.01 3 18.1329 0.01
r 140.6 0.01 3 18.2609 0.01
r 140.8 0.01 3 18.3921 0.01
r 141 0.01 3 18.4374 0.01
r 141.2 0.01 3 18.5666 0.01
r 141.4 0.01 3 18.6971 0.01
r 141.6 0.01 3 18.8274 0.01
r 141.8 0.01 3 18.9579 0.01
r 142 0.01 3 19.0881 0.01
r 142.2 0.01 3 19.2182 0.01
r 142.4 0.01 3 19.3488 0.01
r 142.6 0.01 3 19.4796 0.01
r 142.8 0.01 3 19.6102 0.01
r 143 0.01 3 19.6578 0.01
r 143.2 0.01 3 19.7884 0.01
r 143.4 0.01 3 19.9181 0.01
r 143.6 0.01 3 20.048 0.01
r 143.8 0.01 3 20.1787 0.01
r 144 0.01 3 20.3086 0.01
r 144.2 0.01 3 20.4394 0.01
r 144.4 0.01 3 20.5696 0.01
r 144.6 0.01 3 20.7001 0.01
r 144.8 0.01 3 20.831 0.01
r 145 0.01 3 20.9248 0.01
r 145.2 0.01 3 21.0559 0.01
r 145.4 0.01 3 21.1853 0.01
r 145.6 0.01 3 21.314 0.01
r 145.8 0.01 3 21.444 0.01
r 146 0.01 3 21.576 0.01
r 146.2 0.01 3 21.7048 0.01
r 146.4 0.01 3 21.8338 0.01
r 146.6 0.01 3 21.9661 0.01
r 146.8 0.01 3 22.0989 0.01
r 147 0.01 3 22.1815 0.01
r 147.2 0.01 3 22.3117 0.01
r 147.4 0.01 3 22.4419 0.01
r 147.6 0.01 3 22.5723 0.01
r 147.8 0.01 3 22.7027 0.01
r 148 0.01 3 22.8332 0.01
r 148.2 0.01 3 22.9638 0.01
r 148.4 0.01 3 23.0945 0.01
r 148.6 0.01 3 23.2253 0.01
r 148.8 0.01 3 23.3562 0.01
r 149 0.01 3 23.46 0.01
r 149.2 0.01 3 23.5902 0.01
r 149.4 0.01 3 23.7204 0.01
r 149.6 0.01 3 23.8505 0.01
r 149.8 0.01 3 23.9811 0.01
r 150 0.01 3 24.1116 0.01
r 150.2 0.01 3 24.2422 0.01
r 150.4 0.01 3 24.3729 0.01
r 150.6 0.01 3 24.5036 0.01
r 150.8 0.01 3 24.6346 0.01
r 151 0.01 3 24.7533 0.01
r 151.2 0.01 3 24.8799 0.01
r 151.4 0.01 3 25.0101 0.01
r 151.6 0.01 3 25.1404 0.01
r 151.8 0.01 3 25.2708 0.01
r 152 0.01 3 25.4013 0.01
r 152.2 0.01 3 25.532 0.01
r 152.4 0.01 3 25.6629 0.01
r 152.6 0.01 3 25.7935 0.01
r 152.8 0.01 3 25.9245 0.01
r 153 0.01 3 26.0407 0.01
r 153.2 0.01 3 26.1707 0.01
r 153.4 0.01 3 26.3008 0.01
r 153.6 0.01 3 26.4309 0.01
r 153.8 0.01 3 26.5612 0.01
r 154 0.01 3 26.692 0.01
r 154.2 0.01 3 26.8221 0.01
r 154.4 0.01 3 26.9508 0.01
r 154.6 0.01 3 27.0851 0.01
r 154.8 0.01 3 27.2161 0.01
r 155 0.01 3 27.3324 0.01
s 125 3 602
r 105 0.01 2 13.4816 0.01
r 105.2 0.01 2 13.3497 0.01
r 105.4 0.01 2 13.2179 0.01
r 105.6 0.01 2 13.0862 0.01
r 105.8 0.01 2 12.9544 0.01
r 106 0.01 2 12.8228 0.01
r 106.2 0.01 2 12.6911 0.01
r 106.4 0.01 2 12.5594 0.01
r 106.6 0.01 2 12.4277 0.01
r 106.8 0.01 2 12.296 0.01
r 107 0.01 2 12.1644 0.01
r 107.2 0.01 2 12.033 0.01
r 107.4 0.01 2 11.9015 0.01
r 107.6 0.01 2 11.7701 0.01
r 107.8 0.01 2 11.6387 0.01
r 108 0.01 2 11.5074 0.01
r 108.2 0.01 2 11.3762 0.01
r 108.4 0.01 2 11.2452 0.01
r 108.6 0.01 2 11.1138 0.01
r 108.8 0.01 2 10.9825 0.01
r 109 0.01 2 10.8513 0.01
r 109.2 0.01 2 10.7203 0.01
r 109.4 0.01 2 10.5894 0.01
r 109.6 0.01 2 10.4585 0.01
r 109.8 0.01 2 10.3276 0.01
r 110 0.01 2 10.1968 0.01
r 110.2 0.01 2 10.0662 0.01
r 110.4 0.01 2 9.93556 0.01
r 110.6 0.01 2 9.80501 0.01
r 110.8 0.01 2 9.67437 0.01
r 111 0.01 2 9.54399 0.01
r 111.2 0.01 2 9.41368 0.01
r 111.4 0.01 2 9.28346 0.01
r 111.6 0.01 2 9.15331 0.01
r 111.8 0.01 2 9.02326 0.01
r 112 0.01 2 8.89327 0.01
r 112.2 0.01 2 8.76335 0.01
r 112.4 0.01 2 8.63394 0.01
r 112.6 0.01 2 8.50421 0.01
r 112.8 0.01 2 8.37441 0.01
r 113 0.01 2 8.24487 0.01
r 113.2 0.01 2 8.11546 0.01
r 113.4 0.01 2 7.98621 0.01
r 113.6 0.01 2 7.85712 0.01
r 113.8 0.01 2 7.72821 0.01
r 114 0.01 2 7.6006 0.01
r 114.2 0.01 2 7.47171 0.01
r 114.4 0.01 2 7.34314 0.01
r 114.6 0.01 2 7.21465 0.01
r 114.8 0.01 2 7.08628 0.01
r 115 0.01 2 6.95892 0.01
r 115.2 0.01 2 6.83098 0.01
r 115.4 0.01 2 6.70345 0.01
r 115.6 0.01 2 6.57641 0.01
r 115.8 0.01 2 6.45 0.01
r 116 0.01 2 6.32253 0.01
r 116.2 0.01 2 6.19628 0.01
r 116.4 0.01 2 6.07035 0.01
r 116.6 0.01 2 5.94425 0.01
r 116.8 0.01 2 5.8188 0.01
r 117 0.01 2 5.69376 0.01
r 117.2 0.01 2 5.56904 0.01
r 117.4 0.01 2 5.44483 0.01
r 117.6 0.01 2 5.32091 0.01
r 117.8 0.01 2 5.19764 0.01
r 118 0.01 2 5.07467 0.01
r 118.2 0.01 2 4.95239 0.01
r 118.4 0.01 2 4.83066 0.01
r 118.6 0.01 2 4.70959 0.01
r 118.8 0.01 2 4.58926 0.01
r 119 0.01 2 4.46935 0.01
r 119.2 0.01 2 4.35031 0.01
r 119.4 0.01 2 4.23252 0.01
r 119.6 0.01 2 4.11516 0.01
r 119.8 0.01 2 3.99923 0.01
r 120 0.01 2 3.88422 0.01
r 120.2 0.01 2 3.77099 0.01
r 120.4 0.01 2 3.65948 0.01
r 120.6 0.01 2 3.54679 0.01
r 120.8 0.01 2 3.43726 0.01
r 121 0.01 2 3.33075 0.01
r 121.2 0.01 2 3.22463 0.01
r 121.4 0.01 2 3.12068 0.01
r 121.6 0.01 2 3.01924 0.01
r 121.8 0.01 2 2.92058 0.01
r 122 0.01 2 2.82441 0.01
r 122.2 0.01 2 2.73165 0.01
r 122.4 0.01 2 2.6423 0.01
r 122.6 0.01 2 2.55693 0.01
r 122.8 0.01 2 2.47558 0.01
r 123 0.01 2 2.39939 0.01
r 123.2 0.01 2 2.32803 0.01
r 123.4 0.01 2 2.26214 0.01
r 123.6 0.01 2 2.20212 0.01
r 123.8 0.01 2 2.14849 0.01
r 124 0.01 2 2.10298 0.01
r 124.2 0.01 2 2.06502 0.01
r 124.4 0.01 2 2.03526 0.01
r 124.6 0.01 2 2.01401 0.01
r 124.8 0.01 2 2.00067 0.01
r 125 0.01 2 1.99585 0.01
r 125.2 0.01 2 2.00029 0.01
r 125.4 0.01 2 2.01273 0.01
r 125.6 0.01 2 2.03335 0.01
r 125.8 0.01 2 2.06357 0.01
r 126 0.01 2 2.10201 0.01
r 126.2 0.01 2 2.14797 0.01
r 126.4 0.01 2 2.20112 0.01
r 126.6 0.01 2 2.26094 0.01
r 126.8 0.01 2 2.32714 0.01
r 127 0.01 2 2.39845 0.01
r 127.2 0.01 2 2.47517 0.01
r 127.4 0.01 2 2.55648 0.01
r 127.6 0.01 2 2.6418 0.01
r 127.8 0.01 2 2.73119 0.01
r 128 0.01 2 2.82398 0.01
r 128.2 0.01 2 2.91987 0.01
r 128.4 0.01 2 3.01891 0.01
r 128.6 0.01 2 3.12036 0.01
r 128.8 0.01 2 3.224 0.01
r 129 0.01 2 3.32962 0.01
r 129.2 0.01 2 3.43737 0.01
r 129.4 0.01 2 3.54681 0.01
r 129.6 0.01 2 3.65775 0.01
r 129.8 0.01 2 3.77017 0.01
r 130 0.01 2 3.88398 0.01
r 130.2 0.01 2 3.99897 0.01
r 130.4 0.01 2 4.11513 0.01
r 130.6 0.01 2 4.23229 0.01
r 130.8 0.01 2 4.3504 0.01
r 131 0.01 2 4.47142 0.01
r 131.2 0.01 2 4.58922 0.01
r 131.4 0.01 2 4.70967 0.01
r 131.6 0.01 2 4.83193 0.01
r 131.8 0.01 2 4.9528 0.01
r 132 0.01 2 5.07469 0.01
r 132.2 0.01 2 5.19757 0.01
r 132.4 0.01 2 5.32102 0.01
r 132.6 0.01 2 5.44489 0.01
r 132.8 0.01 2 5.56953 0.01
r 133 0.01 2 5.69507 0.01
r 133.2 0.01 2 5.81969 0.01
r 133.4 0.01 2 5.94489 0.01
r 133.6 0.01 2 6.07049 0.01
r 133.8 0.01 2 6.19624 0.01
r 134 0.01 2 6.32254 0.01
r 134.2 0.01 2 6.44921 0.01
r 134.4 0.01 2 6.57616 0.01
r 134.6 0.01 2 6.70335 0.01
r 134.8 0.01 2 6.83081 0.01
r 135 0.01 2 6.95835 0.01
r 135.2 0.01 2 7.08625 0.01
r 135.4 0.01 2 7.21422 0.01
r 135.6 0.01 2 7.34265 0.01
r 135.8 0.01 2 7.47087 0.01
r 136 0.01 2 7.59946 0.01
r 136.2 0.01 2 7.72819 0.01
r 136.4 0.01 2 7.85709 0.01
r 136.6 0.01 2 7.98614 0.01
r 136.8 0.01 2 8.11531 0.01
r 137 0.01 2 8.24468 0.01
r 137.2 0.01 2 8.37407 0.01
r 137.4 0.01 2 8.50363 0.01
r 137.6 0.01 2 8.6333 0.01
r 137.8 0.01 2 8.76309 0.01
r 138 0.01 2 8.8936 0.01
r 138.2 0.01 2 9.02376 0.01
r 138.4 0.01 2 9.1535 0.01
r 138.6 0.01 2 9.28346 0.01
r 138.8 0.01 2 9.41361 0.01
r 139 0.01 2 9.54385 0.01
r 139.2 0.01 2 9.67431 0.01
r 139.4 0.01 2 9.80491 0.01
r 139.6 0.01 2 9.93554 0.01
r 139.8 0.01 2 10.0663 0.01
r 140 0.01 2 10.197 0.01
r 140.2 0.01 2 10.3276 0.01
r 140.4 0.01 2 10.4584 0.01
r 140.6 0.01 2 10.5893 0.01
r 140.8 0.01 2 10.7203 0.01
r 141 0.01 2 10.8514 0.01
r 141.2 0.01 2 10.9824 0.01
r 141.4 0.01 2 11.1136 0.01
r 141.6 0.01 2 11.2449 0.01
r 141.8 0.01 2 11.3764 0.01
r 142 0.01 2 11.5076 0.01
r 142.2 0.01 2 11.6388 0.01
r 142.4 0.01 2 11.7701 0.01
r 142.6 0.01 2 11.9015 0.01
r 142.8 0.01 2 12.0329 0.01
r 143 0.01 2 12.1645 0.01
r 143.2 0.01 2 12.296 0.01
r 143.4 0.01 2 12.4276 0.01
r 143.6 0.01 2 12.5593 0.01
r 143.8 0.01 2 12.6914 0.01
r 144 0.01 2 12.8229 0.01
r 144.2 0.01 2 12.9545 0.01
r 144.4 0.01 2 13.0862 0.01
r 144.6 0.01 2 13.2179 0.01
r 144.8 0.01 2 13.3497 0.01
r 145 0.01 2 13.4815 0.01
r 85 0.01 3 27.345 0.01
r 85.2 0.01 3 27.2141 0.01
r 85.4 0.01 3 27.0833 0.01
r 85.6 0.01 3 26.9525 0.01
r 85.8 0.01 3 26.823 0.01
r 86 0.01 3 26.6925 0.01
r 86.2 0.01 3 26.562 0.01
r 86.4 0.01 3 26.4319 0.01
r 86.6 0.01 3 26.3019 0.01
r 86.8 0.01 3 26.1717 0.01
r 87 0.01 3 26.0625 0.01
r 87.2 0.01 3 25.9317 0.01
r 87.4 0.01 3 25.801 0.01
r 87.6 0.01 3 25.6703 0.01
r 87.8 0.01 3 25.5397 0.01
r 88 0.01 3 25.4092 0.01
r 88.2 0.01 3 25.2788 0.01
r 88.4 0.01 3 25.1484 0.01
r 88.6 0.01 3 25.0181 0.01
r 88.8 0.01 3 24.8878 0.01
r 89 0.01 3 24.7953 0.01
r 89.2 0.01 3 24.6642 0.01
r 89.4 0.01 3 24.5528 0.01
r 89.6 0.01 3 24.4216 0.01
r 89.8 0.01 3 24.2723 0.01
r 90 0.01 3 24.1416 0.01
r 90.2 0.01 3 24.0109 0.01
r 90.4 0.01 3 23.8987 0.01
r 90.6 0.01 3 23.7498 0.01
r 90.8 0.01 3 23.6199 0.01
r 91 0.01 3 23.5125 0.01
r 91.2 0.01 3 23.3812 0.01
r 91.4 0.01 3 23.2501 0.01
r 91.6 0.01 3 23.1191 0.01
r 91.8 0.01 3 22.9883 0.01
r 92 0.01 3 22.8578 0.01
r 92.2 0.01 3 22.7271 0.01
r 92.4 0.01 3 22.5967 0.01
r 92.6 0.01 3 22.4672 0.01
r 92.8 0.01 3 22.3359 0.01
r 93 0.01 3 22.2372 0.01
r 93.2 0.01 3 22.1059 0.01
r 93.4 0.01 3 21.9755 0.01
r 93.6 0.01 3 21.8447 0.01
r 93.8 0.01 3 21.714 0.01
r 94 0.01 3 21.5834 0.01
r 94.2 0.01 3 21.4528 0.01
r 94.4 0.01 3 21.3224 0.01
r 94.6 0.01 3 21.192 0.01
r 94.8 0.01 3 21.0613 0.01
r 95 0.01 3 21.0257 0.01
r 95.2 0.01 3 20.8942 0.01
r 95.4 0.01 3 20.7616 0.01
r 95.6 0.01 3 20.6328 0.01
r 95.8 0.01 3 20.5021 0.01
r 96 0.01 3 20.3755 0.01
r 96.2 0.01 3 20.2403 0.01
r 96.4 0.01 3 20.1101 0.01
r 96.6 0.01 3 19.9797 0.01
r 96.8 0.01 3 19.849 0.01
r 97 0.01 3 19.7599 0.01
r 97.2 0.01 3 19.6464 0.01
r 97.4 0.01 3 19.5156 0.01
r 97.6 0.01 3 19.3849 0.01
r 97.8 0.01 3 19.2542 0.01
r 98 0.01 3 19.1236 0.01
r 98.2 0.01 3 18.9931 0.01
r 98.4 0.01 3 18.8626 0.01
r 98.6 0.01 3 18.7322 0.01
r 98.8 0.01 3 18.6019 0.01
r 99 0.01 3 18.5361 0.01
r 99.2 0.01 3 18.4055 0.01
r 99.4 0.01 3 18.2751 0.01
r 99.6 0.01 3 18.1446 0.01
r 99.8 0.01 3 18.0143 0.01
r 100 0.01 3 17.884 0.01
r 100.2 0.01 3 17.7571 0.01
r 100.4 0.01 3 17.6269 0.01
r 100.6 0.01 3 17.4967 0.01
r 100.8 0.01 3 17.3667 0.01
r 101 0.01 3 17.345 0.01
r 101.2 0.01 3 17.2142 0.01
r 101.4 0.01 3 17.0837 0.01
r 101.6 0.01 3 16.9532 0.01
r 101.8 0.01 3 16.8224 0.01
r 102 0.01 3 16.6815 0.01
r 102.2 0.01 3 16.5623 0.01
r 102.4 0.01 3 16.4311 0.01
r 102.6 0.01 3 16.2946 0.01
r 102.8 0.01 3 16.1714 0.01
r 103 0.01 3 16.0867 0.01
r 103.2 0.01 3 15.9266 0.01
r 103.4 0.01 3 15.8219 0.01
r 103.6 0.01 3 15.6954 0.01
r 103.8 0.01 3 15.5621 0.01
r 104 0.01 3 15.4325 0.01
r 104.2 0.01 3 15.3068 0.01
r 104.4 0.01 3 15.1765 0.01
r 104.6 0.01 3 15.0481 0.01
r 104.8 0.01 3 14.9179 0.01
r 105 0.01 3 14.8081 0.01
r 105.2 0.01 3 14.6909 0.01
r 105.4 0.01 3 14.5519 0.01
r 105.6 0.01 3 14.4666 0.01
r 105.8 0.01 3 14.3144 0.01
r 106 0.01 3 14.212 0.01
r 106.2 0.01 3 14.0405 0.01
r 106.4 0.01 3 13.9245 0.01
r 106.6 0.01 3 13.7822 0.01
r 106.8 0.01 3 13.6578 0.01
r 107 0.01 3 13.5704 0.01
r 107.2 0.01 3 13.3994 0.01
r 107.4 0.01 3 13.3137 0.01
r 107.6 0.01 3 13.2087 0.01
r 107.8 0.01 3 13.0825 0.01
r 108 0.01 3 12.8929 0.01
r 108.2 0.01 3 12.8308 0.01
r 108.4 0.01 3 12.7041 0.01
r 108.6 0.01 3 12.5789 0.01
r 108.8 0.01 3 12.4542 0.01
r 109 0.01 3 12.3271 0.01
r 109.2 0.01 3 12.2031 0.01
r 109.4 0.01 3 12.0627 0.01
r 109.6 0.01 3 11.9624 0.01
r 109.8 0.01 3 11.84 0.01
r 110 0.01 3 11.7078 0.01
r 110.2 0.01 3 11.5881 0.01
r 110.4 0.01 3 11.4677 0.01
r 110.6 0.01 3 11.3477 0.01
r 110.8 0.01 3 11.2407 0.01
r 111 0.01 3 11.1269 0.01
r 111.2 0.01 3 11.006 0.01
r 111.4 0.01 3 10.8788 0.01
r 111.6 0.01 3 10.7713 0.01
r 111.8 0.01 3 10.6596 0.01
r 112 0.01 3 10.5454 0.01
r 112.2 0.01 3 10.4389 0.01
r 112.4 0.01 3 10.3282 0.01
r 112.6 0.01 3 10.2329 0.01
r 112.8 0.01 3 10.1256 0.01
r 113 0.01 3 10.0131 0.01
r 113.2 0.01 3 9.91815 0.01
r 113.4 0.01 3 9.81566 0.01
r 113.6 0.01 3 9.70642 0.01
r 113.8 0.01 3 9.61636 0.01
r 114 0.01 3 9.51581 0.01
r 114.2 0.01 3 9.42697 0.01
r 114.4 0.01 3 9.33522 0.01
r 114.6 0.01 3 9.24109 0.01
r 114.8 0.01 3 9.15337 0.01
r 115 0.01 3 9.03325 0.01
r 115.2 0.01 3 8.97198 0.01
r 115.4 0.01 3 8.84194 0.01
r 115.6 0.01 3 8.71405 0.01
r 115.8 0.01 3 8.67724 0.01
r 116 0.01 3 8.56707 0.01
r 116.2 0.01 3 8.45805 0.01
r 116.4 0.01 3 8.34897 0.01
r 116.6 0.01 3 8.27233 0.01
r 116.8 0.01 3 8.15752 0.01
r 117 0.01 3 8.07198 0.01
r 117.2 0.01 3 7.99406 0.01
r 117.4 0.01 3 7.92484 0.01
r 117.6 0.01 3 7.85315 0.01
r 117.8 0.01 3 7.79043 0.01
r 118 0.01 3 7.73423 0.01
r 118.2 0.01 3 7.68511 0.01
r 118.4 0.01 3 7.61515 0.01
r 118.6 0.01 3 7.5988 0.01
r 118.8 0.01 3 7.50587 0.01
r 119 0.01 3 7.21005 0.01
r 119.2 0.01 3 7.13797 0.01
r 119.4 0.01 3 7.066 0.01
r 119.6 0.01 3 6.99681 0.01
r 119.8 0.01 3 6.92779 0.01
r 120 0.01 3 6.864 0.01
r 120.2 0.01 3 6.80009 0.01
r 120.4 0.01 3 6.73812 0.01
r 120.6 0.01 3 6.67818 0.01
r 120.8 0.01 3 6.62167 0.01
r 121 0.01 3 6.56504 0.01
r 121.2 0.01 3 6.50786 0.01
r 121.4 0.01 3 6.45675 0.01
r 121.6 0.01 3 6.40851 0.01
r 121.8 0.01 3 6.36214 0.01
r 122 0.01 3 6.31883 0.01
r 122.2 0.01 3 6.27792 0.01
r 122.4 0.01 3 6.23998 0.01
r 122.6 0.01 3 6.20432 0.01
r 122.8 0.01 3 6.1713 0.01
r 123 0.01 3 6.14029 0.01
r 123.2 0.01 3 6.11297 0.01
r 123.4 0.01 3 6.08773 0.01
r 123.6 0.01 3 6.07304 0.01
r 123.8 0.01 3 6.05021 0.01
r 124 0.01 3 6.03174 0.01
r 124.2 0.01 3 6.01762 0.01
r 124.4 0.01 3 6.0083 0.01
r 124.6 0.01 3 6.004 0.01
r 124.8 0.01 3 6.0027 0.01
r 125 0.01 3 5.99533 0.01
r 125.2 0.01 3 5.99555 0.01
r 125.4 0.01 3 5.99947 0.01
r 125.6 0.01 3 6.00677 0.01
r 125.8 0.01 3 6.01711 0.01
r 126 0.01 3 6.03039 0.01
r 126.2 0.01 3 6.04653 0.01
r 126.4 0.01 3 6.06576 0.01
r 126.6 0.01 3 6.0934 0.01
r 126.8 0.01 3 6.11382 0.01
r 127 0.01 3 6.14038 0.01
r 127.2 0.01 3 6.17081 0.01
r 127.4 0.01 3 6.20387 0.01
r 127.6 0.01 3 6.2393 0.01
r 127.8 0.01 3 6.27762 0.01
r 128 0.01 3 6.3187 0.01
r 128.2 0.01 3 6.36192 0.01
r 128.4 0.01 3 6.40835 0.01
r 128.6 0.01 3 6.45623 0.01
r 128.8 0.01 3 6.50863 0.01
r 129 0.01 3 6.5615 0.01
r 129.2 0.01 3 6.61963 0.01
r 129.4 0.01 3 6.67627 0.01
r 129.6 0.01 3 6.73499 0.01
r 129.8 0.01 3 6.79549 0.01
r 130 0.01 3 6.85899 0.01
r 130.2 0.01 3 6.92479 0.01
r 130.4 0.01 3 6.99397 0.01
r 130.6 0.01 3 7.06191 0.01
r 130.8 0.01 3 7.13496 0.01
r 131 0.01 3 7.21168 0.01
r 131.2 0.01 3 7.28651 0.01
r 131.4 0.01 3 7.36483 0.01
r 131.6 0.01 3 7.44235 0.01
r 131.8 0.01 3 7.52109 0.01
r 132 0.01 3 7.60611 0.01
r 132.2 0.01 3 7.68562 0.01
r 132.4 0.01 3 7.77307 0.01
r 132.6 0.01 3 7.86036 0.01
r 132.8 0.01 3 7.94718 0.01
r 133 0.01 3 8.65725 0.01
r 133.2 0.01 3 8.12375 0.01
r 133.4 0.01 3 8.71811 0.01
r 133.6 0.01 3 8.31854 0.01
r 133.8 0.01 3 8.81863 0.01
r 134 0.01 3 8.8331 0.01
r 134.2 0.01 3 8.85012 0.01
r 134.4 0.01 3 8.91493 0.01
r 134.6 0.01 3 8.97862 0.01
r 134.8 0.01 3 9.12553 0.01
r 135 0.01 3 9.24733 0.01
r 135.2 0.01 3 9.20437 0.01
r 135.4 0.01 3 9.33877 0.01
r 135.6 0.01 3 9.48819 0.01
r 135.8 0.01 3 9.55886 0.01
r 136 0.01 3 9.64605 0.01
r 136.2 0.01 3 9.72062 0.01
r 136.4 0.01 3 9.81612 0.01
r 136.6 0.01 3 10.0772 0.01
r 136.8 0.01 3 10.1327 0.01
r 137 0.01 3 10.2265 0.01
r 137.2 0.01 3 10.2851 0.01
r 137.4 0.01 3 10.4237 0.01
r 137.6 0.01 3 10.5077 0.01
r 137.8 0.01 3 10.6005 0.01
r 138 0.01 3 10.6921 0.01
r 138.2 0.01 3 10.7787 0.01
r 138.4 0.01 3 10.882 0.01
r 138.6 0.01 3 10.9861 0.01
r 138.8 0.01 3 11.0856 0.01
r 139 0.01 3 11.1811 0.01
r 139.2 0.01 3 11.2908 0.01
r 139.4 0.01 3 11.3918 0.01
r 139.6 0.01 3 11.5196 0.01
r 139.8 0.01 3 11.615 0.01
r 140 0.01 3 11.711 0.01
r 140.2 0.01 3 11.8357 0.01
r 140.4 0.01 3 11.9512 0.01
r 140.6 0.01 3 12.0681 0.01
r 140.8 0.01 3 12.1579 0.01
r 141 0.01 3 12.2828 0.01
r 141.2 0.01 3 12.4075 0.01
r 141.4 0.01 3 12.5192 0.01
r 141.6 0.01 3 12.6296 0.01
r 141.8 0.01 3 12.749 0.01
r 142 0.01 3 12.8747 0.01
r 142.2 0.01 3 12.9809 0.01
r 142.4 0.01 3 13.113 0.01
r 142.6 0.01 3 13.2289 0.01
r 142.8 0.01 3 13.3673 0.01
r 143 0.01 3 13.4829 0.01
r 143.2 0.01 3 13.6184 0.01
r 143.4 0.01 3 13.703 0.01
r 143.6 0.01 3 13.8175 0.01
r 143.8 0.01 3 13.9927 0.01
r 144 0.01 3 14.1199 0.01
r 144.2 0.01 3 14.1985 0.01
r 144.4 0.01 3 14.3476 0.01
r 144.6 0.01 3 14.42 0.01
r 144.8 0.01 3 14.5711 0.01
r 145 0.01 3 14.6829 0.01
r 145.2 0.01 3 14.7946 0.01
r 145.4 0.01 3 14.9104 0.01
r 145.6 0.01 3 15.0383 0.01
r 145.8 0.01 3 15.1755 0.01
r 146 0.01 3 15.361 0.01
r 146.2 0.01 3 15.484 0.01
r 146.4 0.01 3 15.6038 0.01
r 146.6 0.01 3 15.685 0.01
r 146.8 0.01 3 15.8222 0.01
r 147 0.01 3 15.9324 0.01
r 147.2 0.01 3 16.0728 0.01
r 147.4 0.01 3 16.2155 0.01
r 147.6 0.01 3 16.3465 0.01
r 147.8 0.01 3 16.4657 0.01
r 148 0.01 3 16.5447 0.01
r 148.2 0.01 3 16.7949 0.01
r 148.4 0.01 3 16.9249 0.01
r 148.6 0.01 3 17.055 0.01
r 148.8 0.01 3 17.1853 0.01
r 149 0.01 3 17.2448 0.01
r 149.2 0.01 3 17.3752 0.01
r 149.4 0.01 3 17.473 0.01
r 149.6 0.01 3 17.6094 0.01
r 149.8 0.01 3 17.7431 0.01
r 150 0.01 3 17.8718 0.01
r 150.2 0.01 3 18.0027 0.01
r 150.4 0.01 3 18.1329 0.01
r 150.6 0.01 3 18.2609 0.01
r 150.8 0.01 3 18.3921 0.01
r 151 0.01 3 18.4374 0.01
r 151.2 0.01 3 18.5666 0.01
r 151.4 0.01 3 18.6971 0.01
r 151.6 0.01 3 18.8274 0.01
r 151.8 0.01 3 18.9579 0.01
r 152 0.01 3 19.0881 0.01
r 152.2 0.01 3 19.2182 0.01
r 152.4 0.01 3 19.3488 0.01
r 152.6 0.01 3 19.4796 0.01
r 152.8 0.01 3 19.6102 0.01
r 153 0.01 3 19.6578 0.01
r 153.2 0.01 3 19.7884 0.01
r 153.4 0.01 3 19.9181 0.01
r 153.6 0.01 3 20.048 0.01
r 153.8 0.01 3 20.1787 0.01
r 154 0.01 3 20.3086 0.01
r 154.2 0.01 3 20.4394 0.01
r 154.4 0.01 3 20.5696 0.01
r 154.6 0.01 3 20.7001 0.01
r 154.8 0.01 3 20.831 0.01
r 155 0.01 3 20.9248 0.01
r 155.2 0.01 3 21.0559 0.01
r 155.4 0.01 3 21.1853 0.01
r 155.6 0.01 3 21.314 0.01
r 155.8 0.01 3 21.444 0.01
r 156 0.01 3 21.576 0.01
r 156.2 0.01 3 21.7048 0.01
r 156.4 0.01 3 21.834 0.01
r 156.6 0.01 3 21.9661 0.01
r 156.8 0.01 3 22.0989 0.01
r 157 0.01 3 22.1815 0.01
r 157.2 0.01 3 22.3117 0.01
r 157.4 0.01 3 22.4419 0.01
r 157.6 0.01 3 22.5723 0.01
r 157.8 0.01 3 22.7027 0.01
r 158 0.01 3 22.8332 0.01
r 158.2 0.01 3 22.9638 0.01
r 158.4 0.01 3 23.0945 0.01
r 158.6 0.01 3 23.2253 0.01
r 158.8 0.01 3 23.3562 0.01
r 159 0.01 3 23.46 0.01
r 159.2 0.01 3 23.5902 0.01
r 159.4 0.01 3 23.7204 0.01
r 159.6 0.01 3 23.8505 0.01
r 159.8 0.01 3 23.9811 0.01
r 160 0.01 3 24.1116 0.01
r 160.2 0.01 3 24.2422 0.01
r 160.4 0.01 3 24.3729 0.01
r 160.6 0.01 3 24.5036 0.01
r 160.8 0.01 3 24.6346 0.01
r 161 0.01 3 24.7533 0.01
r 161.2 0.01 3 24.8799 0.01
r 161.4 0.01 3 25.0101 0.01
r 161.6 0.01 3 25.1404 0.01
r 161.8 0.01 3 25.2708 0.01
r 162 0.01 3 25.4016 0.01
r 162.2 0.01 3 25.532 0.01
r 162.4 0.01 3 25.6629 0.01
r 162.6 0.01 3 25.7935 0.01
r 162.8 0.01 3 25.9245 0.01
r 163 0.01 3 26.0407 0.01
r 163.2 0.01 3 26.1707 0.01
r 163.4 0.01 3 26.3008 0.01
r 163.6 0.01 3 26.4309 0.01
r 163.8 0.01 3 26.5612 0.01
r 164 0.01 3 26.692 0.01
r 164.2 0.01 3 26.8221 0.01
r 164.4 0.01 3 26.9508 0.01
r 164.6 0.01 3 27.0851 0.01
r 164.8 0.01 3 27.2161 0.01
r 165 0.01 3 27.3324 0.01
s 135 3 602
r 115 0.01 2 13.4816 0.01
r 115.2 0.01 2 13.3497 0.01
r 115.4 0.01 2 13.2179 0.01
r 115.6 0.01 2 13.0862 0.01
r 115.8 0.01 2 12.9544 0.01
r 116 0.01 2 12.8228 0.01
r 116.2 0.01 2 12.6911 0.01
r 116.4 0.01 2 12.5594 0.01
r 116.6 0.01 2 12.4277 0.01
r 116.8 0.01 2 12.296 0.01
r 117 0.01 2 12.1644 0.01
r 117.2 0.01 2 12.033 0.01
r 117.4 0.01 2 11.9015 0.01
r 117.6 0.01 2 11.7701 0.01
r 117.8 0.01 2 11.6387 0.01
r 118 0.01 2 11.5074 0.01
r 118.2 0.01 2 11.3762 0.01
r 118.4 0.01 2 11.2452 0.01
r 118.6 0.01 2 11.1138 0.01
r 118.8 0.01 2 10.9825 0.01
r 119 0.01 2 10.8513 0.01
r 119.2 0.01 2 10.7203 0.01
r 119.4 0.01 2 10.5894 0.01
r 119.6 0.01 2 10.4585 0.01
r 119.8 0.01 2 10.3276 0.01
r 120 0.01 2 10.1968 0.01
r 120.2 0.01 2 10.0662 0.01
r 120.4 0.01 2 9.93556 0.01
r 120.6 0.01 2 9.80501 0.01
r 120.8 0.01 2 9.67437 0.01
r 121 0.01 2 9.54399 0.01
r 121.2 0.01 2 9.41368 0.01
r 121.4 0.01 2 9.28346 0.01
r 121.6 0.01 2 9.15331 0.01
r 121.8 0.01 2 9.02326 0.01
r 122 0.01 2 8.89327 0.01
r 122.2 0.01 2 8.76335 0.01
r 122.4 0.01 2 8.63394 0.01
r 122.6 0.01 2 8.50421 0.01
r 122.8 0.01 2 8.37441 0.01
r 123 0.01 2 8.24487 0.01
r 123.2 0.01 2 8.11546 0.01
r 123.4 0.01 2 7.98621 0.01
r 123.6 0.01 2 7.85712 0.01
r 123.8 0.01 2 7.72821 0.01
r 124 0.01 2 7.6006 0.01
r 124.2 0.01 2 7.47171 0.01
r 124.4 0.01 2 7.34314 0.01
r 124.6 0.01 2 7.21465 0.01
r 124.8 0.01 2 7.08628 0.01
r 125 0.01 2 6.95892 0.01
r 125.2 0.01 2 6.83098 0.01
r 125.4 0.01 2 6.70345 0.01
r 125.6 0.01 2 6.57641 0.01
r 125.8 0.01 2 6.45 0.01
r 126 0.01 2 6.32253 0.01
r 126.2 0.01 2 6.19628 0.01
r 126.4 0.01 2 6.07035 0.01
r 126.6 0.01 2 5.94425 0.01
r 126.8 0.01 2 5.8188 0.01
r 127 0.01 2 5.69376 0.01
r 127.2 0.01 2 5.56904 0.01
r 127.4 0.01 2 5.44483 0.01
r 127.6 0.01 2 5.32091 0.01
r 127.8 0.01 2 5.19764 0.01
r 128 0.01 2 5.07467 0.01
r 128.2 0.01 2 4.95239 0.01
r 128.4 0.01 2 4.83066 0.01
r 128.6 0.01 2 4.70959 0.01
r 128.8 0.01 2 4.58926 0.01
r 129 0.01 2 4.46935 0.01
r 129.2 0.01 2 4.35031 0.01
r 129.4 0.01 2 4.23252 0.01
r 129.6 0.01 2 4.11516 0.01
r 129.8 0.01 2 3.99923 0.01
r 130 0.01 2 3.88422 0.01
r 130.2 0.01 2 3.77099 0.01
r 130.4 0.01 2 3.65948 0.01
r 130.6 0.01 2 3.54679 0.01
r 130.8 0.01 2 3.43726 0.01
r 131 0.01 2 3.33075 0.01
r 131.2 0.01 2 3.22463 0.01
r 131.4 0.01 2 3.12068 0.01
r 131.6 0.01 2 3.01924 0.01
r 131.8 0.01 2 2.92058 0.01
r 132 0.01 2 2.82441 0.01
r 132.2 0.01 2 2.73165 0.01
r 132.4 0.01 2 2.6423 0.01
r 132.6 0.01 2 2.55693 0.01
r 132.8 0.01 2 2.47558 0.01
r 133 0.01 2 2.39939 0.01
r 133.2 0.01 2 2.32803 0.01
r 133.4 0.01 2 2.26214 0.01
r 133.6 0.01 2 2.20212 0.01
r 133.8 0.01 2 2.14849 0.01
r 134 0.01 2 2.10298 0.01
r 134.2 0.01 2 2.06502 0.01
r 134.4 0.01 2 2.03526 0.01
r 134.6 0.01 2 2.01401 0.01
r 134.8 0.01 2 2.00067 0.01
r 135 0.01 2 1.99585 0.01
r 135.2 0.01 2 2.00029 0.01
r 135.4 0.01 2 2.01273 0.01
r 135.6 0.01 2 2.03335 0.01
r 135.8 0.01 2 2.06357 0.01
r 136 0.01 2 2.10201 0.01
r 136.2 0.01 2 2.14797 0.01
r 136.4 0.01 2 2.20112 0.01
r 136.6 0.01 2 2.26094 0.01
r 136.8 0.01 2 2.32714 0.01
r 137 0.01 2 2.39845 0.01
r 137.2 0.01 2 2.47517 0.01
r 137.4 0.01 2 2.55648 0.01
r 137.6 0.01 2 2.6418 0.01
r 137.8 0.01 2 2.73119 0.01
r 138 0.01 2 2.82398 0.01
r 138.2 0.01 2 2.91987 0.01
r 138.4 0.01 2 3.01891 0.01
r 138.6 0.01 2 3.12036 0.01
r 138.8 0.01 2 3.224 0.01
r 139 0.01 2 3.32962 0.01
r 139.2 0.01 2 3.43737 0.01
r 139.4 0.01 2 3.54681 0.01
r 139.6 0.01 2 3.65775 0.01
r 139.8 0.01 2 3.77017 0.01
r 140 0.01 2 3.88398 0.01
r 140.2 0.01 2 3.99897 0.01
r 140.4 0.01 2 4.11513 0.01
r 140.6 0.01 2 4.23229 0.01
r 140.8 0.01 2 4.3504 0.01
r 141 0.01 2 4.47142 0.01
r 141.2 0.01 2 4.58922 0.01
r 141.4 0.01 2 4.70967 0.01
r 141.6 0.01 2 4.83193 0.01
r 141.8 0.01 2 4.9528 0.01
r 142 0.01 2 5.07469 0.01
r 142.2 0.01 2 5.19757 0.01
r 142.4 0.01 2 5.32102 0.01
r 142.6 0.01 2 5.44489 0.01
r 142.8 0.01 2 5.56953 0.01
r 143 0.01 2 5.69507 0.01
r 143.2 0.01 2 5.81969 0.01
r 143.4 0.01 2 5.94489 0.01
r 143.6 0.01 2 6.07049 0.01
r 143.8 0.01 2 6.19624 0.01
r 144 0.01 2 6.32254 0.01
r 144.2 0.01 2 6.44921 0.01
r 144.4 0.01 2 6.57616 0.01
r 144.6 0.01 2 6.70335 0.01
r 144.8 0.01 2 6.83081 0.01
r 145 0.01 2 6.95835 0.01
r 145.2 0.01 2 7.08625 0.01
r 145.4 0.01 2 7.21422 0.01
r 145.6 0.01 2 7.34265 0.01
r 145.8 0.01 2 7.47087 0.01
r 146 0.01 2 7.59946 0.01
r 146.2 0.01 2 7.72819 0.01
r 146.4 0.01 2 7.85709 0.01
r 146.6 0.01 2 7.98614 0.01
r 146.8 0.01 2 8.11531 0.01
r 147 0.01 2 8.24468 0.01
r 147.2 0.01 2 8.37407 0.01
r 147.4 0.01 2 8.50363 0.01
r 147.6 0.01 2 8.6333 0.01
r 147.8 0.01 2 8.76309 0.01
r 148 0.01 2 8.8936 0.01
r 148.2 0.01 2 9.02376 0.01
r 148.4 0.01 2 9.1535 0.01
r 148.6 0.01 2 9.28346 0.01
r 148.8 0.01 2 9.41361 0.01
r 149 0.01 2 9.54385 0.01
r 149.2 0.01 2 9.67431 0.01
r 149.4 0.01 2 9.80491 0.01
r 149.6 0.01 2 9.93554 0.01
r 149.8 0.01 2 10.0663 0.01
r 150 0.01 2 10.197 0.01
r 150.2 0.01 2 10.3276 0.01
r 150.4 0.01 2 10.4584 0.01
r 150.6 0.01 2 10.5893 0.01
r 150.8 0.01 2 10.7203 0.01
r 151 0.01 2 10.8514 0.01
r 151.2 0.01 2 10.9824 0.01
r 151.4 0.01 2 11.1136 0.01
r 151.6 0.01 2 11.2449 0.01
r 151.8 0.01 2 11.3764 0.01
r 152 0.01 2 11.5076 0.01
r 152.2 0.01 2 11.6388 0.01
r 152.4 0.01 2 11.7701 0.01
r 152.6 0.01 2 11.9015 0.01
r 152.8 0.01 2 12.0329 0.01
r 153 0.01 2 12.1645 0.01
r 153.2 0.01 2 12.296 0.01
r 153.4 0.01 2 12.4276 0.01
r 153.6 0.01 2 12.5593 0.01
r 153.8 0.01 2 12.6914 0.01
r 154 0.01 2 12.8229 0.01
r 154.2 0.01 2 12.9545 0.01
r 154.4 0.01 2 13.0862 0.01
r 154.6 0.01 2 13.2179 0.01
r 154.8 0.01 2 13.3497 0.01
r 155 0.01 2 13.4815 0.01
r 95 0.01 3 27.345 0.01
r 95.2 0.01 3 27.2141 0.01
r 95.4 0.01 3 27.0833 0.01
r 95.6 0.01 3 26.9525 0.01
r 95.8 0.01 3 26.823 0.01
r 96 0.01 3 26.6925 0.01
r 96.2 0.01 3 26.562 0.01
r 96.4 0.01 3 26.4319 0.01
r 96.6 0.01 3 26.3019 0.01
r 96.8 0.01 3 26.1717 0.01
r 97 0.01 3 26.0625 0.01
r 97.2 0.01 3 25.9317 0.01
r 97.4 0.01 3 25.801 0.01
r 97.6 0.01 3 25.6703 0.01
r 97.8 0.01 3 25.5397 0.01
r 98 0.01 3 25.4092 0.01
r 98.2 0.01 3 25.2788 0.01
r 98.4 0.01 3 25.1484 0.01
r 98.6 0.01 3 25.0181 0.01
r 98.8 0.01 3 24.8878 0.01
r 99 0.01 3 24.7953 0.01
r 99.2 0.01 3 24.6642 0.01
r 99.4 0.01 3 24.5528 0.01
r 99.6 0.01 3 24.4216 0.01
r 99.8 0.01 3 24.2723 0.01
r 100 0.01 3 24.1416 0.01
r 100.2 0.01 3 24.0109 0.01
r 100.4 0.01 3 23.8987 0.01
r 100.6 0.01 3 23.7498 0.01
r 100.8 0.01 3 23.6199 0.01
r 101 0.01 3 23.5125 0.01
r 101.2 0.01 3 23.3812 0.01
r 101.4 0.01 3 23.2501 0.01
r 101.6 0.01 3 23.1191 0.01
r 101.8 0.01 3 22.9883 0.01
r 102 0.01 3 22.8578 0.01
r 102.2 0.01 3 22.7271 0.01
r 102.4 0.01 3 22.5967 0.01
r 102.6 0.01 3 22.4672 0.01
r 102.8 0.01 3 22.3359 0.01
r 103 0.01 3 22.2372 0.01
r 103.2 0.01 3 22.1059 0.01
r 103.4 0.01 3 21.9755 0.01
r 103.6 0.01 3 21.8447 0.01
r 103.8 0.01 3 21.714 0.01
r 104 0.01 3 21.5834 0.01
r 104.2 0.01 3 21.4528 0.01
r 104.4 0.01 3 21.3224 0.01
r 104.6 0.01 3 21.192 0.01
r 104.8 0.01 3 21.0613 0.01
r 105 0.01 3 21.0257 0.01
r 105.2 0.01 3 20.8942 0.01
r 105.4 0.01 3 20.7616 0.01
r 105.6 0.01 3 20.6328 0.01
r 105.8 0.01 3 20.5016 0.01
r 106 0.01 3 20.3755 0.01
r 106.2 0.01 3 20.2407 0.01
r 106.4 0.01 3 20.1101 0.01
r 106.6 0.01 3 19.9798 0.01
r 106.8 0.01 3 19.8487 0.01
r 107 0.01 3 19.7597 0.01
r 107.2 0.01 3 19.6328 0.01
r 107.4 0.01 3 19.5156 0.01
r 107.6 0.01 3 19.3849 0.01
r 107.8 0.01 3 19.2542 0.01
r 108 0.01 3 19.1236 0.01
r 108.2 0.01 3 18.9931 0.01
r 108.4 0.01 3 18.8626 0.01
r 108.6 0.01 3 18.7322 0.01
r 108.8 0.01 3 18.6019 0.01
r 109 0.01 3 18.5361 0.01
r 109.2 0.01 3 18.4055 0.01
r 109.4 0.01 3 18.2751 0.01
r 109.6 0.01 3 18.1446 0.01
r 109.8 0.01 3 18.0143 0.01
r 110 0.01 3 17.884 0.01
r 110.2 0.01 3 17.7571 0.01
r 110.4 0.01 3 17.6269 0.01
r 110.6 0.01 3 17.4967 0.01
r 110.8 0.01 3 17.3667 0.01
r 111 0.01 3 17.345 0.01
r 111.2 0.01 3 17.2142 0.01
r 111.4 0.01 3 17.0837 0.01
r 111.6 0.01 3 16.9532 0.01
r 111.8 0.01 3 16.8224 0.01
r 112 0.01 3 16.6815 0.01
r 112.2 0.01 3 16.5623 0.01
r 112.4 0.01 3 16.4311 0.01
r 112.6 0.01 3 16.2946 0.01
r 112.8 0.01 3 16.1726 0.01
r 113 0.01 3 16.0867 0.01
r 113.2 0.01 3 15.9271 0.01
r 113.4 0.01 3 15.8219 0.01
r 113.6 0.01 3 15.6954 0.01
r 113.8 0.01 3 15.5621 0.01
r 114 0.01 3 15.4325 0.01
r 114.2 0.01 3 15.3068 0.01
r 114.4 0.01 3 15.1765 0.01
r 114.6 0.01 3 15.0481 0.01
r 114.8 0.01 3 14.9201 0.01
r 115 0.01 3 14.8081 0.01
r 115.2 0.01 3 14.6909 0.01
r 115.4 0.01 3 14.5519 0.01
r 115.6 0.01 3 14.4215 0.01
r 115.8 0.01 3 14.3144 0.01
r 116 0.01 3 14.212 0.01
r 116.2 0.01 3 14.0503 0.01
r 116.4 0.01 3 13.9245 0.01
r 116.6 0.01 3 13.7822 0.01
r 116.8 0.01 3 13.6581 0.01
r 117 0.01 3 13.5704 0.01
r 117.2 0.01 3 13.399 0.01
r 117.4 0.01 3 13.3137 0.01
r 117.6 0.01 3 13.2087 0.01
r 117.8 0.01 3 13.0825 0.01
r 118 0.01 3 12.8929 0.01
r 118.2 0.01 3 12.8308 0.01
r 118.4 0.01 3 12.7041 0.01
r 118.6 0.01 3 12.5789 0.01
r 118.8 0.01 3 12.4542 0.01
r 119 0.01 3 12.3384 0.01
r 119.2 0.01 3 12.2144 0.01
r 119.4 0.01 3 12.0627 0.01
r 119.6 0.01 3 11.9576 0.01
r 119.8 0.01 3 11.84 0.01
r 120 0.01 3 11.7078 0.01
r 120.2 0.01 3 11.5881 0.01
r 120.4 0.01 3 11.4677 0.01
r 120.6 0.01 3 11.3477 0.01
r 120.8 0.01 3 11.2407 0.01
r 121 0.01 3 11.1269 0.01
r 121.2 0.01 3 11.006 0.01
r 121.4 0.01 3 10.8784 0.01
r 121.6 0.01 3 10.792 0.01
r 121.8 0.01 3 10.6596 0.01
r 122 0.01 3 10.5454 0.01
r 122.2 0.01 3 10.4389 0.01
r 122.4 0.01 3 10.3282 0.01
r 122.6 0.01 3 10.2328 0.01
r 122.8 0.01 3 10.1256 0.01
r 123 0.01 3 10.0131 0.01
r 123.2 0.01 3 9.91819 0.01
r 123.4 0.01 3 9.81566 0.01
r 123.6 0.01 3 9.70643 0.01
r 123.8 0.01 3 9.61636 0.01
r 124 0.01 3 9.51581 0.01
r 124.2 0.01 3 9.42697 0.01
r 124.4 0.01 3 9.33522 0.01
r 124.6 0.01 3 9.24109 0.01
r 124.8 0.01 3 9.15337 0.01
r 125 0.01 3 9.03325 0.01
r 125.2 0.01 3 8.97198 0.01
r 125.4 0.01 3 8.84194 0.01
r 125.6 0.01 3 8.71684 0.01
r 125.8 0.01 3 8.63237 0.01
r 126 0.01 3 8.56702 0.01
r 126.2 0.01 3 8.45752 0.01
r 126.4 0.01 3 8.35129 0.01
r 126.6 0.01 3 8.26816 0.01
r 126.8 0.01 3 8.19083 0.01
r 127 0.01 3 8.07198 0.01
r 127.2 0.01 3 7.99393 0.01
r 127.4 0.01 3 7.92419 0.01
r 127.6 0.01 3 7.85323 0.01
r 127.8 0.01 3 7.80182 0.01
r 128 0.01 3 7.73519 0.01
r 128.2 0.01 3 7.68511 0.01
r 128.4 0.01 3 7.61121 0.01
r 128.6 0.01 3 7.5988 0.01
r 128.8 0.01 3 7.28332 0.01
r 129 0.01 3 7.2084 0.01
r 129.2 0.01 3 7.13682 0.01
r 129.4 0.01 3 7.06497 0.01
r 129.6 0.01 3 6.99533 0.01
r 129.8 0.01 3 6.92762 0.01
r 130 0.01 3 6.86403 0.01
r 130.2 0.01 3 6.79869 0.01
r 130.4 0.01 3 6.73797 0.01
r 130.6 0.01 3 6.67776 0.01
r 130.8 0.01 3 6.6215 0.01
r 131 0.01 3 6.56504 0.01
r 131.2 0.01 3 6.50786 0.01
r 131.4 0.01 3 6.45675 0.01
r 131.6 0.01 3 6.40851 0.01
r 131.8 0.01 3 6.36215 0.01
r 132 0.01 3 6.31884 0.01
r 132.2 0.01 3 6.27792 0.01
r 132.4 0.01 3 6.23998 0.01
r 132.6 0.01 3 6.20432 0.01
r 132.8 0.01 3 6.17129 0.01
r 133 0.01 3 6.14029 0.01
r 133.2 0.01 3 6.11297 0.01
r 133.4 0.01 3 6.08773 0.01
r 133.6 0.01 3 6.07304 0.01
r 133.8 0.01 3 6.05021 0.01
r 134 0.01 3 6.03174 0.01
r 134.2 0.01 3 6.01762 0.01
r 134.4 0.01 3 6.0083 0.01
r 134.6 0.01 3 6.004 0.01
r 134.8 0.01 3 6.0027 0.01
r 135 0.01 3 5.99533 0.01
r 135.2 0.01 3 5.99555 0.01
r 135.4 0.01 3 5.99947 0.01
r 135.6 0.01 3 6.00677 0.01
r 135.8 0.01 3 6.01711 0.01
r 136 0.01 3 6.03039 0.01
r 136.2 0.01 3 6.04653 0.01
r 136.4 0.01 3 6.06576 0.01
r 136.6 0.01 3 6.0934 0.01
r 136.8 0.01 3 6.11382 0.01
r 137 0.01 3 6.14038 0.01
r 137.2 0.01 3 6.17081 0.01
r 137.4 0.01 3 6.20387 0.01
r 137.6 0.01 3 6.2393 0.01
r 137.8 0.01 3 6.27762 0.01
r 138 0.01 3 6.3187 0.01
r 138.2 0.01 3 6.36192 0.01
r 138.4 0.01 3 6.40835 0.01
r 138.6 0.01 3 6.45623 0.01
r 138.8 0.01 3 6.50863 0.01
r 139 0.01 3 6.5615 0.01
r 139.2 0.01 3 6.61957 0.01
r 139.4 0.01 3 6.67628 0.01
r 139.6 0.01 3 6.73497 0.01
r 139.8 0.01 3 6.79548 0.01
r 140 0.01 3 6.85905 0.01
r 140.2 0.01 3 6.92562 0.01
r 140.4 0.01 3 6.99406 0.01
r 140.6 0.01 3 7.06189 0.01
r 140.8 0.01 3 7.1349 0.01
r 141 0.01 3 7.21181 0.01
r 141.2 0.01 3 7.28619 0.01
r 141.4 0.01 3 7.36314 0.01
r 141.6 0.01 3 7.44266 0.01
r 141.8 0.01 3 7.52127 0.01
r 142 0.01 3 7.60513 0.01
r 142.2 0.01 3 7.69502 0.01
r 142.4 0.01 3 7.76564 0.01
r 142.6 0.01 3 7.86217 0.01
r 142.8 0.01 3 8.59433 0.01
r 143 0.01 3 8.65725 0.01
r 143.2 0.01 3 8.12361 0.01
r 143.4 0.01 3 8.71809 0.01
r 143.6 0.01 3 8.75611 0.01
r 143.8 0.01 3 8.81863 0.01
r 144 0.01 3 8.83309 0.01
r 144.2 0.01 3 8.91929 0.01
r 144.4 0.01 3 8.91288 0.01
r 144.6 0.01 3 8.9876 0.01
r 144.8 0.01 3 9.14103 0.01
r 145 0.01 3 9.24223 0.01
r 145.2 0.01 3 9.22588 0.01
r 145.4 0.01 3 9.39224 0.01
r 145.6 0.01 3 9.48096 0.01
r 145.8 0.01 3 9.59867 0.01
r 146 0.01 3 9.6355 0.01
r 146.2 0.01 3 9.71819 0.01
r 146.4 0.01 3 9.83785 0.01
r 146.6 0.01 3 10.0772 0.01
r 146.8 0.01 3 10.1327 0.01
r 147 0.01 3 10.2265 0.01
r 147.2 0.01 3 10.285 0.01
r 147.4 0.01 3 10.4237 0.01
r 147.6 0.01 3 10.5077 0.01
r 147.8 0.01 3 10.6005 0.01
r 148 0.01 3 10.6921 0.01
r 148.2 0.01 3 10.7724 0.01
r 148.4 0.01 3 10.882 0.01
r 148.6 0.01 3 10.9861 0.01
r 148.8 0.01 3 11.0856 0.01
r 149 0.01 3 11.1811 0.01
r 149.2 0.01 3 11.2908 0.01
r 149.4 0.01 3 11.3918 0.01
r 149.6 0.01 3 11.5196 0.01
r 149.8 0.01 3 11.615 0.01
r 150 0.01 3 11.7193 0.01
r 150.2 0.01 3 11.8357 0.01
r 150.4 0.01 3 11.9512 0.01
r 150.6 0.01 3 12.0681 0.01
r 150.8 0.01 3 12.1567 0.01
r 151 0.01 3 12.2828 0.01
r 151.2 0.01 3 12.4075 0.01
r 151.4 0.01 3 12.5392 0.01
r 151.6 0.01 3 12.6296 0.01
r 151.8 0.01 3 12.749 0.01
r 152 0.01 3 12.8747 0.01
r 152.2 0.01 3 12.9809 0.01
r 152.4 0.01 3 13.113 0.01
r 152.6 0.01 3 13.2488 0.01
r 152.8 0.01 3 13.3527 0.01
r 153 0.01 3 13.4829 0.01
r 153.2 0.01 3 13.6184 0.01
r 153.4 0.01 3 13.7004 0.01
r 153.6 0.01 3 13.7991 0.01
r 153.8 0.01 3 13.9927 0.01
r 154 0.01 3 14.1199 0.01
r 154.2 0.01 3 14.1801 0.01
r 154.4 0.01 3 14.3477 0.01
r 154.6 0.01 3 14.4397 0.01
r 154.8 0.01 3 14.5449 0.01
r 155 0.01 3 14.6829 0.01
r 155.2 0.01 3 14.7938 0.01
r 155.4 0.01 3 14.9123 0.01
r 155.6 0.01 3 15.0384 0.01
r 155.8 0.01 3 15.1761 0.01
r 156 0.01 3 15.361 0.01
r 156.2 0.01 3 15.484 0.01
r 156.4 0.01 3 15.6038 0.01
r 156.6 0.01 3 15.7289 0.01
r 156.8 0.01 3 15.8222 0.01
r 157 0.01 3 15.9487 0.01
r 157.2 0.01 3 16.0728 0.01
r 157.4 0.01 3 16.2009 0.01
r 157.6 0.01 3 16.3465 0.01
r 157.8 0.01 3 16.4657 0.01
r 158 0.01 3 16.5472 0.01
r 158.2 0.01 3 16.7949 0.01
r 158.4 0.01 3 16.9249 0.01
r 158.6 0.01 3 16.9981 0.01
r 158.8 0.01 3 17.1853 0.01
r 159 0.01 3 17.2448 0.01
r 159.2 0.01 3 17.3752 0.01
r 159.4 0.01 3 17.473 0.01
r 159.6 0.01 3 17.6094 0.01
r 159.8 0.01 3 17.7431 0.01
r 160 0.01 3 17.8718 0.01
r 160.2 0.01 3 18.0027 0.01
r 160.4 0.01 3 18.1329 0.01
r 160.6 0.01 3 18.2609 0.01
r 160.8 0.01 3 18.3921 0.01
r 161 0.01 3 18.4374 0.01
r 161.2 0.01 3 18.5666 0.01
r 161.4 0.01 3 18.6971 0.01
r 161.6 0.01 3 18.8274 0.01
r 161.8 0.01 3 18.9579 0.01
r 162 0.01 3 19.0881 0.01
r 162.2 0.01 3 19.2182 0.01
r 162.4 0.01 3 19.3488 0.01
r 162.6 0.01 3 19.4796 0.01
r 162.8 0.01 3 19.6102 0.01
r 163 0.01 3 19.6578 0.01
r 163.2 0.01 3 19.7884 0.01
r 163.4 0.01 3 19.9181 0.01
r 163.6 0.01 3 20.048 0.01
r 163.8 0.01 3 20.1787 0.01
r 164 0.01 3 20.3086 0.01
r 164.2 0.01 3 20.4394 0.01
r 164.4 0.01 3 20.5696 0.01
r 164.6 0.01 3 20.7001 0.01
r 164.8 0.01 3 20.831 0.01
r 165 0.01 3 20.9248 0.01
r 165.2 0.01 3 21.0559 0.01
r 165.4 0.01 3 21.1853 0.01
r 165.6 0.01 3 21.314 0.01
r 165.8 0.01 3 21.444 0.01
r 166 0.01 3 21.576 0.01
r 166.2 0.01 3 21.7048 0.01
r 166.4 0.01 3 21.8337 0.01
r 166.6 0.01 3 21.9661 0.01
r 166.8 0.01 3 22.0989 0.01
r 167 0.01 3 22.1815 0.01
r 167.2 0.01 3 22.3117 0.01
r 167.4 0.01 3 22.4419 0.01
r 167.6 0.01 3 22.5723 0.01
r 167.8 0.01 3 22.7027 0.01
r 168 0.01 3 22.8332 0.01
r 168.2 0.01 3 22.9638 0.01
r 168.4 0.01 3 23.0945 0.01
r 168.6 0.01 3 23.2253 0.01
r 168.8 0.01 3 23.3562 0.01
r 169 0.01 3 23.46 0.01
r 169.2 0.01 3 23.5902 0.01
r 169.4 0.01 3 23.7204 0.01
r 169.6 0.01 3 23.8505 0.01
r 169.8 0.01 3 23.9811 0.01
r 170 0.01 3 24.1116 0.01
r 170.2 0.01 3 24.2422 0.01
r 170.4 0.01 3 24.3729 0.01
r 170.6 0.01 3 24.5036 0.01
r 170.8 0.01 3 24.6346 0.01
r 171 0.01 3 24.7533 0.01
r 171.2 0.01 3 24.8799 0.01
r 171.4 0.01 3 25.0101 0.01
r 171.6 0.01 3 25.1404 0.01
r 171.8 0.01 3 25.2708 0.01
r 172 0.01 3 25.4013 0.01
r 172.2 0.01 3 25.532 0.01
r 172.4 0.01 3 25.6627 0.01
r 172.6 0.01 3 25.7935 0.01
r 172.8 0.01 3 25.9245 0.01
r 173 0.01 3 26.0407 0.01
r 173.2 0.01 3 26.1707 0.01
r 173.4 0.01 3 26.3008 0.01
r 173.6 0.01 3 26.4309 0.01
r 173.8 0.01 3 26.5612 0.01
r 174 0.01 3 26.692 0.01
r 174.2 0.01 3 26.8221 0.01
r 174.4 0.01 3 26.9508 0.01
r 174.6 0.01 3 27.0851 0.01
r 174.8 0.01 3 27.2161 0.01
r 175 0.01 3 27.3324 0.01
s 145 3 602
r 125 0.01 2 13.4816 0.01
r 125.2 0.01 2 13.3497 0.01
r 125.4 0.01 2 13.2179 0.01
r 125.6 0.01 2 13.0862 0.01
r 125.8 0.01 2 12.9544 0.01
r 126 0.01 2 12.8228 0.01
r 126.2 0.01 2 12.6911 0.01
r 126.4 0.01 2 12.5594 0.01
r 126.6 0.01 2 12.4277 0.01
r 126.8 0.01 2 12.296 0.01
r 127 0.01 2 12.1644 0.01
r 127.2 0.01 2 12.033 0.01
r 127.4 0.01 2 11.9015 0.01
r 127.6 0.01 2 11.7701 0.01
r 127.8 0.01 2 11.6387 0.01
r 128 0.01 2 11.5074 0.01
r 128.2 0.01 2 11.3762 0.01
r 128.4 0.01 2 11.2452 0.01
r 128.6 0.01 2 11.1138 0.01
r 128.8 0.01 2 10.9825 0.01
r 129 0.01 2 10.8513 0.01
r 129.2 0.01 2 10.7203 0.01
r 129.4 0.01 2 10.5894 0.01
r 129.6 0.01 2 10.4585 0.01
r 129.8 0.01 2 10.3276 0.01
r 130 0.01 2 10.1968 0.01
r 130.2 0.01 2 10.0662 0.01
r 130.4 0.01 2 9.93556 0.01
r 130.6 0.01 2 9.80501 0.01
r 130.8 0.01 2 9.67437 0.01
r 131 0.01 2 9.54399 0.01
r 131.2 0.01 2 9.41368 0.01
r 131.4 0.01 2 9.28346 0.01
r 131.6 0.01 2 9.15331 0.01
r 131.8 0.01 2 9.02326 0.01
r 132 0.01 2 8.89327 0.01
r 132.2 0.01 2 8.76335 0.01
r 132.4 0.01 2 8.63394 0.01
r 132.6 0.01 2 8.50421 0.01
r 132.8 0.01 2 8.37441 0.01
r 133 0.01 2 8.24487 0.01
r 133.2 0.01 2 8.11546 0.01
r 133.4 0.01 2 7.98621 0.01
r 133.6 0.01 2 7.85712 0.01
r 133.8 0.01 2 7.72821 0.01
r 134 0.01 2 7.6006 0.01
r 134.2 0.01 2 7.47171 0.01
r 134.4 0.01 2 7.34314 0.01
r 134.6 0.01 2 7.21465 0.01
r 134.8 0.01 2 7.08628 0.01
r 135 0.01 2 6.95892 0.01
r 135.2 0.01 2 6.83098 0.01
r 135.4 0.01 2 6.70345 0.01
r 135.6 0.01 2 6.57641 0.01
r 135.8 0.01 2 6.45 0.01
r 136 0.01 2 6.32253 0.01
r 136.2 0.01 2 6.19628 0.01
r 136.4 0.01 2 6.07035 0.01
r 136.6 0.01 2 5.94425 0.01
r 136.8 0.01 2 5.8188 0.01
r 137 0.01 2 5.69376 0.01
r 137.2 0.01 2 5.56904 0.01
r 137.4 0.01 2 5.44483 0.01
r 137.6 0.01 2 5.32091 0.01
r 137.8 0.01 2 5.19764 0.01
r 138 0.01 2 5.07467 0.01
r 138.2 0.01 2 4.95239 0.01
r 138.4 0.01 2 4.83066 0.01
r 138.6 0.01 2 4.70959 0.01
r 138.8 0.01 2 4.58926 0.01
r 139 0.01 2 4.46935 0.01
r 139.2 0.01 2 4.35031 0.01
r 139.4 0.01 2 4.23252 0.01
r 139.6 0.01 2 4.11516 0.01
r 139.8 0.01 2 3.99923 0.01
r 140 0.01 2 3.88422 0.01
r 140.2 0.01 2 3.77099 0.01
r 140.4 0.01 2 3.65948 0.01
r 140.6 0.01 2 3.54679 0.01
r 140.8 0.01 2 3.43726 0.01
r 141 0.01 2 3.33075 0.01
r 141.2 0.01 2 3.22463 0.01
r 141.4 0.01 2 3.12068 0.01
r 141.6 0.01 2 3.01924 0.01
r 141.8 0.01 2 2.92058 0.01
r 142 0.01 2 2.82441 0.01
r 142.2 0.01 2 2.73165 0.01
r 142.4 0.01 2 2.6423 0.01
r 142.6 0.01 2 2.55693 0.01
r 142.8 0.01 2 2.47558 0.01
r 143 0.01 2 2.39939 0.01
r 143.2 0.01 2 2.32803 0.01
r 143.4 0.01 2 2.26214 0.01
r 143.6 0.01 2 2.20212 0.01
r 143.8 0.01 2 2.14849 0.01
r 144 0.01 2 2.10298 0.01
r 144.2 0.01 2 2.06502 0.01
r 144.4 0.01 2 2.03526 0.01
r 144.6 0.01 2 2.01401 0.01
r 144.8 0.01 2 2.00067 0.01
r 145 0.01 2 1.99585 0.01
r 145.2 0.01 2 2.00029 0.01
r 145.4 0.01 2 2.01273 0.01
r 145.6 0.01 2 2.03335 0.01
r 145.8 0.01 2 2.06357 0.01
r 146 0.01 2 2.10201 0.01
r 146.2 0.01 2 2.14797 0.01
r 146.4 0.01 2 2.20112 0.01
r 146.6 0.01 2 2.26094 0.01
r 146.8 0.01 2 2.32714 0.01
r 147 0.01 2 2.39845 0.01
r 147.2 0.01 2 2.47517 0.01
r 147.4 0.01 2 2.55648 0.01
r 147.6 0.01 2 2.6418 0.01
r 147.8 0.01 2 2.73119 0.01
r 148 0.01 2 2.82398 0.01
r 148.2 0.01 2 2.91987 0.01
r 148.4 0.01 2 3.01891 0.01
r 148.6 0.01 2 3.12036 0.01
r 148.8 0.01 2 3.224 0.01
r 149 0.01 2 3.32962 0.01
r 149.2 0.01 2 3.43737 0.01
r 149.4 0.01 2 3.54681 0.01
r 149.6 0.01 2 3.65775 0.01
r 149.8 0.01 2 3.77017 0.01
r 150 0.01 2 3.88398 0.01
r 150.2 0.01 2 3.99897 0.01
r 150.4 0.01 2 4.11513 0.01
r 150.6 0.01 2 4.23229 0.01
r 150.8 0.01 2 4.3504 0.01
r 151 0.01 2 4.47142 0.01
r 151.2 0.01 2 4.58922 0.01
r 151.4 0.01 2 4.70967 0.01
r 151.6 0.01 2 4.83193 0.01
r 151.8 0.01 2 4.9528 0.01
r 152 0.01 2 5.07469 0.01
r 152.2 0.01 2 5.19757 0.01
r 152.4 0.01 2 5.32102 0.01
r 152.6 0.01 2 5.44489 0.01
r 152.8 0.01 2 5.56953 0.01
r 153 0.01 2 5.69507 0.01
r 153.2 0.01 2 5.81969 0.01
r 153.4 0.01 2 5.94489 0.01
r 153.6 0.01 2 6.07049 0.01
r 153.8 0.01 2 6.19624 0.01
r 154 0.01 2 6.32254 0.01
r 154.2 0.01 2 6.44921 0.01
r 154.4 0.01 2 6.57616 0.01
r 154.6 0.01 2 6.70335 0.01
r 154.8 0.01 2 6.83081 0.01
r 155 0.01 2 6.95835 0.01
r 155.2 0.01 2 7.08625 0.01
r 155.4 0.01 2 7.21422 0.01
r 155.6 0.01 2 7.34265 0.01
r 155.8 0.01 2 7.47087 0.01
r 156 0.01 2 7.59946 0.01
r 156.2 0.01 2 7.72819 0.01
r 156.4 0.01 2 7.85709 0.01
r 156.6 0.01 2 7.98614 0.01
r 156.8 0.01 2 8.11531 0.01
r 157 0.01 2 8.24468 0.01
r 157.2 0.01 2 8.37407 0.01
r 157.4 0.01 2 8.50363 0.01
r 157.6 0.01 2 8.6333 0.01
r 157.8 0.01 2 8.76309 0.01
r 158 0.01 2 8.8936 0.01
r 158.2 0.01 2 9.02376 0.01
r 158.4 0.01 2 9.1535 0.01
r 158.6 0.01 2 9.28346 0.01
r 158.8 0.01 2 9.41361 0.01
r 159 0.01 2 9.54385 0.01
r 159.2 0.01 2 9.67431 0.01
r 159.4 0.01 2 9.80491 0.01
r 159.6 0.01 2 9.93554 0.01
r 159.8 0.01 2 10.0663 0.01
r 160 0.01 2 10.197 0.01
r 160.2 0.01 2 10.3276 0.01
r 160.4 0.01 2 10.4584 0.01
r 160.6 0.01 2 10.5893 0.01
r 160.8 0.01 2 10.7203 0.01
r 161 0.01 2 10.8514 0.01
r 161.2 0.01 2 10.9824 0.01
r 161.4 0.01 2 11.1136 0.01
r 161.6 0.01 2 11.2449 0.01
r 161.8 0.01 2 11.3764 0.01
r 162 0.01 2 11.5076 0.01
r 162.2 0.01 2 11.6388 0.01
r 162.4 0.01 2 11.7701 0.01
r 162.6 0.01 2 11.9015 0.01
r 162.8 0.01 2 12.0329 0.01
r 163 0.01 2 12.1645 0.01
r 163.2 0.01 2 12.296 0.01
r 163.4 0.01 2 12.4276 0.01
r 163.6 0.01 2 12.5593 0.01
r 163.8 0.01 2 12.6914 0.01
r 164 0.01 2 12.8229 0.01
r 164.2 0.01 2 12.9545 0.01
r 164.4 0.01 2 13.0862 0.01
r 164.6 0.01 2 13.2179 0.01
r 164.8 0.01 2 13.3497 0.01
r 165 0.01 2 13.4815 0.01
r 105 0.01 3 27.345 0.01
r 105.2 0.01 3 27.2141 0.01
r 105.4 0.01 3 27.0833 0.01
r 105.6 0.01 3 26.9525 0.01
r 105.8 0.01 3 26.823 0.01
r 106 0.01 3 26.6925 0.01
r 106.2 0.01 3 26.562 0.01
r 106.4 0.01 3 26.4319 0.01
r 106.6 0.01 3 26.3019 0.01
r 106.8 0.01 3 26.1717 0.01
r 107 0.01 3 26.0625 0.01
r 107.2 0.01 3 25.9317 0.01
r 107.4 0.01 3 25.801 0.01
r 107.6 0.01 3 25.6703 0.01
r 107.8 0.01 3 25.5397 0.01
r 108 0.01 3 25.4092 0.01
r 108.2 0.01 3 25.2788 0.01
r 108.4 0.01 3 25.1484 0.01
r 108.6 0.01 3 25.0181 0.01
r 108.8 0.01 3 24.8878 0.01
r 109 0.01 3 24.7953 0.01
r 109.2 0.01 3 24.6642 0.01
r 109.4 0.01 3 24.5528 0.01
r 109.6 0.01 3 24.4216 0.01
r 109.8 0.01 3 24.2723 0.01
r 110 0.01 3 24.1416 0.01
r 110.2 0.01 3 24.0109 0.01
r 110.4 0.01 3 23.8987 0.01
r 110.6 0.01 3 23.7498 0.01
r 110.8 0.01 3 23.6199 0.01
r 111 0.01 3 23.5125 0.01
r 111.2 0.01 3 23.3812 0.01
r 111.4 0.01 3 23.2501 0.01
r 111.6 0.01 3 23.1191 0.01
r 111.8 0.01 3 22.9883 0.01
r 112 0.01 3 22.8578 0.01
r 112.2 0.01 3 22.7271 0.01
r 112.4 0.01 3 22.5967 0.01
r 112.6 0.01 3 22.4672 0.01
r 112.8 0.01 3 22.3359 0.01
r 113 0.01 3 22.2372 0.01
r 113.2 0.01 3 22.1059 0.01
r 113.4 0.01 3 21.9755 0.01
r 113.6 0.01 3 21.8447 0.01
r 113.8 0.01 3 21.714 0.01
r 114 0.01 3 21.5834 0.01
r 114.2 0.01 3 21.4528 0.01
r 114.4 0.01 3 21.3224 0.01
r 114.6 0.01 3 21.192 0.01
r 114.8 0.01 3 21.0613 0.01
r 115 0.01 3 21.0257 0.01
r 115.2 0.01 3 20.8942 0.01
r 115.4 0.01 3 20.7633 0.01
r 115.6 0.01 3 20.6328 0.01
r 115.8 0.01 3 20.5021 0.01
r 116 0.01 3 20.3755 0.01
r 116.2 0.01 3 20.2403 0.01
r 116.4 0.01 3 20.1101 0.01
r 116.6 0.01 3 19.9797 0.01
r 116.8 0.01 3 19.849 0.01
r 117 0.01 3 19.7599 0.01
r 117.2 0.01 3 19.6464 0.01
r 117.4 0.01 3 19.5156 0.01
r 117.6 0.01 3 19.3849 0.01
r 117.8 0.01 3 19.2542 0.01
r 118 0.01 3 19.1236 0.01
r 118.2 0.01 3 18.9931 0.01
r 118.4 0.01 3 18.8626 0.01
r 118.6 0.01 3 18.7322 0.01
r 118.8 0.01 3 18.6019 0.01
r 119 0.01 3 18.5361 0.01
r 119.2 0.01 3 18.4055 0.01
r 119.4 0.01 3 18.2751 0.01
r 119.6 0.01 3 18.1446 0.01
r 119.8 0.01 3 18.0143 0.01
r 120 0.01 3 17.884 0.01
r 120.2 0.01 3 17.7571 0.01
r 120.4 0.01 3 17.6269 0.01
r 120.6 0.01 3 17.4967 0.01
r 120.8 0.01 3 17.3667 0.01
r 121 0.01 3 17.345 0.01
r 121.2 0.01 3 17.2142 0.01
r 121.4 0.01 3 17.0837 0.01
r 121.6 0.01 3 16.9532 0.01
r 121.8 0.01 3 16.8148 0.01
r 122 0.01 3 16.6839 0.01
r 122.2 0.01 3 16.5623 0.01
r 122.4 0.01 3 16.4311 0.01
r 122.6 0.01 3 16.2945 0.01
r 122.8 0.01 3 16.1714 0.01
r 123 0.01 3 16.0867 0.01
r 123.2 0.01 3 15.9407 0.01
r 123.4 0.01 3 15.8219 0.01
r 123.6 0.01 3 15.6954 0.01
r 123.8 0.01 3 15.5621 0.01
r 124 0.01 3 15.4325 0.01
r 124.2 0.01 3 15.3068 0.01
r 124.4 0.01 3 15.1765 0.01
r 124.6 0.01 3 15.0481 0.01
r 124.8 0.01 3 14.9178 0.01
r 125 0.01 3 14.808 0.01
r 125.2 0.01 3 14.6909 0.01
r 125.4 0.01 3 14.5519 0.01
r 125.6 0.01 3 14.4322 0.01
r 125.8 0.01 3 14.3144 0.01
r 126 0.01 3 14.212 0.01
r 126.2 0.01 3 14.0503 0.01
r 126.4 0.01 3 13.9245 0.01
r 126.6 0.01 3 13.7822 0.01
r 126.8 0.01 3 13.6581 0.01
r 127 0.01 3 13.5704 0.01
r 127.2 0.01 3 13.3989 0.01
r 127.4 0.01 3 13.3137 0.01
r 127.6 0.01 3 13.2087 0.01
r 127.8 0.01 3 13.0825 0.01
r 128 0.01 3 12.8929 0.01
r 128.2 0.01 3 12.8308 0.01
r 128.4 0.01 3 12.7041 0.01
r 128.6 0.01 3 12.5789 0.01
r 128.8 0.01 3 12.4542 0.01
r 129 0.01 3 12.3271 0.01
r 129.2 0.01 3 12.2144 0.01
r 129.4 0.01 3 12.0627 0.01
r 129.6 0.01 3 11.9624 0.01
r 129.8 0.01 3 11.84 0.01
r 130 0.01 3 11.7078 0.01
r 130.2 0.01 3 11.5881 0.01
r 130.4 0.01 3 11.4677 0.01
r 130.6 0.01 3 11.3477 0.01
r 130.8 0.01 3 11.2407 0.01
r 131 0.01 3 11.1269 0.01
r 131.2 0.01 3 11.006 0.01
r 131.4 0.01 3 10.887 0.01
r 131.6 0.01 3 10.7713 0.01
r 131.8 0.01 3 10.6596 0.01
r 132 0.01 3 10.5454 0.01
r 132.2 0.01 3 10.4389 0.01
r 132.4 0.01 3 10.3282 0.01
r 132.6 0.01 3 10.2328 0.01
r 132.8 0.01 3 10.1256 0.01
r 133 0.01 3 10.0131 0.01
r 133.2 0.01 3 9.91819 0.01
r 133.4 0.01 3 9.81566 0.01
r 133.6 0.01 3 9.70644 0.01
r 133.8 0.01 3 9.61636 0.01
r 134 0.01 3 9.51581 0.01
r 134.2 0.01 3 9.42697 0.01
r 134.4 0.01 3 9.33522 0.01
r 134.6 0.01 3 9.24109 0.01
r 134.8 0.01 3 9.15337 0.01
r 135 0.01 3 9.03325 0.01
r 135.2 0.01 3 8.97198 0.01
r 135.4 0.01 3 8.84194 0.01
r 135.6 0.01 3 8.72478 0.01
r 135.8 0.01 3 8.67724 0.01
r 136 0.01 3 8.56044 0.01
r 136.2 0.01 3 8.42639 0.01
r 136.4 0.01 3 8.35453 0.01
r 136.6 0.01 3 8.26941 0.01
r 136.8 0.01 3 8.18919 0.01
r 137 0.01 3 8.07198 0.01
r 137.2 0.01 3 7.99393 0.01
r 137.4 0.01 3 7.92466 0.01
r 137.6 0.01 3 7.85317 0.01
r 137.8 0.01 3 7.7904 0.01
r 138 0.01 3 7.73382 0.01
r 138.2 0.01 3 7.68511 0.01
r 138.4 0.01 3 7.61522 0.01
r 138.6 0.01 3 7.59887 0.01
r 138.8 0.01 3 7.50828 0.01
r 139 0.01 3 7.47848 0.01
r 139.2 0.01 3 7.13823 0.01
r 139.4 0.01 3 7.06536 0.01
r 139.6 0.01 3 6.99524 0.01
r 139.8 0.01 3 6.92756 0.01
r 140 0.01 3 6.86187 0.01
r 140.2 0.01 3 6.79841 0.01
r 140.4 0.01 3 6.73786 0.01
r 140.6 0.01 3 6.6781 0.01
r 140.8 0.01 3 6.62179 0.01
r 141 0.01 3 6.56504 0.01
r 141.2 0.01 3 6.50786 0.01
r 141.4 0.01 3 6.45675 0.01
r 141.6 0.01 3 6.40851 0.01
r 141.8 0.01 3 6.36237 0.01
r 142 0.01 3 6.31883 0.01
r 142.2 0.01 3 6.27792 0.01
r 142.4 0.01 3 6.23998 0.01
r 142.6 0.01 3 6.20432 0.01
r 142.8 0.01 3 6.17129 0.01
r 143 0.01 3 6.14029 0.01
r 143.2 0.01 3 6.11297 0.01
r 143.4 0.01 3 6.08773 0.01
r 143.6 0.01 3 6.07304 0.01
r 143.8 0.01 3 6.05021 0.01
r 144 0.01 3 6.03174 0.01
r 144.2 0.01 3 6.01762 0.01
r 144.4 0.01 3 6.0083 0.01
r 144.6 0.01 3 6.004 0.01
r 144.8 0.01 3 6.0027 0.01
r 145 0.01 3 5.99533 0.01
r 145.2 0.01 3 5.99555 0.01
r 145.4 0.01 3 5.99947 0.01
r 145.6 0.01 3 6.00677 0.01
r 145.8 0.01 3 6.01711 0.01
r 146 0.01 3 6.03039 0.01
r 146.2 0.01 3 6.04653 0.01
r 146.4 0.01 3 6.06576 0.01
r 146.6 0.01 3 6.0934 0.01
r 146.8 0.01 3 6.11382 0.01
r 147 0.01 3 6.14149 0.01
r 147.2 0.01 3 6.17081 0.01
r 147.4 0.01 3 6.20387 0.01
r 147.6 0.01 3 6.2393 0.01
r 147.8 0.01 3 6.27762 0.01
r 148 0.01 3 6.3187 0.01
r 148.2 0.01 3 6.36192 0.01
r 148.4 0.01 3 6.40835 0.01
r 148.6 0.01 3 6.45623 0.01
r 148.8 0.01 3 6.50863 0.01
r 149 0.01 3 6.56151 0.01
r 149.2 0.01 3 6.61959 0.01
r 149.4 0.01 3 6.67621 0.01
r 149.6 0.01 3 6.73498 0.01
r 149.8 0.01 3 6.79547 0.01
r 150 0.01 3 6.85899 0.01
r 150.2 0.01 3 6.92475 0.01
r 150.4 0.01 3 6.99397 0.01
r 150.6 0.01 3 7.06192 0.01
r 150.8 0.01 3 7.13783 0.01
r 151 0.01 3 7.212 0.01
r 151.2 0.01 3 7.28573 0.01
r 151.4 0.01 3 7.36397 0.01
r 151.6 0.01 3 7.44194 0.01
r 151.8 0.01 3 7.51787 0.01
r 152 0.01 3 7.60569 0.01
r 152.2 0.01 3 7.68728 0.01
r 152.4 0.01 3 7.76759 0.01
r 152.6 0.01 3 7.86234 0.01
r 152.8 0.01 3 8.59556 0.01
r 153 0.01 3 8.65725 0.01
r 153.2 0.01 3 8.67949 0.01
r 153.4 0.01 3 8.71812 0.01
r 153.6 0.01 3 8.75548 0.01
r 153.8 0.01 3 8.81862 0.01
r 154 0.01 3 8.77926 0.01
r 154.2 0.01 3 8.91881 0.01
r 154.4 0.01 3 8.90923 0.01
r 154.6 0.01 3 9.03031 0.01
r 154.8 0.01 3 9.14118 0.01
r 155 0.01 3 9.26144 0.01
r 155.2 0.01 3 9.22592 0.01
r 155.4 0.01 3 9.3926 0.01
r 155.6 0.01 3 9.40689 0.01
r 155.8 0.01 3 9.5624 0.01
r 156 0.01 3 9.66601 0.01
r 156.2 0.01 3 9.70752 0.01
r 156.4 0.01 3 9.83728 0.01
r 156.6 0.01 3 10.0772 0.01
r 156.8 0.01 3 10.1325 0.01
r 157 0.01 3 10.2265 0.01
r 157.2 0.01 3 10.2851 0.01
r 157.4 0.01 3 10.4237 0.01
r 157.6 0.01 3 10.5077 0.01
r 157.8 0.01 3 10.6005 0.01
r 158 0.01 3 10.6921 0.01
r 158.2 0.01 3 10.772 0.01
r 158.4 0.01 3 10.882 0.01
r 158.6 0.01 3 10.9861 0.01
r 158.8 0.01 3 11.0856 0.01
r 159 0.01 3 11.1811 0.01
r 159.2 0.01 3 11.2908 0.01
r 159.4 0.01 3 11.3918 0.01
r 159.6 0.01 3 11.5196 0.01
r 159.8 0.01 3 11.6032 0.01
r 160 0.01 3 11.7112 0.01
r 160.2 0.01 3 11.8357 0.01
r 160.4 0.01 3 11.9512 0.01
r 160.6 0.01 3 12.0681 0.01
r 160.8 0.01 3 12.1584 0.01
r 161 0.01 3 12.2742 0.01
r 161.2 0.01 3 12.4075 0.01
r 161.4 0.01 3 12.5392 0.01
r 161.6 0.01 3 12.6296 0.01
r 161.8 0.01 3 12.749 0.01
r 162 0.01 3 12.8747 0.01
r 162.2 0.01 3 13.007 0.01
r 162.4 0.01 3 13.1171 0.01
r 162.6 0.01 3 13.2488 0.01
r 162.8 0.01 3 13.3536 0.01
r 163 0.01 3 13.4829 0.01
r 163.2 0.01 3 13.6184 0.01
r 163.4 0.01 3 13.7001 0.01
r 163.6 0.01 3 13.8171 0.01
r 163.8 0.01 3 13.9927 0.01
r 164 0.01 3 14.1199 0.01
r 164.2 0.01 3 14.1859 0.01
r 164.4 0.01 3 14.3476 0.01
r 164.6 0.01 3 14.4201 0.01
r 164.8 0.01 3 14.5716 0.01
r 165 0.01 3 14.6829 0.01
r 165.2 0.01 3 14.7945 0.01
r 165.4 0.01 3 14.9214 0.01
r 165.6 0.01 3 15.0378 0.01
r 165.8 0.01 3 15.1757 0.01
r 166 0.01 3 15.3609 0.01
r 166.2 0.01 3 15.484 0.01
r 166.4 0.01 3 15.6038 0.01
r 166.6 0.01 3 15.685 0.01
r 166.8 0.01 3 15.8224 0.01
r 167 0.01 3 15.9487 0.01
r 167.2 0.01 3 16.0728 0.01
r 167.4 0.01 3 16.2155 0.01
r 167.6 0.01 3 16.3465 0.01
r 167.8 0.01 3 16.4657 0.01
r 168 0.01 3 16.6018 0.01
r 168.2 0.01 3 16.7949 0.01
r 168.4 0.01 3 16.9249 0.01
r 168.6 0.01 3 17.055 0.01
r 168.8 0.01 3 17.1853 0.01
r 169 0.01 3 17.2448 0.01
r 169.2 0.01 3 17.3752 0.01
r 169.4 0.01 3 17.473 0.01
r 169.6 0.01 3 17.6094 0.01
r 169.8 0.01 3 17.7431 0.01
r 170 0.01 3 17.8718 0.01
r 170.2 0.01 3 18.0027 0.01
r 170.4 0.01 3 18.1329 0.01
r 170.6 0.01 3 18.2609 0.01
r 170.8 0.01 3 18.3921 0.01
r 171 0.01 3 18.4374 0.01
r 171.2 0.01 3 18.5666 0.01
r 171.4 0.01 3 18.6971 0.01
r 171.6 0.01 3 18.8274 0.01
r 171.8 0.01 3 18.9579 0.01
r 172 0.01 3 19.0881 0.01
r 172.2 0.01 3 19.2182 0.01
r 172.4 0.01 3 19.3488 0.01
r 172.6 0.01 3 19.4796 0.01
r 172.8 0.01 3 19.6102 0.01
r 173 0.01 3 19.6578 0.01
r 173.2 0.01 3 19.7884 0.01
r 173.4 0.01 3 19.9181 0.01
r 173.6 0.01 3 20.048 0.01
r 173.8 0.01 3 20.1787 0.01
r 174 0.01 3 20.3086 0.01
r 174.2 0.01 3 20.4394 0.01
r 174.4 0.01 3 20.5696 0.01
r 174.6 0.01 3 20.7001 0.01
r 174.8 0.01 3 20.831 0.01
r 175 0.01 3 20.9248 0.01
r 175.2 0.01 3 21.0559 0.01
r 175.4 0.01 3 21.1853 0.01
r 175.6 0.01 3 21.314 0.01
r 175.8 0.01 3 21.444 0.01
r 176 0.01 3 21.576 0.01
r 176.2 0.01 3 21.7048 0.01
r 176.4 0.01 3 21.8337 0.01
r 176.6 0.01 3 21.9661 0.01
r 176.8 0.01 3 22.0989 0.01
r 177 0.01 3 22.1815 0.01
r 177.2 0.01 3 22.3117 0.01
r 177.4 0.01 3 22.4419 0.01
r 177.6 0.01 3 22.5723 0.01
r 177.8 0.01 3 22.7027 0.01
r 178 0.01 3 22.8332 0.01
r 178.2 0.01 3 22.9638 0.01
r 178.4 0.01 3 23.0945 0.01
r 178.6 0.01 3 23.2253 0.01
r 178.8 0.01 3 23.3562 0.01
r 179 0.01 3 23.46 0.01
r 179.2 0.01 3 23.5902 0.01
r 179.4 0.01 3 23.7204 0.01
r 179.6 0.01 3 23.8505 0.01
r 179.8 0.01 3 23.9811 0.01
r 180 0.01 3 24.1116 0.01
r 180.2 0.01 3 24.2422 0.01
r 180.4 0.01 3 24.3729 0.01
r 180.6 0.01 3 24.5036 0.01
r 180.8 0.01 3 24.6346 0.01
r 181 0.01 3 24.7533 0.01
r 181.2 0.01 3 24.8799 0.01
r 181.4 0.01 3 25.0101 0.01
r 181.6 0.01 3 25.1404 0.01
r 181.8 0.01 3 25.2708 0.01
r 182 0.01 3 25.4013 0.01
r 182.2 0.01 3 25.532 0.01
r 182.4 0.01 3 25.6641 0.01
r 182.6 0.01 3 25.7935 0.01
r 182.8 0.01 3 25.9245 0.01
r 183 0.01 3 26.0407 0.01
r 183.2 0.01 3 26.1707 0.01
r 183.4 0.01 3 26.3008 0.01
r 183.6 0.01 3 26.4309 0.01
r 183.8 0.01 3 26.5612 0.01
r 184 0.01 3 26.692 0.01
r 184.2 0.01 3 26.8221 0.01
r 184.4 0.01 3 26.9525 0.01
r 184.6 0.01 3 27.0851 0.01
r 184.8 0.01 3 27.2161 0.01
r 185 0.01 3 27.3324 0.01
