10
s 55 3 602
r 35 0.01 2 13.4723 0.01
r 35.2 0.01 2 13.3424 0.01
r 35.4 0.01 2 13.2126 0.01
r 35.6 0.01 2 13.0826 0.01
r 35.8 0.01 2 12.9526 0.01
r 36 0.01 2 12.8225 0.01
r 36.2 0.01 2 12.6924 0.01
r 36.4 0.01 2 12.5622 0.01
r 36.6 0.01 2 12.432 0.01
r 36.8 0.01 2 12.3025 0.01
r 37 0.01 2 12.1715 0.01
r 37.2 0.01 2 12.0412 0.01
r 37.4 0.01 2 11.9109 0.01
r 37.6 0.01 2 11.7806 0.01
r 37.8 0.01 2 11.6502 0.01
r 38 0.01 2 11.5198 0.01
r 38.2 0.01 2 11.3895 0.01
r 38.4 0.01 2 11.2591 0.01
r 38.6 0.01 2 11.1288 0.01
r 38.8 0.01 2 10.9986 0.01
r 39 0.01 2 10.8685 0.01
r 39.2 0.01 2 10.7384 0.01
r 39.4 0.01 2 10.6083 0.01
r 39.6 0.01 2 10.4784 0.01
r 39.8 0.01 2 10.3486 0.01
r 40 0.01 2 10.2189 0.01
r 40.2 0.01 2 10.0892 0.01
r 40.4 0.01 2 9.9597 0.01
r 40.6 0.01 2 9.82999 0.01
r 40.8 0.01 2 9.7003 0.01
r 41 0.01 2 9.57074 0.01
r 41.2 0.01 2 9.44121 0.01
r 41.4 0.01 2 9.31166 0.01
r 41.6 0.01 2 9.18262 0.01
r 41.8 0.01 2 9.05286 0.01
r 42 0.01 2 8.92317 0.01
r 42.2 0.01 2 8.79342 0.01
r 42.4 0.01 2 8.6639 0.01
r 42.6 0.01 2 8.5346 0.01
r 42.8 0.01 2 8.4055 0.01
r 43 0.01 2 8.27603 0.01
r 43.2 0.01 2 8.14698 0.01
r 43.4 0.01 2 8.01688 0.01
r 43.6 0.01 2 7.8875 0.01
r 43.8 0.01 2 7.75853 0.01
r 44 0.01 2 7.6293 0.01
r 44.2 0.01 2 7.50056 0.01
r 44.4 0.01 2 7.37161 0.01
r 44.6 0.01 2 7.24299 0.01
r 44.8 0.01 2 7.11452 0.01
r 45 0.01 2 6.98614 0.01
r 45.2 0.01 2 6.85791 0.01
r 45.4 0.01 2 6.72991 0.01
r 45.6 0.01 2 6.60209 0.01
r 45.8 0.01 2 6.47448 0.01
r 46 0.01 2 6.34718 0.01
r 46.2 0.01 2 6.22009 0.01
r 46.4 0.01 2 6.09329 0.01
r 46.6 0.01 2 5.9668 0.01
r 46.8 0.01 2 5.84062 0.01
r 47 0.01 2 5.71528 0.01
r 47.2 0.01 2 5.58982 0.01
r 47.4 0.01 2 5.46478 0.01
r 47.6 0.01 2 5.34023 0.01
r 47.8 0.01 2 5.21614 0.01
r 48 0.01 2 5.09264 0.01
r 48.2 0.01 2 4.9695 0.01
r 48.4 0.01 2 4.847 0.01
r 48.6 0.01 2 4.72517 0.01
r 48.8 0.01 2 4.60403 0.01
r 49 0.01 2 4.48356 0.01
r 49.2 0.01 2 4.36407 0.01
r 49.4 0.01 2 4.24543 0.01
r 49.6 0.01 2 4.12772 0.01
r 49.8 0.01 2 4.01103 0.01
r 50 0.01 2 3.8953 0.01
r 50.2 0.01 2 3.78077 0.01
r 50.4 0.01 2 3.6676 0.01
r 50.6 0.01 2 3.55591 0.01
r 50.8 0.01 2 3.44575 0.01
r 51 0.01 2 3.3374 0.01
r 51.2 0.01 2 3.23094 0.01
r 51.4 0.01 2 3.12671 0.01
r 51.6 0.01 2 3.02481 0.01
r 51.8 0.01 2 2.92549 0.01
r 52 0.01 2 2.82917 0.01
r 52.2 0.01 2 2.73608 0.01
r 52.4 0.01 2 2.64667 0.01
r 52.6 0.01 2 2.56111 0.01
r 52.8 0.01 2 2.4792 0.01
r 53 0.01 2 2.40407 0.01
r 53.2 0.01 2 2.33065 0.01
r 53.4 0.01 2 2.26461 0.01
r 53.6 0.01 2 2.20481 0.01
r 53.8 0.01 2 2.15171 0.01
r 54 0.01 2 2.10571 0.01
r 54.2 0.01 2 2.06747 0.01
r 54.4 0.01 2 2.03729 0.01
r 54.6 0.01 2 2.01563 0.01
r 54.8 0.01 2 2.00265 0.01
r 55 0.01 2 1.99975 0.01
r 55.2 0.01 2 2.0041 0.01
r 55.4 0.01 2 2.01649 0.01
r 55.6 0.01 2 2.03741 0.01
r 55.8 0.01 2 2.06775 0.01
r 56 0.01 2 2.10633 0.01
r 56.2 0.01 2 2.15267 0.01
r 56.4 0.01 2 2.20638 0.01
r 56.6 0.01 2 2.26682 0.01
r 56.8 0.01 2 2.33364 0.01
r 57 0.01 2 2.40611 0.01
r 57.2 0.01 2 2.48528 0.01
r 57.4 0.01 2 2.56639 0.01
r 57.6 0.01 2 2.65172 0.01
r 57.8 0.01 2 2.74126 0.01
r 58 0.01 2 2.83467 0.01
r 58.2 0.01 2 2.93099 0.01
r 58.4 0.01 2 3.02974 0.01
r 58.6 0.01 2 3.13084 0.01
r 58.8 0.01 2 3.23411 0.01
r 59 0.01 2 3.34032 0.01
r 59.2 0.01 2 3.4472 0.01
r 59.4 0.01 2 3.55468 0.01
r 59.6 0.01 2 3.66608 0.01
r 59.8 0.01 2 3.77602 0.01
r 60 0.01 2 3.88806 0.01
r 60.2 0.01 2 4.00137 0.01
r 60.4 0.01 2 4.11625 0.01
r 60.6 0.01 2 4.23141 0.01
r 60.8 0.01 2 4.34753 0.01
r 61 0.01 2 4.46483 0.01
r 61.2 0.01 2 4.58337 0.01
r 61.4 0.01 2 4.70167 0.01
r 61.6 0.01 2 4.82089 0.01
r 61.8 0.01 2 4.9405 0.01
r 62 0.01 2 5.06061 0.01
r 62.2 0.01 2 5.18157 0.01
r 62.4 0.01 2 5.3032 0.01
r 62.6 0.01 2 5.42536 0.01
r 62.8 0.01 2 5.54825 0.01
r 63 0.01 2 5.67145 0.01
r 63.2 0.01 2 5.79519 0.01
r 63.4 0.01 2 5.91956 0.01
r 63.6 0.01 2 6.04408 0.01
r 63.8 0.01 2 6.1692 0.01
r 64 0.01 2 6.29469 0.01
r 64.2 0.01 2 6.42038 0.01
r 64.4 0.01 2 6.54621 0.01
r 64.6 0.01 2 6.67193 0.01
r 64.8 0.01 2 6.79796 0.01
r 65 0.01 2 6.92444 0.01
r 65.2 0.01 2 7.051 0.01
r 65.4 0.01 2 7.17763 0.01
r 65.6 0.01 2 7.30513 0.01
r 65.8 0.01 2 7.43199 0.01
r 66 0.01 2 7.55902 0.01
r 66.2 0.01 2 7.68641 0.01
r 66.4 0.01 2 7.81411 0.01
r 66.6 0.01 2 7.94241 0.01
r 66.8 0.01 2 8.07082 0.01
r 67 0.01 2 8.19989 0.01
r 67.2 0.01 2 8.32901 0.01
r 67.4 0.01 2 8.45864 0.01
r 67.6 0.01 2 8.58849 0.01
r 67.8 0.01 2 8.71874 0.01
r 68 0.01 2 8.8494 0.01
r 68.2 0.01 2 8.98025 0.01
r 68.4 0.01 2 9.11105 0.01
r 68.6 0.01 2 9.24049 0.01
r 68.8 0.01 2 9.37079 0.01
r 69 0.01 2 9.50096 0.01
r 69.2 0.01 2 9.63118 0.01
r 69.4 0.01 2 9.76137 0.01
r 69.6 0.01 2 9.89156 0.01
r 69.8 0.01 2 10.0218 0.01
r 70 0.01 2 10.152 0.01
r 70.2 0.01 2 10.2824 0.01
r 70.4 0.01 2 10.4132 0.01
r 70.6 0.01 2 10.5445 0.01
r 70.8 0.01 2 10.6761 0.01
r 71 0.01 2 10.8083 0.01
r 71.2 0.01 2 10.9406 0.01
r 71.4 0.01 2 11.0732 0.01
r 71.6 0.01 2 11.2063 0.01
r 71.8 0.01 2 11.3396 0.01
r 72 0.01 2 11.4731 0.01
r 72.2 0.01 2 11.6068 0.01
r 72.4 0.01 2 11.7404 0.01
r 72.6 0.01 2 11.874 0.01
r 72.8 0.01 2 12.0075 0.01
r 73 0.01 2 12.1416 0.01
r 73.2 0.01 2 12.2748 0.01
r 73.4 0.01 2 12.4077 0.01
r 73.6 0.01 2 12.5406 0.01
r 73.8 0.01 2 12.6733 0.01
r 74 0.01 2 12.8063 0.01
r 74.2 0.01 2 12.9387 0.01
r 74.4 0.01 2 13.0709 0.01
r 74.6 0.01 2 13.203 0.01
r 74.8 0.01 2 13.3351 0.01
r 75 0.01 2 13.4672 0.01
r 15 0.01 3 27.3434 0.01
r 15.2 0.01 3 27.2131 0.01
r 15.4 0.01 3 27.0829 0.01
r 15.6 0.01 3 26.9528 0.01
r 15.8 0.01 3 26.8228 0.01
r 16 0.01 3 26.693 0.01
r 16.2 0.01 3 26.5636 0.01
r 16.4 0.01 3 26.434 0.01
r 16.6 0.01 3 26.3051 0.01
r 16.8 0.01 3 26.1749 0.01
r 17 0.01 3 26.0653 0.01
r 17.2 0.01 3 25.9341 0.01
r 17.4 0.01 3 25.803 0.01
r 17.6 0.01 3 25.6721 0.01
r 17.8 0.01 3 25.5411 0.01
r 18 0.01 3 25.4102 0.01
r 18.2 0.01 3 25.2792 0.01
r 18.4 0.01 3 25.1484 0.01
r 18.6 0.01 3 25.0176 0.01
r 18.8 0.01 3 24.887 0.01
r 19 0.01 3 24.7927 0.01
r 19.2 0.01 3 24.6614 0.01
r 19.4 0.01 3 24.5302 0.01
r 19.6 0.01 3 24.399 0.01
r 19.8 0.01 3 24.2678 0.01
r 20 0.01 3 24.1367 0.01
r 20.2 0.01 3 24.0056 0.01
r 20.4 0.01 3 23.8745 0.01
r 20.6 0.01 3 23.7436 0.01
r 20.8 0.01 3 23.6127 0.01
r 21 0.01 3 23.4831 0.01
r 21.2 0.01 3 23.3518 0.01
r 21.4 0.01 3 23.2205 0.01
r 21.6 0.01 3 23.0892 0.01
r 21.8 0.01 3 22.958 0.01
r 22 0.01 3 22.827 0.01
r 22.2 0.01 3 22.6958 0.01
r 22.4 0.01 3 22.5649 0.01
r 22.6 0.01 3 22.4342 0.01
r 22.8 0.01 3 22.304 0.01
r 23 0.01 3 22.2025 0.01
r 23.2 0.01 3 22.1008 0.01
r 23.4 0.01 3 21.9628 0.01
r 23.6 0.01 3 21.8063 0.01
r 23.8 0.01 3 21.7534 0.01
r 24 0.01 3 21.548 0.01
r 24.2 0.01 3 21.5697 0.01
r 24.4 0.01 3 21.4094 0.01
r 24.6 0.01 3 21.366 0.01
r 24.8 0.01 3 21.0715 0.01
r 25 0.01 3 21.0424 0.01
r 25.2 0.01 3 20.8682 0.01
r 25.4 0.01 3 20.7671 0.01
r 25.6 0.01 3 20.6589 0.01
r 25.8 0.01 3 20.4871 0.01
r 26 0.01 3 20.3748 0.01
r 26.2 0.01 3 20.2499 0.01
r 26.4 0.01 3 20.1459 0.01
r 26.6 0.01 3 19.9003 0.01
r 26.8 0.01 3 19.7426 0.01
r 27 0.01 3 19.7513 0.01
r 27.2 0.01 3 19.6229 0.01
r 27.4 0.01 3 19.4367 0.01
r 27.6 0.01 3 19.2448 0.01
r 27.8 0.01 3 19.2296 0.01
r 28 0.01 3 19.0215 0.01
r 28.2 0.01 3 18.934 0.01
r 28.4 0.01 3 18.7556 0.01
r 28.6 0.01 3 18.6205 0.01
r 28.8 0.01 3 18.4644 0.01
r 29 0.01 3 18.5199 0.01
r 29.2 0.01 3 18.4131 0.01
r 29.4 0.01 3 18.2934 0.01
r 29.6 0.01 3 18.1492 0.01
r 29.8 0.01 3 18.0194 0.01
r 30 0.01 3 17.8813 0.01
r 30.2 0.01 3 17.7696 0.01
r 30.4 0.01 3 17.611 0.01
r 30.6 0.01 3 17.4859 0.01
r 30.8 0.01 3 17.3842 0.01
r 31 0.01 3 17.2909 0.01
r 31.2 0.01 3 17.1746 0.01
r 31.4 0.01 3 17.0451 0.01
r 31.6 0.01 3 16.8936 0.01
r 31.8 0.01 3 16.7898 0.01
r 32 0.01 3 16.6588 0.01
r 32.2 0.01 3 16.5151 0.01
r 32.4 0.01 3 16.3787 0.01
r 32.6 0.01 3 16.271 0.01
r 32.8 0.01 3 16.112 0.01
r 33 0.01 3 16.0973 0.01
r 33.2 0.01 3 15.9682 0.01
r 33.4 0.01 3 15.8392 0.01
r 33.6 0.01 3 15.7105 0.01
r 33.8 0.01 3 15.582 0.01
r 34 0.01 3 15.4541 0.01
r 34.2 0.01 3 15.2134 0.01
r 34.4 0.01 3 15.1049 0.01
r 34.6 0.01 3 15.0633 0.01
r 34.8 0.01 3 14.9346 0.01
r 35 0.01 3 14.7247 0.01
r 35.2 0.01 3 14.6918 0.01
r 35.4 0.01 3 14.4715 0.01
r 35.6 0.01 3 14.4343 0.01
r 35.8 0.01 3 14.2154 0.01
r 36 0.01 3 14.1821 0.01
r 36.2 0.01 3 13.9698 0.01
r 36.4 0.01 3 13.8706 0.01
r 36.6 0.01 3 13.7947 0.01
r 36.8 0.01 3 13.5908 0.01
r 37 0.01 3 13.488 0.01
r 37.2 0.01 3 13.4326 0.01
r 37.4 0.01 3 13.2511 0.01
r 37.6 0.01 3 13.1084 0.01
r 37.8 0.01 3 12.9811 0.01
r 38 0.01 3 12.8664 0.01
r 38.2 0.01 3 12.8123 0.01
r 38.4 0.01 3 12.6868 0.01
r 38.6 0.01 3 12.5609 0.01
r 38.8 0.01 3 12.4249 0.01
r 39 0.01 3 12.3193 0.01
r 39.2 0.01 3 12.1976 0.01
r 39.4 0.01 3 12.0824 0.01
r 39.6 0.01 3 11.9622 0.01
r 39.8 0.01 3 11.842 0.01
r 40 0.01 3 11.6766 0.01
r 40.2 0.01 3 11.5973 0.01
r 40.4 0.01 3 11.478 0.01
r 40.6 0.01 3 11.3592 0.01
r 40.8 0.01 3 11.2395 0.01
r 41 0.01 3 11.1552 0.01
r 41.2 0.01 3 11.0377 0.01
r 41.4 0.01 3 10.8941 0.01
r 41.6 0.01 3 10.8053 0.01
r 41.8 0.01 3 10.6885 0.01
r 42 0.01 3 10.571 0.01
r 42.2 0.01 3 10.4571 0.01
r 42.4 0.01 3 10.3444 0.01
r 42.6 0.01 3 10.2313 0.01
r 42.8 0.01 3 10.1189 0.01
r 43 0.01 3 10.0186 0.01
r 43.2 0.01 3 9.90903 0.01
r 43.4 0.01 3 9.8006 0.01
r 43.6 0.01 3 9.69399 0.01
r 43.8 0.01 3 9.59139 0.01
r 44 0.01 3 9.48692 0.01
r 44.2 0.01 3 9.38336 0.01
r 44.4 0.01 3 9.28189 0.01
r 44.6 0.01 3 9.18113 0.01
r 44.8 0.01 3 9.08546 0.01
r 45 0.01 3 8.98152 0.01
r 45.2 0.01 3 8.88449 0.01
r 45.4 0.01 3 8.78914 0.01
r 45.6 0.01 3 8.69384 0.01
r 45.8 0.01 3 8.59815 0.01
r 46 0.01 3 8.50446 0.01
r 46.2 0.01 3 8.41713 0.01
r 46.4 0.01 3 8.33151 0.01
r 46.6 0.01 3 8.24568 0.01
r 46.8 0.01 3 8.13795 0.01
r 47 0.01 3 8.06251 0.01
r 47.2 0.01 3 7.96803 0.01
r 47.4 0.01 3 7.88408 0.01
r 47.6 0.01 3 7.79518 0.01
r 47.8 0.01 3 7.72746 0.01
r 48 0.01 3 7.62187 0.01
r 48.2 0.01 3 7.53881 0.01
r 48.4 0.01 3 7.45914 0.01
r 48.6 0.01 3 7.38813 0.01
r 48.8 0.01 3 7.31074 0.01
r 49 0.01 3 7.25244 0.01
r 49.2 0.01 3 7.16656 0.01
r 49.4 0.01 3 7.10112 0.01
r 49.6 0.01 3 7.02646 0.01
r 49.8 0.01 3 6.95965 0.01
r 50 0.01 3 6.88214 0.01
r 50.2 0.01 3 6.93587 0.01
r 50.4 0.01 3 6.75392 0.01
r 50.6 0.01 3 6.69748 0.01
r 50.8 0.01 3 6.6728 0.01
r 51 0.01 3 6.58304 0.01
r 51.2 0.01 3 6.52901 0.01
r 51.4 0.01 3 6.47683 0.01
r 51.6 0.01 3 6.4274 0.01
r 51.8 0.01 3 6.38107 0.01
r 52 0.01 3 6.33809 0.01
r 52.2 0.01 3 6.2965 0.01
r 52.4 0.01 3 6.25675 0.01
r 52.6 0.01 3 6.22008 0.01
r 52.8 0.01 3 6.18593 0.01
r 53 0.01 3 6.15577 0.01
r 53.2 0.01 3 6.12752 0.01
r 53.4 0.01 3 6.10232 0.01
r 53.6 0.01 3 6.07999 0.01
r 53.8 0.01 3 6.06026 0.01
r 54 0.01 3 6.04414 0.01
r 54.2 0.01 3 6.03024 0.01
r 54.4 0.01 3 6.01978 0.01
r 54.6 0.01 3 6.01184 0.01
r 54.8 0.01 3 6.00714 0.01
r 55 0.01 3 6.00685 0.01
r 55.2 0.01 3 6.00689 0.01
r 55.4 0.01 3 6.01047 0.01
r 55.6 0.01 3 6.01751 0.01
r 55.8 0.01 3 6.02752 0.01
r 56 0.01 3 6.04056 0.01
r 56.2 0.01 3 6.0568 0.01
r 56.4 0.01 3 6.07577 0.01
r 56.6 0.01 3 6.10362 0.01
r 56.8 0.01 3 6.1241 0.01
r 57 0.01 3 6.15417 0.01
r 57.2 0.01 3 6.18175 0.01
r 57.4 0.01 3 6.21702 0.01
r 57.6 0.01 3 6.25084 0.01
r 57.8 0.01 3 6.28821 0.01
r 58 0.01 3 6.33082 0.01
r 58.2 0.01 3 6.37636 0.01
r 58.4 0.01 3 6.41784 0.01
r 58.6 0.01 3 6.46515 0.01
r 58.8 0.01 3 6.51487 0.01
r 59 0.01 3 6.58005 0.01
r 59.2 0.01 3 6.65242 0.01
r 59.4 0.01 3 6.68034 0.01
r 59.6 0.01 3 6.78205 0.01
r 59.8 0.01 3 6.802 0.01
r 60 0.01 3 6.93175 0.01
r 60.2 0.01 3 6.98187 0.01
r 60.4 0.01 3 7.0016 0.01
r 60.6 0.01 3 7.07279 0.01
r 60.8 0.01 3 7.17028 0.01
r 61 0.01 3 7.22228 0.01
r 61.2 0.01 3 7.29877 0.01
r 61.4 0.01 3 7.37657 0.01
r 61.6 0.01 3 7.45463 0.01
r 61.8 0.01 3 7.53959 0.01
r 62 0.01 3 7.61877 0.01
r 62.2 0.01 3 7.70341 0.01
r 62.4 0.01 3 7.79438 0.01
r 62.6 0.01 3 7.88678 0.01
r 62.8 0.01 3 7.97375 0.01
r 63 0.01 3 8.1082 0.01
r 63.2 0.01 3 8.23334 0.01
r 63.4 0.01 3 8.27936 0.01
r 63.6 0.01 3 8.37747 0.01
r 63.8 0.01 3 8.45985 0.01
r 64 0.01 3 8.5434 0.01
r 64.2 0.01 3 9.28072 0.01
r 64.4 0.01 3 8.73936 0.01
r 64.6 0.01 3 8.82644 0.01
r 64.8 0.01 3 8.93741 0.01
r 65 0.01 3 9.03762 0.01
r 65.2 0.01 3 9.47317 0.01
r 65.4 0.01 3 9.56464 0.01
r 65.6 0.01 3 9.5878 0.01
r 65.8 0.01 3 9.68654 0.01
r 66 0.01 3 9.70607 0.01
r 66.2 0.01 3 9.8199 0.01
r 66.4 0.01 3 9.93586 0.01
r 66.6 0.01 3 9.99895 0.01
r 66.8 0.01 3 10.0991 0.01
r 67 0.01 3 10.1605 0.01
r 67.2 0.01 3 10.2493 0.01
r 67.4 0.01 3 10.3446 0.01
r 67.6 0.01 3 10.4664 0.01
r 67.8 0.01 3 10.555 0.01
r 68 0.01 3 10.6563 0.01
r 68.2 0.01 3 10.7383 0.01
r 68.4 0.01 3 10.8691 0.01
r 68.6 0.01 3 10.979 0.01
r 68.8 0.01 3 11.0466 0.01
r 69 0.01 3 11.1932 0.01
r 69.2 0.01 3 11.2888 0.01
r 69.4 0.01 3 11.4062 0.01
r 69.6 0.01 3 11.4743 0.01
r 69.8 0.01 3 11.5908 0.01
r 70 0.01 3 11.7022 0.01
r 70.2 0.01 3 11.8135 0.01
r 70.4 0.01 3 11.9227 0.01
r 70.6 0.01 3 12.0483 0.01
r 70.8 0.01 3 12.1591 0.01
r 71 0.01 3 12.5428 0.01
r 71.2 0.01 3 12.788 0.01
r 71.4 0.01 3 12.6817 0.01
r 71.6 0.01 3 12.9655 0.01
r 71.8 0.01 3 13.0608 0.01
r 72 0.01 3 13.1585 0.01
r 72.2 0.01 3 13.2595 0.01
r 72.4 0.01 3 13.2481 0.01
r 72.6 0.01 3 13.3344 0.01
r 72.8 0.01 3 13.4396 0.01
r 73 0.01 3 13.604 0.01
r 73.2 0.01 3 13.6554 0.01
r 73.4 0.01 3 13.9044 0.01
r 73.6 0.01 3 13.8792 0.01
r 73.8 0.01 3 13.9849 0.01
r 74 0.01 3 14.2424 0.01
r 74.2 0.01 3 14.2176 0.01
r 74.4 0.01 3 14.3305 0.01
r 74.6 0.01 3 14.4325 0.01
r 74.8 0.01 3 14.5385 0.01
r 75 0.01 3 14.6752 0.01
r 75.2 0.01 3 14.7913 0.01
r 75.4 0.01 3 14.8923 0.01
r 75.6 0.01 3 15.0719 0.01
r 75.8 0.01 3 15.3249 0.01
r 76 0.01 3 15.2725 0.01
r 76.2 0.01 3 15.3932 0.01
r 76.4 0.01 3 15.5118 0.01
r 76.6 0.01 3 15.641 0.01
r 76.8 0.01 3 15.7641 0.01
r 77 0.01 3 16.0388 0.01
r 77.2 0.01 3 16.0089 0.01
r 77.4 0.01 3 16.1277 0.01
r 77.6 0.01 3 16.2556 0.01
r 77.8 0.01 3 16.3817 0.01
r 78 0.01 3 16.5243 0.01
r 78.2 0.01 3 16.6332 0.01
r 78.4 0.01 3 16.7773 0.01
r 78.6 0.01 3 16.8909 0.01
r 78.8 0.01 3 17.0063 0.01
r 79 0.01 3 17.2681 0.01
r 79.2 0.01 3 17.4728 0.01
r 79.4 0.01 3 17.588 0.01
r 79.6 0.01 3 17.6053 0.01
r 79.8 0.01 3 17.7218 0.01
r 80 0.01 3 17.906 0.01
r 80.2 0.01 3 17.954 0.01
r 80.4 0.01 3 18.1257 0.01
r 80.6 0.01 3 18.3448 0.01
r 80.8 0.01 3 18.3891 0.01
r 81 0.01 3 18.4903 0.01
r 81.2 0.01 3 18.5674 0.01
r 81.4 0.01 3 18.7695 0.01
r 81.6 0.01 3 18.8288 0.01
r 81.8 0.01 3 18.9406 0.01
r 82 0.01 3 19.1522 0.01
r 82.2 0.01 3 19.2666 0.01
r 82.4 0.01 3 19.2986 0.01
r 82.6 0.01 3 19.4344 0.01
r 82.8 0.01 3 19.5941 0.01
r 83 0.01 3 19.7415 0.01
r 83.2 0.01 3 19.8651 0.01
r 83.4 0.01 3 19.98 0.01
r 83.6 0.01 3 20.0905 0.01
r 83.8 0.01 3 20.2188 0.01
r 84 0.01 3 20.4146 0.01
r 84.2 0.01 3 20.4851 0.01
r 84.4 0.01 3 20.6458 0.01
r 84.6 0.01 3 20.72 0.01
r 84.8 0.01 3 20.8904 0.01
r 85 0.01 3 20.9928 0.01
r 85.2 0.01 3 21.1122 0.01
r 85.4 0.01 3 21.2856 0.01
r 85.6 0.01 3 21.3743 0.01
r 85.8 0.01 3 21.4519 0.01
r 86 0.01 3 21.5681 0.01
r 86.2 0.01 3 21.6892 0.01
r 86.4 0.01 3 21.9646 0.01
r 86.6 0.01 3 22.0141 0.01
r 86.8 0.01 3 22.1209 0.01
r 87 0.01 3 22.2665 0.01
r 87.2 0.01 3 22.3764 0.01
r 87.4 0.01 3 22.4767 0.01
r 87.6 0.01 3 22.6574 0.01
r 87.8 0.01 3 22.7611 0.01
r 88 0.01 3 22.8656 0.01
r 88.2 0.01 3 22.9694 0.01
r 88.4 0.01 3 23.077 0.01
r 88.6 0.01 3 23.1849 0.01
r 88.8 0.01 3 23.2939 0.01
r 89 0.01 3 23.4038 0.01
r 89.2 0.01 3 23.5161 0.01
r 89.4 0.01 3 23.6302 0.01
r 89.6 0.01 3 23.7444 0.01
r 89.8 0.01 3 23.8613 0.01
r 90 0.01 3 23.9698 0.01
r 90.2 0.01 3 24.0882 0.01
r 90.4 0.01 3 24.2034 0.01
r 90.6 0.01 3 24.3202 0.01
r 90.8 0.01 3 24.4348 0.01
r 91 0.01 3 24.5495 0.01
r 91.2 0.01 3 24.6672 0.01
r 91.4 0.01 3 24.7851 0.01
r 91.6 0.01 3 24.9041 0.01
r 91.8 0.01 3 25.0234 0.01
r 92 0.01 3 25.1417 0.01
r 92.2 0.01 3 25.261 0.01
r 92.4 0.01 3 25.3806 0.01
r 92.6 0.01 3 25.5005 0.01
r 92.8 0.01 3 25.6209 0.01
r 93 0.01 3 25.7412 0.01
r 93.2 0.01 3 25.8623 0.01
r 93.4 0.01 3 25.9836 0.01
r 93.6 0.01 3 26.1053 0.01
r 93.8 0.01 3 26.227 0.01
r 94 0.01 3 26.3489 0.01
r 94.2 0.01 3 26.4764 0.01
r 94.4 0.01 3 26.5971 0.01
r 94.6 0.01 3 26.7176 0.01
r 94.8 0.01 3 26.8379 0.01
r 95 0.01 3 26.958 0.01
s 65 3 602
r 45 0.01 2 13.5188 0.01
r 45.2 0.01 2 13.3859 0.01
r 45.4 0.01 2 13.2531 0.01
r 45.6 0.01 2 13.1203 0.01
r 45.8 0.01 2 12.9879 0.01
r 46 0.01 2 12.8552 0.01
r 46.2 0.01 2 12.7226 0.01
r 46.4 0.01 2 12.5901 0.01
r 46.6 0.01 2 12.4576 0.01
r 46.8 0.01 2 12.3252 0.01
r 47 0.01 2 12.1932 0.01
r 47.2 0.01 2 12.061 0.01
r 47.4 0.01 2 11.9288 0.01
r 47.6 0.01 2 11.7968 0.01
r 47.8 0.01 2 11.6649 0.01
r 48 0.01 2 11.5331 0.01
r 48.2 0.01 2 11.4013 0.01
r 48.4 0.01 2 11.2697 0.01
r 48.6 0.01 2 11.1381 0.01
r 48.8 0.01 2 11.0067 0.01
r 49 0.01 2 10.8752 0.01
r 49.2 0.01 2 10.7439 0.01
r 49.4 0.01 2 10.6126 0.01
r 49.6 0.01 2 10.4814 0.01
r 49.8 0.01 2 10.3502 0.01
r 50 0.01 2 10.2192 0.01
r 50.2 0.01 2 10.0881 0.01
r 50.4 0.01 2 9.9572 0.01
r 50.6 0.01 2 9.82642 0.01
r 50.8 0.01 2 9.69583 0.01
r 51 0.01 2 9.56551 0.01
r 51.2 0.01 2 9.43521 0.01
r 51.4 0.01 2 9.30498 0.01
r 51.6 0.01 2 9.17536 0.01
r 51.8 0.01 2 9.04555 0.01
r 52 0.01 2 8.91599 0.01
r 52.2 0.01 2 8.78645 0.01
r 52.4 0.01 2 8.65716 0.01
r 52.6 0.01 2 8.52806 0.01
r 52.8 0.01 2 8.39914 0.01
r 53 0.01 2 8.27018 0.01
r 53.2 0.01 2 8.14157 0.01
r 53.4 0.01 2 8.01251 0.01
r 53.6 0.01 2 7.88388 0.01
r 53.8 0.01 2 7.75472 0.01
r 54 0.01 2 7.62611 0.01
r 54.2 0.01 2 7.49763 0.01
r 54.4 0.01 2 7.36933 0.01
r 54.6 0.01 2 7.24103 0.01
r 54.8 0.01 2 7.11314 0.01
r 55 0.01 2 6.98549 0.01
r 55.2 0.01 2 6.85791 0.01
r 55.4 0.01 2 6.73051 0.01
r 55.6 0.01 2 6.60342 0.01
r 55.8 0.01 2 6.47672 0.01
r 56 0.01 2 6.35029 0.01
r 56.2 0.01 2 6.22425 0.01
r 56.4 0.01 2 6.09836 0.01
r 56.6 0.01 2 5.97234 0.01
r 56.8 0.01 2 5.84659 0.01
r 57 0.01 2 5.72054 0.01
r 57.2 0.01 2 5.59504 0.01
r 57.4 0.01 2 5.46968 0.01
r 57.6 0.01 2 5.34451 0.01
r 57.8 0.01 2 5.21952 0.01
r 58 0.01 2 5.09485 0.01
r 58.2 0.01 2 4.97055 0.01
r 58.4 0.01 2 4.84686 0.01
r 58.6 0.01 2 4.72389 0.01
r 58.8 0.01 2 4.60172 0.01
r 59 0.01 2 4.48108 0.01
r 59.2 0.01 2 4.36279 0.01
r 59.4 0.01 2 4.24287 0.01
r 59.6 0.01 2 4.12436 0.01
r 59.8 0.01 2 4.00655 0.01
r 60 0.01 2 3.89 0.01
r 60.2 0.01 2 3.77522 0.01
r 60.4 0.01 2 3.66124 0.01
r 60.6 0.01 2 3.5489 0.01
r 60.8 0.01 2 3.43814 0.01
r 61 0.01 2 3.33038 0.01
r 61.2 0.01 2 3.2235 0.01
r 61.4 0.01 2 3.11884 0.01
r 61.6 0.01 2 3.01686 0.01
r 61.8 0.01 2 2.91774 0.01
r 62 0.01 2 2.82157 0.01
r 62.2 0.01 2 2.72869 0.01
r 62.4 0.01 2 2.63916 0.01
r 62.6 0.01 2 2.554 0.01
r 62.8 0.01 2 2.47274 0.01
r 63 0.01 2 2.39651 0.01
r 63.2 0.01 2 2.32537 0.01
r 63.4 0.01 2 2.26024 0.01
r 63.6 0.01 2 2.20015 0.01
r 63.8 0.01 2 2.14754 0.01
r 64 0.01 2 2.10192 0.01
r 64.2 0.01 2 2.0645 0.01
r 64.4 0.01 2 2.03533 0.01
r 64.6 0.01 2 2.01416 0.01
r 64.8 0.01 2 2.00068 0.01
r 65 0.01 2 1.99637 0.01
r 65.2 0.01 2 2.00164 0.01
r 65.4 0.01 2 2.01424 0.01
r 65.6 0.01 2 2.03518 0.01
r 65.8 0.01 2 2.06577 0.01
r 66 0.01 2 2.10457 0.01
r 66.2 0.01 2 2.1512 0.01
r 66.4 0.01 2 2.20533 0.01
r 66.6 0.01 2 2.26633 0.01
r 66.8 0.01 2 2.3337 0.01
r 67 0.01 2 2.4063 0.01
r 67.2 0.01 2 2.48426 0.01
r 67.4 0.01 2 2.56695 0.01
r 67.6 0.01 2 2.65334 0.01
r 67.8 0.01 2 2.74405 0.01
r 68 0.01 2 2.83849 0.01
r 68.2 0.01 2 2.93559 0.01
r 68.4 0.01 2 3.03499 0.01
r 68.6 0.01 2 3.13757 0.01
r 68.8 0.01 2 3.24177 0.01
r 69 0.01 2 3.34757 0.01
r 69.2 0.01 2 3.45571 0.01
r 69.4 0.01 2 3.56498 0.01
r 69.6 0.01 2 3.67602 0.01
r 69.8 0.01 2 3.78814 0.01
r 70 0.01 2 3.9014 0.01
r 70.2 0.01 2 4.01621 0.01
r 70.4 0.01 2 4.13273 0.01
r 70.6 0.01 2 4.25119 0.01
r 70.8 0.01 2 4.36848 0.01
r 71 0.01 2 4.48754 0.01
r 71.2 0.01 2 4.60743 0.01
r 71.4 0.01 2 4.72808 0.01
r 71.6 0.01 2 4.84947 0.01
r 71.8 0.01 2 4.97147 0.01
r 72 0.01 2 5.09401 0.01
r 72.2 0.01 2 5.21694 0.01
r 72.4 0.01 2 5.33998 0.01
r 72.6 0.01 2 5.46327 0.01
r 72.8 0.01 2 5.58692 0.01
r 73 0.01 2 5.71067 0.01
r 73.2 0.01 2 5.83498 0.01
r 73.4 0.01 2 5.95972 0.01
r 73.6 0.01 2 6.08474 0.01
r 73.8 0.01 2 6.21012 0.01
r 74 0.01 2 6.3372 0.01
r 74.2 0.01 2 6.46246 0.01
r 74.4 0.01 2 6.58833 0.01
r 74.6 0.01 2 6.71476 0.01
r 74.8 0.01 2 6.84183 0.01
r 75 0.01 2 6.96948 0.01
r 75.2 0.01 2 7.09646 0.01
r 75.4 0.01 2 7.22386 0.01
r 75.6 0.01 2 7.35163 0.01
r 75.8 0.01 2 7.47973 0.01
r 76 0.01 2 7.60814 0.01
r 76.2 0.01 2 7.73685 0.01
r 76.4 0.01 2 7.86583 0.01
r 76.6 0.01 2 7.99505 0.01
r 76.8 0.01 2 8.12343 0.01
r 77 0.01 2 8.25346 0.01
r 77.2 0.01 2 8.38362 0.01
r 77.4 0.01 2 8.51414 0.01
r 77.6 0.01 2 8.64503 0.01
r 77.8 0.01 2 8.7759 0.01
r 78 0.01 2 8.90722 0.01
r 78.2 0.01 2 9.03884 0.01
r 78.4 0.01 2 9.1705 0.01
r 78.6 0.01 2 9.30209 0.01
r 78.8 0.01 2 9.43377 0.01
r 79 0.01 2 9.56443 0.01
r 79.2 0.01 2 9.69671 0.01
r 79.4 0.01 2 9.82801 0.01
r 79.6 0.01 2 9.95947 0.01
r 79.8 0.01 2 10.0909 0.01
r 80 0.01 2 10.2226 0.01
r 80.2 0.01 2 10.3542 0.01
r 80.4 0.01 2 10.4858 0.01
r 80.6 0.01 2 10.6172 0.01
r 80.8 0.01 2 10.7486 0.01
r 81 0.01 2 10.8797 0.01
r 81.2 0.01 2 11.0108 0.01
r 81.4 0.01 2 11.1417 0.01
r 81.6 0.01 2 11.2728 0.01
r 81.8 0.01 2 11.4035 0.01
r 82 0.01 2 11.5341 0.01
r 82.2 0.01 2 11.6647 0.01
r 82.4 0.01 2 11.7953 0.01
r 82.6 0.01 2 11.9261 0.01
r 82.8 0.01 2 12.057 0.01
r 83 0.01 2 12.1881 0.01
r 83.2 0.01 2 12.3194 0.01
r 83.4 0.01 2 12.4508 0.01
r 83.6 0.01 2 12.5825 0.01
r 83.8 0.01 2 12.7141 0.01
r 84 0.01 2 12.8456 0.01
r 84.2 0.01 2 12.9774 0.01
r 84.4 0.01 2 13.1093 0.01
r 84.6 0.01 2 13.2413 0.01
r 84.8 0.01 2 13.3733 0.01
r 85 0.01 2 13.5054 0.01
r 25 0.01 3 27.2991 0.01
r 25.2 0.01 3 27.1695 0.01
r 25.4 0.01 3 27.0401 0.01
r 25.6 0.01 3 26.9107 0.01
r 25.8 0.01 3 26.7815 0.01
r 26 0.01 3 26.6525 0.01
r 26.2 0.01 3 26.5233 0.01
r 26.4 0.01 3 26.3944 0.01
r 26.6 0.01 3 26.2657 0.01
r 26.8 0.01 3 26.137 0.01
r 27 0.01 3 26.0068 0.01
r 27.2 0.01 3 25.8783 0.01
r 27.4 0.01 3 25.7499 0.01
r 27.6 0.01 3 25.6216 0.01
r 27.8 0.01 3 25.4936 0.01
r 28 0.01 3 25.3657 0.01
r 28.2 0.01 3 25.238 0.01
r 28.4 0.01 3 25.1105 0.01
r 28.6 0.01 3 24.9832 0.01
r 28.8 0.01 3 24.8562 0.01
r 29 0.01 3 24.7752 0.01
r 29.2 0.01 3 24.6447 0.01
r 29.4 0.01 3 24.5143 0.01
r 29.6 0.01 3 24.384 0.01
r 29.8 0.01 3 24.2539 0.01
r 30 0.01 3 24.1239 0.01
r 30.2 0.01 3 23.994 0.01
r 30.4 0.01 3 23.8643 0.01
r 30.6 0.01 3 23.7347 0.01
r 30.8 0.01 3 23.6053 0.01
r 31 0.01 3 23.5921 0.01
r 31.2 0.01 3 23.4294 0.01
r 31.4 0.01 3 23.3317 0.01
r 31.6 0.01 3 23.2016 0.01
r 31.8 0.01 3 23.0391 0.01
r 32 0.01 3 22.8949 0.01
r 32.2 0.01 3 22.8115 0.01
r 32.4 0.01 3 22.6354 0.01
r 32.6 0.01 3 22.5551 0.01
r 32.8 0.01 3 22.4258 0.01
r 33 0.01 3 22.3288 0.01
r 33.2 0.01 3 22.347 0.01
r 33.4 0.01 3 22.069 0.01
r 33.6 0.01 3 21.9024 0.01
r 33.8 0.01 3 21.7343 0.01
r 34 0.01 3 21.6773 0.01
r 34.2 0.01 3 21.5004 0.01
r 34.4 0.01 3 21.3727 0.01
r 34.6 0.01 3 21.4358 0.01
r 34.8 0.01 3 21.1165 0.01
r 35 0.01 3 20.9593 0.01
r 35.2 0.01 3 20.9965 0.01
r 35.4 0.01 3 20.8596 0.01
r 35.6 0.01 3 20.5855 0.01
r 35.8 0.01 3 20.4766 0.01
r 36 0.01 3 20.3654 0.01
r 36.2 0.01 3 20.2105 0.01
r 36.4 0.01 3 20.2166 0.01
r 36.6 0.01 3 20.0814 0.01
r 36.8 0.01 3 19.8258 0.01
r 37 0.01 3 19.8489 0.01
r 37.2 0.01 3 19.6028 0.01
r 37.4 0.01 3 19.5992 0.01
r 37.6 0.01 3 19.3414 0.01
r 37.8 0.01 3 19.2085 0.01
r 38 0.01 3 19.1898 0.01
r 38.2 0.01 3 19.0106 0.01
r 38.4 0.01 3 18.9425 0.01
r 38.6 0.01 3 18.7591 0.01
r 38.8 0.01 3 18.6783 0.01
r 39 0.01 3 18.575 0.01
r 39.2 0.01 3 18.334 0.01
r 39.4 0.01 3 18.3262 0.01
r 39.6 0.01 3 18.0725 0.01
r 39.8 0.01 3 17.9595 0.01
r 40 0.01 3 18.0004 0.01
r 40.2 0.01 3 17.8015 0.01
r 40.4 0.01 3 17.6914 0.01
r 40.6 0.01 3 17.4765 0.01
r 40.8 0.01 3 17.3029 0.01
r 41 0.01 3 17.3316 0.01
r 41.2 0.01 3 17.1453 0.01
r 41.4 0.01 3 17.093 0.01
r 41.6 0.01 3 16.8234 0.01
r 41.8 0.01 3 16.6928 0.01
r 42 0.01 3 16.5438 0.01
r 42.2 0.01 3 16.5312 0.01
r 42.4 0.01 3 16.3338 0.01
r 42.6 0.01 3 16.2384 0.01
r 42.8 0.01 3 16.0515 0.01
r 43 0.01 3 16.1511 0.01
r 43.2 0.01 3 15.937 0.01
r 43.4 0.01 3 15.8149 0.01
r 43.6 0.01 3 15.7213 0.01
r 43.8 0.01 3 15.5961 0.01
r 44 0.01 3 15.4407 0.01
r 44.2 0.01 3 15.3205 0.01
r 44.4 0.01 3 15.1937 0.01
r 44.6 0.01 3 15.0528 0.01
r 44.8 0.01 3 14.9294 0.01
r 45 0.01 3 14.8189 0.01
r 45.2 0.01 3 14.6825 0.01
r 45.4 0.01 3 14.5711 0.01
r 45.6 0.01 3 14.442 0.01
r 45.8 0.01 3 14.3125 0.01
r 46 0.01 3 14.1989 0.01
r 46.2 0.01 3 14.0553 0.01
r 46.4 0.01 3 13.9403 0.01
r 46.6 0.01 3 13.8144 0.01
r 46.8 0.01 3 13.6964 0.01
r 47 0.01 3 13.5595 0.01
r 47.2 0.01 3 13.4427 0.01
r 47.4 0.01 3 13.3095 0.01
r 47.6 0.01 3 13.1962 0.01
r 47.8 0.01 3 13.0704 0.01
r 48 0.01 3 12.9453 0.01
r 48.2 0.01 3 12.8247 0.01
r 48.4 0.01 3 12.6996 0.01
r 48.6 0.01 3 12.5817 0.01
r 48.8 0.01 3 12.4588 0.01
r 49 0.01 3 12.3194 0.01
r 49.2 0.01 3 12.2131 0.01
r 49.4 0.01 3 12.0917 0.01
r 49.6 0.01 3 11.9871 0.01
r 49.8 0.01 3 11.8531 0.01
r 50 0.01 3 11.7268 0.01
r 50.2 0.01 3 11.6155 0.01
r 50.4 0.01 3 11.4979 0.01
r 50.6 0.01 3 11.4153 0.01
r 50.8 0.01 3 11.3201 0.01
r 51 0.01 3 11.1763 0.01
r 51.2 0.01 3 11.0482 0.01
r 51.4 0.01 3 10.9174 0.01
r 51.6 0.01 3 10.8325 0.01
r 51.8 0.01 3 10.739 0.01
r 52 0.01 3 10.6337 0.01
r 52.2 0.01 3 10.4848 0.01
r 52.4 0.01 3 10.3963 0.01
r 52.6 0.01 3 10.3006 0.01
r 52.8 0.01 3 10.155 0.01
r 53 0.01 3 10.0379 0.01
r 53.2 0.01 3 9.94062 0.01
r 53.4 0.01 3 9.82243 0.01
r 53.6 0.01 3 9.71618 0.01
r 53.8 0.01 3 9.61141 0.01
r 54 0.01 3 9.50673 0.01
r 54.2 0.01 3 9.40473 0.01
r 54.4 0.01 3 9.30683 0.01
r 54.6 0.01 3 9.19556 0.01
r 54.8 0.01 3 9.08461 0.01
r 55 0.01 3 8.98939 0.01
r 55.2 0.01 3 8.88992 0.01
r 55.4 0.01 3 8.79446 0.01
r 55.6 0.01 3 8.69852 0.01
r 55.8 0.01 3 8.61236 0.01
r 56 0.01 3 8.51548 0.01
r 56.2 0.01 3 8.42896 0.01
r 56.4 0.01 3 8.32428 0.01
r 56.6 0.01 3 8.2549 0.01
r 56.8 0.01 3 8.16627 0.01
r 57 0.01 3 8.04494 0.01
r 57.2 0.01 3 7.95721 0.01
r 57.4 0.01 3 7.8701 0.01
r 57.6 0.01 3 7.78807 0.01
r 57.8 0.01 3 7.70108 0.01
r 58 0.01 3 7.61397 0.01
r 58.2 0.01 3 7.53124 0.01
r 58.4 0.01 3 7.45743 0.01
r 58.6 0.01 3 7.38327 0.01
r 58.8 0.01 3 7.30248 0.01
r 59 0.01 3 7.30495 0.01
r 59.2 0.01 3 7.21563 0.01
r 59.4 0.01 3 7.14401 0.01
r 59.6 0.01 3 7.07165 0.01
r 59.8 0.01 3 6.98772 0.01
r 60 0.01 3 6.89436 0.01
r 60.2 0.01 3 6.84344 0.01
r 60.4 0.01 3 6.74683 0.01
r 60.6 0.01 3 6.68272 0.01
r 60.8 0.01 3 6.62445 0.01
r 61 0.01 3 6.58263 0.01
r 61.2 0.01 3 6.51365 0.01
r 61.4 0.01 3 6.461 0.01
r 61.6 0.01 3 6.41311 0.01
r 61.8 0.01 3 6.36325 0.01
r 62 0.01 3 6.31928 0.01
r 62.2 0.01 3 6.2769 0.01
r 62.4 0.01 3 6.23705 0.01
r 62.6 0.01 3 6.20035 0.01
r 62.8 0.01 3 6.16627 0.01
r 63 0.01 3 6.13591 0.01
r 63.2 0.01 3 6.10799 0.01
r 63.4 0.01 3 6.08222 0.01
r 63.6 0.01 3 6.06026 0.01
r 63.8 0.01 3 6.0418 0.01
r 64 0.01 3 6.03194 0.01
r 64.2 0.01 3 6.01647 0.01
r 64.4 0.01 3 6.00562 0.01
r 64.6 0.01 3 5.99971 0.01
r 64.8 0.01 3 5.9988 0.01
r 65 0.01 3 5.99804 0.01
r 65.2 0.01 3 5.99937 0.01
r 65.4 0.01 3 6.00461 0.01
r 65.6 0.01 3 6.01303 0.01
r 65.8 0.01 3 6.02472 0.01
r 66 0.01 3 6.03935 0.01
r 66.2 0.01 3 6.0573 0.01
r 66.4 0.01 3 6.07792 0.01
r 66.6 0.01 3 6.10626 0.01
r 66.8 0.01 3 6.12657 0.01
r 67 0.01 3 6.15312 0.01
r 67.2 0.01 3 6.18332 0.01
r 67.4 0.01 3 6.21554 0.01
r 67.6 0.01 3 6.25115 0.01
r 67.8 0.01 3 6.28903 0.01
r 68 0.01 3 6.32952 0.01
r 68.2 0.01 3 6.37442 0.01
r 68.4 0.01 3 6.41792 0.01
r 68.6 0.01 3 6.47199 0.01
r 68.8 0.01 3 6.51456 0.01
r 69 0.01 3 6.56731 0.01
r 69.2 0.01 3 6.62288 0.01
r 69.4 0.01 3 6.67948 0.01
r 69.6 0.01 3 6.73855 0.01
r 69.8 0.01 3 6.80044 0.01
r 70 0.01 3 6.86601 0.01
r 70.2 0.01 3 6.93504 0.01
r 70.4 0.01 3 7.00733 0.01
r 70.6 0.01 3 7.0997 0.01
r 70.8 0.01 3 7.18675 0.01
r 71 0.01 3 7.23708 0.01
r 71.2 0.01 3 7.32023 0.01
r 71.4 0.01 3 7.39504 0.01
r 71.6 0.01 3 7.48556 0.01
r 71.8 0.01 3 7.56283 0.01
r 72 0.01 3 7.66128 0.01
r 72.2 0.01 3 7.75414 0.01
r 72.4 0.01 3 7.83566 0.01
r 72.6 0.01 3 7.88072 0.01
r 72.8 0.01 3 8.01641 0.01
r 73 0.01 3 8.08613 0.01
r 73.2 0.01 3 8.16659 0.01
r 73.4 0.01 3 8.25894 0.01
r 73.6 0.01 3 8.34515 0.01
r 73.8 0.01 3 8.54598 0.01
r 74 0.01 3 8.58536 0.01
r 74.2 0.01 3 8.71508 0.01
r 74.4 0.01 3 8.81773 0.01
r 74.6 0.01 3 8.89897 0.01
r 74.8 0.01 3 8.99876 0.01
r 75 0.01 3 9.08375 0.01
r 75.2 0.01 3 9.20642 0.01
r 75.4 0.01 3 9.25467 0.01
r 75.6 0.01 3 9.32918 0.01
r 75.8 0.01 3 9.45125 0.01
r 76 0.01 3 9.52837 0.01
r 76.2 0.01 3 9.68688 0.01
r 76.4 0.01 3 9.738 0.01
r 76.6 0.01 3 9.84491 0.01
r 76.8 0.01 3 9.94185 0.01
r 77 0.01 3 10.045 0.01
r 77.2 0.01 3 10.1555 0.01
r 77.4 0.01 3 10.2573 0.01
r 77.6 0.01 3 10.3634 0.01
r 77.8 0.01 3 10.4739 0.01
r 78 0.01 3 10.5837 0.01
r 78.2 0.01 3 10.6935 0.01
r 78.4 0.01 3 10.8037 0.01
r 78.6 0.01 3 10.9151 0.01
r 78.8 0.01 3 11.029 0.01
r 79 0.01 3 11.2581 0.01
r 79.2 0.01 3 11.3422 0.01
r 79.4 0.01 3 11.5719 0.01
r 79.6 0.01 3 11.5353 0.01
r 79.8 0.01 3 11.6596 0.01
r 80 0.01 3 11.7497 0.01
r 80.2 0.01 3 11.8555 0.01
r 80.4 0.01 3 12.0235 0.01
r 80.6 0.01 3 12.1229 0.01
r 80.8 0.01 3 12.2277 0.01
r 81 0.01 3 12.317 0.01
r 81.2 0.01 3 12.4184 0.01
r 81.4 0.01 3 12.5294 0.01
r 81.6 0.01 3 12.7029 0.01
r 81.8 0.01 3 12.754 0.01
r 82 0.01 3 12.8676 0.01
r 82.2 0.01 3 13.0192 0.01
r 82.4 0.01 3 13.168 0.01
r 82.6 0.01 3 13.2732 0.01
r 82.8 0.01 3 13.3781 0.01
r 83 0.01 3 13.4746 0.01
r 83.2 0.01 3 13.6148 0.01
r 83.4 0.01 3 13.708 0.01
r 83.6 0.01 3 13.8618 0.01
r 83.8 0.01 3 13.9526 0.01
r 84 0.01 3 14.1463 0.01
r 84.2 0.01 3 14.2534 0.01
r 84.4 0.01 3 14.2984 0.01
r 84.6 0.01 3 14.4377 0.01
r 84.8 0.01 3 14.5746 0.01
r 85 0.01 3 14.8072 0.01
r 85.2 0.01 3 14.9032 0.01
r 85.4 0.01 3 15.0087 0.01
r 85.6 0.01 3 15.1345 0.01
r 85.8 0.01 3 15.1994 0.01
r 86 0.01 3 15.4207 0.01
r 86.2 0.01 3 15.503 0.01
r 86.4 0.01 3 15.6924 0.01
r 86.6 0.01 3 15.7295 0.01
r 86.8 0.01 3 16.0872 0.01
r 87 0.01 3 16.212 0.01
r 87.2 0.01 3 16.0418 0.01
r 87.4 0.01 3 16.272 0.01
r 87.6 0.01 3 16.5595 0.01
r 87.8 0.01 3 16.6093 0.01
r 88 0.01 3 16.837 0.01
r 88.2 0.01 3 16.8216 0.01
r 88.4 0.01 3 16.9537 0.01
r 88.6 0.01 3 17.0329 0.01
r 88.8 0.01 3 17.5612 0.01
r 89 0.01 3 17.4094 0.01
r 89.2 0.01 3 17.521 0.01
r 89.4 0.01 3 17.4741 0.01
r 89.6 0.01 3 17.6978 0.01
r 89.8 0.01 3 17.7775 0.01
r 90 0.01 3 17.8713 0.01
r 90.2 0.01 3 17.967 0.01
r 90.4 0.01 3 18.0855 0.01
r 90.6 0.01 3 18.3045 0.01
r 90.8 0.01 3 18.3412 0.01
r 91 0.01 3 18.5313 0.01
r 91.2 0.01 3 18.514 0.01
r 91.4 0.01 3 18.6299 0.01
r 91.6 0.01 3 18.8499 0.01
r 91.8 0.01 3 18.8677 0.01
r 92 0.01 3 19.0366 0.01
r 92.2 0.01 3 19.1192 0.01
r 92.4 0.01 3 19.2363 0.01
r 92.6 0.01 3 19.3547 0.01
r 92.8 0.01 3 19.4331 0.01
r 93 0.01 3 19.8164 0.01
r 93.2 0.01 3 19.6523 0.01
r 93.4 0.01 3 19.7537 0.01
r 93.6 0.01 3 19.8634 0.01
r 93.8 0.01 3 20.022 0.01
r 94 0.01 3 20.0904 0.01
r 94.2 0.01 3 20.3057 0.01
r 94.4 0.01 3 20.5564 0.01
r 94.6 0.01 3 20.4745 0.01
r 94.8 0.01 3 20.7216 0.01
r 95 0.01 3 20.7711 0.01
r 95.2 0.01 3 20.8766 0.01
r 95.4 0.01 3 20.9875 0.01
r 95.6 0.01 3 21.1037 0.01
r 95.8 0.01 3 21.2087 0.01
r 96 0.01 3 21.3177 0.01
r 96.2 0.01 3 21.4233 0.01
r 96.4 0.01 3 21.5326 0.01
r 96.6 0.01 3 21.6425 0.01
r 96.8 0.01 3 21.7523 0.01
r 97 0.01 3 21.9281 0.01
r 97.2 0.01 3 22.0361 0.01
r 97.4 0.01 3 22.1431 0.01
r 97.6 0.01 3 22.3174 0.01
r 97.8 0.01 3 22.423 0.01
r 98 0.01 3 22.5278 0.01
r 98.2 0.01 3 22.633 0.01
r 98.4 0.01 3 22.7411 0.01
r 98.6 0.01 3 22.8499 0.01
r 98.8 0.01 3 22.9378 0.01
r 99 0.01 3 23.0455 0.01
r 99.2 0.01 3 23.1856 0.01
r 99.4 0.01 3 23.3004 0.01
r 99.6 0.01 3 23.3985 0.01
r 99.8 0.01 3 23.5358 0.01
r 100 0.01 3 23.652 0.01
r 100.2 0.01 3 23.7682 0.01
r 100.4 0.01 3 23.8856 0.01
r 100.6 0.01 3 24.0037 0.01
r 100.8 0.01 3 24.1229 0.01
r 101 0.01 3 24.2399 0.01
r 101.2 0.01 3 24.3607 0.01
r 101.4 0.01 3 24.4812 0.01
r 101.6 0.01 3 24.6118 0.01
r 101.8 0.01 3 24.7239 0.01
r 102 0.01 3 24.8462 0.01
r 102.2 0.01 3 24.9682 0.01
r 102.4 0.01 3 25.0959 0.01
r 102.6 0.01 3 25.218 0.01
r 102.8 0.01 3 25.3404 0.01
r 103 0.01 3 25.463 0.01
r 103.2 0.01 3 25.5855 0.01
r 103.4 0.01 3 25.7081 0.01
r 103.6 0.01 3 25.8304 0.01
r 103.8 0.01 3 25.9529 0.01
r 104 0.01 3 26.076 0.01
r 104.2 0.01 3 26.1953 0.01
r 104.4 0.01 3 26.3149 0.01
r 104.6 0.01 3 26.4348 0.01
r 104.8 0.01 3 26.5525 0.01
r 105 0.01 3 26.6728 0.01
s 75 3 602
r 55 0.01 2 13.5118 0.01
r 55.2 0.01 2 13.3792 0.01
r 55.4 0.01 2 13.2467 0.01
r 55.6 0.01 2 13.1143 0.01
r 55.8 0.01 2 12.9819 0.01
r 56 0.01 2 12.8497 0.01
r 56.2 0.01 2 12.7173 0.01
r 56.4 0.01 2 12.5849 0.01
r 56.6 0.01 2 12.4523 0.01
r 56.8 0.01 2 12.3197 0.01
r 57 0.01 2 12.187 0.01
r 57.2 0.01 2 12.0541 0.01
r 57.4 0.01 2 11.9211 0.01
r 57.6 0.01 2 11.788 0.01
r 57.8 0.01 2 11.6547 0.01
r 58 0.01 2 11.5215 0.01
r 58.2 0.01 2 11.3883 0.01
r 58.4 0.01 2 11.2553 0.01
r 58.6 0.01 2 11.1224 0.01
r 58.8 0.01 2 10.9898 0.01
r 59 0.01 2 10.8573 0.01
r 59.2 0.01 2 10.7252 0.01
r 59.4 0.01 2 10.5932 0.01
r 59.6 0.01 2 10.4615 0.01
r 59.8 0.01 2 10.3302 0.01
r 60 0.01 2 10.1987 0.01
r 60.2 0.01 2 10.0675 0.01
r 60.4 0.01 2 9.93649 0.01
r 60.6 0.01 2 9.80581 0.01
r 60.8 0.01 2 9.67541 0.01
r 61 0.01 2 9.54514 0.01
r 61.2 0.01 2 9.41515 0.01
r 61.4 0.01 2 9.28543 0.01
r 61.6 0.01 2 9.15596 0.01
r 61.8 0.01 2 9.02689 0.01
r 62 0.01 2 8.89794 0.01
r 62.2 0.01 2 8.76906 0.01
r 62.4 0.01 2 8.64034 0.01
r 62.6 0.01 2 8.51152 0.01
r 62.8 0.01 2 8.38269 0.01
r 63 0.01 2 8.25409 0.01
r 63.2 0.01 2 8.12563 0.01
r 63.4 0.01 2 7.99726 0.01
r 63.6 0.01 2 7.86901 0.01
r 63.8 0.01 2 7.74085 0.01
r 64 0.01 2 7.61273 0.01
r 64.2 0.01 2 7.48483 0.01
r 64.4 0.01 2 7.35695 0.01
r 64.6 0.01 2 7.22933 0.01
r 64.8 0.01 2 7.10192 0.01
r 65 0.01 2 6.97479 0.01
r 65.2 0.01 2 6.84764 0.01
r 65.4 0.01 2 6.7207 0.01
r 65.6 0.01 2 6.594 0.01
r 65.8 0.01 2 6.46759 0.01
r 66 0.01 2 6.34147 0.01
r 66.2 0.01 2 6.21564 0.01
r 66.4 0.01 2 6.08982 0.01
r 66.6 0.01 2 5.96412 0.01
r 66.8 0.01 2 5.83866 0.01
r 67 0.01 2 5.71341 0.01
r 67.2 0.01 2 5.58843 0.01
r 67.4 0.01 2 5.46371 0.01
r 67.6 0.01 2 5.33926 0.01
r 67.8 0.01 2 5.21502 0.01
r 68 0.01 2 5.09089 0.01
r 68.2 0.01 2 4.96709 0.01
r 68.4 0.01 2 4.84397 0.01
r 68.6 0.01 2 4.72151 0.01
r 68.8 0.01 2 4.59979 0.01
r 69 0.01 2 4.47898 0.01
r 69.2 0.01 2 4.35899 0.01
r 69.4 0.01 2 4.23969 0.01
r 69.6 0.01 2 4.12143 0.01
r 69.8 0.01 2 4.00443 0.01
r 70 0.01 2 3.88905 0.01
r 70.2 0.01 2 3.77512 0.01
r 70.4 0.01 2 3.66255 0.01
r 70.6 0.01 2 3.55136 0.01
r 70.8 0.01 2 3.44182 0.01
r 71 0.01 2 3.33411 0.01
r 71.2 0.01 2 3.22829 0.01
r 71.4 0.01 2 3.12464 0.01
r 71.6 0.01 2 3.0233 0.01
r 71.8 0.01 2 2.92457 0.01
r 72 0.01 2 2.82848 0.01
r 72.2 0.01 2 2.73531 0.01
r 72.4 0.01 2 2.64565 0.01
r 72.6 0.01 2 2.56007 0.01
r 72.8 0.01 2 2.47926 0.01
r 73 0.01 2 2.4026 0.01
r 73.2 0.01 2 2.33124 0.01
r 73.4 0.01 2 2.26523 0.01
r 73.6 0.01 2 2.20527 0.01
r 73.8 0.01 2 2.15176 0.01
r 74 0.01 2 2.10614 0.01
r 74.2 0.01 2 2.06852 0.01
r 74.4 0.01 2 2.03887 0.01
r 74.6 0.01 2 2.01763 0.01
r 74.8 0.01 2 2.00417 0.01
r 75 0.01 2 1.99975 0.01
r 75.2 0.01 2 2.00457 0.01
r 75.4 0.01 2 2.01699 0.01
r 75.6 0.01 2 2.03782 0.01
r 75.8 0.01 2 2.06829 0.01
r 76 0.01 2 2.10697 0.01
r 76.2 0.01 2 2.15348 0.01
r 76.4 0.01 2 2.20747 0.01
r 76.6 0.01 2 2.26832 0.01
r 76.8 0.01 2 2.33561 0.01
r 77 0.01 2 2.4089 0.01
r 77.2 0.01 2 2.48657 0.01
r 77.4 0.01 2 2.56889 0.01
r 77.6 0.01 2 2.65599 0.01
r 77.8 0.01 2 2.74756 0.01
r 78 0.01 2 2.84197 0.01
r 78.2 0.01 2 2.93865 0.01
r 78.4 0.01 2 3.03837 0.01
r 78.6 0.01 2 3.14058 0.01
r 78.8 0.01 2 3.24547 0.01
r 79 0.01 2 3.35343 0.01
r 79.2 0.01 2 3.46281 0.01
r 79.4 0.01 2 3.57348 0.01
r 79.6 0.01 2 3.68358 0.01
r 79.8 0.01 2 3.79634 0.01
r 80 0.01 2 3.91129 0.01
r 80.2 0.01 2 4.02642 0.01
r 80.4 0.01 2 4.14298 0.01
r 80.6 0.01 2 4.26058 0.01
r 80.8 0.01 2 4.3786 0.01
r 81 0.01 2 4.49739 0.01
r 81.2 0.01 2 4.61703 0.01
r 81.4 0.01 2 4.73733 0.01
r 81.6 0.01 2 4.85815 0.01
r 81.8 0.01 2 4.97956 0.01
r 82 0.01 2 5.10135 0.01
r 82.2 0.01 2 5.22376 0.01
r 82.4 0.01 2 5.34691 0.01
r 82.6 0.01 2 5.47066 0.01
r 82.8 0.01 2 5.59506 0.01
r 83 0.01 2 5.72034 0.01
r 83.2 0.01 2 5.84553 0.01
r 83.4 0.01 2 5.97139 0.01
r 83.6 0.01 2 6.0976 0.01
r 83.8 0.01 2 6.22421 0.01
r 84 0.01 2 6.3512 0.01
r 84.2 0.01 2 6.48027 0.01
r 84.4 0.01 2 6.60684 0.01
r 84.6 0.01 2 6.73357 0.01
r 84.8 0.01 2 6.8607 0.01
r 85 0.01 2 6.98838 0.01
r 85.2 0.01 2 7.11591 0.01
r 85.4 0.01 2 7.24361 0.01
r 85.6 0.01 2 7.37087 0.01
r 85.8 0.01 2 7.49878 0.01
r 86 0.01 2 7.62545 0.01
r 86.2 0.01 2 7.75194 0.01
r 86.4 0.01 2 7.87786 0.01
r 86.6 0.01 2 8.0034 0.01
r 86.8 0.01 2 8.12829 0.01
r 87 0.01 2 8.25295 0.01
r 87.2 0.01 2 8.37684 0.01
r 87.4 0.01 2 8.50016 0.01
r 87.6 0.01 2 8.62379 0.01
r 87.8 0.01 2 8.74634 0.01
r 88 0.01 2 8.86839 0.01
r 88.2 0.01 2 8.99053 0.01
r 88.4 0.01 2 9.11246 0.01
r 88.6 0.01 2 9.23425 0.01
r 88.8 0.01 2 9.35536 0.01
r 89 0.01 2 9.47718 0.01
r 89.2 0.01 2 9.59824 0.01
r 89.4 0.01 2 9.71954 0.01
r 89.6 0.01 2 9.84089 0.01
r 89.8 0.01 2 9.96227 0.01
r 90 0.01 2 10.0837 0.01
r 90.2 0.01 2 10.2052 0.01
r 90.4 0.01 2 10.3267 0.01
r 90.6 0.01 2 10.4483 0.01
r 90.8 0.01 2 10.5703 0.01
r 91 0.01 2 10.6921 0.01
r 91.2 0.01 2 10.8143 0.01
r 91.4 0.01 2 10.9367 0.01
r 91.6 0.01 2 11.0593 0.01
r 91.8 0.01 2 11.1822 0.01
r 92 0.01 2 11.3051 0.01
r 92.2 0.01 2 11.4284 0.01
r 92.4 0.01 2 11.552 0.01
r 92.6 0.01 2 11.676 0.01
r 92.8 0.01 2 11.8003 0.01
r 93 0.01 2 11.9249 0.01
r 93.2 0.01 2 12.0499 0.01
r 93.4 0.01 2 12.1751 0.01
r 93.6 0.01 2 12.3007 0.01
r 93.8 0.01 2 12.4264 0.01
r 94 0.01 2 12.5525 0.01
r 94.2 0.01 2 12.6786 0.01
r 94.4 0.01 2 12.8049 0.01
r 94.6 0.01 2 12.9313 0.01
r 94.8 0.01 2 13.0576 0.01
r 95 0.01 2 13.1839 0.01
r 35 0.01 3 27.3087 0.01
r 35.2 0.01 3 27.1801 0.01
r 35.4 0.01 3 27.0519 0.01
r 35.6 0.01 3 26.9239 0.01
r 35.8 0.01 3 26.7959 0.01
r 36 0.01 3 26.6681 0.01
r 36.2 0.01 3 26.5403 0.01
r 36.4 0.01 3 26.4127 0.01
r 36.6 0.01 3 26.2852 0.01
r 36.8 0.01 3 26.1578 0.01
r 37 0.01 3 26.0596 0.01
r 37.2 0.01 3 25.9301 0.01
r 37.4 0.01 3 25.8007 0.01
r 37.6 0.01 3 25.6714 0.01
r 37.8 0.01 3 25.542 0.01
r 38 0.01 3 25.4088 0.01
r 38.2 0.01 3 25.2796 0.01
r 38.4 0.01 3 25.1498 0.01
r 38.6 0.01 3 25.0201 0.01
r 38.8 0.01 3 24.8905 0.01
r 39 0.01 3 24.7929 0.01
r 39.2 0.01 3 24.6632 0.01
r 39.4 0.01 3 24.5333 0.01
r 39.6 0.01 3 24.4038 0.01
r 39.8 0.01 3 24.2742 0.01
r 40 0.01 3 24.1452 0.01
r 40.2 0.01 3 24.0157 0.01
r 40.4 0.01 3 23.8865 0.01
r 40.6 0.01 3 23.7571 0.01
r 40.8 0.01 3 23.6277 0.01
r 41 0.01 3 23.4988 0.01
r 41.2 0.01 3 23.3694 0.01
r 41.4 0.01 3 23.2406 0.01
r 41.6 0.01 3 23.1112 0.01
r 41.8 0.01 3 22.9821 0.01
r 42 0.01 3 22.8535 0.01
r 42.2 0.01 3 22.7242 0.01
r 42.4 0.01 3 22.5957 0.01
r 42.6 0.01 3 22.4666 0.01
r 42.8 0.01 3 22.3373 0.01
r 43 0.01 3 22.209 0.01
r 43.2 0.01 3 22.08 0.01
r 43.4 0.01 3 21.9511 0.01
r 43.6 0.01 3 21.8224 0.01
r 43.8 0.01 3 21.694 0.01
r 44 0.01 3 21.5653 0.01
r 44.2 0.01 3 21.4367 0.01
r 44.4 0.01 3 21.3078 0.01
r 44.6 0.01 3 21.1796 0.01
r 44.8 0.01 3 21.0514 0.01
r 45 0.01 3 20.9151 0.01
r 45.2 0.01 3 20.7857 0.01
r 45.4 0.01 3 20.6566 0.01
r 45.6 0.01 3 20.5276 0.01
r 45.8 0.01 3 20.3989 0.01
r 46 0.01 3 20.2702 0.01
r 46.2 0.01 3 20.1418 0.01
r 46.4 0.01 3 20.0136 0.01
r 46.6 0.01 3 19.8854 0.01
r 46.8 0.01 3 19.7574 0.01
r 47 0.01 3 19.6287 0.01
r 47.2 0.01 3 19.5011 0.01
r 47.4 0.01 3 19.3741 0.01
r 47.6 0.01 3 19.2469 0.01
r 47.8 0.01 3 19.1206 0.01
r 48 0.01 3 18.9941 0.01
r 48.2 0.01 3 18.8682 0.01
r 48.4 0.01 3 18.7423 0.01
r 48.6 0.01 3 18.6171 0.01
r 48.8 0.01 3 18.4935 0.01
r 49 0.01 3 18.3704 0.01
r 49.2 0.01 3 18.2475 0.01
r 49.4 0.01 3 18.124 0.01
r 49.6 0.01 3 18.0017 0.01
r 49.8 0.01 3 17.872 0.01
r 50 0.01 3 17.749 0.01
r 50.2 0.01 3 17.6385 0.01
r 50.4 0.01 3 17.5204 0.01
r 50.6 0.01 3 17.4015 0.01
r 50.8 0.01 3 17.2821 0.01
r 51 0.01 3 17.1442 0.01
r 51.2 0.01 3 17.0325 0.01
r 51.4 0.01 3 16.9145 0.01
r 51.6 0.01 3 16.7863 0.01
r 51.8 0.01 3 16.6876 0.01
r 52 0.01 3 16.5507 0.01
r 52.2 0.01 3 16.4247 0.01
r 52.4 0.01 3 16.2944 0.01
r 52.6 0.01 3 16.201 0.01
r 52.8 0.01 3 16.0796 0.01
r 53 0.01 3 15.9626 0.01
r 53.2 0.01 3 15.804 0.01
r 53.4 0.01 3 15.6896 0.01
r 53.6 0.01 3 15.7234 0.01
r 53.8 0.01 3 15.4345 0.01
r 54 0.01 3 15.303 0.01
r 54.2 0.01 3 15.2221 0.01
r 54.4 0.01 3 15.3632 0.01
r 54.6 0.01 3 15.1651 0.01
r 54.8 0.01 3 14.8363 0.01
r 55 0.01 3 14.7492 0.01
r 55.2 0.01 3 14.6303 0.01
r 55.4 0.01 3 14.5366 0.01
r 55.6 0.01 3 14.4421 0.01
r 55.8 0.01 3 14.3393 0.01
r 56 0.01 3 14.1462 0.01
r 56.2 0.01 3 14.0463 0.01
r 56.4 0.01 3 13.9273 0.01
r 56.6 0.01 3 13.7982 0.01
r 56.8 0.01 3 13.7245 0.01
r 57 0.01 3 13.5909 0.01
r 57.2 0.01 3 13.4439 0.01
r 57.4 0.01 3 13.4469 0.01
r 57.6 0.01 3 13.1933 0.01
r 57.8 0.01 3 13.2365 0.01
r 58 0.01 3 13.033 0.01
r 58.2 0.01 3 12.8982 0.01
r 58.4 0.01 3 12.7622 0.01
r 58.6 0.01 3 12.6477 0.01
r 58.8 0.01 3 12.513 0.01
r 59 0.01 3 12.2738 0.01
r 59.2 0.01 3 12.1567 0.01
r 59.4 0.01 3 12.0408 0.01
r 59.6 0.01 3 11.9254 0.01
r 59.8 0.01 3 11.8113 0.01
r 60 0.01 3 11.6992 0.01
r 60.2 0.01 3 11.5887 0.01
r 60.4 0.01 3 11.4767 0.01
r 60.6 0.01 3 11.3745 0.01
r 60.8 0.01 3 11.2664 0.01
r 61 0.01 3 11.153 0.01
r 61.2 0.01 3 11.0489 0.01
r 61.4 0.01 3 10.9491 0.01
r 61.6 0.01 3 10.8767 0.01
r 61.8 0.01 3 10.7827 0.01
r 62 0.01 3 10.6446 0.01
r 62.2 0.01 3 10.537 0.01
r 62.4 0.01 3 10.4715 0.01
r 62.6 0.01 3 10.3795 0.01
r 62.8 0.01 3 10.2727 0.01
r 63 0.01 3 10.1976 0.01
r 63.2 0.01 3 10.0279 0.01
r 63.4 0.01 3 10.0145 0.01
r 63.6 0.01 3 9.71704 0.01
r 63.8 0.01 3 9.65014 0.01
r 64 0.01 3 9.53103 0.01
r 64.2 0.01 3 9.38801 0.01
r 64.4 0.01 3 9.3365 0.01
r 64.6 0.01 3 9.18852 0.01
r 64.8 0.01 3 9.09123 0.01
r 65 0.01 3 8.97362 0.01
r 65.2 0.01 3 8.87902 0.01
r 65.4 0.01 3 8.78544 0.01
r 65.6 0.01 3 8.69521 0.01
r 65.8 0.01 3 8.59695 0.01
r 66 0.01 3 8.50805 0.01
r 66.2 0.01 3 8.41118 0.01
r 66.4 0.01 3 8.31486 0.01
r 66.6 0.01 3 8.3903 0.01
r 66.8 0.01 3 8.13038 0.01
r 67 0.01 3 8.27584 0.01
r 67.2 0.01 3 7.96268 0.01
r 67.4 0.01 3 7.87527 0.01
r 67.6 0.01 3 7.78405 0.01
r 67.8 0.01 3 7.70904 0.01
r 68 0.01 3 7.61951 0.01
r 68.2 0.01 3 7.53571 0.01
r 68.4 0.01 3 7.46088 0.01
r 68.6 0.01 3 7.38106 0.01
r 68.8 0.01 3 7.39968 0.01
r 69 0.01 3 7.31556 0.01
r 69.2 0.01 3 7.1886 0.01
r 69.4 0.01 3 7.226 0.01
r 69.6 0.01 3 7.07472 0.01
r 69.8 0.01 3 7.04137 0.01
r 70 0.01 3 6.92556 0.01
r 70.2 0.01 3 6.8567 0.01
r 70.4 0.01 3 6.7954 0.01
r 70.6 0.01 3 6.68971 0.01
r 70.8 0.01 3 6.6314 0.01
r 71 0.01 3 6.57471 0.01
r 71.2 0.01 3 6.52071 0.01
r 71.4 0.01 3 6.4696 0.01
r 71.6 0.01 3 6.42056 0.01
r 71.8 0.01 3 6.37389 0.01
r 72 0.01 3 6.32972 0.01
r 72.2 0.01 3 6.2882 0.01
r 72.4 0.01 3 6.2496 0.01
r 72.6 0.01 3 6.21296 0.01
r 72.8 0.01 3 6.17913 0.01
r 73 0.01 3 6.14811 0.01
r 73.2 0.01 3 6.12049 0.01
r 73.4 0.01 3 6.09489 0.01
r 73.6 0.01 3 6.07289 0.01
r 73.8 0.01 3 6.05802 0.01
r 74 0.01 3 6.03995 0.01
r 74.2 0.01 3 6.02632 0.01
r 74.4 0.01 3 6.01749 0.01
r 74.6 0.01 3 6.01381 0.01
r 74.8 0.01 3 6.01321 0.01
r 75 0.01 3 6.00584 0.01
r 75.2 0.01 3 6.0089 0.01
r 75.4 0.01 3 6.01278 0.01
r 75.6 0.01 3 6.02062 0.01
r 75.8 0.01 3 6.03171 0.01
r 76 0.01 3 6.04583 0.01
r 76.2 0.01 3 6.06324 0.01
r 76.4 0.01 3 6.0838 0.01
r 76.6 0.01 3 6.1119 0.01
r 76.8 0.01 3 6.13256 0.01
r 77 0.01 3 6.15937 0.01
r 77.2 0.01 3 6.19013 0.01
r 77.4 0.01 3 6.22274 0.01
r 77.6 0.01 3 6.2585 0.01
r 77.8 0.01 3 6.29696 0.01
r 78 0.01 3 6.34097 0.01
r 78.2 0.01 3 6.38276 0.01
r 78.4 0.01 3 6.42821 0.01
r 78.6 0.01 3 6.47697 0.01
r 78.8 0.01 3 6.5299 0.01
r 79 0.01 3 6.57906 0.01
r 79.2 0.01 3 6.63447 0.01
r 79.4 0.01 3 6.6974 0.01
r 79.6 0.01 3 6.75581 0.01
r 79.8 0.01 3 6.81982 0.01
r 80 0.01 3 6.87811 0.01
r 80.2 0.01 3 6.94761 0.01
r 80.4 0.01 3 7.01633 0.01
r 80.6 0.01 3 7.08368 0.01
r 80.8 0.01 3 7.15422 0.01
r 81 0.01 3 7.4013 0.01
r 81.2 0.01 3 7.31027 0.01
r 81.4 0.01 3 7.3946 0.01
r 81.6 0.01 3 7.69462 0.01
r 81.8 0.01 3 7.7104 0.01
r 82 0.01 3 7.82248 0.01
r 82.2 0.01 3 7.84658 0.01
r 82.4 0.01 3 7.91622 0.01
r 82.6 0.01 3 8.01339 0.01
r 82.8 0.01 3 8.07119 0.01
r 83 0.01 3 8.09207 0.01
r 83.2 0.01 3 8.19758 0.01
r 83.4 0.01 3 8.30757 0.01
r 83.6 0.01 3 8.39838 0.01
r 83.8 0.01 3 8.50678 0.01
r 84 0.01 3 8.57613 0.01
r 84.2 0.01 3 8.67078 0.01
r 84.4 0.01 3 8.75688 0.01
r 84.6 0.01 3 8.82509 0.01
r 84.8 0.01 3 9.31453 0.01
r 85 0.01 3 9.02258 0.01
r 85.2 0.01 3 9.11547 0.01
r 85.4 0.01 3 9.21344 0.01
r 85.6 0.01 3 9.31427 0.01
r 85.8 0.01 3 9.40423 0.01
r 86 0.01 3 9.50622 0.01
r 86.2 0.01 3 9.60539 0.01
r 86.4 0.01 3 9.69895 0.01
r 86.6 0.01 3 9.83139 0.01
r 86.8 0.01 3 9.90766 0.01
r 87 0.01 3 10.0591 0.01
r 87.2 0.01 3 10.1529 0.01
r 87.4 0.01 3 10.2591 0.01
r 87.6 0.01 3 10.3575 0.01
r 87.8 0.01 3 10.4551 0.01
r 88 0.01 3 11.1456 0.01
r 88.2 0.01 3 11.047 0.01
r 88.4 0.01 3 10.7391 0.01
r 88.6 0.01 3 10.8368 0.01
r 88.8 0.01 3 10.9355 0.01
r 89 0.01 3 11.148 0.01
r 89.2 0.01 3 11.162 0.01
r 89.4 0.01 3 11.4462 0.01
r 89.6 0.01 3 11.8125 0.01
r 89.8 0.01 3 11.4812 0.01
r 90 0.01 3 11.7485 0.01
r 90.2 0.01 3 11.807 0.01
r 90.4 0.01 3 12.1755 0.01
r 90.6 0.01 3 12.2375 0.01
r 90.8 0.01 3 12.3317 0.01
r 91 0.01 3 12.3182 0.01
r 91.2 0.01 3 12.4073 0.01
r 91.4 0.01 3 12.4853 0.01
r 91.6 0.01 3 12.6191 0.01
r 91.8 0.01 3 12.784 0.01
r 92 0.01 3 12.7943 0.01
r 92.2 0.01 3 12.9032 0.01
r 92.4 0.01 3 12.9936 0.01
r 92.6 0.01 3 13.0981 0.01
r 92.8 0.01 3 13.3155 0.01
r 93 0.01 3 13.374 0.01
r 93.2 0.01 3 13.5435 0.01
r 93.4 0.01 3 13.6278 0.01
r 93.6 0.01 3 13.7298 0.01
r 93.8 0.01 3 13.8249 0.01
r 94 0.01 3 13.9154 0.01
r 94.2 0.01 3 14.0133 0.01
r 94.4 0.01 3 14.1495 0.01
r 94.6 0.01 3 14.2381 0.01
r 94.8 0.01 3 14.3562 0.01
r 95 0.01 3 14.4599 0.01
r 95.2 0.01 3 14.5613 0.01
r 95.4 0.01 3 14.658 0.01
r 95.6 0.01 3 14.7791 0.01
r 95.8 0.01 3 14.873 0.01
r 96 0.01 3 14.9848 0.01
r 96.2 0.01 3 15.0926 0.01
r 96.4 0.01 3 15.2034 0.01
r 96.6 0.01 3 15.3176 0.01
r 96.8 0.01 3 15.4265 0.01
r 97 0.01 3 15.5353 0.01
r 97.2 0.01 3 15.66 0.01
r 97.4 0.01 3 15.8016 0.01
r 97.6 0.01 3 15.9007 0.01
r 97.8 0.01 3 16.0656 0.01
r 98 0.01 3 16.1712 0.01
r 98.2 0.01 3 16.2426 0.01
r 98.4 0.01 3 16.348 0.01
r 98.6 0.01 3 16.4939 0.01
r 98.8 0.01 3 16.6054 0.01
r 99 0.01 3 16.706 0.01
r 99.2 0.01 3 16.8177 0.01
r 99.4 0.01 3 16.9434 0.01
r 99.6 0.01 3 17.0437 0.01
r 99.8 0.01 3 17.1733 0.01
r 100 0.01 3 17.4058 0.01
r 100.2 0.01 3 17.5135 0.01
r 100.4 0.01 3 17.622 0.01
r 100.6 0.01 3 17.7321 0.01
r 100.8 0.01 3 17.8444 0.01
r 101 0.01 3 17.9132 0.01
r 101.2 0.01 3 18.0149 0.01
r 101.4 0.01 3 18.157 0.01
r 101.6 0.01 3 18.3015 0.01
r 101.8 0.01 3 18.4177 0.01
r 102 0.01 3 18.5294 0.01
r 102.2 0.01 3 18.6417 0.01
r 102.4 0.01 3 18.7657 0.01
r 102.6 0.01 3 18.8847 0.01
r 102.8 0.01 3 19.0054 0.01
r 103 0.01 3 19.117 0.01
r 103.2 0.01 3 19.2402 0.01
r 103.4 0.01 3 19.3606 0.01
r 103.6 0.01 3 19.4807 0.01
r 103.8 0.01 3 19.5996 0.01
r 104 0.01 3 19.7193 0.01
r 104.2 0.01 3 19.8391 0.01
r 104.4 0.01 3 19.9585 0.01
r 104.6 0.01 3 20.0775 0.01
r 104.8 0.01 3 20.1968 0.01
r 105 0.01 3 20.3134 0.01
r 105.2 0.01 3 20.433 0.01
r 105.4 0.01 3 20.5528 0.01
r 105.6 0.01 3 20.6718 0.01
r 105.8 0.01 3 20.791 0.01
r 106 0.01 3 20.9104 0.01
r 106.2 0.01 3 21.03 0.01
r 106.4 0.01 3 21.1485 0.01
r 106.6 0.01 3 21.268 0.01
r 106.8 0.01 3 21.387 0.01
r 107 0.01 3 21.5076 0.01
r 107.2 0.01 3 21.6287 0.01
r 107.4 0.01 3 21.7478 0.01
r 107.6 0.01 3 21.8682 0.01
r 107.8 0.01 3 21.9892 0.01
r 108 0.01 3 22.1099 0.01
r 108.2 0.01 3 22.2316 0.01
r 108.4 0.01 3 22.3535 0.01
r 108.6 0.01 3 22.4757 0.01
r 108.8 0.01 3 22.5984 0.01
r 109 0.01 3 22.7496 0.01
r 109.2 0.01 3 22.8696 0.01
r 109.4 0.01 3 22.9881 0.01
r 109.6 0.01 3 23.108 0.01
r 109.8 0.01 3 23.2287 0.01
r 110 0.01 3 23.3492 0.01
r 110.2 0.01 3 23.4704 0.01
r 110.4 0.01 3 23.5925 0.01
r 110.6 0.01 3 23.7141 0.01
r 110.8 0.01 3 23.8364 0.01
r 111 0.01 3 23.98 0.01
r 111.2 0.01 3 24.0987 0.01
r 111.4 0.01 3 24.2178 0.01
r 111.6 0.01 3 24.3473 0.01
r 111.8 0.01 3 24.4652 0.01
r 112 0.01 3 24.5839 0.01
r 112.2 0.01 3 24.698 0.01
r 112.4 0.01 3 24.8178 0.01
r 112.6 0.01 3 24.9409 0.01
r 112.8 0.01 3 25.0603 0.01
r 113 0.01 3 25.18 0.01
r 113.2 0.01 3 25.2997 0.01
r 113.4 0.01 3 25.4195 0.01
r 113.6 0.01 3 25.5399 0.01
r 113.8 0.01 3 25.6601 0.01
r 114 0.01 3 25.7803 0.01
r 114.2 0.01 3 25.9006 0.01
r 114.4 0.01 3 26.0213 0.01
r 114.6 0.01 3 26.1423 0.01
r 114.8 0.01 3 26.2636 0.01
r 115 0.01 3 26.3849 0.01
s 85 3 602
r 65 0.01 2 13.4469 0.01
r 65.2 0.01 2 13.316 0.01
r 65.4 0.01 2 13.1851 0.01
r 65.6 0.01 2 13.0545 0.01
r 65.8 0.01 2 12.924 0.01
r 66 0.01 2 12.7937 0.01
r 66.2 0.01 2 12.6634 0.01
r 66.4 0.01 2 12.5332 0.01
r 66.6 0.01 2 12.4025 0.01
r 66.8 0.01 2 12.2718 0.01
r 67 0.01 2 12.1412 0.01
r 67.2 0.01 2 12.0101 0.01
r 67.4 0.01 2 11.8787 0.01
r 67.6 0.01 2 11.7468 0.01
r 67.8 0.01 2 11.6145 0.01
r 68 0.01 2 11.482 0.01
r 68.2 0.01 2 11.3494 0.01
r 68.4 0.01 2 11.2171 0.01
r 68.6 0.01 2 11.085 0.01
r 68.8 0.01 2 10.9531 0.01
r 69 0.01 2 10.8217 0.01
r 69.2 0.01 2 10.6906 0.01
r 69.4 0.01 2 10.5598 0.01
r 69.6 0.01 2 10.4297 0.01
r 69.8 0.01 2 10.2999 0.01
r 70 0.01 2 10.1706 0.01
r 70.2 0.01 2 10.0417 0.01
r 70.4 0.01 2 9.91335 0.01
r 70.6 0.01 2 9.78425 0.01
r 70.8 0.01 2 9.65513 0.01
r 71 0.01 2 9.52601 0.01
r 71.2 0.01 2 9.39701 0.01
r 71.4 0.01 2 9.26783 0.01
r 71.6 0.01 2 9.1394 0.01
r 71.8 0.01 2 9.00941 0.01
r 72 0.01 2 8.87921 0.01
r 72.2 0.01 2 8.74897 0.01
r 72.4 0.01 2 8.61896 0.01
r 72.6 0.01 2 8.48919 0.01
r 72.8 0.01 2 8.35959 0.01
r 73 0.01 2 8.23061 0.01
r 73.2 0.01 2 8.10099 0.01
r 73.4 0.01 2 7.97181 0.01
r 73.6 0.01 2 7.84313 0.01
r 73.8 0.01 2 7.71509 0.01
r 74 0.01 2 7.58752 0.01
r 74.2 0.01 2 7.45903 0.01
r 74.4 0.01 2 7.33103 0.01
r 74.6 0.01 2 7.20356 0.01
r 74.8 0.01 2 7.07649 0.01
r 75 0.01 2 6.94968 0.01
r 75.2 0.01 2 6.82332 0.01
r 75.4 0.01 2 6.69679 0.01
r 75.6 0.01 2 6.57098 0.01
r 75.8 0.01 2 6.44538 0.01
r 76 0.01 2 6.32029 0.01
r 76.2 0.01 2 6.19557 0.01
r 76.4 0.01 2 6.07106 0.01
r 76.6 0.01 2 5.94674 0.01
r 76.8 0.01 2 5.82265 0.01
r 77 0.01 2 5.69871 0.01
r 77.2 0.01 2 5.57501 0.01
r 77.4 0.01 2 5.45153 0.01
r 77.6 0.01 2 5.32835 0.01
r 77.8 0.01 2 5.20545 0.01
r 78 0.01 2 5.08266 0.01
r 78.2 0.01 2 4.96002 0.01
r 78.4 0.01 2 4.83793 0.01
r 78.6 0.01 2 4.71649 0.01
r 78.8 0.01 2 4.59548 0.01
r 79 0.01 2 4.47508 0.01
r 79.2 0.01 2 4.35529 0.01
r 79.4 0.01 2 4.23624 0.01
r 79.6 0.01 2 4.118 0.01
r 79.8 0.01 2 4.00052 0.01
r 80 0.01 2 3.88368 0.01
r 80.2 0.01 2 3.77046 0.01
r 80.4 0.01 2 3.65576 0.01
r 80.6 0.01 2 3.54262 0.01
r 80.8 0.01 2 3.4313 0.01
r 81 0.01 2 3.31964 0.01
r 81.2 0.01 2 3.21185 0.01
r 81.4 0.01 2 3.1063 0.01
r 81.6 0.01 2 3.00313 0.01
r 81.8 0.01 2 2.90262 0.01
r 82 0.01 2 2.80762 0.01
r 82.2 0.01 2 2.71303 0.01
r 82.4 0.01 2 2.62352 0.01
r 82.6 0.01 2 2.53611 0.01
r 82.8 0.01 2 2.45391 0.01
r 83 0.01 2 2.37672 0.01
r 83.2 0.01 2 2.30365 0.01
r 83.4 0.01 2 2.2359 0.01
r 83.6 0.01 2 2.17495 0.01
r 83.8 0.01 2 2.11971 0.01
r 84 0.01 2 2.07205 0.01
r 84.2 0.01 2 2.03188 0.01
r 84.4 0.01 2 2.00056 0.01
r 84.6 0.01 2 1.97657 0.01
r 84.8 0.01 2 1.96112 0.01
r 85 0.01 2 1.95753 0.01
r 85.2 0.01 2 1.9578 0.01
r 85.4 0.01 2 1.96891 0.01
r 85.6 0.01 2 1.98747 0.01
r 85.8 0.01 2 2.01488 0.01
r 86 0.01 2 2.05025 0.01
r 86.2 0.01 2 2.09284 0.01
r 86.4 0.01 2 2.14234 0.01
r 86.6 0.01 2 2.19853 0.01
r 86.8 0.01 2 2.26089 0.01
r 87 0.01 2 2.33037 0.01
r 87.2 0.01 2 2.40227 0.01
r 87.4 0.01 2 2.47902 0.01
r 87.6 0.01 2 2.56087 0.01
r 87.8 0.01 2 2.64614 0.01
r 88 0.01 2 2.73509 0.01
r 88.2 0.01 2 2.82586 0.01
r 88.4 0.01 2 2.91944 0.01
r 88.6 0.01 2 3.01535 0.01
r 88.8 0.01 2 3.11363 0.01
r 89 0.01 2 3.21519 0.01
r 89.2 0.01 2 3.3185 0.01
r 89.4 0.01 2 3.4216 0.01
r 89.6 0.01 2 3.52482 0.01
r 89.8 0.01 2 3.62999 0.01
r 90 0.01 2 3.73711 0.01
r 90.2 0.01 2 3.84541 0.01
r 90.4 0.01 2 3.95477 0.01
r 90.6 0.01 2 4.06516 0.01
r 90.8 0.01 2 4.17635 0.01
r 91 0.01 2 4.2892 0.01
r 91.2 0.01 2 4.40174 0.01
r 91.4 0.01 2 4.51556 0.01
r 91.6 0.01 2 4.6318 0.01
r 91.8 0.01 2 4.74619 0.01
r 92 0.01 2 4.86144 0.01
r 92.2 0.01 2 4.97787 0.01
r 92.4 0.01 2 5.09446 0.01
r 92.6 0.01 2 5.21268 0.01
r 92.8 0.01 2 5.32992 0.01
r 93 0.01 2 5.44807 0.01
r 93.2 0.01 2 5.56696 0.01
r 93.4 0.01 2 5.68605 0.01
r 93.6 0.01 2 5.80491 0.01
r 93.8 0.01 2 5.92383 0.01
r 94 0.01 2 6.04276 0.01
r 94.2 0.01 2 6.16166 0.01
r 94.4 0.01 2 6.28096 0.01
r 94.6 0.01 2 6.40035 0.01
r 94.8 0.01 2 6.51969 0.01
r 95 0.01 2 6.63958 0.01
r 95.2 0.01 2 6.7593 0.01
r 95.4 0.01 2 6.87924 0.01
r 95.6 0.01 2 6.99896 0.01
r 95.8 0.01 2 7.11925 0.01
r 96 0.01 2 7.23927 0.01
r 96.2 0.01 2 7.35972 0.01
r 96.4 0.01 2 7.48045 0.01
r 96.6 0.01 2 7.60124 0.01
r 96.8 0.01 2 7.72227 0.01
r 97 0.01 2 7.84315 0.01
r 97.2 0.01 2 7.96429 0.01
r 97.4 0.01 2 8.08532 0.01
r 97.6 0.01 2 8.2067 0.01
r 97.8 0.01 2 8.32829 0.01
r 98 0.01 2 8.4499 0.01
r 98.2 0.01 2 8.57185 0.01
r 98.4 0.01 2 8.69397 0.01
r 98.6 0.01 2 8.81639 0.01
r 98.8 0.01 2 8.93904 0.01
r 99 0.01 2 9.06203 0.01
r 99.2 0.01 2 9.18535 0.01
r 99.4 0.01 2 9.30875 0.01
r 99.6 0.01 2 9.43232 0.01
r 99.8 0.01 2 9.55613 0.01
r 100 0.01 2 9.68021 0.01
r 100.2 0.01 2 9.80417 0.01
r 100.4 0.01 2 9.92829 0.01
r 100.6 0.01 2 10.0526 0.01
r 100.8 0.01 2 10.1772 0.01
r 101 0.01 2 10.3019 0.01
r 101.2 0.01 2 10.4267 0.01
r 101.4 0.01 2 10.5518 0.01
r 101.6 0.01 2 10.6771 0.01
r 101.8 0.01 2 10.8027 0.01
r 102 0.01 2 10.9286 0.01
r 102.2 0.01 2 11.0548 0.01
r 102.4 0.01 2 11.1813 0.01
r 102.6 0.01 2 11.3082 0.01
r 102.8 0.01 2 11.4354 0.01
r 103 0.01 2 11.5629 0.01
r 103.2 0.01 2 11.6908 0.01
r 103.4 0.01 2 11.819 0.01
r 103.6 0.01 2 11.9475 0.01
r 103.8 0.01 2 12.0764 0.01
r 104 0.01 2 12.2055 0.01
r 104.2 0.01 2 12.3349 0.01
r 104.4 0.01 2 12.4646 0.01
r 104.6 0.01 2 12.5945 0.01
r 104.8 0.01 2 12.7246 0.01
r 105 0.01 2 12.855 0.01
r 45 0.01 3 27.3617 0.01
r 45.2 0.01 3 27.2313 0.01
r 45.4 0.01 3 27.1009 0.01
r 45.6 0.01 3 26.9706 0.01
r 45.8 0.01 3 26.8406 0.01
r 46 0.01 3 26.7105 0.01
r 46.2 0.01 3 26.5805 0.01
r 46.4 0.01 3 26.4506 0.01
r 46.6 0.01 3 26.3209 0.01
r 46.8 0.01 3 26.1912 0.01
r 47 0.01 3 26.0662 0.01
r 47.2 0.01 3 25.9363 0.01
r 47.4 0.01 3 25.8064 0.01
r 47.6 0.01 3 25.6768 0.01
r 47.8 0.01 3 25.5476 0.01
r 48 0.01 3 25.4183 0.01
r 48.2 0.01 3 25.2891 0.01
r 48.4 0.01 3 25.1642 0.01
r 48.6 0.01 3 25.0358 0.01
r 48.8 0.01 3 24.9031 0.01
r 49 0.01 3 24.8473 0.01
r 49.2 0.01 3 24.7158 0.01
r 49.4 0.01 3 24.5845 0.01
r 49.6 0.01 3 24.4537 0.01
r 49.8 0.01 3 24.3224 0.01
r 50 0.01 3 24.1913 0.01
r 50.2 0.01 3 24.0603 0.01
r 50.4 0.01 3 23.9295 0.01
r 50.6 0.01 3 23.7988 0.01
r 50.8 0.01 3 23.6685 0.01
r 51 0.01 3 23.636 0.01
r 51.2 0.01 3 23.474 0.01
r 51.4 0.01 3 23.3756 0.01
r 51.6 0.01 3 23.2451 0.01
r 51.8 0.01 3 23.1142 0.01
r 52 0.01 3 22.9821 0.01
r 52.2 0.01 3 22.7946 0.01
r 52.4 0.01 3 22.7244 0.01
r 52.6 0.01 3 22.5627 0.01
r 52.8 0.01 3 22.4639 0.01
r 53 0.01 3 22.3367 0.01
r 53.2 0.01 3 22.1469 0.01
r 53.4 0.01 3 22.0458 0.01
r 53.6 0.01 3 21.9511 0.01
r 53.8 0.01 3 21.8214 0.01
r 54 0.01 3 21.6924 0.01
r 54.2 0.01 3 21.5612 0.01
r 54.4 0.01 3 21.4316 0.01
r 54.6 0.01 3 21.3022 0.01
r 54.8 0.01 3 21.1729 0.01
r 55 0.01 3 21.0439 0.01
r 55.2 0.01 3 20.919 0.01
r 55.4 0.01 3 20.79 0.01
r 55.6 0.01 3 20.662 0.01
r 55.8 0.01 3 20.4868 0.01
r 56 0.01 3 20.4005 0.01
r 56.2 0.01 3 20.2283 0.01
r 56.4 0.01 3 20.1433 0.01
r 56.6 0.01 3 19.9542 0.01
r 56.8 0.01 3 19.8885 0.01
r 57 0.01 3 19.7615 0.01
r 57.2 0.01 3 19.6316 0.01
r 57.4 0.01 3 19.5015 0.01
r 57.6 0.01 3 19.371 0.01
r 57.8 0.01 3 19.2408 0.01
r 58 0.01 3 19.1108 0.01
r 58.2 0.01 3 18.9795 0.01
r 58.4 0.01 3 18.8498 0.01
r 58.6 0.01 3 18.7191 0.01
r 58.8 0.01 3 18.5891 0.01
r 59 0.01 3 18.4573 0.01
r 59.2 0.01 3 18.3285 0.01
r 59.4 0.01 3 18.199 0.01
r 59.6 0.01 3 18.0702 0.01
r 59.8 0.01 3 17.9413 0.01
r 60 0.01 3 17.8129 0.01
r 60.2 0.01 3 17.6851 0.01
r 60.4 0.01 3 17.5576 0.01
r 60.6 0.01 3 17.431 0.01
r 60.8 0.01 3 17.3049 0.01
r 61 0.01 3 17.5117 0.01
r 61.2 0.01 3 17.3581 0.01
r 61.4 0.01 3 17.2616 0.01
r 61.6 0.01 3 17.0876 0.01
r 61.8 0.01 3 16.9731 0.01
r 62 0.01 3 16.8489 0.01
r 62.2 0.01 3 16.5936 0.01
r 62.4 0.01 3 16.5843 0.01
r 62.6 0.01 3 16.4643 0.01
r 62.8 0.01 3 16.3047 0.01
r 63 0.01 3 16.7293 0.01
r 63.2 0.01 3 16.0798 0.01
r 63.4 0.01 3 16.0039 0.01
r 63.6 0.01 3 15.6765 0.01
r 63.8 0.01 3 15.7443 0.01
r 64 0.01 3 15.6122 0.01
r 64.2 0.01 3 15.4343 0.01
r 64.4 0.01 3 15.3478 0.01
r 64.6 0.01 3 15.2183 0.01
r 64.8 0.01 3 15.0975 0.01
r 65 0.01 3 15.0643 0.01
r 65.2 0.01 3 14.9291 0.01
r 65.4 0.01 3 14.7538 0.01
r 65.6 0.01 3 14.6799 0.01
r 65.8 0.01 3 14.8058 0.01
r 66 0.01 3 14.2787 0.01
r 66.2 0.01 3 14.2906 0.01
r 66.4 0.01 3 14.1554 0.01
r 66.6 0.01 3 14.0342 0.01
r 66.8 0.01 3 13.7587 0.01
r 67 0.01 3 13.8486 0.01
r 67.2 0.01 3 13.7157 0.01
r 67.4 0.01 3 13.4637 0.01
r 67.6 0.01 3 13.469 0.01
r 67.8 0.01 3 13.1733 0.01
r 68 0.01 3 13.0363 0.01
r 68.2 0.01 3 12.9152 0.01
r 68.4 0.01 3 12.7925 0.01
r 68.6 0.01 3 12.6601 0.01
r 68.8 0.01 3 12.5651 0.01
r 69 0.01 3 12.4404 0.01
r 69.2 0.01 3 12.3767 0.01
r 69.4 0.01 3 12.5157 0.01
r 69.6 0.01 3 12.1269 0.01
r 69.8 0.01 3 12.0003 0.01
r 70 0.01 3 11.8695 0.01
r 70.2 0.01 3 11.7397 0.01
r 70.4 0.01 3 11.6332 0.01
r 70.6 0.01 3 11.5108 0.01
r 70.8 0.01 3 11.3083 0.01
r 71 0.01 3 11.2203 0.01
r 71.2 0.01 3 11.0884 0.01
r 71.4 0.01 3 11.0404 0.01
r 71.6 0.01 3 10.8618 0.01
r 71.8 0.01 3 10.7382 0.01
r 72 0.01 3 10.6417 0.01
r 72.2 0.01 3 10.5122 0.01
r 72.4 0.01 3 10.4004 0.01
r 72.6 0.01 3 10.3597 0.01
r 72.8 0.01 3 10.1603 0.01
r 73 0.01 3 10.0473 0.01
r 73.2 0.01 3 9.93921 0.01
r 73.4 0.01 3 9.86092 0.01
r 73.6 0.01 3 9.71555 0.01
r 73.8 0.01 3 9.59759 0.01
r 74 0.01 3 9.49207 0.01
r 74.2 0.01 3 9.39251 0.01
r 74.4 0.01 3 9.27997 0.01
r 74.6 0.01 3 9.18242 0.01
r 74.8 0.01 3 9.07788 0.01
r 75 0.01 3 8.97331 0.01
r 75.2 0.01 3 8.87246 0.01
r 75.4 0.01 3 8.7721 0.01
r 75.6 0.01 3 8.67358 0.01
r 75.8 0.01 3 8.57455 0.01
r 76 0.01 3 8.48344 0.01
r 76.2 0.01 3 8.38611 0.01
r 76.4 0.01 3 8.29337 0.01
r 76.6 0.01 3 8.20428 0.01
r 76.8 0.01 3 8.11989 0.01
r 77 0.01 3 8.02562 0.01
r 77.2 0.01 3 7.94438 0.01
r 77.4 0.01 3 7.85711 0.01
r 77.6 0.01 3 7.77203 0.01
r 77.8 0.01 3 7.67787 0.01
r 78 0.01 3 7.59407 0.01
r 78.2 0.01 3 7.52704 0.01
r 78.4 0.01 3 7.4296 0.01
r 78.6 0.01 3 7.35206 0.01
r 78.8 0.01 3 7.27148 0.01
r 79 0.01 3 7.1968 0.01
r 79.2 0.01 3 7.12297 0.01
r 79.4 0.01 3 7.04953 0.01
r 79.6 0.01 3 6.97743 0.01
r 79.8 0.01 3 6.90869 0.01
r 80 0.01 3 6.84207 0.01
r 80.2 0.01 3 6.776 0.01
r 80.4 0.01 3 6.7124 0.01
r 80.6 0.01 3 6.65196 0.01
r 80.8 0.01 3 6.59318 0.01
r 81 0.01 3 6.80985 0.01
r 81.2 0.01 3 6.48166 0.01
r 81.4 0.01 3 6.42832 0.01
r 81.6 0.01 3 6.37701 0.01
r 81.8 0.01 3 6.32734 0.01
r 82 0.01 3 6.28046 0.01
r 82.2 0.01 3 6.23644 0.01
r 82.4 0.01 3 6.37056 0.01
r 82.6 0.01 3 6.15628 0.01
r 82.8 0.01 3 6.11945 0.01
r 83 0.01 3 6.15117 0.01
r 83.2 0.01 3 6.05268 0.01
r 83.4 0.01 3 6.04084 0.01
r 83.6 0.01 3 6.00076 0.01
r 83.8 0.01 3 5.97821 0.01
r 84 0.01 3 5.95052 0.01
r 84.2 0.01 3 5.92725 0.01
r 84.4 0.01 3 5.90903 0.01
r 84.6 0.01 3 5.89563 0.01
r 84.8 0.01 3 5.88563 0.01
r 85 0.01 3 5.87477 0.01
r 85.2 0.01 3 5.86997 0.01
r 85.4 0.01 3 5.86621 0.01
r 85.6 0.01 3 5.8661 0.01
r 85.8 0.01 3 5.86917 0.01
r 86 0.01 3 5.87517 0.01
r 86.2 0.01 3 5.88463 0.01
r 86.4 0.01 3 5.90021 0.01
r 86.6 0.01 3 5.91616 0.01
r 86.8 0.01 3 5.93339 0.01
r 87 0.01 3 5.97817 0.01
r 87.2 0.01 3 5.98206 0.01
r 87.4 0.01 3 6.07806 0.01
r 87.6 0.01 3 6.04004 0.01
r 87.8 0.01 3 6.07717 0.01
r 88 0.01 3 6.1078 0.01
r 88.2 0.01 3 6.14612 0.01
r 88.4 0.01 3 6.18533 0.01
r 88.6 0.01 3 6.22756 0.01
r 88.8 0.01 3 6.27198 0.01
r 89 0.01 3 6.32087 0.01
r 89.2 0.01 3 6.59934 0.01
r 89.4 0.01 3 6.42132 0.01
r 89.6 0.01 3 6.90304 0.01
r 89.8 0.01 3 6.53098 0.01
r 90 0.01 3 6.58937 0.01
r 90.2 0.01 3 6.64981 0.01
r 90.4 0.01 3 6.71257 0.01
r 90.6 0.01 3 6.77843 0.01
r 90.8 0.01 3 6.84852 0.01
r 91 0.01 3 6.91198 0.01
r 91.2 0.01 3 6.98401 0.01
r 91.4 0.01 3 7.05547 0.01
r 91.6 0.01 3 7.12841 0.01
r 91.8 0.01 3 7.20382 0.01
r 92 0.01 3 7.27826 0.01
r 92.2 0.01 3 7.35847 0.01
r 92.4 0.01 3 7.4463 0.01
r 92.6 0.01 3 7.5257 0.01
r 92.8 0.01 3 8.20344 0.01
r 93 0.01 3 7.68114 0.01
r 93.2 0.01 3 7.76278 0.01
r 93.4 0.01 3 7.85994 0.01
r 93.6 0.01 3 7.9489 0.01
r 93.8 0.01 3 8.03436 0.01
r 94 0.01 3 8.18486 0.01
r 94.2 0.01 3 8.47955 0.01
r 94.4 0.01 3 8.51906 0.01
r 94.6 0.01 3 8.69328 0.01
r 94.8 0.01 3 8.65775 0.01
r 95 0.01 3 8.75071 0.01
r 95.2 0.01 3 8.86007 0.01
r 95.4 0.01 3 8.94171 0.01
r 95.6 0.01 3 9.00211 0.01
r 95.8 0.01 3 9.15815 0.01
r 96 0.01 3 9.17596 0.01
r 96.2 0.01 3 9.25615 0.01
r 96.4 0.01 3 9.39605 0.01
r 96.6 0.01 3 9.45104 0.01
r 96.8 0.01 3 9.53183 0.01
r 97 0.01 3 9.69969 0.01
r 97.2 0.01 3 9.82165 0.01
r 97.4 0.01 3 9.88811 0.01
r 97.6 0.01 3 9.9859 0.01
r 97.8 0.01 3 10.0701 0.01
r 98 0.01 3 10.2064 0.01
r 98.2 0.01 3 10.3103 0.01
r 98.4 0.01 3 10.4056 0.01
r 98.6 0.01 3 10.5178 0.01
r 98.8 0.01 3 10.6081 0.01
r 99 0.01 3 10.6944 0.01
r 99.2 0.01 3 10.8117 0.01
r 99.4 0.01 3 10.9151 0.01
r 99.6 0.01 3 11.01 0.01
r 99.8 0.01 3 11.1168 0.01
r 100 0.01 3 11.2154 0.01
r 100.2 0.01 3 11.3184 0.01
r 100.4 0.01 3 11.4256 0.01
r 100.6 0.01 3 11.5281 0.01
r 100.8 0.01 3 11.6332 0.01
r 101 0.01 3 11.7403 0.01
r 101.2 0.01 3 11.8487 0.01
r 101.4 0.01 3 11.9584 0.01
r 101.6 0.01 3 12.0697 0.01
r 101.8 0.01 3 12.1784 0.01
r 102 0.01 3 12.2873 0.01
r 102.2 0.01 3 12.4009 0.01
r 102.4 0.01 3 12.5139 0.01
r 102.6 0.01 3 12.6276 0.01
r 102.8 0.01 3 12.7421 0.01
r 103 0.01 3 12.8592 0.01
r 103.2 0.01 3 12.9744 0.01
r 103.4 0.01 3 13.0912 0.01
r 103.6 0.01 3 13.2077 0.01
r 103.8 0.01 3 13.3256 0.01
r 104 0.01 3 13.4436 0.01
r 104.2 0.01 3 13.5282 0.01
r 104.4 0.01 3 13.6775 0.01
r 104.6 0.01 3 13.7978 0.01
r 104.8 0.01 3 13.9166 0.01
r 105 0.01 3 13.9728 0.01
r 105.2 0.01 3 14.0849 0.01
r 105.4 0.01 3 14.1976 0.01
r 105.6 0.01 3 14.3158 0.01
r 105.8 0.01 3 14.4292 0.01
r 106 0.01 3 14.5433 0.01
r 106.2 0.01 3 14.6579 0.01
r 106.4 0.01 3 14.7729 0.01
r 106.6 0.01 3 14.8884 0.01
r 106.8 0.01 3 15.0042 0.01
r 107 0.01 3 15.1205 0.01
r 107.2 0.01 3 15.237 0.01
r 107.4 0.01 3 15.3539 0.01
r 107.6 0.01 3 15.4711 0.01
r 107.8 0.01 3 15.5889 0.01
r 108 0.01 3 15.7067 0.01
r 108.2 0.01 3 15.825 0.01
r 108.4 0.01 3 15.9437 0.01
r 108.6 0.01 3 16.0629 0.01
r 108.8 0.01 3 16.1825 0.01
r 109 0.01 3 16.3625 0.01
r 109.2 0.01 3 16.4755 0.01
r 109.4 0.01 3 16.5902 0.01
r 109.6 0.01 3 16.7055 0.01
r 109.8 0.01 3 16.821 0.01
r 110 0.01 3 16.9376 0.01
r 110.2 0.01 3 17.0538 0.01
r 110.4 0.01 3 17.1707 0.01
r 110.6 0.01 3 17.2882 0.01
r 110.8 0.01 3 17.4064 0.01
r 111 0.01 3 17.5253 0.01
r 111.2 0.01 3 17.6441 0.01
r 111.4 0.01 3 17.7631 0.01
r 111.6 0.01 3 17.8822 0.01
r 111.8 0.01 3 18.0019 0.01
r 112 0.01 3 18.1255 0.01
r 112.2 0.01 3 18.245 0.01
r 112.4 0.01 3 18.3643 0.01
r 112.6 0.01 3 18.4836 0.01
r 112.8 0.01 3 18.603 0.01
r 113 0.01 3 18.7228 0.01
r 113.2 0.01 3 18.8426 0.01
r 113.4 0.01 3 18.9625 0.01
r 113.6 0.01 3 19.083 0.01
r 113.8 0.01 3 19.2032 0.01
r 114 0.01 3 19.3233 0.01
r 114.2 0.01 3 19.4437 0.01
r 114.4 0.01 3 19.5645 0.01
r 114.6 0.01 3 19.6854 0.01
r 114.8 0.01 3 19.8067 0.01
r 115 0.01 3 19.9278 0.01
r 115.2 0.01 3 20.0498 0.01
r 115.4 0.01 3 20.1719 0.01
r 115.6 0.01 3 20.2944 0.01
r 115.8 0.01 3 20.4173 0.01
r 116 0.01 3 20.5408 0.01
r 116.2 0.01 3 20.6644 0.01
r 116.4 0.01 3 20.7882 0.01
r 116.6 0.01 3 20.9125 0.01
r 116.8 0.01 3 21.037 0.01
r 117 0.01 3 21.1622 0.01
r 117.2 0.01 3 21.2878 0.01
r 117.4 0.01 3 21.4133 0.01
r 117.6 0.01 3 21.5393 0.01
r 117.8 0.01 3 21.6654 0.01
r 118 0.01 3 21.7926 0.01
r 118.2 0.01 3 21.9192 0.01
r 118.4 0.01 3 22.0467 0.01
r 118.6 0.01 3 22.1748 0.01
r 118.8 0.01 3 22.3031 0.01
r 119 0.01 3 22.45 0.01
r 119.2 0.01 3 22.5786 0.01
r 119.4 0.01 3 22.6913 0.01
r 119.6 0.01 3 22.8191 0.01
r 119.8 0.01 3 22.9657 0.01
r 120 0.01 3 23.0952 0.01
r 120.2 0.01 3 23.225 0.01
r 120.4 0.01 3 23.3552 0.01
r 120.6 0.01 3 23.4685 0.01
r 120.8 0.01 3 23.5992 0.01
r 121 0.01 3 23.7204 0.01
r 121.2 0.01 3 23.8535 0.01
r 121.4 0.01 3 23.9857 0.01
r 121.6 0.01 3 24.1184 0.01
r 121.8 0.01 3 24.2516 0.01
r 122 0.01 3 24.3851 0.01
r 122.2 0.01 3 24.5191 0.01
r 122.4 0.01 3 24.6527 0.01
r 122.6 0.01 3 24.7865 0.01
r 122.8 0.01 3 24.9206 0.01
r 123 0.01 3 25.0359 0.01
r 123.2 0.01 3 25.1683 0.01
r 123.4 0.01 3 25.3003 0.01
r 123.6 0.01 3 25.4325 0.01
r 123.8 0.01 3 25.5645 0.01
r 124 0.01 3 25.6965 0.01
r 124.2 0.01 3 25.8284 0.01
r 124.4 0.01 3 25.9598 0.01
r 124.6 0.01 3 26.0918 0.01
r 124.8 0.01 3 26.2233 0.01
r 125 0.01 3 26.3132 0.01
s 95 3 602
r 75 0.01 2 13.0838 0.01
r 75.2 0.01 2 12.9518 0.01
r 75.4 0.01 2 12.8199 0.01
r 75.6 0.01 2 12.688 0.01
r 75.8 0.01 2 12.5563 0.01
r 76 0.01 2 12.4247 0.01
r 76.2 0.01 2 12.2931 0.01
r 76.4 0.01 2 12.1613 0.01
r 76.6 0.01 2 12.0292 0.01
r 76.8 0.01 2 11.8971 0.01
r 77 0.01 2 11.765 0.01
r 77.2 0.01 2 11.6327 0.01
r 77.4 0.01 2 11.5001 0.01
r 77.6 0.01 2 11.3674 0.01
r 77.8 0.01 2 11.2344 0.01
r 78 0.01 2 11.1012 0.01
r 78.2 0.01 2 10.968 0.01
r 78.4 0.01 2 10.835 0.01
r 78.6 0.01 2 10.7021 0.01
r 78.8 0.01 2 10.5693 0.01
r 79 0.01 2 10.4365 0.01
r 79.2 0.01 2 10.3039 0.01
r 79.4 0.01 2 10.1715 0.01
r 79.6 0.01 2 10.0392 0.01
r 79.8 0.01 2 9.90708 0.01
r 80 0.01 2 9.77521 0.01
r 80.2 0.01 2 9.64365 0.01
r 80.4 0.01 2 9.51248 0.01
r 80.6 0.01 2 9.38173 0.01
r 80.8 0.01 2 9.25144 0.01
r 81 0.01 2 9.12168 0.01
r 81.2 0.01 2 8.99235 0.01
r 81.4 0.01 2 8.86357 0.01
r 81.6 0.01 2 8.73536 0.01
r 81.8 0.01 2 8.60778 0.01
r 82 0.01 2 8.48076 0.01
r 82.2 0.01 2 8.35416 0.01
r 82.4 0.01 2 8.22798 0.01
r 82.6 0.01 2 8.10217 0.01
r 82.8 0.01 2 7.97676 0.01
r 83 0.01 2 7.85187 0.01
r 83.2 0.01 2 7.72728 0.01
r 83.4 0.01 2 7.60306 0.01
r 83.6 0.01 2 7.47937 0.01
r 83.8 0.01 2 7.35603 0.01
r 84 0.01 2 7.23343 0.01
r 84.2 0.01 2 7.11061 0.01
r 84.4 0.01 2 6.98846 0.01
r 84.6 0.01 2 6.86688 0.01
r 84.8 0.01 2 6.74581 0.01
r 85 0.01 2 6.62435 0.01
r 85.2 0.01 2 6.50379 0.01
r 85.4 0.01 2 6.38332 0.01
r 85.6 0.01 2 6.26272 0.01
r 85.8 0.01 2 6.14262 0.01
r 86 0.01 2 6.02256 0.01
r 86.2 0.01 2 5.90285 0.01
r 86.4 0.01 2 5.78341 0.01
r 86.6 0.01 2 5.66401 0.01
r 86.8 0.01 2 5.54491 0.01
r 87 0.01 2 5.42506 0.01
r 87.2 0.01 2 5.30611 0.01
r 87.4 0.01 2 5.18747 0.01
r 87.6 0.01 2 5.06916 0.01
r 87.8 0.01 2 4.95125 0.01
r 88 0.01 2 4.83366 0.01
r 88.2 0.01 2 4.71667 0.01
r 88.4 0.01 2 4.60101 0.01
r 88.6 0.01 2 4.48404 0.01
r 88.8 0.01 2 4.3691 0.01
r 89 0.01 2 4.25499 0.01
r 89.2 0.01 2 4.14187 0.01
r 89.4 0.01 2 4.02972 0.01
r 89.6 0.01 2 3.91843 0.01
r 89.8 0.01 2 3.80831 0.01
r 90 0.01 2 3.69901 0.01
r 90.2 0.01 2 3.59136 0.01
r 90.4 0.01 2 3.48591 0.01
r 90.6 0.01 2 3.38144 0.01
r 90.8 0.01 2 3.27796 0.01
r 91 0.01 2 3.1732 0.01
r 91.2 0.01 2 3.07278 0.01
r 91.4 0.01 2 2.97438 0.01
r 91.6 0.01 2 2.8783 0.01
r 91.8 0.01 2 2.78482 0.01
r 92 0.01 2 2.69466 0.01
r 92.2 0.01 2 2.60628 0.01
r 92.4 0.01 2 2.5221 0.01
r 92.6 0.01 2 2.4411 0.01
r 92.8 0.01 2 2.36409 0.01
r 93 0.01 2 2.29097 0.01
r 93.2 0.01 2 2.22331 0.01
r 93.4 0.01 2 2.16074 0.01
r 93.6 0.01 2 2.10417 0.01
r 93.8 0.01 2 2.05387 0.01
r 94 0.01 2 2.01038 0.01
r 94.2 0.01 2 1.97397 0.01
r 94.4 0.01 2 1.94571 0.01
r 94.6 0.01 2 1.92633 0.01
r 94.8 0.01 2 1.91377 0.01
r 95 0.01 2 1.91064 0.01
r 95.2 0.01 2 1.91394 0.01
r 95.4 0.01 2 1.92729 0.01
r 95.6 0.01 2 1.94754 0.01
r 95.8 0.01 2 1.97686 0.01
r 96 0.01 2 2.01407 0.01
r 96.2 0.01 2 2.0584 0.01
r 96.4 0.01 2 2.10945 0.01
r 96.6 0.01 2 2.16689 0.01
r 96.8 0.01 2 2.23045 0.01
r 97 0.01 2 2.2997 0.01
r 97.2 0.01 2 2.37283 0.01
r 97.4 0.01 2 2.45079 0.01
r 97.6 0.01 2 2.53358 0.01
r 97.8 0.01 2 2.61992 0.01
r 98 0.01 2 2.70767 0.01
r 98.2 0.01 2 2.80072 0.01
r 98.4 0.01 2 2.89562 0.01
r 98.6 0.01 2 2.99254 0.01
r 98.8 0.01 2 3.09228 0.01
r 99 0.01 2 3.19519 0.01
r 99.2 0.01 2 3.29942 0.01
r 99.4 0.01 2 3.40438 0.01
r 99.6 0.01 2 3.51016 0.01
r 99.8 0.01 2 3.61766 0.01
r 100 0.01 2 3.72705 0.01
r 100.2 0.01 2 3.83723 0.01
r 100.4 0.01 2 3.94891 0.01
r 100.6 0.01 2 4.06126 0.01
r 100.8 0.01 2 4.17466 0.01
r 101 0.01 2 4.28908 0.01
r 101.2 0.01 2 4.40455 0.01
r 101.4 0.01 2 4.52081 0.01
r 101.6 0.01 2 4.6378 0.01
r 101.8 0.01 2 4.75545 0.01
r 102 0.01 2 4.8747 0.01
r 102.2 0.01 2 4.99317 0.01
r 102.4 0.01 2 5.11177 0.01
r 102.6 0.01 2 5.23098 0.01
r 102.8 0.01 2 5.35118 0.01
r 103 0.01 2 5.47117 0.01
r 103.2 0.01 2 5.59192 0.01
r 103.4 0.01 2 5.71218 0.01
r 103.6 0.01 2 5.8327 0.01
r 103.8 0.01 2 5.95225 0.01
r 104 0.01 2 6.07185 0.01
r 104.2 0.01 2 6.1927 0.01
r 104.4 0.01 2 6.31149 0.01
r 104.6 0.01 2 6.43061 0.01
r 104.8 0.01 2 6.54981 0.01
r 105 0.01 2 6.66863 0.01
r 105.2 0.01 2 6.78762 0.01
r 105.4 0.01 2 6.9065 0.01
r 105.6 0.01 2 7.02526 0.01
r 105.8 0.01 2 7.14422 0.01
r 106 0.01 2 7.26321 0.01
r 106.2 0.01 2 7.38236 0.01
r 106.4 0.01 2 7.50173 0.01
r 106.6 0.01 2 7.62116 0.01
r 106.8 0.01 2 7.74094 0.01
r 107 0.01 2 7.8608 0.01
r 107.2 0.01 2 7.98097 0.01
r 107.4 0.01 2 8.10125 0.01
r 107.6 0.01 2 8.22189 0.01
r 107.8 0.01 2 8.34301 0.01
r 108 0.01 2 8.46378 0.01
r 108.2 0.01 2 8.58498 0.01
r 108.4 0.01 2 8.70679 0.01
r 108.6 0.01 2 8.82896 0.01
r 108.8 0.01 2 8.95112 0.01
r 109 0.01 2 9.07389 0.01
r 109.2 0.01 2 9.19628 0.01
r 109.4 0.01 2 9.31928 0.01
r 109.6 0.01 2 9.44243 0.01
r 109.8 0.01 2 9.56591 0.01
r 110 0.01 2 9.68952 0.01
r 110.2 0.01 2 9.8133 0.01
r 110.4 0.01 2 9.93717 0.01
r 110.6 0.01 2 10.0613 0.01
r 110.8 0.01 2 10.1854 0.01
r 111 0.01 2 10.3096 0.01
r 111.2 0.01 2 10.4341 0.01
r 111.4 0.01 2 10.5588 0.01
r 111.6 0.01 2 10.6836 0.01
r 111.8 0.01 2 10.8087 0.01
r 112 0.01 2 10.934 0.01
r 112.2 0.01 2 11.0594 0.01
r 112.4 0.01 2 11.185 0.01
r 112.6 0.01 2 11.3105 0.01
r 112.8 0.01 2 11.4362 0.01
r 113 0.01 2 11.5618 0.01
r 113.2 0.01 2 11.6878 0.01
r 113.4 0.01 2 11.814 0.01
r 113.6 0.01 2 11.9405 0.01
r 113.8 0.01 2 12.067 0.01
r 114 0.01 2 12.1939 0.01
r 114.2 0.01 2 12.3209 0.01
r 114.4 0.01 2 12.4482 0.01
r 114.6 0.01 2 12.5757 0.01
r 114.8 0.01 2 12.7034 0.01
r 115 0.01 2 12.8309 0.01
r 55 0.01 3 26.9862 0.01
r 55.2 0.01 3 26.8558 0.01
r 55.4 0.01 3 26.7256 0.01
r 55.6 0.01 3 26.5955 0.01
r 55.8 0.01 3 26.4656 0.01
r 56 0.01 3 26.3364 0.01
r 56.2 0.01 3 26.206 0.01
r 56.4 0.01 3 26.0767 0.01
r 56.6 0.01 3 25.9473 0.01
r 56.8 0.01 3 25.8179 0.01
r 57 0.01 3 25.6878 0.01
r 57.2 0.01 3 25.5574 0.01
r 57.4 0.01 3 25.4274 0.01
r 57.6 0.01 3 25.297 0.01
r 57.8 0.01 3 25.1662 0.01
r 58 0.01 3 25.0359 0.01
r 58.2 0.01 3 24.9054 0.01
r 58.4 0.01 3 24.7751 0.01
r 58.6 0.01 3 24.6451 0.01
r 58.8 0.01 3 24.516 0.01
r 59 0.01 3 24.3804 0.01
r 59.2 0.01 3 24.2667 0.01
r 59.4 0.01 3 24.1215 0.01
r 59.6 0.01 3 23.9939 0.01
r 59.8 0.01 3 23.8766 0.01
r 60 0.01 3 23.739 0.01
r 60.2 0.01 3 23.6101 0.01
r 60.4 0.01 3 23.4842 0.01
r 60.6 0.01 3 23.3572 0.01
r 60.8 0.01 3 23.2324 0.01
r 61 0.01 3 23.1977 0.01
r 61.2 0.01 3 23.0673 0.01
r 61.4 0.01 3 22.9371 0.01
r 61.6 0.01 3 22.8071 0.01
r 61.8 0.01 3 22.6773 0.01
r 62 0.01 3 22.5478 0.01
r 62.2 0.01 3 22.4183 0.01
r 62.4 0.01 3 22.289 0.01
r 62.6 0.01 3 22.1597 0.01
r 62.8 0.01 3 22.0304 0.01
r 63 0.01 3 21.9473 0.01
r 63.2 0.01 3 21.8166 0.01
r 63.4 0.01 3 21.6859 0.01
r 63.6 0.01 3 21.5552 0.01
r 63.8 0.01 3 21.4245 0.01
r 64 0.01 3 21.2939 0.01
r 64.2 0.01 3 21.1632 0.01
r 64.4 0.01 3 21.0327 0.01
r 64.6 0.01 3 20.9022 0.01
r 64.8 0.01 3 20.7718 0.01
r 65 0.01 3 20.6888 0.01
r 65.2 0.01 3 20.5583 0.01
r 65.4 0.01 3 20.4293 0.01
r 65.6 0.01 3 20.2992 0.01
r 65.8 0.01 3 20.1704 0.01
r 66 0.01 3 20.039 0.01
r 66.2 0.01 3 19.911 0.01
r 66.4 0.01 3 19.782 0.01
r 66.6 0.01 3 19.6537 0.01
r 66.8 0.01 3 19.5223 0.01
r 67 0.01 3 19.4258 0.01
r 67.2 0.01 3 19.2954 0.01
r 67.4 0.01 3 19.1646 0.01
r 67.6 0.01 3 19.0323 0.01
r 67.8 0.01 3 18.901 0.01
r 68 0.01 3 18.7696 0.01
r 68.2 0.01 3 18.6378 0.01
r 68.4 0.01 3 18.5062 0.01
r 68.6 0.01 3 18.3749 0.01
r 68.8 0.01 3 18.2438 0.01
r 69 0.01 3 18.1773 0.01
r 69.2 0.01 3 18.0463 0.01
r 69.4 0.01 3 17.9156 0.01
r 69.6 0.01 3 17.7855 0.01
r 69.8 0.01 3 17.6558 0.01
r 70 0.01 3 17.5267 0.01
r 70.2 0.01 3 17.3978 0.01
r 70.4 0.01 3 17.269 0.01
r 70.6 0.01 3 17.1403 0.01
r 70.8 0.01 3 17.0117 0.01
r 71 0.01 3 17.0683 0.01
r 71.2 0.01 3 16.9399 0.01
r 71.4 0.01 3 16.8108 0.01
r 71.6 0.01 3 16.6792 0.01
r 71.8 0.01 3 16.5501 0.01
r 72 0.01 3 16.4183 0.01
r 72.2 0.01 3 16.2835 0.01
r 72.4 0.01 3 16.1201 0.01
r 72.6 0.01 3 15.9922 0.01
r 72.8 0.01 3 15.8693 0.01
r 73 0.01 3 15.7672 0.01
r 73.2 0.01 3 15.6395 0.01
r 73.4 0.01 3 15.5084 0.01
r 73.6 0.01 3 15.3789 0.01
r 73.8 0.01 3 15.2516 0.01
r 74 0.01 3 15.1231 0.01
r 74.2 0.01 3 14.9939 0.01
r 74.4 0.01 3 14.8727 0.01
r 74.6 0.01 3 14.7382 0.01
r 74.8 0.01 3 14.6106 0.01
r 75 0.01 3 14.4809 0.01
r 75.2 0.01 3 14.3541 0.01
r 75.4 0.01 3 14.2238 0.01
r 75.6 0.01 3 14.0984 0.01
r 75.8 0.01 3 13.9397 0.01
r 76 0.01 3 13.846 0.01
r 76.2 0.01 3 13.7269 0.01
r 76.4 0.01 3 13.592 0.01
r 76.6 0.01 3 13.4765 0.01
r 76.8 0.01 3 13.3396 0.01
r 77 0.01 3 13.5754 0.01
r 77.2 0.01 3 13.4471 0.01
r 77.4 0.01 3 13.3094 0.01
r 77.6 0.01 3 13.1792 0.01
r 77.8 0.01 3 13.054 0.01
r 78 0.01 3 12.9202 0.01
r 78.2 0.01 3 12.7835 0.01
r 78.4 0.01 3 12.3546 0.01
r 78.6 0.01 3 12.5231 0.01
r 78.8 0.01 3 12.3849 0.01
r 79 0.01 3 12.3035 0.01
r 79.2 0.01 3 12.1707 0.01
r 79.4 0.01 3 12.0901 0.01
r 79.6 0.01 3 11.6311 0.01
r 79.8 0.01 3 11.5695 0.01
r 80 0.01 3 11.6622 0.01
r 80.2 0.01 3 11.5654 0.01
r 80.4 0.01 3 11.19 0.01
r 80.6 0.01 3 11.3011 0.01
r 80.8 0.01 3 11.1354 0.01
r 81 0.01 3 10.9671 0.01
r 81.2 0.01 3 10.675 0.01
r 81.4 0.01 3 10.7617 0.01
r 81.6 0.01 3 10.6522 0.01
r 81.8 0.01 3 10.5477 0.01
r 82 0.01 3 10.3808 0.01
r 82.2 0.01 3 10.3105 0.01
r 82.4 0.01 3 9.97877 0.01
r 82.6 0.01 3 9.97137 0.01
r 82.8 0.01 3 9.9306 0.01
r 83 0.01 3 9.78044 0.01
r 83.2 0.01 3 9.62102 0.01
r 83.4 0.01 3 9.52294 0.01
r 83.6 0.01 3 9.41329 0.01
r 83.8 0.01 3 9.33072 0.01
r 84 0.01 3 9.19275 0.01
r 84.2 0.01 3 9.07794 0.01
r 84.4 0.01 3 8.94571 0.01
r 84.6 0.01 3 8.84912 0.01
r 84.8 0.01 3 8.74475 0.01
r 85 0.01 3 8.65985 0.01
r 85.2 0.01 3 8.54044 0.01
r 85.4 0.01 3 8.4329 0.01
r 85.6 0.01 3 8.32302 0.01
r 85.8 0.01 3 8.23403 0.01
r 86 0.01 3 8.12655 0.01
r 86.2 0.01 3 8.03064 0.01
r 86.4 0.01 3 7.93189 0.01
r 86.6 0.01 3 7.8372 0.01
r 86.8 0.01 3 7.74189 0.01
r 87 0.01 3 7.65274 0.01
r 87.2 0.01 3 7.56229 0.01
r 87.4 0.01 3 7.48177 0.01
r 87.6 0.01 3 7.39054 0.01
r 87.8 0.01 3 7.30792 0.01
r 88 0.01 3 7.22683 0.01
r 88.2 0.01 3 7.14754 0.01
r 88.4 0.01 3 7.07261 0.01
r 88.6 0.01 3 6.99831 0.01
r 88.8 0.01 3 6.92769 0.01
r 89 0.01 3 6.85353 0.01
r 89.2 0.01 3 6.7818 0.01
r 89.4 0.01 3 6.71153 0.01
r 89.6 0.01 3 6.65796 0.01
r 89.8 0.01 3 6.59177 0.01
r 90 0.01 3 6.5179 0.01
r 90.2 0.01 3 6.49587 0.01
r 90.4 0.01 3 6.43911 0.01
r 90.6 0.01 3 6.40565 0.01
r 90.8 0.01 3 6.31883 0.01
r 91 0.01 3 6.23536 0.01
r 91.2 0.01 3 6.18393 0.01
r 91.4 0.01 3 6.13754 0.01
r 91.6 0.01 3 6.09465 0.01
r 91.8 0.01 3 6.05323 0.01
r 92 0.01 3 6.0147 0.01
r 92.2 0.01 3 5.9787 0.01
r 92.4 0.01 3 5.94563 0.01
r 92.6 0.01 3 5.91517 0.01
r 92.8 0.01 3 5.9725 0.01
r 93 0.01 3 5.85943 0.01
r 93.2 0.01 3 5.83595 0.01
r 93.4 0.01 3 5.81804 0.01
r 93.6 0.01 3 5.79624 0.01
r 93.8 0.01 3 5.77988 0.01
r 94 0.01 3 5.76599 0.01
r 94.2 0.01 3 5.75468 0.01
r 94.4 0.01 3 5.74626 0.01
r 94.6 0.01 3 5.74061 0.01
r 94.8 0.01 3 5.73899 0.01
r 95 0.01 3 5.73899 0.01
r 95.2 0.01 3 5.74104 0.01
r 95.4 0.01 3 5.74773 0.01
r 95.6 0.01 3 5.7546 0.01
r 95.8 0.01 3 5.7659 0.01
r 96 0.01 3 5.78015 0.01
r 96.2 0.01 3 5.7968 0.01
r 96.4 0.01 3 5.81622 0.01
r 96.6 0.01 3 5.84248 0.01
r 96.8 0.01 3 5.86116 0.01
r 97 0.01 3 5.88791 0.01
r 97.2 0.01 3 5.92825 0.01
r 97.4 0.01 3 6.03362 0.01
r 97.6 0.01 3 5.97858 0.01
r 97.8 0.01 3 6.01355 0.01
r 98 0.01 3 6.05144 0.01
r 98.2 0.01 3 6.09189 0.01
r 98.4 0.01 3 6.14684 0.01
r 98.6 0.01 3 6.18102 0.01
r 98.8 0.01 3 6.22699 0.01
r 99 0.01 3 6.27816 0.01
r 99.2 0.01 3 6.32898 0.01
r 99.4 0.01 3 6.38244 0.01
r 99.6 0.01 3 6.4385 0.01
r 99.8 0.01 3 6.49677 0.01
r 100 0.01 3 6.55693 0.01
r 100.2 0.01 3 6.62067 0.01
r 100.4 0.01 3 6.68794 0.01
r 100.6 0.01 3 6.75395 0.01
r 100.8 0.01 3 6.83681 0.01
r 101 0.01 3 6.94705 0.01
r 101.2 0.01 3 7.11687 0.01
r 101.4 0.01 3 7.20155 0.01
r 101.6 0.01 3 7.25026 0.01
r 101.8 0.01 3 7.19775 0.01
r 102 0.01 3 7.41317 0.01
r 102.2 0.01 3 7.34535 0.01
r 102.4 0.01 3 7.59138 0.01
r 102.6 0.01 3 7.71986 0.01
r 102.8 0.01 3 7.7072 0.01
r 103 0.01 3 7.72957 0.01
r 103.2 0.01 3 7.91452 0.01
r 103.4 0.01 3 7.99568 0.01
r 103.6 0.01 3 8.08629 0.01
r 103.8 0.01 3 8.15254 0.01
r 104 0.01 3 8.21503 0.01
r 104.2 0.01 3 8.3069 0.01
r 104.4 0.01 3 8.37062 0.01
r 104.6 0.01 3 8.45926 0.01
r 104.8 0.01 3 8.52935 0.01
r 105 0.01 3 8.62549 0.01
r 105.2 0.01 3 8.72859 0.01
r 105.4 0.01 3 8.83291 0.01
r 105.6 0.01 3 8.90885 0.01
r 105.8 0.01 3 9.01332 0.01
r 106 0.01 3 9.1185 0.01
r 106.2 0.01 3 9.2057 0.01
r 106.4 0.01 3 9.31119 0.01
r 106.6 0.01 3 9.40785 0.01
r 106.8 0.01 3 9.50369 0.01
r 107 0.01 3 9.59011 0.01
r 107.2 0.01 3 9.69942 0.01
r 107.4 0.01 3 9.79851 0.01
r 107.6 0.01 3 9.89952 0.01
r 107.8 0.01 3 10.0018 0.01
r 108 0.01 3 10.1045 0.01
r 108.2 0.01 3 10.2076 0.01
r 108.4 0.01 3 10.3126 0.01
r 108.6 0.01 3 10.4185 0.01
r 108.8 0.01 3 10.5249 0.01
r 109 0.01 3 10.6354 0.01
r 109.2 0.01 3 10.7428 0.01
r 109.4 0.01 3 10.8511 0.01
r 109.6 0.01 3 10.9589 0.01
r 109.8 0.01 3 11.0685 0.01
r 110 0.01 3 11.1788 0.01
r 110.2 0.01 3 11.2918 0.01
r 110.4 0.01 3 11.4069 0.01
r 110.6 0.01 3 11.5212 0.01
r 110.8 0.01 3 11.6344 0.01
r 111 0.01 3 11.7477 0.01
r 111.2 0.01 3 11.8635 0.01
r 111.4 0.01 3 11.9797 0.01
r 111.6 0.01 3 12.0967 0.01
r 111.8 0.01 3 12.2145 0.01
r 112 0.01 3 12.3322 0.01
r 112.2 0.01 3 12.4493 0.01
r 112.4 0.01 3 12.567 0.01
r 112.6 0.01 3 12.6853 0.01
r 112.8 0.01 3 12.8052 0.01
r 113 0.01 3 12.9208 0.01
r 113.2 0.01 3 13.0059 0.01
r 113.4 0.01 3 13.1583 0.01
r 113.6 0.01 3 13.2772 0.01
r 113.8 0.01 3 13.3958 0.01
r 114 0.01 3 13.5173 0.01
r 114.2 0.01 3 13.5757 0.01
r 114.4 0.01 3 13.7594 0.01
r 114.6 0.01 3 13.8815 0.01
r 114.8 0.01 3 13.9336 0.01
r 115 0.01 3 14.1201 0.01
r 115.2 0.01 3 14.2423 0.01
r 115.4 0.01 3 14.3648 0.01
r 115.6 0.01 3 14.4163 0.01
r 115.8 0.01 3 14.6104 0.01
r 116 0.01 3 14.65 0.01
r 116.2 0.01 3 14.7814 0.01
r 116.4 0.01 3 14.9121 0.01
r 116.6 0.01 3 15.1094 0.01
r 116.8 0.01 3 15.1561 0.01
r 117 0.01 3 15.2787 0.01
r 117.2 0.01 3 15.4042 0.01
r 117.4 0.01 3 15.5296 0.01
r 117.6 0.01 3 15.6332 0.01
r 117.8 0.01 3 15.8218 0.01
r 118 0.01 3 15.9144 0.01
r 118.2 0.01 3 16.0753 0.01
r 118.4 0.01 3 16.1932 0.01
r 118.6 0.01 3 16.2554 0.01
r 118.8 0.01 3 16.4083 0.01
r 119 0.01 3 16.4747 0.01
r 119.2 0.01 3 16.6563 0.01
r 119.4 0.01 3 16.789 0.01
r 119.6 0.01 3 16.9181 0.01
r 119.8 0.01 3 17.0477 0.01
r 120 0.01 3 17.1215 0.01
r 120.2 0.01 3 17.2501 0.01
r 120.4 0.01 3 17.4368 0.01
r 120.6 0.01 3 17.5679 0.01
r 120.8 0.01 3 17.6978 0.01
r 121 0.01 3 17.7623 0.01
r 121.2 0.01 3 17.9448 0.01
r 121.4 0.01 3 18.0772 0.01
r 121.6 0.01 3 18.21 0.01
r 121.8 0.01 3 18.3431 0.01
r 122 0.01 3 18.4543 0.01
r 122.2 0.01 3 18.5879 0.01
r 122.4 0.01 3 18.7439 0.01
r 122.6 0.01 3 18.8775 0.01
r 122.8 0.01 3 19.0111 0.01
r 123 0.01 3 18.9949 0.01
r 123.2 0.01 3 19.1222 0.01
r 123.4 0.01 3 19.2497 0.01
r 123.6 0.01 3 19.3772 0.01
r 123.8 0.01 3 19.5056 0.01
r 124 0.01 3 19.6336 0.01
r 124.2 0.01 3 19.7613 0.01
r 124.4 0.01 3 19.8893 0.01
r 124.6 0.01 3 20.0175 0.01
r 124.8 0.01 3 20.1461 0.01
r 125 0.01 3 20.2747 0.01
r 125.2 0.01 3 20.4035 0.01
r 125.4 0.01 3 20.5322 0.01
r 125.6 0.01 3 20.6609 0.01
r 125.8 0.01 3 20.7892 0.01
r 126 0.01 3 20.9178 0.01
r 126.2 0.01 3 21.0465 0.01
r 126.4 0.01 3 21.1753 0.01
r 126.6 0.01 3 21.3041 0.01
r 126.8 0.01 3 21.4331 0.01
r 127 0.01 3 21.5636 0.01
r 127.2 0.01 3 21.6928 0.01
r 127.4 0.01 3 21.8227 0.01
r 127.6 0.01 3 21.9512 0.01
r 127.8 0.01 3 22.0809 0.01
r 128 0.01 3 22.2109 0.01
r 128.2 0.01 3 22.3408 0.01
r 128.4 0.01 3 22.471 0.01
r 128.6 0.01 3 22.601 0.01
r 128.8 0.01 3 22.7314 0.01
r 129 0.01 3 22.8397 0.01
r 129.2 0.01 3 22.9697 0.01
r 129.4 0.01 3 23.0975 0.01
r 129.6 0.01 3 23.2265 0.01
r 129.8 0.01 3 23.3552 0.01
r 130 0.01 3 23.4845 0.01
r 130.2 0.01 3 23.6133 0.01
r 130.4 0.01 3 23.7423 0.01
r 130.6 0.01 3 23.8711 0.01
r 130.8 0.01 3 24.0002 0.01
r 131 0.01 3 24.0896 0.01
r 131.2 0.01 3 24.2183 0.01
r 131.4 0.01 3 24.3467 0.01
r 131.6 0.01 3 24.4759 0.01
r 131.8 0.01 3 24.6047 0.01
r 132 0.01 3 24.7338 0.01
r 132.2 0.01 3 24.863 0.01
r 132.4 0.01 3 24.9926 0.01
r 132.6 0.01 3 25.1224 0.01
r 132.8 0.01 3 25.2524 0.01
r 133 0.01 3 25.3768 0.01
r 133.2 0.01 3 25.5064 0.01
r 133.4 0.01 3 25.6362 0.01
r 133.6 0.01 3 25.766 0.01
r 133.8 0.01 3 25.8957 0.01
r 134 0.01 3 26.0257 0.01
r 134.2 0.01 3 26.1559 0.01
r 134.4 0.01 3 26.2861 0.01
r 134.6 0.01 3 26.4166 0.01
r 134.8 0.01 3 26.5475 0.01
r 135 0.01 3 26.6898 0.01
s 105 3 602
r 85 0.01 2 12.8256 0.01
r 85.2 0.01 2 12.6964 0.01
r 85.4 0.01 2 12.5669 0.01
r 85.6 0.01 2 12.4376 0.01
r 85.8 0.01 2 12.3085 0.01
r 86 0.01 2 12.1797 0.01
r 86.2 0.01 2 12.0511 0.01
r 86.4 0.01 2 11.9228 0.01
r 86.6 0.01 2 11.7947 0.01
r 86.8 0.01 2 11.6668 0.01
r 87 0.01 2 11.5393 0.01
r 87.2 0.01 2 11.412 0.01
r 87.4 0.01 2 11.2851 0.01
r 87.6 0.01 2 11.1584 0.01
r 87.8 0.01 2 11.0319 0.01
r 88 0.01 2 10.9056 0.01
r 88.2 0.01 2 10.7796 0.01
r 88.4 0.01 2 10.654 0.01
r 88.6 0.01 2 10.5287 0.01
r 88.8 0.01 2 10.4038 0.01
r 89 0.01 2 10.2793 0.01
r 89.2 0.01 2 10.1551 0.01
r 89.4 0.01 2 10.0316 0.01
r 89.6 0.01 2 9.90786 0.01
r 89.8 0.01 2 9.7845 0.01
r 90 0.01 2 9.66129 0.01
r 90.2 0.01 2 9.53842 0.01
r 90.4 0.01 2 9.41553 0.01
r 90.6 0.01 2 9.2929 0.01
r 90.8 0.01 2 9.17048 0.01
r 91 0.01 2 9.04835 0.01
r 91.2 0.01 2 8.92647 0.01
r 91.4 0.01 2 8.80477 0.01
r 91.6 0.01 2 8.68334 0.01
r 91.8 0.01 2 8.56221 0.01
r 92 0.01 2 8.44128 0.01
r 92.2 0.01 2 8.32059 0.01
r 92.4 0.01 2 8.20023 0.01
r 92.6 0.01 2 8.08007 0.01
r 92.8 0.01 2 7.95983 0.01
r 93 0.01 2 7.84013 0.01
r 93.2 0.01 2 7.72033 0.01
r 93.4 0.01 2 7.60076 0.01
r 93.6 0.01 2 7.48134 0.01
r 93.8 0.01 2 7.36198 0.01
r 94 0.01 2 7.24265 0.01
r 94.2 0.01 2 7.12346 0.01
r 94.4 0.01 2 7.00534 0.01
r 94.6 0.01 2 6.88547 0.01
r 94.8 0.01 2 6.76638 0.01
r 95 0.01 2 6.64727 0.01
r 95.2 0.01 2 6.52766 0.01
r 95.4 0.01 2 6.40852 0.01
r 95.6 0.01 2 6.28977 0.01
r 95.8 0.01 2 6.16814 0.01
r 96 0.01 2 6.04812 0.01
r 96.2 0.01 2 5.92873 0.01
r 96.4 0.01 2 5.8088 0.01
r 96.6 0.01 2 5.68937 0.01
r 96.8 0.01 2 5.56923 0.01
r 97 0.01 2 5.44977 0.01
r 97.2 0.01 2 5.33034 0.01
r 97.4 0.01 2 5.21214 0.01
r 97.6 0.01 2 5.09494 0.01
r 97.8 0.01 2 4.97525 0.01
r 98 0.01 2 4.85768 0.01
r 98.2 0.01 2 4.7405 0.01
r 98.4 0.01 2 4.62389 0.01
r 98.6 0.01 2 4.50798 0.01
r 98.8 0.01 2 4.39288 0.01
r 99 0.01 2 4.27832 0.01
r 99.2 0.01 2 4.16493 0.01
r 99.4 0.01 2 4.05259 0.01
r 99.6 0.01 2 3.94102 0.01
r 99.8 0.01 2 3.83052 0.01
r 100 0.01 2 3.72099 0.01
r 100.2 0.01 2 3.61317 0.01
r 100.4 0.01 2 3.50697 0.01
r 100.6 0.01 2 3.40184 0.01
r 100.8 0.01 2 3.29815 0.01
r 101 0.01 2 3.19253 0.01
r 101.2 0.01 2 3.09152 0.01
r 101.4 0.01 2 2.99235 0.01
r 101.6 0.01 2 2.89539 0.01
r 101.8 0.01 2 2.80109 0.01
r 102 0.01 2 2.71002 0.01
r 102.2 0.01 2 2.62089 0.01
r 102.4 0.01 2 2.53562 0.01
r 102.6 0.01 2 2.45419 0.01
r 102.8 0.01 2 2.37642 0.01
r 103 0.01 2 2.30294 0.01
r 103.2 0.01 2 2.2347 0.01
r 103.4 0.01 2 2.1715 0.01
r 103.6 0.01 2 2.1144 0.01
r 103.8 0.01 2 2.06367 0.01
r 104 0.01 2 2.01956 0.01
r 104.2 0.01 2 1.98254 0.01
r 104.4 0.01 2 1.9537 0.01
r 104.6 0.01 2 1.93375 0.01
r 104.8 0.01 2 1.92087 0.01
r 105 0.01 2 1.91731 0.01
r 105.2 0.01 2 1.91997 0.01
r 105.4 0.01 2 1.93321 0.01
r 105.6 0.01 2 1.95303 0.01
r 105.8 0.01 2 1.98197 0.01
r 106 0.01 2 2.01884 0.01
r 106.2 0.01 2 2.0627 0.01
r 106.4 0.01 2 2.11341 0.01
r 106.6 0.01 2 2.17051 0.01
r 106.8 0.01 2 2.23361 0.01
r 107 0.01 2 2.30219 0.01
r 107.2 0.01 2 2.37578 0.01
r 107.4 0.01 2 2.45324 0.01
r 107.6 0.01 2 2.53514 0.01
r 107.8 0.01 2 2.62111 0.01
r 108 0.01 2 2.71005 0.01
r 108.2 0.01 2 2.80081 0.01
r 108.4 0.01 2 2.89528 0.01
r 108.6 0.01 2 2.99218 0.01
r 108.8 0.01 2 3.09176 0.01
r 109 0.01 2 3.19651 0.01
r 109.2 0.01 2 3.30103 0.01
r 109.4 0.01 2 3.40503 0.01
r 109.6 0.01 2 3.50896 0.01
r 109.8 0.01 2 3.61513 0.01
r 110 0.01 2 3.72369 0.01
r 110.2 0.01 2 3.83367 0.01
r 110.4 0.01 2 3.94439 0.01
r 110.6 0.01 2 4.05606 0.01
r 110.8 0.01 2 4.16843 0.01
r 111 0.01 2 4.28209 0.01
r 111.2 0.01 2 4.39545 0.01
r 111.4 0.01 2 4.50998 0.01
r 111.6 0.01 2 4.62536 0.01
r 111.8 0.01 2 4.74174 0.01
r 112 0.01 2 4.85748 0.01
r 112.2 0.01 2 4.97422 0.01
r 112.4 0.01 2 5.09095 0.01
r 112.6 0.01 2 5.20849 0.01
r 112.8 0.01 2 5.32562 0.01
r 113 0.01 2 5.4437 0.01
r 113.2 0.01 2 5.56231 0.01
r 113.4 0.01 2 5.68075 0.01
r 113.6 0.01 2 5.79962 0.01
r 113.8 0.01 2 5.91818 0.01
r 114 0.01 2 6.03716 0.01
r 114.2 0.01 2 6.15652 0.01
r 114.4 0.01 2 6.27661 0.01
r 114.6 0.01 2 6.39696 0.01
r 114.8 0.01 2 6.51745 0.01
r 115 0.01 2 6.63882 0.01
r 115.2 0.01 2 6.76024 0.01
r 115.4 0.01 2 6.88206 0.01
r 115.6 0.01 2 7.00434 0.01
r 115.8 0.01 2 7.12728 0.01
r 116 0.01 2 7.24998 0.01
r 116.2 0.01 2 7.3737 0.01
r 116.4 0.01 2 7.49751 0.01
r 116.6 0.01 2 7.62156 0.01
r 116.8 0.01 2 7.74609 0.01
r 117 0.01 2 7.87101 0.01
r 117.2 0.01 2 7.99628 0.01
r 117.4 0.01 2 8.12203 0.01
r 117.6 0.01 2 8.24794 0.01
r 117.8 0.01 2 8.37436 0.01
r 118 0.01 2 8.50115 0.01
r 118.2 0.01 2 8.62834 0.01
r 118.4 0.01 2 8.75614 0.01
r 118.6 0.01 2 8.88376 0.01
r 118.8 0.01 2 9.01187 0.01
r 119 0.01 2 9.14021 0.01
r 119.2 0.01 2 9.26938 0.01
r 119.4 0.01 2 9.39816 0.01
r 119.6 0.01 2 9.5272 0.01
r 119.8 0.01 2 9.65645 0.01
r 120 0.01 2 9.78597 0.01
r 120.2 0.01 2 9.91581 0.01
r 120.4 0.01 2 10.0461 0.01
r 120.6 0.01 2 10.1769 0.01
r 120.8 0.01 2 10.308 0.01
r 121 0.01 2 10.4395 0.01
r 121.2 0.01 2 10.5715 0.01
r 121.4 0.01 2 10.7041 0.01
r 121.6 0.01 2 10.8371 0.01
r 121.8 0.01 2 10.9707 0.01
r 122 0.01 2 11.1045 0.01
r 122.2 0.01 2 11.2384 0.01
r 122.4 0.01 2 11.3724 0.01
r 122.6 0.01 2 11.5065 0.01
r 122.8 0.01 2 11.6405 0.01
r 123 0.01 2 11.7743 0.01
r 123.2 0.01 2 11.9082 0.01
r 123.4 0.01 2 12.0422 0.01
r 123.6 0.01 2 12.1759 0.01
r 123.8 0.01 2 12.3094 0.01
r 124 0.01 2 12.443 0.01
r 124.2 0.01 2 12.5766 0.01
r 124.4 0.01 2 12.7102 0.01
r 124.6 0.01 2 12.8438 0.01
r 124.8 0.01 2 12.9774 0.01
r 125 0.01 2 13.1109 0.01
r 65 0.01 3 26.6702 0.01
r 65.2 0.01 3 26.5397 0.01
r 65.4 0.01 3 26.4095 0.01
r 65.6 0.01 3 26.2794 0.01
r 65.8 0.01 3 26.1495 0.01
r 66 0.01 3 26.0199 0.01
r 66.2 0.01 3 25.8904 0.01
r 66.4 0.01 3 25.7608 0.01
r 66.6 0.01 3 25.6313 0.01
r 66.8 0.01 3 25.5018 0.01
r 67 0.01 3 25.3988 0.01
r 67.2 0.01 3 25.2683 0.01
r 67.4 0.01 3 25.1377 0.01
r 67.6 0.01 3 25.0065 0.01
r 67.8 0.01 3 24.8751 0.01
r 68 0.01 3 24.7434 0.01
r 68.2 0.01 3 24.6115 0.01
r 68.4 0.01 3 24.4797 0.01
r 68.6 0.01 3 24.3482 0.01
r 68.8 0.01 3 24.2169 0.01
r 69 0.01 3 24.1036 0.01
r 69.2 0.01 3 23.9725 0.01
r 69.4 0.01 3 23.8418 0.01
r 69.6 0.01 3 23.7116 0.01
r 69.8 0.01 3 23.582 0.01
r 70 0.01 3 23.4528 0.01
r 70.2 0.01 3 23.324 0.01
r 70.4 0.01 3 23.1954 0.01
r 70.6 0.01 3 23.0667 0.01
r 70.8 0.01 3 22.9379 0.01
r 71 0.01 3 22.8519 0.01
r 71.2 0.01 3 22.722 0.01
r 71.4 0.01 3 22.5923 0.01
r 71.6 0.01 3 22.4519 0.01
r 71.8 0.01 3 22.3288 0.01
r 72 0.01 3 22.192 0.01
r 72.2 0.01 3 22.0614 0.01
r 72.4 0.01 3 21.9319 0.01
r 72.6 0.01 3 21.8015 0.01
r 72.8 0.01 3 21.6711 0.01
r 73 0.01 3 21.5502 0.01
r 73.2 0.01 3 21.4204 0.01
r 73.4 0.01 3 21.2909 0.01
r 73.6 0.01 3 21.1526 0.01
r 73.8 0.01 3 21.0238 0.01
r 74 0.01 3 20.9086 0.01
r 74.2 0.01 3 20.7673 0.01
r 74.4 0.01 3 20.6527 0.01
r 74.6 0.01 3 20.5108 0.01
r 74.8 0.01 3 20.3824 0.01
r 75 0.01 3 20.3017 0.01
r 75.2 0.01 3 20.1771 0.01
r 75.4 0.01 3 20.0501 0.01
r 75.6 0.01 3 19.911 0.01
r 75.8 0.01 3 19.7898 0.01
r 76 0.01 3 19.6529 0.01
r 76.2 0.01 3 19.5303 0.01
r 76.4 0.01 3 19.4005 0.01
r 76.6 0.01 3 19.2637 0.01
r 76.8 0.01 3 19.1341 0.01
r 77 0.01 3 19.0655 0.01
r 77.2 0.01 3 18.9333 0.01
r 77.4 0.01 3 18.7996 0.01
r 77.6 0.01 3 18.6665 0.01
r 77.8 0.01 3 18.5353 0.01
r 78 0.01 3 18.4024 0.01
r 78.2 0.01 3 18.2696 0.01
r 78.4 0.01 3 18.1366 0.01
r 78.6 0.01 3 18.0039 0.01
r 78.8 0.01 3 17.8735 0.01
r 79 0.01 3 17.813 0.01
r 79.2 0.01 3 17.6804 0.01
r 79.4 0.01 3 17.548 0.01
r 79.6 0.01 3 17.4158 0.01
r 79.8 0.01 3 17.2836 0.01
r 80 0.01 3 17.1517 0.01
r 80.2 0.01 3 17.0202 0.01
r 80.4 0.01 3 16.889 0.01
r 80.6 0.01 3 16.7583 0.01
r 80.8 0.01 3 16.6281 0.01
r 81 0.01 3 16.6729 0.01
r 81.2 0.01 3 16.5418 0.01
r 81.4 0.01 3 16.415 0.01
r 81.6 0.01 3 16.278 0.01
r 81.8 0.01 3 16.1598 0.01
r 82 0.01 3 16.0198 0.01
r 82.2 0.01 3 15.8845 0.01
r 82.4 0.01 3 15.7629 0.01
r 82.6 0.01 3 15.6437 0.01
r 82.8 0.01 3 15.4943 0.01
r 83 0.01 3 15.3909 0.01
r 83.2 0.01 3 15.253 0.01
r 83.4 0.01 3 15.1298 0.01
r 83.6 0.01 3 14.9996 0.01
r 83.8 0.01 3 14.9055 0.01
r 84 0.01 3 14.7445 0.01
r 84.2 0.01 3 14.6495 0.01
r 84.4 0.01 3 14.5476 0.01
r 84.6 0.01 3 14.428 0.01
r 84.8 0.01 3 14.2436 0.01
r 85 0.01 3 14.1767 0.01
r 85.2 0.01 3 14.0644 0.01
r 85.4 0.01 3 13.9097 0.01
r 85.6 0.01 3 13.8043 0.01
r 85.8 0.01 3 13.6991 0.01
r 86 0.01 3 13.579 0.01
r 86.2 0.01 3 13.4568 0.01
r 86.4 0.01 3 13.3204 0.01
r 86.6 0.01 3 13.2242 0.01
r 86.8 0.01 3 13.093 0.01
r 87 0.01 3 12.9751 0.01
r 87.2 0.01 3 12.8546 0.01
r 87.4 0.01 3 12.7444 0.01
r 87.6 0.01 3 12.6151 0.01
r 87.8 0.01 3 12.4998 0.01
r 88 0.01 3 12.3961 0.01
r 88.2 0.01 3 12.2675 0.01
r 88.4 0.01 3 12.1472 0.01
r 88.6 0.01 3 12.0409 0.01
r 88.8 0.01 3 11.916 0.01
r 89 0.01 3 11.7927 0.01
r 89.2 0.01 3 11.6775 0.01
r 89.4 0.01 3 11.5638 0.01
r 89.6 0.01 3 11.4509 0.01
r 89.8 0.01 3 11.3383 0.01
r 90 0.01 3 11.2236 0.01
r 90.2 0.01 3 11.1071 0.01
r 90.4 0.01 3 10.9959 0.01
r 90.6 0.01 3 10.888 0.01
r 90.8 0.01 3 10.7708 0.01
r 91 0.01 3 10.6601 0.01
r 91.2 0.01 3 10.5495 0.01
r 91.4 0.01 3 10.4446 0.01
r 91.6 0.01 3 10.3304 0.01
r 91.8 0.01 3 10.219 0.01
r 92 0.01 3 10.1161 0.01
r 92.2 0.01 3 10.0105 0.01
r 92.4 0.01 3 9.90832 0.01
r 92.6 0.01 3 9.80493 0.01
r 92.8 0.01 3 9.69027 0.01
r 93 0.01 3 9.60737 0.01
r 93.2 0.01 3 9.50396 0.01
r 93.4 0.01 3 9.38255 0.01
r 93.6 0.01 3 9.29188 0.01
r 93.8 0.01 3 9.18645 0.01
r 94 0.01 3 9.07414 0.01
r 94.2 0.01 3 8.99003 0.01
r 94.4 0.01 3 8.87811 0.01
r 94.6 0.01 3 8.78208 0.01
r 94.8 0.01 3 8.68009 0.01
r 95 0.01 3 8.60521 0.01
r 95.2 0.01 3 8.50183 0.01
r 95.4 0.01 3 8.40194 0.01
r 95.6 0.01 3 8.30285 0.01
r 95.8 0.01 3 8.20394 0.01
r 96 0.01 3 8.11118 0.01
r 96.2 0.01 3 8.02039 0.01
r 96.4 0.01 3 7.93124 0.01
r 96.6 0.01 3 7.84308 0.01
r 96.8 0.01 3 7.75805 0.01
r 97 0.01 3 7.67109 0.01
r 97.2 0.01 3 7.58756 0.01
r 97.4 0.01 3 7.50688 0.01
r 97.6 0.01 3 7.42855 0.01
r 97.8 0.01 3 7.35275 0.01
r 98 0.01 3 7.2785 0.01
r 98.2 0.01 3 7.19772 0.01
r 98.4 0.01 3 7.11894 0.01
r 98.6 0.01 3 7.0453 0.01
r 98.8 0.01 3 6.98304 0.01
r 99 0.01 3 6.89593 0.01
r 99.2 0.01 3 6.82686 0.01
r 99.4 0.01 3 6.76576 0.01
r 99.6 0.01 3 6.7004 0.01
r 99.8 0.01 3 6.63183 0.01
r 100 0.01 3 6.5812 0.01
r 100.2 0.01 3 6.54351 0.01
r 100.4 0.01 3 6.4834 0.01
r 100.6 0.01 3 6.43013 0.01
r 100.8 0.01 3 6.37236 0.01
r 101 0.01 3 6.27783 0.01
r 101.2 0.01 3 6.22722 0.01
r 101.4 0.01 3 6.18057 0.01
r 101.6 0.01 3 6.15951 0.01
r 101.8 0.01 3 6.09461 0.01
r 102 0.01 3 6.05465 0.01
r 102.2 0.01 3 6.01809 0.01
r 102.4 0.01 3 5.98315 0.01
r 102.6 0.01 3 5.95098 0.01
r 102.8 0.01 3 5.92208 0.01
r 103 0.01 3 5.89354 0.01
r 103.2 0.01 3 5.86924 0.01
r 103.4 0.01 3 5.84774 0.01
r 103.6 0.01 3 5.82713 0.01
r 103.8 0.01 3 5.80935 0.01
r 104 0.01 3 5.7941 0.01
r 104.2 0.01 3 5.78116 0.01
r 104.4 0.01 3 5.7712 0.01
r 104.6 0.01 3 5.7638 0.01
r 104.8 0.01 3 5.75956 0.01
r 105 0.01 3 5.75941 0.01
r 105.2 0.01 3 5.76052 0.01
r 105.4 0.01 3 5.76363 0.01
r 105.6 0.01 3 5.77035 0.01
r 105.8 0.01 3 5.78013 0.01
r 106 0.01 3 5.79292 0.01
r 106.2 0.01 3 5.80811 0.01
r 106.4 0.01 3 5.82605 0.01
r 106.6 0.01 3 5.84984 0.01
r 106.8 0.01 3 5.86768 0.01
r 107 0.01 3 5.8931 0.01
r 107.2 0.01 3 5.91885 0.01
r 107.4 0.01 3 5.94816 0.01
r 107.6 0.01 3 5.9801 0.01
r 107.8 0.01 3 6.0232 0.01
r 108 0.01 3 6.05043 0.01
r 108.2 0.01 3 6.08989 0.01
r 108.4 0.01 3 6.13151 0.01
r 108.6 0.01 3 6.17622 0.01
r 108.8 0.01 3 6.22128 0.01
r 109 0.01 3 6.27159 0.01
r 109.2 0.01 3 6.32225 0.01
r 109.4 0.01 3 6.3761 0.01
r 109.6 0.01 3 6.43046 0.01
r 109.8 0.01 3 6.48879 0.01
r 110 0.01 3 6.54906 0.01
r 110.2 0.01 3 6.6124 0.01
r 110.4 0.01 3 6.67645 0.01
r 110.6 0.01 3 6.74659 0.01
r 110.8 0.01 3 6.81357 0.01
r 111 0.01 3 7.17071 0.01
r 111.2 0.01 3 7.18588 0.01
r 111.4 0.01 3 7.23324 0.01
r 111.6 0.01 3 7.30013 0.01
r 111.8 0.01 3 7.36279 0.01
r 112 0.01 3 7.33145 0.01
r 112.2 0.01 3 7.47795 0.01
r 112.4 0.01 3 7.50917 0.01
r 112.6 0.01 3 7.5854 0.01
r 112.8 0.01 3 7.64938 0.01
r 113 0.01 3 7.73858 0.01
r 113.2 0.01 3 7.83597 0.01
r 113.4 0.01 3 7.91539 0.01
r 113.6 0.01 3 7.98747 0.01
r 113.8 0.01 3 8.06977 0.01
r 114 0.01 3 8.15068 0.01
r 114.2 0.01 3 8.23846 0.01
r 114.4 0.01 3 8.32493 0.01
r 114.6 0.01 3 8.41612 0.01
r 114.8 0.01 3 8.51068 0.01
r 115 0.01 3 8.61077 0.01
r 115.2 0.01 3 8.70379 0.01
r 115.4 0.01 3 8.80224 0.01
r 115.6 0.01 3 8.90248 0.01
r 115.8 0.01 3 9.00396 0.01
r 116 0.01 3 9.1089 0.01
r 116.2 0.01 3 9.20737 0.01
r 116.4 0.01 3 9.33097 0.01
r 116.6 0.01 3 9.44419 0.01
r 116.8 0.01 3 9.53713 0.01
r 117 0.01 3 9.64688 0.01
r 117.2 0.01 3 9.77986 0.01
r 117.4 0.01 3 9.87064 0.01
r 117.6 0.01 3 9.9804 0.01
r 117.8 0.01 3 10.1035 0.01
r 118 0.01 3 10.2123 0.01
r 118.2 0.01 3 10.3419 0.01
r 118.4 0.01 3 10.458 0.01
r 118.6 0.01 3 10.5942 0.01
r 118.8 0.01 3 10.7023 0.01
r 119 0.01 3 10.8166 0.01
r 119.2 0.01 3 10.9451 0.01
r 119.4 0.01 3 11.0576 0.01
r 119.6 0.01 3 11.1696 0.01
r 119.8 0.01 3 11.3017 0.01
r 120 0.01 3 11.408 0.01
r 120.2 0.01 3 11.5815 0.01
r 120.4 0.01 3 11.6958 0.01
r 120.6 0.01 3 11.7901 0.01
r 120.8 0.01 3 11.9074 0.01
r 121 0.01 3 12.0272 0.01
r 121.2 0.01 3 12.1676 0.01
r 121.4 0.01 3 12.321 0.01
r 121.6 0.01 3 12.4223 0.01
r 121.8 0.01 3 12.5423 0.01
r 122 0.01 3 12.6365 0.01
r 122.2 0.01 3 12.7941 0.01
r 122.4 0.01 3 12.9477 0.01
r 122.6 0.01 3 13.0638 0.01
r 122.8 0.01 3 13.2336 0.01
r 123 0.01 3 13.1499 0.01
r 123.2 0.01 3 13.2748 0.01
r 123.4 0.01 3 13.4279 0.01
r 123.6 0.01 3 13.5532 0.01
r 123.8 0.01 3 13.6804 0.01
r 124 0.01 3 13.8075 0.01
r 124.2 0.01 3 13.933 0.01
r 124.4 0.01 3 14.0338 0.01
r 124.6 0.01 3 14.1913 0.01
r 124.8 0.01 3 14.2894 0.01
r 125 0.01 3 14.4127 0.01
r 125.2 0.01 3 14.5334 0.01
r 125.4 0.01 3 14.6697 0.01
r 125.6 0.01 3 14.7725 0.01
r 125.8 0.01 3 14.9169 0.01
r 126 0.01 3 15.0882 0.01
r 126.2 0.01 3 15.2172 0.01
r 126.4 0.01 3 15.3477 0.01
r 126.6 0.01 3 15.476 0.01
r 126.8 0.01 3 15.5609 0.01
r 127 0.01 3 15.5634 0.01
r 127.2 0.01 3 15.6886 0.01
r 127.4 0.01 3 15.8142 0.01
r 127.6 0.01 3 15.9402 0.01
r 127.8 0.01 3 16.0666 0.01
r 128 0.01 3 16.1936 0.01
r 128.2 0.01 3 16.3205 0.01
r 128.4 0.01 3 16.4472 0.01
r 128.6 0.01 3 16.5741 0.01
r 128.8 0.01 3 16.7014 0.01
r 129 0.01 3 16.8281 0.01
r 129.2 0.01 3 16.9556 0.01
r 129.4 0.01 3 17.0834 0.01
r 129.6 0.01 3 17.2116 0.01
r 129.8 0.01 3 17.3398 0.01
r 130 0.01 3 17.4681 0.01
r 130.2 0.01 3 17.5967 0.01
r 130.4 0.01 3 17.7254 0.01
r 130.6 0.01 3 17.8535 0.01
r 130.8 0.01 3 17.9823 0.01
r 131 0.01 3 18.1085 0.01
r 131.2 0.01 3 18.2368 0.01
r 131.4 0.01 3 18.3663 0.01
r 131.6 0.01 3 18.4954 0.01
r 131.8 0.01 3 18.6242 0.01
r 132 0.01 3 18.7536 0.01
r 132.2 0.01 3 18.8835 0.01
r 132.4 0.01 3 19.0131 0.01
r 132.6 0.01 3 19.1428 0.01
r 132.8 0.01 3 19.2726 0.01
r 133 0.01 3 19.3567 0.01
r 133.2 0.01 3 19.4861 0.01
r 133.4 0.01 3 19.6155 0.01
r 133.6 0.01 3 19.7457 0.01
r 133.8 0.01 3 19.8757 0.01
r 134 0.01 3 20.0058 0.01
r 134.2 0.01 3 20.1356 0.01
r 134.4 0.01 3 20.266 0.01
r 134.6 0.01 3 20.3953 0.01
r 134.8 0.01 3 20.5261 0.01
r 135 0.01 3 20.6354 0.01
r 135.2 0.01 3 20.7654 0.01
r 135.4 0.01 3 20.8961 0.01
r 135.6 0.01 3 21.0272 0.01
r 135.8 0.01 3 21.1576 0.01
r 136 0.01 3 21.2887 0.01
r 136.2 0.01 3 21.4195 0.01
r 136.4 0.01 3 21.5514 0.01
r 136.6 0.01 3 21.6834 0.01
r 136.8 0.01 3 21.8158 0.01
r 137 0.01 3 21.8316 0.01
r 137.2 0.01 3 21.9633 0.01
r 137.4 0.01 3 22.0951 0.01
r 137.6 0.01 3 22.2271 0.01
r 137.8 0.01 3 22.3593 0.01
r 138 0.01 3 22.4915 0.01
r 138.2 0.01 3 22.6236 0.01
r 138.4 0.01 3 22.7439 0.01
r 138.6 0.01 3 22.8756 0.01
r 138.8 0.01 3 23.0192 0.01
r 139 0.01 3 23.0963 0.01
r 139.2 0.01 3 23.2263 0.01
r 139.4 0.01 3 23.3562 0.01
r 139.6 0.01 3 23.4862 0.01
r 139.8 0.01 3 23.6161 0.01
r 140 0.01 3 23.7461 0.01
r 140.2 0.01 3 23.8816 0.01
r 140.4 0.01 3 24.0061 0.01
r 140.6 0.01 3 24.1363 0.01
r 140.8 0.01 3 24.2665 0.01
r 141 0.01 3 24.3872 0.01
r 141.2 0.01 3 24.5052 0.01
r 141.4 0.01 3 24.632 0.01
r 141.6 0.01 3 24.759 0.01
r 141.8 0.01 3 24.8925 0.01
r 142 0.01 3 25.0196 0.01
r 142.2 0.01 3 25.1466 0.01
r 142.4 0.01 3 25.2738 0.01
r 142.6 0.01 3 25.4016 0.01
r 142.8 0.01 3 25.5293 0.01
r 143 0.01 3 25.6569 0.01
r 143.2 0.01 3 25.7851 0.01
r 143.4 0.01 3 25.9134 0.01
r 143.6 0.01 3 26.0417 0.01
r 143.8 0.01 3 26.1702 0.01
r 144 0.01 3 26.2988 0.01
r 144.2 0.01 3 26.4274 0.01
r 144.4 0.01 3 26.5561 0.01
r 144.6 0.01 3 26.6846 0.01
r 144.8 0.01 3 26.8137 0.01
r 145 0.01 3 26.9426 0.01
s 115 3 602
r 95 0.01 2 12.8319 0.01
r 95.2 0.01 2 12.7033 0.01
r 95.4 0.01 2 12.5748 0.01
r 95.6 0.01 2 12.4464 0.01
r 95.8 0.01 2 12.3183 0.01
r 96 0.01 2 12.1903 0.01
r 96.2 0.01 2 12.0626 0.01
r 96.4 0.01 2 11.935 0.01
r 96.6 0.01 2 11.8077 0.01
r 96.8 0.01 2 11.6807 0.01
r 97 0.01 2 11.5539 0.01
r 97.2 0.01 2 11.4274 0.01
r 97.4 0.01 2 11.3011 0.01
r 97.6 0.01 2 11.1752 0.01
r 97.8 0.01 2 11.0495 0.01
r 98 0.01 2 10.9241 0.01
r 98.2 0.01 2 10.799 0.01
r 98.4 0.01 2 10.6742 0.01
r 98.6 0.01 2 10.5496 0.01
r 98.8 0.01 2 10.4252 0.01
r 99 0.01 2 10.301 0.01
r 99.2 0.01 2 10.1771 0.01
r 99.4 0.01 2 10.0532 0.01
r 99.6 0.01 2 9.92946 0.01
r 99.8 0.01 2 9.80597 0.01
r 100 0.01 2 9.6824 0.01
r 100.2 0.01 2 9.55887 0.01
r 100.4 0.01 2 9.43554 0.01
r 100.6 0.01 2 9.31231 0.01
r 100.8 0.01 2 9.1893 0.01
r 101 0.01 2 9.06654 0.01
r 101.2 0.01 2 8.94406 0.01
r 101.4 0.01 2 8.82207 0.01
r 101.6 0.01 2 8.70003 0.01
r 101.8 0.01 2 8.57878 0.01
r 102 0.01 2 8.45733 0.01
r 102.2 0.01 2 8.33601 0.01
r 102.4 0.01 2 8.21501 0.01
r 102.6 0.01 2 8.09405 0.01
r 102.8 0.01 2 7.97318 0.01
r 103 0.01 2 7.85253 0.01
r 103.2 0.01 2 7.73191 0.01
r 103.4 0.01 2 7.61109 0.01
r 103.6 0.01 2 7.49041 0.01
r 103.8 0.01 2 7.36983 0.01
r 104 0.01 2 7.24973 0.01
r 104.2 0.01 2 7.12894 0.01
r 104.4 0.01 2 7.00852 0.01
r 104.6 0.01 2 6.88862 0.01
r 104.8 0.01 2 6.76919 0.01
r 105 0.01 2 6.64854 0.01
r 105.2 0.01 2 6.52911 0.01
r 105.4 0.01 2 6.40953 0.01
r 105.6 0.01 2 6.2897 0.01
r 105.8 0.01 2 6.1698 0.01
r 106 0.01 2 6.05018 0.01
r 106.2 0.01 2 5.93072 0.01
r 106.4 0.01 2 5.81147 0.01
r 106.6 0.01 2 5.69225 0.01
r 106.8 0.01 2 5.57326 0.01
r 107 0.01 2 5.45375 0.01
r 107.2 0.01 2 5.3352 0.01
r 107.4 0.01 2 5.21706 0.01
r 107.6 0.01 2 5.09941 0.01
r 107.8 0.01 2 4.98244 0.01
r 108 0.01 2 4.86599 0.01
r 108.2 0.01 2 4.75025 0.01
r 108.4 0.01 2 4.63569 0.01
r 108.6 0.01 2 4.52018 0.01
r 108.8 0.01 2 4.40616 0.01
r 109 0.01 2 4.29289 0.01
r 109.2 0.01 2 4.18043 0.01
r 109.4 0.01 2 4.06893 0.01
r 109.6 0.01 2 3.95836 0.01
r 109.8 0.01 2 3.84831 0.01
r 110 0.01 2 3.7395 0.01
r 110.2 0.01 2 3.632 0.01
r 110.4 0.01 2 3.52693 0.01
r 110.6 0.01 2 3.42311 0.01
r 110.8 0.01 2 3.31976 0.01
r 111 0.01 2 3.2153 0.01
r 111.2 0.01 2 3.11503 0.01
r 111.4 0.01 2 3.01679 0.01
r 111.6 0.01 2 2.92078 0.01
r 111.8 0.01 2 2.82727 0.01
r 112 0.01 2 2.73665 0.01
r 112.2 0.01 2 2.64794 0.01
r 112.4 0.01 2 2.56307 0.01
r 112.6 0.01 2 2.48168 0.01
r 112.8 0.01 2 2.40467 0.01
r 113 0.01 2 2.33098 0.01
r 113.2 0.01 2 2.26284 0.01
r 113.4 0.01 2 2.20016 0.01
r 113.6 0.01 2 2.14349 0.01
r 113.8 0.01 2 2.09329 0.01
r 114 0.01 2 2.05003 0.01
r 114.2 0.01 2 2.01415 0.01
r 114.4 0.01 2 1.98651 0.01
r 114.6 0.01 2 1.96776 0.01
r 114.8 0.01 2 1.95638 0.01
r 115 0.01 2 1.95418 0.01
r 115.2 0.01 2 1.95881 0.01
r 115.4 0.01 2 1.97406 0.01
r 115.6 0.01 2 1.99591 0.01
r 115.8 0.01 2 2.02716 0.01
r 116 0.01 2 2.06657 0.01
r 116.2 0.01 2 2.11335 0.01
r 116.4 0.01 2 2.16718 0.01
r 116.6 0.01 2 2.22756 0.01
r 116.8 0.01 2 2.29424 0.01
r 117 0.01 2 2.36596 0.01
r 117.2 0.01 2 2.44293 0.01
r 117.4 0.01 2 2.52456 0.01
r 117.6 0.01 2 2.61021 0.01
r 117.8 0.01 2 2.69985 0.01
r 118 0.01 2 2.79308 0.01
r 118.2 0.01 2 2.88948 0.01
r 118.4 0.01 2 2.9892 0.01
r 118.6 0.01 2 3.09103 0.01
r 118.8 0.01 2 3.1953 0.01
r 119 0.01 2 3.30163 0.01
r 119.2 0.01 2 3.4095 0.01
r 119.4 0.01 2 3.51944 0.01
r 119.6 0.01 2 3.63084 0.01
r 119.8 0.01 2 3.74364 0.01
r 120 0.01 2 3.85765 0.01
r 120.2 0.01 2 3.97288 0.01
r 120.4 0.01 2 4.08954 0.01
r 120.6 0.01 2 4.20861 0.01
r 120.8 0.01 2 4.32657 0.01
r 121 0.01 2 4.44658 0.01
r 121.2 0.01 2 4.56744 0.01
r 121.4 0.01 2 4.68925 0.01
r 121.6 0.01 2 4.81202 0.01
r 121.8 0.01 2 4.93541 0.01
r 122 0.01 2 5.05953 0.01
r 122.2 0.01 2 5.18411 0.01
r 122.4 0.01 2 5.30886 0.01
r 122.6 0.01 2 5.43397 0.01
r 122.8 0.01 2 5.55933 0.01
r 123 0.01 2 5.68492 0.01
r 123.2 0.01 2 5.8108 0.01
r 123.4 0.01 2 5.93769 0.01
r 123.6 0.01 2 6.06361 0.01
r 123.8 0.01 2 6.19006 0.01
r 124 0.01 2 6.31694 0.01
r 124.2 0.01 2 6.44376 0.01
r 124.4 0.01 2 6.57108 0.01
r 124.6 0.01 2 6.69859 0.01
r 124.8 0.01 2 6.82609 0.01
r 125 0.01 2 6.95396 0.01
r 125.2 0.01 2 7.08188 0.01
r 125.4 0.01 2 7.20996 0.01
r 125.6 0.01 2 7.33772 0.01
r 125.8 0.01 2 7.46563 0.01
r 126 0.01 2 7.5937 0.01
r 126.2 0.01 2 7.72193 0.01
r 126.4 0.01 2 7.85027 0.01
r 126.6 0.01 2 7.97881 0.01
r 126.8 0.01 2 8.10755 0.01
r 127 0.01 2 8.23629 0.01
r 127.2 0.01 2 8.36512 0.01
r 127.4 0.01 2 8.49414 0.01
r 127.6 0.01 2 8.62328 0.01
r 127.8 0.01 2 8.7526 0.01
r 128 0.01 2 8.88199 0.01
r 128.2 0.01 2 9.01309 0.01
r 128.4 0.01 2 9.14213 0.01
r 128.6 0.01 2 9.27127 0.01
r 128.8 0.01 2 9.40028 0.01
r 129 0.01 2 9.52977 0.01
r 129.2 0.01 2 9.65934 0.01
r 129.4 0.01 2 9.78855 0.01
r 129.6 0.01 2 9.91814 0.01
r 129.8 0.01 2 10.0476 0.01
r 130 0.01 2 10.1782 0.01
r 130.2 0.01 2 10.306 0.01
r 130.4 0.01 2 10.4351 0.01
r 130.6 0.01 2 10.5643 0.01
r 130.8 0.01 2 10.6936 0.01
r 131 0.01 2 10.8231 0.01
r 131.2 0.01 2 10.9519 0.01
r 131.4 0.01 2 11.0813 0.01
r 131.6 0.01 2 11.2106 0.01
r 131.8 0.01 2 11.34 0.01
r 132 0.01 2 11.4695 0.01
r 132.2 0.01 2 11.5991 0.01
r 132.4 0.01 2 11.729 0.01
r 132.6 0.01 2 11.8591 0.01
r 132.8 0.01 2 11.9893 0.01
r 133 0.01 2 12.1201 0.01
r 133.2 0.01 2 12.2505 0.01
r 133.4 0.01 2 12.3809 0.01
r 133.6 0.01 2 12.5114 0.01
r 133.8 0.01 2 12.6421 0.01
r 134 0.01 2 12.773 0.01
r 134.2 0.01 2 12.9037 0.01
r 134.4 0.01 2 13.0346 0.01
r 134.6 0.01 2 13.1656 0.01
r 134.8 0.01 2 13.2966 0.01
r 135 0.01 2 13.4266 0.01
r 75 0.01 3 26.3542 0.01
r 75.2 0.01 3 26.224 0.01
r 75.4 0.01 3 26.0938 0.01
r 75.6 0.01 3 25.9636 0.01
r 75.8 0.01 3 25.8338 0.01
r 76 0.01 3 25.7039 0.01
r 76.2 0.01 3 25.5738 0.01
r 76.4 0.01 3 25.4436 0.01
r 76.6 0.01 3 25.3131 0.01
r 76.8 0.01 3 25.1825 0.01
r 77 0.01 3 25.0658 0.01
r 77.2 0.01 3 24.9336 0.01
r 77.4 0.01 3 24.8014 0.01
r 77.6 0.01 3 24.6689 0.01
r 77.8 0.01 3 24.5362 0.01
r 78 0.01 3 24.4034 0.01
r 78.2 0.01 3 24.2706 0.01
r 78.4 0.01 3 24.1378 0.01
r 78.6 0.01 3 24.0039 0.01
r 78.8 0.01 3 23.8714 0.01
r 79 0.01 3 23.7653 0.01
r 79.2 0.01 3 23.6326 0.01
r 79.4 0.01 3 23.5001 0.01
r 79.6 0.01 3 23.3678 0.01
r 79.8 0.01 3 23.2357 0.01
r 80 0.01 3 23.1038 0.01
r 80.2 0.01 3 22.9723 0.01
r 80.4 0.01 3 22.8411 0.01
r 80.6 0.01 3 22.7104 0.01
r 80.8 0.01 3 22.5802 0.01
r 81 0.01 3 22.4435 0.01
r 81.2 0.01 3 22.3142 0.01
r 81.4 0.01 3 22.1854 0.01
r 81.6 0.01 3 22.0566 0.01
r 81.8 0.01 3 21.9295 0.01
r 82 0.01 3 21.8024 0.01
r 82.2 0.01 3 21.6758 0.01
r 82.4 0.01 3 21.5494 0.01
r 82.6 0.01 3 21.4238 0.01
r 82.8 0.01 3 21.2984 0.01
r 83 0.01 3 21.1734 0.01
r 83.2 0.01 3 21.0486 0.01
r 83.4 0.01 3 20.9244 0.01
r 83.6 0.01 3 20.8005 0.01
r 83.8 0.01 3 20.6771 0.01
r 84 0.01 3 20.5541 0.01
r 84.2 0.01 3 20.4315 0.01
r 84.4 0.01 3 20.3092 0.01
r 84.6 0.01 3 20.1874 0.01
r 84.8 0.01 3 20.0659 0.01
r 85 0.01 3 19.9447 0.01
r 85.2 0.01 3 19.8238 0.01
r 85.4 0.01 3 19.7028 0.01
r 85.6 0.01 3 19.5821 0.01
r 85.8 0.01 3 19.4616 0.01
r 86 0.01 3 19.3411 0.01
r 86.2 0.01 3 19.2203 0.01
r 86.4 0.01 3 19.0999 0.01
r 86.6 0.01 3 18.9792 0.01
r 86.8 0.01 3 18.8584 0.01
r 87 0.01 3 18.7376 0.01
r 87.2 0.01 3 18.617 0.01
r 87.4 0.01 3 18.4967 0.01
r 87.6 0.01 3 18.3764 0.01
r 87.8 0.01 3 18.2564 0.01
r 88 0.01 3 18.1363 0.01
r 88.2 0.01 3 18.0166 0.01
r 88.4 0.01 3 17.8974 0.01
r 88.6 0.01 3 17.7713 0.01
r 88.8 0.01 3 17.6518 0.01
r 89 0.01 3 17.5207 0.01
r 89.2 0.01 3 17.3965 0.01
r 89.4 0.01 3 17.2746 0.01
r 89.6 0.01 3 17.1523 0.01
r 89.8 0.01 3 17.0304 0.01
r 90 0.01 3 16.9089 0.01
r 90.2 0.01 3 16.7878 0.01
r 90.4 0.01 3 16.6669 0.01
r 90.6 0.01 3 16.5463 0.01
r 90.8 0.01 3 16.4256 0.01
r 91 0.01 3 16.3066 0.01
r 91.2 0.01 3 16.1864 0.01
r 91.4 0.01 3 16.0678 0.01
r 91.6 0.01 3 15.9485 0.01
r 91.8 0.01 3 15.8307 0.01
r 92 0.01 3 15.7126 0.01
r 92.2 0.01 3 15.5952 0.01
r 92.4 0.01 3 15.4773 0.01
r 92.6 0.01 3 15.3603 0.01
r 92.8 0.01 3 15.2437 0.01
r 93 0.01 3 15.232 0.01
r 93.2 0.01 3 15.1128 0.01
r 93.4 0.01 3 14.9926 0.01
r 93.6 0.01 3 14.8737 0.01
r 93.8 0.01 3 14.7541 0.01
r 94 0.01 3 14.6339 0.01
r 94.2 0.01 3 14.5153 0.01
r 94.4 0.01 3 14.3961 0.01
r 94.6 0.01 3 14.2767 0.01
r 94.8 0.01 3 14.1582 0.01
r 95 0.01 3 14.0388 0.01
r 95.2 0.01 3 13.9227 0.01
r 95.4 0.01 3 13.8048 0.01
r 95.6 0.01 3 13.6863 0.01
r 95.8 0.01 3 13.5685 0.01
r 96 0.01 3 13.4503 0.01
r 96.2 0.01 3 13.3329 0.01
r 96.4 0.01 3 13.2149 0.01
r 96.6 0.01 3 13.0977 0.01
r 96.8 0.01 3 12.9825 0.01
r 97 0.01 3 12.8667 0.01
r 97.2 0.01 3 12.7523 0.01
r 97.4 0.01 3 12.6381 0.01
r 97.6 0.01 3 12.5242 0.01
r 97.8 0.01 3 12.4104 0.01
r 98 0.01 3 12.2971 0.01
r 98.2 0.01 3 12.1841 0.01
r 98.4 0.01 3 12.0713 0.01
r 98.6 0.01 3 11.9612 0.01
r 98.8 0.01 3 11.8465 0.01
r 99 0.01 3 11.736 0.01
r 99.2 0.01 3 11.626 0.01
r 99.4 0.01 3 11.5167 0.01
r 99.6 0.01 3 11.4081 0.01
r 99.8 0.01 3 11.2995 0.01
r 100 0.01 3 11.192 0.01
r 100.2 0.01 3 11.0859 0.01
r 100.4 0.01 3 10.9806 0.01
r 100.6 0.01 3 10.877 0.01
r 100.8 0.01 3 10.7746 0.01
r 101 0.01 3 10.661 0.01
r 101.2 0.01 3 10.5558 0.01
r 101.4 0.01 3 10.4527 0.01
r 101.6 0.01 3 10.3435 0.01
r 101.8 0.01 3 10.2397 0.01
r 102 0.01 3 10.1346 0.01
r 102.2 0.01 3 10.0335 0.01
r 102.4 0.01 3 9.93293 0.01
r 102.6 0.01 3 9.83474 0.01
r 102.8 0.01 3 9.72697 0.01
r 103 0.01 3 9.60087 0.01
r 103.2 0.01 3 9.49268 0.01
r 103.4 0.01 3 9.38879 0.01
r 103.6 0.01 3 9.29229 0.01
r 103.8 0.01 3 9.19037 0.01
r 104 0.01 3 9.09615 0.01
r 104.2 0.01 3 8.99523 0.01
r 104.4 0.01 3 8.89899 0.01
r 104.6 0.01 3 8.80752 0.01
r 104.8 0.01 3 8.71722 0.01
r 105 0.01 3 8.63412 0.01
r 105.2 0.01 3 8.52544 0.01
r 105.4 0.01 3 8.45157 0.01
r 105.6 0.01 3 8.41761 0.01
r 105.8 0.01 3 8.28445 0.01
r 106 0.01 3 8.19957 0.01
r 106.2 0.01 3 8.13138 0.01
r 106.4 0.01 3 8.0418 0.01
r 106.6 0.01 3 7.99825 0.01
r 106.8 0.01 3 7.87245 0.01
r 107 0.01 3 7.80857 0.01
r 107.2 0.01 3 7.66338 0.01
r 107.4 0.01 3 7.57655 0.01
r 107.6 0.01 3 7.47355 0.01
r 107.8 0.01 3 7.38525 0.01
r 108 0.01 3 7.33486 0.01
r 108.2 0.01 3 7.30275 0.01
r 108.4 0.01 3 7.17068 0.01
r 108.6 0.01 3 7.09288 0.01
r 108.8 0.01 3 7.04476 0.01
r 109 0.01 3 7.20029 0.01
r 109.2 0.01 3 6.85079 0.01
r 109.4 0.01 3 7.14204 0.01
r 109.6 0.01 3 6.71997 0.01
r 109.8 0.01 3 7.08525 0.01
r 110 0.01 3 6.59671 0.01
r 110.2 0.01 3 6.53836 0.01
r 110.4 0.01 3 6.48298 0.01
r 110.6 0.01 3 6.42886 0.01
r 110.8 0.01 3 6.37661 0.01
r 111 0.01 3 6.32455 0.01
r 111.2 0.01 3 6.2766 0.01
r 111.4 0.01 3 6.22993 0.01
r 111.6 0.01 3 6.19508 0.01
r 111.8 0.01 3 6.14738 0.01
r 112 0.01 3 6.15354 0.01
r 112.2 0.01 3 6.07451 0.01
r 112.4 0.01 3 6.04168 0.01
r 112.6 0.01 3 6.01241 0.01
r 112.8 0.01 3 6.02747 0.01
r 113 0.01 3 5.95894 0.01
r 113.2 0.01 3 5.93571 0.01
r 113.4 0.01 3 5.91812 0.01
r 113.6 0.01 3 5.89944 0.01
r 113.8 0.01 3 5.88578 0.01
r 114 0.01 3 5.87529 0.01
r 114.2 0.01 3 5.86793 0.01
r 114.4 0.01 3 5.86348 0.01
r 114.6 0.01 3 5.86194 0.01
r 114.8 0.01 3 5.8643 0.01
r 115 0.01 3 5.86835 0.01
r 115.2 0.01 3 5.87563 0.01
r 115.4 0.01 3 5.88607 0.01
r 115.6 0.01 3 5.89745 0.01
r 115.8 0.01 3 5.91326 0.01
r 116 0.01 3 5.93207 0.01
r 116.2 0.01 3 5.95364 0.01
r 116.4 0.01 3 5.97764 0.01
r 116.6 0.01 3 6.0121 0.01
r 116.8 0.01 3 6.03461 0.01
r 117 0.01 3 6.06304 0.01
r 117.2 0.01 3 6.09607 0.01
r 117.4 0.01 3 6.1344 0.01
r 117.6 0.01 3 6.17821 0.01
r 117.8 0.01 3 6.21204 0.01
r 118 0.01 3 6.25509 0.01
r 118.2 0.01 3 6.3016 0.01
r 118.4 0.01 3 6.35016 0.01
r 118.6 0.01 3 6.39986 0.01
r 118.8 0.01 3 6.47536 0.01
r 119 0.01 3 6.50736 0.01
r 119.2 0.01 3 6.56136 0.01
r 119.4 0.01 3 6.61989 0.01
r 119.6 0.01 3 6.69083 0.01
r 119.8 0.01 3 6.75798 0.01
r 120 0.01 3 6.82485 0.01
r 120.2 0.01 3 6.88345 0.01
r 120.4 0.01 3 6.97568 0.01
r 120.6 0.01 3 7.07555 0.01
r 120.8 0.01 3 7.11674 0.01
r 121 0.01 3 7.18539 0.01
r 121.2 0.01 3 7.26461 0.01
r 121.4 0.01 3 7.33913 0.01
r 121.6 0.01 3 7.43749 0.01
r 121.8 0.01 3 7.49973 0.01
r 122 0.01 3 7.6203 0.01
r 122.2 0.01 3 7.69963 0.01
r 122.4 0.01 3 7.75638 0.01
r 122.6 0.01 3 7.84385 0.01
r 122.8 0.01 3 7.93025 0.01
r 123 0.01 3 8.03388 0.01
r 123.2 0.01 3 8.11249 0.01
r 123.4 0.01 3 8.23315 0.01
r 123.6 0.01 3 8.31868 0.01
r 123.8 0.01 3 8.43239 0.01
r 124 0.01 3 8.51926 0.01
r 124.2 0.01 3 8.60127 0.01
r 124.4 0.01 3 8.86584 0.01
r 124.6 0.01 3 8.76204 0.01
r 124.8 0.01 3 8.86811 0.01
r 125 0.01 3 9.01655 0.01
r 125.2 0.01 3 9.20607 0.01
r 125.4 0.01 3 9.2878 0.01
r 125.6 0.01 3 9.36932 0.01
r 125.8 0.01 3 9.45281 0.01
r 126 0.01 3 9.53382 0.01
r 126.2 0.01 3 9.67121 0.01
r 126.4 0.01 3 9.79174 0.01
r 126.6 0.01 3 9.84662 0.01
r 126.8 0.01 3 10.0339 0.01
r 127 0.01 3 10.1266 0.01
r 127.2 0.01 3 10.2231 0.01
r 127.4 0.01 3 10.356 0.01
r 127.6 0.01 3 10.4436 0.01
r 127.8 0.01 3 10.5556 0.01
r 128 0.01 3 10.6289 0.01
r 128.2 0.01 3 10.7616 0.01
r 128.4 0.01 3 10.7452 0.01
r 128.6 0.01 3 11.0581 0.01
r 128.8 0.01 3 11.1936 0.01
r 129 0.01 3 11.3144 0.01
r 129.2 0.01 3 11.3541 0.01
r 129.4 0.01 3 11.4169 0.01
r 129.6 0.01 3 11.5572 0.01
r 129.8 0.01 3 11.6924 0.01
r 130 0.01 3 11.7754 0.01
r 130.2 0.01 3 11.9116 0.01
r 130.4 0.01 3 12.0497 0.01
r 130.6 0.01 3 12.0275 0.01
r 130.8 0.01 3 12.3618 0.01
r 131 0.01 3 12.2532 0.01
r 131.2 0.01 3 12.3699 0.01
r 131.4 0.01 3 12.6325 0.01
r 131.6 0.01 3 12.6073 0.01
r 131.8 0.01 3 13.1308 0.01
r 132 0.01 3 12.8595 0.01
r 132.2 0.01 3 13.3968 0.01
r 132.4 0.01 3 13.1041 0.01
r 132.6 0.01 3 13.4576 0.01
r 132.8 0.01 3 13.5525 0.01
r 133 0.01 3 13.7623 0.01
r 133.2 0.01 3 13.9006 0.01
r 133.4 0.01 3 13.8859 0.01
r 133.6 0.01 3 13.9857 0.01
r 133.8 0.01 3 14.2814 0.01
r 134 0.01 3 14.4082 0.01
r 134.2 0.01 3 14.5279 0.01
r 134.4 0.01 3 14.7338 0.01
r 134.6 0.01 3 14.7851 0.01
r 134.8 0.01 3 14.9254 0.01
r 135 0.01 3 15.0732 0.01
r 135.2 0.01 3 15.0237 0.01
r 135.4 0.01 3 15.1351 0.01
r 135.6 0.01 3 15.2788 0.01
r 135.8 0.01 3 15.5258 0.01
r 136 0.01 3 15.554 0.01
r 136.2 0.01 3 15.4939 0.01
r 136.4 0.01 3 15.8669 0.01
r 136.6 0.01 3 16.0654 0.01
r 136.8 0.01 3 16.1732 0.01
r 137 0.01 3 16.0647 0.01
r 137.2 0.01 3 16.1227 0.01
r 137.4 0.01 3 16.3234 0.01
r 137.6 0.01 3 16.3908 0.01
r 137.8 0.01 3 16.5214 0.01
r 138 0.01 3 16.6428 0.01
r 138.2 0.01 3 16.7932 0.01
r 138.4 0.01 3 16.9105 0.01
r 138.6 0.01 3 17.046 0.01
r 138.8 0.01 3 17.2507 0.01
r 139 0.01 3 17.2588 0.01
r 139.2 0.01 3 17.3958 0.01
r 139.4 0.01 3 17.5238 0.01
r 139.6 0.01 3 17.6589 0.01
r 139.8 0.01 3 17.7815 0.01
r 140 0.01 3 17.9167 0.01
r 140.2 0.01 3 18.0385 0.01
r 140.4 0.01 3 18.1648 0.01
r 140.6 0.01 3 18.2966 0.01
r 140.8 0.01 3 18.4258 0.01
r 141 0.01 3 18.534 0.01
r 141.2 0.01 3 18.6385 0.01
r 141.4 0.01 3 18.7707 0.01
r 141.6 0.01 3 18.8958 0.01
r 141.8 0.01 3 18.9616 0.01
r 142 0.01 3 19.129 0.01
r 142.2 0.01 3 19.2178 0.01
r 142.4 0.01 3 19.4278 0.01
r 142.6 0.01 3 19.4711 0.01
r 142.8 0.01 3 19.7849 0.01
r 143 0.01 3 19.8111 0.01
r 143.2 0.01 3 19.8556 0.01
r 143.4 0.01 3 20.0627 0.01
r 143.6 0.01 3 20.1948 0.01
r 143.8 0.01 3 20.2136 0.01
r 144 0.01 3 20.3869 0.01
r 144.2 0.01 3 20.4765 0.01
r 144.4 0.01 3 20.8098 0.01
r 144.6 0.01 3 20.9456 0.01
r 144.8 0.01 3 20.9679 0.01
r 145 0.01 3 21.0913 0.01
r 145.2 0.01 3 21.1576 0.01
r 145.4 0.01 3 21.2533 0.01
r 145.6 0.01 3 21.3908 0.01
r 145.8 0.01 3 21.5045 0.01
r 146 0.01 3 21.8403 0.01
r 146.2 0.01 3 21.7779 0.01
r 146.4 0.01 3 21.9009 0.01
r 146.6 0.01 3 22.0358 0.01
r 146.8 0.01 3 22.1694 0.01
r 147 0.01 3 22.288 0.01
r 147.2 0.01 3 22.418 0.01
r 147.4 0.01 3 22.5485 0.01
r 147.6 0.01 3 22.6795 0.01
r 147.8 0.01 3 22.8107 0.01
r 148 0.01 3 22.9422 0.01
r 148.2 0.01 3 23.074 0.01
r 148.4 0.01 3 23.2057 0.01
r 148.6 0.01 3 23.3376 0.01
r 148.8 0.01 3 23.4695 0.01
r 149 0.01 3 23.4762 0.01
r 149.2 0.01 3 23.6072 0.01
r 149.4 0.01 3 23.7385 0.01
r 149.6 0.01 3 23.8697 0.01
r 149.8 0.01 3 24.001 0.01
r 150 0.01 3 24.1323 0.01
r 150.2 0.01 3 24.2596 0.01
r 150.4 0.01 3 24.3908 0.01
r 150.6 0.01 3 24.522 0.01
r 150.8 0.01 3 24.653 0.01
r 151 0.01 3 24.8024 0.01
r 151.2 0.01 3 24.9265 0.01
r 151.4 0.01 3 25.0508 0.01
r 151.6 0.01 3 25.1757 0.01
r 151.8 0.01 3 25.3005 0.01
r 152 0.01 3 25.4253 0.01
r 152.2 0.01 3 25.5502 0.01
r 152.4 0.01 3 25.6755 0.01
r 152.6 0.01 3 25.8012 0.01
r 152.8 0.01 3 25.9272 0.01
r 153 0.01 3 26.0533 0.01
r 153.2 0.01 3 26.1796 0.01
r 153.4 0.01 3 26.3063 0.01
r 153.6 0.01 3 26.4331 0.01
r 153.8 0.01 3 26.5602 0.01
r 154 0.01 3 26.6875 0.01
r 154.2 0.01 3 26.8152 0.01
r 154.4 0.01 3 26.9431 0.01
r 154.6 0.01 3 27.0746 0.01
r 154.8 0.01 3 27.2023 0.01
r 155 0.01 3 27.3272 0.01
s 125 3 602
r 105 0.01 2 13.1704 0.01
r 105.2 0.01 2 13.0456 0.01
r 105.4 0.01 2 12.9207 0.01
r 105.6 0.01 2 12.7956 0.01
r 105.8 0.01 2 12.6701 0.01
r 106 0.01 2 12.5445 0.01
r 106.2 0.01 2 12.4188 0.01
r 106.4 0.01 2 12.2932 0.01
r 106.6 0.01 2 12.1679 0.01
r 106.8 0.01 2 12.0428 0.01
r 107 0.01 2 11.9178 0.01
r 107.2 0.01 2 11.7932 0.01
r 107.4 0.01 2 11.6689 0.01
r 107.6 0.01 2 11.545 0.01
r 107.8 0.01 2 11.4214 0.01
r 108 0.01 2 11.2982 0.01
r 108.2 0.01 2 11.1752 0.01
r 108.4 0.01 2 11.0525 0.01
r 108.6 0.01 2 10.93 0.01
r 108.8 0.01 2 10.8075 0.01
r 109 0.01 2 10.6853 0.01
r 109.2 0.01 2 10.5629 0.01
r 109.4 0.01 2 10.4407 0.01
r 109.6 0.01 2 10.3184 0.01
r 109.8 0.01 2 10.1962 0.01
r 110 0.01 2 10.074 0.01
r 110.2 0.01 2 9.95187 0.01
r 110.4 0.01 2 9.82974 0.01
r 110.6 0.01 2 9.7074 0.01
r 110.8 0.01 2 9.58574 0.01
r 111 0.01 2 9.46301 0.01
r 111.2 0.01 2 9.34167 0.01
r 111.4 0.01 2 9.21911 0.01
r 111.6 0.01 2 9.09634 0.01
r 111.8 0.01 2 8.97326 0.01
r 112 0.01 2 8.84977 0.01
r 112.2 0.01 2 8.72552 0.01
r 112.4 0.01 2 8.60135 0.01
r 112.6 0.01 2 8.4795 0.01
r 112.8 0.01 2 8.3524 0.01
r 113 0.01 2 8.22568 0.01
r 113.2 0.01 2 8.09823 0.01
r 113.4 0.01 2 7.97106 0.01
r 113.6 0.01 2 7.84402 0.01
r 113.8 0.01 2 7.71683 0.01
r 114 0.01 2 7.58762 0.01
r 114.2 0.01 2 7.4598 0.01
r 114.4 0.01 2 7.332 0.01
r 114.6 0.01 2 7.20411 0.01
r 114.8 0.01 2 7.07629 0.01
r 115 0.01 2 6.95162 0.01
r 115.2 0.01 2 6.82313 0.01
r 115.4 0.01 2 6.69489 0.01
r 115.6 0.01 2 6.56692 0.01
r 115.8 0.01 2 6.43925 0.01
r 116 0.01 2 6.31193 0.01
r 116.2 0.01 2 6.18505 0.01
r 116.4 0.01 2 6.05878 0.01
r 116.6 0.01 2 5.93306 0.01
r 116.8 0.01 2 5.80619 0.01
r 117 0.01 2 5.6808 0.01
r 117.2 0.01 2 5.55616 0.01
r 117.4 0.01 2 5.43246 0.01
r 117.6 0.01 2 5.30709 0.01
r 117.8 0.01 2 5.1836 0.01
r 118 0.01 2 5.06086 0.01
r 118.2 0.01 2 4.93891 0.01
r 118.4 0.01 2 4.81759 0.01
r 118.6 0.01 2 4.69698 0.01
r 118.8 0.01 2 4.57713 0.01
r 119 0.01 2 4.45829 0.01
r 119.2 0.01 2 4.34019 0.01
r 119.4 0.01 2 4.22321 0.01
r 119.6 0.01 2 4.10733 0.01
r 119.8 0.01 2 3.99259 0.01
r 120 0.01 2 3.87914 0.01
r 120.2 0.01 2 3.76743 0.01
r 120.4 0.01 2 3.65758 0.01
r 120.6 0.01 2 3.54904 0.01
r 120.8 0.01 2 3.4405 0.01
r 121 0.01 2 3.33227 0.01
r 121.2 0.01 2 3.2274 0.01
r 121.4 0.01 2 3.12442 0.01
r 121.6 0.01 2 3.02368 0.01
r 121.8 0.01 2 2.92537 0.01
r 122 0.01 2 2.8299 0.01
r 122.2 0.01 2 2.73617 0.01
r 122.4 0.01 2 2.64689 0.01
r 122.6 0.01 2 2.56155 0.01
r 122.8 0.01 2 2.47983 0.01
r 123 0.01 2 2.40248 0.01
r 123.2 0.01 2 2.33081 0.01
r 123.4 0.01 2 2.26441 0.01
r 123.6 0.01 2 2.20428 0.01
r 123.8 0.01 2 2.15085 0.01
r 124 0.01 2 2.10448 0.01
r 124.2 0.01 2 2.06565 0.01
r 124.4 0.01 2 2.03541 0.01
r 124.6 0.01 2 2.01321 0.01
r 124.8 0.01 2 2.00054 0.01
r 125 0.01 2 1.99658 0.01
r 125.2 0.01 2 2.00068 0.01
r 125.4 0.01 2 2.01281 0.01
r 125.6 0.01 2 2.03308 0.01
r 125.8 0.01 2 2.06296 0.01
r 126 0.01 2 2.10103 0.01
r 126.2 0.01 2 2.14675 0.01
r 126.4 0.01 2 2.19984 0.01
r 126.6 0.01 2 2.25969 0.01
r 126.8 0.01 2 2.32596 0.01
r 127 0.01 2 2.39828 0.01
r 127.2 0.01 2 2.47492 0.01
r 127.4 0.01 2 2.55636 0.01
r 127.6 0.01 2 2.64188 0.01
r 127.8 0.01 2 2.73218 0.01
r 128 0.01 2 2.82538 0.01
r 128.2 0.01 2 2.92096 0.01
r 128.4 0.01 2 3.01984 0.01
r 128.6 0.01 2 3.12126 0.01
r 128.8 0.01 2 3.2254 0.01
r 129 0.01 2 3.33251 0.01
r 129.2 0.01 2 3.44168 0.01
r 129.4 0.01 2 3.55132 0.01
r 129.6 0.01 2 3.66118 0.01
r 129.8 0.01 2 3.77293 0.01
r 130 0.01 2 3.88716 0.01
r 130.2 0.01 2 4.00213 0.01
r 130.4 0.01 2 4.11839 0.01
r 130.6 0.01 2 4.23553 0.01
r 130.8 0.01 2 4.35345 0.01
r 131 0.01 2 4.47242 0.01
r 131.2 0.01 2 4.59261 0.01
r 131.4 0.01 2 4.71231 0.01
r 131.6 0.01 2 4.83299 0.01
r 131.8 0.01 2 4.95427 0.01
r 132 0.01 2 5.07624 0.01
r 132.2 0.01 2 5.19881 0.01
r 132.4 0.01 2 5.32202 0.01
r 132.6 0.01 2 5.44604 0.01
r 132.8 0.01 2 5.56994 0.01
r 133 0.01 2 5.69473 0.01
r 133.2 0.01 2 5.8199 0.01
r 133.4 0.01 2 5.9451 0.01
r 133.6 0.01 2 6.07081 0.01
r 133.8 0.01 2 6.19693 0.01
r 134 0.01 2 6.32332 0.01
r 134.2 0.01 2 6.45003 0.01
r 134.4 0.01 2 6.57711 0.01
r 134.6 0.01 2 6.70597 0.01
r 134.8 0.01 2 6.83283 0.01
r 135 0.01 2 6.96296 0.01
r 135.2 0.01 2 7.09033 0.01
r 135.4 0.01 2 7.21823 0.01
r 135.6 0.01 2 7.34664 0.01
r 135.8 0.01 2 7.47544 0.01
r 136 0.01 2 7.60473 0.01
r 136.2 0.01 2 7.73436 0.01
r 136.4 0.01 2 7.86452 0.01
r 136.6 0.01 2 7.99514 0.01
r 136.8 0.01 2 8.12613 0.01
r 137 0.01 2 8.25668 0.01
r 137.2 0.01 2 8.38767 0.01
r 137.4 0.01 2 8.51884 0.01
r 137.6 0.01 2 8.65016 0.01
r 137.8 0.01 2 8.78146 0.01
r 138 0.01 2 8.91285 0.01
r 138.2 0.01 2 9.04417 0.01
r 138.4 0.01 2 9.1753 0.01
r 138.6 0.01 2 9.30621 0.01
r 138.8 0.01 2 9.43699 0.01
r 139 0.01 2 9.56807 0.01
r 139.2 0.01 2 9.69838 0.01
r 139.4 0.01 2 9.82875 0.01
r 139.6 0.01 2 9.95919 0.01
r 139.8 0.01 2 10.0895 0.01
r 140 0.01 2 10.2206 0.01
r 140.2 0.01 2 10.3507 0.01
r 140.4 0.01 2 10.481 0.01
r 140.6 0.01 2 10.6113 0.01
r 140.8 0.01 2 10.742 0.01
r 141 0.01 2 10.8727 0.01
r 141.2 0.01 2 11.0035 0.01
r 141.4 0.01 2 11.1343 0.01
r 141.6 0.01 2 11.2656 0.01
r 141.8 0.01 2 11.3964 0.01
r 142 0.01 2 11.5274 0.01
r 142.2 0.01 2 11.6584 0.01
r 142.4 0.01 2 11.7893 0.01
r 142.6 0.01 2 11.9205 0.01
r 142.8 0.01 2 12.0517 0.01
r 143 0.01 2 12.183 0.01
r 143.2 0.01 2 12.3143 0.01
r 143.4 0.01 2 12.4454 0.01
r 143.6 0.01 2 12.5766 0.01
r 143.8 0.01 2 12.7085 0.01
r 144 0.01 2 12.8396 0.01
r 144.2 0.01 2 12.9706 0.01
r 144.4 0.01 2 13.1017 0.01
r 144.6 0.01 2 13.2326 0.01
r 144.8 0.01 2 13.3636 0.01
r 145 0.01 2 13.4944 0.01
r 85 0.01 3 26.4398 0.01
r 85.2 0.01 3 26.3145 0.01
r 85.4 0.01 3 26.1891 0.01
r 85.6 0.01 3 26.0639 0.01
r 85.8 0.01 3 25.9388 0.01
r 86 0.01 3 25.8134 0.01
r 86.2 0.01 3 25.6865 0.01
r 86.4 0.01 3 25.559 0.01
r 86.6 0.01 3 25.4313 0.01
r 86.8 0.01 3 25.3042 0.01
r 87 0.01 3 25.1111 0.01
r 87.2 0.01 3 24.9838 0.01
r 87.4 0.01 3 24.8568 0.01
r 87.6 0.01 3 24.7301 0.01
r 87.8 0.01 3 24.6037 0.01
r 88 0.01 3 24.4774 0.01
r 88.2 0.01 3 24.3515 0.01
r 88.4 0.01 3 24.226 0.01
r 88.6 0.01 3 24.101 0.01
r 88.8 0.01 3 23.9764 0.01
r 89 0.01 3 23.8372 0.01
r 89.2 0.01 3 23.713 0.01
r 89.4 0.01 3 23.5891 0.01
r 89.6 0.01 3 23.4655 0.01
r 89.8 0.01 3 23.3421 0.01
r 90 0.01 3 23.2188 0.01
r 90.2 0.01 3 23.096 0.01
r 90.4 0.01 3 22.9733 0.01
r 90.6 0.01 3 22.8508 0.01
r 90.8 0.01 3 22.7286 0.01
r 91 0.01 3 22.6063 0.01
r 91.2 0.01 3 22.4846 0.01
r 91.4 0.01 3 22.3629 0.01
r 91.6 0.01 3 22.2415 0.01
r 91.8 0.01 3 22.12 0.01
r 92 0.01 3 21.9994 0.01
r 92.2 0.01 3 21.8785 0.01
r 92.4 0.01 3 21.7583 0.01
r 92.6 0.01 3 21.6379 0.01
r 92.8 0.01 3 21.518 0.01
r 93 0.01 3 21.3981 0.01
r 93.2 0.01 3 21.2784 0.01
r 93.4 0.01 3 21.1592 0.01
r 93.6 0.01 3 21.04 0.01
r 93.8 0.01 3 20.921 0.01
r 94 0.01 3 20.8011 0.01
r 94.2 0.01 3 20.6827 0.01
r 94.4 0.01 3 20.5635 0.01
r 94.6 0.01 3 20.4444 0.01
r 94.8 0.01 3 20.3255 0.01
r 95 0.01 3 20.2053 0.01
r 95.2 0.01 3 20.0873 0.01
r 95.4 0.01 3 19.9684 0.01
r 95.6 0.01 3 19.8495 0.01
r 95.8 0.01 3 19.7282 0.01
r 96 0.01 3 19.6093 0.01
r 96.2 0.01 3 19.4904 0.01
r 96.4 0.01 3 19.3713 0.01
r 96.6 0.01 3 19.2517 0.01
r 96.8 0.01 3 19.133 0.01
r 97 0.01 3 19.0125 0.01
r 97.2 0.01 3 18.8947 0.01
r 97.4 0.01 3 18.7775 0.01
r 97.6 0.01 3 18.6607 0.01
r 97.8 0.01 3 18.5444 0.01
r 98 0.01 3 18.4281 0.01
r 98.2 0.01 3 18.3121 0.01
r 98.4 0.01 3 18.1972 0.01
r 98.6 0.01 3 18.0828 0.01
r 98.8 0.01 3 17.9682 0.01
r 99 0.01 3 17.856 0.01
r 99.2 0.01 3 17.743 0.01
r 99.4 0.01 3 17.5777 0.01
r 99.6 0.01 3 17.4926 0.01
r 99.8 0.01 3 17.3539 0.01
r 100 0.01 3 17.2604 0.01
r 100.2 0.01 3 17.2018 0.01
r 100.4 0.01 3 17.1017 0.01
r 100.6 0.01 3 16.9331 0.01
r 100.8 0.01 3 16.7654 0.01
r 101 0.01 3 16.6308 0.01
r 101.2 0.01 3 16.5189 0.01
r 101.4 0.01 3 16.4083 0.01
r 101.6 0.01 3 16.2986 0.01
r 101.8 0.01 3 16.19 0.01
r 102 0.01 3 16.0829 0.01
r 102.2 0.01 3 15.9769 0.01
r 102.4 0.01 3 15.8118 0.01
r 102.6 0.01 3 15.7708 0.01
r 102.8 0.01 3 15.5427 0.01
r 103 0.01 3 15.4198 0.01
r 103.2 0.01 3 15.3208 0.01
r 103.4 0.01 3 15.2106 0.01
r 103.6 0.01 3 15.1002 0.01
r 103.8 0.01 3 14.9926 0.01
r 104 0.01 3 14.8842 0.01
r 104.2 0.01 3 14.7639 0.01
r 104.4 0.01 3 14.6594 0.01
r 104.6 0.01 3 14.5542 0.01
r 104.8 0.01 3 14.4528 0.01
r 105 0.01 3 14.3357 0.01
r 105.2 0.01 3 14.1854 0.01
r 105.4 0.01 3 14.0928 0.01
r 105.6 0.01 3 14.1188 0.01
r 105.8 0.01 3 13.8995 0.01
r 106 0.01 3 13.6892 0.01
r 106.2 0.01 3 13.686 0.01
r 106.4 0.01 3 13.5909 0.01
r 106.6 0.01 3 13.3642 0.01
r 106.8 0.01 3 13.291 0.01
r 107 0.01 3 13.4354 0.01
r 107.2 0.01 3 13.024 0.01
r 107.4 0.01 3 12.9574 0.01
r 107.6 0.01 3 12.857 0.01
r 107.8 0.01 3 12.7059 0.01
r 108 0.01 3 12.6123 0.01
r 108.2 0.01 3 12.4957 0.01
r 108.4 0.01 3 12.4072 0.01
r 108.6 0.01 3 12.3097 0.01
r 108.8 0.01 3 12.2152 0.01
r 109 0.01 3 12.0861 0.01
r 109.2 0.01 3 11.9647 0.01
r 109.4 0.01 3 11.8909 0.01
r 109.6 0.01 3 11.7361 0.01
r 109.8 0.01 3 11.7059 0.01
r 110 0.01 3 11.5205 0.01
r 110.2 0.01 3 11.4309 0.01
r 110.4 0.01 3 11.3418 0.01
r 110.6 0.01 3 11.2488 0.01
r 110.8 0.01 3 11.1254 0.01
r 111 0.01 3 11.0055 0.01
r 111.2 0.01 3 10.9263 0.01
r 111.4 0.01 3 10.8255 0.01
r 111.6 0.01 3 10.7108 0.01
r 111.8 0.01 3 10.6261 0.01
r 112 0.01 3 10.5024 0.01
r 112.2 0.01 3 10.4098 0.01
r 112.4 0.01 3 10.3257 0.01
r 112.6 0.01 3 10.1967 0.01
r 112.8 0.01 3 10.1546 0.01
r 113 0.01 3 10.1098 0.01
r 113.2 0.01 3 10.0137 0.01
r 113.4 0.01 3 9.80008 0.01
r 113.6 0.01 3 9.73065 0.01
r 113.8 0.01 3 9.63697 0.01
r 114 0.01 3 9.58039 0.01
r 114.2 0.01 3 9.42367 0.01
r 114.4 0.01 3 9.40483 0.01
r 114.6 0.01 3 9.25977 0.01
r 114.8 0.01 3 9.23706 0.01
r 115 0.01 3 9.25969 0.01
r 115.2 0.01 3 8.88992 0.01
r 115.4 0.01 3 8.77818 0.01
r 115.6 0.01 3 8.71629 0.01
r 115.8 0.01 3 9.00041 0.01
r 116 0.01 3 8.5519 0.01
r 116.2 0.01 3 8.46752 0.01
r 116.4 0.01 3 8.37179 0.01
r 116.6 0.01 3 8.29141 0.01
r 116.8 0.01 3 8.21126 0.01
r 117 0.01 3 8.09625 0.01
r 117.2 0.01 3 8.01098 0.01
r 117.4 0.01 3 7.89227 0.01
r 117.6 0.01 3 7.85459 0.01
r 117.8 0.01 3 7.71498 0.01
r 118 0.01 3 7.63967 0.01
r 118.2 0.01 3 7.54543 0.01
r 118.4 0.01 3 7.46385 0.01
r 118.6 0.01 3 7.428 0.01
r 118.8 0.01 3 7.31233 0.01
r 119 0.01 3 7.23888 0.01
r 119.2 0.01 3 7.15216 0.01
r 119.4 0.01 3 7.07455 0.01
r 119.6 0.01 3 7.01011 0.01
r 119.8 0.01 3 6.93583 0.01
r 120 0.01 3 6.86896 0.01
r 120.2 0.01 3 6.8047 0.01
r 120.4 0.01 3 6.74297 0.01
r 120.6 0.01 3 6.68295 0.01
r 120.8 0.01 3 6.6252 0.01
r 121 0.01 3 6.57119 0.01
r 121.2 0.01 3 6.51615 0.01
r 121.4 0.01 3 6.46567 0.01
r 121.6 0.01 3 6.41739 0.01
r 121.8 0.01 3 6.37179 0.01
r 122 0.01 3 6.32793 0.01
r 122.2 0.01 3 6.28591 0.01
r 122.4 0.01 3 6.24661 0.01
r 122.6 0.01 3 6.2101 0.01
r 122.8 0.01 3 6.17626 0.01
r 123 0.01 3 6.14545 0.01
r 123.2 0.01 3 6.11602 0.01
r 123.4 0.01 3 6.0909 0.01
r 123.6 0.01 3 6.06797 0.01
r 123.8 0.01 3 6.04911 0.01
r 124 0.01 3 6.0332 0.01
r 124.2 0.01 3 6.01974 0.01
r 124.4 0.01 3 6.00944 0.01
r 124.6 0.01 3 6.00186 0.01
r 124.8 0.01 3 5.99735 0.01
r 125 0.01 3 5.99769 0.01
r 125.2 0.01 3 5.99846 0.01
r 125.4 0.01 3 6.00193 0.01
r 125.6 0.01 3 6.00909 0.01
r 125.8 0.01 3 6.01943 0.01
r 126 0.01 3 6.03272 0.01
r 126.2 0.01 3 6.04927 0.01
r 126.4 0.01 3 6.06915 0.01
r 126.6 0.01 3 6.09614 0.01
r 126.8 0.01 3 6.11673 0.01
r 127 0.01 3 6.14343 0.01
r 127.2 0.01 3 6.17632 0.01
r 127.4 0.01 3 6.20908 0.01
r 127.6 0.01 3 6.24325 0.01
r 127.8 0.01 3 6.28069 0.01
r 128 0.01 3 6.32195 0.01
r 128.2 0.01 3 6.36715 0.01
r 128.4 0.01 3 6.41545 0.01
r 128.6 0.01 3 6.45892 0.01
r 128.8 0.01 3 6.50939 0.01
r 129 0.01 3 6.56728 0.01
r 129.2 0.01 3 6.62044 0.01
r 129.4 0.01 3 6.67628 0.01
r 129.6 0.01 3 6.73715 0.01
r 129.8 0.01 3 6.79782 0.01
r 130 0.01 3 6.86259 0.01
r 130.2 0.01 3 6.93146 0.01
r 130.4 0.01 3 6.99618 0.01
r 130.6 0.01 3 7.06674 0.01
r 130.8 0.01 3 7.15142 0.01
r 131 0.01 3 7.214 0.01
r 131.2 0.01 3 7.29031 0.01
r 131.4 0.01 3 7.38724 0.01
r 131.6 0.01 3 7.44557 0.01
r 131.8 0.01 3 7.52462 0.01
r 132 0.01 3 7.6404 0.01
r 132.2 0.01 3 7.69186 0.01
r 132.4 0.01 3 7.80861 0.01
r 132.6 0.01 3 7.88725 0.01
r 132.8 0.01 3 8.04584 0.01
r 133 0.01 3 8.08586 0.01
r 133.2 0.01 3 8.13719 0.01
r 133.4 0.01 3 8.3899 0.01
r 133.6 0.01 3 8.31551 0.01
r 133.8 0.01 3 8.40786 0.01
r 134 0.01 3 8.50353 0.01
r 134.2 0.01 3 8.60427 0.01
r 134.4 0.01 3 8.69707 0.01
r 134.6 0.01 3 8.9139 0.01
r 134.8 0.01 3 9.15199 0.01
r 135 0.01 3 9.08858 0.01
r 135.2 0.01 3 9.17465 0.01
r 135.4 0.01 3 9.70034 0.01
r 135.6 0.01 3 9.40487 0.01
r 135.8 0.01 3 9.49609 0.01
r 136 0.01 3 9.59546 0.01
r 136.2 0.01 3 10.1065 0.01
r 136.4 0.01 3 9.89623 0.01
r 136.6 0.01 3 9.88507 0.01
r 136.8 0.01 3 9.98487 0.01
r 137 0.01 3 10.1693 0.01
r 137.2 0.01 3 10.3215 0.01
r 137.4 0.01 3 10.3771 0.01
r 137.6 0.01 3 10.4804 0.01
r 137.8 0.01 3 10.5685 0.01
r 138 0.01 3 10.8177 0.01
r 138.2 0.01 3 10.7893 0.01
r 138.4 0.01 3 10.9435 0.01
r 138.6 0.01 3 11.0699 0.01
r 138.8 0.01 3 11.1438 0.01
r 139 0.01 3 11.1897 0.01
r 139.2 0.01 3 11.3396 0.01
r 139.4 0.01 3 11.4771 0.01
r 139.6 0.01 3 11.5473 0.01
r 139.8 0.01 3 11.6715 0.01
r 140 0.01 3 11.7514 0.01
r 140.2 0.01 3 11.8725 0.01
r 140.4 0.01 3 11.9761 0.01
r 140.6 0.01 3 12.0806 0.01
r 140.8 0.01 3 12.182 0.01
r 141 0.01 3 12.3034 0.01
r 141.2 0.01 3 12.3958 0.01
r 141.4 0.01 3 12.5212 0.01
r 141.6 0.01 3 12.6312 0.01
r 141.8 0.01 3 12.7365 0.01
r 142 0.01 3 12.8556 0.01
r 142.2 0.01 3 12.9702 0.01
r 142.4 0.01 3 13.0861 0.01
r 142.6 0.01 3 13.2029 0.01
r 142.8 0.01 3 13.3186 0.01
r 143 0.01 3 13.4456 0.01
r 143.2 0.01 3 13.5453 0.01
r 143.4 0.01 3 13.6694 0.01
r 143.6 0.01 3 13.8005 0.01
r 143.8 0.01 3 13.921 0.01
r 144 0.01 3 14.0304 0.01
r 144.2 0.01 3 14.1603 0.01
r 144.4 0.01 3 14.2862 0.01
r 144.6 0.01 3 14.4053 0.01
r 144.8 0.01 3 14.5271 0.01
r 145 0.01 3 14.6546 0.01
r 145.2 0.01 3 14.8415 0.01
r 145.4 0.01 3 14.8901 0.01
r 145.6 0.01 3 15.0815 0.01
r 145.8 0.01 3 15.1525 0.01
r 146 0.01 3 15.2735 0.01
r 146.2 0.01 3 15.3894 0.01
r 146.4 0.01 3 15.5066 0.01
r 146.6 0.01 3 15.6426 0.01
r 146.8 0.01 3 15.7605 0.01
r 147 0.01 3 15.9097 0.01
r 147.2 0.01 3 16.0275 0.01
r 147.4 0.01 3 16.1658 0.01
r 147.6 0.01 3 16.2953 0.01
r 147.8 0.01 3 16.3995 0.01
r 148 0.01 3 16.5308 0.01
r 148.2 0.01 3 16.6631 0.01
r 148.4 0.01 3 16.7959 0.01
r 148.6 0.01 3 16.9351 0.01
r 148.8 0.01 3 17.0676 0.01
r 149 0.01 3 17.1901 0.01
r 149.2 0.01 3 17.3038 0.01
r 149.4 0.01 3 17.4285 0.01
r 149.6 0.01 3 17.5812 0.01
r 149.8 0.01 3 17.6897 0.01
r 150 0.01 3 17.8163 0.01
r 150.2 0.01 3 17.9464 0.01
r 150.4 0.01 3 18.1036 0.01
r 150.6 0.01 3 18.2071 0.01
r 150.8 0.01 3 18.3656 0.01
r 151 0.01 3 18.3783 0.01
r 151.2 0.01 3 18.503 0.01
r 151.4 0.01 3 18.6265 0.01
r 151.6 0.01 3 18.7521 0.01
r 151.8 0.01 3 18.8838 0.01
r 152 0.01 3 19.0067 0.01
r 152.2 0.01 3 19.1316 0.01
r 152.4 0.01 3 19.2568 0.01
r 152.6 0.01 3 19.3824 0.01
r 152.8 0.01 3 19.5088 0.01
r 153 0.01 3 19.6341 0.01
r 153.2 0.01 3 19.7602 0.01
r 153.4 0.01 3 19.8862 0.01
r 153.6 0.01 3 20.0124 0.01
r 153.8 0.01 3 20.141 0.01
r 154 0.01 3 20.268 0.01
r 154.2 0.01 3 20.3952 0.01
r 154.4 0.01 3 20.5225 0.01
r 154.6 0.01 3 20.65 0.01
r 154.8 0.01 3 20.7775 0.01
r 155 0.01 3 20.9057 0.01
r 155.2 0.01 3 21.0333 0.01
r 155.4 0.01 3 21.1616 0.01
r 155.6 0.01 3 21.2898 0.01
r 155.8 0.01 3 21.4176 0.01
r 156 0.01 3 21.546 0.01
r 156.2 0.01 3 21.6744 0.01
r 156.4 0.01 3 21.8028 0.01
r 156.6 0.01 3 21.9311 0.01
r 156.8 0.01 3 22.06 0.01
r 157 0.01 3 22.1899 0.01
r 157.2 0.01 3 22.319 0.01
r 157.4 0.01 3 22.4485 0.01
r 157.6 0.01 3 22.578 0.01
r 157.8 0.01 3 22.7076 0.01
r 158 0.01 3 22.8372 0.01
r 158.2 0.01 3 22.967 0.01
r 158.4 0.01 3 23.0968 0.01
r 158.6 0.01 3 23.2265 0.01
r 158.8 0.01 3 23.3563 0.01
r 159 0.01 3 23.4782 0.01
r 159.2 0.01 3 23.6126 0.01
r 159.4 0.01 3 23.7415 0.01
r 159.6 0.01 3 23.873 0.01
r 159.8 0.01 3 24.0012 0.01
r 160 0.01 3 24.1319 0.01
r 160.2 0.01 3 24.2619 0.01
r 160.4 0.01 3 24.3925 0.01
r 160.6 0.01 3 24.5224 0.01
r 160.8 0.01 3 24.6527 0.01
r 161 0.01 3 24.7811 0.01
r 161.2 0.01 3 24.9107 0.01
r 161.4 0.01 3 25.0404 0.01
r 161.6 0.01 3 25.1701 0.01
r 161.8 0.01 3 25.2999 0.01
r 162 0.01 3 25.4298 0.01
r 162.2 0.01 3 25.5597 0.01
r 162.4 0.01 3 25.6897 0.01
r 162.6 0.01 3 25.8197 0.01
r 162.8 0.01 3 25.9498 0.01
r 163 0.01 3 26.0717 0.01
r 163.2 0.01 3 26.2008 0.01
r 163.4 0.01 3 26.3297 0.01
r 163.6 0.01 3 26.4587 0.01
r 163.8 0.01 3 26.588 0.01
r 164 0.01 3 26.7174 0.01
r 164.2 0.01 3 26.8469 0.01
r 164.4 0.01 3 26.9767 0.01
r 164.6 0.01 3 27.1063 0.01
r 164.8 0.01 3 27.2363 0.01
r 165 0.01 3 27.3677 0.01
s 135 3 602
r 115 0.01 2 13.4934 0.01
r 115.2 0.01 2 13.3611 0.01
r 115.4 0.01 2 13.2288 0.01
r 115.6 0.01 2 13.0965 0.01
r 115.8 0.01 2 12.9642 0.01
r 116 0.01 2 12.8319 0.01
r 116.2 0.01 2 12.6997 0.01
r 116.4 0.01 2 12.5677 0.01
r 116.6 0.01 2 12.4358 0.01
r 116.8 0.01 2 12.3041 0.01
r 117 0.01 2 12.1726 0.01
r 117.2 0.01 2 12.0412 0.01
r 117.4 0.01 2 11.9101 0.01
r 117.6 0.01 2 11.7792 0.01
r 117.8 0.01 2 11.6486 0.01
r 118 0.01 2 11.5183 0.01
r 118.2 0.01 2 11.3882 0.01
r 118.4 0.01 2 11.2582 0.01
r 118.6 0.01 2 11.1283 0.01
r 118.8 0.01 2 10.9985 0.01
r 119 0.01 2 10.869 0.01
r 119.2 0.01 2 10.7396 0.01
r 119.4 0.01 2 10.6104 0.01
r 119.6 0.01 2 10.4814 0.01
r 119.8 0.01 2 10.3525 0.01
r 120 0.01 2 10.2239 0.01
r 120.2 0.01 2 10.0952 0.01
r 120.4 0.01 2 9.96653 0.01
r 120.6 0.01 2 9.83762 0.01
r 120.8 0.01 2 9.70844 0.01
r 121 0.01 2 9.57916 0.01
r 121.2 0.01 2 9.44964 0.01
r 121.4 0.01 2 9.31994 0.01
r 121.6 0.01 2 9.18998 0.01
r 121.8 0.01 2 9.0605 0.01
r 122 0.01 2 8.92951 0.01
r 122.2 0.01 2 8.79847 0.01
r 122.4 0.01 2 8.66758 0.01
r 122.6 0.01 2 8.53693 0.01
r 122.8 0.01 2 8.40641 0.01
r 123 0.01 2 8.27614 0.01
r 123.2 0.01 2 8.14546 0.01
r 123.4 0.01 2 8.0152 0.01
r 123.6 0.01 2 7.88542 0.01
r 123.8 0.01 2 7.75628 0.01
r 124 0.01 2 7.6261 0.01
r 124.2 0.01 2 7.49695 0.01
r 124.4 0.01 2 7.36727 0.01
r 124.6 0.01 2 7.23843 0.01
r 124.8 0.01 2 7.10993 0.01
r 125 0.01 2 6.98167 0.01
r 125.2 0.01 2 6.85402 0.01
r 125.4 0.01 2 6.72627 0.01
r 125.6 0.01 2 6.59909 0.01
r 125.8 0.01 2 6.47202 0.01
r 126 0.01 2 6.34545 0.01
r 126.2 0.01 2 6.21923 0.01
r 126.4 0.01 2 6.09338 0.01
r 126.6 0.01 2 5.96759 0.01
r 126.8 0.01 2 5.8423 0.01
r 127 0.01 2 5.71693 0.01
r 127.2 0.01 2 5.59203 0.01
r 127.4 0.01 2 5.46761 0.01
r 127.6 0.01 2 5.3436 0.01
r 127.8 0.01 2 5.22015 0.01
r 128 0.01 2 5.09702 0.01
r 128.2 0.01 2 4.97455 0.01
r 128.4 0.01 2 4.85329 0.01
r 128.6 0.01 2 4.7304 0.01
r 128.8 0.01 2 4.60947 0.01
r 129 0.01 2 4.48945 0.01
r 129.2 0.01 2 4.36991 0.01
r 129.4 0.01 2 4.25128 0.01
r 129.6 0.01 2 4.1334 0.01
r 129.8 0.01 2 4.01651 0.01
r 130 0.01 2 3.90062 0.01
r 130.2 0.01 2 3.78576 0.01
r 130.4 0.01 2 3.67225 0.01
r 130.6 0.01 2 3.56021 0.01
r 130.8 0.01 2 3.44981 0.01
r 131 0.01 2 3.34195 0.01
r 131.2 0.01 2 3.2352 0.01
r 131.4 0.01 2 3.13071 0.01
r 131.6 0.01 2 3.02834 0.01
r 131.8 0.01 2 2.92887 0.01
r 132 0.01 2 2.83211 0.01
r 132.2 0.01 2 2.74018 0.01
r 132.4 0.01 2 2.64859 0.01
r 132.6 0.01 2 2.56337 0.01
r 132.8 0.01 2 2.48179 0.01
r 133 0.01 2 2.40415 0.01
r 133.2 0.01 2 2.33186 0.01
r 133.4 0.01 2 2.26558 0.01
r 133.6 0.01 2 2.20526 0.01
r 133.8 0.01 2 2.15226 0.01
r 134 0.01 2 2.10604 0.01
r 134.2 0.01 2 2.06755 0.01
r 134.4 0.01 2 2.03758 0.01
r 134.6 0.01 2 2.01597 0.01
r 134.8 0.01 2 2.00362 0.01
r 135 0.01 2 1.99992 0.01
r 135.2 0.01 2 2.00447 0.01
r 135.4 0.01 2 2.01699 0.01
r 135.6 0.01 2 2.0378 0.01
r 135.8 0.01 2 2.06819 0.01
r 136 0.01 2 2.10682 0.01
r 136.2 0.01 2 2.15307 0.01
r 136.4 0.01 2 2.2065 0.01
r 136.6 0.01 2 2.26664 0.01
r 136.8 0.01 2 2.33314 0.01
r 137 0.01 2 2.40548 0.01
r 137.2 0.01 2 2.4839 0.01
r 137.4 0.01 2 2.56472 0.01
r 137.6 0.01 2 2.64959 0.01
r 137.8 0.01 2 2.73891 0.01
r 138 0.01 2 2.83197 0.01
r 138.2 0.01 2 2.92781 0.01
r 138.4 0.01 2 3.02623 0.01
r 138.6 0.01 2 3.12719 0.01
r 138.8 0.01 2 3.23049 0.01
r 139 0.01 2 3.33602 0.01
r 139.2 0.01 2 3.44301 0.01
r 139.4 0.01 2 3.55156 0.01
r 139.6 0.01 2 3.66319 0.01
r 139.8 0.01 2 3.77371 0.01
r 140 0.01 2 3.88616 0.01
r 140.2 0.01 2 4.00013 0.01
r 140.4 0.01 2 4.11535 0.01
r 140.6 0.01 2 4.23154 0.01
r 140.8 0.01 2 4.34882 0.01
r 141 0.01 2 4.46773 0.01
r 141.2 0.01 2 4.58636 0.01
r 141.4 0.01 2 4.70603 0.01
r 141.6 0.01 2 4.82652 0.01
r 141.8 0.01 2 4.94764 0.01
r 142 0.01 2 5.06953 0.01
r 142.2 0.01 2 5.19197 0.01
r 142.4 0.01 2 5.315 0.01
r 142.6 0.01 2 5.4386 0.01
r 142.8 0.01 2 5.5627 0.01
r 143 0.01 2 5.68738 0.01
r 143.2 0.01 2 5.81238 0.01
r 143.4 0.01 2 5.93749 0.01
r 143.6 0.01 2 6.06324 0.01
r 143.8 0.01 2 6.18891 0.01
r 144 0.01 2 6.31497 0.01
r 144.2 0.01 2 6.4414 0.01
r 144.4 0.01 2 6.56797 0.01
r 144.6 0.01 2 6.69478 0.01
r 144.8 0.01 2 6.82174 0.01
r 145 0.01 2 6.9488 0.01
r 145.2 0.01 2 7.07608 0.01
r 145.4 0.01 2 7.20348 0.01
r 145.6 0.01 2 7.332 0.01
r 145.8 0.01 2 7.45876 0.01
r 146 0.01 2 7.58722 0.01
r 146.2 0.01 2 7.71521 0.01
r 146.4 0.01 2 7.84357 0.01
r 146.6 0.01 2 7.97259 0.01
r 146.8 0.01 2 8.10175 0.01
r 147 0.01 2 8.23125 0.01
r 147.2 0.01 2 8.36123 0.01
r 147.4 0.01 2 8.49141 0.01
r 147.6 0.01 2 8.62205 0.01
r 147.8 0.01 2 8.75311 0.01
r 148 0.01 2 8.8846 0.01
r 148.2 0.01 2 9.01639 0.01
r 148.4 0.01 2 9.14675 0.01
r 148.6 0.01 2 9.27827 0.01
r 148.8 0.01 2 9.40977 0.01
r 149 0.01 2 9.54103 0.01
r 149.2 0.01 2 9.67246 0.01
r 149.4 0.01 2 9.80387 0.01
r 149.6 0.01 2 9.93581 0.01
r 149.8 0.01 2 10.0672 0.01
r 150 0.01 2 10.1986 0.01
r 150.2 0.01 2 10.3301 0.01
r 150.4 0.01 2 10.4615 0.01
r 150.6 0.01 2 10.593 0.01
r 150.8 0.01 2 10.7245 0.01
r 151 0.01 2 10.8557 0.01
r 151.2 0.01 2 10.9869 0.01
r 151.4 0.01 2 11.1181 0.01
r 151.6 0.01 2 11.2495 0.01
r 151.8 0.01 2 11.3807 0.01
r 152 0.01 2 11.5116 0.01
r 152.2 0.01 2 11.6426 0.01
r 152.4 0.01 2 11.7736 0.01
r 152.6 0.01 2 11.9046 0.01
r 152.8 0.01 2 12.0357 0.01
r 153 0.01 2 12.1674 0.01
r 153.2 0.01 2 12.2983 0.01
r 153.4 0.01 2 12.4293 0.01
r 153.6 0.01 2 12.5602 0.01
r 153.8 0.01 2 12.6913 0.01
r 154 0.01 2 12.8223 0.01
r 154.2 0.01 2 12.9534 0.01
r 154.4 0.01 2 13.0845 0.01
r 154.6 0.01 2 13.2155 0.01
r 154.8 0.01 2 13.3466 0.01
r 155 0.01 2 13.4774 0.01
r 95 0.01 3 26.705 0.01
r 95.2 0.01 3 26.5816 0.01
r 95.4 0.01 3 26.4582 0.01
r 95.6 0.01 3 26.335 0.01
r 95.8 0.01 3 26.2116 0.01
r 96 0.01 3 26.0881 0.01
r 96.2 0.01 3 25.9645 0.01
r 96.4 0.01 3 25.8405 0.01
r 96.6 0.01 3 25.7163 0.01
r 96.8 0.01 3 25.5918 0.01
r 97 0.01 3 25.4678 0.01
r 97.2 0.01 3 25.3435 0.01
r 97.4 0.01 3 25.2195 0.01
r 97.6 0.01 3 25.096 0.01
r 97.8 0.01 3 24.9727 0.01
r 98 0.01 3 24.8496 0.01
r 98.2 0.01 3 24.7268 0.01
r 98.4 0.01 3 24.6043 0.01
r 98.6 0.01 3 24.4823 0.01
r 98.8 0.01 3 24.3609 0.01
r 99 0.01 3 24.2392 0.01
r 99.2 0.01 3 24.1182 0.01
r 99.4 0.01 3 23.9976 0.01
r 99.6 0.01 3 23.8769 0.01
r 99.8 0.01 3 23.7569 0.01
r 100 0.01 3 23.6377 0.01
r 100.2 0.01 3 23.5182 0.01
r 100.4 0.01 3 23.3997 0.01
r 100.6 0.01 3 23.2821 0.01
r 100.8 0.01 3 23.166 0.01
r 101 0.01 3 23.0376 0.01
r 101.2 0.01 3 22.9193 0.01
r 101.4 0.01 3 22.8018 0.01
r 101.6 0.01 3 22.6842 0.01
r 101.8 0.01 3 22.5681 0.01
r 102 0.01 3 22.4492 0.01
r 102.2 0.01 3 22.3356 0.01
r 102.4 0.01 3 22.2196 0.01
r 102.6 0.01 3 22.1003 0.01
r 102.8 0.01 3 21.9829 0.01
r 103 0.01 3 21.8814 0.01
r 103.2 0.01 3 21.7601 0.01
r 103.4 0.01 3 21.6451 0.01
r 103.6 0.01 3 21.5083 0.01
r 103.8 0.01 3 21.4352 0.01
r 104 0.01 3 21.3 0.01
r 104.2 0.01 3 21.17 0.01
r 104.4 0.01 3 21.0275 0.01
r 104.6 0.01 3 20.9129 0.01
r 104.8 0.01 3 20.8776 0.01
r 105 0.01 3 20.6849 0.01
r 105.2 0.01 3 20.5744 0.01
r 105.4 0.01 3 20.4712 0.01
r 105.6 0.01 3 20.3525 0.01
r 105.8 0.01 3 20.254 0.01
r 106 0.01 3 20.148 0.01
r 106.2 0.01 3 20.0304 0.01
r 106.4 0.01 3 19.9342 0.01
r 106.6 0.01 3 19.817 0.01
r 106.8 0.01 3 19.7255 0.01
r 107 0.01 3 19.6491 0.01
r 107.2 0.01 3 19.5552 0.01
r 107.4 0.01 3 19.3287 0.01
r 107.6 0.01 3 19.2676 0.01
r 107.8 0.01 3 19.0148 0.01
r 108 0.01 3 19.0979 0.01
r 108.2 0.01 3 18.816 0.01
r 108.4 0.01 3 18.7157 0.01
r 108.6 0.01 3 18.6137 0.01
r 108.8 0.01 3 18.478 0.01
r 109 0.01 3 18.3719 0.01
r 109.2 0.01 3 18.2724 0.01
r 109.4 0.01 3 18.1664 0.01
r 109.6 0.01 3 18.0216 0.01
r 109.8 0.01 3 17.9583 0.01
r 110 0.01 3 17.8267 0.01
r 110.2 0.01 3 17.7419 0.01
r 110.4 0.01 3 17.6235 0.01
r 110.6 0.01 3 17.4515 0.01
r 110.8 0.01 3 17.322 0.01
r 111 0.01 3 17.0534 0.01
r 111.2 0.01 3 17.1476 0.01
r 111.4 0.01 3 16.8222 0.01
r 111.6 0.01 3 16.9159 0.01
r 111.8 0.01 3 16.5826 0.01
r 112 0.01 3 16.4992 0.01
r 112.2 0.01 3 16.3295 0.01
r 112.4 0.01 3 16.2535 0.01
r 112.6 0.01 3 16.1408 0.01
r 112.8 0.01 3 16.0213 0.01
r 113 0.01 3 15.8748 0.01
r 113.2 0.01 3 15.7511 0.01
r 113.4 0.01 3 15.8851 0.01
r 113.6 0.01 3 15.6004 0.01
r 113.8 0.01 3 15.3841 0.01
r 114 0.01 3 15.5424 0.01
r 114.2 0.01 3 15.1478 0.01
r 114.4 0.01 3 15.0177 0.01
r 114.6 0.01 3 14.9095 0.01
r 114.8 0.01 3 14.863 0.01
r 115 0.01 3 14.6842 0.01
r 115.2 0.01 3 14.5569 0.01
r 115.4 0.01 3 14.451 0.01
r 115.6 0.01 3 14.2956 0.01
r 115.8 0.01 3 14.2555 0.01
r 116 0.01 3 14.0614 0.01
r 116.2 0.01 3 13.9299 0.01
r 116.4 0.01 3 13.8275 0.01
r 116.6 0.01 3 13.6845 0.01
r 116.8 0.01 3 13.6143 0.01
r 117 0.01 3 13.5227 0.01
r 117.2 0.01 3 13.4482 0.01
r 117.4 0.01 3 13.2927 0.01
r 117.6 0.01 3 13.2001 0.01
r 117.8 0.01 3 13.0207 0.01
r 118 0.01 3 12.9011 0.01
r 118.2 0.01 3 12.7661 0.01
r 118.4 0.01 3 12.6429 0.01
r 118.6 0.01 3 12.5677 0.01
r 118.8 0.01 3 12.4225 0.01
r 119 0.01 3 12.3574 0.01
r 119.2 0.01 3 12.1886 0.01
r 119.4 0.01 3 12.0863 0.01
r 119.6 0.01 3 11.9334 0.01
r 119.8 0.01 3 11.8142 0.01
r 120 0.01 3 11.7282 0.01
r 120.2 0.01 3 11.5867 0.01
r 120.4 0.01 3 11.4713 0.01
r 120.6 0.01 3 11.356 0.01
r 120.8 0.01 3 11.2632 0.01
r 121 0.01 3 11.1646 0.01
r 121.2 0.01 3 11.0213 0.01
r 121.4 0.01 3 10.9291 0.01
r 121.6 0.01 3 10.7967 0.01
r 121.8 0.01 3 10.7144 0.01
r 122 0.01 3 10.5854 0.01
r 122.2 0.01 3 10.4661 0.01
r 122.4 0.01 3 10.3597 0.01
r 122.6 0.01 3 10.2511 0.01
r 122.8 0.01 3 10.1434 0.01
r 123 0.01 3 10.03 0.01
r 123.2 0.01 3 9.9885 0.01
r 123.4 0.01 3 9.81451 0.01
r 123.6 0.01 3 9.7063 0.01
r 123.8 0.01 3 9.60013 0.01
r 124 0.01 3 9.49286 0.01
r 124.2 0.01 3 9.38765 0.01
r 124.4 0.01 3 9.28508 0.01
r 124.6 0.01 3 9.18437 0.01
r 124.8 0.01 3 9.08485 0.01
r 125 0.01 3 8.97954 0.01
r 125.2 0.01 3 8.88074 0.01
r 125.4 0.01 3 8.78316 0.01
r 125.6 0.01 3 8.68771 0.01
r 125.8 0.01 3 8.59309 0.01
r 126 0.01 3 8.50112 0.01
r 126.2 0.01 3 8.41012 0.01
r 126.4 0.01 3 8.32472 0.01
r 126.6 0.01 3 8.23553 0.01
r 126.8 0.01 3 8.15622 0.01
r 127 0.01 3 8.0626 0.01
r 127.2 0.01 3 7.98148 0.01
r 127.4 0.01 3 7.88345 0.01
r 127.6 0.01 3 7.80645 0.01
r 127.8 0.01 3 7.7326 0.01
r 128 0.01 3 7.64858 0.01
r 128.2 0.01 3 7.58727 0.01
r 128.4 0.01 3 7.46801 0.01
r 128.6 0.01 3 7.39352 0.01
r 128.8 0.01 3 7.30535 0.01
r 129 0.01 3 7.23499 0.01
r 129.2 0.01 3 7.15604 0.01
r 129.4 0.01 3 7.08644 0.01
r 129.6 0.01 3 7.01221 0.01
r 129.8 0.01 3 6.94561 0.01
r 130 0.01 3 6.87924 0.01
r 130.2 0.01 3 6.8147 0.01
r 130.4 0.01 3 6.75329 0.01
r 130.6 0.01 3 6.69386 0.01
r 130.8 0.01 3 6.63618 0.01
r 131 0.01 3 6.58168 0.01
r 131.2 0.01 3 6.52747 0.01
r 131.4 0.01 3 6.47648 0.01
r 131.6 0.01 3 6.42823 0.01
r 131.8 0.01 3 6.38299 0.01
r 132 0.01 3 6.33818 0.01
r 132.2 0.01 3 6.29709 0.01
r 132.4 0.01 3 6.25893 0.01
r 132.6 0.01 3 6.22233 0.01
r 132.8 0.01 3 6.18942 0.01
r 133 0.01 3 6.16025 0.01
r 133.2 0.01 3 6.13344 0.01
r 133.4 0.01 3 6.10764 0.01
r 133.6 0.01 3 6.08508 0.01
r 133.8 0.01 3 6.06437 0.01
r 134 0.01 3 6.04574 0.01
r 134.2 0.01 3 6.03219 0.01
r 134.4 0.01 3 6.02264 0.01
r 134.6 0.01 3 6.01285 0.01
r 134.8 0.01 3 6.00786 0.01
r 135 0.01 3 6.00796 0.01
r 135.2 0.01 3 6.00853 0.01
r 135.4 0.01 3 6.01091 0.01
r 135.6 0.01 3 6.01776 0.01
r 135.8 0.01 3 6.02757 0.01
r 136 0.01 3 6.0404 0.01
r 136.2 0.01 3 6.0562 0.01
r 136.4 0.01 3 6.0748 0.01
r 136.6 0.01 3 6.10225 0.01
r 136.8 0.01 3 6.12258 0.01
r 137 0.01 3 6.15089 0.01
r 137.2 0.01 3 6.18 0.01
r 137.4 0.01 3 6.213 0.01
r 137.6 0.01 3 6.24832 0.01
r 137.8 0.01 3 6.2864 0.01
r 138 0.01 3 6.32661 0.01
r 138.2 0.01 3 6.36989 0.01
r 138.4 0.01 3 6.41571 0.01
r 138.6 0.01 3 6.46453 0.01
r 138.8 0.01 3 6.52028 0.01
r 139 0.01 3 6.63341 0.01
r 139.2 0.01 3 6.62702 0.01
r 139.4 0.01 3 6.73165 0.01
r 139.6 0.01 3 6.73911 0.01
r 139.8 0.01 3 6.83331 0.01
r 140 0.01 3 6.88773 0.01
r 140.2 0.01 3 6.95964 0.01
r 140.4 0.01 3 7.02227 0.01
r 140.6 0.01 3 7.08766 0.01
r 140.8 0.01 3 7.15368 0.01
r 141 0.01 3 7.22335 0.01
r 141.2 0.01 3 7.2962 0.01
r 141.4 0.01 3 7.37258 0.01
r 141.6 0.01 3 7.4513 0.01
r 141.8 0.01 3 7.53421 0.01
r 142 0.01 3 7.61816 0.01
r 142.2 0.01 3 7.70336 0.01
r 142.4 0.01 3 7.7954 0.01
r 142.6 0.01 3 7.8955 0.01
r 142.8 0.01 3 7.98286 0.01
r 143 0.01 3 8.14236 0.01
r 143.2 0.01 3 8.2253 0.01
r 143.4 0.01 3 8.31378 0.01
r 143.6 0.01 3 8.42166 0.01
r 143.8 0.01 3 8.48406 0.01
r 144 0.01 3 8.58242 0.01
r 144.2 0.01 3 8.68692 0.01
r 144.4 0.01 3 8.76638 0.01
r 144.6 0.01 3 8.85419 0.01
r 144.8 0.01 3 8.94284 0.01
r 145 0.01 3 9.04273 0.01
r 145.2 0.01 3 9.13449 0.01
r 145.4 0.01 3 9.21683 0.01
r 145.6 0.01 3 9.32248 0.01
r 145.8 0.01 3 9.40058 0.01
r 146 0.01 3 9.50451 0.01
r 146.2 0.01 3 9.59862 0.01
r 146.4 0.01 3 9.71761 0.01
r 146.6 0.01 3 9.85364 0.01
r 146.8 0.01 3 9.92564 0.01
r 147 0.01 3 10.0632 0.01
r 147.2 0.01 3 10.1243 0.01
r 147.4 0.01 3 10.2896 0.01
r 147.6 0.01 3 10.4104 0.01
r 147.8 0.01 3 10.5273 0.01
r 148 0.01 3 10.6485 0.01
r 148.2 0.01 3 10.6842 0.01
r 148.4 0.01 3 10.8877 0.01
r 148.6 0.01 3 10.95 0.01
r 148.8 0.01 3 11.1275 0.01
r 149 0.01 3 11.2808 0.01
r 149.2 0.01 3 11.3263 0.01
r 149.4 0.01 3 11.9788 0.01
r 149.6 0.01 3 11.5048 0.01
r 149.8 0.01 3 12.1564 0.01
r 150 0.01 3 11.7095 0.01
r 150.2 0.01 3 11.839 0.01
r 150.4 0.01 3 11.9746 0.01
r 150.6 0.01 3 12.2265 0.01
r 150.8 0.01 3 12.6243 0.01
r 151 0.01 3 12.4864 0.01
r 151.2 0.01 3 12.5875 0.01
r 151.4 0.01 3 12.9182 0.01
r 151.6 0.01 3 12.7895 0.01
r 151.8 0.01 3 12.8914 0.01
r 152 0.01 3 13.041 0.01
r 152.2 0.01 3 13.1106 0.01
r 152.4 0.01 3 13.2143 0.01
r 152.6 0.01 3 13.3327 0.01
r 152.8 0.01 3 13.4352 0.01
r 153 0.01 3 13.562 0.01
r 153.2 0.01 3 13.6454 0.01
r 153.4 0.01 3 13.7633 0.01
r 153.6 0.01 3 13.883 0.01
r 153.8 0.01 3 13.9971 0.01
r 154 0.01 3 14.1443 0.01
r 154.2 0.01 3 14.2355 0.01
r 154.4 0.01 3 14.3785 0.01
r 154.6 0.01 3 14.4633 0.01
r 154.8 0.01 3 14.5818 0.01
r 155 0.01 3 14.8636 0.01
r 155.2 0.01 3 14.8945 0.01
r 155.4 0.01 3 14.9777 0.01
r 155.6 0.01 3 15.0367 0.01
r 155.8 0.01 3 15.164 0.01
r 156 0.01 3 15.289 0.01
r 156.2 0.01 3 15.3983 0.01
r 156.4 0.01 3 15.6084 0.01
r 156.6 0.01 3 15.6936 0.01
r 156.8 0.01 3 15.8162 0.01
r 157 0.01 3 15.8984 0.01
r 157.2 0.01 3 16.0275 0.01
r 157.4 0.01 3 16.1489 0.01
r 157.6 0.01 3 16.3031 0.01
r 157.8 0.01 3 16.4182 0.01
r 158 0.01 3 16.5284 0.01
r 158.2 0.01 3 16.6673 0.01
r 158.4 0.01 3 16.7808 0.01
r 158.6 0.01 3 16.9194 0.01
r 158.8 0.01 3 17.0421 0.01
r 159 0.01 3 17.2515 0.01
r 159.2 0.01 3 17.4979 0.01
r 159.4 0.01 3 17.7598 0.01
r 159.6 0.01 3 17.8974 0.01
r 159.8 0.01 3 17.9927 0.01
r 160 0.01 3 18.0823 0.01
r 160.2 0.01 3 18.2004 0.01
r 160.4 0.01 3 18.3067 0.01
r 160.6 0.01 3 18.4071 0.01
r 160.8 0.01 3 18.5084 0.01
r 161 0.01 3 18.4969 0.01
r 161.2 0.01 3 18.9092 0.01
r 161.4 0.01 3 18.9923 0.01
r 161.6 0.01 3 18.9333 0.01
r 161.8 0.01 3 19.2168 0.01
r 162 0.01 3 19.2983 0.01
r 162.2 0.01 3 19.4128 0.01
r 162.4 0.01 3 19.5022 0.01
r 162.6 0.01 3 19.6208 0.01
r 162.8 0.01 3 19.7327 0.01
r 163 0.01 3 19.8831 0.01
r 163.2 0.01 3 19.9695 0.01
r 163.4 0.01 3 20.0835 0.01
r 163.6 0.01 3 20.1837 0.01
r 163.8 0.01 3 20.2922 0.01
r 164 0.01 3 20.4064 0.01
r 164.2 0.01 3 20.5162 0.01
r 164.4 0.01 3 20.6325 0.01
r 164.6 0.01 3 20.7471 0.01
r 164.8 0.01 3 20.864 0.01
r 165 0.01 3 20.9845 0.01
r 165.2 0.01 3 21.1011 0.01
r 165.4 0.01 3 21.2205 0.01
r 165.6 0.01 3 21.3397 0.01
r 165.8 0.01 3 21.4608 0.01
r 166 0.01 3 21.5809 0.01
r 166.2 0.01 3 21.7029 0.01
r 166.4 0.01 3 21.8248 0.01
r 166.6 0.01 3 21.9489 0.01
r 166.8 0.01 3 22.0731 0.01
r 167 0.01 3 22.1997 0.01
r 167.2 0.01 3 22.3232 0.01
r 167.4 0.01 3 22.4476 0.01
r 167.6 0.01 3 22.5747 0.01
r 167.8 0.01 3 22.7002 0.01
r 168 0.01 3 22.8263 0.01
r 168.2 0.01 3 22.9526 0.01
r 168.4 0.01 3 23.0804 0.01
r 168.6 0.01 3 23.2074 0.01
r 168.8 0.01 3 23.3347 0.01
r 169 0.01 3 23.4771 0.01
r 169.2 0.01 3 23.6046 0.01
r 169.4 0.01 3 23.73 0.01
r 169.6 0.01 3 23.856 0.01
r 169.8 0.01 3 23.9815 0.01
r 170 0.01 3 24.1082 0.01
r 170.2 0.01 3 24.2336 0.01
r 170.4 0.01 3 24.3607 0.01
r 170.6 0.01 3 24.4888 0.01
r 170.8 0.01 3 24.6164 0.01
r 171 0.01 3 24.7465 0.01
r 171.2 0.01 3 24.8741 0.01
r 171.4 0.01 3 25.0026 0.01
r 171.6 0.01 3 25.1307 0.01
r 171.8 0.01 3 25.2593 0.01
r 172 0.01 3 25.3882 0.01
r 172.2 0.01 3 25.5173 0.01
r 172.4 0.01 3 25.6465 0.01
r 172.6 0.01 3 25.776 0.01
r 172.8 0.01 3 25.9056 0.01
r 173 0.01 3 26.0343 0.01
r 173.2 0.01 3 26.1639 0.01
r 173.4 0.01 3 26.2937 0.01
r 173.6 0.01 3 26.4236 0.01
r 173.8 0.01 3 26.5538 0.01
r 174 0.01 3 26.684 0.01
r 174.2 0.01 3 26.8145 0.01
r 174.4 0.01 3 26.945 0.01
r 174.6 0.01 3 27.0757 0.01
r 174.8 0.01 3 27.2065 0.01
r 175 0.01 3 27.3353 0.01
s 145 3 602
r 125 0.01 2 13.5054 0.01
r 125.2 0.01 2 13.3726 0.01
r 125.4 0.01 2 13.2399 0.01
r 125.6 0.01 2 13.1073 0.01
r 125.8 0.01 2 12.9748 0.01
r 126 0.01 2 12.8425 0.01
r 126.2 0.01 2 12.7102 0.01
r 126.4 0.01 2 12.5778 0.01
r 126.6 0.01 2 12.4455 0.01
r 126.8 0.01 2 12.3133 0.01
r 127 0.01 2 12.1812 0.01
r 127.2 0.01 2 12.049 0.01
r 127.4 0.01 2 11.9173 0.01
r 127.6 0.01 2 11.7852 0.01
r 127.8 0.01 2 11.6531 0.01
r 128 0.01 2 11.5212 0.01
r 128.2 0.01 2 11.3893 0.01
r 128.4 0.01 2 11.2574 0.01
r 128.6 0.01 2 11.1257 0.01
r 128.8 0.01 2 10.9941 0.01
r 129 0.01 2 10.8624 0.01
r 129.2 0.01 2 10.7307 0.01
r 129.4 0.01 2 10.599 0.01
r 129.6 0.01 2 10.4674 0.01
r 129.8 0.01 2 10.3357 0.01
r 130 0.01 2 10.2042 0.01
r 130.2 0.01 2 10.0723 0.01
r 130.4 0.01 2 9.94064 0.01
r 130.6 0.01 2 9.80923 0.01
r 130.8 0.01 2 9.67804 0.01
r 131 0.01 2 9.5472 0.01
r 131.2 0.01 2 9.41634 0.01
r 131.4 0.01 2 9.2855 0.01
r 131.6 0.01 2 9.15529 0.01
r 131.8 0.01 2 9.02517 0.01
r 132 0.01 2 8.89525 0.01
r 132.2 0.01 2 8.76578 0.01
r 132.4 0.01 2 8.63627 0.01
r 132.6 0.01 2 8.50707 0.01
r 132.8 0.01 2 8.37819 0.01
r 133 0.01 2 8.24959 0.01
r 133.2 0.01 2 8.12123 0.01
r 133.4 0.01 2 7.99313 0.01
r 133.6 0.01 2 7.8653 0.01
r 133.8 0.01 2 7.73731 0.01
r 134 0.01 2 7.60922 0.01
r 134.2 0.01 2 7.48121 0.01
r 134.4 0.01 2 7.35358 0.01
r 134.6 0.01 2 7.22602 0.01
r 134.8 0.01 2 7.09867 0.01
r 135 0.01 2 6.97157 0.01
r 135.2 0.01 2 6.84442 0.01
r 135.4 0.01 2 6.71741 0.01
r 135.6 0.01 2 6.59079 0.01
r 135.8 0.01 2 6.46421 0.01
r 136 0.01 2 6.3381 0.01
r 136.2 0.01 2 6.21241 0.01
r 136.4 0.01 2 6.08712 0.01
r 136.6 0.01 2 5.96157 0.01
r 136.8 0.01 2 5.8366 0.01
r 137 0.01 2 5.71149 0.01
r 137.2 0.01 2 5.58682 0.01
r 137.4 0.01 2 5.46253 0.01
r 137.6 0.01 2 5.33854 0.01
r 137.8 0.01 2 5.21492 0.01
r 138 0.01 2 5.09145 0.01
r 138.2 0.01 2 4.96868 0.01
r 138.4 0.01 2 4.84728 0.01
r 138.6 0.01 2 4.72399 0.01
r 138.8 0.01 2 4.60299 0.01
r 139 0.01 2 4.48258 0.01
r 139.2 0.01 2 4.36302 0.01
r 139.4 0.01 2 4.24435 0.01
r 139.6 0.01 2 4.12675 0.01
r 139.8 0.01 2 4.01036 0.01
r 140 0.01 2 3.89471 0.01
r 140.2 0.01 2 3.78086 0.01
r 140.4 0.01 2 3.66903 0.01
r 140.6 0.01 2 3.55863 0.01
r 140.8 0.01 2 3.44847 0.01
r 141 0.01 2 3.33775 0.01
r 141.2 0.01 2 3.23141 0.01
r 141.4 0.01 2 3.12716 0.01
r 141.6 0.01 2 3.02518 0.01
r 141.8 0.01 2 2.92566 0.01
r 142 0.01 2 2.82895 0.01
r 142.2 0.01 2 2.73564 0.01
r 142.4 0.01 2 2.64584 0.01
r 142.6 0.01 2 2.55977 0.01
r 142.8 0.01 2 2.47902 0.01
r 143 0.01 2 2.40128 0.01
r 143.2 0.01 2 2.32964 0.01
r 143.4 0.01 2 2.26329 0.01
r 143.6 0.01 2 2.20326 0.01
r 143.8 0.01 2 2.15006 0.01
r 144 0.01 2 2.10404 0.01
r 144.2 0.01 2 2.06554 0.01
r 144.4 0.01 2 2.03563 0.01
r 144.6 0.01 2 2.01376 0.01
r 144.8 0.01 2 2.00149 0.01
r 145 0.01 2 1.99754 0.01
r 145.2 0.01 2 2.00222 0.01
r 145.4 0.01 2 2.01435 0.01
r 145.6 0.01 2 2.03509 0.01
r 145.8 0.01 2 2.0653 0.01
r 146 0.01 2 2.10373 0.01
r 146.2 0.01 2 2.15 0.01
r 146.4 0.01 2 2.20381 0.01
r 146.6 0.01 2 2.26449 0.01
r 146.8 0.01 2 2.33161 0.01
r 147 0.01 2 2.40402 0.01
r 147.2 0.01 2 2.48177 0.01
r 147.4 0.01 2 2.56432 0.01
r 147.6 0.01 2 2.65059 0.01
r 147.8 0.01 2 2.74144 0.01
r 148 0.01 2 2.83554 0.01
r 148.2 0.01 2 2.93265 0.01
r 148.4 0.01 2 3.03275 0.01
r 148.6 0.01 2 3.13489 0.01
r 148.8 0.01 2 3.23927 0.01
r 149 0.01 2 3.34557 0.01
r 149.2 0.01 2 3.45362 0.01
r 149.4 0.01 2 3.5632 0.01
r 149.6 0.01 2 3.67694 0.01
r 149.8 0.01 2 3.7875 0.01
r 150 0.01 2 3.90085 0.01
r 150.2 0.01 2 4.01581 0.01
r 150.4 0.01 2 4.13173 0.01
r 150.6 0.01 2 4.24907 0.01
r 150.8 0.01 2 4.36628 0.01
r 151 0.01 2 4.48507 0.01
r 151.2 0.01 2 4.60434 0.01
r 151.4 0.01 2 4.7239 0.01
r 151.6 0.01 2 4.84428 0.01
r 151.8 0.01 2 4.9653 0.01
r 152 0.01 2 5.08691 0.01
r 152.2 0.01 2 5.20903 0.01
r 152.4 0.01 2 5.33168 0.01
r 152.6 0.01 2 5.45487 0.01
r 152.8 0.01 2 5.57855 0.01
r 153 0.01 2 5.70261 0.01
r 153.2 0.01 2 5.82707 0.01
r 153.4 0.01 2 5.9535 0.01
r 153.6 0.01 2 6.07793 0.01
r 153.8 0.01 2 6.20293 0.01
r 154 0.01 2 6.32847 0.01
r 154.2 0.01 2 6.45446 0.01
r 154.4 0.01 2 6.5809 0.01
r 154.6 0.01 2 6.70767 0.01
r 154.8 0.01 2 6.83477 0.01
r 155 0.01 2 6.96118 0.01
r 155.2 0.01 2 7.0881 0.01
r 155.4 0.01 2 7.21529 0.01
r 155.6 0.01 2 7.34282 0.01
r 155.8 0.01 2 7.47051 0.01
r 156 0.01 2 7.59833 0.01
r 156.2 0.01 2 7.7264 0.01
r 156.4 0.01 2 7.85479 0.01
r 156.6 0.01 2 7.9834 0.01
r 156.8 0.01 2 8.11199 0.01
r 157 0.01 2 8.24031 0.01
r 157.2 0.01 2 8.36898 0.01
r 157.4 0.01 2 8.49788 0.01
r 157.6 0.01 2 8.62693 0.01
r 157.8 0.01 2 8.75621 0.01
r 158 0.01 2 8.88565 0.01
r 158.2 0.01 2 9.01514 0.01
r 158.4 0.01 2 9.14457 0.01
r 158.6 0.01 2 9.27416 0.01
r 158.8 0.01 2 9.40389 0.01
r 159 0.01 2 9.53325 0.01
r 159.2 0.01 2 9.66334 0.01
r 159.4 0.01 2 9.793 0.01
r 159.6 0.01 2 9.92291 0.01
r 159.8 0.01 2 10.0529 0.01
r 160 0.01 2 10.183 0.01
r 160.2 0.01 2 10.3134 0.01
r 160.4 0.01 2 10.4436 0.01
r 160.6 0.01 2 10.5741 0.01
r 160.8 0.01 2 10.7047 0.01
r 161 0.01 2 10.8353 0.01
r 161.2 0.01 2 10.966 0.01
r 161.4 0.01 2 11.0969 0.01
r 161.6 0.01 2 11.2278 0.01
r 161.8 0.01 2 11.3589 0.01
r 162 0.01 2 11.49 0.01
r 162.2 0.01 2 11.6211 0.01
r 162.4 0.01 2 11.7523 0.01
r 162.6 0.01 2 11.8835 0.01
r 162.8 0.01 2 12.0148 0.01
r 163 0.01 2 12.1461 0.01
r 163.2 0.01 2 12.2774 0.01
r 163.4 0.01 2 12.4086 0.01
r 163.6 0.01 2 12.5398 0.01
r 163.8 0.01 2 12.6711 0.01
r 164 0.01 2 12.8024 0.01
r 164.2 0.01 2 12.9347 0.01
r 164.4 0.01 2 13.0651 0.01
r 164.6 0.01 2 13.1961 0.01
r 164.8 0.01 2 13.3271 0.01
r 165 0.01 2 13.4583 0.01
r 105 0.01 3 27.0064 0.01
r 105.2 0.01 3 26.8834 0.01
r 105.4 0.01 3 26.7601 0.01
r 105.6 0.01 3 26.6368 0.01
r 105.8 0.01 3 26.5133 0.01
r 106 0.01 3 26.3898 0.01
r 106.2 0.01 3 26.2651 0.01
r 106.4 0.01 3 26.1416 0.01
r 106.6 0.01 3 26.0183 0.01
r 106.8 0.01 3 25.895 0.01
r 107 0.01 3 25.7719 0.01
r 107.2 0.01 3 25.6493 0.01
r 107.4 0.01 3 25.5269 0.01
r 107.6 0.01 3 25.4051 0.01
r 107.8 0.01 3 25.2835 0.01
r 108 0.01 3 25.1624 0.01
r 108.2 0.01 3 25.0418 0.01
r 108.4 0.01 3 24.9216 0.01
r 108.6 0.01 3 24.8011 0.01
r 108.8 0.01 3 24.6814 0.01
r 109 0.01 3 24.5608 0.01
r 109.2 0.01 3 24.4417 0.01
r 109.4 0.01 3 24.3177 0.01
r 109.6 0.01 3 24.1983 0.01
r 109.8 0.01 3 24.0794 0.01
r 110 0.01 3 23.9603 0.01
r 110.2 0.01 3 23.8415 0.01
r 110.4 0.01 3 23.7232 0.01
r 110.6 0.01 3 23.6049 0.01
r 110.8 0.01 3 23.4869 0.01
r 111 0.01 3 23.3698 0.01
r 111.2 0.01 3 23.2531 0.01
r 111.4 0.01 3 23.137 0.01
r 111.6 0.01 3 23.0209 0.01
r 111.8 0.01 3 22.9051 0.01
r 112 0.01 3 22.7886 0.01
r 112.2 0.01 3 22.6737 0.01
r 112.4 0.01 3 22.5572 0.01
r 112.6 0.01 3 22.4408 0.01
r 112.8 0.01 3 22.3274 0.01
r 113 0.01 3 22.2136 0.01
r 113.2 0.01 3 22.1012 0.01
r 113.4 0.01 3 21.991 0.01
r 113.6 0.01 3 21.8811 0.01
r 113.8 0.01 3 21.7716 0.01
r 114 0.01 3 21.6647 0.01
r 114.2 0.01 3 21.5575 0.01
r 114.4 0.01 3 21.4537 0.01
r 114.6 0.01 3 21.3509 0.01
r 114.8 0.01 3 21.1203 0.01
r 115 0.01 3 20.9728 0.01
r 115.2 0.01 3 20.8575 0.01
r 115.4 0.01 3 20.6871 0.01
r 115.6 0.01 3 20.5962 0.01
r 115.8 0.01 3 20.4282 0.01
r 116 0.01 3 20.2966 0.01
r 116.2 0.01 3 20.1759 0.01
r 116.4 0.01 3 20.1949 0.01
r 116.6 0.01 3 19.9433 0.01
r 116.8 0.01 3 19.7922 0.01
r 117 0.01 3 19.6334 0.01
r 117.2 0.01 3 19.5093 0.01
r 117.4 0.01 3 19.3873 0.01
r 117.6 0.01 3 19.2552 0.01
r 117.8 0.01 3 19.1636 0.01
r 118 0.01 3 19.0119 0.01
r 118.2 0.01 3 18.8913 0.01
r 118.4 0.01 3 18.7717 0.01
r 118.6 0.01 3 18.6529 0.01
r 118.8 0.01 3 18.535 0.01
r 119 0.01 3 18.4172 0.01
r 119.2 0.01 3 18.301 0.01
r 119.4 0.01 3 18.1865 0.01
r 119.6 0.01 3 18.0737 0.01
r 119.8 0.01 3 17.9126 0.01
r 120 0.01 3 17.7923 0.01
r 120.2 0.01 3 17.678 0.01
r 120.4 0.01 3 17.5609 0.01
r 120.6 0.01 3 17.4698 0.01
r 120.8 0.01 3 17.3281 0.01
r 121 0.01 3 17.2531 0.01
r 121.2 0.01 3 17.1069 0.01
r 121.4 0.01 3 16.9958 0.01
r 121.6 0.01 3 16.8424 0.01
r 121.8 0.01 3 16.7156 0.01
r 122 0.01 3 16.6072 0.01
r 122.2 0.01 3 16.4826 0.01
r 122.4 0.01 3 16.3606 0.01
r 122.6 0.01 3 16.2547 0.01
r 122.8 0.01 3 16.1556 0.01
r 123 0.01 3 15.9717 0.01
r 123.2 0.01 3 15.8623 0.01
r 123.4 0.01 3 15.734 0.01
r 123.6 0.01 3 15.6603 0.01
r 123.8 0.01 3 15.5025 0.01
r 124 0.01 3 15.391 0.01
r 124.2 0.01 3 15.2938 0.01
r 124.4 0.01 3 15.1913 0.01
r 124.6 0.01 3 15.0453 0.01
r 124.8 0.01 3 14.9543 0.01
r 125 0.01 3 14.8483 0.01
r 125.2 0.01 3 14.6769 0.01
r 125.4 0.01 3 14.5794 0.01
r 125.6 0.01 3 14.449 0.01
r 125.8 0.01 3 14.3428 0.01
r 126 0.01 3 14.1734 0.01
r 126.2 0.01 3 14.0721 0.01
r 126.4 0.01 3 13.9456 0.01
r 126.6 0.01 3 13.8604 0.01
r 126.8 0.01 3 13.6985 0.01
r 127 0.01 3 13.5698 0.01
r 127.2 0.01 3 13.4444 0.01
r 127.4 0.01 3 13.3357 0.01
r 127.6 0.01 3 13.2105 0.01
r 127.8 0.01 3 13.1128 0.01
r 128 0.01 3 12.9586 0.01
r 128.2 0.01 3 12.8648 0.01
r 128.4 0.01 3 12.7684 0.01
r 128.6 0.01 3 12.6067 0.01
r 128.8 0.01 3 12.4881 0.01
r 129 0.01 3 12.3458 0.01
r 129.2 0.01 3 12.2248 0.01
r 129.4 0.01 3 12.148 0.01
r 129.6 0.01 3 12.0432 0.01
r 129.8 0.01 3 11.8805 0.01
r 130 0.01 3 11.7774 0.01
r 130.2 0.01 3 11.6473 0.01
r 130.4 0.01 3 11.5348 0.01
r 130.6 0.01 3 11.4118 0.01
r 130.8 0.01 3 11.3211 0.01
r 131 0.01 3 11.1961 0.01
r 131.2 0.01 3 11.0661 0.01
r 131.4 0.01 3 10.9479 0.01
r 131.6 0.01 3 10.836 0.01
r 131.8 0.01 3 10.7227 0.01
r 132 0.01 3 10.6137 0.01
r 132.2 0.01 3 10.4912 0.01
r 132.4 0.01 3 10.3882 0.01
r 132.6 0.01 3 10.2805 0.01
r 132.8 0.01 3 10.1685 0.01
r 133 0.01 3 10.0645 0.01
r 133.2 0.01 3 9.96179 0.01
r 133.4 0.01 3 9.83175 0.01
r 133.6 0.01 3 9.75977 0.01
r 133.8 0.01 3 9.65603 0.01
r 134 0.01 3 9.51835 0.01
r 134.2 0.01 3 9.45261 0.01
r 134.4 0.01 3 9.35349 0.01
r 134.6 0.01 3 9.21558 0.01
r 134.8 0.01 3 9.10592 0.01
r 135 0.01 3 8.99831 0.01
r 135.2 0.01 3 8.90215 0.01
r 135.4 0.01 3 8.80639 0.01
r 135.6 0.01 3 8.7166 0.01
r 135.8 0.01 3 8.6377 0.01
r 136 0.01 3 8.53836 0.01
r 136.2 0.01 3 8.43637 0.01
r 136.4 0.01 3 8.32611 0.01
r 136.6 0.01 3 8.23308 0.01
r 136.8 0.01 3 8.16582 0.01
r 137 0.01 3 8.05371 0.01
r 137.2 0.01 3 7.9638 0.01
r 137.4 0.01 3 7.87541 0.01
r 137.6 0.01 3 7.78841 0.01
r 137.8 0.01 3 7.70511 0.01
r 138 0.01 3 7.61914 0.01
r 138.2 0.01 3 7.53679 0.01
r 138.4 0.01 3 7.45622 0.01
r 138.6 0.01 3 7.37539 0.01
r 138.8 0.01 3 7.30451 0.01
r 139 0.01 3 7.22118 0.01
r 139.2 0.01 3 7.14686 0.01
r 139.4 0.01 3 7.07426 0.01
r 139.6 0.01 3 7.00594 0.01
r 139.8 0.01 3 6.93653 0.01
r 140 0.01 3 6.86969 0.01
r 140.2 0.01 3 6.80567 0.01
r 140.4 0.01 3 6.74339 0.01
r 140.6 0.01 3 6.68444 0.01
r 140.8 0.01 3 6.62585 0.01
r 141 0.01 3 6.5731 0.01
r 141.2 0.01 3 6.5291 0.01
r 141.4 0.01 3 6.4676 0.01
r 141.6 0.01 3 6.41862 0.01
r 141.8 0.01 3 6.37193 0.01
r 142 0.01 3 6.32822 0.01
r 142.2 0.01 3 6.28568 0.01
r 142.4 0.01 3 6.24652 0.01
r 142.6 0.01 3 6.21059 0.01
r 142.8 0.01 3 6.1763 0.01
r 143 0.01 3 6.14631 0.01
r 143.2 0.01 3 6.11838 0.01
r 143.4 0.01 3 6.09263 0.01
r 143.6 0.01 3 6.07034 0.01
r 143.8 0.01 3 6.05103 0.01
r 144 0.01 3 6.03971 0.01
r 144.2 0.01 3 6.02336 0.01
r 144.4 0.01 3 6.0117 0.01
r 144.6 0.01 3 6.00495 0.01
r 144.8 0.01 3 6.00322 0.01
r 145 0.01 3 6.00079 0.01
r 145.2 0.01 3 6.00126 0.01
r 145.4 0.01 3 6.00565 0.01
r 145.6 0.01 3 6.01309 0.01
r 145.8 0.01 3 6.02369 0.01
r 146 0.01 3 6.0373 0.01
r 146.2 0.01 3 6.05438 0.01
r 146.4 0.01 3 6.07456 0.01
r 146.6 0.01 3 6.10274 0.01
r 146.8 0.01 3 6.12361 0.01
r 147 0.01 3 6.1509 0.01
r 147.2 0.01 3 6.18138 0.01
r 147.4 0.01 3 6.2145 0.01
r 147.6 0.01 3 6.25049 0.01
r 147.8 0.01 3 6.30065 0.01
r 148 0.01 3 6.33877 0.01
r 148.2 0.01 3 6.37932 0.01
r 148.4 0.01 3 6.4245 0.01
r 148.6 0.01 3 6.47118 0.01
r 148.8 0.01 3 6.51973 0.01
r 149 0.01 3 6.57291 0.01
r 149.2 0.01 3 6.62801 0.01
r 149.4 0.01 3 6.68682 0.01
r 149.6 0.01 3 6.75034 0.01
r 149.8 0.01 3 6.81033 0.01
r 150 0.01 3 6.87826 0.01
r 150.2 0.01 3 6.94735 0.01
r 150.4 0.01 3 7.01133 0.01
r 150.6 0.01 3 7.09539 0.01
r 150.8 0.01 3 7.17653 0.01
r 151 0.01 3 7.24288 0.01
r 151.2 0.01 3 7.377 0.01
r 151.4 0.01 3 7.44896 0.01
r 151.6 0.01 3 7.5325 0.01
r 151.8 0.01 3 7.65708 0.01
r 152 0.01 3 7.71572 0.01
r 152.2 0.01 3 7.83176 0.01
r 152.4 0.01 3 7.95626 0.01
r 152.6 0.01 3 8.04735 0.01
r 152.8 0.01 3 8.16998 0.01
r 153 0.01 3 8.0915 0.01
r 153.2 0.01 3 8.40036 0.01
r 153.4 0.01 3 8.53979 0.01
r 153.6 0.01 3 8.39151 0.01
r 153.8 0.01 3 8.47557 0.01
r 154 0.01 3 8.62763 0.01
r 154.2 0.01 3 8.7369 0.01
r 154.4 0.01 3 9.08373 0.01
r 154.6 0.01 3 8.84454 0.01
r 154.8 0.01 3 9.28776 0.01
r 155 0.01 3 9.04536 0.01
r 155.2 0.01 3 9.17232 0.01
r 155.4 0.01 3 9.27595 0.01
r 155.6 0.01 3 9.35 0.01
r 155.8 0.01 3 9.44477 0.01
r 156 0.01 3 9.60707 0.01
r 156.2 0.01 3 9.70246 0.01
r 156.4 0.01 3 9.78871 0.01
r 156.6 0.01 3 9.91099 0.01
r 156.8 0.01 3 9.99774 0.01
r 157 0.01 3 10.114 0.01
r 157.2 0.01 3 10.2245 0.01
r 157.4 0.01 3 10.3345 0.01
r 157.6 0.01 3 10.4209 0.01
r 157.8 0.01 3 10.5293 0.01
r 158 0.01 3 10.6645 0.01
r 158.2 0.01 3 10.7314 0.01
r 158.4 0.01 3 10.8462 0.01
r 158.6 0.01 3 10.9788 0.01
r 158.8 0.01 3 11.1044 0.01
r 159 0.01 3 11.217 0.01
r 159.2 0.01 3 11.3754 0.01
r 159.4 0.01 3 11.4579 0.01
r 159.6 0.01 3 11.5418 0.01
r 159.8 0.01 3 11.6695 0.01
r 160 0.01 3 11.8521 0.01
r 160.2 0.01 3 11.877 0.01
r 160.4 0.01 3 12.1218 0.01
r 160.6 0.01 3 12.1042 0.01
r 160.8 0.01 3 12.2076 0.01
r 161 0.01 3 12.4388 0.01
r 161.2 0.01 3 12.4739 0.01
r 161.4 0.01 3 12.6492 0.01
r 161.6 0.01 3 12.7293 0.01
r 161.8 0.01 3 12.8087 0.01
r 162 0.01 3 12.9296 0.01
r 162.2 0.01 3 13.0441 0.01
r 162.4 0.01 3 13.1659 0.01
r 162.6 0.01 3 13.3602 0.01
r 162.8 0.01 3 13.4375 0.01
r 163 0.01 3 13.6673 0.01
r 163.2 0.01 3 13.6712 0.01
r 163.4 0.01 3 13.8404 0.01
r 163.6 0.01 3 13.9288 0.01
r 163.8 0.01 3 14.0983 0.01
r 164 0.01 3 14.2459 0.01
r 164.2 0.01 3 14.3588 0.01
r 164.4 0.01 3 14.473 0.01
r 164.6 0.01 3 14.5741 0.01
r 164.8 0.01 3 14.675 0.01
r 165 0.01 3 14.7856 0.01
r 165.2 0.01 3 14.8849 0.01
r 165.4 0.01 3 14.9885 0.01
r 165.6 0.01 3 15.0961 0.01
r 165.8 0.01 3 15.2042 0.01
r 166 0.01 3 15.314 0.01
r 166.2 0.01 3 15.4239 0.01
r 166.4 0.01 3 15.5369 0.01
r 166.6 0.01 3 15.6508 0.01
r 166.8 0.01 3 15.7651 0.01
r 167 0.01 3 15.8868 0.01
r 167.2 0.01 3 16.0027 0.01
r 167.4 0.01 3 16.1196 0.01
r 167.6 0.01 3 16.2376 0.01
r 167.8 0.01 3 16.3563 0.01
r 168 0.01 3 16.4758 0.01
r 168.2 0.01 3 16.596 0.01
r 168.4 0.01 3 16.717 0.01
r 168.6 0.01 3 16.8385 0.01
r 168.8 0.01 3 16.9608 0.01
r 169 0.01 3 17.083 0.01
r 169.2 0.01 3 17.2055 0.01
r 169.4 0.01 3 17.3284 0.01
r 169.6 0.01 3 17.4519 0.01
r 169.8 0.01 3 17.5758 0.01
r 170 0.01 3 17.7003 0.01
r 170.2 0.01 3 17.8249 0.01
r 170.4 0.01 3 17.9502 0.01
r 170.6 0.01 3 18.0757 0.01
r 170.8 0.01 3 18.2016 0.01
r 171 0.01 3 18.3311 0.01
r 171.2 0.01 3 18.4574 0.01
r 171.4 0.01 3 18.584 0.01
r 171.6 0.01 3 18.7117 0.01
r 171.8 0.01 3 18.8389 0.01
r 172 0.01 3 18.9654 0.01
r 172.2 0.01 3 19.095 0.01
r 172.4 0.01 3 19.2181 0.01
r 172.6 0.01 3 19.352 0.01
r 172.8 0.01 3 19.4747 0.01
r 173 0.01 3 19.6096 0.01
r 173.2 0.01 3 19.7307 0.01
r 173.4 0.01 3 19.8524 0.01
r 173.6 0.01 3 19.9755 0.01
r 173.8 0.01 3 20.0989 0.01
r 174 0.01 3 20.2235 0.01
r 174.2 0.01 3 20.3478 0.01
r 174.4 0.01 3 20.4732 0.01
r 174.6 0.01 3 20.5992 0.01
r 174.8 0.01 3 20.7309 0.01
r 175 0.01 3 20.8706 0.01
r 175.2 0.01 3 20.9956 0.01
r 175.4 0.01 3 21.1212 0.01
r 175.6 0.01 3 21.2472 0.01
r 175.8 0.01 3 21.3734 0.01
r 176 0.01 3 21.5001 0.01
r 176.2 0.01 3 21.6272 0.01
r 176.4 0.01 3 21.7544 0.01
r 176.6 0.01 3 21.8819 0.01
r 176.8 0.01 3 22.0172 0.01
r 177 0.01 3 22.1455 0.01
r 177.2 0.01 3 22.2728 0.01
r 177.4 0.01 3 22.4006 0.01
r 177.6 0.01 3 22.5284 0.01
r 177.8 0.01 3 22.6569 0.01
r 178 0.01 3 22.7852 0.01
r 178.2 0.01 3 22.9139 0.01
r 178.4 0.01 3 23.0427 0.01
r 178.6 0.01 3 23.1718 0.01
r 178.8 0.01 3 23.3011 0.01
r 179 0.01 3 23.4385 0.01
r 179.2 0.01 3 23.575 0.01
r 179.4 0.01 3 23.6956 0.01
r 179.6 0.01 3 23.8245 0.01
r 179.8 0.01 3 23.9604 0.01
r 180 0.01 3 24.0894 0.01
r 180.2 0.01 3 24.2123 0.01
r 180.4 0.01 3 24.3479 0.01
r 180.6 0.01 3 24.4772 0.01
r 180.8 0.01 3 24.607 0.01
r 181 0.01 3 24.7371 0.01
r 181.2 0.01 3 24.8671 0.01
r 181.4 0.01 3 24.9974 0.01
r 181.6 0.01 3 25.1278 0.01
r 181.8 0.01 3 25.2584 0.01
r 182 0.01 3 25.389 0.01
r 182.2 0.01 3 25.5197 0.01
r 182.4 0.01 3 25.6505 0.01
r 182.6 0.01 3 25.7815 0.01
r 182.8 0.01 3 25.9125 0.01
r 183 0.01 3 26.0436 0.01
r 183.2 0.01 3 26.1747 0.01
r 183.4 0.01 3 26.3059 0.01
r 183.6 0.01 3 26.4371 0.01
r 183.8 0.01 3 26.5699 0.01
r 184 0.01 3 26.7014 0.01
r 184.2 0.01 3 26.8327 0.01
r 184.4 0.01 3 26.9644 0.01
r 184.6 0.01 3 27.0959 0.01
r 184.8 0.01 3 27.2276 0.01
r 185 0.01 3 27.3495 0.01
