10
s 55 3 602
r 35 0.01 2 13.4026 0.01
r 35.2 0.01 2 13.2747 0.01
r 35.4 0.01 2 13.1447 0.01
r 35.6 0.01 2 13.0174 0.01
r 35.8 0.01 2 12.891 0.01
r 36 0.01 2 12.7616 0.01
r 36.2 0.01 2 12.6335 0.01
r 36.4 0.01 2 12.5045 0.01
r 36.6 0.01 2 12.3794 0.01
r 36.8 0.01 2 12.2508 0.01
r 37 0.01 2 12.1192 0.01
r 37.2 0.01 2 11.9907 0.01
r 37.4 0.01 2 11.8619 0.01
r 37.6 0.01 2 11.7332 0.01
r 37.8 0.01 2 11.6048 0.01
r 38 0.01 2 11.4761 0.01
r 38.2 0.01 2 11.3478 0.01
r 38.4 0.01 2 11.2221 0.01
r 38.6 0.01 2 11.0929 0.01
r 38.8 0.01 2 10.9641 0.01
r 39 0.01 2 10.836 0.01
r 39.2 0.01 2 10.7074 0.01
r 39.4 0.01 2 10.5791 0.01
r 39.6 0.01 2 10.4508 0.01
r 39.8 0.01 2 10.3226 0.01
r 40 0.01 2 10.1977 0.01
r 40.2 0.01 2 10.0686 0.01
r 40.4 0.01 2 9.93972 0.01
r 40.6 0.01 2 9.81102 0.01
r 40.8 0.01 2 9.68237 0.01
r 41 0.01 2 9.55359 0.01
r 41.2 0.01 2 9.42537 0.01
r 41.4 0.01 2 9.29711 0.01
r 41.6 0.01 2 9.16892 0.01
r 41.8 0.01 2 9.04072 0.01
r 42 0.01 2 8.91401 0.01
r 42.2 0.01 2 8.78551 0.01
r 42.4 0.01 2 8.65711 0.01
r 42.6 0.01 2 8.52882 0.01
r 42.8 0.01 2 8.40049 0.01
r 43 0.01 2 8.27475 0.01
r 43.2 0.01 2 8.14648 0.01
r 43.4 0.01 2 8.01783 0.01
r 43.6 0.01 2 7.88959 0.01
r 43.8 0.01 2 7.76149 0.01
r 44 0.01 2 7.63358 0.01
r 44.2 0.01 2 7.50572 0.01
r 44.4 0.01 2 7.3781 0.01
r 44.6 0.01 2 7.25058 0.01
r 44.8 0.01 2 7.12325 0.01
r 45 0.01 2 6.99627 0.01
r 45.2 0.01 2 6.86928 0.01
r 45.4 0.01 2 6.7425 0.01
r 45.6 0.01 2 6.61582 0.01
r 45.8 0.01 2 6.48935 0.01
r 46 0.01 2 6.36307 0.01
r 46.2 0.01 2 6.23691 0.01
r 46.4 0.01 2 6.11094 0.01
r 46.6 0.01 2 5.98667 0.01
r 46.8 0.01 2 5.86008 0.01
r 47 0.01 2 5.7341 0.01
r 47.2 0.01 2 5.60896 0.01
r 47.4 0.01 2 5.48407 0.01
r 47.6 0.01 2 5.35948 0.01
r 47.8 0.01 2 5.23527 0.01
r 48 0.01 2 5.11148 0.01
r 48.2 0.01 2 4.9881 0.01
r 48.4 0.01 2 4.8653 0.01
r 48.6 0.01 2 4.74316 0.01
r 48.8 0.01 2 4.62482 0.01
r 49 0.01 2 4.50073 0.01
r 49.2 0.01 2 4.38064 0.01
r 49.4 0.01 2 4.26396 0.01
r 49.6 0.01 2 4.14391 0.01
r 49.8 0.01 2 4.02599 0.01
r 50 0.01 2 3.91081 0.01
r 50.2 0.01 2 3.79511 0.01
r 50.4 0.01 2 3.68159 0.01
r 50.6 0.01 2 3.56952 0.01
r 50.8 0.01 2 3.45906 0.01
r 51 0.01 2 3.35064 0.01
r 51.2 0.01 2 3.24388 0.01
r 51.4 0.01 2 3.13928 0.01
r 51.6 0.01 2 3.03713 0.01
r 51.8 0.01 2 2.93781 0.01
r 52 0.01 2 2.84162 0.01
r 52.2 0.01 2 2.74792 0.01
r 52.4 0.01 2 2.65919 0.01
r 52.6 0.01 2 2.57437 0.01
r 52.8 0.01 2 2.49103 0.01
r 53 0.01 2 2.41387 0.01
r 53.2 0.01 2 2.34203 0.01
r 53.4 0.01 2 2.2757 0.01
r 53.6 0.01 2 2.21565 0.01
r 53.8 0.01 2 2.16232 0.01
r 54 0.01 2 2.11618 0.01
r 54.2 0.01 2 2.07761 0.01
r 54.4 0.01 2 2.04759 0.01
r 54.6 0.01 2 2.02572 0.01
r 54.8 0.01 2 2.01321 0.01
r 55 0.01 2 2.01061 0.01
r 55.2 0.01 2 2.01285 0.01
r 55.4 0.01 2 2.02651 0.01
r 55.6 0.01 2 2.04782 0.01
r 55.8 0.01 2 2.07836 0.01
r 56 0.01 2 2.11711 0.01
r 56.2 0.01 2 2.16364 0.01
r 56.4 0.01 2 2.21755 0.01
r 56.6 0.01 2 2.27825 0.01
r 56.8 0.01 2 2.34531 0.01
r 57 0.01 2 2.41825 0.01
r 57.2 0.01 2 2.49715 0.01
r 57.4 0.01 2 2.57835 0.01
r 57.6 0.01 2 2.66411 0.01
r 57.8 0.01 2 2.75408 0.01
r 58 0.01 2 2.84815 0.01
r 58.2 0.01 2 2.94439 0.01
r 58.4 0.01 2 3.04331 0.01
r 58.6 0.01 2 3.14499 0.01
r 58.8 0.01 2 3.24915 0.01
r 59 0.01 2 3.35776 0.01
r 59.2 0.01 2 3.46554 0.01
r 59.4 0.01 2 3.57164 0.01
r 59.6 0.01 2 3.68435 0.01
r 59.8 0.01 2 3.79404 0.01
r 60 0.01 2 3.90651 0.01
r 60.2 0.01 2 4.02076 0.01
r 60.4 0.01 2 4.13619 0.01
r 60.6 0.01 2 4.25221 0.01
r 60.8 0.01 2 4.36916 0.01
r 61 0.01 2 4.48697 0.01
r 61.2 0.01 2 4.60541 0.01
r 61.4 0.01 2 4.7246 0.01
r 61.6 0.01 2 4.84451 0.01
r 61.8 0.01 2 4.96509 0.01
r 62 0.01 2 5.08624 0.01
r 62.2 0.01 2 5.20788 0.01
r 62.4 0.01 2 5.33003 0.01
r 62.6 0.01 2 5.453 0.01
r 62.8 0.01 2 5.57929 0.01
r 63 0.01 2 5.70066 0.01
r 63.2 0.01 2 5.82847 0.01
r 63.4 0.01 2 5.95226 0.01
r 63.6 0.01 2 6.07662 0.01
r 63.8 0.01 2 6.202 0.01
r 64 0.01 2 6.32828 0.01
r 64.2 0.01 2 6.45529 0.01
r 64.4 0.01 2 6.58298 0.01
r 64.6 0.01 2 6.71124 0.01
r 64.8 0.01 2 6.84 0.01
r 65 0.01 2 6.96366 0.01
r 65.2 0.01 2 7.09472 0.01
r 65.4 0.01 2 7.22084 0.01
r 65.6 0.01 2 7.3475 0.01
r 65.8 0.01 2 7.47482 0.01
r 66 0.01 2 7.60275 0.01
r 66.2 0.01 2 7.73129 0.01
r 66.4 0.01 2 7.86037 0.01
r 66.6 0.01 2 7.98986 0.01
r 66.8 0.01 2 8.1198 0.01
r 67 0.01 2 8.24622 0.01
r 67.2 0.01 2 8.37621 0.01
r 67.4 0.01 2 8.50661 0.01
r 67.6 0.01 2 8.63736 0.01
r 67.8 0.01 2 8.76845 0.01
r 68 0.01 2 8.88427 0.01
r 68.2 0.01 2 9.01302 0.01
r 68.4 0.01 2 9.14135 0.01
r 68.6 0.01 2 9.27017 0.01
r 68.8 0.01 2 9.39839 0.01
r 69 0.01 2 9.52294 0.01
r 69.2 0.01 2 9.65101 0.01
r 69.4 0.01 2 9.77903 0.01
r 69.6 0.01 2 9.90779 0.01
r 69.8 0.01 2 10.0369 0.01
r 70 0.01 2 10.1653 0.01
r 70.2 0.01 2 10.2947 0.01
r 70.4 0.01 2 10.4246 0.01
r 70.6 0.01 2 10.5547 0.01
r 70.8 0.01 2 10.6829 0.01
r 71 0.01 2 10.8135 0.01
r 71.2 0.01 2 10.9448 0.01
r 71.4 0.01 2 11.0764 0.01
r 71.6 0.01 2 11.2083 0.01
r 71.8 0.01 2 11.3406 0.01
r 72 0.01 2 11.4732 0.01
r 72.2 0.01 2 11.6062 0.01
r 72.4 0.01 2 11.7395 0.01
r 72.6 0.01 2 11.8725 0.01
r 72.8 0.01 2 12.0059 0.01
r 73 0.01 2 12.1429 0.01
r 73.2 0.01 2 12.2733 0.01
r 73.4 0.01 2 12.4072 0.01
r 73.6 0.01 2 12.541 0.01
r 73.8 0.01 2 12.675 0.01
r 74 0.01 2 12.809 0.01
r 74.2 0.01 2 12.9425 0.01
r 74.4 0.01 2 13.0746 0.01
r 74.6 0.01 2 13.2052 0.01
r 74.8 0.01 2 13.3364 0.01
r 75 0.01 2 13.4628 0.01
r 15 0.01 3 27.331 0.01
r 15.2 0.01 3 27.203 0.01
r 15.4 0.01 3 27.075 0.01
r 15.6 0.01 3 26.9472 0.01
r 15.8 0.01 3 26.8194 0.01
r 16 0.01 3 26.6917 0.01
r 16.2 0.01 3 26.564 0.01
r 16.4 0.01 3 26.4363 0.01
r 16.6 0.01 3 26.3115 0.01
r 16.8 0.01 3 26.1811 0.01
r 17 0.01 3 26.0495 0.01
r 17.2 0.01 3 25.9222 0.01
r 17.4 0.01 3 25.7948 0.01
r 17.6 0.01 3 25.6674 0.01
r 17.8 0.01 3 25.5402 0.01
r 18 0.01 3 25.4127 0.01
r 18.2 0.01 3 25.2855 0.01
r 18.4 0.01 3 25.1582 0.01
r 18.6 0.01 3 25.031 0.01
r 18.8 0.01 3 24.904 0.01
r 19 0.01 3 24.7889 0.01
r 19.2 0.01 3 24.6621 0.01
r 19.4 0.01 3 24.5351 0.01
r 19.6 0.01 3 24.4144 0.01
r 19.8 0.01 3 24.2812 0.01
r 20 0.01 3 24.1548 0.01
r 20.2 0.01 3 24.0327 0.01
r 20.4 0.01 3 23.9 0.01
r 20.6 0.01 3 23.7736 0.01
r 20.8 0.01 3 23.6467 0.01
r 21 0.01 3 23.5191 0.01
r 21.2 0.01 3 23.3925 0.01
r 21.4 0.01 3 23.2629 0.01
r 21.6 0.01 3 23.1365 0.01
r 21.8 0.01 3 23.0098 0.01
r 22 0.01 3 22.8826 0.01
r 22.2 0.01 3 22.7562 0.01
r 22.4 0.01 3 22.6299 0.01
r 22.6 0.01 3 22.5034 0.01
r 22.8 0.01 3 22.3771 0.01
r 23 0.01 3 22.2505 0.01
r 23.2 0.01 3 22.1237 0.01
r 23.4 0.01 3 21.9975 0.01
r 23.6 0.01 3 21.8714 0.01
r 23.8 0.01 3 21.7452 0.01
r 24 0.01 3 21.6192 0.01
r 24.2 0.01 3 21.493 0.01
r 24.4 0.01 3 21.3692 0.01
r 24.6 0.01 3 21.243 0.01
r 24.8 0.01 3 21.1171 0.01
r 25 0.01 3 20.9913 0.01
r 25.2 0.01 3 20.866 0.01
r 25.4 0.01 3 20.7408 0.01
r 25.6 0.01 3 20.6139 0.01
r 25.8 0.01 3 20.4885 0.01
r 26 0.01 3 20.3632 0.01
r 26.2 0.01 3 20.2382 0.01
r 26.4 0.01 3 20.113 0.01
r 26.6 0.01 3 19.988 0.01
r 26.8 0.01 3 19.8629 0.01
r 27 0.01 3 19.7393 0.01
r 27.2 0.01 3 19.6176 0.01
r 27.4 0.01 3 19.4885 0.01
r 27.6 0.01 3 19.3671 0.01
r 27.8 0.01 3 19.237 0.01
r 28 0.01 3 19.1137 0.01
r 28.2 0.01 3 18.9884 0.01
r 28.4 0.01 3 18.8631 0.01
r 28.6 0.01 3 18.7376 0.01
r 28.8 0.01 3 18.6122 0.01
r 29 0.01 3 18.4862 0.01
r 29.2 0.01 3 18.3616 0.01
r 29.4 0.01 3 18.237 0.01
r 29.6 0.01 3 18.1123 0.01
r 29.8 0.01 3 17.9875 0.01
r 30 0.01 3 17.863 0.01
r 30.2 0.01 3 17.7385 0.01
r 30.4 0.01 3 17.6109 0.01
r 30.6 0.01 3 17.4863 0.01
r 30.8 0.01 3 17.3626 0.01
r 31 0.01 3 17.2397 0.01
r 31.2 0.01 3 17.117 0.01
r 31.4 0.01 3 16.9945 0.01
r 31.6 0.01 3 16.8727 0.01
r 31.8 0.01 3 16.7515 0.01
r 32 0.01 3 16.6305 0.01
r 32.2 0.01 3 16.5099 0.01
r 32.4 0.01 3 16.3896 0.01
r 32.6 0.01 3 16.27 0.01
r 32.8 0.01 3 16.1509 0.01
r 33 0.01 3 16.0197 0.01
r 33.2 0.01 3 15.8937 0.01
r 33.4 0.01 3 15.7684 0.01
r 33.6 0.01 3 15.6432 0.01
r 33.8 0.01 3 15.5182 0.01
r 34 0.01 3 15.3936 0.01
r 34.2 0.01 3 15.2693 0.01
r 34.4 0.01 3 15.1447 0.01
r 34.6 0.01 3 15.0206 0.01
r 34.8 0.01 3 14.8964 0.01
r 35 0.01 3 14.7733 0.01
r 35.2 0.01 3 14.6507 0.01
r 35.4 0.01 3 14.5275 0.01
r 35.6 0.01 3 14.4045 0.01
r 35.8 0.01 3 14.2832 0.01
r 36 0.01 3 14.163 0.01
r 36.2 0.01 3 14.0425 0.01
r 36.4 0.01 3 13.9221 0.01
r 36.6 0.01 3 13.8017 0.01
r 36.8 0.01 3 13.6816 0.01
r 37 0.01 3 13.5518 0.01
r 37.2 0.01 3 13.4298 0.01
r 37.4 0.01 3 13.3149 0.01
r 37.6 0.01 3 13.1934 0.01
r 37.8 0.01 3 13.0721 0.01
r 38 0.01 3 12.9512 0.01
r 38.2 0.01 3 12.8309 0.01
r 38.4 0.01 3 12.7109 0.01
r 38.6 0.01 3 12.5916 0.01
r 38.8 0.01 3 12.4726 0.01
r 39 0.01 3 12.3537 0.01
r 39.2 0.01 3 12.2359 0.01
r 39.4 0.01 3 12.1186 0.01
r 39.6 0.01 3 12.002 0.01
r 39.8 0.01 3 11.886 0.01
r 40 0.01 3 11.7709 0.01
r 40.2 0.01 3 11.6573 0.01
r 40.4 0.01 3 11.542 0.01
r 40.6 0.01 3 11.4371 0.01
r 40.8 0.01 3 11.3121 0.01
r 41 0.01 3 11.1992 0.01
r 41.2 0.01 3 11.0836 0.01
r 41.4 0.01 3 10.9686 0.01
r 41.6 0.01 3 10.8555 0.01
r 41.8 0.01 3 10.7429 0.01
r 42 0.01 3 10.6311 0.01
r 42.2 0.01 3 10.5193 0.01
r 42.4 0.01 3 10.4085 0.01
r 42.6 0.01 3 10.2985 0.01
r 42.8 0.01 3 10.1898 0.01
r 43 0.01 3 10.1077 0.01
r 43.2 0.01 3 9.99746 0.01
r 43.4 0.01 3 9.888 0.01
r 43.6 0.01 3 9.77928 0.01
r 43.8 0.01 3 9.67101 0.01
r 44 0.01 3 9.56267 0.01
r 44.2 0.01 3 9.45563 0.01
r 44.4 0.01 3 9.34981 0.01
r 44.6 0.01 3 9.24559 0.01
r 44.8 0.01 3 9.14258 0.01
r 45 0.01 3 9.1002 0.01
r 45.2 0.01 3 8.99943 0.01
r 45.4 0.01 3 8.90373 0.01
r 45.6 0.01 3 8.78565 0.01
r 45.8 0.01 3 8.67545 0.01
r 46 0.01 3 8.56709 0.01
r 46.2 0.01 3 8.5478 0.01
r 46.4 0.01 3 8.44894 0.01
r 46.6 0.01 3 8.34471 0.01
r 46.8 0.01 3 8.21804 0.01
r 47 0.01 3 8.0978 0.01
r 47.2 0.01 3 8.00781 0.01
r 47.4 0.01 3 7.91951 0.01
r 47.6 0.01 3 7.83036 0.01
r 47.8 0.01 3 7.75276 0.01
r 48 0.01 3 7.66538 0.01
r 48.2 0.01 3 7.58451 0.01
r 48.4 0.01 3 7.50203 0.01
r 48.6 0.01 3 7.41682 0.01
r 48.8 0.01 3 7.35073 0.01
r 49 0.01 3 7.26699 0.01
r 49.2 0.01 3 7.1929 0.01
r 49.4 0.01 3 7.12081 0.01
r 49.6 0.01 3 7.04721 0.01
r 49.8 0.01 3 6.97795 0.01
r 50 0.01 3 6.91183 0.01
r 50.2 0.01 3 6.84811 0.01
r 50.4 0.01 3 6.78484 0.01
r 50.6 0.01 3 6.72877 0.01
r 50.8 0.01 3 6.66752 0.01
r 51 0.01 3 6.61881 0.01
r 51.2 0.01 3 6.55963 0.01
r 51.4 0.01 3 6.50401 0.01
r 51.6 0.01 3 6.45749 0.01
r 51.8 0.01 3 6.40998 0.01
r 52 0.01 3 6.36405 0.01
r 52.2 0.01 3 6.32189 0.01
r 52.4 0.01 3 6.28399 0.01
r 52.6 0.01 3 6.24959 0.01
r 52.8 0.01 3 6.21659 0.01
r 53 0.01 3 6.18194 0.01
r 53.2 0.01 3 6.15487 0.01
r 53.4 0.01 3 6.13366 0.01
r 53.6 0.01 3 6.10656 0.01
r 53.8 0.01 3 6.08731 0.01
r 54 0.01 3 6.07124 0.01
r 54.2 0.01 3 6.05816 0.01
r 54.4 0.01 3 6.04796 0.01
r 54.6 0.01 3 6.0409 0.01
r 54.8 0.01 3 6.03789 0.01
r 55 0.01 3 6.03606 0.01
r 55.2 0.01 3 6.03847 0.01
r 55.4 0.01 3 6.04189 0.01
r 55.6 0.01 3 6.04937 0.01
r 55.8 0.01 3 6.05995 0.01
r 56 0.01 3 6.07354 0.01
r 56.2 0.01 3 6.09036 0.01
r 56.4 0.01 3 6.10982 0.01
r 56.6 0.01 3 6.13855 0.01
r 56.8 0.01 3 6.15924 0.01
r 57 0.01 3 6.18677 0.01
r 57.2 0.01 3 6.21982 0.01
r 57.4 0.01 3 6.25324 0.01
r 57.6 0.01 3 6.28791 0.01
r 57.8 0.01 3 6.32563 0.01
r 58 0.01 3 6.36724 0.01
r 58.2 0.01 3 6.41275 0.01
r 58.4 0.01 3 6.46102 0.01
r 58.6 0.01 3 6.51204 0.01
r 58.8 0.01 3 6.55659 0.01
r 59 0.01 3 6.62283 0.01
r 59.2 0.01 3 6.7159 0.01
r 59.4 0.01 3 6.7876 0.01
r 59.6 0.01 3 6.82037 0.01
r 59.8 0.01 3 6.91019 0.01
r 60 0.01 3 6.9468 0.01
r 60.2 0.01 3 7.02421 0.01
r 60.4 0.01 3 7.0532 0.01
r 60.6 0.01 3 7.14504 0.01
r 60.8 0.01 3 7.22938 0.01
r 61 0.01 3 7.30491 0.01
r 61.2 0.01 3 7.36122 0.01
r 61.4 0.01 3 7.43403 0.01
r 61.6 0.01 3 7.51366 0.01
r 61.8 0.01 3 7.59174 0.01
r 62 0.01 3 7.68145 0.01
r 62.2 0.01 3 7.75953 0.01
r 62.4 0.01 3 7.84673 0.01
r 62.6 0.01 3 7.92587 0.01
r 62.8 0.01 3 8.01315 0.01
r 63 0.01 3 8.1043 0.01
r 63.2 0.01 3 8.19298 0.01
r 63.4 0.01 3 8.28201 0.01
r 63.6 0.01 3 8.37245 0.01
r 63.8 0.01 3 8.46603 0.01
r 64 0.01 3 8.56107 0.01
r 64.2 0.01 3 8.66449 0.01
r 64.4 0.01 3 8.75449 0.01
r 64.6 0.01 3 8.85286 0.01
r 64.8 0.01 3 8.95215 0.01
r 65 0.01 3 9.18353 0.01
r 65.2 0.01 3 9.2812 0.01
r 65.4 0.01 3 9.3685 0.01
r 65.6 0.01 3 9.49958 0.01
r 65.8 0.01 3 9.59212 0.01
r 66 0.01 3 9.69248 0.01
r 66.2 0.01 3 9.73647 0.01
r 66.4 0.01 3 9.88347 0.01
r 66.6 0.01 3 9.93517 0.01
r 66.8 0.01 3 10.036 0.01
r 67 0.01 3 10.1485 0.01
r 67.2 0.01 3 10.245 0.01
r 67.4 0.01 3 10.3602 0.01
r 67.6 0.01 3 10.454 0.01
r 67.8 0.01 3 10.579 0.01
r 68 0.01 3 10.6653 0.01
r 68.2 0.01 3 10.77 0.01
r 68.4 0.01 3 10.8748 0.01
r 68.6 0.01 3 10.9802 0.01
r 68.8 0.01 3 11.0792 0.01
r 69 0.01 3 11.2227 0.01
r 69.2 0.01 3 11.3277 0.01
r 69.4 0.01 3 11.4353 0.01
r 69.6 0.01 3 11.5439 0.01
r 69.8 0.01 3 11.6531 0.01
r 70 0.01 3 11.7635 0.01
r 70.2 0.01 3 11.8734 0.01
r 70.4 0.01 3 11.9984 0.01
r 70.6 0.01 3 12.149 0.01
r 70.8 0.01 3 12.2503 0.01
r 71 0.01 3 12.3749 0.01
r 71.2 0.01 3 12.4823 0.01
r 71.4 0.01 3 12.5904 0.01
r 71.6 0.01 3 12.7006 0.01
r 71.8 0.01 3 12.8121 0.01
r 72 0.01 3 12.9247 0.01
r 72.2 0.01 3 13.0389 0.01
r 72.4 0.01 3 13.1604 0.01
r 72.6 0.01 3 13.277 0.01
r 72.8 0.01 3 13.3943 0.01
r 73 0.01 3 13.5128 0.01
r 73.2 0.01 3 13.6309 0.01
r 73.4 0.01 3 13.7493 0.01
r 73.6 0.01 3 13.8681 0.01
r 73.8 0.01 3 13.9876 0.01
r 74 0.01 3 14.1073 0.01
r 74.2 0.01 3 14.2273 0.01
r 74.4 0.01 3 14.3475 0.01
r 74.6 0.01 3 14.468 0.01
r 74.8 0.01 3 14.5887 0.01
r 75 0.01 3 14.721 0.01
r 75.2 0.01 3 14.8409 0.01
r 75.4 0.01 3 14.9616 0.01
r 75.6 0.01 3 15.0824 0.01
r 75.8 0.01 3 15.204 0.01
r 76 0.01 3 15.326 0.01
r 76.2 0.01 3 15.4484 0.01
r 76.4 0.01 3 15.5713 0.01
r 76.6 0.01 3 15.697 0.01
r 76.8 0.01 3 15.8202 0.01
r 77 0.01 3 15.9669 0.01
r 77.2 0.01 3 16.0862 0.01
r 77.4 0.01 3 16.207 0.01
r 77.6 0.01 3 16.3314 0.01
r 77.8 0.01 3 16.4545 0.01
r 78 0.01 3 16.5776 0.01
r 78.2 0.01 3 16.6999 0.01
r 78.4 0.01 3 16.8231 0.01
r 78.6 0.01 3 16.9428 0.01
r 78.8 0.01 3 17.0683 0.01
r 79 0.01 3 17.2387 0.01
r 79.2 0.01 3 17.3582 0.01
r 79.4 0.01 3 17.4785 0.01
r 79.6 0.01 3 17.6006 0.01
r 79.8 0.01 3 17.7228 0.01
r 80 0.01 3 17.8444 0.01
r 80.2 0.01 3 17.9676 0.01
r 80.4 0.01 3 18.0899 0.01
r 80.6 0.01 3 18.2133 0.01
r 80.8 0.01 3 18.3365 0.01
r 81 0.01 3 18.4601 0.01
r 81.2 0.01 3 18.5837 0.01
r 81.4 0.01 3 18.7074 0.01
r 81.6 0.01 3 18.8368 0.01
r 81.8 0.01 3 18.9602 0.01
r 82 0.01 3 19.083 0.01
r 82.2 0.01 3 19.2063 0.01
r 82.4 0.01 3 19.3298 0.01
r 82.6 0.01 3 19.4536 0.01
r 82.8 0.01 3 19.5776 0.01
r 83 0.01 3 19.7709 0.01
r 83.2 0.01 3 19.8889 0.01
r 83.4 0.01 3 20.0088 0.01
r 83.6 0.01 3 20.1295 0.01
r 83.8 0.01 3 20.2499 0.01
r 84 0.01 3 20.371 0.01
r 84.2 0.01 3 20.4923 0.01
r 84.4 0.01 3 20.6156 0.01
r 84.6 0.01 3 20.7391 0.01
r 84.8 0.01 3 20.8628 0.01
r 85 0.01 3 21.0117 0.01
r 85.2 0.01 3 21.1283 0.01
r 85.4 0.01 3 21.2457 0.01
r 85.6 0.01 3 21.3638 0.01
r 85.8 0.01 3 21.4823 0.01
r 86 0.01 3 21.6004 0.01
r 86.2 0.01 3 21.7186 0.01
r 86.4 0.01 3 21.8367 0.01
r 86.6 0.01 3 21.955 0.01
r 86.8 0.01 3 22.0732 0.01
r 87 0.01 3 22.1912 0.01
r 87.2 0.01 3 22.3098 0.01
r 87.4 0.01 3 22.4284 0.01
r 87.6 0.01 3 22.5472 0.01
r 87.8 0.01 3 22.6663 0.01
r 88 0.01 3 22.7855 0.01
r 88.2 0.01 3 22.9078 0.01
r 88.4 0.01 3 23.0273 0.01
r 88.6 0.01 3 23.1469 0.01
r 88.8 0.01 3 23.2694 0.01
r 89 0.01 3 23.4072 0.01
r 89.2 0.01 3 23.5258 0.01
r 89.4 0.01 3 23.6435 0.01
r 89.6 0.01 3 23.7615 0.01
r 89.8 0.01 3 23.8792 0.01
r 90 0.01 3 23.9966 0.01
r 90.2 0.01 3 24.114 0.01
r 90.4 0.01 3 24.2311 0.01
r 90.6 0.01 3 24.3481 0.01
r 90.8 0.01 3 24.4651 0.01
r 91 0.01 3 24.582 0.01
r 91.2 0.01 3 24.6991 0.01
r 91.4 0.01 3 24.8164 0.01
r 91.6 0.01 3 24.9337 0.01
r 91.8 0.01 3 25.051 0.01
r 92 0.01 3 25.1687 0.01
r 92.2 0.01 3 25.2864 0.01
r 92.4 0.01 3 25.4045 0.01
r 92.6 0.01 3 25.5231 0.01
r 92.8 0.01 3 25.642 0.01
r 93 0.01 3 25.7846 0.01
r 93.2 0.01 3 25.9027 0.01
r 93.4 0.01 3 26.0209 0.01
r 93.6 0.01 3 26.1392 0.01
r 93.8 0.01 3 26.2575 0.01
r 94 0.01 3 26.3758 0.01
r 94.2 0.01 3 26.4939 0.01
r 94.4 0.01 3 26.6117 0.01
r 94.6 0.01 3 26.7297 0.01
r 94.8 0.01 3 26.8472 0.01
r 95 0.01 3 26.9642 0.01
s 65 3 602
r 45 0.01 2 13.4236 0.01
r 45.2 0.01 2 13.295 0.01
r 45.4 0.01 2 13.1644 0.01
r 45.6 0.01 2 13.0358 0.01
r 45.8 0.01 2 12.9068 0.01
r 46 0.01 2 12.7779 0.01
r 46.2 0.01 2 12.6494 0.01
r 46.4 0.01 2 12.5224 0.01
r 46.6 0.01 2 12.3931 0.01
r 46.8 0.01 2 12.2651 0.01
r 47 0.01 2 12.1375 0.01
r 47.2 0.01 2 12.009 0.01
r 47.4 0.01 2 11.8798 0.01
r 47.6 0.01 2 11.7506 0.01
r 47.8 0.01 2 11.6243 0.01
r 48 0.01 2 11.4948 0.01
r 48.2 0.01 2 11.3654 0.01
r 48.4 0.01 2 11.2366 0.01
r 48.6 0.01 2 11.1076 0.01
r 48.8 0.01 2 10.9792 0.01
r 49 0.01 2 10.8543 0.01
r 49.2 0.01 2 10.7241 0.01
r 49.4 0.01 2 10.5953 0.01
r 49.6 0.01 2 10.4664 0.01
r 49.8 0.01 2 10.337 0.01
r 50 0.01 2 10.2081 0.01
r 50.2 0.01 2 10.0795 0.01
r 50.4 0.01 2 9.9508 0.01
r 50.6 0.01 2 9.82204 0.01
r 50.8 0.01 2 9.69348 0.01
r 51 0.01 2 9.56559 0.01
r 51.2 0.01 2 9.43667 0.01
r 51.4 0.01 2 9.3079 0.01
r 51.6 0.01 2 9.17898 0.01
r 51.8 0.01 2 9.05028 0.01
r 52 0.01 2 8.92169 0.01
r 52.2 0.01 2 8.79326 0.01
r 52.4 0.01 2 8.66498 0.01
r 52.6 0.01 2 8.53647 0.01
r 52.8 0.01 2 8.40808 0.01
r 53 0.01 2 8.28073 0.01
r 53.2 0.01 2 8.15235 0.01
r 53.4 0.01 2 8.02387 0.01
r 53.6 0.01 2 7.89588 0.01
r 53.8 0.01 2 7.76763 0.01
r 54 0.01 2 7.63964 0.01
r 54.2 0.01 2 7.51173 0.01
r 54.4 0.01 2 7.38406 0.01
r 54.6 0.01 2 7.25667 0.01
r 54.8 0.01 2 7.12928 0.01
r 55 0.01 2 7.00229 0.01
r 55.2 0.01 2 6.87534 0.01
r 55.4 0.01 2 6.74864 0.01
r 55.6 0.01 2 6.62225 0.01
r 55.8 0.01 2 6.49616 0.01
r 56 0.01 2 6.37293 0.01
r 56.2 0.01 2 6.24636 0.01
r 56.4 0.01 2 6.11991 0.01
r 56.6 0.01 2 5.99378 0.01
r 56.8 0.01 2 5.86841 0.01
r 57 0.01 2 5.74308 0.01
r 57.2 0.01 2 5.61807 0.01
r 57.4 0.01 2 5.49323 0.01
r 57.6 0.01 2 5.36858 0.01
r 57.8 0.01 2 5.24417 0.01
r 58 0.01 2 5.12006 0.01
r 58.2 0.01 2 4.9963 0.01
r 58.4 0.01 2 4.87312 0.01
r 58.6 0.01 2 4.75322 0.01
r 58.8 0.01 2 4.62968 0.01
r 59 0.01 2 4.5075 0.01
r 59.2 0.01 2 4.38933 0.01
r 59.4 0.01 2 4.2681 0.01
r 59.6 0.01 2 4.14864 0.01
r 59.8 0.01 2 4.03142 0.01
r 60 0.01 2 3.91674 0.01
r 60.2 0.01 2 3.79903 0.01
r 60.4 0.01 2 3.68503 0.01
r 60.6 0.01 2 3.57248 0.01
r 60.8 0.01 2 3.46152 0.01
r 61 0.01 2 3.35265 0.01
r 61.2 0.01 2 3.24543 0.01
r 61.4 0.01 2 3.14053 0.01
r 61.6 0.01 2 3.03799 0.01
r 61.8 0.01 2 2.93796 0.01
r 62 0.01 2 2.84133 0.01
r 62.2 0.01 2 2.74799 0.01
r 62.4 0.01 2 2.65824 0.01
r 62.6 0.01 2 2.57229 0.01
r 62.8 0.01 2 2.4905 0.01
r 63 0.01 2 2.41373 0.01
r 63.2 0.01 2 2.34202 0.01
r 63.4 0.01 2 2.2757 0.01
r 63.6 0.01 2 2.21571 0.01
r 63.8 0.01 2 2.16255 0.01
r 64 0.01 2 2.11656 0.01
r 64.2 0.01 2 2.07809 0.01
r 64.4 0.01 2 2.04817 0.01
r 64.6 0.01 2 2.0265 0.01
r 64.8 0.01 2 2.0141 0.01
r 65 0.01 2 2.01122 0.01
r 65.2 0.01 2 2.01398 0.01
r 65.4 0.01 2 2.02793 0.01
r 65.6 0.01 2 2.04919 0.01
r 65.8 0.01 2 2.07989 0.01
r 66 0.01 2 2.11884 0.01
r 66.2 0.01 2 2.16542 0.01
r 66.4 0.01 2 2.21926 0.01
r 66.6 0.01 2 2.2798 0.01
r 66.8 0.01 2 2.34681 0.01
r 67 0.01 2 2.41957 0.01
r 67.2 0.01 2 2.49717 0.01
r 67.4 0.01 2 2.57924 0.01
r 67.6 0.01 2 2.6658 0.01
r 67.8 0.01 2 2.75679 0.01
r 68 0.01 2 2.8512 0.01
r 68.2 0.01 2 2.94778 0.01
r 68.4 0.01 2 3.04712 0.01
r 68.6 0.01 2 3.1494 0.01
r 68.8 0.01 2 3.25459 0.01
r 69 0.01 2 3.36347 0.01
r 69.2 0.01 2 3.4723 0.01
r 69.4 0.01 2 3.58321 0.01
r 69.6 0.01 2 3.69358 0.01
r 69.8 0.01 2 3.80609 0.01
r 70 0.01 2 3.92067 0.01
r 70.2 0.01 2 4.03658 0.01
r 70.4 0.01 2 4.15426 0.01
r 70.6 0.01 2 4.27304 0.01
r 70.8 0.01 2 4.39316 0.01
r 71 0.01 2 4.51425 0.01
r 71.2 0.01 2 4.63635 0.01
r 71.4 0.01 2 4.75947 0.01
r 71.6 0.01 2 4.8834 0.01
r 71.8 0.01 2 5.008 0.01
r 72 0.01 2 5.13348 0.01
r 72.2 0.01 2 5.25957 0.01
r 72.4 0.01 2 5.38629 0.01
r 72.6 0.01 2 5.51359 0.01
r 72.8 0.01 2 5.64412 0.01
r 73 0.01 2 5.76984 0.01
r 73.2 0.01 2 5.89842 0.01
r 73.4 0.01 2 6.02617 0.01
r 73.6 0.01 2 6.15371 0.01
r 73.8 0.01 2 6.28085 0.01
r 74 0.01 2 6.4112 0.01
r 74.2 0.01 2 6.53464 0.01
r 74.4 0.01 2 6.65919 0.01
r 74.6 0.01 2 6.78505 0.01
r 74.8 0.01 2 6.91194 0.01
r 75 0.01 2 7.03458 0.01
r 75.2 0.01 2 7.15974 0.01
r 75.4 0.01 2 7.28508 0.01
r 75.6 0.01 2 7.41159 0.01
r 75.8 0.01 2 7.53662 0.01
r 76 0.01 2 7.66282 0.01
r 76.2 0.01 2 7.78993 0.01
r 76.4 0.01 2 7.91562 0.01
r 76.6 0.01 2 8.04263 0.01
r 76.8 0.01 2 8.17011 0.01
r 77 0.01 2 8.29787 0.01
r 77.2 0.01 2 8.4258 0.01
r 77.4 0.01 2 8.55389 0.01
r 77.6 0.01 2 8.6822 0.01
r 77.8 0.01 2 8.81058 0.01
r 78 0.01 2 8.93912 0.01
r 78.2 0.01 2 9.06786 0.01
r 78.4 0.01 2 9.19665 0.01
r 78.6 0.01 2 9.32554 0.01
r 78.8 0.01 2 9.45457 0.01
r 79 0.01 2 9.58302 0.01
r 79.2 0.01 2 9.7122 0.01
r 79.4 0.01 2 9.8415 0.01
r 79.6 0.01 2 9.97097 0.01
r 79.8 0.01 2 10.1003 0.01
r 80 0.01 2 10.2299 0.01
r 80.2 0.01 2 10.3582 0.01
r 80.4 0.01 2 10.4891 0.01
r 80.6 0.01 2 10.6163 0.01
r 80.8 0.01 2 10.7451 0.01
r 81 0.01 2 10.8734 0.01
r 81.2 0.01 2 11.0017 0.01
r 81.4 0.01 2 11.1292 0.01
r 81.6 0.01 2 11.2563 0.01
r 81.8 0.01 2 11.3829 0.01
r 82 0.01 2 11.5092 0.01
r 82.2 0.01 2 11.6353 0.01
r 82.4 0.01 2 11.7613 0.01
r 82.6 0.01 2 11.8875 0.01
r 82.8 0.01 2 12.0115 0.01
r 83 0.01 2 12.1374 0.01
r 83.2 0.01 2 12.2633 0.01
r 83.4 0.01 2 12.3898 0.01
r 83.6 0.01 2 12.5164 0.01
r 83.8 0.01 2 12.6434 0.01
r 84 0.01 2 12.7712 0.01
r 84.2 0.01 2 12.8991 0.01
r 84.4 0.01 2 13.0273 0.01
r 84.6 0.01 2 13.1561 0.01
r 84.8 0.01 2 13.2853 0.01
r 85 0.01 2 13.4136 0.01
r 25 0.01 3 27.3028 0.01
r 25.2 0.01 3 27.1769 0.01
r 25.4 0.01 3 27.0513 0.01
r 25.6 0.01 3 26.9257 0.01
r 25.8 0.01 3 26.8002 0.01
r 26 0.01 3 26.675 0.01
r 26.2 0.01 3 26.5499 0.01
r 26.4 0.01 3 26.4232 0.01
r 26.6 0.01 3 26.2988 0.01
r 26.8 0.01 3 26.1744 0.01
r 27 0.01 3 26.0453 0.01
r 27.2 0.01 3 25.9199 0.01
r 27.4 0.01 3 25.7943 0.01
r 27.6 0.01 3 25.6682 0.01
r 27.8 0.01 3 25.5374 0.01
r 28 0.01 3 25.4118 0.01
r 28.2 0.01 3 25.2922 0.01
r 28.4 0.01 3 25.1668 0.01
r 28.6 0.01 3 25.0409 0.01
r 28.8 0.01 3 24.9156 0.01
r 29 0.01 3 24.7869 0.01
r 29.2 0.01 3 24.6606 0.01
r 29.4 0.01 3 24.5346 0.01
r 29.6 0.01 3 24.4086 0.01
r 29.8 0.01 3 24.2826 0.01
r 30 0.01 3 24.1567 0.01
r 30.2 0.01 3 24.0306 0.01
r 30.4 0.01 3 23.9045 0.01
r 30.6 0.01 3 23.7786 0.01
r 30.8 0.01 3 23.6524 0.01
r 31 0.01 3 23.5245 0.01
r 31.2 0.01 3 23.398 0.01
r 31.4 0.01 3 23.2715 0.01
r 31.6 0.01 3 23.1451 0.01
r 31.8 0.01 3 23.0187 0.01
r 32 0.01 3 22.8922 0.01
r 32.2 0.01 3 22.7656 0.01
r 32.4 0.01 3 22.639 0.01
r 32.6 0.01 3 22.5125 0.01
r 32.8 0.01 3 22.3856 0.01
r 33 0.01 3 22.2584 0.01
r 33.2 0.01 3 22.1318 0.01
r 33.4 0.01 3 22.0051 0.01
r 33.6 0.01 3 21.8785 0.01
r 33.8 0.01 3 21.752 0.01
r 34 0.01 3 21.6258 0.01
r 34.2 0.01 3 21.5001 0.01
r 34.4 0.01 3 21.3749 0.01
r 34.6 0.01 3 21.2473 0.01
r 34.8 0.01 3 21.1216 0.01
r 35 0.01 3 20.9985 0.01
r 35.2 0.01 3 20.8724 0.01
r 35.4 0.01 3 20.7462 0.01
r 35.6 0.01 3 20.6199 0.01
r 35.8 0.01 3 20.4934 0.01
r 36 0.01 3 20.3668 0.01
r 36.2 0.01 3 20.2399 0.01
r 36.4 0.01 3 20.1131 0.01
r 36.6 0.01 3 19.9862 0.01
r 36.8 0.01 3 19.8593 0.01
r 37 0.01 3 19.7369 0.01
r 37.2 0.01 3 19.6094 0.01
r 37.4 0.01 3 19.4828 0.01
r 37.6 0.01 3 19.3571 0.01
r 37.8 0.01 3 19.2271 0.01
r 38 0.01 3 19.1018 0.01
r 38.2 0.01 3 18.9762 0.01
r 38.4 0.01 3 18.8512 0.01
r 38.6 0.01 3 18.7266 0.01
r 38.8 0.01 3 18.596 0.01
r 39 0.01 3 18.4838 0.01
r 39.2 0.01 3 18.3572 0.01
r 39.4 0.01 3 18.2308 0.01
r 39.6 0.01 3 18.1049 0.01
r 39.8 0.01 3 17.9795 0.01
r 40 0.01 3 17.8495 0.01
r 40.2 0.01 3 17.7235 0.01
r 40.4 0.01 3 17.5974 0.01
r 40.6 0.01 3 17.4712 0.01
r 40.8 0.01 3 17.3461 0.01
r 41 0.01 3 17.2253 0.01
r 41.2 0.01 3 17.0991 0.01
r 41.4 0.01 3 16.9732 0.01
r 41.6 0.01 3 16.8476 0.01
r 41.8 0.01 3 16.7225 0.01
r 42 0.01 3 16.5975 0.01
r 42.2 0.01 3 16.473 0.01
r 42.4 0.01 3 16.3488 0.01
r 42.6 0.01 3 16.2254 0.01
r 42.8 0.01 3 16.0979 0.01
r 43 0.01 3 15.9746 0.01
r 43.2 0.01 3 15.851 0.01
r 43.4 0.01 3 15.7278 0.01
r 43.6 0.01 3 15.6049 0.01
r 43.8 0.01 3 15.4794 0.01
r 44 0.01 3 15.3563 0.01
r 44.2 0.01 3 15.2343 0.01
r 44.4 0.01 3 15.1135 0.01
r 44.6 0.01 3 14.9936 0.01
r 44.8 0.01 3 14.8741 0.01
r 45 0.01 3 14.7708 0.01
r 45.2 0.01 3 14.6448 0.01
r 45.4 0.01 3 14.5196 0.01
r 45.6 0.01 3 14.3941 0.01
r 45.8 0.01 3 14.2692 0.01
r 46 0.01 3 14.1447 0.01
r 46.2 0.01 3 14.0201 0.01
r 46.4 0.01 3 13.896 0.01
r 46.6 0.01 3 13.7787 0.01
r 46.8 0.01 3 13.6554 0.01
r 47 0.01 3 13.5339 0.01
r 47.2 0.01 3 13.4108 0.01
r 47.4 0.01 3 13.2882 0.01
r 47.6 0.01 3 13.1661 0.01
r 47.8 0.01 3 13.0445 0.01
r 48 0.01 3 12.9236 0.01
r 48.2 0.01 3 12.8031 0.01
r 48.4 0.01 3 12.6835 0.01
r 48.6 0.01 3 12.5627 0.01
r 48.8 0.01 3 12.4436 0.01
r 49 0.01 3 12.3802 0.01
r 49.2 0.01 3 12.2574 0.01
r 49.4 0.01 3 12.1352 0.01
r 49.6 0.01 3 12.0136 0.01
r 49.8 0.01 3 11.8921 0.01
r 50 0.01 3 11.7717 0.01
r 50.2 0.01 3 11.6527 0.01
r 50.4 0.01 3 11.5335 0.01
r 50.6 0.01 3 11.4162 0.01
r 50.8 0.01 3 11.2993 0.01
r 51 0.01 3 11.1586 0.01
r 51.2 0.01 3 11.047 0.01
r 51.4 0.01 3 10.9343 0.01
r 51.6 0.01 3 10.8355 0.01
r 51.8 0.01 3 10.7165 0.01
r 52 0.01 3 10.604 0.01
r 52.2 0.01 3 10.4925 0.01
r 52.4 0.01 3 10.3885 0.01
r 52.6 0.01 3 10.2758 0.01
r 52.8 0.01 3 10.1664 0.01
r 53 0.01 3 10.0592 0.01
r 53.2 0.01 3 9.95223 0.01
r 53.4 0.01 3 9.84637 0.01
r 53.6 0.01 3 9.74108 0.01
r 53.8 0.01 3 9.637 0.01
r 54 0.01 3 9.53394 0.01
r 54.2 0.01 3 9.43159 0.01
r 54.4 0.01 3 9.32991 0.01
r 54.6 0.01 3 9.23026 0.01
r 54.8 0.01 3 9.13317 0.01
r 55 0.01 3 9.02447 0.01
r 55.2 0.01 3 8.92546 0.01
r 55.4 0.01 3 8.82845 0.01
r 55.6 0.01 3 8.73267 0.01
r 55.8 0.01 3 8.63698 0.01
r 56 0.01 3 8.54283 0.01
r 56.2 0.01 3 8.45173 0.01
r 56.4 0.01 3 8.36246 0.01
r 56.6 0.01 3 8.28067 0.01
r 56.8 0.01 3 8.19743 0.01
r 57 0.01 3 8.12548 0.01
r 57.2 0.01 3 8.03262 0.01
r 57.4 0.01 3 7.93694 0.01
r 57.6 0.01 3 7.83531 0.01
r 57.8 0.01 3 7.75499 0.01
r 58 0.01 3 7.69072 0.01
r 58.2 0.01 3 7.58748 0.01
r 58.4 0.01 3 7.50962 0.01
r 58.6 0.01 3 7.43219 0.01
r 58.8 0.01 3 7.3574 0.01
r 59 0.01 3 7.26953 0.01
r 59.2 0.01 3 7.19417 0.01
r 59.4 0.01 3 7.12336 0.01
r 59.6 0.01 3 7.04972 0.01
r 59.8 0.01 3 6.9813 0.01
r 60 0.01 3 6.91769 0.01
r 60.2 0.01 3 6.85083 0.01
r 60.4 0.01 3 6.80721 0.01
r 60.6 0.01 3 6.73183 0.01
r 60.8 0.01 3 6.67157 0.01
r 61 0.01 3 6.62264 0.01
r 61.2 0.01 3 6.56307 0.01
r 61.4 0.01 3 6.508 0.01
r 61.6 0.01 3 6.45754 0.01
r 61.8 0.01 3 6.41317 0.01
r 62 0.01 3 6.3669 0.01
r 62.2 0.01 3 6.32447 0.01
r 62.4 0.01 3 6.28659 0.01
r 62.6 0.01 3 6.25205 0.01
r 62.8 0.01 3 6.21884 0.01
r 63 0.01 3 6.18388 0.01
r 63.2 0.01 3 6.15676 0.01
r 63.4 0.01 3 6.13549 0.01
r 63.6 0.01 3 6.10842 0.01
r 63.8 0.01 3 6.0891 0.01
r 64 0.01 3 6.07321 0.01
r 64.2 0.01 3 6.06035 0.01
r 64.4 0.01 3 6.0503 0.01
r 64.6 0.01 3 6.04339 0.01
r 64.8 0.01 3 6.04055 0.01
r 65 0.01 3 6.04026 0.01
r 65.2 0.01 3 6.04169 0.01
r 65.4 0.01 3 6.04536 0.01
r 65.6 0.01 3 6.05293 0.01
r 65.8 0.01 3 6.06369 0.01
r 66 0.01 3 6.07748 0.01
r 66.2 0.01 3 6.09427 0.01
r 66.4 0.01 3 6.11415 0.01
r 66.6 0.01 3 6.14265 0.01
r 66.8 0.01 3 6.16342 0.01
r 67 0.01 3 6.1907 0.01
r 67.2 0.01 3 6.22446 0.01
r 67.4 0.01 3 6.2559 0.01
r 67.6 0.01 3 6.29276 0.01
r 67.8 0.01 3 6.33058 0.01
r 68 0.01 3 6.3722 0.01
r 68.2 0.01 3 6.41792 0.01
r 68.4 0.01 3 6.46661 0.01
r 68.6 0.01 3 6.51859 0.01
r 68.8 0.01 3 6.5631 0.01
r 69 0.01 3 6.61663 0.01
r 69.2 0.01 3 6.67425 0.01
r 69.4 0.01 3 6.73539 0.01
r 69.6 0.01 3 6.79383 0.01
r 69.8 0.01 3 6.85375 0.01
r 70 0.01 3 6.91836 0.01
r 70.2 0.01 3 6.98598 0.01
r 70.4 0.01 3 7.05825 0.01
r 70.6 0.01 3 7.12904 0.01
r 70.8 0.01 3 7.20202 0.01
r 71 0.01 3 7.31246 0.01
r 71.2 0.01 3 7.36914 0.01
r 71.4 0.01 3 7.4426 0.01
r 71.6 0.01 3 7.55735 0.01
r 71.8 0.01 3 7.60276 0.01
r 72 0.01 3 7.70133 0.01
r 72.2 0.01 3 7.77269 0.01
r 72.4 0.01 3 7.85934 0.01
r 72.6 0.01 3 7.94248 0.01
r 72.8 0.01 3 8.02554 0.01
r 73 0.01 3 8.11679 0.01
r 73.2 0.01 3 8.20624 0.01
r 73.4 0.01 3 8.29426 0.01
r 73.6 0.01 3 8.3867 0.01
r 73.8 0.01 3 8.48132 0.01
r 74 0.01 3 8.57762 0.01
r 74.2 0.01 3 8.6817 0.01
r 74.4 0.01 3 8.78377 0.01
r 74.6 0.01 3 8.87313 0.01
r 74.8 0.01 3 8.97377 0.01
r 75 0.01 3 9.06436 0.01
r 75.2 0.01 3 9.16575 0.01
r 75.4 0.01 3 9.26763 0.01
r 75.6 0.01 3 9.37417 0.01
r 75.8 0.01 3 9.47999 0.01
r 76 0.01 3 9.58258 0.01
r 76.2 0.01 3 9.68446 0.01
r 76.4 0.01 3 9.79778 0.01
r 76.6 0.01 3 9.9064 0.01
r 76.8 0.01 3 10.0049 0.01
r 77 0.01 3 10.1207 0.01
r 77.2 0.01 3 10.2231 0.01
r 77.4 0.01 3 10.3266 0.01
r 77.6 0.01 3 10.4315 0.01
r 77.8 0.01 3 10.5376 0.01
r 78 0.01 3 10.6452 0.01
r 78.2 0.01 3 10.7542 0.01
r 78.4 0.01 3 10.864 0.01
r 78.6 0.01 3 10.9748 0.01
r 78.8 0.01 3 11.086 0.01
r 79 0.01 3 11.2004 0.01
r 79.2 0.01 3 11.3123 0.01
r 79.4 0.01 3 11.4256 0.01
r 79.6 0.01 3 11.5405 0.01
r 79.8 0.01 3 11.6577 0.01
r 80 0.01 3 11.771 0.01
r 80.2 0.01 3 11.8977 0.01
r 80.4 0.01 3 12.0038 0.01
r 80.6 0.01 3 12.1345 0.01
r 80.8 0.01 3 12.2537 0.01
r 81 0.01 3 12.3668 0.01
r 81.2 0.01 3 12.4867 0.01
r 81.4 0.01 3 12.6239 0.01
r 81.6 0.01 3 12.7303 0.01
r 81.8 0.01 3 12.8401 0.01
r 82 0.01 3 12.9513 0.01
r 82.2 0.01 3 13.0638 0.01
r 82.4 0.01 3 13.1777 0.01
r 82.6 0.01 3 13.2928 0.01
r 82.8 0.01 3 13.4089 0.01
r 83 0.01 3 13.5272 0.01
r 83.2 0.01 3 13.646 0.01
r 83.4 0.01 3 13.7652 0.01
r 83.6 0.01 3 13.8849 0.01
r 83.8 0.01 3 14.0048 0.01
r 84 0.01 3 14.1255 0.01
r 84.2 0.01 3 14.2474 0.01
r 84.4 0.01 3 14.3687 0.01
r 84.6 0.01 3 14.4903 0.01
r 84.8 0.01 3 14.6122 0.01
r 85 0.01 3 14.7547 0.01
r 85.2 0.01 3 14.8719 0.01
r 85.4 0.01 3 14.9897 0.01
r 85.6 0.01 3 15.1075 0.01
r 85.8 0.01 3 15.2257 0.01
r 86 0.01 3 15.3441 0.01
r 86.2 0.01 3 15.4634 0.01
r 86.4 0.01 3 15.5841 0.01
r 86.6 0.01 3 15.7023 0.01
r 86.8 0.01 3 15.8202 0.01
r 87 0.01 3 15.9667 0.01
r 87.2 0.01 3 16.081 0.01
r 87.4 0.01 3 16.196 0.01
r 87.6 0.01 3 16.3113 0.01
r 87.8 0.01 3 16.4272 0.01
r 88 0.01 3 16.5436 0.01
r 88.2 0.01 3 16.6602 0.01
r 88.4 0.01 3 16.7774 0.01
r 88.6 0.01 3 16.895 0.01
r 88.8 0.01 3 17.0128 0.01
r 89 0.01 3 17.1313 0.01
r 89.2 0.01 3 17.2494 0.01
r 89.4 0.01 3 17.3692 0.01
r 89.6 0.01 3 17.4875 0.01
r 89.8 0.01 3 17.6078 0.01
r 90 0.01 3 17.7326 0.01
r 90.2 0.01 3 17.8435 0.01
r 90.4 0.01 3 17.9609 0.01
r 90.6 0.01 3 18.078 0.01
r 90.8 0.01 3 18.195 0.01
r 91 0.01 3 18.3317 0.01
r 91.2 0.01 3 18.4474 0.01
r 91.4 0.01 3 18.5636 0.01
r 91.6 0.01 3 18.6794 0.01
r 91.8 0.01 3 18.7956 0.01
r 92 0.01 3 18.9121 0.01
r 92.2 0.01 3 19.0366 0.01
r 92.4 0.01 3 19.1504 0.01
r 92.6 0.01 3 19.2782 0.01
r 92.8 0.01 3 19.3862 0.01
r 93 0.01 3 19.5423 0.01
r 93.2 0.01 3 19.666 0.01
r 93.4 0.01 3 19.7859 0.01
r 93.6 0.01 3 19.9054 0.01
r 93.8 0.01 3 20.0097 0.01
r 94 0.01 3 20.1387 0.01
r 94.2 0.01 3 20.2441 0.01
r 94.4 0.01 3 20.3673 0.01
r 94.6 0.01 3 20.4852 0.01
r 94.8 0.01 3 20.596 0.01
r 95 0.01 3 20.7169 0.01
r 95.2 0.01 3 20.8332 0.01
r 95.4 0.01 3 20.9495 0.01
r 95.6 0.01 3 21.0663 0.01
r 95.8 0.01 3 21.1833 0.01
r 96 0.01 3 21.3007 0.01
r 96.2 0.01 3 21.4182 0.01
r 96.4 0.01 3 21.5361 0.01
r 96.6 0.01 3 21.6543 0.01
r 96.8 0.01 3 21.7729 0.01
r 97 0.01 3 21.9222 0.01
r 97.2 0.01 3 22.0395 0.01
r 97.4 0.01 3 22.1571 0.01
r 97.6 0.01 3 22.2749 0.01
r 97.8 0.01 3 22.3929 0.01
r 98 0.01 3 22.5112 0.01
r 98.2 0.01 3 22.6295 0.01
r 98.4 0.01 3 22.7482 0.01
r 98.6 0.01 3 22.8669 0.01
r 98.8 0.01 3 22.9858 0.01
r 99 0.01 3 23.1191 0.01
r 99.2 0.01 3 23.2358 0.01
r 99.4 0.01 3 23.3531 0.01
r 99.6 0.01 3 23.4707 0.01
r 99.8 0.01 3 23.5888 0.01
r 100 0.01 3 23.7065 0.01
r 100.2 0.01 3 23.8248 0.01
r 100.4 0.01 3 23.9428 0.01
r 100.6 0.01 3 24.0611 0.01
r 100.8 0.01 3 24.1797 0.01
r 101 0.01 3 24.2841 0.01
r 101.2 0.01 3 24.402 0.01
r 101.4 0.01 3 24.5198 0.01
r 101.6 0.01 3 24.6379 0.01
r 101.8 0.01 3 24.7557 0.01
r 102 0.01 3 24.8735 0.01
r 102.2 0.01 3 24.9914 0.01
r 102.4 0.01 3 25.1093 0.01
r 102.6 0.01 3 25.2276 0.01
r 102.8 0.01 3 25.3459 0.01
r 103 0.01 3 25.4641 0.01
r 103.2 0.01 3 25.5825 0.01
r 103.4 0.01 3 25.7006 0.01
r 103.6 0.01 3 25.8191 0.01
r 103.8 0.01 3 25.9375 0.01
r 104 0.01 3 26.0557 0.01
r 104.2 0.01 3 26.1739 0.01
r 104.4 0.01 3 26.2922 0.01
r 104.6 0.01 3 26.4104 0.01
r 104.8 0.01 3 26.5285 0.01
r 105 0.01 3 26.6465 0.01
s 75 3 602
r 55 0.01 2 13.4518 0.01
r 55.2 0.01 2 13.3211 0.01
r 55.4 0.01 2 13.1904 0.01
r 55.6 0.01 2 13.0598 0.01
r 55.8 0.01 2 12.9294 0.01
r 56 0.01 2 12.799 0.01
r 56.2 0.01 2 12.6686 0.01
r 56.4 0.01 2 12.5382 0.01
r 56.6 0.01 2 12.4099 0.01
r 56.8 0.01 2 12.279 0.01
r 57 0.01 2 12.1468 0.01
r 57.2 0.01 2 12.0163 0.01
r 57.4 0.01 2 11.8854 0.01
r 57.6 0.01 2 11.7548 0.01
r 57.8 0.01 2 11.6239 0.01
r 58 0.01 2 11.4931 0.01
r 58.2 0.01 2 11.3626 0.01
r 58.4 0.01 2 11.2319 0.01
r 58.6 0.01 2 11.1019 0.01
r 58.8 0.01 2 10.9713 0.01
r 59 0.01 2 10.841 0.01
r 59.2 0.01 2 10.7109 0.01
r 59.4 0.01 2 10.5809 0.01
r 59.6 0.01 2 10.4511 0.01
r 59.8 0.01 2 10.3215 0.01
r 60 0.01 2 10.1921 0.01
r 60.2 0.01 2 10.0628 0.01
r 60.4 0.01 2 9.93373 0.01
r 60.6 0.01 2 9.80487 0.01
r 60.8 0.01 2 9.67624 0.01
r 61 0.01 2 9.5489 0.01
r 61.2 0.01 2 9.42059 0.01
r 61.4 0.01 2 9.2925 0.01
r 61.6 0.01 2 9.1648 0.01
r 61.8 0.01 2 9.03705 0.01
r 62 0.01 2 8.91005 0.01
r 62.2 0.01 2 8.78252 0.01
r 62.4 0.01 2 8.65529 0.01
r 62.6 0.01 2 8.52815 0.01
r 62.8 0.01 2 8.40099 0.01
r 63 0.01 2 8.27534 0.01
r 63.2 0.01 2 8.14751 0.01
r 63.4 0.01 2 8.02001 0.01
r 63.6 0.01 2 7.89224 0.01
r 63.8 0.01 2 7.76451 0.01
r 64 0.01 2 7.64721 0.01
r 64.2 0.01 2 7.51713 0.01
r 64.4 0.01 2 7.38725 0.01
r 64.6 0.01 2 7.25759 0.01
r 64.8 0.01 2 7.12818 0.01
r 65 0.01 2 7.00334 0.01
r 65.2 0.01 2 6.87375 0.01
r 65.4 0.01 2 6.74446 0.01
r 65.6 0.01 2 6.61554 0.01
r 65.8 0.01 2 6.4869 0.01
r 66 0.01 2 6.35882 0.01
r 66.2 0.01 2 6.23118 0.01
r 66.4 0.01 2 6.1041 0.01
r 66.6 0.01 2 5.97763 0.01
r 66.8 0.01 2 5.85182 0.01
r 67 0.01 2 5.72417 0.01
r 67.2 0.01 2 5.59871 0.01
r 67.4 0.01 2 5.47408 0.01
r 67.6 0.01 2 5.34732 0.01
r 67.8 0.01 2 5.22257 0.01
r 68 0.01 2 5.09821 0.01
r 68.2 0.01 2 4.97446 0.01
r 68.4 0.01 2 4.85144 0.01
r 68.6 0.01 2 4.72912 0.01
r 68.8 0.01 2 4.60765 0.01
r 69 0.01 2 4.48721 0.01
r 69.2 0.01 2 4.3676 0.01
r 69.4 0.01 2 4.25171 0.01
r 69.6 0.01 2 4.13268 0.01
r 69.8 0.01 2 4.01582 0.01
r 70 0.01 2 3.90179 0.01
r 70.2 0.01 2 3.78803 0.01
r 70.4 0.01 2 3.67609 0.01
r 70.6 0.01 2 3.56557 0.01
r 70.8 0.01 2 3.45657 0.01
r 71 0.01 2 3.34945 0.01
r 71.2 0.01 2 3.24388 0.01
r 71.4 0.01 2 3.14034 0.01
r 71.6 0.01 2 3.03909 0.01
r 71.8 0.01 2 2.94051 0.01
r 72 0.01 2 2.84513 0.01
r 72.2 0.01 2 2.75201 0.01
r 72.4 0.01 2 2.66339 0.01
r 72.6 0.01 2 2.57823 0.01
r 72.8 0.01 2 2.49715 0.01
r 73 0.01 2 2.41995 0.01
r 73.2 0.01 2 2.34859 0.01
r 73.4 0.01 2 2.2829 0.01
r 73.6 0.01 2 2.22353 0.01
r 73.8 0.01 2 2.17072 0.01
r 74 0.01 2 2.12484 0.01
r 74.2 0.01 2 2.08669 0.01
r 74.4 0.01 2 2.05618 0.01
r 74.6 0.01 2 2.03435 0.01
r 74.8 0.01 2 2.02135 0.01
r 75 0.01 2 2.01973 0.01
r 75.2 0.01 2 2.02422 0.01
r 75.4 0.01 2 2.0369 0.01
r 75.6 0.01 2 2.0581 0.01
r 75.8 0.01 2 2.08901 0.01
r 76 0.01 2 2.12824 0.01
r 76.2 0.01 2 2.1752 0.01
r 76.4 0.01 2 2.22953 0.01
r 76.6 0.01 2 2.29063 0.01
r 76.8 0.01 2 2.35814 0.01
r 77 0.01 2 2.43478 0.01
r 77.2 0.01 2 2.51175 0.01
r 77.4 0.01 2 2.59559 0.01
r 77.6 0.01 2 2.68018 0.01
r 77.8 0.01 2 2.77024 0.01
r 78 0.01 2 2.86452 0.01
r 78.2 0.01 2 2.96223 0.01
r 78.4 0.01 2 3.06292 0.01
r 78.6 0.01 2 3.16584 0.01
r 78.8 0.01 2 3.2713 0.01
r 79 0.01 2 3.38208 0.01
r 79.2 0.01 2 3.49212 0.01
r 79.4 0.01 2 3.60347 0.01
r 79.6 0.01 2 3.71412 0.01
r 79.8 0.01 2 3.82687 0.01
r 80 0.01 2 3.94222 0.01
r 80.2 0.01 2 4.05887 0.01
r 80.4 0.01 2 4.17636 0.01
r 80.6 0.01 2 4.29449 0.01
r 80.8 0.01 2 4.41335 0.01
r 81 0.01 2 4.53301 0.01
r 81.2 0.01 2 4.65286 0.01
r 81.4 0.01 2 4.77319 0.01
r 81.6 0.01 2 4.89338 0.01
r 81.8 0.01 2 5.01518 0.01
r 82 0.01 2 5.13547 0.01
r 82.2 0.01 2 5.25763 0.01
r 82.4 0.01 2 5.37933 0.01
r 82.6 0.01 2 5.50181 0.01
r 82.8 0.01 2 5.62474 0.01
r 83 0.01 2 5.74858 0.01
r 83.2 0.01 2 5.8726 0.01
r 83.4 0.01 2 5.99726 0.01
r 83.6 0.01 2 6.12315 0.01
r 83.8 0.01 2 6.24829 0.01
r 84 0.01 2 6.37429 0.01
r 84.2 0.01 2 6.5009 0.01
r 84.4 0.01 2 6.62816 0.01
r 84.6 0.01 2 6.75572 0.01
r 84.8 0.01 2 6.88379 0.01
r 85 0.01 2 7.01208 0.01
r 85.2 0.01 2 7.14037 0.01
r 85.4 0.01 2 7.26841 0.01
r 85.6 0.01 2 7.3961 0.01
r 85.8 0.01 2 7.52349 0.01
r 86 0.01 2 7.65005 0.01
r 86.2 0.01 2 7.77695 0.01
r 86.4 0.01 2 7.90151 0.01
r 86.6 0.01 2 8.02512 0.01
r 86.8 0.01 2 8.14831 0.01
r 87 0.01 2 8.27092 0.01
r 87.2 0.01 2 8.39287 0.01
r 87.4 0.01 2 8.51446 0.01
r 87.6 0.01 2 8.63565 0.01
r 87.8 0.01 2 8.75658 0.01
r 88 0.01 2 8.87773 0.01
r 88.2 0.01 2 8.99878 0.01
r 88.4 0.01 2 9.11981 0.01
r 88.6 0.01 2 9.24075 0.01
r 88.8 0.01 2 9.36202 0.01
r 89 0.01 2 9.48286 0.01
r 89.2 0.01 2 9.60382 0.01
r 89.4 0.01 2 9.72444 0.01
r 89.6 0.01 2 9.84502 0.01
r 89.8 0.01 2 9.9653 0.01
r 90 0.01 2 10.0854 0.01
r 90.2 0.01 2 10.205 0.01
r 90.4 0.01 2 10.3245 0.01
r 90.6 0.01 2 10.4434 0.01
r 90.8 0.01 2 10.5621 0.01
r 91 0.01 2 10.6803 0.01
r 91.2 0.01 2 10.7986 0.01
r 91.4 0.01 2 10.917 0.01
r 91.6 0.01 2 11.0352 0.01
r 91.8 0.01 2 11.1535 0.01
r 92 0.01 2 11.2719 0.01
r 92.2 0.01 2 11.3903 0.01
r 92.4 0.01 2 11.5087 0.01
r 92.6 0.01 2 11.6274 0.01
r 92.8 0.01 2 11.7467 0.01
r 93 0.01 2 11.8653 0.01
r 93.2 0.01 2 11.9843 0.01
r 93.4 0.01 2 12.1033 0.01
r 93.6 0.01 2 12.2222 0.01
r 93.8 0.01 2 12.3411 0.01
r 94 0.01 2 12.4597 0.01
r 94.2 0.01 2 12.5783 0.01
r 94.4 0.01 2 12.6966 0.01
r 94.6 0.01 2 12.8149 0.01
r 94.8 0.01 2 12.9325 0.01
r 95 0.01 2 13.0503 0.01
r 35 0.01 3 27.3527 0.01
r 35.2 0.01 3 27.2261 0.01
r 35.4 0.01 3 27.0987 0.01
r 35.6 0.01 3 26.9725 0.01
r 35.8 0.01 3 26.8453 0.01
r 36 0.01 3 26.7185 0.01
r 36.2 0.01 3 26.5911 0.01
r 36.4 0.01 3 26.4605 0.01
r 36.6 0.01 3 26.3359 0.01
r 36.8 0.01 3 26.208 0.01
r 37 0.01 3 26.0797 0.01
r 37.2 0.01 3 25.9512 0.01
r 37.4 0.01 3 25.823 0.01
r 37.6 0.01 3 25.6947 0.01
r 37.8 0.01 3 25.5666 0.01
r 38 0.01 3 25.4384 0.01
r 38.2 0.01 3 25.3102 0.01
r 38.4 0.01 3 25.1821 0.01
r 38.6 0.01 3 25.0542 0.01
r 38.8 0.01 3 24.9264 0.01
r 39 0.01 3 24.7971 0.01
r 39.2 0.01 3 24.6688 0.01
r 39.4 0.01 3 24.5406 0.01
r 39.6 0.01 3 24.4124 0.01
r 39.8 0.01 3 24.2843 0.01
r 40 0.01 3 24.156 0.01
r 40.2 0.01 3 24.03 0.01
r 40.4 0.01 3 23.9018 0.01
r 40.6 0.01 3 23.7735 0.01
r 40.8 0.01 3 23.6454 0.01
r 41 0.01 3 23.5157 0.01
r 41.2 0.01 3 23.3891 0.01
r 41.4 0.01 3 23.2612 0.01
r 41.6 0.01 3 23.1329 0.01
r 41.8 0.01 3 23.0047 0.01
r 42 0.01 3 22.8764 0.01
r 42.2 0.01 3 22.7484 0.01
r 42.4 0.01 3 22.6205 0.01
r 42.6 0.01 3 22.4927 0.01
r 42.8 0.01 3 22.3649 0.01
r 43 0.01 3 22.2366 0.01
r 43.2 0.01 3 22.1087 0.01
r 43.4 0.01 3 21.9809 0.01
r 43.6 0.01 3 21.8534 0.01
r 43.8 0.01 3 21.7258 0.01
r 44 0.01 3 21.5984 0.01
r 44.2 0.01 3 21.4711 0.01
r 44.4 0.01 3 21.3439 0.01
r 44.6 0.01 3 21.2168 0.01
r 44.8 0.01 3 21.09 0.01
r 45 0.01 3 20.9634 0.01
r 45.2 0.01 3 20.8369 0.01
r 45.4 0.01 3 20.7107 0.01
r 45.6 0.01 3 20.5852 0.01
r 45.8 0.01 3 20.4604 0.01
r 46 0.01 3 20.3358 0.01
r 46.2 0.01 3 20.2054 0.01
r 46.4 0.01 3 20.0797 0.01
r 46.6 0.01 3 19.9548 0.01
r 46.8 0.01 3 19.8304 0.01
r 47 0.01 3 19.7008 0.01
r 47.2 0.01 3 19.574 0.01
r 47.4 0.01 3 19.448 0.01
r 47.6 0.01 3 19.3219 0.01
r 47.8 0.01 3 19.1962 0.01
r 48 0.01 3 19.0706 0.01
r 48.2 0.01 3 18.9452 0.01
r 48.4 0.01 3 18.8202 0.01
r 48.6 0.01 3 18.6957 0.01
r 48.8 0.01 3 18.5715 0.01
r 49 0.01 3 18.4475 0.01
r 49.2 0.01 3 18.3245 0.01
r 49.4 0.01 3 18.2016 0.01
r 49.6 0.01 3 18.0784 0.01
r 49.8 0.01 3 17.9543 0.01
r 50 0.01 3 17.8314 0.01
r 50.2 0.01 3 17.7097 0.01
r 50.4 0.01 3 17.5898 0.01
r 50.6 0.01 3 17.4701 0.01
r 50.8 0.01 3 17.3519 0.01
r 51 0.01 3 17.1967 0.01
r 51.2 0.01 3 17.0738 0.01
r 51.4 0.01 3 16.9523 0.01
r 51.6 0.01 3 16.8325 0.01
r 51.8 0.01 3 16.7074 0.01
r 52 0.01 3 16.5806 0.01
r 52.2 0.01 3 16.4606 0.01
r 52.4 0.01 3 16.3413 0.01
r 52.6 0.01 3 16.2223 0.01
r 52.8 0.01 3 16.1038 0.01
r 53 0.01 3 15.9595 0.01
r 53.2 0.01 3 15.8368 0.01
r 53.4 0.01 3 15.715 0.01
r 53.6 0.01 3 15.5942 0.01
r 53.8 0.01 3 15.4741 0.01
r 54 0.01 3 15.3555 0.01
r 54.2 0.01 3 15.237 0.01
r 54.4 0.01 3 15.1193 0.01
r 54.6 0.01 3 14.978 0.01
r 54.8 0.01 3 14.8614 0.01
r 55 0.01 3 14.7447 0.01
r 55.2 0.01 3 14.6299 0.01
r 55.4 0.01 3 14.5153 0.01
r 55.6 0.01 3 14.4018 0.01
r 55.8 0.01 3 14.2896 0.01
r 56 0.01 3 14.1776 0.01
r 56.2 0.01 3 14.0666 0.01
r 56.4 0.01 3 13.957 0.01
r 56.6 0.01 3 13.7982 0.01
r 56.8 0.01 3 13.6768 0.01
r 57 0.01 3 13.5194 0.01
r 57.2 0.01 3 13.3965 0.01
r 57.4 0.01 3 13.275 0.01
r 57.6 0.01 3 13.1555 0.01
r 57.8 0.01 3 13.0365 0.01
r 58 0.01 3 12.918 0.01
r 58.2 0.01 3 12.7993 0.01
r 58.4 0.01 3 12.6807 0.01
r 58.6 0.01 3 12.5636 0.01
r 58.8 0.01 3 12.4452 0.01
r 59 0.01 3 12.5349 0.01
r 59.2 0.01 3 12.4079 0.01
r 59.4 0.01 3 12.2808 0.01
r 59.6 0.01 3 12.1519 0.01
r 59.8 0.01 3 12.022 0.01
r 60 0.01 3 11.8301 0.01
r 60.2 0.01 3 11.7707 0.01
r 60.4 0.01 3 11.6463 0.01
r 60.6 0.01 3 11.4756 0.01
r 60.8 0.01 3 11.3599 0.01
r 61 0.01 3 11.2793 0.01
r 61.2 0.01 3 11.1535 0.01
r 61.4 0.01 3 11.0096 0.01
r 61.6 0.01 3 10.8941 0.01
r 61.8 0.01 3 10.7969 0.01
r 62 0.01 3 10.6578 0.01
r 62.2 0.01 3 10.536 0.01
r 62.4 0.01 3 10.4379 0.01
r 62.6 0.01 3 10.3326 0.01
r 62.8 0.01 3 10.2129 0.01
r 63 0.01 3 10.1006 0.01
r 63.2 0.01 3 9.99805 0.01
r 63.4 0.01 3 9.8887 0.01
r 63.6 0.01 3 9.78098 0.01
r 63.8 0.01 3 9.67248 0.01
r 64 0.01 3 9.56494 0.01
r 64.2 0.01 3 9.45835 0.01
r 64.4 0.01 3 9.353 0.01
r 64.6 0.01 3 9.24942 0.01
r 64.8 0.01 3 9.14706 0.01
r 65 0.01 3 9.04528 0.01
r 65.2 0.01 3 8.94613 0.01
r 65.4 0.01 3 8.84863 0.01
r 65.6 0.01 3 8.75135 0.01
r 65.8 0.01 3 8.65578 0.01
r 66 0.01 3 8.56368 0.01
r 66.2 0.01 3 8.4688 0.01
r 66.4 0.01 3 8.37817 0.01
r 66.6 0.01 3 8.28964 0.01
r 66.8 0.01 3 8.20321 0.01
r 67 0.01 3 8.13164 0.01
r 67.2 0.01 3 8.04594 0.01
r 67.4 0.01 3 7.9471 0.01
r 67.6 0.01 3 7.84881 0.01
r 67.8 0.01 3 7.79817 0.01
r 68 0.01 3 7.6861 0.01
r 68.2 0.01 3 7.61552 0.01
r 68.4 0.01 3 7.53942 0.01
r 68.6 0.01 3 7.45312 0.01
r 68.8 0.01 3 7.37157 0.01
r 69 0.01 3 7.28805 0.01
r 69.2 0.01 3 7.29673 0.01
r 69.4 0.01 3 7.15268 0.01
r 69.6 0.01 3 7.06706 0.01
r 69.8 0.01 3 7.01707 0.01
r 70 0.01 3 6.93989 0.01
r 70.2 0.01 3 6.88453 0.01
r 70.4 0.01 3 6.80599 0.01
r 70.6 0.01 3 6.75201 0.01
r 70.8 0.01 3 6.69087 0.01
r 71 0.01 3 6.6346 0.01
r 71.2 0.01 3 6.57857 0.01
r 71.4 0.01 3 6.53229 0.01
r 71.6 0.01 3 6.48 0.01
r 71.8 0.01 3 6.43247 0.01
r 72 0.01 3 6.38727 0.01
r 72.2 0.01 3 6.34753 0.01
r 72.4 0.01 3 6.31173 0.01
r 72.6 0.01 3 6.26977 0.01
r 72.8 0.01 3 6.23594 0.01
r 73 0.01 3 6.20522 0.01
r 73.2 0.01 3 6.17816 0.01
r 73.4 0.01 3 6.15615 0.01
r 73.6 0.01 3 6.13107 0.01
r 73.8 0.01 3 6.1117 0.01
r 74 0.01 3 6.09669 0.01
r 74.2 0.01 3 6.08443 0.01
r 74.4 0.01 3 6.0747 0.01
r 74.6 0.01 3 6.0696 0.01
r 74.8 0.01 3 6.06515 0.01
r 75 0.01 3 6.06482 0.01
r 75.2 0.01 3 6.06753 0.01
r 75.4 0.01 3 6.07213 0.01
r 75.6 0.01 3 6.08033 0.01
r 75.8 0.01 3 6.09164 0.01
r 76 0.01 3 6.10603 0.01
r 76.2 0.01 3 6.12351 0.01
r 76.4 0.01 3 6.14401 0.01
r 76.6 0.01 3 6.17337 0.01
r 76.8 0.01 3 6.1945 0.01
r 77 0.01 3 6.22175 0.01
r 77.2 0.01 3 6.25324 0.01
r 77.4 0.01 3 6.28685 0.01
r 77.6 0.01 3 6.32362 0.01
r 77.8 0.01 3 6.36658 0.01
r 78 0.01 3 6.4067 0.01
r 78.2 0.01 3 6.45116 0.01
r 78.4 0.01 3 6.49785 0.01
r 78.6 0.01 3 6.54952 0.01
r 78.8 0.01 3 6.59897 0.01
r 79 0.01 3 6.65268 0.01
r 79.2 0.01 3 6.70983 0.01
r 79.4 0.01 3 6.77065 0.01
r 79.6 0.01 3 6.83452 0.01
r 79.8 0.01 3 6.89248 0.01
r 80 0.01 3 6.9821 0.01
r 80.2 0.01 3 7.02141 0.01
r 80.4 0.01 3 7.0907 0.01
r 80.6 0.01 3 7.21192 0.01
r 80.8 0.01 3 7.23221 0.01
r 81 0.01 3 7.33703 0.01
r 81.2 0.01 3 7.40226 0.01
r 81.4 0.01 3 7.45614 0.01
r 81.6 0.01 3 7.54571 0.01
r 81.8 0.01 3 7.63354 0.01
r 82 0.01 3 7.70362 0.01
r 82.2 0.01 3 7.78359 0.01
r 82.4 0.01 3 7.8657 0.01
r 82.6 0.01 3 7.95196 0.01
r 82.8 0.01 3 8.03943 0.01
r 83 0.01 3 8.1667 0.01
r 83.2 0.01 3 8.26753 0.01
r 83.4 0.01 3 8.36143 0.01
r 83.6 0.01 3 8.4677 0.01
r 83.8 0.01 3 8.54617 0.01
r 84 0.01 3 8.61635 0.01
r 84.2 0.01 3 8.6984 0.01
r 84.4 0.01 3 8.80729 0.01
r 84.6 0.01 3 8.91302 0.01
r 84.8 0.01 3 9.0114 0.01
r 85 0.01 3 9.05999 0.01
r 85.2 0.01 3 9.15846 0.01
r 85.4 0.01 3 9.25871 0.01
r 85.6 0.01 3 9.36082 0.01
r 85.8 0.01 3 9.46311 0.01
r 86 0.01 3 9.57166 0.01
r 86.2 0.01 3 9.67095 0.01
r 86.4 0.01 3 9.77453 0.01
r 86.6 0.01 3 9.87897 0.01
r 86.8 0.01 3 9.97664 0.01
r 87 0.01 3 10.223 0.01
r 87.2 0.01 3 10.3344 0.01
r 87.4 0.01 3 10.4048 0.01
r 87.6 0.01 3 10.4966 0.01
r 87.8 0.01 3 10.6388 0.01
r 88 0.01 3 10.6945 0.01
r 88.2 0.01 3 10.8257 0.01
r 88.4 0.01 3 10.9201 0.01
r 88.6 0.01 3 11.007 0.01
r 88.8 0.01 3 11.0955 0.01
r 89 0.01 3 11.1854 0.01
r 89.2 0.01 3 11.2843 0.01
r 89.4 0.01 3 11.3963 0.01
r 89.6 0.01 3 11.4944 0.01
r 89.8 0.01 3 11.5877 0.01
r 90 0.01 3 11.6941 0.01
r 90.2 0.01 3 11.7946 0.01
r 90.4 0.01 3 11.8955 0.01
r 90.6 0.01 3 11.9977 0.01
r 90.8 0.01 3 12.1013 0.01
r 91 0.01 3 12.227 0.01
r 91.2 0.01 3 12.3289 0.01
r 91.4 0.01 3 12.4327 0.01
r 91.6 0.01 3 12.5374 0.01
r 91.8 0.01 3 12.6429 0.01
r 92 0.01 3 12.7474 0.01
r 92.2 0.01 3 12.8597 0.01
r 92.4 0.01 3 12.9627 0.01
r 92.6 0.01 3 13.0744 0.01
r 92.8 0.01 3 13.1837 0.01
r 93 0.01 3 13.3742 0.01
r 93.2 0.01 3 13.5028 0.01
r 93.4 0.01 3 13.5775 0.01
r 93.6 0.01 3 13.7087 0.01
r 93.8 0.01 3 13.804 0.01
r 94 0.01 3 13.9128 0.01
r 94.2 0.01 3 14.0205 0.01
r 94.4 0.01 3 14.1263 0.01
r 94.6 0.01 3 14.2344 0.01
r 94.8 0.01 3 14.3432 0.01
r 95 0.01 3 14.4541 0.01
r 95.2 0.01 3 14.5654 0.01
r 95.4 0.01 3 14.6767 0.01
r 95.6 0.01 3 14.7879 0.01
r 95.8 0.01 3 14.8998 0.01
r 96 0.01 3 15.012 0.01
r 96.2 0.01 3 15.1242 0.01
r 96.4 0.01 3 15.237 0.01
r 96.6 0.01 3 15.3506 0.01
r 96.8 0.01 3 15.4649 0.01
r 97 0.01 3 15.5884 0.01
r 97.2 0.01 3 15.7034 0.01
r 97.4 0.01 3 15.8176 0.01
r 97.6 0.01 3 15.9317 0.01
r 97.8 0.01 3 16.0461 0.01
r 98 0.01 3 16.1605 0.01
r 98.2 0.01 3 16.2753 0.01
r 98.4 0.01 3 16.3904 0.01
r 98.6 0.01 3 16.5058 0.01
r 98.8 0.01 3 16.6217 0.01
r 99 0.01 3 16.8189 0.01
r 99.2 0.01 3 16.9342 0.01
r 99.4 0.01 3 17.0491 0.01
r 99.6 0.01 3 17.1656 0.01
r 99.8 0.01 3 17.2823 0.01
r 100 0.01 3 17.3981 0.01
r 100.2 0.01 3 17.5138 0.01
r 100.4 0.01 3 17.6303 0.01
r 100.6 0.01 3 17.7472 0.01
r 100.8 0.01 3 17.8642 0.01
r 101 0.01 3 17.9777 0.01
r 101.2 0.01 3 18.0962 0.01
r 101.4 0.01 3 18.2146 0.01
r 101.6 0.01 3 18.3333 0.01
r 101.8 0.01 3 18.4509 0.01
r 102 0.01 3 18.5686 0.01
r 102.2 0.01 3 18.6856 0.01
r 102.4 0.01 3 18.8042 0.01
r 102.6 0.01 3 18.9219 0.01
r 102.8 0.01 3 19.0405 0.01
r 103 0.01 3 19.1577 0.01
r 103.2 0.01 3 19.2771 0.01
r 103.4 0.01 3 19.3974 0.01
r 103.6 0.01 3 19.5152 0.01
r 103.8 0.01 3 19.6338 0.01
r 104 0.01 3 19.7528 0.01
r 104.2 0.01 3 19.8695 0.01
r 104.4 0.01 3 19.9874 0.01
r 104.6 0.01 3 20.1052 0.01
r 104.8 0.01 3 20.223 0.01
r 105 0.01 3 20.347 0.01
r 105.2 0.01 3 20.4665 0.01
r 105.4 0.01 3 20.5855 0.01
r 105.6 0.01 3 20.7045 0.01
r 105.8 0.01 3 20.8229 0.01
r 106 0.01 3 20.9413 0.01
r 106.2 0.01 3 21.0599 0.01
r 106.4 0.01 3 21.1785 0.01
r 106.6 0.01 3 21.2972 0.01
r 106.8 0.01 3 21.4162 0.01
r 107 0.01 3 21.5718 0.01
r 107.2 0.01 3 21.6903 0.01
r 107.4 0.01 3 21.8088 0.01
r 107.6 0.01 3 21.9277 0.01
r 107.8 0.01 3 22.0464 0.01
r 108 0.01 3 22.1653 0.01
r 108.2 0.01 3 22.2845 0.01
r 108.4 0.01 3 22.4043 0.01
r 108.6 0.01 3 22.5237 0.01
r 108.8 0.01 3 22.6439 0.01
r 109 0.01 3 22.7617 0.01
r 109.2 0.01 3 22.8805 0.01
r 109.4 0.01 3 22.9994 0.01
r 109.6 0.01 3 23.1185 0.01
r 109.8 0.01 3 23.2378 0.01
r 110 0.01 3 23.3571 0.01
r 110.2 0.01 3 23.4768 0.01
r 110.4 0.01 3 23.5967 0.01
r 110.6 0.01 3 23.7165 0.01
r 110.8 0.01 3 23.8362 0.01
r 111 0.01 3 23.9531 0.01
r 111.2 0.01 3 24.0719 0.01
r 111.4 0.01 3 24.191 0.01
r 111.6 0.01 3 24.3101 0.01
r 111.8 0.01 3 24.4293 0.01
r 112 0.01 3 24.5485 0.01
r 112.2 0.01 3 24.6678 0.01
r 112.4 0.01 3 24.7876 0.01
r 112.6 0.01 3 24.9066 0.01
r 112.8 0.01 3 25.0262 0.01
r 113 0.01 3 25.1464 0.01
r 113.2 0.01 3 25.266 0.01
r 113.4 0.01 3 25.3857 0.01
r 113.6 0.01 3 25.5056 0.01
r 113.8 0.01 3 25.6257 0.01
r 114 0.01 3 25.7457 0.01
r 114.2 0.01 3 25.8662 0.01
r 114.4 0.01 3 25.9869 0.01
r 114.6 0.01 3 26.1078 0.01
r 114.8 0.01 3 26.2288 0.01
r 115 0.01 3 26.3502 0.01
s 85 3 602
r 65 0.01 2 13.3842 0.01
r 65.2 0.01 2 13.2535 0.01
r 65.4 0.01 2 13.1229 0.01
r 65.6 0.01 2 12.9925 0.01
r 65.8 0.01 2 12.8621 0.01
r 66 0.01 2 12.7319 0.01
r 66.2 0.01 2 12.6017 0.01
r 66.4 0.01 2 12.4718 0.01
r 66.6 0.01 2 12.3418 0.01
r 66.8 0.01 2 12.2121 0.01
r 67 0.01 2 12.0827 0.01
r 67.2 0.01 2 11.9532 0.01
r 67.4 0.01 2 11.8237 0.01
r 67.6 0.01 2 11.6945 0.01
r 67.8 0.01 2 11.5652 0.01
r 68 0.01 2 11.436 0.01
r 68.2 0.01 2 11.307 0.01
r 68.4 0.01 2 11.1782 0.01
r 68.6 0.01 2 11.0497 0.01
r 68.8 0.01 2 10.9214 0.01
r 69 0.01 2 10.7935 0.01
r 69.2 0.01 2 10.6658 0.01
r 69.4 0.01 2 10.5383 0.01
r 69.6 0.01 2 10.4112 0.01
r 69.8 0.01 2 10.2846 0.01
r 70 0.01 2 10.1577 0.01
r 70.2 0.01 2 10.0313 0.01
r 70.4 0.01 2 9.90522 0.01
r 70.6 0.01 2 9.77871 0.01
r 70.8 0.01 2 9.65214 0.01
r 71 0.01 2 9.52559 0.01
r 71.2 0.01 2 9.39911 0.01
r 71.4 0.01 2 9.27286 0.01
r 71.6 0.01 2 9.14644 0.01
r 71.8 0.01 2 9.02017 0.01
r 72 0.01 2 8.89401 0.01
r 72.2 0.01 2 8.76779 0.01
r 72.4 0.01 2 8.64144 0.01
r 72.6 0.01 2 8.51528 0.01
r 72.8 0.01 2 8.38909 0.01
r 73 0.01 2 8.2626 0.01
r 73.2 0.01 2 8.13611 0.01
r 73.4 0.01 2 8.00944 0.01
r 73.6 0.01 2 7.88253 0.01
r 73.8 0.01 2 7.75525 0.01
r 74 0.01 2 7.62765 0.01
r 74.2 0.01 2 7.49998 0.01
r 74.4 0.01 2 7.37282 0.01
r 74.6 0.01 2 7.24472 0.01
r 74.8 0.01 2 7.11713 0.01
r 75 0.01 2 6.98977 0.01
r 75.2 0.01 2 6.86296 0.01
r 75.4 0.01 2 6.73502 0.01
r 75.6 0.01 2 6.60828 0.01
r 75.8 0.01 2 6.48161 0.01
r 76 0.01 2 6.35545 0.01
r 76.2 0.01 2 6.22974 0.01
r 76.4 0.01 2 6.10421 0.01
r 76.6 0.01 2 5.97916 0.01
r 76.8 0.01 2 5.85438 0.01
r 77 0.01 2 5.72966 0.01
r 77.2 0.01 2 5.6053 0.01
r 77.4 0.01 2 5.4815 0.01
r 77.6 0.01 2 5.35836 0.01
r 77.8 0.01 2 5.23489 0.01
r 78 0.01 2 5.11212 0.01
r 78.2 0.01 2 4.98978 0.01
r 78.4 0.01 2 4.86851 0.01
r 78.6 0.01 2 4.74538 0.01
r 78.8 0.01 2 4.62394 0.01
r 79 0.01 2 4.50275 0.01
r 79.2 0.01 2 4.38206 0.01
r 79.4 0.01 2 4.26189 0.01
r 79.6 0.01 2 4.14257 0.01
r 79.8 0.01 2 4.02396 0.01
r 80 0.01 2 3.9061 0.01
r 80.2 0.01 2 3.78993 0.01
r 80.4 0.01 2 3.67652 0.01
r 80.6 0.01 2 3.56103 0.01
r 80.8 0.01 2 3.44924 0.01
r 81 0.01 2 3.33916 0.01
r 81.2 0.01 2 3.23133 0.01
r 81.4 0.01 2 3.12571 0.01
r 81.6 0.01 2 3.02284 0.01
r 81.8 0.01 2 2.92277 0.01
r 82 0.01 2 2.82572 0.01
r 82.2 0.01 2 2.73207 0.01
r 82.4 0.01 2 2.64189 0.01
r 82.6 0.01 2 2.55562 0.01
r 82.8 0.01 2 2.47352 0.01
r 83 0.01 2 2.39502 0.01
r 83.2 0.01 2 2.3227 0.01
r 83.4 0.01 2 2.2564 0.01
r 83.6 0.01 2 2.19531 0.01
r 83.8 0.01 2 2.14122 0.01
r 84 0.01 2 2.09395 0.01
r 84.2 0.01 2 2.05444 0.01
r 84.4 0.01 2 2.02315 0.01
r 84.6 0.01 2 2.0002 0.01
r 84.8 0.01 2 1.98603 0.01
r 85 0.01 2 1.98332 0.01
r 85.2 0.01 2 1.98412 0.01
r 85.4 0.01 2 1.99694 0.01
r 85.6 0.01 2 2.01636 0.01
r 85.8 0.01 2 2.04511 0.01
r 86 0.01 2 2.08194 0.01
r 86.2 0.01 2 2.12596 0.01
r 86.4 0.01 2 2.17695 0.01
r 86.6 0.01 2 2.23485 0.01
r 86.8 0.01 2 2.29939 0.01
r 87 0.01 2 2.37192 0.01
r 87.2 0.01 2 2.44266 0.01
r 87.4 0.01 2 2.52517 0.01
r 87.6 0.01 2 2.60555 0.01
r 87.8 0.01 2 2.69062 0.01
r 88 0.01 2 2.78044 0.01
r 88.2 0.01 2 2.87289 0.01
r 88.4 0.01 2 2.96828 0.01
r 88.6 0.01 2 3.06604 0.01
r 88.8 0.01 2 3.16582 0.01
r 89 0.01 2 3.27045 0.01
r 89.2 0.01 2 3.37118 0.01
r 89.4 0.01 2 3.48161 0.01
r 89.6 0.01 2 3.58301 0.01
r 89.8 0.01 2 3.68866 0.01
r 90 0.01 2 3.79649 0.01
r 90.2 0.01 2 3.90512 0.01
r 90.4 0.01 2 4.01483 0.01
r 90.6 0.01 2 4.12525 0.01
r 90.8 0.01 2 4.23647 0.01
r 91 0.01 2 4.34887 0.01
r 91.2 0.01 2 4.46138 0.01
r 91.4 0.01 2 4.57498 0.01
r 91.6 0.01 2 4.68835 0.01
r 91.8 0.01 2 4.80468 0.01
r 92 0.01 2 4.91747 0.01
r 92.2 0.01 2 5.03266 0.01
r 92.4 0.01 2 5.14829 0.01
r 92.6 0.01 2 5.26444 0.01
r 92.8 0.01 2 5.38088 0.01
r 93 0.01 2 5.49817 0.01
r 93.2 0.01 2 5.61526 0.01
r 93.4 0.01 2 5.73234 0.01
r 93.6 0.01 2 5.84955 0.01
r 93.8 0.01 2 5.96713 0.01
r 94 0.01 2 6.08415 0.01
r 94.2 0.01 2 6.20166 0.01
r 94.4 0.01 2 6.31865 0.01
r 94.6 0.01 2 6.436 0.01
r 94.8 0.01 2 6.55307 0.01
r 95 0.01 2 6.67075 0.01
r 95.2 0.01 2 6.78812 0.01
r 95.4 0.01 2 6.90569 0.01
r 95.6 0.01 2 7.02337 0.01
r 95.8 0.01 2 7.14133 0.01
r 96 0.01 2 7.25915 0.01
r 96.2 0.01 2 7.37765 0.01
r 96.4 0.01 2 7.49616 0.01
r 96.6 0.01 2 7.61509 0.01
r 96.8 0.01 2 7.73424 0.01
r 97 0.01 2 7.85382 0.01
r 97.2 0.01 2 7.97347 0.01
r 97.4 0.01 2 8.09319 0.01
r 97.6 0.01 2 8.21289 0.01
r 97.8 0.01 2 8.33355 0.01
r 98 0.01 2 8.45298 0.01
r 98.2 0.01 2 8.57317 0.01
r 98.4 0.01 2 8.69336 0.01
r 98.6 0.01 2 8.8136 0.01
r 98.8 0.01 2 8.9338 0.01
r 99 0.01 2 9.05408 0.01
r 99.2 0.01 2 9.17442 0.01
r 99.4 0.01 2 9.29468 0.01
r 99.6 0.01 2 9.41514 0.01
r 99.8 0.01 2 9.53552 0.01
r 100 0.01 2 9.65602 0.01
r 100.2 0.01 2 9.77662 0.01
r 100.4 0.01 2 9.89766 0.01
r 100.6 0.01 2 10.018 0.01
r 100.8 0.01 2 10.1387 0.01
r 101 0.01 2 10.2594 0.01
r 101.2 0.01 2 10.3802 0.01
r 101.4 0.01 2 10.5008 0.01
r 101.6 0.01 2 10.621 0.01
r 101.8 0.01 2 10.7418 0.01
r 102 0.01 2 10.8623 0.01
r 102.2 0.01 2 10.9825 0.01
r 102.4 0.01 2 11.103 0.01
r 102.6 0.01 2 11.2234 0.01
r 102.8 0.01 2 11.3437 0.01
r 103 0.01 2 11.4641 0.01
r 103.2 0.01 2 11.5843 0.01
r 103.4 0.01 2 11.7043 0.01
r 103.6 0.01 2 11.824 0.01
r 103.8 0.01 2 11.9439 0.01
r 104 0.01 2 12.0637 0.01
r 104.2 0.01 2 12.1835 0.01
r 104.4 0.01 2 12.3029 0.01
r 104.6 0.01 2 12.4223 0.01
r 104.8 0.01 2 12.5414 0.01
r 105 0.01 2 12.6604 0.01
r 45 0.01 3 27.3802 0.01
r 45.2 0.01 3 27.2492 0.01
r 45.4 0.01 3 27.1182 0.01
r 45.6 0.01 3 26.9873 0.01
r 45.8 0.01 3 26.8572 0.01
r 46 0.01 3 26.7275 0.01
r 46.2 0.01 3 26.5981 0.01
r 46.4 0.01 3 26.4687 0.01
r 46.6 0.01 3 26.3403 0.01
r 46.8 0.01 3 26.2113 0.01
r 47 0.01 3 26.0879 0.01
r 47.2 0.01 3 25.9587 0.01
r 47.4 0.01 3 25.83 0.01
r 47.6 0.01 3 25.7011 0.01
r 47.8 0.01 3 25.5727 0.01
r 48 0.01 3 25.4444 0.01
r 48.2 0.01 3 25.3167 0.01
r 48.4 0.01 3 25.1891 0.01
r 48.6 0.01 3 25.0619 0.01
r 48.8 0.01 3 24.9352 0.01
r 49 0.01 3 24.8139 0.01
r 49.2 0.01 3 24.6849 0.01
r 49.4 0.01 3 24.5564 0.01
r 49.6 0.01 3 24.4285 0.01
r 49.8 0.01 3 24.3003 0.01
r 50 0.01 3 24.1729 0.01
r 50.2 0.01 3 24.0462 0.01
r 50.4 0.01 3 23.9191 0.01
r 50.6 0.01 3 23.793 0.01
r 50.8 0.01 3 23.6667 0.01
r 51 0.01 3 23.5425 0.01
r 51.2 0.01 3 23.4151 0.01
r 51.4 0.01 3 23.2881 0.01
r 51.6 0.01 3 23.1616 0.01
r 51.8 0.01 3 23.0359 0.01
r 52 0.01 3 22.9104 0.01
r 52.2 0.01 3 22.7852 0.01
r 52.4 0.01 3 22.6602 0.01
r 52.6 0.01 3 22.5355 0.01
r 52.8 0.01 3 22.4112 0.01
r 53 0.01 3 22.2742 0.01
r 53.2 0.01 3 22.1473 0.01
r 53.4 0.01 3 22.0207 0.01
r 53.6 0.01 3 21.8943 0.01
r 53.8 0.01 3 21.7681 0.01
r 54 0.01 3 21.6423 0.01
r 54.2 0.01 3 21.5167 0.01
r 54.4 0.01 3 21.3914 0.01
r 54.6 0.01 3 21.2665 0.01
r 54.8 0.01 3 21.1415 0.01
r 55 0.01 3 21.0935 0.01
r 55.2 0.01 3 20.9629 0.01
r 55.4 0.01 3 20.8323 0.01
r 55.6 0.01 3 20.7017 0.01
r 55.8 0.01 3 20.5714 0.01
r 56 0.01 3 20.441 0.01
r 56.2 0.01 3 20.3111 0.01
r 56.4 0.01 3 20.1808 0.01
r 56.6 0.01 3 20.0506 0.01
r 56.8 0.01 3 19.9204 0.01
r 57 0.01 3 19.7914 0.01
r 57.2 0.01 3 19.6611 0.01
r 57.4 0.01 3 19.5308 0.01
r 57.6 0.01 3 19.4008 0.01
r 57.8 0.01 3 19.2703 0.01
r 58 0.01 3 19.1399 0.01
r 58.2 0.01 3 19.0099 0.01
r 58.4 0.01 3 18.8804 0.01
r 58.6 0.01 3 18.7508 0.01
r 58.8 0.01 3 18.6215 0.01
r 59 0.01 3 18.5395 0.01
r 59.2 0.01 3 18.4089 0.01
r 59.4 0.01 3 18.2786 0.01
r 59.6 0.01 3 18.1485 0.01
r 59.8 0.01 3 18.0188 0.01
r 60 0.01 3 17.8893 0.01
r 60.2 0.01 3 17.7602 0.01
r 60.4 0.01 3 17.6314 0.01
r 60.6 0.01 3 17.5026 0.01
r 60.8 0.01 3 17.3745 0.01
r 61 0.01 3 17.2483 0.01
r 61.2 0.01 3 17.1207 0.01
r 61.4 0.01 3 16.9928 0.01
r 61.6 0.01 3 16.8659 0.01
r 61.8 0.01 3 16.7393 0.01
r 62 0.01 3 16.6136 0.01
r 62.2 0.01 3 16.4873 0.01
r 62.4 0.01 3 16.3616 0.01
r 62.6 0.01 3 16.236 0.01
r 62.8 0.01 3 16.1108 0.01
r 63 0.01 3 16.5414 0.01
r 63.2 0.01 3 16.1231 0.01
r 63.4 0.01 3 15.987 0.01
r 63.6 0.01 3 15.8924 0.01
r 63.8 0.01 3 15.7609 0.01
r 64 0.01 3 15.6312 0.01
r 64.2 0.01 3 15.7269 0.01
r 64.4 0.01 3 15.3733 0.01
r 64.6 0.01 3 15.3325 0.01
r 64.8 0.01 3 15.1261 0.01
r 65 0.01 3 14.997 0.01
r 65.2 0.01 3 14.8631 0.01
r 65.4 0.01 3 14.9102 0.01
r 65.6 0.01 3 14.7745 0.01
r 65.8 0.01 3 14.462 0.01
r 66 0.01 3 14.3466 0.01
r 66.2 0.01 3 14.2264 0.01
r 66.4 0.01 3 14.2612 0.01
r 66.6 0.01 3 13.9457 0.01
r 66.8 0.01 3 13.817 0.01
r 67 0.01 3 13.6948 0.01
r 67.2 0.01 3 13.5634 0.01
r 67.4 0.01 3 13.4368 0.01
r 67.6 0.01 3 13.3867 0.01
r 67.8 0.01 3 13.1772 0.01
r 68 0.01 3 13.064 0.01
r 68.2 0.01 3 13.0008 0.01
r 68.4 0.01 3 12.8246 0.01
r 68.6 0.01 3 12.7011 0.01
r 68.8 0.01 3 12.576 0.01
r 69 0.01 3 12.4434 0.01
r 69.2 0.01 3 12.3276 0.01
r 69.4 0.01 3 12.2955 0.01
r 69.6 0.01 3 12.2379 0.01
r 69.8 0.01 3 11.9706 0.01
r 70 0.01 3 11.8571 0.01
r 70.2 0.01 3 11.7652 0.01
r 70.4 0.01 3 11.5966 0.01
r 70.6 0.01 3 11.616 0.01
r 70.8 0.01 3 11.3577 0.01
r 71 0.01 3 11.4251 0.01
r 71.2 0.01 3 11.1825 0.01
r 71.4 0.01 3 11.0706 0.01
r 71.6 0.01 3 10.9659 0.01
r 71.8 0.01 3 10.8033 0.01
r 72 0.01 3 10.7503 0.01
r 72.2 0.01 3 10.6338 0.01
r 72.4 0.01 3 10.5227 0.01
r 72.6 0.01 3 10.4004 0.01
r 72.8 0.01 3 10.3191 0.01
r 73 0.01 3 10.1224 0.01
r 73.2 0.01 3 9.99932 0.01
r 73.4 0.01 3 9.92244 0.01
r 73.6 0.01 3 9.78631 0.01
r 73.8 0.01 3 9.7023 0.01
r 74 0.01 3 9.57322 0.01
r 74.2 0.01 3 9.47511 0.01
r 74.4 0.01 3 9.36887 0.01
r 74.6 0.01 3 9.2648 0.01
r 74.8 0.01 3 9.16627 0.01
r 75 0.01 3 9.06177 0.01
r 75.2 0.01 3 8.95941 0.01
r 75.4 0.01 3 8.85985 0.01
r 75.6 0.01 3 8.76193 0.01
r 75.8 0.01 3 8.66478 0.01
r 76 0.01 3 8.56758 0.01
r 76.2 0.01 3 8.48381 0.01
r 76.4 0.01 3 8.37793 0.01
r 76.6 0.01 3 8.28594 0.01
r 76.8 0.01 3 8.19703 0.01
r 77 0.01 3 8.10343 0.01
r 77.2 0.01 3 8.01089 0.01
r 77.4 0.01 3 7.9217 0.01
r 77.6 0.01 3 7.83658 0.01
r 77.8 0.01 3 7.7525 0.01
r 78 0.01 3 7.67299 0.01
r 78.2 0.01 3 7.58783 0.01
r 78.4 0.01 3 7.50499 0.01
r 78.6 0.01 3 7.45412 0.01
r 78.8 0.01 3 7.344 0.01
r 79 0.01 3 7.30434 0.01
r 79.2 0.01 3 7.19866 0.01
r 79.4 0.01 3 7.18469 0.01
r 79.6 0.01 3 7.04333 0.01
r 79.8 0.01 3 6.97517 0.01
r 80 0.01 3 6.90562 0.01
r 80.2 0.01 3 6.83818 0.01
r 80.4 0.01 3 6.77378 0.01
r 80.6 0.01 3 6.71236 0.01
r 80.8 0.01 3 6.65355 0.01
r 81 0.01 3 6.59459 0.01
r 81.2 0.01 3 6.53908 0.01
r 81.4 0.01 3 6.48558 0.01
r 81.6 0.01 3 6.43318 0.01
r 81.8 0.01 3 6.38435 0.01
r 82 0.01 3 6.33766 0.01
r 82.2 0.01 3 6.29399 0.01
r 82.4 0.01 3 6.25366 0.01
r 82.6 0.01 3 6.21281 0.01
r 82.8 0.01 3 6.17677 0.01
r 83 0.01 3 6.14441 0.01
r 83.2 0.01 3 6.11362 0.01
r 83.4 0.01 3 6.08584 0.01
r 83.6 0.01 3 6.05944 0.01
r 83.8 0.01 3 6.03563 0.01
r 84 0.01 3 6.0146 0.01
r 84.2 0.01 3 5.99692 0.01
r 84.4 0.01 3 5.98099 0.01
r 84.6 0.01 3 5.96873 0.01
r 84.8 0.01 3 5.95958 0.01
r 85 0.01 3 5.95382 0.01
r 85.2 0.01 3 5.95129 0.01
r 85.4 0.01 3 5.94966 0.01
r 85.6 0.01 3 5.95194 0.01
r 85.8 0.01 3 5.95738 0.01
r 86 0.01 3 5.96583 0.01
r 86.2 0.01 3 5.97713 0.01
r 86.4 0.01 3 5.99217 0.01
r 86.6 0.01 3 6.01421 0.01
r 86.8 0.01 3 6.03253 0.01
r 87 0.01 3 6.08456 0.01
r 87.2 0.01 3 6.08468 0.01
r 87.4 0.01 3 6.11381 0.01
r 87.6 0.01 3 6.14718 0.01
r 87.8 0.01 3 6.18205 0.01
r 88 0.01 3 6.21908 0.01
r 88.2 0.01 3 6.25974 0.01
r 88.4 0.01 3 6.30114 0.01
r 88.6 0.01 3 6.3457 0.01
r 88.8 0.01 3 6.40084 0.01
r 89 0.01 3 6.44477 0.01
r 89.2 0.01 3 6.49517 0.01
r 89.4 0.01 3 6.54816 0.01
r 89.6 0.01 3 6.60296 0.01
r 89.8 0.01 3 6.66025 0.01
r 90 0.01 3 6.71921 0.01
r 90.2 0.01 3 6.78075 0.01
r 90.4 0.01 3 6.84456 0.01
r 90.6 0.01 3 6.97063 0.01
r 90.8 0.01 3 6.97963 0.01
r 91 0.01 3 7.08694 0.01
r 91.2 0.01 3 7.27736 0.01
r 91.4 0.01 3 7.26826 0.01
r 91.6 0.01 3 7.31538 0.01
r 91.8 0.01 3 7.40002 0.01
r 92 0.01 3 7.49914 0.01
r 92.2 0.01 3 7.55691 0.01
r 92.4 0.01 3 7.67306 0.01
r 92.6 0.01 3 7.77126 0.01
r 92.8 0.01 3 7.8396 0.01
r 93 0.01 3 7.88249 0.01
r 93.2 0.01 3 7.95977 0.01
r 93.4 0.01 3 8.04347 0.01
r 93.6 0.01 3 8.1711 0.01
r 93.8 0.01 3 8.23778 0.01
r 94 0.01 3 8.33797 0.01
r 94.2 0.01 3 8.48953 0.01
r 94.4 0.01 3 8.52176 0.01
r 94.6 0.01 3 8.6142 0.01
r 94.8 0.01 3 8.66655 0.01
r 95 0.01 3 8.78945 0.01
r 95.2 0.01 3 8.88411 0.01
r 95.4 0.01 3 8.9428 0.01
r 95.6 0.01 3 9.03138 0.01
r 95.8 0.01 3 9.13461 0.01
r 96 0.01 3 9.23295 0.01
r 96.2 0.01 3 9.31274 0.01
r 96.4 0.01 3 9.40423 0.01
r 96.6 0.01 3 9.50205 0.01
r 96.8 0.01 3 9.60106 0.01
r 97 0.01 3 9.7108 0.01
r 97.2 0.01 3 9.81074 0.01
r 97.4 0.01 3 9.91496 0.01
r 97.6 0.01 3 10.0171 0.01
r 97.8 0.01 3 10.1178 0.01
r 98 0.01 3 10.218 0.01
r 98.2 0.01 3 10.3213 0.01
r 98.4 0.01 3 10.4263 0.01
r 98.6 0.01 3 10.5324 0.01
r 98.8 0.01 3 10.6387 0.01
r 99 0.01 3 10.7461 0.01
r 99.2 0.01 3 10.8533 0.01
r 99.4 0.01 3 10.9621 0.01
r 99.6 0.01 3 11.072 0.01
r 99.8 0.01 3 11.1825 0.01
r 100 0.01 3 11.2919 0.01
r 100.2 0.01 3 11.4058 0.01
r 100.4 0.01 3 11.5203 0.01
r 100.6 0.01 3 11.6344 0.01
r 100.8 0.01 3 11.7488 0.01
r 101 0.01 3 11.8734 0.01
r 101.2 0.01 3 11.9745 0.01
r 101.4 0.01 3 12.081 0.01
r 101.6 0.01 3 12.1891 0.01
r 101.8 0.01 3 12.2986 0.01
r 102 0.01 3 12.4085 0.01
r 102.2 0.01 3 12.5205 0.01
r 102.4 0.01 3 12.6318 0.01
r 102.6 0.01 3 12.7442 0.01
r 102.8 0.01 3 12.8571 0.01
r 103 0.01 3 12.9568 0.01
r 103.2 0.01 3 13.0667 0.01
r 103.4 0.01 3 13.1777 0.01
r 103.6 0.01 3 13.2905 0.01
r 103.8 0.01 3 13.4023 0.01
r 104 0.01 3 13.514 0.01
r 104.2 0.01 3 13.6264 0.01
r 104.4 0.01 3 13.74 0.01
r 104.6 0.01 3 13.8532 0.01
r 104.8 0.01 3 13.9667 0.01
r 105 0.01 3 14.1018 0.01
r 105.2 0.01 3 14.2141 0.01
r 105.4 0.01 3 14.3278 0.01
r 105.6 0.01 3 14.4425 0.01
r 105.8 0.01 3 14.5575 0.01
r 106 0.01 3 14.6691 0.01
r 106.2 0.01 3 14.7822 0.01
r 106.4 0.01 3 14.8953 0.01
r 106.6 0.01 3 15.0089 0.01
r 106.8 0.01 3 15.123 0.01
r 107 0.01 3 15.2485 0.01
r 107.2 0.01 3 15.3603 0.01
r 107.4 0.01 3 15.4729 0.01
r 107.6 0.01 3 15.5859 0.01
r 107.8 0.01 3 15.6994 0.01
r 108 0.01 3 15.8134 0.01
r 108.2 0.01 3 15.9313 0.01
r 108.4 0.01 3 16.046 0.01
r 108.6 0.01 3 16.161 0.01
r 108.8 0.01 3 16.2764 0.01
r 109 0.01 3 16.3921 0.01
r 109.2 0.01 3 16.5083 0.01
r 109.4 0.01 3 16.6245 0.01
r 109.6 0.01 3 16.7419 0.01
r 109.8 0.01 3 16.859 0.01
r 110 0.01 3 16.9764 0.01
r 110.2 0.01 3 17.0943 0.01
r 110.4 0.01 3 17.2128 0.01
r 110.6 0.01 3 17.3311 0.01
r 110.8 0.01 3 17.4498 0.01
r 111 0.01 3 17.5709 0.01
r 111.2 0.01 3 17.6932 0.01
r 111.4 0.01 3 17.8103 0.01
r 111.6 0.01 3 17.9278 0.01
r 111.8 0.01 3 18.0459 0.01
r 112 0.01 3 18.1636 0.01
r 112.2 0.01 3 18.2812 0.01
r 112.4 0.01 3 18.3992 0.01
r 112.6 0.01 3 18.5175 0.01
r 112.8 0.01 3 18.636 0.01
r 113 0.01 3 18.755 0.01
r 113.2 0.01 3 18.8737 0.01
r 113.4 0.01 3 18.9926 0.01
r 113.6 0.01 3 19.1117 0.01
r 113.8 0.01 3 19.2312 0.01
r 114 0.01 3 19.351 0.01
r 114.2 0.01 3 19.4709 0.01
r 114.4 0.01 3 19.5911 0.01
r 114.6 0.01 3 19.7115 0.01
r 114.8 0.01 3 19.8322 0.01
r 115 0.01 3 19.9449 0.01
r 115.2 0.01 3 20.0651 0.01
r 115.4 0.01 3 20.1857 0.01
r 115.6 0.01 3 20.3067 0.01
r 115.8 0.01 3 20.4281 0.01
r 116 0.01 3 20.5499 0.01
r 116.2 0.01 3 20.6722 0.01
r 116.4 0.01 3 20.7948 0.01
r 116.6 0.01 3 20.918 0.01
r 116.8 0.01 3 21.0415 0.01
r 117 0.01 3 21.1656 0.01
r 117.2 0.01 3 21.2897 0.01
r 117.4 0.01 3 21.4144 0.01
r 117.6 0.01 3 21.5397 0.01
r 117.8 0.01 3 21.6649 0.01
r 118 0.01 3 21.7908 0.01
r 118.2 0.01 3 21.9169 0.01
r 118.4 0.01 3 22.0435 0.01
r 118.6 0.01 3 22.1705 0.01
r 118.8 0.01 3 22.298 0.01
r 119 0.01 3 22.4257 0.01
r 119.2 0.01 3 22.5538 0.01
r 119.4 0.01 3 22.6821 0.01
r 119.6 0.01 3 22.8109 0.01
r 119.8 0.01 3 22.9398 0.01
r 120 0.01 3 23.0688 0.01
r 120.2 0.01 3 23.1978 0.01
r 120.4 0.01 3 23.3273 0.01
r 120.6 0.01 3 23.4571 0.01
r 120.8 0.01 3 23.587 0.01
r 121 0.01 3 23.715 0.01
r 121.2 0.01 3 23.8445 0.01
r 121.4 0.01 3 23.9745 0.01
r 121.6 0.01 3 24.1047 0.01
r 121.8 0.01 3 24.2349 0.01
r 122 0.01 3 24.3654 0.01
r 122.2 0.01 3 24.4961 0.01
r 122.4 0.01 3 24.627 0.01
r 122.6 0.01 3 24.758 0.01
r 122.8 0.01 3 24.8891 0.01
r 123 0.01 3 25.02 0.01
r 123.2 0.01 3 25.1512 0.01
r 123.4 0.01 3 25.2823 0.01
r 123.6 0.01 3 25.4135 0.01
r 123.8 0.01 3 25.5447 0.01
r 124 0.01 3 25.6756 0.01
r 124.2 0.01 3 25.8062 0.01
r 124.4 0.01 3 25.9366 0.01
r 124.6 0.01 3 26.0667 0.01
r 124.8 0.01 3 26.1964 0.01
r 125 0.01 3 26.3241 0.01
s 95 3 602
r 75 0.01 2 13.014 0.01
r 75.2 0.01 2 12.8839 0.01
r 75.4 0.01 2 12.7541 0.01
r 75.6 0.01 2 12.6245 0.01
r 75.8 0.01 2 12.4951 0.01
r 76 0.01 2 12.3661 0.01
r 76.2 0.01 2 12.237 0.01
r 76.4 0.01 2 12.108 0.01
r 76.6 0.01 2 11.9787 0.01
r 76.8 0.01 2 11.8496 0.01
r 77 0.01 2 11.7213 0.01
r 77.2 0.01 2 11.5919 0.01
r 77.4 0.01 2 11.4624 0.01
r 77.6 0.01 2 11.3326 0.01
r 77.8 0.01 2 11.2024 0.01
r 78 0.01 2 11.0722 0.01
r 78.2 0.01 2 10.9417 0.01
r 78.4 0.01 2 10.8111 0.01
r 78.6 0.01 2 10.6805 0.01
r 78.8 0.01 2 10.5497 0.01
r 79 0.01 2 10.4191 0.01
r 79.2 0.01 2 10.2884 0.01
r 79.4 0.01 2 10.158 0.01
r 79.6 0.01 2 10.0277 0.01
r 79.8 0.01 2 9.89775 0.01
r 80 0.01 2 9.76824 0.01
r 80.2 0.01 2 9.63893 0.01
r 80.4 0.01 2 9.50984 0.01
r 80.6 0.01 2 9.38127 0.01
r 80.8 0.01 2 9.25313 0.01
r 81 0.01 2 9.12523 0.01
r 81.2 0.01 2 8.99788 0.01
r 81.4 0.01 2 8.87079 0.01
r 81.6 0.01 2 8.74409 0.01
r 81.8 0.01 2 8.61758 0.01
r 82 0.01 2 8.49165 0.01
r 82.2 0.01 2 8.36539 0.01
r 82.4 0.01 2 8.23964 0.01
r 82.6 0.01 2 8.11427 0.01
r 82.8 0.01 2 7.98925 0.01
r 83 0.01 2 7.86463 0.01
r 83.2 0.01 2 7.74043 0.01
r 83.4 0.01 2 7.61676 0.01
r 83.6 0.01 2 7.49364 0.01
r 83.8 0.01 2 7.37112 0.01
r 84 0.01 2 7.24953 0.01
r 84.2 0.01 2 7.12853 0.01
r 84.4 0.01 2 7.00799 0.01
r 84.6 0.01 2 6.8876 0.01
r 84.8 0.01 2 6.76794 0.01
r 85 0.01 2 6.64858 0.01
r 85.2 0.01 2 6.5296 0.01
r 85.4 0.01 2 6.41067 0.01
r 85.6 0.01 2 6.29205 0.01
r 85.8 0.01 2 6.1731 0.01
r 86 0.01 2 6.05406 0.01
r 86.2 0.01 2 5.93538 0.01
r 86.4 0.01 2 5.81671 0.01
r 86.6 0.01 2 5.69797 0.01
r 86.8 0.01 2 5.57925 0.01
r 87 0.01 2 5.4604 0.01
r 87.2 0.01 2 5.34232 0.01
r 87.4 0.01 2 5.22405 0.01
r 87.6 0.01 2 5.10615 0.01
r 87.8 0.01 2 4.98877 0.01
r 88 0.01 2 4.87174 0.01
r 88.2 0.01 2 4.75552 0.01
r 88.4 0.01 2 4.64041 0.01
r 88.6 0.01 2 4.52404 0.01
r 88.8 0.01 2 4.40946 0.01
r 89 0.01 2 4.29519 0.01
r 89.2 0.01 2 4.18195 0.01
r 89.4 0.01 2 4.06951 0.01
r 89.6 0.01 2 3.95818 0.01
r 89.8 0.01 2 3.84744 0.01
r 90 0.01 2 3.73744 0.01
r 90.2 0.01 2 3.62907 0.01
r 90.4 0.01 2 3.52138 0.01
r 90.6 0.01 2 3.41497 0.01
r 90.8 0.01 2 3.31015 0.01
r 91 0.01 2 3.2066 0.01
r 91.2 0.01 2 3.10487 0.01
r 91.4 0.01 2 3.00536 0.01
r 91.6 0.01 2 2.90832 0.01
r 91.8 0.01 2 2.81346 0.01
r 92 0.01 2 2.72183 0.01
r 92.2 0.01 2 2.63335 0.01
r 92.4 0.01 2 2.54787 0.01
r 92.6 0.01 2 2.46456 0.01
r 92.8 0.01 2 2.38663 0.01
r 93 0.01 2 2.31277 0.01
r 93.2 0.01 2 2.24421 0.01
r 93.4 0.01 2 2.18138 0.01
r 93.6 0.01 2 2.1238 0.01
r 93.8 0.01 2 2.07299 0.01
r 94 0.01 2 2.02958 0.01
r 94.2 0.01 2 1.99199 0.01
r 94.4 0.01 2 1.96296 0.01
r 94.6 0.01 2 1.94195 0.01
r 94.8 0.01 2 1.92962 0.01
r 95 0.01 2 1.92813 0.01
r 95.2 0.01 2 1.93031 0.01
r 95.4 0.01 2 1.94422 0.01
r 95.6 0.01 2 1.96409 0.01
r 95.8 0.01 2 1.99341 0.01
r 96 0.01 2 2.03061 0.01
r 96.2 0.01 2 2.07505 0.01
r 96.4 0.01 2 2.12651 0.01
r 96.6 0.01 2 2.18464 0.01
r 96.8 0.01 2 2.24933 0.01
r 97 0.01 2 2.32282 0.01
r 97.2 0.01 2 2.39302 0.01
r 97.4 0.01 2 2.47343 0.01
r 97.6 0.01 2 2.55642 0.01
r 97.8 0.01 2 2.63903 0.01
r 98 0.01 2 2.72869 0.01
r 98.2 0.01 2 2.82091 0.01
r 98.4 0.01 2 2.91621 0.01
r 98.6 0.01 2 3.01399 0.01
r 98.8 0.01 2 3.11394 0.01
r 99 0.01 2 3.21612 0.01
r 99.2 0.01 2 3.31987 0.01
r 99.4 0.01 2 3.4254 0.01
r 99.6 0.01 2 3.53233 0.01
r 99.8 0.01 2 3.64093 0.01
r 100 0.01 2 3.74953 0.01
r 100.2 0.01 2 3.85977 0.01
r 100.4 0.01 2 3.97084 0.01
r 100.6 0.01 2 4.08284 0.01
r 100.8 0.01 2 4.1956 0.01
r 101 0.01 2 4.3094 0.01
r 101.2 0.01 2 4.42347 0.01
r 101.4 0.01 2 4.53827 0.01
r 101.6 0.01 2 4.65301 0.01
r 101.8 0.01 2 4.77018 0.01
r 102 0.01 2 4.8841 0.01
r 102.2 0.01 2 5.00017 0.01
r 102.4 0.01 2 5.11636 0.01
r 102.6 0.01 2 5.23286 0.01
r 102.8 0.01 2 5.34973 0.01
r 103 0.01 2 5.46706 0.01
r 103.2 0.01 2 5.58444 0.01
r 103.4 0.01 2 5.70163 0.01
r 103.6 0.01 2 5.81907 0.01
r 103.8 0.01 2 5.93676 0.01
r 104 0.01 2 6.05399 0.01
r 104.2 0.01 2 6.17184 0.01
r 104.4 0.01 2 6.2894 0.01
r 104.6 0.01 2 6.4073 0.01
r 104.8 0.01 2 6.52491 0.01
r 105 0.01 2 6.64299 0.01
r 105.2 0.01 2 6.76094 0.01
r 105.4 0.01 2 6.87946 0.01
r 105.6 0.01 2 6.99764 0.01
r 105.8 0.01 2 7.11604 0.01
r 106 0.01 2 7.23447 0.01
r 106.2 0.01 2 7.35315 0.01
r 106.4 0.01 2 7.47217 0.01
r 106.6 0.01 2 7.59141 0.01
r 106.8 0.01 2 7.71099 0.01
r 107 0.01 2 7.83042 0.01
r 107.2 0.01 2 7.95005 0.01
r 107.4 0.01 2 8.06971 0.01
r 107.6 0.01 2 8.18961 0.01
r 107.8 0.01 2 8.30956 0.01
r 108 0.01 2 8.42933 0.01
r 108.2 0.01 2 8.54938 0.01
r 108.4 0.01 2 8.66952 0.01
r 108.6 0.01 2 8.78983 0.01
r 108.8 0.01 2 8.91032 0.01
r 109 0.01 2 9.03097 0.01
r 109.2 0.01 2 9.15177 0.01
r 109.4 0.01 2 9.27269 0.01
r 109.6 0.01 2 9.39374 0.01
r 109.8 0.01 2 9.51496 0.01
r 110 0.01 2 9.63628 0.01
r 110.2 0.01 2 9.75765 0.01
r 110.4 0.01 2 9.87913 0.01
r 110.6 0.01 2 10.0007 0.01
r 110.8 0.01 2 10.1222 0.01
r 111 0.01 2 10.2438 0.01
r 111.2 0.01 2 10.3652 0.01
r 111.4 0.01 2 10.4867 0.01
r 111.6 0.01 2 10.6082 0.01
r 111.8 0.01 2 10.7295 0.01
r 112 0.01 2 10.8507 0.01
r 112.2 0.01 2 10.972 0.01
r 112.4 0.01 2 11.093 0.01
r 112.6 0.01 2 11.214 0.01
r 112.8 0.01 2 11.3349 0.01
r 113 0.01 2 11.4554 0.01
r 113.2 0.01 2 11.576 0.01
r 113.4 0.01 2 11.6965 0.01
r 113.6 0.01 2 11.8171 0.01
r 113.8 0.01 2 11.9377 0.01
r 114 0.01 2 12.0584 0.01
r 114.2 0.01 2 12.1792 0.01
r 114.4 0.01 2 12.3002 0.01
r 114.6 0.01 2 12.4213 0.01
r 114.8 0.01 2 12.5426 0.01
r 115 0.01 2 12.6641 0.01
r 55 0.01 3 27.026 0.01
r 55.2 0.01 3 26.8951 0.01
r 55.4 0.01 3 26.7644 0.01
r 55.6 0.01 3 26.6342 0.01
r 55.8 0.01 3 26.5037 0.01
r 56 0.01 3 26.3733 0.01
r 56.2 0.01 3 26.2426 0.01
r 56.4 0.01 3 26.1126 0.01
r 56.6 0.01 3 25.982 0.01
r 56.8 0.01 3 25.8522 0.01
r 57 0.01 3 25.7413 0.01
r 57.2 0.01 3 25.6101 0.01
r 57.4 0.01 3 25.4788 0.01
r 57.6 0.01 3 25.3475 0.01
r 57.8 0.01 3 25.2163 0.01
r 58 0.01 3 25.0851 0.01
r 58.2 0.01 3 24.9539 0.01
r 58.4 0.01 3 24.8229 0.01
r 58.6 0.01 3 24.6924 0.01
r 58.8 0.01 3 24.5617 0.01
r 59 0.01 3 24.4586 0.01
r 59.2 0.01 3 24.3276 0.01
r 59.4 0.01 3 24.1969 0.01
r 59.6 0.01 3 24.0663 0.01
r 59.8 0.01 3 23.9361 0.01
r 60 0.01 3 23.8061 0.01
r 60.2 0.01 3 23.6762 0.01
r 60.4 0.01 3 23.5468 0.01
r 60.6 0.01 3 23.4177 0.01
r 60.8 0.01 3 23.2888 0.01
r 61 0.01 3 23.28 0.01
r 61.2 0.01 3 23.1494 0.01
r 61.4 0.01 3 23.02 0.01
r 61.6 0.01 3 22.8909 0.01
r 61.8 0.01 3 22.761 0.01
r 62 0.01 3 22.632 0.01
r 62.2 0.01 3 22.5033 0.01
r 62.4 0.01 3 22.3747 0.01
r 62.6 0.01 3 22.2457 0.01
r 62.8 0.01 3 22.117 0.01
r 63 0.01 3 22.0118 0.01
r 63.2 0.01 3 21.8811 0.01
r 63.4 0.01 3 21.7504 0.01
r 63.6 0.01 3 21.6196 0.01
r 63.8 0.01 3 21.4888 0.01
r 64 0.01 3 21.3582 0.01
r 64.2 0.01 3 21.2275 0.01
r 64.4 0.01 3 21.0968 0.01
r 64.6 0.01 3 20.9662 0.01
r 64.8 0.01 3 20.8358 0.01
r 65 0.01 3 20.7107 0.01
r 65.2 0.01 3 20.5803 0.01
r 65.4 0.01 3 20.45 0.01
r 65.6 0.01 3 20.3199 0.01
r 65.8 0.01 3 20.1898 0.01
r 66 0.01 3 20.06 0.01
r 66.2 0.01 3 19.9303 0.01
r 66.4 0.01 3 19.8007 0.01
r 66.6 0.01 3 19.6714 0.01
r 66.8 0.01 3 19.5421 0.01
r 67 0.01 3 19.4814 0.01
r 67.2 0.01 3 19.3526 0.01
r 67.4 0.01 3 19.2246 0.01
r 67.6 0.01 3 19.0959 0.01
r 67.8 0.01 3 18.9677 0.01
r 68 0.01 3 18.8395 0.01
r 68.2 0.01 3 18.708 0.01
r 68.4 0.01 3 18.5826 0.01
r 68.6 0.01 3 18.457 0.01
r 68.8 0.01 3 18.3298 0.01
r 69 0.01 3 18.2038 0.01
r 69.2 0.01 3 18.0769 0.01
r 69.4 0.01 3 17.9429 0.01
r 69.6 0.01 3 17.8233 0.01
r 69.8 0.01 3 17.6978 0.01
r 70 0.01 3 17.5686 0.01
r 70.2 0.01 3 17.4435 0.01
r 70.4 0.01 3 17.3227 0.01
r 70.6 0.01 3 17.1972 0.01
r 70.8 0.01 3 17.0714 0.01
r 71 0.01 3 16.9467 0.01
r 71.2 0.01 3 16.8217 0.01
r 71.4 0.01 3 16.6961 0.01
r 71.6 0.01 3 16.5709 0.01
r 71.8 0.01 3 16.4455 0.01
r 72 0.01 3 16.321 0.01
r 72.2 0.01 3 16.1958 0.01
r 72.4 0.01 3 16.0715 0.01
r 72.6 0.01 3 15.9472 0.01
r 72.8 0.01 3 15.822 0.01
r 73 0.01 3 15.6971 0.01
r 73.2 0.01 3 15.5729 0.01
r 73.4 0.01 3 15.4492 0.01
r 73.6 0.01 3 15.3249 0.01
r 73.8 0.01 3 15.1991 0.01
r 74 0.01 3 15.0745 0.01
r 74.2 0.01 3 14.9512 0.01
r 74.4 0.01 3 14.8264 0.01
r 74.6 0.01 3 14.7027 0.01
r 74.8 0.01 3 14.5787 0.01
r 75 0.01 3 14.4554 0.01
r 75.2 0.01 3 14.3321 0.01
r 75.4 0.01 3 14.2092 0.01
r 75.6 0.01 3 14.0871 0.01
r 75.8 0.01 3 13.965 0.01
r 76 0.01 3 13.8424 0.01
r 76.2 0.01 3 13.7209 0.01
r 76.4 0.01 3 13.5989 0.01
r 76.6 0.01 3 13.4785 0.01
r 76.8 0.01 3 13.3574 0.01
r 77 0.01 3 13.2411 0.01
r 77.2 0.01 3 13.1201 0.01
r 77.4 0.01 3 12.9992 0.01
r 77.6 0.01 3 12.879 0.01
r 77.8 0.01 3 12.7603 0.01
r 78 0.01 3 12.6406 0.01
r 78.2 0.01 3 12.5208 0.01
r 78.4 0.01 3 12.4025 0.01
r 78.6 0.01 3 12.285 0.01
r 78.8 0.01 3 12.1678 0.01
r 79 0.01 3 12.0431 0.01
r 79.2 0.01 3 11.924 0.01
r 79.4 0.01 3 11.8056 0.01
r 79.6 0.01 3 11.6882 0.01
r 79.8 0.01 3 11.5718 0.01
r 80 0.01 3 11.4598 0.01
r 80.2 0.01 3 11.3309 0.01
r 80.4 0.01 3 11.2129 0.01
r 80.6 0.01 3 11.1052 0.01
r 80.8 0.01 3 10.9812 0.01
r 81 0.01 3 10.9276 0.01
r 81.2 0.01 3 10.8063 0.01
r 81.4 0.01 3 10.6856 0.01
r 81.6 0.01 3 10.5653 0.01
r 81.8 0.01 3 10.4441 0.01
r 82 0.01 3 10.3226 0.01
r 82.2 0.01 3 10.2062 0.01
r 82.4 0.01 3 10.0934 0.01
r 82.6 0.01 3 9.97902 0.01
r 82.8 0.01 3 9.8659 0.01
r 83 0.01 3 9.75844 0.01
r 83.2 0.01 3 9.64612 0.01
r 83.4 0.01 3 9.53597 0.01
r 83.6 0.01 3 9.42678 0.01
r 83.8 0.01 3 9.31886 0.01
r 84 0.01 3 9.21199 0.01
r 84.2 0.01 3 9.1076 0.01
r 84.4 0.01 3 9.00365 0.01
r 84.6 0.01 3 8.90108 0.01
r 84.8 0.01 3 8.80019 0.01
r 85 0.01 3 8.78093 0.01
r 85.2 0.01 3 8.6609 0.01
r 85.4 0.01 3 8.56216 0.01
r 85.6 0.01 3 8.46555 0.01
r 85.8 0.01 3 8.36047 0.01
r 86 0.01 3 8.28455 0.01
r 86.2 0.01 3 8.18007 0.01
r 86.4 0.01 3 8.0986 0.01
r 86.6 0.01 3 7.99411 0.01
r 86.8 0.01 3 7.90131 0.01
r 87 0.01 3 7.77469 0.01
r 87.2 0.01 3 7.70132 0.01
r 87.4 0.01 3 7.60037 0.01
r 87.6 0.01 3 7.51513 0.01
r 87.8 0.01 3 7.45534 0.01
r 88 0.01 3 7.35354 0.01
r 88.2 0.01 3 7.27737 0.01
r 88.4 0.01 3 7.19577 0.01
r 88.6 0.01 3 7.12573 0.01
r 88.8 0.01 3 7.05687 0.01
r 89 0.01 3 6.96384 0.01
r 89.2 0.01 3 6.88981 0.01
r 89.4 0.01 3 6.8644 0.01
r 89.6 0.01 3 6.75516 0.01
r 89.8 0.01 3 6.68788 0.01
r 90 0.01 3 6.6196 0.01
r 90.2 0.01 3 6.56033 0.01
r 90.4 0.01 3 6.50241 0.01
r 90.6 0.01 3 6.44268 0.01
r 90.8 0.01 3 6.38429 0.01
r 91 0.01 3 6.32877 0.01
r 91.2 0.01 3 6.2801 0.01
r 91.4 0.01 3 6.22918 0.01
r 91.6 0.01 3 6.1819 0.01
r 91.8 0.01 3 6.13737 0.01
r 92 0.01 3 6.09789 0.01
r 92.2 0.01 3 6.06405 0.01
r 92.4 0.01 3 6.02803 0.01
r 92.6 0.01 3 5.98442 0.01
r 92.8 0.01 3 5.95276 0.01
r 93 0.01 3 5.92368 0.01
r 93.2 0.01 3 5.89763 0.01
r 93.4 0.01 3 5.87628 0.01
r 93.6 0.01 3 5.85288 0.01
r 93.8 0.01 3 5.83516 0.01
r 94 0.01 3 5.82087 0.01
r 94.2 0.01 3 5.80827 0.01
r 94.4 0.01 3 5.79975 0.01
r 94.6 0.01 3 5.79324 0.01
r 94.8 0.01 3 5.79065 0.01
r 95 0.01 3 5.78974 0.01
r 95.2 0.01 3 5.79243 0.01
r 95.4 0.01 3 5.79762 0.01
r 95.6 0.01 3 5.80458 0.01
r 95.8 0.01 3 5.81538 0.01
r 96 0.01 3 5.82915 0.01
r 96.2 0.01 3 5.84567 0.01
r 96.4 0.01 3 5.86528 0.01
r 96.6 0.01 3 5.89297 0.01
r 96.8 0.01 3 5.91259 0.01
r 97 0.01 3 5.93777 0.01
r 97.2 0.01 3 5.96759 0.01
r 97.4 0.01 3 5.99963 0.01
r 97.6 0.01 3 6.03391 0.01
r 97.8 0.01 3 6.07755 0.01
r 98 0.01 3 6.1141 0.01
r 98.2 0.01 3 6.15481 0.01
r 98.4 0.01 3 6.19828 0.01
r 98.6 0.01 3 6.24467 0.01
r 98.8 0.01 3 6.29499 0.01
r 99 0.01 3 6.34424 0.01
r 99.2 0.01 3 6.39849 0.01
r 99.4 0.01 3 6.45654 0.01
r 99.6 0.01 3 6.51483 0.01
r 99.8 0.01 3 6.57452 0.01
r 100 0.01 3 6.63162 0.01
r 100.2 0.01 3 6.69865 0.01
r 100.4 0.01 3 6.76535 0.01
r 100.6 0.01 3 6.82928 0.01
r 100.8 0.01 3 6.92999 0.01
r 101 0.01 3 6.97439 0.01
r 101.2 0.01 3 7.05035 0.01
r 101.4 0.01 3 7.11622 0.01
r 101.6 0.01 3 7.18844 0.01
r 101.8 0.01 3 7.28407 0.01
r 102 0.01 3 7.34517 0.01
r 102.2 0.01 3 7.42353 0.01
r 102.4 0.01 3 7.53023 0.01
r 102.6 0.01 3 7.61154 0.01
r 102.8 0.01 3 7.68311 0.01
r 103 0.01 3 7.77572 0.01
r 103.2 0.01 3 7.85026 0.01
r 103.4 0.01 3 7.9343 0.01
r 103.6 0.01 3 8.03021 0.01
r 103.8 0.01 3 8.10952 0.01
r 104 0.01 3 8.20207 0.01
r 104.2 0.01 3 8.28576 0.01
r 104.4 0.01 3 8.37321 0.01
r 104.6 0.01 3 8.46387 0.01
r 104.8 0.01 3 8.55709 0.01
r 105 0.01 3 8.65074 0.01
r 105.2 0.01 3 8.74765 0.01
r 105.4 0.01 3 8.84503 0.01
r 105.6 0.01 3 8.94313 0.01
r 105.8 0.01 3 9.04318 0.01
r 106 0.01 3 9.144 0.01
r 106.2 0.01 3 9.24919 0.01
r 106.4 0.01 3 9.34838 0.01
r 106.6 0.01 3 9.4517 0.01
r 106.8 0.01 3 9.55505 0.01
r 107 0.01 3 9.66476 0.01
r 107.2 0.01 3 9.76137 0.01
r 107.4 0.01 3 9.86578 0.01
r 107.6 0.01 3 9.96664 0.01
r 107.8 0.01 3 10.0728 0.01
r 108 0.01 3 10.1711 0.01
r 108.2 0.01 3 10.2723 0.01
r 108.4 0.01 3 10.3774 0.01
r 108.6 0.01 3 10.4825 0.01
r 108.8 0.01 3 10.5872 0.01
r 109 0.01 3 10.7145 0.01
r 109.2 0.01 3 10.8122 0.01
r 109.4 0.01 3 10.9196 0.01
r 109.6 0.01 3 11.0267 0.01
r 109.8 0.01 3 11.1327 0.01
r 110 0.01 3 11.2389 0.01
r 110.2 0.01 3 11.3478 0.01
r 110.4 0.01 3 11.4576 0.01
r 110.6 0.01 3 11.5676 0.01
r 110.8 0.01 3 11.6778 0.01
r 111 0.01 3 11.7927 0.01
r 111.2 0.01 3 11.9024 0.01
r 111.4 0.01 3 12.0127 0.01
r 111.6 0.01 3 12.1242 0.01
r 111.8 0.01 3 12.2371 0.01
r 112 0.01 3 12.35 0.01
r 112.2 0.01 3 12.4635 0.01
r 112.4 0.01 3 12.578 0.01
r 112.6 0.01 3 12.6929 0.01
r 112.8 0.01 3 12.8054 0.01
r 113 0.01 3 12.92 0.01
r 113.2 0.01 3 13.0303 0.01
r 113.4 0.01 3 13.1421 0.01
r 113.6 0.01 3 13.2543 0.01
r 113.8 0.01 3 13.3688 0.01
r 114 0.01 3 13.4816 0.01
r 114.2 0.01 3 13.5971 0.01
r 114.4 0.01 3 13.7126 0.01
r 114.6 0.01 3 13.8276 0.01
r 114.8 0.01 3 13.9441 0.01
r 115 0.01 3 14.0598 0.01
r 115.2 0.01 3 14.1772 0.01
r 115.4 0.01 3 14.2952 0.01
r 115.6 0.01 3 14.414 0.01
r 115.8 0.01 3 14.5331 0.01
r 116 0.01 3 14.6525 0.01
r 116.2 0.01 3 14.7727 0.01
r 116.4 0.01 3 14.8911 0.01
r 116.6 0.01 3 15.0124 0.01
r 116.8 0.01 3 15.1344 0.01
r 117 0.01 3 15.2717 0.01
r 117.2 0.01 3 15.3922 0.01
r 117.4 0.01 3 15.5136 0.01
r 117.6 0.01 3 15.6353 0.01
r 117.8 0.01 3 15.7589 0.01
r 118 0.01 3 15.882 0.01
r 118.2 0.01 3 16.0052 0.01
r 118.4 0.01 3 16.1277 0.01
r 118.6 0.01 3 16.2518 0.01
r 118.8 0.01 3 16.376 0.01
r 119 0.01 3 16.5019 0.01
r 119.2 0.01 3 16.6279 0.01
r 119.4 0.01 3 16.7526 0.01
r 119.6 0.01 3 16.8787 0.01
r 119.8 0.01 3 17.0069 0.01
r 120 0.01 3 17.131 0.01
r 120.2 0.01 3 17.2609 0.01
r 120.4 0.01 3 17.3889 0.01
r 120.6 0.01 3 17.5147 0.01
r 120.8 0.01 3 17.6462 0.01
r 121 0.01 3 17.7623 0.01
r 121.2 0.01 3 17.8901 0.01
r 121.4 0.01 3 18.0181 0.01
r 121.6 0.01 3 18.1467 0.01
r 121.8 0.01 3 18.2753 0.01
r 122 0.01 3 18.4041 0.01
r 122.2 0.01 3 18.5334 0.01
r 122.4 0.01 3 18.6625 0.01
r 122.6 0.01 3 18.7914 0.01
r 122.8 0.01 3 18.9203 0.01
r 123 0.01 3 19.0507 0.01
r 123.2 0.01 3 19.1761 0.01
r 123.4 0.01 3 19.3056 0.01
r 123.6 0.01 3 19.4351 0.01
r 123.8 0.01 3 19.5642 0.01
r 124 0.01 3 19.6931 0.01
r 124.2 0.01 3 19.8215 0.01
r 124.4 0.01 3 19.9497 0.01
r 124.6 0.01 3 20.0776 0.01
r 124.8 0.01 3 20.2054 0.01
r 125 0.01 3 20.3332 0.01
r 125.2 0.01 3 20.461 0.01
r 125.4 0.01 3 20.5889 0.01
r 125.6 0.01 3 20.7168 0.01
r 125.8 0.01 3 20.8447 0.01
r 126 0.01 3 20.9728 0.01
r 126.2 0.01 3 21.1011 0.01
r 126.4 0.01 3 21.2296 0.01
r 126.6 0.01 3 21.3584 0.01
r 126.8 0.01 3 21.4873 0.01
r 127 0.01 3 21.5801 0.01
r 127.2 0.01 3 21.709 0.01
r 127.4 0.01 3 21.838 0.01
r 127.6 0.01 3 21.9673 0.01
r 127.8 0.01 3 22.0965 0.01
r 128 0.01 3 22.226 0.01
r 128.2 0.01 3 22.3553 0.01
r 128.4 0.01 3 22.4846 0.01
r 128.6 0.01 3 22.6138 0.01
r 128.8 0.01 3 22.7427 0.01
r 129 0.01 3 22.8534 0.01
r 129.2 0.01 3 22.9813 0.01
r 129.4 0.01 3 23.109 0.01
r 129.6 0.01 3 23.2361 0.01
r 129.8 0.01 3 23.3628 0.01
r 130 0.01 3 23.4851 0.01
r 130.2 0.01 3 23.611 0.01
r 130.4 0.01 3 23.7365 0.01
r 130.6 0.01 3 23.8616 0.01
r 130.8 0.01 3 23.9869 0.01
r 131 0.01 3 24.1007 0.01
r 131.2 0.01 3 24.2259 0.01
r 131.4 0.01 3 24.3513 0.01
r 131.6 0.01 3 24.4767 0.01
r 131.8 0.01 3 24.6022 0.01
r 132 0.01 3 24.7286 0.01
r 132.2 0.01 3 24.855 0.01
r 132.4 0.01 3 24.9822 0.01
r 132.6 0.01 3 25.1095 0.01
r 132.8 0.01 3 25.2383 0.01
r 133 0.01 3 25.3648 0.01
r 133.2 0.01 3 25.4941 0.01
r 133.4 0.01 3 25.6239 0.01
r 133.6 0.01 3 25.754 0.01
r 133.8 0.01 3 25.8844 0.01
r 134 0.01 3 26.0149 0.01
r 134.2 0.01 3 26.1457 0.01
r 134.4 0.01 3 26.2758 0.01
r 134.6 0.01 3 26.406 0.01
r 134.8 0.01 3 26.5359 0.01
r 135 0.01 3 26.6656 0.01
s 105 3 602
r 85 0.01 2 12.6594 0.01
r 85.2 0.01 2 12.5396 0.01
r 85.4 0.01 2 12.4199 0.01
r 85.6 0.01 2 12.3 0.01
r 85.8 0.01 2 12.1798 0.01
r 86 0.01 2 12.0592 0.01
r 86.2 0.01 2 11.938 0.01
r 86.4 0.01 2 11.8166 0.01
r 86.6 0.01 2 11.695 0.01
r 86.8 0.01 2 11.5731 0.01
r 87 0.01 2 11.4512 0.01
r 87.2 0.01 2 11.3292 0.01
r 87.4 0.01 2 11.2073 0.01
r 87.6 0.01 2 11.0855 0.01
r 87.8 0.01 2 10.9638 0.01
r 88 0.01 2 10.8422 0.01
r 88.2 0.01 2 10.7208 0.01
r 88.4 0.01 2 10.5993 0.01
r 88.6 0.01 2 10.4779 0.01
r 88.8 0.01 2 10.3565 0.01
r 89 0.01 2 10.2351 0.01
r 89.2 0.01 2 10.1136 0.01
r 89.4 0.01 2 9.99212 0.01
r 89.6 0.01 2 9.87051 0.01
r 89.8 0.01 2 9.74872 0.01
r 90 0.01 2 9.62688 0.01
r 90.2 0.01 2 9.50501 0.01
r 90.4 0.01 2 9.38323 0.01
r 90.6 0.01 2 9.26158 0.01
r 90.8 0.01 2 9.13996 0.01
r 91 0.01 2 9.01866 0.01
r 91.2 0.01 2 8.89747 0.01
r 91.4 0.01 2 8.77673 0.01
r 91.6 0.01 2 8.65626 0.01
r 91.8 0.01 2 8.53548 0.01
r 92 0.01 2 8.41558 0.01
r 92.2 0.01 2 8.29553 0.01
r 92.4 0.01 2 8.17593 0.01
r 92.6 0.01 2 8.0561 0.01
r 92.8 0.01 2 7.93659 0.01
r 93 0.01 2 7.81725 0.01
r 93.2 0.01 2 7.69773 0.01
r 93.4 0.01 2 7.5783 0.01
r 93.6 0.01 2 7.45899 0.01
r 93.8 0.01 2 7.33987 0.01
r 94 0.01 2 7.22066 0.01
r 94.2 0.01 2 7.10153 0.01
r 94.4 0.01 2 6.98248 0.01
r 94.6 0.01 2 6.86366 0.01
r 94.8 0.01 2 6.74488 0.01
r 95 0.01 2 6.62651 0.01
r 95.2 0.01 2 6.50739 0.01
r 95.4 0.01 2 6.38939 0.01
r 95.6 0.01 2 6.27094 0.01
r 95.8 0.01 2 6.15297 0.01
r 96 0.01 2 6.03462 0.01
r 96.2 0.01 2 5.91685 0.01
r 96.4 0.01 2 5.79935 0.01
r 96.6 0.01 2 5.68209 0.01
r 96.8 0.01 2 5.56513 0.01
r 97 0.01 2 5.44791 0.01
r 97.2 0.01 2 5.33138 0.01
r 97.4 0.01 2 5.21497 0.01
r 97.6 0.01 2 5.09877 0.01
r 97.8 0.01 2 4.98308 0.01
r 98 0.01 2 4.86755 0.01
r 98.2 0.01 2 4.75276 0.01
r 98.4 0.01 2 4.63885 0.01
r 98.6 0.01 2 4.52382 0.01
r 98.8 0.01 2 4.41042 0.01
r 99 0.01 2 4.29699 0.01
r 99.2 0.01 2 4.18455 0.01
r 99.4 0.01 2 4.0727 0.01
r 99.6 0.01 2 3.96182 0.01
r 99.8 0.01 2 3.85161 0.01
r 100 0.01 2 3.74203 0.01
r 100.2 0.01 2 3.63427 0.01
r 100.4 0.01 2 3.52664 0.01
r 100.6 0.01 2 3.42079 0.01
r 100.8 0.01 2 3.31617 0.01
r 101 0.01 2 3.2139 0.01
r 101.2 0.01 2 3.1114 0.01
r 101.4 0.01 2 3.01177 0.01
r 101.6 0.01 2 2.91452 0.01
r 101.8 0.01 2 2.81952 0.01
r 102 0.01 2 2.72728 0.01
r 102.2 0.01 2 2.63815 0.01
r 102.4 0.01 2 2.55238 0.01
r 102.6 0.01 2 2.47013 0.01
r 102.8 0.01 2 2.39223 0.01
r 103 0.01 2 2.3168 0.01
r 103.2 0.01 2 2.2479 0.01
r 103.4 0.01 2 2.18446 0.01
r 103.6 0.01 2 2.12669 0.01
r 103.8 0.01 2 2.07517 0.01
r 104 0.01 2 2.03092 0.01
r 104.2 0.01 2 1.99465 0.01
r 104.4 0.01 2 1.96416 0.01
r 104.6 0.01 2 1.94283 0.01
r 104.8 0.01 2 1.92995 0.01
r 105 0.01 2 1.92815 0.01
r 105.2 0.01 2 1.93254 0.01
r 105.4 0.01 2 1.94347 0.01
r 105.6 0.01 2 1.96313 0.01
r 105.8 0.01 2 1.99207 0.01
r 106 0.01 2 2.02888 0.01
r 106.2 0.01 2 2.07287 0.01
r 106.4 0.01 2 2.12378 0.01
r 106.6 0.01 2 2.18128 0.01
r 106.8 0.01 2 2.24527 0.01
r 107 0.01 2 2.3137 0.01
r 107.2 0.01 2 2.38703 0.01
r 107.4 0.01 2 2.46739 0.01
r 107.6 0.01 2 2.54783 0.01
r 107.8 0.01 2 2.63142 0.01
r 108 0.01 2 2.72031 0.01
r 108.2 0.01 2 2.81188 0.01
r 108.4 0.01 2 2.90648 0.01
r 108.6 0.01 2 3.00362 0.01
r 108.8 0.01 2 3.10302 0.01
r 109 0.01 2 3.20707 0.01
r 109.2 0.01 2 3.30816 0.01
r 109.4 0.01 2 3.41921 0.01
r 109.6 0.01 2 3.52055 0.01
r 109.8 0.01 2 3.62719 0.01
r 110 0.01 2 3.73587 0.01
r 110.2 0.01 2 3.84605 0.01
r 110.4 0.01 2 3.95657 0.01
r 110.6 0.01 2 4.06825 0.01
r 110.8 0.01 2 4.18071 0.01
r 111 0.01 2 4.29417 0.01
r 111.2 0.01 2 4.40789 0.01
r 111.4 0.01 2 4.52259 0.01
r 111.6 0.01 2 4.63713 0.01
r 111.8 0.01 2 4.75446 0.01
r 112 0.01 2 4.86814 0.01
r 112.2 0.01 2 4.98433 0.01
r 112.4 0.01 2 5.1005 0.01
r 112.6 0.01 2 5.21711 0.01
r 112.8 0.01 2 5.33425 0.01
r 113 0.01 2 5.45226 0.01
r 113.2 0.01 2 5.57012 0.01
r 113.4 0.01 2 5.68818 0.01
r 113.6 0.01 2 5.80657 0.01
r 113.8 0.01 2 5.92534 0.01
r 114 0.01 2 6.04409 0.01
r 114.2 0.01 2 6.16375 0.01
r 114.4 0.01 2 6.28305 0.01
r 114.6 0.01 2 6.40285 0.01
r 114.8 0.01 2 6.52302 0.01
r 115 0.01 2 6.64361 0.01
r 115.2 0.01 2 6.76451 0.01
r 115.4 0.01 2 6.88556 0.01
r 115.6 0.01 2 7.00729 0.01
r 115.8 0.01 2 7.12906 0.01
r 116 0.01 2 7.25101 0.01
r 116.2 0.01 2 7.37356 0.01
r 116.4 0.01 2 7.49647 0.01
r 116.6 0.01 2 7.61987 0.01
r 116.8 0.01 2 7.74353 0.01
r 117 0.01 2 7.86784 0.01
r 117.2 0.01 2 7.99254 0.01
r 117.4 0.01 2 8.11731 0.01
r 117.6 0.01 2 8.24268 0.01
r 117.8 0.01 2 8.36794 0.01
r 118 0.01 2 8.49413 0.01
r 118.2 0.01 2 8.62058 0.01
r 118.4 0.01 2 8.74693 0.01
r 118.6 0.01 2 8.87405 0.01
r 118.8 0.01 2 9.00152 0.01
r 119 0.01 2 9.12931 0.01
r 119.2 0.01 2 9.25744 0.01
r 119.4 0.01 2 9.38588 0.01
r 119.6 0.01 2 9.51468 0.01
r 119.8 0.01 2 9.6436 0.01
r 120 0.01 2 9.77283 0.01
r 120.2 0.01 2 9.90228 0.01
r 120.4 0.01 2 10.0319 0.01
r 120.6 0.01 2 10.1618 0.01
r 120.8 0.01 2 10.2919 0.01
r 121 0.01 2 10.4219 0.01
r 121.2 0.01 2 10.5523 0.01
r 121.4 0.01 2 10.6828 0.01
r 121.6 0.01 2 10.8134 0.01
r 121.8 0.01 2 10.9443 0.01
r 122 0.01 2 11.075 0.01
r 122.2 0.01 2 11.2061 0.01
r 122.4 0.01 2 11.3373 0.01
r 122.6 0.01 2 11.4686 0.01
r 122.8 0.01 2 11.5999 0.01
r 123 0.01 2 11.7314 0.01
r 123.2 0.01 2 11.8628 0.01
r 123.4 0.01 2 11.9944 0.01
r 123.6 0.01 2 12.1259 0.01
r 123.8 0.01 2 12.2573 0.01
r 124 0.01 2 12.3885 0.01
r 124.2 0.01 2 12.5195 0.01
r 124.4 0.01 2 12.6502 0.01
r 124.6 0.01 2 12.7805 0.01
r 124.8 0.01 2 12.9105 0.01
r 125 0.01 2 13.0398 0.01
r 65 0.01 3 26.6381 0.01
r 65.2 0.01 3 26.5076 0.01
r 65.4 0.01 3 26.3772 0.01
r 65.6 0.01 3 26.2472 0.01
r 65.8 0.01 3 26.1171 0.01
r 66 0.01 3 25.9869 0.01
r 66.2 0.01 3 25.8574 0.01
r 66.4 0.01 3 25.7276 0.01
r 66.6 0.01 3 25.5981 0.01
r 66.8 0.01 3 25.4688 0.01
r 67 0.01 3 25.3398 0.01
r 67.2 0.01 3 25.2107 0.01
r 67.4 0.01 3 25.0817 0.01
r 67.6 0.01 3 24.953 0.01
r 67.8 0.01 3 24.8242 0.01
r 68 0.01 3 24.6957 0.01
r 68.2 0.01 3 24.5674 0.01
r 68.4 0.01 3 24.4394 0.01
r 68.6 0.01 3 24.3118 0.01
r 68.8 0.01 3 24.1844 0.01
r 69 0.01 3 24.0752 0.01
r 69.2 0.01 3 23.9478 0.01
r 69.4 0.01 3 23.8206 0.01
r 69.6 0.01 3 23.6912 0.01
r 69.8 0.01 3 23.5674 0.01
r 70 0.01 3 23.4384 0.01
r 70.2 0.01 3 23.3151 0.01
r 70.4 0.01 3 23.1862 0.01
r 70.6 0.01 3 23.063 0.01
r 70.8 0.01 3 22.9341 0.01
r 71 0.01 3 22.8357 0.01
r 71.2 0.01 3 22.7092 0.01
r 71.4 0.01 3 22.5827 0.01
r 71.6 0.01 3 22.4565 0.01
r 71.8 0.01 3 22.3301 0.01
r 72 0.01 3 22.2036 0.01
r 72.2 0.01 3 22.0776 0.01
r 72.4 0.01 3 21.951 0.01
r 72.6 0.01 3 21.8247 0.01
r 72.8 0.01 3 21.6984 0.01
r 73 0.01 3 21.6051 0.01
r 73.2 0.01 3 21.4778 0.01
r 73.4 0.01 3 21.3502 0.01
r 73.6 0.01 3 21.2222 0.01
r 73.8 0.01 3 21.0938 0.01
r 74 0.01 3 20.9651 0.01
r 74.2 0.01 3 20.836 0.01
r 74.4 0.01 3 20.707 0.01
r 74.6 0.01 3 20.5778 0.01
r 74.8 0.01 3 20.4489 0.01
r 75 0.01 3 20.367 0.01
r 75.2 0.01 3 20.2375 0.01
r 75.4 0.01 3 20.1082 0.01
r 75.6 0.01 3 19.9791 0.01
r 75.8 0.01 3 19.8502 0.01
r 76 0.01 3 19.7215 0.01
r 76.2 0.01 3 19.5931 0.01
r 76.4 0.01 3 19.4647 0.01
r 76.6 0.01 3 19.3363 0.01
r 76.8 0.01 3 19.208 0.01
r 77 0.01 3 19.0799 0.01
r 77.2 0.01 3 18.9519 0.01
r 77.4 0.01 3 18.8314 0.01
r 77.6 0.01 3 18.6949 0.01
r 77.8 0.01 3 18.5726 0.01
r 78 0.01 3 18.4433 0.01
r 78.2 0.01 3 18.3135 0.01
r 78.4 0.01 3 18.184 0.01
r 78.6 0.01 3 18.0539 0.01
r 78.8 0.01 3 17.9241 0.01
r 79 0.01 3 17.7952 0.01
r 79.2 0.01 3 17.6655 0.01
r 79.4 0.01 3 17.5358 0.01
r 79.6 0.01 3 17.4063 0.01
r 79.8 0.01 3 17.2769 0.01
r 80 0.01 3 17.1483 0.01
r 80.2 0.01 3 17.0199 0.01
r 80.4 0.01 3 16.892 0.01
r 80.6 0.01 3 16.7647 0.01
r 80.8 0.01 3 16.6379 0.01
r 81 0.01 3 16.5215 0.01
r 81.2 0.01 3 16.3992 0.01
r 81.4 0.01 3 16.2726 0.01
r 81.6 0.01 3 16.1462 0.01
r 81.8 0.01 3 16.0203 0.01
r 82 0.01 3 15.8931 0.01
r 82.2 0.01 3 15.7678 0.01
r 82.4 0.01 3 15.6426 0.01
r 82.6 0.01 3 15.5176 0.01
r 82.8 0.01 3 15.393 0.01
r 83 0.01 3 15.2715 0.01
r 83.2 0.01 3 15.1478 0.01
r 83.4 0.01 3 15.0249 0.01
r 83.6 0.01 3 14.903 0.01
r 83.8 0.01 3 14.7811 0.01
r 84 0.01 3 14.6599 0.01
r 84.2 0.01 3 14.5398 0.01
r 84.4 0.01 3 14.4203 0.01
r 84.6 0.01 3 14.3016 0.01
r 84.8 0.01 3 14.1833 0.01
r 85 0.01 3 14.0937 0.01
r 85.2 0.01 3 13.9755 0.01
r 85.4 0.01 3 13.858 0.01
r 85.6 0.01 3 13.7398 0.01
r 85.8 0.01 3 13.6219 0.01
r 86 0.01 3 13.5035 0.01
r 86.2 0.01 3 13.3867 0.01
r 86.4 0.01 3 13.2698 0.01
r 86.6 0.01 3 13.1555 0.01
r 86.8 0.01 3 13.0384 0.01
r 87 0.01 3 12.9203 0.01
r 87.2 0.01 3 12.8045 0.01
r 87.4 0.01 3 12.6916 0.01
r 87.6 0.01 3 12.5762 0.01
r 87.8 0.01 3 12.4614 0.01
r 88 0.01 3 12.3486 0.01
r 88.2 0.01 3 12.2353 0.01
r 88.4 0.01 3 12.1207 0.01
r 88.6 0.01 3 12.0084 0.01
r 88.8 0.01 3 11.897 0.01
r 89 0.01 3 11.7844 0.01
r 89.2 0.01 3 11.6737 0.01
r 89.4 0.01 3 11.564 0.01
r 89.6 0.01 3 11.4551 0.01
r 89.8 0.01 3 11.3464 0.01
r 90 0.01 3 11.2365 0.01
r 90.2 0.01 3 11.1305 0.01
r 90.4 0.01 3 11.0248 0.01
r 90.6 0.01 3 10.92 0.01
r 90.8 0.01 3 10.816 0.01
r 91 0.01 3 10.7006 0.01
r 91.2 0.01 3 10.5939 0.01
r 91.4 0.01 3 10.4882 0.01
r 91.6 0.01 3 10.3834 0.01
r 91.8 0.01 3 10.2809 0.01
r 92 0.01 3 10.1768 0.01
r 92.2 0.01 3 10.0707 0.01
r 92.4 0.01 3 9.96916 0.01
r 92.6 0.01 3 9.86932 0.01
r 92.8 0.01 3 9.76987 0.01
r 93 0.01 3 9.66975 0.01
r 93.2 0.01 3 9.56408 0.01
r 93.4 0.01 3 9.45975 0.01
r 93.6 0.01 3 9.35582 0.01
r 93.8 0.01 3 9.2528 0.01
r 94 0.01 3 9.15044 0.01
r 94.2 0.01 3 9.04883 0.01
r 94.4 0.01 3 8.95042 0.01
r 94.6 0.01 3 8.85123 0.01
r 94.8 0.01 3 8.75357 0.01
r 95 0.01 3 8.73852 0.01
r 95.2 0.01 3 8.60406 0.01
r 95.4 0.01 3 8.54675 0.01
r 95.6 0.01 3 8.42455 0.01
r 95.8 0.01 3 8.35323 0.01
r 96 0.01 3 8.25448 0.01
r 96.2 0.01 3 8.1762 0.01
r 96.4 0.01 3 8.07239 0.01
r 96.6 0.01 3 7.98521 0.01
r 96.8 0.01 3 7.8914 0.01
r 97 0.01 3 7.79872 0.01
r 97.2 0.01 3 7.6892 0.01
r 97.4 0.01 3 7.59784 0.01
r 97.6 0.01 3 7.51725 0.01
r 97.8 0.01 3 7.49501 0.01
r 98 0.01 3 7.35138 0.01
r 98.2 0.01 3 7.27214 0.01
r 98.4 0.01 3 7.19137 0.01
r 98.6 0.01 3 7.12099 0.01
r 98.8 0.01 3 7.2407 0.01
r 99 0.01 3 6.97108 0.01
r 99.2 0.01 3 6.89847 0.01
r 99.4 0.01 3 6.82955 0.01
r 99.6 0.01 3 6.7612 0.01
r 99.8 0.01 3 6.69408 0.01
r 100 0.01 3 6.63196 0.01
r 100.2 0.01 3 6.56897 0.01
r 100.4 0.01 3 6.50877 0.01
r 100.6 0.01 3 6.4869 0.01
r 100.8 0.01 3 6.39465 0.01
r 101 0.01 3 6.34142 0.01
r 101.2 0.01 3 6.29284 0.01
r 101.4 0.01 3 6.2411 0.01
r 101.6 0.01 3 6.19431 0.01
r 101.8 0.01 3 6.14965 0.01
r 102 0.01 3 6.10761 0.01
r 102.2 0.01 3 6.06789 0.01
r 102.4 0.01 3 6.0309 0.01
r 102.6 0.01 3 5.99636 0.01
r 102.8 0.01 3 5.96436 0.01
r 103 0.01 3 5.93524 0.01
r 103.2 0.01 3 5.90856 0.01
r 103.4 0.01 3 5.88497 0.01
r 103.6 0.01 3 5.8631 0.01
r 103.8 0.01 3 5.84496 0.01
r 104 0.01 3 5.82788 0.01
r 104.2 0.01 3 5.81507 0.01
r 104.4 0.01 3 5.80443 0.01
r 104.6 0.01 3 5.79693 0.01
r 104.8 0.01 3 5.79214 0.01
r 105 0.01 3 5.79086 0.01
r 105.2 0.01 3 5.79202 0.01
r 105.4 0.01 3 5.79566 0.01
r 105.6 0.01 3 5.80119 0.01
r 105.8 0.01 3 5.81056 0.01
r 106 0.01 3 5.82295 0.01
r 106.2 0.01 3 5.83804 0.01
r 106.4 0.01 3 5.85625 0.01
r 106.6 0.01 3 5.88258 0.01
r 106.8 0.01 3 5.90184 0.01
r 107 0.01 3 5.92677 0.01
r 107.2 0.01 3 5.95582 0.01
r 107.4 0.01 3 5.98751 0.01
r 107.6 0.01 3 6.03151 0.01
r 107.8 0.01 3 6.06462 0.01
r 108 0.01 3 6.10023 0.01
r 108.2 0.01 3 6.14018 0.01
r 108.4 0.01 3 6.18363 0.01
r 108.6 0.01 3 6.22992 0.01
r 108.8 0.01 3 6.28016 0.01
r 109 0.01 3 6.32909 0.01
r 109.2 0.01 3 6.38335 0.01
r 109.4 0.01 3 6.44158 0.01
r 109.6 0.01 3 6.49954 0.01
r 109.8 0.01 3 6.55513 0.01
r 110 0.01 3 6.61979 0.01
r 110.2 0.01 3 6.68364 0.01
r 110.4 0.01 3 6.75273 0.01
r 110.6 0.01 3 6.8172 0.01
r 110.8 0.01 3 6.89001 0.01
r 111 0.01 3 6.97863 0.01
r 111.2 0.01 3 7.04698 0.01
r 111.4 0.01 3 7.11019 0.01
r 111.6 0.01 3 7.18672 0.01
r 111.8 0.01 3 7.26799 0.01
r 112 0.01 3 7.34715 0.01
r 112.2 0.01 3 7.44415 0.01
r 112.4 0.01 3 7.50101 0.01
r 112.6 0.01 3 7.62294 0.01
r 112.8 0.01 3 7.67075 0.01
r 113 0.01 3 7.75784 0.01
r 113.2 0.01 3 7.84175 0.01
r 113.4 0.01 3 7.92967 0.01
r 113.6 0.01 3 8.01765 0.01
r 113.8 0.01 3 8.11062 0.01
r 114 0.01 3 8.20601 0.01
r 114.2 0.01 3 8.31401 0.01
r 114.4 0.01 3 8.42206 0.01
r 114.6 0.01 3 8.49552 0.01
r 114.8 0.01 3 8.62437 0.01
r 115 0.01 3 8.68021 0.01
r 115.2 0.01 3 8.78197 0.01
r 115.4 0.01 3 8.88208 0.01
r 115.6 0.01 3 8.9869 0.01
r 115.8 0.01 3 9.09043 0.01
r 116 0.01 3 9.19646 0.01
r 116.2 0.01 3 9.30335 0.01
r 116.4 0.01 3 9.40863 0.01
r 116.6 0.01 3 9.51659 0.01
r 116.8 0.01 3 9.62172 0.01
r 117 0.01 3 9.74237 0.01
r 117.2 0.01 3 9.84908 0.01
r 117.4 0.01 3 9.95387 0.01
r 117.6 0.01 3 10.0607 0.01
r 117.8 0.01 3 10.1678 0.01
r 118 0.01 3 10.2756 0.01
r 118.2 0.01 3 10.3909 0.01
r 118.4 0.01 3 10.4969 0.01
r 118.6 0.01 3 10.609 0.01
r 118.8 0.01 3 10.7198 0.01
r 119 0.01 3 10.8611 0.01
r 119.2 0.01 3 10.971 0.01
r 119.4 0.01 3 11.0809 0.01
r 119.6 0.01 3 11.1851 0.01
r 119.8 0.01 3 11.3157 0.01
r 120 0.01 3 11.4271 0.01
r 120.2 0.01 3 11.54 0.01
r 120.4 0.01 3 11.6544 0.01
r 120.6 0.01 3 11.7715 0.01
r 120.8 0.01 3 11.8919 0.01
r 121 0.01 3 12.0099 0.01
r 121.2 0.01 3 12.1295 0.01
r 121.4 0.01 3 12.2529 0.01
r 121.6 0.01 3 12.372 0.01
r 121.8 0.01 3 12.4937 0.01
r 122 0.01 3 12.6135 0.01
r 122.2 0.01 3 12.735 0.01
r 122.4 0.01 3 12.8572 0.01
r 122.6 0.01 3 12.9797 0.01
r 122.8 0.01 3 13.103 0.01
r 123 0.01 3 13.2268 0.01
r 123.2 0.01 3 13.3506 0.01
r 123.4 0.01 3 13.4682 0.01
r 123.6 0.01 3 13.5872 0.01
r 123.8 0.01 3 13.7076 0.01
r 124 0.01 3 13.8264 0.01
r 124.2 0.01 3 13.9471 0.01
r 124.4 0.01 3 14.0685 0.01
r 124.6 0.01 3 14.1889 0.01
r 124.8 0.01 3 14.3107 0.01
r 125 0.01 3 14.4328 0.01
r 125.2 0.01 3 14.5554 0.01
r 125.4 0.01 3 14.6784 0.01
r 125.6 0.01 3 14.8021 0.01
r 125.8 0.01 3 14.9272 0.01
r 126 0.01 3 15.0516 0.01
r 126.2 0.01 3 15.1763 0.01
r 126.4 0.01 3 15.2961 0.01
r 126.6 0.01 3 15.4225 0.01
r 126.8 0.01 3 15.5463 0.01
r 127 0.01 3 15.6645 0.01
r 127.2 0.01 3 15.789 0.01
r 127.4 0.01 3 15.9127 0.01
r 127.6 0.01 3 16.0366 0.01
r 127.8 0.01 3 16.161 0.01
r 128 0.01 3 16.2865 0.01
r 128.2 0.01 3 16.4111 0.01
r 128.4 0.01 3 16.536 0.01
r 128.6 0.01 3 16.6613 0.01
r 128.8 0.01 3 16.7865 0.01
r 129 0.01 3 16.9107 0.01
r 129.2 0.01 3 17.0357 0.01
r 129.4 0.01 3 17.1606 0.01
r 129.6 0.01 3 17.2856 0.01
r 129.8 0.01 3 17.4115 0.01
r 130 0.01 3 17.5354 0.01
r 130.2 0.01 3 17.6612 0.01
r 130.4 0.01 3 17.786 0.01
r 130.6 0.01 3 17.9103 0.01
r 130.8 0.01 3 18.0351 0.01
r 131 0.01 3 18.1594 0.01
r 131.2 0.01 3 18.2844 0.01
r 131.4 0.01 3 18.4083 0.01
r 131.6 0.01 3 18.5348 0.01
r 131.8 0.01 3 18.6575 0.01
r 132 0.01 3 18.783 0.01
r 132.2 0.01 3 18.9094 0.01
r 132.4 0.01 3 19.0402 0.01
r 132.6 0.01 3 19.1677 0.01
r 132.8 0.01 3 19.296 0.01
r 133 0.01 3 19.425 0.01
r 133.2 0.01 3 19.5539 0.01
r 133.4 0.01 3 19.683 0.01
r 133.6 0.01 3 19.8094 0.01
r 133.8 0.01 3 19.9397 0.01
r 134 0.01 3 20.07 0.01
r 134.2 0.01 3 20.2025 0.01
r 134.4 0.01 3 20.3298 0.01
r 134.6 0.01 3 20.4632 0.01
r 134.8 0.01 3 20.5931 0.01
r 135 0.01 3 20.6607 0.01
r 135.2 0.01 3 20.789 0.01
r 135.4 0.01 3 20.9175 0.01
r 135.6 0.01 3 21.0459 0.01
r 135.8 0.01 3 21.1745 0.01
r 136 0.01 3 21.3032 0.01
r 136.2 0.01 3 21.4322 0.01
r 136.4 0.01 3 21.5615 0.01
r 136.6 0.01 3 21.6912 0.01
r 136.8 0.01 3 21.8211 0.01
r 137 0.01 3 21.8681 0.01
r 137.2 0.01 3 21.9975 0.01
r 137.4 0.01 3 22.1278 0.01
r 137.6 0.01 3 22.2575 0.01
r 137.8 0.01 3 22.3873 0.01
r 138 0.01 3 22.5172 0.01
r 138.2 0.01 3 22.6468 0.01
r 138.4 0.01 3 22.7764 0.01
r 138.6 0.01 3 22.9027 0.01
r 138.8 0.01 3 23.0313 0.01
r 139 0.01 3 23.1598 0.01
r 139.2 0.01 3 23.2873 0.01
r 139.4 0.01 3 23.4155 0.01
r 139.6 0.01 3 23.5431 0.01
r 139.8 0.01 3 23.6713 0.01
r 140 0.01 3 23.7994 0.01
r 140.2 0.01 3 23.9275 0.01
r 140.4 0.01 3 24.0559 0.01
r 140.6 0.01 3 24.1843 0.01
r 140.8 0.01 3 24.313 0.01
r 141 0.01 3 24.4177 0.01
r 141.2 0.01 3 24.5468 0.01
r 141.4 0.01 3 24.6752 0.01
r 141.6 0.01 3 24.8038 0.01
r 141.8 0.01 3 24.9324 0.01
r 142 0.01 3 25.0614 0.01
r 142.2 0.01 3 25.19 0.01
r 142.4 0.01 3 25.3188 0.01
r 142.6 0.01 3 25.447 0.01
r 142.8 0.01 3 25.5756 0.01
r 143 0.01 3 25.7019 0.01
r 143.2 0.01 3 25.8277 0.01
r 143.4 0.01 3 25.9539 0.01
r 143.6 0.01 3 26.0805 0.01
r 143.8 0.01 3 26.2073 0.01
r 144 0.01 3 26.3341 0.01
r 144.2 0.01 3 26.4612 0.01
r 144.4 0.01 3 26.5885 0.01
r 144.6 0.01 3 26.7156 0.01
r 144.8 0.01 3 26.8428 0.01
r 145 0.01 3 26.9702 0.01
s 115 3 602
r 95 0.01 2 12.6609 0.01
r 95.2 0.01 2 12.5409 0.01
r 95.4 0.01 2 12.421 0.01
r 95.6 0.01 2 12.3011 0.01
r 95.8 0.01 2 12.181 0.01
r 96 0.01 2 12.0611 0.01
r 96.2 0.01 2 11.9412 0.01
r 96.4 0.01 2 11.8212 0.01
r 96.6 0.01 2 11.7013 0.01
r 96.8 0.01 2 11.5813 0.01
r 97 0.01 2 11.4617 0.01
r 97.2 0.01 2 11.3417 0.01
r 97.4 0.01 2 11.2216 0.01
r 97.6 0.01 2 11.1016 0.01
r 97.8 0.01 2 10.9814 0.01
r 98 0.01 2 10.8613 0.01
r 98.2 0.01 2 10.7411 0.01
r 98.4 0.01 2 10.6209 0.01
r 98.6 0.01 2 10.5006 0.01
r 98.8 0.01 2 10.3802 0.01
r 99 0.01 2 10.26 0.01
r 99.2 0.01 2 10.1396 0.01
r 99.4 0.01 2 10.0191 0.01
r 99.6 0.01 2 9.89849 0.01
r 99.8 0.01 2 9.77777 0.01
r 100 0.01 2 9.65706 0.01
r 100.2 0.01 2 9.53629 0.01
r 100.4 0.01 2 9.41554 0.01
r 100.6 0.01 2 9.29481 0.01
r 100.8 0.01 2 9.17409 0.01
r 101 0.01 2 9.05358 0.01
r 101.2 0.01 2 8.93312 0.01
r 101.4 0.01 2 8.81298 0.01
r 101.6 0.01 2 8.69295 0.01
r 101.8 0.01 2 8.57269 0.01
r 102 0.01 2 8.45298 0.01
r 102.2 0.01 2 8.3333 0.01
r 102.4 0.01 2 8.21375 0.01
r 102.6 0.01 2 8.09427 0.01
r 102.8 0.01 2 7.97495 0.01
r 103 0.01 2 7.85596 0.01
r 103.2 0.01 2 7.73675 0.01
r 103.4 0.01 2 7.61774 0.01
r 103.6 0.01 2 7.49859 0.01
r 103.8 0.01 2 7.37959 0.01
r 104 0.01 2 7.2608 0.01
r 104.2 0.01 2 7.14176 0.01
r 104.4 0.01 2 7.02264 0.01
r 104.6 0.01 2 6.90365 0.01
r 104.8 0.01 2 6.78485 0.01
r 105 0.01 2 6.66628 0.01
r 105.2 0.01 2 6.5467 0.01
r 105.4 0.01 2 6.42829 0.01
r 105.6 0.01 2 6.30947 0.01
r 105.8 0.01 2 6.1907 0.01
r 106 0.01 2 6.07231 0.01
r 106.2 0.01 2 5.95419 0.01
r 106.4 0.01 2 5.83635 0.01
r 106.6 0.01 2 5.71892 0.01
r 106.8 0.01 2 5.60179 0.01
r 107 0.01 2 5.48438 0.01
r 107.2 0.01 2 5.36791 0.01
r 107.4 0.01 2 5.25156 0.01
r 107.6 0.01 2 5.13566 0.01
r 107.8 0.01 2 5.02025 0.01
r 108 0.01 2 4.90518 0.01
r 108.2 0.01 2 4.79083 0.01
r 108.4 0.01 2 4.6776 0.01
r 108.6 0.01 2 4.56276 0.01
r 108.8 0.01 2 4.44981 0.01
r 109 0.01 2 4.3369 0.01
r 109.2 0.01 2 4.22482 0.01
r 109.4 0.01 2 4.11342 0.01
r 109.6 0.01 2 4.00309 0.01
r 109.8 0.01 2 3.89311 0.01
r 110 0.01 2 3.78387 0.01
r 110.2 0.01 2 3.67664 0.01
r 110.4 0.01 2 3.56915 0.01
r 110.6 0.01 2 3.46362 0.01
r 110.8 0.01 2 3.3592 0.01
r 111 0.01 2 3.2561 0.01
r 111.2 0.01 2 3.15494 0.01
r 111.4 0.01 2 3.05563 0.01
r 111.6 0.01 2 2.95847 0.01
r 111.8 0.01 2 2.86372 0.01
r 112 0.01 2 2.77132 0.01
r 112.2 0.01 2 2.68281 0.01
r 112.4 0.01 2 2.59731 0.01
r 112.6 0.01 2 2.51514 0.01
r 112.8 0.01 2 2.43731 0.01
r 113 0.01 2 2.36046 0.01
r 113.2 0.01 2 2.29239 0.01
r 113.4 0.01 2 2.22817 0.01
r 113.6 0.01 2 2.17034 0.01
r 113.8 0.01 2 2.11914 0.01
r 114 0.01 2 2.07486 0.01
r 114.2 0.01 2 2.03831 0.01
r 114.4 0.01 2 2.00939 0.01
r 114.6 0.01 2 1.98886 0.01
r 114.8 0.01 2 1.9768 0.01
r 115 0.01 2 1.97654 0.01
r 115.2 0.01 2 1.97945 0.01
r 115.4 0.01 2 1.9943 0.01
r 115.6 0.01 2 2.01569 0.01
r 115.8 0.01 2 2.04677 0.01
r 116 0.01 2 2.0859 0.01
r 116.2 0.01 2 2.1326 0.01
r 116.4 0.01 2 2.18655 0.01
r 116.6 0.01 2 2.24738 0.01
r 116.8 0.01 2 2.31407 0.01
r 117 0.01 2 2.38955 0.01
r 117.2 0.01 2 2.46635 0.01
r 117.4 0.01 2 2.54912 0.01
r 117.6 0.01 2 2.63293 0.01
r 117.8 0.01 2 2.72207 0.01
r 118 0.01 2 2.81588 0.01
r 118.2 0.01 2 2.91281 0.01
r 118.4 0.01 2 3.01277 0.01
r 118.6 0.01 2 3.1152 0.01
r 118.8 0.01 2 3.22009 0.01
r 119 0.01 2 3.33053 0.01
r 119.2 0.01 2 3.43705 0.01
r 119.4 0.01 2 3.55104 0.01
r 119.6 0.01 2 3.66155 0.01
r 119.8 0.01 2 3.77374 0.01
r 120 0.01 2 3.88893 0.01
r 120.2 0.01 2 4.00528 0.01
r 120.4 0.01 2 4.12289 0.01
r 120.6 0.01 2 4.24145 0.01
r 120.8 0.01 2 4.36104 0.01
r 121 0.01 2 4.48211 0.01
r 121.2 0.01 2 4.60308 0.01
r 121.4 0.01 2 4.7253 0.01
r 121.6 0.01 2 4.84799 0.01
r 121.8 0.01 2 4.97306 0.01
r 122 0.01 2 5.09561 0.01
r 122.2 0.01 2 5.22016 0.01
r 122.4 0.01 2 5.34536 0.01
r 122.6 0.01 2 5.4702 0.01
r 122.8 0.01 2 5.59542 0.01
r 123 0.01 2 5.72119 0.01
r 123.2 0.01 2 5.84724 0.01
r 123.4 0.01 2 5.97309 0.01
r 123.6 0.01 2 6.10047 0.01
r 123.8 0.01 2 6.22611 0.01
r 124 0.01 2 6.35174 0.01
r 124.2 0.01 2 6.47788 0.01
r 124.4 0.01 2 6.60408 0.01
r 124.6 0.01 2 6.73028 0.01
r 124.8 0.01 2 6.85703 0.01
r 125 0.01 2 6.98372 0.01
r 125.2 0.01 2 7.11047 0.01
r 125.4 0.01 2 7.2372 0.01
r 125.6 0.01 2 7.36431 0.01
r 125.8 0.01 2 7.49161 0.01
r 126 0.01 2 7.61913 0.01
r 126.2 0.01 2 7.74693 0.01
r 126.4 0.01 2 7.87499 0.01
r 126.6 0.01 2 8.00341 0.01
r 126.8 0.01 2 8.13192 0.01
r 127 0.01 2 8.26076 0.01
r 127.2 0.01 2 8.38964 0.01
r 127.4 0.01 2 8.51861 0.01
r 127.6 0.01 2 8.64836 0.01
r 127.8 0.01 2 8.77756 0.01
r 128 0.01 2 8.90665 0.01
r 128.2 0.01 2 9.03646 0.01
r 128.4 0.01 2 9.16561 0.01
r 128.6 0.01 2 9.29436 0.01
r 128.8 0.01 2 9.42322 0.01
r 129 0.01 2 9.55192 0.01
r 129.2 0.01 2 9.68015 0.01
r 129.4 0.01 2 9.80813 0.01
r 129.6 0.01 2 9.9357 0.01
r 129.8 0.01 2 10.063 0.01
r 130 0.01 2 10.1899 0.01
r 130.2 0.01 2 10.3163 0.01
r 130.4 0.01 2 10.4429 0.01
r 130.6 0.01 2 10.5688 0.01
r 130.8 0.01 2 10.6945 0.01
r 131 0.01 2 10.82 0.01
r 131.2 0.01 2 10.9457 0.01
r 131.4 0.01 2 11.0716 0.01
r 131.6 0.01 2 11.1976 0.01
r 131.8 0.01 2 11.3237 0.01
r 132 0.01 2 11.4502 0.01
r 132.2 0.01 2 11.577 0.01
r 132.4 0.01 2 11.7045 0.01
r 132.6 0.01 2 11.8325 0.01
r 132.8 0.01 2 11.9612 0.01
r 133 0.01 2 12.0902 0.01
r 133.2 0.01 2 12.2199 0.01
r 133.4 0.01 2 12.35 0.01
r 133.6 0.01 2 12.4805 0.01
r 133.8 0.01 2 12.6114 0.01
r 134 0.01 2 12.7422 0.01
r 134.2 0.01 2 12.8732 0.01
r 134.4 0.01 2 13.0041 0.01
r 134.6 0.01 2 13.1347 0.01
r 134.8 0.01 2 13.2648 0.01
r 135 0.01 2 13.3947 0.01
r 75 0.01 3 26.3479 0.01
r 75.2 0.01 3 26.218 0.01
r 75.4 0.01 3 26.0883 0.01
r 75.6 0.01 3 25.9588 0.01
r 75.8 0.01 3 25.8295 0.01
r 76 0.01 3 25.7004 0.01
r 76.2 0.01 3 25.5712 0.01
r 76.4 0.01 3 25.4422 0.01
r 76.6 0.01 3 25.3134 0.01
r 76.8 0.01 3 25.1876 0.01
r 77 0.01 3 25.0365 0.01
r 77.2 0.01 3 24.9072 0.01
r 77.4 0.01 3 24.778 0.01
r 77.6 0.01 3 24.6481 0.01
r 77.8 0.01 3 24.5183 0.01
r 78 0.01 3 24.388 0.01
r 78.2 0.01 3 24.2576 0.01
r 78.4 0.01 3 24.1271 0.01
r 78.6 0.01 3 23.9965 0.01
r 78.8 0.01 3 23.8662 0.01
r 79 0.01 3 23.7351 0.01
r 79.2 0.01 3 23.6044 0.01
r 79.4 0.01 3 23.474 0.01
r 79.6 0.01 3 23.3439 0.01
r 79.8 0.01 3 23.2139 0.01
r 80 0.01 3 23.0844 0.01
r 80.2 0.01 3 22.9549 0.01
r 80.4 0.01 3 22.826 0.01
r 80.6 0.01 3 22.6975 0.01
r 80.8 0.01 3 22.5693 0.01
r 81 0.01 3 22.4421 0.01
r 81.2 0.01 3 22.3145 0.01
r 81.4 0.01 3 22.1877 0.01
r 81.6 0.01 3 22.0613 0.01
r 81.8 0.01 3 21.9349 0.01
r 82 0.01 3 21.8084 0.01
r 82.2 0.01 3 21.6825 0.01
r 82.4 0.01 3 21.5566 0.01
r 82.6 0.01 3 21.4312 0.01
r 82.8 0.01 3 21.306 0.01
r 83 0.01 3 21.1814 0.01
r 83.2 0.01 3 21.0571 0.01
r 83.4 0.01 3 20.9333 0.01
r 83.6 0.01 3 20.8102 0.01
r 83.8 0.01 3 20.6877 0.01
r 84 0.01 3 20.5661 0.01
r 84.2 0.01 3 20.4449 0.01
r 84.4 0.01 3 20.3242 0.01
r 84.6 0.01 3 20.204 0.01
r 84.8 0.01 3 20.0841 0.01
r 85 0.01 3 19.9647 0.01
r 85.2 0.01 3 19.8455 0.01
r 85.4 0.01 3 19.7263 0.01
r 85.6 0.01 3 19.6073 0.01
r 85.8 0.01 3 19.4882 0.01
r 86 0.01 3 19.3688 0.01
r 86.2 0.01 3 19.2495 0.01
r 86.4 0.01 3 19.1301 0.01
r 86.6 0.01 3 19.0108 0.01
r 86.8 0.01 3 18.8912 0.01
r 87 0.01 3 18.7718 0.01
r 87.2 0.01 3 18.6525 0.01
r 87.4 0.01 3 18.5331 0.01
r 87.6 0.01 3 18.4138 0.01
r 87.8 0.01 3 18.295 0.01
r 88 0.01 3 18.1763 0.01
r 88.2 0.01 3 18.0583 0.01
r 88.4 0.01 3 17.9402 0.01
r 88.6 0.01 3 17.8223 0.01
r 88.8 0.01 3 17.7054 0.01
r 89 0.01 3 17.5957 0.01
r 89.2 0.01 3 17.4751 0.01
r 89.4 0.01 3 17.3545 0.01
r 89.6 0.01 3 17.2338 0.01
r 89.8 0.01 3 17.1132 0.01
r 90 0.01 3 16.9925 0.01
r 90.2 0.01 3 16.872 0.01
r 90.4 0.01 3 16.7517 0.01
r 90.6 0.01 3 16.6316 0.01
r 90.8 0.01 3 16.5113 0.01
r 91 0.01 3 16.392 0.01
r 91.2 0.01 3 16.2726 0.01
r 91.4 0.01 3 16.1535 0.01
r 91.6 0.01 3 16.035 0.01
r 91.8 0.01 3 15.9168 0.01
r 92 0.01 3 15.7992 0.01
r 92.2 0.01 3 15.6823 0.01
r 92.4 0.01 3 15.5661 0.01
r 92.6 0.01 3 15.4487 0.01
r 92.8 0.01 3 15.3327 0.01
r 93 0.01 3 15.2196 0.01
r 93.2 0.01 3 15.1023 0.01
r 93.4 0.01 3 14.9851 0.01
r 93.6 0.01 3 14.8694 0.01
r 93.8 0.01 3 14.7524 0.01
r 94 0.01 3 14.64 0.01
r 94.2 0.01 3 14.5233 0.01
r 94.4 0.01 3 14.4063 0.01
r 94.6 0.01 3 14.2899 0.01
r 94.8 0.01 3 14.174 0.01
r 95 0.01 3 14.0589 0.01
r 95.2 0.01 3 13.9438 0.01
r 95.4 0.01 3 13.8292 0.01
r 95.6 0.01 3 13.7151 0.01
r 95.8 0.01 3 13.6012 0.01
r 96 0.01 3 13.4884 0.01
r 96.2 0.01 3 13.3753 0.01
r 96.4 0.01 3 13.2635 0.01
r 96.6 0.01 3 13.1524 0.01
r 96.8 0.01 3 13.0425 0.01
r 97 0.01 3 12.9381 0.01
r 97.2 0.01 3 12.8275 0.01
r 97.4 0.01 3 12.7136 0.01
r 97.6 0.01 3 12.6005 0.01
r 97.8 0.01 3 12.4895 0.01
r 98 0.01 3 12.3765 0.01
r 98.2 0.01 3 12.2649 0.01
r 98.4 0.01 3 12.1515 0.01
r 98.6 0.01 3 12.0405 0.01
r 98.8 0.01 3 11.9304 0.01
r 99 0.01 3 11.8356 0.01
r 99.2 0.01 3 11.722 0.01
r 99.4 0.01 3 11.6091 0.01
r 99.6 0.01 3 11.4968 0.01
r 99.8 0.01 3 11.3851 0.01
r 100 0.01 3 11.2735 0.01
r 100.2 0.01 3 11.1639 0.01
r 100.4 0.01 3 11.055 0.01
r 100.6 0.01 3 10.9467 0.01
r 100.8 0.01 3 10.8399 0.01
r 101 0.01 3 10.7322 0.01
r 101.2 0.01 3 10.627 0.01
r 101.4 0.01 3 10.5208 0.01
r 101.6 0.01 3 10.4153 0.01
r 101.8 0.01 3 10.3104 0.01
r 102 0.01 3 10.2064 0.01
r 102.2 0.01 3 10.1055 0.01
r 102.4 0.01 3 10.002 0.01
r 102.6 0.01 3 9.90234 0.01
r 102.8 0.01 3 9.79671 0.01
r 103 0.01 3 9.72299 0.01
r 103.2 0.01 3 9.62465 0.01
r 103.4 0.01 3 9.48789 0.01
r 103.6 0.01 3 9.38907 0.01
r 103.8 0.01 3 9.32996 0.01
r 104 0.01 3 9.20704 0.01
r 104.2 0.01 3 9.11812 0.01
r 104.4 0.01 3 9.04057 0.01
r 104.6 0.01 3 8.95011 0.01
r 104.8 0.01 3 8.84979 0.01
r 105 0.01 3 8.7548 0.01
r 105.2 0.01 3 8.67164 0.01
r 105.4 0.01 3 8.59147 0.01
r 105.6 0.01 3 8.54063 0.01
r 105.8 0.01 3 8.40921 0.01
r 106 0.01 3 8.31856 0.01
r 106.2 0.01 3 8.25296 0.01
r 106.4 0.01 3 8.26218 0.01
r 106.6 0.01 3 8.05715 0.01
r 106.8 0.01 3 7.94575 0.01
r 107 0.01 3 7.90629 0.01
r 107.2 0.01 3 7.93411 0.01
r 107.4 0.01 3 7.69533 0.01
r 107.6 0.01 3 7.84843 0.01
r 107.8 0.01 3 7.49522 0.01
r 108 0.01 3 7.42456 0.01
r 108.2 0.01 3 7.3532 0.01
r 108.4 0.01 3 7.30374 0.01
r 108.6 0.01 3 7.26113 0.01
r 108.8 0.01 3 7.14687 0.01
r 109 0.01 3 7.3048 0.01
r 109.2 0.01 3 7.28016 0.01
r 109.4 0.01 3 6.88811 0.01
r 109.6 0.01 3 7.21142 0.01
r 109.8 0.01 3 6.75625 0.01
r 110 0.01 3 6.69578 0.01
r 110.2 0.01 3 7.0475 0.01
r 110.4 0.01 3 6.58083 0.01
r 110.6 0.01 3 6.52365 0.01
r 110.8 0.01 3 6.47214 0.01
r 111 0.01 3 6.42002 0.01
r 111.2 0.01 3 6.36852 0.01
r 111.4 0.01 3 6.32386 0.01
r 111.6 0.01 3 6.27978 0.01
r 111.8 0.01 3 6.24133 0.01
r 112 0.01 3 6.19641 0.01
r 112.2 0.01 3 6.1874 0.01
r 112.4 0.01 3 6.12449 0.01
r 112.6 0.01 3 6.09191 0.01
r 112.8 0.01 3 6.06772 0.01
r 113 0.01 3 6.03548 0.01
r 113.2 0.01 3 6.01112 0.01
r 113.4 0.01 3 5.99198 0.01
r 113.6 0.01 3 5.97792 0.01
r 113.8 0.01 3 5.95669 0.01
r 114 0.01 3 5.94489 0.01
r 114.2 0.01 3 5.93651 0.01
r 114.4 0.01 3 5.93132 0.01
r 114.6 0.01 3 5.93079 0.01
r 114.8 0.01 3 5.92912 0.01
r 115 0.01 3 5.93294 0.01
r 115.2 0.01 3 5.93926 0.01
r 115.4 0.01 3 5.94847 0.01
r 115.6 0.01 3 5.95921 0.01
r 115.8 0.01 3 5.97418 0.01
r 116 0.01 3 5.99212 0.01
r 116.2 0.01 3 6.0131 0.01
r 116.4 0.01 3 6.03691 0.01
r 116.6 0.01 3 6.07111 0.01
r 116.8 0.01 3 6.09366 0.01
r 117 0.01 3 6.12476 0.01
r 117.2 0.01 3 6.15515 0.01
r 117.4 0.01 3 6.19542 0.01
r 117.6 0.01 3 6.2321 0.01
r 117.8 0.01 3 6.2708 0.01
r 118 0.01 3 6.31591 0.01
r 118.2 0.01 3 6.36472 0.01
r 118.4 0.01 3 6.41056 0.01
r 118.6 0.01 3 6.47253 0.01
r 118.8 0.01 3 6.53189 0.01
r 119 0.01 3 6.57123 0.01
r 119.2 0.01 3 6.63032 0.01
r 119.4 0.01 3 6.69257 0.01
r 119.6 0.01 3 6.75887 0.01
r 119.8 0.01 3 6.8285 0.01
r 120 0.01 3 6.88921 0.01
r 120.2 0.01 3 6.95077 0.01
r 120.4 0.01 3 7.024 0.01
r 120.6 0.01 3 7.09641 0.01
r 120.8 0.01 3 7.17465 0.01
r 121 0.01 3 7.25399 0.01
r 121.2 0.01 3 7.33685 0.01
r 121.4 0.01 3 7.41341 0.01
r 121.6 0.01 3 7.49416 0.01
r 121.8 0.01 3 7.57171 0.01
r 122 0.01 3 7.66325 0.01
r 122.2 0.01 3 7.73773 0.01
r 122.4 0.01 3 7.82961 0.01
r 122.6 0.01 3 7.92915 0.01
r 122.8 0.01 3 8.01623 0.01
r 123 0.01 3 8.11634 0.01
r 123.2 0.01 3 8.22425 0.01
r 123.4 0.01 3 8.35157 0.01
r 123.6 0.01 3 8.43293 0.01
r 123.8 0.01 3 8.51407 0.01
r 124 0.01 3 8.6316 0.01
r 124.2 0.01 3 8.73606 0.01
r 124.4 0.01 3 8.76318 0.01
r 124.6 0.01 3 8.86296 0.01
r 124.8 0.01 3 8.9683 0.01
r 125 0.01 3 9.08659 0.01
r 125.2 0.01 3 9.20657 0.01
r 125.4 0.01 3 9.27606 0.01
r 125.6 0.01 3 9.44916 0.01
r 125.8 0.01 3 9.53131 0.01
r 126 0.01 3 9.64693 0.01
r 126.2 0.01 3 9.747 0.01
r 126.4 0.01 3 9.86834 0.01
r 126.6 0.01 3 10.025 0.01
r 126.8 0.01 3 10.0974 0.01
r 127 0.01 3 10.0867 0.01
r 127.2 0.01 3 10.1913 0.01
r 127.4 0.01 3 10.2913 0.01
r 127.6 0.01 3 10.4031 0.01
r 127.8 0.01 3 10.511 0.01
r 128 0.01 3 10.6176 0.01
r 128.2 0.01 3 10.7297 0.01
r 128.4 0.01 3 10.8379 0.01
r 128.6 0.01 3 10.9449 0.01
r 128.8 0.01 3 11.0551 0.01
r 129 0.01 3 11.1735 0.01
r 129.2 0.01 3 11.2842 0.01
r 129.4 0.01 3 11.4083 0.01
r 129.6 0.01 3 11.5163 0.01
r 129.8 0.01 3 11.6253 0.01
r 130 0.01 3 11.7354 0.01
r 130.2 0.01 3 11.8467 0.01
r 130.4 0.01 3 11.9606 0.01
r 130.6 0.01 3 12.0764 0.01
r 130.8 0.01 3 12.1916 0.01
r 131 0.01 3 12.3075 0.01
r 131.2 0.01 3 12.426 0.01
r 131.4 0.01 3 12.5421 0.01
r 131.6 0.01 3 12.6605 0.01
r 131.8 0.01 3 12.7776 0.01
r 132 0.01 3 12.8961 0.01
r 132.2 0.01 3 13.0155 0.01
r 132.4 0.01 3 13.1365 0.01
r 132.6 0.01 3 13.2582 0.01
r 132.8 0.01 3 13.3791 0.01
r 133 0.01 3 13.5013 0.01
r 133.2 0.01 3 13.6247 0.01
r 133.4 0.01 3 13.7485 0.01
r 133.6 0.01 3 13.8725 0.01
r 133.8 0.01 3 13.9929 0.01
r 134 0.01 3 14.1176 0.01
r 134.2 0.01 3 14.2426 0.01
r 134.4 0.01 3 14.368 0.01
r 134.6 0.01 3 14.4933 0.01
r 134.8 0.01 3 14.6189 0.01
r 135 0.01 3 14.7221 0.01
r 135.2 0.01 3 14.8449 0.01
r 135.4 0.01 3 14.968 0.01
r 135.6 0.01 3 15.0915 0.01
r 135.8 0.01 3 15.2124 0.01
r 136 0.01 3 15.3364 0.01
r 136.2 0.01 3 15.461 0.01
r 136.4 0.01 3 15.5865 0.01
r 136.6 0.01 3 15.7127 0.01
r 136.8 0.01 3 15.8392 0.01
r 137 0.01 3 15.9768 0.01
r 137.2 0.01 3 16.1004 0.01
r 137.4 0.01 3 16.2218 0.01
r 137.6 0.01 3 16.3454 0.01
r 137.8 0.01 3 16.4683 0.01
r 138 0.01 3 16.5927 0.01
r 138.2 0.01 3 16.7163 0.01
r 138.4 0.01 3 16.8419 0.01
r 138.6 0.01 3 16.9664 0.01
r 138.8 0.01 3 17.091 0.01
r 139 0.01 3 17.2107 0.01
r 139.2 0.01 3 17.3334 0.01
r 139.4 0.01 3 17.4567 0.01
r 139.6 0.01 3 17.5802 0.01
r 139.8 0.01 3 17.7048 0.01
r 140 0.01 3 17.8288 0.01
r 140.2 0.01 3 17.9538 0.01
r 140.4 0.01 3 18.0789 0.01
r 140.6 0.01 3 18.2034 0.01
r 140.8 0.01 3 18.329 0.01
r 141 0.01 3 18.4661 0.01
r 141.2 0.01 3 18.5942 0.01
r 141.4 0.01 3 18.7178 0.01
r 141.6 0.01 3 18.8417 0.01
r 141.8 0.01 3 18.9653 0.01
r 142 0.01 3 19.0894 0.01
r 142.2 0.01 3 19.2135 0.01
r 142.4 0.01 3 19.3381 0.01
r 142.6 0.01 3 19.4631 0.01
r 142.8 0.01 3 19.5886 0.01
r 143 0.01 3 19.714 0.01
r 143.2 0.01 3 19.8399 0.01
r 143.4 0.01 3 19.9662 0.01
r 143.6 0.01 3 20.0927 0.01
r 143.8 0.01 3 20.2194 0.01
r 144 0.01 3 20.3461 0.01
r 144.2 0.01 3 20.4731 0.01
r 144.4 0.01 3 20.5999 0.01
r 144.6 0.01 3 20.727 0.01
r 144.8 0.01 3 20.8542 0.01
r 145 0.01 3 20.9841 0.01
r 145.2 0.01 3 21.1106 0.01
r 145.4 0.01 3 21.2366 0.01
r 145.6 0.01 3 21.3627 0.01
r 145.8 0.01 3 21.4891 0.01
r 146 0.01 3 21.6156 0.01
r 146.2 0.01 3 21.7426 0.01
r 146.4 0.01 3 21.8696 0.01
r 146.6 0.01 3 21.997 0.01
r 146.8 0.01 3 22.1247 0.01
r 147 0.01 3 22.2564 0.01
r 147.2 0.01 3 22.3837 0.01
r 147.4 0.01 3 22.5118 0.01
r 147.6 0.01 3 22.6397 0.01
r 147.8 0.01 3 22.7677 0.01
r 148 0.01 3 22.896 0.01
r 148.2 0.01 3 23.0245 0.01
r 148.4 0.01 3 23.1546 0.01
r 148.6 0.01 3 23.283 0.01
r 148.8 0.01 3 23.4103 0.01
r 149 0.01 3 23.5379 0.01
r 149.2 0.01 3 23.6626 0.01
r 149.4 0.01 3 23.7875 0.01
r 149.6 0.01 3 23.9126 0.01
r 149.8 0.01 3 24.0375 0.01
r 150 0.01 3 24.1621 0.01
r 150.2 0.01 3 24.2876 0.01
r 150.4 0.01 3 24.4125 0.01
r 150.6 0.01 3 24.5385 0.01
r 150.8 0.01 3 24.665 0.01
r 151 0.01 3 24.8033 0.01
r 151.2 0.01 3 24.928 0.01
r 151.4 0.01 3 25.0532 0.01
r 151.6 0.01 3 25.178 0.01
r 151.8 0.01 3 25.3035 0.01
r 152 0.01 3 25.4291 0.01
r 152.2 0.01 3 25.5552 0.01
r 152.4 0.01 3 25.6812 0.01
r 152.6 0.01 3 25.8073 0.01
r 152.8 0.01 3 25.9336 0.01
r 153 0.01 3 26.0589 0.01
r 153.2 0.01 3 26.186 0.01
r 153.4 0.01 3 26.3132 0.01
r 153.6 0.01 3 26.4405 0.01
r 153.8 0.01 3 26.568 0.01
r 154 0.01 3 26.6953 0.01
r 154.2 0.01 3 26.8226 0.01
r 154.4 0.01 3 26.9502 0.01
r 154.6 0.01 3 27.0772 0.01
r 154.8 0.01 3 27.2048 0.01
r 155 0.01 3 27.3307 0.01
s 125 3 602
r 105 0.01 2 13.0598 0.01
r 105.2 0.01 2 12.94 0.01
r 105.4 0.01 2 12.8202 0.01
r 105.6 0.01 2 12.7003 0.01
r 105.8 0.01 2 12.5805 0.01
r 106 0.01 2 12.4607 0.01
r 106.2 0.01 2 12.341 0.01
r 106.4 0.01 2 12.2214 0.01
r 106.6 0.01 2 12.1019 0.01
r 106.8 0.01 2 11.9826 0.01
r 107 0.01 2 11.8634 0.01
r 107.2 0.01 2 11.7444 0.01
r 107.4 0.01 2 11.6255 0.01
r 107.6 0.01 2 11.5068 0.01
r 107.8 0.01 2 11.3881 0.01
r 108 0.01 2 11.2695 0.01
r 108.2 0.01 2 11.151 0.01
r 108.4 0.01 2 11.0325 0.01
r 108.6 0.01 2 10.9139 0.01
r 108.8 0.01 2 10.7952 0.01
r 109 0.01 2 10.6769 0.01
r 109.2 0.01 2 10.5579 0.01
r 109.4 0.01 2 10.4386 0.01
r 109.6 0.01 2 10.3191 0.01
r 109.8 0.01 2 10.1994 0.01
r 110 0.01 2 10.0794 0.01
r 110.2 0.01 2 9.95887 0.01
r 110.4 0.01 2 9.838 0.01
r 110.6 0.01 2 9.71698 0.01
r 110.8 0.01 2 9.59588 0.01
r 111 0.01 2 9.47412 0.01
r 111.2 0.01 2 9.35215 0.01
r 111.4 0.01 2 9.22989 0.01
r 111.6 0.01 2 9.10737 0.01
r 111.8 0.01 2 8.98427 0.01
r 112 0.01 2 8.86093 0.01
r 112.2 0.01 2 8.73664 0.01
r 112.4 0.01 2 8.61235 0.01
r 112.6 0.01 2 8.48759 0.01
r 112.8 0.01 2 8.36264 0.01
r 113 0.01 2 8.23744 0.01
r 113.2 0.01 2 8.11202 0.01
r 113.4 0.01 2 7.98653 0.01
r 113.6 0.01 2 7.86064 0.01
r 113.8 0.01 2 7.73486 0.01
r 114 0.01 2 7.60959 0.01
r 114.2 0.01 2 7.48365 0.01
r 114.4 0.01 2 7.3575 0.01
r 114.6 0.01 2 7.23186 0.01
r 114.8 0.01 2 7.10659 0.01
r 115 0.01 2 6.98022 0.01
r 115.2 0.01 2 6.85498 0.01
r 115.4 0.01 2 6.72931 0.01
r 115.6 0.01 2 6.60398 0.01
r 115.8 0.01 2 6.47831 0.01
r 116 0.01 2 6.35289 0.01
r 116.2 0.01 2 6.22785 0.01
r 116.4 0.01 2 6.10283 0.01
r 116.6 0.01 2 5.97818 0.01
r 116.8 0.01 2 5.85377 0.01
r 117 0.01 2 5.7291 0.01
r 117.2 0.01 2 5.60461 0.01
r 117.4 0.01 2 5.4808 0.01
r 117.6 0.01 2 5.35738 0.01
r 117.8 0.01 2 5.23446 0.01
r 118 0.01 2 5.11202 0.01
r 118.2 0.01 2 4.99021 0.01
r 118.4 0.01 2 4.86963 0.01
r 118.6 0.01 2 4.74769 0.01
r 118.8 0.01 2 4.62748 0.01
r 119 0.01 2 4.5078 0.01
r 119.2 0.01 2 4.38894 0.01
r 119.4 0.01 2 4.27091 0.01
r 119.6 0.01 2 4.15392 0.01
r 119.8 0.01 2 4.03794 0.01
r 120 0.01 2 3.92274 0.01
r 120.2 0.01 2 3.80916 0.01
r 120.4 0.01 2 3.69844 0.01
r 120.6 0.01 2 3.58525 0.01
r 120.8 0.01 2 3.47537 0.01
r 121 0.01 2 3.36706 0.01
r 121.2 0.01 2 3.26046 0.01
r 121.4 0.01 2 3.15586 0.01
r 121.6 0.01 2 3.05353 0.01
r 121.8 0.01 2 2.95375 0.01
r 122 0.01 2 2.85688 0.01
r 122.2 0.01 2 2.76273 0.01
r 122.4 0.01 2 2.67275 0.01
r 122.6 0.01 2 2.58652 0.01
r 122.8 0.01 2 2.50482 0.01
r 123 0.01 2 2.42556 0.01
r 123.2 0.01 2 2.35309 0.01
r 123.4 0.01 2 2.28627 0.01
r 123.6 0.01 2 2.22559 0.01
r 123.8 0.01 2 2.1718 0.01
r 124 0.01 2 2.12509 0.01
r 124.2 0.01 2 2.08619 0.01
r 124.4 0.01 2 2.0557 0.01
r 124.6 0.01 2 2.03356 0.01
r 124.8 0.01 2 2.02014 0.01
r 125 0.01 2 2.01768 0.01
r 125.2 0.01 2 2.01978 0.01
r 125.4 0.01 2 2.03351 0.01
r 125.6 0.01 2 2.05429 0.01
r 125.8 0.01 2 2.08471 0.01
r 126 0.01 2 2.12328 0.01
r 126.2 0.01 2 2.16953 0.01
r 126.4 0.01 2 2.22313 0.01
r 126.6 0.01 2 2.28347 0.01
r 126.8 0.01 2 2.35022 0.01
r 127 0.01 2 2.42296 0.01
r 127.2 0.01 2 2.50215 0.01
r 127.4 0.01 2 2.5826 0.01
r 127.6 0.01 2 2.66807 0.01
r 127.8 0.01 2 2.75732 0.01
r 128 0.01 2 2.8506 0.01
r 128.2 0.01 2 2.94683 0.01
r 128.4 0.01 2 3.04603 0.01
r 128.6 0.01 2 3.14777 0.01
r 128.8 0.01 2 3.25167 0.01
r 129 0.01 2 3.35953 0.01
r 129.2 0.01 2 3.46727 0.01
r 129.4 0.01 2 3.57636 0.01
r 129.6 0.01 2 3.68577 0.01
r 129.8 0.01 2 3.79712 0.01
r 130 0.01 2 3.91058 0.01
r 130.2 0.01 2 4.02489 0.01
r 130.4 0.01 2 4.14036 0.01
r 130.6 0.01 2 4.25664 0.01
r 130.8 0.01 2 4.37372 0.01
r 131 0.01 2 4.49213 0.01
r 131.2 0.01 2 4.61057 0.01
r 131.4 0.01 2 4.73015 0.01
r 131.6 0.01 2 4.85188 0.01
r 131.8 0.01 2 4.97205 0.01
r 132 0.01 2 5.09253 0.01
r 132.2 0.01 2 5.21501 0.01
r 132.4 0.01 2 5.33841 0.01
r 132.6 0.01 2 5.46209 0.01
r 132.8 0.01 2 5.5867 0.01
r 133 0.01 2 5.71226 0.01
r 133.2 0.01 2 5.83835 0.01
r 133.4 0.01 2 5.9649 0.01
r 133.6 0.01 2 6.09302 0.01
r 133.8 0.01 2 6.21955 0.01
r 134 0.01 2 6.34651 0.01
r 134.2 0.01 2 6.47361 0.01
r 134.4 0.01 2 6.6009 0.01
r 134.6 0.01 2 6.72781 0.01
r 134.8 0.01 2 6.85512 0.01
r 135 0.01 2 6.98245 0.01
r 135.2 0.01 2 7.10926 0.01
r 135.4 0.01 2 7.23652 0.01
r 135.6 0.01 2 7.36373 0.01
r 135.8 0.01 2 7.49144 0.01
r 136 0.01 2 7.61919 0.01
r 136.2 0.01 2 7.74741 0.01
r 136.4 0.01 2 7.87596 0.01
r 136.6 0.01 2 8.00509 0.01
r 136.8 0.01 2 8.13445 0.01
r 137 0.01 2 8.26406 0.01
r 137.2 0.01 2 8.39408 0.01
r 137.4 0.01 2 8.52419 0.01
r 137.6 0.01 2 8.6547 0.01
r 137.8 0.01 2 8.78468 0.01
r 138 0.01 2 8.91478 0.01
r 138.2 0.01 2 9.04522 0.01
r 138.4 0.01 2 9.17477 0.01
r 138.6 0.01 2 9.30344 0.01
r 138.8 0.01 2 9.43229 0.01
r 139 0.01 2 9.56086 0.01
r 139.2 0.01 2 9.68926 0.01
r 139.4 0.01 2 9.81743 0.01
r 139.6 0.01 2 9.94569 0.01
r 139.8 0.01 2 10.0738 0.01
r 140 0.01 2 10.2024 0.01
r 140.2 0.01 2 10.3305 0.01
r 140.4 0.01 2 10.4591 0.01
r 140.6 0.01 2 10.5875 0.01
r 140.8 0.01 2 10.7163 0.01
r 141 0.01 2 10.8454 0.01
r 141.2 0.01 2 10.9743 0.01
r 141.4 0.01 2 11.1034 0.01
r 141.6 0.01 2 11.2326 0.01
r 141.8 0.01 2 11.3619 0.01
r 142 0.01 2 11.4911 0.01
r 142.2 0.01 2 11.6203 0.01
r 142.4 0.01 2 11.7495 0.01
r 142.6 0.01 2 11.8788 0.01
r 142.8 0.01 2 12.008 0.01
r 143 0.01 2 12.1371 0.01
r 143.2 0.01 2 12.2663 0.01
r 143.4 0.01 2 12.3955 0.01
r 143.6 0.01 2 12.5248 0.01
r 143.8 0.01 2 12.6539 0.01
r 144 0.01 2 12.7831 0.01
r 144.2 0.01 2 12.9122 0.01
r 144.4 0.01 2 13.0413 0.01
r 144.6 0.01 2 13.1703 0.01
r 144.8 0.01 2 13.2993 0.01
r 145 0.01 2 13.4281 0.01
r 85 0.01 3 26.3065 0.01
r 85.2 0.01 3 26.1867 0.01
r 85.4 0.01 3 26.0668 0.01
r 85.6 0.01 3 25.9471 0.01
r 85.8 0.01 3 25.8265 0.01
r 86 0.01 3 25.7061 0.01
r 86.2 0.01 3 25.5859 0.01
r 86.4 0.01 3 25.4637 0.01
r 86.6 0.01 3 25.3416 0.01
r 86.8 0.01 3 25.2199 0.01
r 87 0.01 3 25.082 0.01
r 87.2 0.01 3 24.9602 0.01
r 87.4 0.01 3 24.8384 0.01
r 87.6 0.01 3 24.7169 0.01
r 87.8 0.01 3 24.5953 0.01
r 88 0.01 3 24.4744 0.01
r 88.2 0.01 3 24.3542 0.01
r 88.4 0.01 3 24.2322 0.01
r 88.6 0.01 3 24.1119 0.01
r 88.8 0.01 3 23.9901 0.01
r 89 0.01 3 23.8685 0.01
r 89.2 0.01 3 23.7475 0.01
r 89.4 0.01 3 23.6262 0.01
r 89.6 0.01 3 23.5051 0.01
r 89.8 0.01 3 23.384 0.01
r 90 0.01 3 23.263 0.01
r 90.2 0.01 3 23.1421 0.01
r 90.4 0.01 3 23.0202 0.01
r 90.6 0.01 3 22.8979 0.01
r 90.8 0.01 3 22.7766 0.01
r 91 0.01 3 22.6586 0.01
r 91.2 0.01 3 22.5382 0.01
r 91.4 0.01 3 22.4178 0.01
r 91.6 0.01 3 22.2978 0.01
r 91.8 0.01 3 22.1782 0.01
r 92 0.01 3 22.0594 0.01
r 92.2 0.01 3 21.9404 0.01
r 92.4 0.01 3 21.8212 0.01
r 92.6 0.01 3 21.7014 0.01
r 92.8 0.01 3 21.5823 0.01
r 93 0.01 3 21.431 0.01
r 93.2 0.01 3 21.3122 0.01
r 93.4 0.01 3 21.1928 0.01
r 93.6 0.01 3 21.0739 0.01
r 93.8 0.01 3 20.9549 0.01
r 94 0.01 3 20.8358 0.01
r 94.2 0.01 3 20.7173 0.01
r 94.4 0.01 3 20.5987 0.01
r 94.6 0.01 3 20.4802 0.01
r 94.8 0.01 3 20.3617 0.01
r 95 0.01 3 20.2359 0.01
r 95.2 0.01 3 20.117 0.01
r 95.4 0.01 3 19.9982 0.01
r 95.6 0.01 3 19.8795 0.01
r 95.8 0.01 3 19.7608 0.01
r 96 0.01 3 19.6422 0.01
r 96.2 0.01 3 19.5239 0.01
r 96.4 0.01 3 19.4058 0.01
r 96.6 0.01 3 19.2874 0.01
r 96.8 0.01 3 19.1693 0.01
r 97 0.01 3 19.0515 0.01
r 97.2 0.01 3 18.9338 0.01
r 97.4 0.01 3 18.8162 0.01
r 97.6 0.01 3 18.6989 0.01
r 97.8 0.01 3 18.5817 0.01
r 98 0.01 3 18.4648 0.01
r 98.2 0.01 3 18.3484 0.01
r 98.4 0.01 3 18.2319 0.01
r 98.6 0.01 3 18.1143 0.01
r 98.8 0.01 3 17.9924 0.01
r 99 0.01 3 17.8699 0.01
r 99.2 0.01 3 17.7518 0.01
r 99.4 0.01 3 17.6337 0.01
r 99.6 0.01 3 17.5155 0.01
r 99.8 0.01 3 17.3977 0.01
r 100 0.01 3 17.2798 0.01
r 100.2 0.01 3 17.1621 0.01
r 100.4 0.01 3 17.0444 0.01
r 100.6 0.01 3 16.9273 0.01
r 100.8 0.01 3 16.8101 0.01
r 101 0.01 3 16.6862 0.01
r 101.2 0.01 3 16.5676 0.01
r 101.4 0.01 3 16.4492 0.01
r 101.6 0.01 3 16.3311 0.01
r 101.8 0.01 3 16.2133 0.01
r 102 0.01 3 16.0961 0.01
r 102.2 0.01 3 15.9791 0.01
r 102.4 0.01 3 15.8626 0.01
r 102.6 0.01 3 15.7454 0.01
r 102.8 0.01 3 15.6297 0.01
r 103 0.01 3 15.5143 0.01
r 103.2 0.01 3 15.3992 0.01
r 103.4 0.01 3 15.2845 0.01
r 103.6 0.01 3 15.1714 0.01
r 103.8 0.01 3 15.0573 0.01
r 104 0.01 3 14.9437 0.01
r 104.2 0.01 3 14.8295 0.01
r 104.4 0.01 3 14.7171 0.01
r 104.6 0.01 3 14.6058 0.01
r 104.8 0.01 3 14.4949 0.01
r 105 0.01 3 14.3713 0.01
r 105.2 0.01 3 14.2569 0.01
r 105.4 0.01 3 14.1427 0.01
r 105.6 0.01 3 14.029 0.01
r 105.8 0.01 3 13.9157 0.01
r 106 0.01 3 13.8035 0.01
r 106.2 0.01 3 13.6914 0.01
r 106.4 0.01 3 13.5802 0.01
r 106.6 0.01 3 13.4632 0.01
r 106.8 0.01 3 13.3514 0.01
r 107 0.01 3 13.2554 0.01
r 107.2 0.01 3 13.1417 0.01
r 107.4 0.01 3 13.0285 0.01
r 107.6 0.01 3 12.9162 0.01
r 107.8 0.01 3 12.8043 0.01
r 108 0.01 3 12.6925 0.01
r 108.2 0.01 3 12.5853 0.01
r 108.4 0.01 3 12.4711 0.01
r 108.6 0.01 3 12.3608 0.01
r 108.8 0.01 3 12.251 0.01
r 109 0.01 3 12.1725 0.01
r 109.2 0.01 3 12.0596 0.01
r 109.4 0.01 3 11.9473 0.01
r 109.6 0.01 3 11.8353 0.01
r 109.8 0.01 3 11.7242 0.01
r 110 0.01 3 11.6129 0.01
r 110.2 0.01 3 11.5028 0.01
r 110.4 0.01 3 11.393 0.01
r 110.6 0.01 3 11.286 0.01
r 110.8 0.01 3 11.179 0.01
r 111 0.01 3 11.0752 0.01
r 111.2 0.01 3 10.97 0.01
r 111.4 0.01 3 10.8654 0.01
r 111.6 0.01 3 10.7614 0.01
r 111.8 0.01 3 10.6581 0.01
r 112 0.01 3 10.5561 0.01
r 112.2 0.01 3 10.4547 0.01
r 112.4 0.01 3 10.3539 0.01
r 112.6 0.01 3 10.2511 0.01
r 112.8 0.01 3 10.152 0.01
r 113 0.01 3 10.0511 0.01
r 113.2 0.01 3 9.95419 0.01
r 113.4 0.01 3 9.85835 0.01
r 113.6 0.01 3 9.76015 0.01
r 113.8 0.01 3 9.67153 0.01
r 114 0.01 3 9.57192 0.01
r 114.2 0.01 3 9.47071 0.01
r 114.4 0.01 3 9.38281 0.01
r 114.6 0.01 3 9.29854 0.01
r 114.8 0.01 3 9.21126 0.01
r 115 0.01 3 9.13497 0.01
r 115.2 0.01 3 9.00356 0.01
r 115.4 0.01 3 8.9109 0.01
r 115.6 0.01 3 8.80533 0.01
r 115.8 0.01 3 8.72559 0.01
r 116 0.01 3 8.59287 0.01
r 116.2 0.01 3 8.60383 0.01
r 116.4 0.01 3 8.45138 0.01
r 116.6 0.01 3 8.3499 0.01
r 116.8 0.01 3 8.24413 0.01
r 117 0.01 3 8.12699 0.01
r 117.2 0.01 3 8.06633 0.01
r 117.4 0.01 3 7.96822 0.01
r 117.6 0.01 3 7.86516 0.01
r 117.8 0.01 3 7.79964 0.01
r 118 0.01 3 7.69898 0.01
r 118.2 0.01 3 7.62307 0.01
r 118.4 0.01 3 7.54105 0.01
r 118.6 0.01 3 7.46358 0.01
r 118.8 0.01 3 7.38011 0.01
r 119 0.01 3 7.30512 0.01
r 119.2 0.01 3 7.22668 0.01
r 119.4 0.01 3 7.15466 0.01
r 119.6 0.01 3 7.08086 0.01
r 119.8 0.01 3 7.01207 0.01
r 120 0.01 3 6.94554 0.01
r 120.2 0.01 3 6.88104 0.01
r 120.4 0.01 3 6.81786 0.01
r 120.6 0.01 3 6.75715 0.01
r 120.8 0.01 3 6.69925 0.01
r 121 0.01 3 6.6422 0.01
r 121.2 0.01 3 6.58856 0.01
r 121.4 0.01 3 6.53691 0.01
r 121.6 0.01 3 6.48707 0.01
r 121.8 0.01 3 6.44045 0.01
r 122 0.01 3 6.39539 0.01
r 122.2 0.01 3 6.35322 0.01
r 122.4 0.01 3 6.31367 0.01
r 122.6 0.01 3 6.27715 0.01
r 122.8 0.01 3 6.24292 0.01
r 123 0.01 3 6.21109 0.01
r 123.2 0.01 3 6.1835 0.01
r 123.4 0.01 3 6.15642 0.01
r 123.6 0.01 3 6.13373 0.01
r 123.8 0.01 3 6.11384 0.01
r 124 0.01 3 6.0971 0.01
r 124.2 0.01 3 6.08326 0.01
r 124.4 0.01 3 6.07274 0.01
r 124.6 0.01 3 6.06463 0.01
r 124.8 0.01 3 6.05962 0.01
r 125 0.01 3 6.05823 0.01
r 125.2 0.01 3 6.05972 0.01
r 125.4 0.01 3 6.06424 0.01
r 125.6 0.01 3 6.06983 0.01
r 125.8 0.01 3 6.07985 0.01
r 126 0.01 3 6.09288 0.01
r 126.2 0.01 3 6.10898 0.01
r 126.4 0.01 3 6.12806 0.01
r 126.6 0.01 3 6.15615 0.01
r 126.8 0.01 3 6.17666 0.01
r 127 0.01 3 6.20702 0.01
r 127.2 0.01 3 6.23476 0.01
r 127.4 0.01 3 6.27035 0.01
r 127.6 0.01 3 6.30428 0.01
r 127.8 0.01 3 6.34202 0.01
r 128 0.01 3 6.3848 0.01
r 128.2 0.01 3 6.43102 0.01
r 128.4 0.01 3 6.48053 0.01
r 128.6 0.01 3 6.52137 0.01
r 128.8 0.01 3 6.57662 0.01
r 129 0.01 3 6.6584 0.01
r 129.2 0.01 3 6.71598 0.01
r 129.4 0.01 3 6.77956 0.01
r 129.6 0.01 3 6.8575 0.01
r 129.8 0.01 3 6.88272 0.01
r 130 0.01 3 6.93079 0.01
r 130.2 0.01 3 7.0302 0.01
r 130.4 0.01 3 7.08672 0.01
r 130.6 0.01 3 7.14791 0.01
r 130.8 0.01 3 7.21412 0.01
r 131 0.01 3 7.38287 0.01
r 131.2 0.01 3 7.55564 0.01
r 131.4 0.01 3 7.46018 0.01
r 131.6 0.01 3 7.59076 0.01
r 131.8 0.01 3 7.73903 0.01
r 132 0.01 3 7.85178 0.01
r 132.2 0.01 3 7.91496 0.01
r 132.4 0.01 3 7.98611 0.01
r 132.6 0.01 3 8.06949 0.01
r 132.8 0.01 3 8.13407 0.01
r 133 0.01 3 8.15262 0.01
r 133.2 0.01 3 8.32036 0.01
r 133.4 0.01 3 8.41866 0.01
r 133.6 0.01 3 8.50633 0.01
r 133.8 0.01 3 8.57492 0.01
r 134 0.01 3 8.67738 0.01
r 134.2 0.01 3 8.75545 0.01
r 134.4 0.01 3 8.8974 0.01
r 134.6 0.01 3 8.91446 0.01
r 134.8 0.01 3 9.05688 0.01
r 135 0.01 3 9.10423 0.01
r 135.2 0.01 3 9.23107 0.01
r 135.4 0.01 3 9.30615 0.01
r 135.6 0.01 3 9.41581 0.01
r 135.8 0.01 3 9.51067 0.01
r 136 0.01 3 9.61808 0.01
r 136.2 0.01 3 9.69889 0.01
r 136.4 0.01 3 9.80009 0.01
r 136.6 0.01 3 9.90698 0.01
r 136.8 0.01 3 10.0082 0.01
r 137 0.01 3 10.1105 0.01
r 137.2 0.01 3 10.2131 0.01
r 137.4 0.01 3 10.318 0.01
r 137.6 0.01 3 10.4292 0.01
r 137.8 0.01 3 10.5335 0.01
r 138 0.01 3 10.6376 0.01
r 138.2 0.01 3 10.7456 0.01
r 138.4 0.01 3 10.8544 0.01
r 138.6 0.01 3 10.9638 0.01
r 138.8 0.01 3 11.0741 0.01
r 139 0.01 3 11.2342 0.01
r 139.2 0.01 3 11.3491 0.01
r 139.4 0.01 3 11.4502 0.01
r 139.6 0.01 3 11.5554 0.01
r 139.8 0.01 3 11.6626 0.01
r 140 0.01 3 11.7729 0.01
r 140.2 0.01 3 11.8802 0.01
r 140.4 0.01 3 11.9892 0.01
r 140.6 0.01 3 12.0976 0.01
r 140.8 0.01 3 12.2076 0.01
r 141 0.01 3 12.3268 0.01
r 141.2 0.01 3 12.4639 0.01
r 141.4 0.01 3 12.5705 0.01
r 141.6 0.01 3 12.6794 0.01
r 141.8 0.01 3 12.7901 0.01
r 142 0.01 3 12.9012 0.01
r 142.2 0.01 3 13.0134 0.01
r 142.4 0.01 3 13.1268 0.01
r 142.6 0.01 3 13.2426 0.01
r 142.8 0.01 3 13.3595 0.01
r 143 0.01 3 13.4767 0.01
r 143.2 0.01 3 13.6004 0.01
r 143.4 0.01 3 13.7178 0.01
r 143.6 0.01 3 13.8357 0.01
r 143.8 0.01 3 13.9554 0.01
r 144 0.01 3 14.0748 0.01
r 144.2 0.01 3 14.1947 0.01
r 144.4 0.01 3 14.3145 0.01
r 144.6 0.01 3 14.4347 0.01
r 144.8 0.01 3 14.5559 0.01
r 145 0.01 3 14.6882 0.01
r 145.2 0.01 3 14.8067 0.01
r 145.4 0.01 3 14.926 0.01
r 145.6 0.01 3 15.0461 0.01
r 145.8 0.01 3 15.1666 0.01
r 146 0.01 3 15.2878 0.01
r 146.2 0.01 3 15.4133 0.01
r 146.4 0.01 3 15.5356 0.01
r 146.6 0.01 3 15.6581 0.01
r 146.8 0.01 3 15.781 0.01
r 147 0.01 3 15.9565 0.01
r 147.2 0.01 3 16.0759 0.01
r 147.4 0.01 3 16.1963 0.01
r 147.6 0.01 3 16.3174 0.01
r 147.8 0.01 3 16.439 0.01
r 148 0.01 3 16.5611 0.01
r 148.2 0.01 3 16.6833 0.01
r 148.4 0.01 3 16.806 0.01
r 148.6 0.01 3 16.93 0.01
r 148.8 0.01 3 17.0546 0.01
r 149 0.01 3 17.178 0.01
r 149.2 0.01 3 17.3073 0.01
r 149.4 0.01 3 17.4308 0.01
r 149.6 0.01 3 17.5551 0.01
r 149.8 0.01 3 17.6794 0.01
r 150 0.01 3 17.8038 0.01
r 150.2 0.01 3 17.9278 0.01
r 150.4 0.01 3 18.0526 0.01
r 150.6 0.01 3 18.1777 0.01
r 150.8 0.01 3 18.3029 0.01
r 151 0.01 3 18.4378 0.01
r 151.2 0.01 3 18.5609 0.01
r 151.4 0.01 3 18.6843 0.01
r 151.6 0.01 3 18.8092 0.01
r 151.8 0.01 3 18.9335 0.01
r 152 0.01 3 19.0579 0.01
r 152.2 0.01 3 19.1829 0.01
r 152.4 0.01 3 19.3083 0.01
r 152.6 0.01 3 19.434 0.01
r 152.8 0.01 3 19.56 0.01
r 153 0.01 3 19.6853 0.01
r 153.2 0.01 3 19.8118 0.01
r 153.4 0.01 3 19.9387 0.01
r 153.6 0.01 3 20.0655 0.01
r 153.8 0.01 3 20.1924 0.01
r 154 0.01 3 20.3195 0.01
r 154.2 0.01 3 20.4467 0.01
r 154.4 0.01 3 20.574 0.01
r 154.6 0.01 3 20.7012 0.01
r 154.8 0.01 3 20.8284 0.01
r 155 0.01 3 20.9603 0.01
r 155.2 0.01 3 21.086 0.01
r 155.4 0.01 3 21.2122 0.01
r 155.6 0.01 3 21.3385 0.01
r 155.8 0.01 3 21.4651 0.01
r 156 0.01 3 21.5919 0.01
r 156.2 0.01 3 21.719 0.01
r 156.4 0.01 3 21.8462 0.01
r 156.6 0.01 3 21.9736 0.01
r 156.8 0.01 3 22.1012 0.01
r 157 0.01 3 22.2329 0.01
r 157.2 0.01 3 22.36 0.01
r 157.4 0.01 3 22.4863 0.01
r 157.6 0.01 3 22.6132 0.01
r 157.8 0.01 3 22.7402 0.01
r 158 0.01 3 22.8674 0.01
r 158.2 0.01 3 22.995 0.01
r 158.4 0.01 3 23.1225 0.01
r 158.6 0.01 3 23.2502 0.01
r 158.8 0.01 3 23.3775 0.01
r 159 0.01 3 23.5052 0.01
r 159.2 0.01 3 23.6329 0.01
r 159.4 0.01 3 23.7607 0.01
r 159.6 0.01 3 23.8886 0.01
r 159.8 0.01 3 24.0167 0.01
r 160 0.01 3 24.1446 0.01
r 160.2 0.01 3 24.2728 0.01
r 160.4 0.01 3 24.4009 0.01
r 160.6 0.01 3 24.5292 0.01
r 160.8 0.01 3 24.6576 0.01
r 161 0.01 3 24.786 0.01
r 161.2 0.01 3 24.9146 0.01
r 161.4 0.01 3 25.0429 0.01
r 161.6 0.01 3 25.1715 0.01
r 161.8 0.01 3 25.3 0.01
r 162 0.01 3 25.4285 0.01
r 162.2 0.01 3 25.5559 0.01
r 162.4 0.01 3 25.6842 0.01
r 162.6 0.01 3 25.8125 0.01
r 162.8 0.01 3 25.9404 0.01
r 163 0.01 3 26.0757 0.01
r 163.2 0.01 3 26.2031 0.01
r 163.4 0.01 3 26.3303 0.01
r 163.6 0.01 3 26.4576 0.01
r 163.8 0.01 3 26.5848 0.01
r 164 0.01 3 26.7118 0.01
r 164.2 0.01 3 26.8391 0.01
r 164.4 0.01 3 26.9661 0.01
r 164.6 0.01 3 27.0923 0.01
r 164.8 0.01 3 27.2194 0.01
r 165 0.01 3 27.3506 0.01
s 135 3 602
r 115 0.01 2 13.432 0.01
r 115.2 0.01 2 13.3048 0.01
r 115.4 0.01 2 13.1774 0.01
r 115.6 0.01 2 13.0498 0.01
r 115.8 0.01 2 12.9219 0.01
r 116 0.01 2 12.7938 0.01
r 116.2 0.01 2 12.6656 0.01
r 116.4 0.01 2 12.5374 0.01
r 116.6 0.01 2 12.4088 0.01
r 116.8 0.01 2 12.2804 0.01
r 117 0.01 2 12.1518 0.01
r 117.2 0.01 2 12.023 0.01
r 117.4 0.01 2 11.8943 0.01
r 117.6 0.01 2 11.7657 0.01
r 117.8 0.01 2 11.6372 0.01
r 118 0.01 2 11.5087 0.01
r 118.2 0.01 2 11.3803 0.01
r 118.4 0.01 2 11.2518 0.01
r 118.6 0.01 2 11.1234 0.01
r 118.8 0.01 2 10.9952 0.01
r 119 0.01 2 10.8665 0.01
r 119.2 0.01 2 10.7379 0.01
r 119.4 0.01 2 10.6093 0.01
r 119.6 0.01 2 10.4806 0.01
r 119.8 0.01 2 10.3518 0.01
r 120 0.01 2 10.223 0.01
r 120.2 0.01 2 10.0941 0.01
r 120.4 0.01 2 9.96523 0.01
r 120.6 0.01 2 9.83618 0.01
r 120.8 0.01 2 9.70695 0.01
r 121 0.01 2 9.57808 0.01
r 121.2 0.01 2 9.4487 0.01
r 121.4 0.01 2 9.31934 0.01
r 121.6 0.01 2 9.18998 0.01
r 121.8 0.01 2 9.06068 0.01
r 122 0.01 2 8.93136 0.01
r 122.2 0.01 2 8.80216 0.01
r 122.4 0.01 2 8.67303 0.01
r 122.6 0.01 2 8.5441 0.01
r 122.8 0.01 2 8.41522 0.01
r 123 0.01 2 8.28652 0.01
r 123.2 0.01 2 8.15808 0.01
r 123.4 0.01 2 8.02961 0.01
r 123.6 0.01 2 7.90137 0.01
r 123.8 0.01 2 7.77347 0.01
r 124 0.01 2 7.64572 0.01
r 124.2 0.01 2 7.51828 0.01
r 124.4 0.01 2 7.39126 0.01
r 124.6 0.01 2 7.26405 0.01
r 124.8 0.01 2 7.1377 0.01
r 125 0.01 2 7.01109 0.01
r 125.2 0.01 2 6.8849 0.01
r 125.4 0.01 2 6.75947 0.01
r 125.6 0.01 2 6.63376 0.01
r 125.8 0.01 2 6.50742 0.01
r 126 0.01 2 6.3817 0.01
r 126.2 0.01 2 6.25608 0.01
r 126.4 0.01 2 6.13047 0.01
r 126.6 0.01 2 6.00448 0.01
r 126.8 0.01 2 5.87837 0.01
r 127 0.01 2 5.75191 0.01
r 127.2 0.01 2 5.62594 0.01
r 127.4 0.01 2 5.50017 0.01
r 127.6 0.01 2 5.37468 0.01
r 127.8 0.01 2 5.24948 0.01
r 128 0.01 2 5.12499 0.01
r 128.2 0.01 2 5.00072 0.01
r 128.4 0.01 2 4.87748 0.01
r 128.6 0.01 2 4.75506 0.01
r 128.8 0.01 2 4.63192 0.01
r 129 0.01 2 4.51039 0.01
r 129.2 0.01 2 4.38975 0.01
r 129.4 0.01 2 4.27002 0.01
r 129.6 0.01 2 4.15124 0.01
r 129.8 0.01 2 4.03299 0.01
r 130 0.01 2 3.91585 0.01
r 130.2 0.01 2 3.80012 0.01
r 130.4 0.01 2 3.68724 0.01
r 130.6 0.01 2 3.5725 0.01
r 130.8 0.01 2 3.46097 0.01
r 131 0.01 2 3.35119 0.01
r 131.2 0.01 2 3.24333 0.01
r 131.4 0.01 2 3.1378 0.01
r 131.6 0.01 2 3.03482 0.01
r 131.8 0.01 2 2.93502 0.01
r 132 0.01 2 2.83864 0.01
r 132.2 0.01 2 2.74531 0.01
r 132.4 0.01 2 2.65611 0.01
r 132.6 0.01 2 2.57029 0.01
r 132.8 0.01 2 2.48898 0.01
r 133 0.01 2 2.41164 0.01
r 133.2 0.01 2 2.33983 0.01
r 133.4 0.01 2 2.27373 0.01
r 133.6 0.01 2 2.21405 0.01
r 133.8 0.01 2 2.16115 0.01
r 134 0.01 2 2.11529 0.01
r 134.2 0.01 2 2.07715 0.01
r 134.4 0.01 2 2.04683 0.01
r 134.6 0.01 2 2.02503 0.01
r 134.8 0.01 2 2.01208 0.01
r 135 0.01 2 2.01055 0.01
r 135.2 0.01 2 2.01305 0.01
r 135.4 0.01 2 2.02712 0.01
r 135.6 0.01 2 2.0483 0.01
r 135.8 0.01 2 2.07909 0.01
r 136 0.01 2 2.11802 0.01
r 136.2 0.01 2 2.1647 0.01
r 136.4 0.01 2 2.2186 0.01
r 136.6 0.01 2 2.27907 0.01
r 136.8 0.01 2 2.34582 0.01
r 137 0.01 2 2.41849 0.01
r 137.2 0.01 2 2.49636 0.01
r 137.4 0.01 2 2.57743 0.01
r 137.6 0.01 2 2.66402 0.01
r 137.8 0.01 2 2.75367 0.01
r 138 0.01 2 2.84766 0.01
r 138.2 0.01 2 2.9438 0.01
r 138.4 0.01 2 3.04299 0.01
r 138.6 0.01 2 3.1446 0.01
r 138.8 0.01 2 3.24871 0.01
r 139 0.01 2 3.35665 0.01
r 139.2 0.01 2 3.46498 0.01
r 139.4 0.01 2 3.57398 0.01
r 139.6 0.01 2 3.68425 0.01
r 139.8 0.01 2 3.79577 0.01
r 140 0.01 2 3.9095 0.01
r 140.2 0.01 2 4.02451 0.01
r 140.4 0.01 2 4.14075 0.01
r 140.6 0.01 2 4.25778 0.01
r 140.8 0.01 2 4.37574 0.01
r 141 0.01 2 4.49501 0.01
r 141.2 0.01 2 4.61413 0.01
r 141.4 0.01 2 4.73446 0.01
r 141.6 0.01 2 4.85699 0.01
r 141.8 0.01 2 4.97783 0.01
r 142 0.01 2 5.09843 0.01
r 142.2 0.01 2 5.22105 0.01
r 142.4 0.01 2 5.34408 0.01
r 142.6 0.01 2 5.46765 0.01
r 142.8 0.01 2 5.5913 0.01
r 143 0.01 2 5.71583 0.01
r 143.2 0.01 2 5.84072 0.01
r 143.4 0.01 2 5.9659 0.01
r 143.6 0.01 2 6.09214 0.01
r 143.8 0.01 2 6.21736 0.01
r 144 0.01 2 6.34317 0.01
r 144.2 0.01 2 6.46934 0.01
r 144.4 0.01 2 6.59584 0.01
r 144.6 0.01 2 6.72203 0.01
r 144.8 0.01 2 6.84889 0.01
r 145 0.01 2 6.97572 0.01
r 145.2 0.01 2 7.10221 0.01
r 145.4 0.01 2 7.22903 0.01
r 145.6 0.01 2 7.35588 0.01
r 145.8 0.01 2 7.48285 0.01
r 146 0.01 2 7.60984 0.01
r 146.2 0.01 2 7.73712 0.01
r 146.4 0.01 2 7.86464 0.01
r 146.6 0.01 2 7.99285 0.01
r 146.8 0.01 2 8.12092 0.01
r 147 0.01 2 8.24904 0.01
r 147.2 0.01 2 8.37788 0.01
r 147.4 0.01 2 8.50657 0.01
r 147.6 0.01 2 8.63576 0.01
r 147.8 0.01 2 8.76472 0.01
r 148 0.01 2 8.89432 0.01
r 148.2 0.01 2 9.02402 0.01
r 148.4 0.01 2 9.15348 0.01
r 148.6 0.01 2 9.28274 0.01
r 148.8 0.01 2 9.41223 0.01
r 149 0.01 2 9.54174 0.01
r 149.2 0.01 2 9.67105 0.01
r 149.4 0.01 2 9.80041 0.01
r 149.6 0.01 2 9.92968 0.01
r 149.8 0.01 2 10.059 0.01
r 150 0.01 2 10.1881 0.01
r 150.2 0.01 2 10.3172 0.01
r 150.4 0.01 2 10.4465 0.01
r 150.6 0.01 2 10.5758 0.01
r 150.8 0.01 2 10.7049 0.01
r 151 0.01 2 10.8341 0.01
r 151.2 0.01 2 10.9635 0.01
r 151.4 0.01 2 11.0929 0.01
r 151.6 0.01 2 11.2224 0.01
r 151.8 0.01 2 11.3519 0.01
r 152 0.01 2 11.4812 0.01
r 152.2 0.01 2 11.6112 0.01
r 152.4 0.01 2 11.741 0.01
r 152.6 0.01 2 11.8709 0.01
r 152.8 0.01 2 12.0002 0.01
r 153 0.01 2 12.1302 0.01
r 153.2 0.01 2 12.2602 0.01
r 153.4 0.01 2 12.3902 0.01
r 153.6 0.01 2 12.5202 0.01
r 153.8 0.01 2 12.6502 0.01
r 154 0.01 2 12.7801 0.01
r 154.2 0.01 2 12.9099 0.01
r 154.4 0.01 2 13.0396 0.01
r 154.6 0.01 2 13.1691 0.01
r 154.8 0.01 2 13.2986 0.01
r 155 0.01 2 13.4278 0.01
r 95 0.01 3 26.6328 0.01
r 95.2 0.01 3 26.5137 0.01
r 95.4 0.01 3 26.394 0.01
r 95.6 0.01 3 26.275 0.01
r 95.8 0.01 3 26.1557 0.01
r 96 0.01 3 26.0366 0.01
r 96.2 0.01 3 25.9172 0.01
r 96.4 0.01 3 25.7979 0.01
r 96.6 0.01 3 25.6788 0.01
r 96.8 0.01 3 25.5599 0.01
r 97 0.01 3 25.4408 0.01
r 97.2 0.01 3 25.3218 0.01
r 97.4 0.01 3 25.2028 0.01
r 97.6 0.01 3 25.0839 0.01
r 97.8 0.01 3 24.9653 0.01
r 98 0.01 3 24.8461 0.01
r 98.2 0.01 3 24.7273 0.01
r 98.4 0.01 3 24.6086 0.01
r 98.6 0.01 3 24.4899 0.01
r 98.8 0.01 3 24.3713 0.01
r 99 0.01 3 24.253 0.01
r 99.2 0.01 3 24.1349 0.01
r 99.4 0.01 3 24.0144 0.01
r 99.6 0.01 3 23.896 0.01
r 99.8 0.01 3 23.7774 0.01
r 100 0.01 3 23.6555 0.01
r 100.2 0.01 3 23.5372 0.01
r 100.4 0.01 3 23.4189 0.01
r 100.6 0.01 3 23.3009 0.01
r 100.8 0.01 3 23.1831 0.01
r 101 0.01 3 23.0546 0.01
r 101.2 0.01 3 22.936 0.01
r 101.4 0.01 3 22.8167 0.01
r 101.6 0.01 3 22.6985 0.01
r 101.8 0.01 3 22.5806 0.01
r 102 0.01 3 22.4632 0.01
r 102.2 0.01 3 22.3459 0.01
r 102.4 0.01 3 22.2291 0.01
r 102.6 0.01 3 22.1127 0.01
r 102.8 0.01 3 21.9965 0.01
r 103 0.01 3 21.8761 0.01
r 103.2 0.01 3 21.7582 0.01
r 103.4 0.01 3 21.6407 0.01
r 103.6 0.01 3 21.5228 0.01
r 103.8 0.01 3 21.3996 0.01
r 104 0.01 3 21.2819 0.01
r 104.2 0.01 3 21.1644 0.01
r 104.4 0.01 3 21.0469 0.01
r 104.6 0.01 3 20.9294 0.01
r 104.8 0.01 3 20.812 0.01
r 105 0.01 3 20.6797 0.01
r 105.2 0.01 3 20.5587 0.01
r 105.4 0.01 3 20.4402 0.01
r 105.6 0.01 3 20.3221 0.01
r 105.8 0.01 3 20.2022 0.01
r 106 0.01 3 20.0838 0.01
r 106.2 0.01 3 19.9629 0.01
r 106.4 0.01 3 19.8451 0.01
r 106.6 0.01 3 19.7276 0.01
r 106.8 0.01 3 19.6104 0.01
r 107 0.01 3 19.482 0.01
r 107.2 0.01 3 19.3643 0.01
r 107.4 0.01 3 19.247 0.01
r 107.6 0.01 3 19.13 0.01
r 107.8 0.01 3 19.0133 0.01
r 108 0.01 3 18.8969 0.01
r 108.2 0.01 3 18.7809 0.01
r 108.4 0.01 3 18.665 0.01
r 108.6 0.01 3 18.5493 0.01
r 108.8 0.01 3 18.4323 0.01
r 109 0.01 3 18.3133 0.01
r 109.2 0.01 3 18.1962 0.01
r 109.4 0.01 3 18.0792 0.01
r 109.6 0.01 3 17.9623 0.01
r 109.8 0.01 3 17.8452 0.01
r 110 0.01 3 17.7278 0.01
r 110.2 0.01 3 17.6117 0.01
r 110.4 0.01 3 17.4949 0.01
r 110.6 0.01 3 17.3781 0.01
r 110.8 0.01 3 17.2603 0.01
r 111 0.01 3 17.1426 0.01
r 111.2 0.01 3 17.0232 0.01
r 111.4 0.01 3 16.9038 0.01
r 111.6 0.01 3 16.7843 0.01
r 111.8 0.01 3 16.665 0.01
r 112 0.01 3 16.5458 0.01
r 112.2 0.01 3 16.4265 0.01
r 112.4 0.01 3 16.3077 0.01
r 112.6 0.01 3 16.1877 0.01
r 112.8 0.01 3 16.0688 0.01
r 113 0.01 3 15.9499 0.01
r 113.2 0.01 3 15.831 0.01
r 113.4 0.01 3 15.7123 0.01
r 113.6 0.01 3 15.5952 0.01
r 113.8 0.01 3 15.4767 0.01
r 114 0.01 3 15.3519 0.01
r 114.2 0.01 3 15.2343 0.01
r 114.4 0.01 3 15.1145 0.01
r 114.6 0.01 3 14.9964 0.01
r 114.8 0.01 3 14.8788 0.01
r 115 0.01 3 14.7594 0.01
r 115.2 0.01 3 14.635 0.01
r 115.4 0.01 3 14.5112 0.01
r 115.6 0.01 3 14.3869 0.01
r 115.8 0.01 3 14.2631 0.01
r 116 0.01 3 14.1393 0.01
r 116.2 0.01 3 14.0161 0.01
r 116.4 0.01 3 13.8931 0.01
r 116.6 0.01 3 13.7743 0.01
r 116.8 0.01 3 13.6521 0.01
r 117 0.01 3 13.5302 0.01
r 117.2 0.01 3 13.4087 0.01
r 117.4 0.01 3 13.2878 0.01
r 117.6 0.01 3 13.1686 0.01
r 117.8 0.01 3 13.0474 0.01
r 118 0.01 3 12.9272 0.01
r 118.2 0.01 3 12.8087 0.01
r 118.4 0.01 3 12.6897 0.01
r 118.6 0.01 3 12.572 0.01
r 118.8 0.01 3 12.4557 0.01
r 119 0.01 3 12.4244 0.01
r 119.2 0.01 3 12.2769 0.01
r 119.4 0.01 3 12.1617 0.01
r 119.6 0.01 3 12.0414 0.01
r 119.8 0.01 3 11.9265 0.01
r 120 0.01 3 11.8078 0.01
r 120.2 0.01 3 11.6878 0.01
r 120.4 0.01 3 11.5693 0.01
r 120.6 0.01 3 11.4544 0.01
r 120.8 0.01 3 11.3372 0.01
r 121 0.01 3 11.2145 0.01
r 121.2 0.01 3 11.102 0.01
r 121.4 0.01 3 10.9874 0.01
r 121.6 0.01 3 10.8739 0.01
r 121.8 0.01 3 10.7578 0.01
r 122 0.01 3 10.6476 0.01
r 122.2 0.01 3 10.532 0.01
r 122.4 0.01 3 10.4207 0.01
r 122.6 0.01 3 10.3079 0.01
r 122.8 0.01 3 10.1993 0.01
r 123 0.01 3 10.0984 0.01
r 123.2 0.01 3 9.98784 0.01
r 123.4 0.01 3 9.87891 0.01
r 123.6 0.01 3 9.7702 0.01
r 123.8 0.01 3 9.6616 0.01
r 124 0.01 3 9.55463 0.01
r 124.2 0.01 3 9.44786 0.01
r 124.4 0.01 3 9.34267 0.01
r 124.6 0.01 3 9.23916 0.01
r 124.8 0.01 3 9.13633 0.01
r 125 0.01 3 9.09895 0.01
r 125.2 0.01 3 8.9979 0.01
r 125.4 0.01 3 8.89884 0.01
r 125.6 0.01 3 8.78896 0.01
r 125.8 0.01 3 8.69805 0.01
r 126 0.01 3 8.61158 0.01
r 126.2 0.01 3 8.50577 0.01
r 126.4 0.01 3 8.38203 0.01
r 126.6 0.01 3 8.28664 0.01
r 126.8 0.01 3 8.19025 0.01
r 127 0.01 3 8.08854 0.01
r 127.2 0.01 3 8.0026 0.01
r 127.4 0.01 3 7.91549 0.01
r 127.6 0.01 3 7.82793 0.01
r 127.8 0.01 3 7.74384 0.01
r 128 0.01 3 7.66092 0.01
r 128.2 0.01 3 7.5834 0.01
r 128.4 0.01 3 7.51221 0.01
r 128.6 0.01 3 7.44395 0.01
r 128.8 0.01 3 7.39983 0.01
r 129 0.01 3 7.26739 0.01
r 129.2 0.01 3 7.19957 0.01
r 129.4 0.01 3 7.13862 0.01
r 129.6 0.01 3 7.05232 0.01
r 129.8 0.01 3 6.9836 0.01
r 130 0.01 3 6.91705 0.01
r 130.2 0.01 3 6.85923 0.01
r 130.4 0.01 3 6.79079 0.01
r 130.6 0.01 3 6.73358 0.01
r 130.8 0.01 3 6.67234 0.01
r 131 0.01 3 6.61369 0.01
r 131.2 0.01 3 6.56246 0.01
r 131.4 0.01 3 6.50764 0.01
r 131.6 0.01 3 6.46159 0.01
r 131.8 0.01 3 6.41203 0.01
r 132 0.01 3 6.36762 0.01
r 132.2 0.01 3 6.32403 0.01
r 132.4 0.01 3 6.28613 0.01
r 132.6 0.01 3 6.25302 0.01
r 132.8 0.01 3 6.21852 0.01
r 133 0.01 3 6.18509 0.01
r 133.2 0.01 3 6.15739 0.01
r 133.4 0.01 3 6.13133 0.01
r 133.6 0.01 3 6.10882 0.01
r 133.8 0.01 3 6.08963 0.01
r 134 0.01 3 6.07376 0.01
r 134.2 0.01 3 6.05996 0.01
r 134.4 0.01 3 6.04953 0.01
r 134.6 0.01 3 6.04227 0.01
r 134.8 0.01 3 6.03781 0.01
r 135 0.01 3 6.0368 0.01
r 135.2 0.01 3 6.03889 0.01
r 135.4 0.01 3 6.0424 0.01
r 135.6 0.01 3 6.04972 0.01
r 135.8 0.01 3 6.06014 0.01
r 136 0.01 3 6.07359 0.01
r 136.2 0.01 3 6.08994 0.01
r 136.4 0.01 3 6.10917 0.01
r 136.6 0.01 3 6.13768 0.01
r 136.8 0.01 3 6.1583 0.01
r 137 0.01 3 6.18488 0.01
r 137.2 0.01 3 6.21787 0.01
r 137.4 0.01 3 6.25379 0.01
r 137.6 0.01 3 6.28631 0.01
r 137.8 0.01 3 6.32515 0.01
r 138 0.01 3 6.36654 0.01
r 138.2 0.01 3 6.41224 0.01
r 138.4 0.01 3 6.46113 0.01
r 138.6 0.01 3 6.50389 0.01
r 138.8 0.01 3 6.56817 0.01
r 139 0.01 3 6.60913 0.01
r 139.2 0.01 3 6.66676 0.01
r 139.4 0.01 3 6.72807 0.01
r 139.6 0.01 3 6.78541 0.01
r 139.8 0.01 3 6.84465 0.01
r 140 0.01 3 6.93487 0.01
r 140.2 0.01 3 6.9772 0.01
r 140.4 0.01 3 7.04859 0.01
r 140.6 0.01 3 7.11584 0.01
r 140.8 0.01 3 7.1939 0.01
r 141 0.01 3 7.26172 0.01
r 141.2 0.01 3 7.37932 0.01
r 141.4 0.01 3 7.43203 0.01
r 141.6 0.01 3 7.51187 0.01
r 141.8 0.01 3 7.58465 0.01
r 142 0.01 3 7.76729 0.01
r 142.2 0.01 3 7.75929 0.01
r 142.4 0.01 3 7.82993 0.01
r 142.6 0.01 3 7.92307 0.01
r 142.8 0.01 3 8.00593 0.01
r 143 0.01 3 8.15928 0.01
r 143.2 0.01 3 8.2421 0.01
r 143.4 0.01 3 8.36887 0.01
r 143.6 0.01 3 8.49479 0.01
r 143.8 0.01 3 8.58586 0.01
r 144 0.01 3 8.65323 0.01
r 144.2 0.01 3 8.73593 0.01
r 144.4 0.01 3 8.81437 0.01
r 144.6 0.01 3 8.90474 0.01
r 144.8 0.01 3 8.9977 0.01
r 145 0.01 3 9.10588 0.01
r 145.2 0.01 3 9.21423 0.01
r 145.4 0.01 3 9.29775 0.01
r 145.6 0.01 3 9.39906 0.01
r 145.8 0.01 3 9.50059 0.01
r 146 0.01 3 9.59056 0.01
r 146.2 0.01 3 9.69689 0.01
r 146.4 0.01 3 9.79751 0.01
r 146.6 0.01 3 9.89101 0.01
r 146.8 0.01 3 9.9988 0.01
r 147 0.01 3 10.0966 0.01
r 147.2 0.01 3 10.2048 0.01
r 147.4 0.01 3 10.3104 0.01
r 147.6 0.01 3 10.4241 0.01
r 147.8 0.01 3 10.528 0.01
r 148 0.01 3 10.6312 0.01
r 148.2 0.01 3 10.7399 0.01
r 148.4 0.01 3 10.8496 0.01
r 148.6 0.01 3 10.9594 0.01
r 148.8 0.01 3 11.0701 0.01
r 149 0.01 3 11.2561 0.01
r 149.2 0.01 3 11.3631 0.01
r 149.4 0.01 3 11.4716 0.01
r 149.6 0.01 3 11.576 0.01
r 149.8 0.01 3 11.694 0.01
r 150 0.01 3 11.7909 0.01
r 150.2 0.01 3 11.9058 0.01
r 150.4 0.01 3 12.0133 0.01
r 150.6 0.01 3 12.1215 0.01
r 150.8 0.01 3 12.2318 0.01
r 151 0.01 3 12.3686 0.01
r 151.2 0.01 3 12.4609 0.01
r 151.4 0.01 3 12.5988 0.01
r 151.6 0.01 3 12.7084 0.01
r 151.8 0.01 3 12.8189 0.01
r 152 0.01 3 12.9306 0.01
r 152.2 0.01 3 13.0425 0.01
r 152.4 0.01 3 13.156 0.01
r 152.6 0.01 3 13.2714 0.01
r 152.8 0.01 3 13.3881 0.01
r 153 0.01 3 13.5061 0.01
r 153.2 0.01 3 13.6313 0.01
r 153.4 0.01 3 13.7488 0.01
r 153.6 0.01 3 13.8675 0.01
r 153.8 0.01 3 13.9877 0.01
r 154 0.01 3 14.1074 0.01
r 154.2 0.01 3 14.2278 0.01
r 154.4 0.01 3 14.3491 0.01
r 154.6 0.01 3 14.4689 0.01
r 154.8 0.01 3 14.5904 0.01
r 155 0.01 3 14.7123 0.01
r 155.2 0.01 3 14.8348 0.01
r 155.4 0.01 3 14.9576 0.01
r 155.6 0.01 3 15.0806 0.01
r 155.8 0.01 3 15.2008 0.01
r 156 0.01 3 15.324 0.01
r 156.2 0.01 3 15.4483 0.01
r 156.4 0.01 3 15.5729 0.01
r 156.6 0.01 3 15.698 0.01
r 156.8 0.01 3 15.8232 0.01
r 157 0.01 3 15.9463 0.01
r 157.2 0.01 3 16.0695 0.01
r 157.4 0.01 3 16.1931 0.01
r 157.6 0.01 3 16.3171 0.01
r 157.8 0.01 3 16.442 0.01
r 158 0.01 3 16.5669 0.01
r 158.2 0.01 3 16.6917 0.01
r 158.4 0.01 3 16.8167 0.01
r 158.6 0.01 3 16.9424 0.01
r 158.8 0.01 3 17.068 0.01
r 159 0.01 3 17.2027 0.01
r 159.2 0.01 3 17.3254 0.01
r 159.4 0.01 3 17.4486 0.01
r 159.6 0.01 3 17.5729 0.01
r 159.8 0.01 3 17.6964 0.01
r 160 0.01 3 17.8204 0.01
r 160.2 0.01 3 17.9447 0.01
r 160.4 0.01 3 18.0696 0.01
r 160.6 0.01 3 18.1947 0.01
r 160.8 0.01 3 18.32 0.01
r 161 0.01 3 18.4464 0.01
r 161.2 0.01 3 18.5748 0.01
r 161.4 0.01 3 18.6979 0.01
r 161.6 0.01 3 18.8222 0.01
r 161.8 0.01 3 18.9458 0.01
r 162 0.01 3 19.0694 0.01
r 162.2 0.01 3 19.1941 0.01
r 162.4 0.01 3 19.3183 0.01
r 162.6 0.01 3 19.4431 0.01
r 162.8 0.01 3 19.5686 0.01
r 163 0.01 3 19.693 0.01
r 163.2 0.01 3 19.8183 0.01
r 163.4 0.01 3 19.9438 0.01
r 163.6 0.01 3 20.0695 0.01
r 163.8 0.01 3 20.1953 0.01
r 164 0.01 3 20.3211 0.01
r 164.2 0.01 3 20.447 0.01
r 164.4 0.01 3 20.573 0.01
r 164.6 0.01 3 20.6992 0.01
r 164.8 0.01 3 20.8255 0.01
r 165 0.01 3 20.953 0.01
r 165.2 0.01 3 21.0783 0.01
r 165.4 0.01 3 21.204 0.01
r 165.6 0.01 3 21.3296 0.01
r 165.8 0.01 3 21.4555 0.01
r 166 0.01 3 21.5816 0.01
r 166.2 0.01 3 21.7079 0.01
r 166.4 0.01 3 21.8343 0.01
r 166.6 0.01 3 21.9608 0.01
r 166.8 0.01 3 22.0875 0.01
r 167 0.01 3 22.2146 0.01
r 167.2 0.01 3 22.3415 0.01
r 167.4 0.01 3 22.4685 0.01
r 167.6 0.01 3 22.5956 0.01
r 167.8 0.01 3 22.723 0.01
r 168 0.01 3 22.8504 0.01
r 168.2 0.01 3 22.978 0.01
r 168.4 0.01 3 23.1057 0.01
r 168.6 0.01 3 23.2334 0.01
r 168.8 0.01 3 23.3613 0.01
r 169 0.01 3 23.4888 0.01
r 169.2 0.01 3 23.6167 0.01
r 169.4 0.01 3 23.7448 0.01
r 169.6 0.01 3 23.8715 0.01
r 169.8 0.01 3 23.9993 0.01
r 170 0.01 3 24.1272 0.01
r 170.2 0.01 3 24.2551 0.01
r 170.4 0.01 3 24.3829 0.01
r 170.6 0.01 3 24.5106 0.01
r 170.8 0.01 3 24.6386 0.01
r 171 0.01 3 24.7644 0.01
r 171.2 0.01 3 24.8925 0.01
r 171.4 0.01 3 25.0197 0.01
r 171.6 0.01 3 25.1471 0.01
r 171.8 0.01 3 25.2737 0.01
r 172 0.01 3 25.4013 0.01
r 172.2 0.01 3 25.5288 0.01
r 172.4 0.01 3 25.6564 0.01
r 172.6 0.01 3 25.7838 0.01
r 172.8 0.01 3 25.9114 0.01
r 173 0.01 3 26.0459 0.01
r 173.2 0.01 3 26.1731 0.01
r 173.4 0.01 3 26.3004 0.01
r 173.6 0.01 3 26.4276 0.01
r 173.8 0.01 3 26.5549 0.01
r 174 0.01 3 26.6813 0.01
r 174.2 0.01 3 26.8085 0.01
r 174.4 0.01 3 26.9358 0.01
r 174.6 0.01 3 27.063 0.01
r 174.8 0.01 3 27.1902 0.01
r 175 0.01 3 27.3289 0.01
s 145 3 602
r 125 0.01 2 13.4466 0.01
r 125.2 0.01 2 13.3165 0.01
r 125.4 0.01 2 13.186 0.01
r 125.6 0.01 2 13.0551 0.01
r 125.8 0.01 2 12.9239 0.01
r 126 0.01 2 12.7925 0.01
r 126.2 0.01 2 12.6609 0.01
r 126.4 0.01 2 12.5292 0.01
r 126.6 0.01 2 12.3974 0.01
r 126.8 0.01 2 12.2657 0.01
r 127 0.01 2 12.134 0.01
r 127.2 0.01 2 12.0023 0.01
r 127.4 0.01 2 11.8707 0.01
r 127.6 0.01 2 11.7393 0.01
r 127.8 0.01 2 11.6079 0.01
r 128 0.01 2 11.4767 0.01
r 128.2 0.01 2 11.3454 0.01
r 128.4 0.01 2 11.2141 0.01
r 128.6 0.01 2 11.083 0.01
r 128.8 0.01 2 10.9518 0.01
r 129 0.01 2 10.8208 0.01
r 129.2 0.01 2 10.6894 0.01
r 129.4 0.01 2 10.5579 0.01
r 129.6 0.01 2 10.4262 0.01
r 129.8 0.01 2 10.2946 0.01
r 130 0.01 2 10.1631 0.01
r 130.2 0.01 2 10.0316 0.01
r 130.4 0.01 2 9.90052 0.01
r 130.6 0.01 2 9.76975 0.01
r 130.8 0.01 2 9.63942 0.01
r 131 0.01 2 9.50949 0.01
r 131.2 0.01 2 9.38021 0.01
r 131.4 0.01 2 9.25154 0.01
r 131.6 0.01 2 9.12353 0.01
r 131.8 0.01 2 8.99608 0.01
r 132 0.01 2 8.8693 0.01
r 132.2 0.01 2 8.74326 0.01
r 132.4 0.01 2 8.61707 0.01
r 132.6 0.01 2 8.49112 0.01
r 132.8 0.01 2 8.36541 0.01
r 133 0.01 2 8.23971 0.01
r 133.2 0.01 2 8.11416 0.01
r 133.4 0.01 2 7.98842 0.01
r 133.6 0.01 2 7.8625 0.01
r 133.8 0.01 2 7.73651 0.01
r 134 0.01 2 7.61028 0.01
r 134.2 0.01 2 7.48433 0.01
r 134.4 0.01 2 7.35747 0.01
r 134.6 0.01 2 7.2307 0.01
r 134.8 0.01 2 7.10476 0.01
r 135 0.01 2 6.9774 0.01
r 135.2 0.01 2 6.85125 0.01
r 135.4 0.01 2 6.72612 0.01
r 135.6 0.01 2 6.59825 0.01
r 135.8 0.01 2 6.47242 0.01
r 136 0.01 2 6.34684 0.01
r 136.2 0.01 2 6.22174 0.01
r 136.4 0.01 2 6.09663 0.01
r 136.6 0.01 2 5.97184 0.01
r 136.8 0.01 2 5.84736 0.01
r 137 0.01 2 5.7231 0.01
r 137.2 0.01 2 5.59876 0.01
r 137.4 0.01 2 5.47497 0.01
r 137.6 0.01 2 5.35141 0.01
r 137.8 0.01 2 5.22809 0.01
r 138 0.01 2 5.10513 0.01
r 138.2 0.01 2 4.9825 0.01
r 138.4 0.01 2 4.8611 0.01
r 138.6 0.01 2 4.73856 0.01
r 138.8 0.01 2 4.61764 0.01
r 139 0.01 2 4.49731 0.01
r 139.2 0.01 2 4.37773 0.01
r 139.4 0.01 2 4.25901 0.01
r 139.6 0.01 2 4.14135 0.01
r 139.8 0.01 2 4.02469 0.01
r 140 0.01 2 3.90894 0.01
r 140.2 0.01 2 3.79478 0.01
r 140.4 0.01 2 3.68348 0.01
r 140.6 0.01 2 3.56997 0.01
r 140.8 0.01 2 3.46 0.01
r 141 0.01 2 3.35122 0.01
r 141.2 0.01 2 3.24484 0.01
r 141.4 0.01 2 3.14044 0.01
r 141.6 0.01 2 3.03848 0.01
r 141.8 0.01 2 2.93937 0.01
r 142 0.01 2 2.84279 0.01
r 142.2 0.01 2 2.7505 0.01
r 142.4 0.01 2 2.66127 0.01
r 142.6 0.01 2 2.5752 0.01
r 142.8 0.01 2 2.49513 0.01
r 143 0.01 2 2.41519 0.01
r 143.2 0.01 2 2.34404 0.01
r 143.4 0.01 2 2.27807 0.01
r 143.6 0.01 2 2.21763 0.01
r 143.8 0.01 2 2.1644 0.01
r 144 0.01 2 2.11826 0.01
r 144.2 0.01 2 2.07982 0.01
r 144.4 0.01 2 2.04947 0.01
r 144.6 0.01 2 2.02769 0.01
r 144.8 0.01 2 2.01452 0.01
r 145 0.01 2 2.01283 0.01
r 145.2 0.01 2 2.01511 0.01
r 145.4 0.01 2 2.02925 0.01
r 145.6 0.01 2 2.05017 0.01
r 145.8 0.01 2 2.08089 0.01
r 146 0.01 2 2.11973 0.01
r 146.2 0.01 2 2.16632 0.01
r 146.4 0.01 2 2.22034 0.01
r 146.6 0.01 2 2.28135 0.01
r 146.8 0.01 2 2.34823 0.01
r 147 0.01 2 2.42127 0.01
r 147.2 0.01 2 2.49938 0.01
r 147.4 0.01 2 2.5809 0.01
r 147.6 0.01 2 2.66779 0.01
r 147.8 0.01 2 2.75805 0.01
r 148 0.01 2 2.85219 0.01
r 148.2 0.01 2 2.94854 0.01
r 148.4 0.01 2 3.04815 0.01
r 148.6 0.01 2 3.15011 0.01
r 148.8 0.01 2 3.25454 0.01
r 149 0.01 2 3.36315 0.01
r 149.2 0.01 2 3.47146 0.01
r 149.4 0.01 2 3.5802 0.01
r 149.6 0.01 2 3.69078 0.01
r 149.8 0.01 2 3.80237 0.01
r 150 0.01 2 3.91633 0.01
r 150.2 0.01 2 4.03134 0.01
r 150.4 0.01 2 4.14767 0.01
r 150.6 0.01 2 4.26489 0.01
r 150.8 0.01 2 4.38309 0.01
r 151 0.01 2 4.50257 0.01
r 151.2 0.01 2 4.62218 0.01
r 151.4 0.01 2 4.74285 0.01
r 151.6 0.01 2 4.86593 0.01
r 151.8 0.01 2 4.98728 0.01
r 152 0.01 2 5.1087 0.01
r 152.2 0.01 2 5.2318 0.01
r 152.4 0.01 2 5.35569 0.01
r 152.6 0.01 2 5.47928 0.01
r 152.8 0.01 2 5.60362 0.01
r 153 0.01 2 5.72855 0.01
r 153.2 0.01 2 5.85375 0.01
r 153.4 0.01 2 5.97926 0.01
r 153.6 0.01 2 6.10589 0.01
r 153.8 0.01 2 6.23123 0.01
r 154 0.01 2 6.35731 0.01
r 154.2 0.01 2 6.48357 0.01
r 154.4 0.01 2 6.61008 0.01
r 154.6 0.01 2 6.73656 0.01
r 154.8 0.01 2 6.86339 0.01
r 155 0.01 2 6.99043 0.01
r 155.2 0.01 2 7.11707 0.01
r 155.4 0.01 2 7.24424 0.01
r 155.6 0.01 2 7.37123 0.01
r 155.8 0.01 2 7.4985 0.01
r 156 0.01 2 7.6258 0.01
r 156.2 0.01 2 7.75336 0.01
r 156.4 0.01 2 7.88102 0.01
r 156.6 0.01 2 8.00903 0.01
r 156.8 0.01 2 8.13738 0.01
r 157 0.01 2 8.26536 0.01
r 157.2 0.01 2 8.39457 0.01
r 157.4 0.01 2 8.52218 0.01
r 157.6 0.01 2 8.65052 0.01
r 157.8 0.01 2 8.779 0.01
r 158 0.01 2 8.90767 0.01
r 158.2 0.01 2 9.03633 0.01
r 158.4 0.01 2 9.16484 0.01
r 158.6 0.01 2 9.29333 0.01
r 158.8 0.01 2 9.42202 0.01
r 159 0.01 2 9.55059 0.01
r 159.2 0.01 2 9.67914 0.01
r 159.4 0.01 2 9.80789 0.01
r 159.6 0.01 2 9.93654 0.01
r 159.8 0.01 2 10.0653 0.01
r 160 0.01 2 10.194 0.01
r 160.2 0.01 2 10.3228 0.01
r 160.4 0.01 2 10.4517 0.01
r 160.6 0.01 2 10.5806 0.01
r 160.8 0.01 2 10.7096 0.01
r 161 0.01 2 10.8384 0.01
r 161.2 0.01 2 10.9674 0.01
r 161.4 0.01 2 11.0965 0.01
r 161.6 0.01 2 11.2256 0.01
r 161.8 0.01 2 11.3548 0.01
r 162 0.01 2 11.4839 0.01
r 162.2 0.01 2 11.613 0.01
r 162.4 0.01 2 11.7418 0.01
r 162.6 0.01 2 11.8709 0.01
r 162.8 0.01 2 11.9999 0.01
r 163 0.01 2 12.1288 0.01
r 163.2 0.01 2 12.2577 0.01
r 163.4 0.01 2 12.3866 0.01
r 163.6 0.01 2 12.5153 0.01
r 163.8 0.01 2 12.644 0.01
r 164 0.01 2 12.7725 0.01
r 164.2 0.01 2 12.9009 0.01
r 164.4 0.01 2 13.0292 0.01
r 164.6 0.01 2 13.1573 0.01
r 164.8 0.01 2 13.2834 0.01
r 165 0.01 2 13.4101 0.01
r 105 0.01 3 26.9529 0.01
r 105.2 0.01 3 26.8333 0.01
r 105.4 0.01 3 26.7137 0.01
r 105.6 0.01 3 26.5941 0.01
r 105.8 0.01 3 26.4746 0.01
r 106 0.01 3 26.3552 0.01
r 106.2 0.01 3 26.2364 0.01
r 106.4 0.01 3 26.1165 0.01
r 106.6 0.01 3 25.9981 0.01
r 106.8 0.01 3 25.8793 0.01
r 107 0.01 3 25.7598 0.01
r 107.2 0.01 3 25.6413 0.01
r 107.4 0.01 3 25.523 0.01
r 107.6 0.01 3 25.405 0.01
r 107.8 0.01 3 25.2874 0.01
r 108 0.01 3 25.1695 0.01
r 108.2 0.01 3 25.052 0.01
r 108.4 0.01 3 24.9343 0.01
r 108.6 0.01 3 24.8168 0.01
r 108.8 0.01 3 24.6995 0.01
r 109 0.01 3 24.5809 0.01
r 109.2 0.01 3 24.4612 0.01
r 109.4 0.01 3 24.3437 0.01
r 109.6 0.01 3 24.2263 0.01
r 109.8 0.01 3 24.1088 0.01
r 110 0.01 3 23.9913 0.01
r 110.2 0.01 3 23.8738 0.01
r 110.4 0.01 3 23.7563 0.01
r 110.6 0.01 3 23.6385 0.01
r 110.8 0.01 3 23.5209 0.01
r 111 0.01 3 23.3881 0.01
r 111.2 0.01 3 23.2686 0.01
r 111.4 0.01 3 23.1492 0.01
r 111.6 0.01 3 23.0298 0.01
r 111.8 0.01 3 22.9105 0.01
r 112 0.01 3 22.7902 0.01
r 112.2 0.01 3 22.6714 0.01
r 112.4 0.01 3 22.5511 0.01
r 112.6 0.01 3 22.4319 0.01
r 112.8 0.01 3 22.3126 0.01
r 113 0.01 3 22.1814 0.01
r 113.2 0.01 3 22.0586 0.01
r 113.4 0.01 3 21.9356 0.01
r 113.6 0.01 3 21.8124 0.01
r 113.8 0.01 3 21.6837 0.01
r 114 0.01 3 21.5599 0.01
r 114.2 0.01 3 21.4363 0.01
r 114.4 0.01 3 21.3128 0.01
r 114.6 0.01 3 21.1892 0.01
r 114.8 0.01 3 21.066 0.01
r 115 0.01 3 20.9456 0.01
r 115.2 0.01 3 20.8206 0.01
r 115.4 0.01 3 20.6958 0.01
r 115.6 0.01 3 20.5711 0.01
r 115.8 0.01 3 20.4469 0.01
r 116 0.01 3 20.3227 0.01
r 116.2 0.01 3 20.1983 0.01
r 116.4 0.01 3 20.0684 0.01
r 116.6 0.01 3 19.9442 0.01
r 116.8 0.01 3 19.8204 0.01
r 117 0.01 3 19.6931 0.01
r 117.2 0.01 3 19.5675 0.01
r 117.4 0.01 3 19.4421 0.01
r 117.6 0.01 3 19.317 0.01
r 117.8 0.01 3 19.1923 0.01
r 118 0.01 3 19.0679 0.01
r 118.2 0.01 3 18.9441 0.01
r 118.4 0.01 3 18.8206 0.01
r 118.6 0.01 3 18.6977 0.01
r 118.8 0.01 3 18.5681 0.01
r 119 0.01 3 18.4447 0.01
r 119.2 0.01 3 18.3219 0.01
r 119.4 0.01 3 18.1995 0.01
r 119.6 0.01 3 18.0776 0.01
r 119.8 0.01 3 17.9562 0.01
r 120 0.01 3 17.8356 0.01
r 120.2 0.01 3 17.7148 0.01
r 120.4 0.01 3 17.5948 0.01
r 120.6 0.01 3 17.4744 0.01
r 120.8 0.01 3 17.3542 0.01
r 121 0.01 3 17.2283 0.01
r 121.2 0.01 3 17.1018 0.01
r 121.4 0.01 3 16.9755 0.01
r 121.6 0.01 3 16.8498 0.01
r 121.8 0.01 3 16.7239 0.01
r 122 0.01 3 16.5984 0.01
r 122.2 0.01 3 16.4723 0.01
r 122.4 0.01 3 16.3474 0.01
r 122.6 0.01 3 16.2227 0.01
r 122.8 0.01 3 16.0982 0.01
r 123 0.01 3 15.9728 0.01
r 123.2 0.01 3 15.8488 0.01
r 123.4 0.01 3 15.7212 0.01
r 123.6 0.01 3 15.5974 0.01
r 123.8 0.01 3 15.4743 0.01
r 124 0.01 3 15.3516 0.01
r 124.2 0.01 3 15.2294 0.01
r 124.4 0.01 3 15.1076 0.01
r 124.6 0.01 3 14.9866 0.01
r 124.8 0.01 3 14.8664 0.01
r 125 0.01 3 14.7737 0.01
r 125.2 0.01 3 14.6491 0.01
r 125.4 0.01 3 14.5248 0.01
r 125.6 0.01 3 14.4005 0.01
r 125.8 0.01 3 14.2769 0.01
r 126 0.01 3 14.1527 0.01
r 126.2 0.01 3 14.0296 0.01
r 126.4 0.01 3 13.9058 0.01
r 126.6 0.01 3 13.7839 0.01
r 126.8 0.01 3 13.6652 0.01
r 127 0.01 3 13.543 0.01
r 127.2 0.01 3 13.4212 0.01
r 127.4 0.01 3 13.2993 0.01
r 127.6 0.01 3 13.1776 0.01
r 127.8 0.01 3 13.0566 0.01
r 128 0.01 3 12.9351 0.01
r 128.2 0.01 3 12.8145 0.01
r 128.4 0.01 3 12.6939 0.01
r 128.6 0.01 3 12.5749 0.01
r 128.8 0.01 3 12.4526 0.01
r 129 0.01 3 12.333 0.01
r 129.2 0.01 3 12.2142 0.01
r 129.4 0.01 3 12.0958 0.01
r 129.6 0.01 3 11.9787 0.01
r 129.8 0.01 3 11.8624 0.01
r 130 0.01 3 11.7493 0.01
r 130.2 0.01 3 11.6367 0.01
r 130.4 0.01 3 11.5243 0.01
r 130.6 0.01 3 11.4116 0.01
r 130.8 0.01 3 11.2805 0.01
r 131 0.01 3 11.2441 0.01
r 131.2 0.01 3 11.0677 0.01
r 131.4 0.01 3 10.9571 0.01
r 131.6 0.01 3 10.883 0.01
r 131.8 0.01 3 10.7645 0.01
r 132 0.01 3 10.6427 0.01
r 132.2 0.01 3 10.5263 0.01
r 132.4 0.01 3 10.4102 0.01
r 132.6 0.01 3 10.2947 0.01
r 132.8 0.01 3 10.1812 0.01
r 133 0.01 3 10.0804 0.01
r 133.2 0.01 3 9.97018 0.01
r 133.4 0.01 3 9.86232 0.01
r 133.6 0.01 3 9.75468 0.01
r 133.8 0.01 3 9.64777 0.01
r 134 0.01 3 9.54262 0.01
r 134.2 0.01 3 9.43457 0.01
r 134.4 0.01 3 9.3343 0.01
r 134.6 0.01 3 9.22667 0.01
r 134.8 0.01 3 9.12524 0.01
r 135 0.01 3 9.02693 0.01
r 135.2 0.01 3 8.92642 0.01
r 135.4 0.01 3 8.82759 0.01
r 135.6 0.01 3 8.73011 0.01
r 135.8 0.01 3 8.63431 0.01
r 136 0.01 3 8.54033 0.01
r 136.2 0.01 3 8.45276 0.01
r 136.4 0.01 3 8.36056 0.01
r 136.6 0.01 3 8.26942 0.01
r 136.8 0.01 3 8.17834 0.01
r 137 0.01 3 8.10973 0.01
r 137.2 0.01 3 8.0221 0.01
r 137.4 0.01 3 7.93403 0.01
r 137.6 0.01 3 7.82683 0.01
r 137.8 0.01 3 7.7532 0.01
r 138 0.01 3 7.65857 0.01
r 138.2 0.01 3 7.59 0.01
r 138.4 0.01 3 7.50851 0.01
r 138.6 0.01 3 7.43429 0.01
r 138.8 0.01 3 7.354 0.01
r 139 0.01 3 7.26912 0.01
r 139.2 0.01 3 7.19199 0.01
r 139.4 0.01 3 7.12144 0.01
r 139.6 0.01 3 7.05151 0.01
r 139.8 0.01 3 6.98326 0.01
r 140 0.01 3 6.91808 0.01
r 140.2 0.01 3 6.85247 0.01
r 140.4 0.01 3 6.79075 0.01
r 140.6 0.01 3 6.73423 0.01
r 140.8 0.01 3 6.67326 0.01
r 141 0.01 3 6.62198 0.01
r 141.2 0.01 3 6.5741 0.01
r 141.4 0.01 3 6.51019 0.01
r 141.6 0.01 3 6.46985 0.01
r 141.8 0.01 3 6.41779 0.01
r 142 0.01 3 6.37209 0.01
r 142.2 0.01 3 6.33052 0.01
r 142.4 0.01 3 6.29089 0.01
r 142.6 0.01 3 6.257 0.01
r 142.8 0.01 3 6.22722 0.01
r 143 0.01 3 6.18995 0.01
r 143.2 0.01 3 6.16276 0.01
r 143.4 0.01 3 6.14106 0.01
r 143.6 0.01 3 6.11461 0.01
r 143.8 0.01 3 6.09522 0.01
r 144 0.01 3 6.07918 0.01
r 144.2 0.01 3 6.06593 0.01
r 144.4 0.01 3 6.05623 0.01
r 144.6 0.01 3 6.05078 0.01
r 144.8 0.01 3 6.04466 0.01
r 145 0.01 3 6.04374 0.01
r 145.2 0.01 3 6.04569 0.01
r 145.4 0.01 3 6.04947 0.01
r 145.6 0.01 3 6.05693 0.01
r 145.8 0.01 3 6.06746 0.01
r 146 0.01 3 6.08104 0.01
r 146.2 0.01 3 6.09783 0.01
r 146.4 0.01 3 6.11748 0.01
r 146.6 0.01 3 6.14646 0.01
r 146.8 0.01 3 6.16736 0.01
r 147 0.01 3 6.19431 0.01
r 147.2 0.01 3 6.22544 0.01
r 147.4 0.01 3 6.25878 0.01
r 147.6 0.01 3 6.29533 0.01
r 147.8 0.01 3 6.33806 0.01
r 148 0.01 3 6.37779 0.01
r 148.2 0.01 3 6.42193 0.01
r 148.4 0.01 3 6.46779 0.01
r 148.6 0.01 3 6.51885 0.01
r 148.8 0.01 3 6.56789 0.01
r 149 0.01 3 6.62182 0.01
r 149.2 0.01 3 6.67954 0.01
r 149.4 0.01 3 6.7412 0.01
r 149.6 0.01 3 6.79813 0.01
r 149.8 0.01 3 6.87762 0.01
r 150 0.01 3 6.92555 0.01
r 150.2 0.01 3 6.99393 0.01
r 150.4 0.01 3 7.06194 0.01
r 150.6 0.01 3 7.13171 0.01
r 150.8 0.01 3 7.20616 0.01
r 151 0.01 3 7.31009 0.01
r 151.2 0.01 3 7.3843 0.01
r 151.4 0.01 3 7.45052 0.01
r 151.6 0.01 3 7.51667 0.01
r 151.8 0.01 3 7.60846 0.01
r 152 0.01 3 7.68703 0.01
r 152.2 0.01 3 7.7669 0.01
r 152.4 0.01 3 7.85225 0.01
r 152.6 0.01 3 7.93961 0.01
r 152.8 0.01 3 8.02823 0.01
r 153 0.01 3 8.16082 0.01
r 153.2 0.01 3 8.24775 0.01
r 153.4 0.01 3 8.31133 0.01
r 153.6 0.01 3 8.45381 0.01
r 153.8 0.01 3 8.56783 0.01
r 154 0.01 3 8.5943 0.01
r 154.2 0.01 3 8.69837 0.01
r 154.4 0.01 3 8.8172 0.01
r 154.6 0.01 3 8.91333 0.01
r 154.8 0.01 3 9.00707 0.01
r 155 0.01 3 9.15851 0.01
r 155.2 0.01 3 9.25003 0.01
r 155.4 0.01 3 9.31573 0.01
r 155.6 0.01 3 9.42593 0.01
r 155.8 0.01 3 9.52174 0.01
r 156 0.01 3 9.61777 0.01
r 156.2 0.01 3 9.71925 0.01
r 156.4 0.01 3 9.82332 0.01
r 156.6 0.01 3 9.91648 0.01
r 156.8 0.01 3 10.0239 0.01
r 157 0.01 3 10.1211 0.01
r 157.2 0.01 3 10.2285 0.01
r 157.4 0.01 3 10.3339 0.01
r 157.6 0.01 3 10.4469 0.01
r 157.8 0.01 3 10.5505 0.01
r 158 0.01 3 10.6527 0.01
r 158.2 0.01 3 10.761 0.01
r 158.4 0.01 3 10.8701 0.01
r 158.6 0.01 3 10.9796 0.01
r 158.8 0.01 3 11.0902 0.01
r 159 0.01 3 11.226 0.01
r 159.2 0.01 3 11.3235 0.01
r 159.4 0.01 3 11.4369 0.01
r 159.6 0.01 3 11.5464 0.01
r 159.8 0.01 3 11.6562 0.01
r 160 0.01 3 11.7672 0.01
r 160.2 0.01 3 11.8799 0.01
r 160.4 0.01 3 11.9946 0.01
r 160.6 0.01 3 12.1104 0.01
r 160.8 0.01 3 12.226 0.01
r 161 0.01 3 12.344 0.01
r 161.2 0.01 3 12.4595 0.01
r 161.4 0.01 3 12.5757 0.01
r 161.6 0.01 3 12.6943 0.01
r 161.8 0.01 3 12.8117 0.01
r 162 0.01 3 12.9302 0.01
r 162.2 0.01 3 13.0495 0.01
r 162.4 0.01 3 13.1695 0.01
r 162.6 0.01 3 13.2902 0.01
r 162.8 0.01 3 13.4075 0.01
r 163 0.01 3 13.5263 0.01
r 163.2 0.01 3 13.6436 0.01
r 163.4 0.01 3 13.766 0.01
r 163.6 0.01 3 13.8844 0.01
r 163.8 0.01 3 14.0036 0.01
r 164 0.01 3 14.1219 0.01
r 164.2 0.01 3 14.2414 0.01
r 164.4 0.01 3 14.362 0.01
r 164.6 0.01 3 14.481 0.01
r 164.8 0.01 3 14.6019 0.01
r 165 0.01 3 14.7229 0.01
r 165.2 0.01 3 14.8448 0.01
r 165.4 0.01 3 14.9669 0.01
r 165.6 0.01 3 15.0894 0.01
r 165.8 0.01 3 15.2107 0.01
r 166 0.01 3 15.3331 0.01
r 166.2 0.01 3 15.4558 0.01
r 166.4 0.01 3 15.5792 0.01
r 166.6 0.01 3 15.7033 0.01
r 166.8 0.01 3 15.8278 0.01
r 167 0.01 3 15.9524 0.01
r 167.2 0.01 3 16.0776 0.01
r 167.4 0.01 3 16.203 0.01
r 167.6 0.01 3 16.3288 0.01
r 167.8 0.01 3 16.4551 0.01
r 168 0.01 3 16.5816 0.01
r 168.2 0.01 3 16.7078 0.01
r 168.4 0.01 3 16.8344 0.01
r 168.6 0.01 3 16.9605 0.01
r 168.8 0.01 3 17.0874 0.01
r 169 0.01 3 17.2004 0.01
r 169.2 0.01 3 17.3227 0.01
r 169.4 0.01 3 17.4455 0.01
r 169.6 0.01 3 17.5685 0.01
r 169.8 0.01 3 17.6925 0.01
r 170 0.01 3 17.8158 0.01
r 170.2 0.01 3 17.9397 0.01
r 170.4 0.01 3 18.0642 0.01
r 170.6 0.01 3 18.1888 0.01
r 170.8 0.01 3 18.3136 0.01
r 171 0.01 3 18.4376 0.01
r 171.2 0.01 3 18.5628 0.01
r 171.4 0.01 3 18.6879 0.01
r 171.6 0.01 3 18.8138 0.01
r 171.8 0.01 3 18.9395 0.01
r 172 0.01 3 19.0652 0.01
r 172.2 0.01 3 19.191 0.01
r 172.4 0.01 3 19.3167 0.01
r 172.6 0.01 3 19.4386 0.01
r 172.8 0.01 3 19.5646 0.01
r 173 0.01 3 19.6907 0.01
r 173.2 0.01 3 19.8169 0.01
r 173.4 0.01 3 19.9432 0.01
r 173.6 0.01 3 20.0697 0.01
r 173.8 0.01 3 20.1962 0.01
r 174 0.01 3 20.3229 0.01
r 174.2 0.01 3 20.4496 0.01
r 174.4 0.01 3 20.5763 0.01
r 174.6 0.01 3 20.703 0.01
r 174.8 0.01 3 20.8299 0.01
r 175 0.01 3 20.9569 0.01
r 175.2 0.01 3 21.0839 0.01
r 175.4 0.01 3 21.211 0.01
r 175.6 0.01 3 21.3383 0.01
r 175.8 0.01 3 21.4655 0.01
r 176 0.01 3 21.5929 0.01
r 176.2 0.01 3 21.7202 0.01
r 176.4 0.01 3 21.8477 0.01
r 176.6 0.01 3 21.9753 0.01
r 176.8 0.01 3 22.1029 0.01
r 177 0.01 3 22.2134 0.01
r 177.2 0.01 3 22.3408 0.01
r 177.4 0.01 3 22.4687 0.01
r 177.6 0.01 3 22.5913 0.01
r 177.8 0.01 3 22.7212 0.01
r 178 0.01 3 22.8469 0.01
r 178.2 0.01 3 22.9748 0.01
r 178.4 0.01 3 23.103 0.01
r 178.6 0.01 3 23.2332 0.01
r 178.8 0.01 3 23.3595 0.01
r 179 0.01 3 23.4784 0.01
r 179.2 0.01 3 23.6064 0.01
r 179.4 0.01 3 23.7345 0.01
r 179.6 0.01 3 23.8629 0.01
r 179.8 0.01 3 23.9912 0.01
r 180 0.01 3 24.1197 0.01
r 180.2 0.01 3 24.2481 0.01
r 180.4 0.01 3 24.3767 0.01
r 180.6 0.01 3 24.5041 0.01
r 180.8 0.01 3 24.6326 0.01
r 181 0.01 3 24.7592 0.01
r 181.2 0.01 3 24.8879 0.01
r 181.4 0.01 3 25.0162 0.01
r 181.6 0.01 3 25.1443 0.01
r 181.8 0.01 3 25.2735 0.01
r 182 0.01 3 25.4004 0.01
r 182.2 0.01 3 25.5291 0.01
r 182.4 0.01 3 25.6575 0.01
r 182.6 0.01 3 25.7861 0.01
r 182.8 0.01 3 25.9151 0.01
r 183 0.01 3 26.0419 0.01
r 183.2 0.01 3 26.1711 0.01
r 183.4 0.01 3 26.2982 0.01
r 183.6 0.01 3 26.4266 0.01
r 183.8 0.01 3 26.555 0.01
r 184 0.01 3 26.6835 0.01
r 184.2 0.01 3 26.8121 0.01
r 184.4 0.01 3 26.9407 0.01
r 184.6 0.01 3 27.0693 0.01
r 184.8 0.01 3 27.198 0.01
r 185 0.01 3 27.3245 0.01
