61
s   408.680     2.390   21
r   373.978     0.010    0     0.000     0.000
r   375.583     0.010    0     0.000     0.000
r   377.193     0.010    0     0.000     0.000
r   378.987     0.010    0     0.000     0.000
r   380.595     0.010    0     0.000     0.000
r   382.972     0.010    0     0.000     0.000
r   397.959     0.010    0     0.000     0.000
r   398.763     0.010    0     0.000     0.000
r   399.570     0.010    0     0.000     0.000
r   400.391     0.010    0     0.000     0.000
r   401.198     0.010    0     0.000     0.000
r   401.992     0.010    0     0.000     0.000
r   402.795     0.010    0     0.000     0.000
r   403.911     0.010    0     0.000     0.000
r   405.358     0.010    0     0.000     0.000
r   349.520     0.010    1     0.000     0.000
r   352.393     0.010    1     0.000     0.000
r   355.834     0.010    1     0.000     0.000
r   357.579     0.010    1     0.000     0.000
r   359.505     0.010    1     0.000     0.000
r   361.583     0.010    1     0.000     0.000
s   402.638     1.710   31
r   374.139     0.010    0     0.000     0.000
r   374.943     0.010    0     0.000     0.000
r   376.220     0.010    0     0.000     0.000
r   378.004     0.010    0     0.000     0.000
r   379.952     0.010    0     0.000     0.000
r   381.553     0.010    0     0.000     0.000
r   382.972     0.010    0     0.000     0.000
r   384.685     0.010    0     0.000     0.000
r   386.558     0.010    0     0.000     0.000
r   388.873     0.010    0     0.000     0.000
r   391.073     0.010    0     0.000     0.000
r   394.909     0.010    0     0.000     0.000
r   396.526     0.010    0     0.000     0.000
r   398.121     0.010    0     0.000     0.000
r   408.758     0.010    0     0.000     0.000
r   409.992     0.010    0     0.000     0.000
r   256.734     0.010    1     0.000     0.000
r   261.812     0.010    1     0.000     0.000
r   266.204     0.010    1     0.000     0.000
r   270.876     0.010    1     0.000     0.000
r   277.206     0.010    1     0.000     0.000
r   340.453     0.010    1     0.000     0.000
r   343.490     0.010    1     0.000     0.000
r   345.402     0.010    1     0.000     0.000
r   347.308     0.010    1     0.000     0.000
r   350.164     0.010    1     0.000     0.000
r   352.068     0.010    1     0.000     0.000
r   354.272     0.010    1     0.000     0.000
r   357.103     0.010    1     0.000     0.000
r   360.130     0.010    1     0.000     0.000
r   362.681     0.010    1     0.000     0.000
s   396.577     1.350   57
r   340.773     0.010    0     0.000     0.000
r   342.361     0.010    0     0.000     0.000
r   344.294     0.010    0     0.000     0.000
r   346.840     0.010    0     0.000     0.000
r   348.890     0.010    0     0.000     0.000
r   350.645     0.010    0     0.000     0.000
r   365.110     0.010    0     0.000     0.000
r   365.911     0.010    0     0.000     0.000
r   366.701     0.010    0     0.000     0.000
r   367.491     0.010    0     0.000     0.000
r   368.292     0.010    0     0.000     0.000
r   369.072     0.010    0     0.000     0.000
r   369.862     0.010    0     0.000     0.000
r   370.660     0.010    0     0.000     0.000
r   371.444     0.010    0     0.000     0.000
r   372.218     0.010    0     0.000     0.000
r   373.013     0.010    0     0.000     0.000
r   373.814     0.010    0     0.000     0.000
r   374.615     0.010    0     0.000     0.000
r   375.419     0.010    0     0.000     0.000
r   376.220     0.010    0     0.000     0.000
r   377.031     0.010    0     0.000     0.000
r   377.843     0.010    0     0.000     0.000
r   378.665     0.010    0     0.000     0.000
r   379.466     0.010    0     0.000     0.000
r   380.270     0.010    0     0.000     0.000
r   381.074     0.010    0     0.000     0.000
r   381.867     0.010    0     0.000     0.000
r   382.657     0.010    0     0.000     0.000
r   383.437     0.010    0     0.000     0.000
r   384.219     0.010    0     0.000     0.000
r   385.002     0.010    0     0.000     0.000
r   385.781     0.010    0     0.000     0.000
r   386.558     0.010    0     0.000     0.000
r   387.327     0.010    0     0.000     0.000
r   388.096     0.010    0     0.000     0.000
r   388.872     0.010    0     0.000     0.000
r   389.659     0.010    0     0.000     0.000
r   390.447     0.010    0     0.000     0.000
r   405.842     0.010    0     0.000     0.000
r   407.298     0.010    0     0.000     0.000
r   400.391     0.010    0     0.000     0.000
r   401.513     0.010    0     0.000     0.000
r   403.120     0.010    0     0.000     0.000
r   403.910     0.010    0     0.000     0.000
r   404.711     0.010    0     0.000     0.000
r   405.520     0.010    0     0.000     0.000
r   252.045     0.010    1     0.000     0.000
r   259.438     0.010    1     0.000     0.000
r   266.862     0.010    1     0.000     0.000
r   272.648     0.010    1     0.000     0.000
r   278.810     0.010    1     0.000     0.000
r   288.101     0.010    1     0.000     0.000
r   298.040     0.010    1     0.000     0.000
r   303.910     0.010    1     0.000     0.000
r   310.944     0.010    1     0.000     0.000
r   313.755     0.010    1     0.000     0.000
s   390.586     1.180   99
r   329.820     0.010    0     0.000     0.000
r   330.589     0.010    0     0.000     0.000
r   331.372     0.010    0     0.000     0.000
r   332.147     0.010    0     0.000     0.000
r   332.922     0.010    0     0.000     0.000
r   333.676     0.010    0     0.000     0.000
r   334.437     0.010    0     0.000     0.000
r   335.223     0.010    0     0.000     0.000
r   336.003     0.010    0     0.000     0.000
r   336.807     0.010    0     0.000     0.000
r   337.607     0.010    0     0.000     0.000
r   338.408     0.010    0     0.000     0.000
r   339.203     0.010    0     0.000     0.000
r   339.984     0.010    0     0.000     0.000
r   340.773     0.010    0     0.000     0.000
r   341.568     0.010    0     0.000     0.000
r   342.361     0.010    0     0.000     0.000
r   343.166     0.010    0     0.000     0.000
r   343.980     0.010    0     0.000     0.000
r   344.774     0.010    0     0.000     0.000
r   345.564     0.010    0     0.000     0.000
r   346.354     0.010    0     0.000     0.000
r   347.155     0.010    0     0.000     0.000
r   347.938     0.010    0     0.000     0.000
r   348.727     0.010    0     0.000     0.000
r   349.520     0.010    0     0.000     0.000
r   350.323     0.010    0     0.000     0.000
r   351.115     0.010    0     0.000     0.000
r   351.907     0.010    0     0.000     0.000
r   352.705     0.010    0     0.000     0.000
r   353.492     0.010    0     0.000     0.000
r   354.272     0.010    0     0.000     0.000
r   355.055     0.010    0     0.000     0.000
r   355.834     0.010    0     0.000     0.000
r   356.625     0.010    0     0.000     0.000
r   357.418     0.010    0     0.000     0.000
r   358.211     0.010    0     0.000     0.000
r   359.015     0.010    0     0.000     0.000
r   359.819     0.010    0     0.000     0.000
r   360.610     0.010    0     0.000     0.000
r   361.421     0.010    0     0.000     0.000
r   362.359     0.010    0     0.000     0.000
r   363.168     0.010    0     0.000     0.000
r   363.987     0.010    0     0.000     0.000
r   364.796     0.010    0     0.000     0.000
r   365.586     0.010    0     0.000     0.000
r   367.016     0.010    0     0.000     0.000
r   367.817     0.010    0     0.000     0.000
r   368.607     0.010    0     0.000     0.000
r   369.387     0.010    0     0.000     0.000
r   370.188     0.010    0     0.000     0.000
r   370.972     0.010    0     0.000     0.000
r   371.756     0.010    0     0.000     0.000
r   372.530     0.010    0     0.000     0.000
r   373.338     0.010    0     0.000     0.000
r   374.139     0.010    0     0.000     0.000
r   374.943     0.010    0     0.000     0.000
r   375.744     0.010    0     0.000     0.000
r   376.545     0.010    0     0.000     0.000
r   377.357     0.010    0     0.000     0.000
r   378.168     0.010    0     0.000     0.000
r   378.987     0.010    0     0.000     0.000
r   379.791     0.010    0     0.000     0.000
r   380.595     0.010    0     0.000     0.000
r   381.389     0.010    0     0.000     0.000
r   382.182     0.010    0     0.000     0.000
r   382.972     0.010    0     0.000     0.000
r   383.752     0.010    0     0.000     0.000
r   384.534     0.010    0     0.000     0.000
r   385.468     0.010    0     0.000     0.000
r   406.165     0.010    0     0.000     0.000
r   407.470     0.010    0     0.000     0.000
r   394.426     0.010    0     0.000     0.000
r   395.232     0.010    0     0.000     0.000
r   396.041     0.010    0     0.000     0.000
r   396.849     0.010    0     0.000     0.000
r   397.647     0.010    0     0.000     0.000
r   398.448     0.010    0     0.000     0.000
r   399.254     0.010    0     0.000     0.000
r   400.064     0.010    0     0.000     0.000
r   400.870     0.010    0     0.000     0.000
r   401.677     0.010    0     0.000     0.000
r   402.481     0.010    0     0.000     0.000
r   403.274     0.010    0     0.000     0.000
r   404.072     0.010    0     0.000     0.000
r   404.873     0.010    0     0.000     0.000
r   245.825     0.010    1     0.000     0.000
r   252.199     0.010    1     0.000     0.000
r   257.208     0.010    1     0.000     0.000
r   262.947     0.010    1     0.000     0.000
r   269.750     0.010    1     0.000     0.000
r   275.901     0.010    1     0.000     0.000
r   282.497     0.010    1     0.000     0.000
r   288.421     0.010    1     0.000     0.000
r   293.100     0.010    1     0.000     0.000
r   298.808     0.010    1     0.000     0.000
r   302.333     0.010    1     0.000     0.000
r   306.571     0.010    1     0.000     0.000
r   310.945     0.010    1     0.000     0.000
s   387.558     1.180   53
r   338.246     0.010    0     0.000     0.000
r   339.514     0.010    0     0.000     0.000
r   340.934     0.010    0     0.000     0.000
r   342.522     0.010    0     0.000     0.000
r   343.654     0.010    0     0.000     0.000
r   344.612     0.010    0     0.000     0.000
r   345.728     0.010    0     0.000     0.000
r   346.840     0.010    0     0.000     0.000
r   348.573     0.010    0     0.000     0.000
r   349.681     0.010    0     0.000     0.000
r   352.067     0.010    0     0.000     0.000
r   354.110     0.010    0     0.000     0.000
r   355.998     0.010    0     0.000     0.000
r   357.743     0.010    0     0.000     0.000
r   359.015     0.010    0     0.000     0.000
r   360.609     0.010    0     0.000     0.000
r   367.341     0.010    0     0.000     0.000
r   368.292     0.010    0     0.000     0.000
r   369.072     0.010    0     0.000     0.000
r   369.862     0.010    0     0.000     0.000
r   370.660     0.010    0     0.000     0.000
r   371.444     0.010    0     0.000     0.000
r   372.218     0.010    0     0.000     0.000
r   373.013     0.010    0     0.000     0.000
r   373.814     0.010    0     0.000     0.000
r   374.614     0.010    0     0.000     0.000
r   375.418     0.010    0     0.000     0.000
r   376.219     0.010    0     0.000     0.000
r   377.842     0.010    0     0.000     0.000
r   379.626     0.010    0     0.000     0.000
r   382.020     0.010    0     0.000     0.000
r   406.003     0.010    0     0.000     0.000
r   390.922     0.010    0     0.000     0.000
r   393.130     0.010    0     0.000     0.000
r   395.556     0.010    0     0.000     0.000
r   397.960     0.010    0     0.000     0.000
r   398.764     0.010    0     0.000     0.000
r   399.571     0.010    0     0.000     0.000
r   400.391     0.010    0     0.000     0.000
r   401.198     0.010    0     0.000     0.000
r   401.991     0.010    0     0.000     0.000
r   402.795     0.010    0     0.000     0.000
r   403.749     0.010    0     0.000     0.000
r   246.583     0.010    1     0.000     0.000
r   253.326     0.010    1     0.000     0.000
r   258.965     0.010    1     0.000     0.000
r   266.204     0.010    1     0.000     0.000
r   294.648     0.010    1     0.000     0.000
r   298.357     0.010    1     0.000     0.000
r   304.372     0.010    1     0.000     0.000
r   309.848     0.010    1     0.000     0.000
r   313.604     0.010    1     0.000     0.000
r   317.039     0.010    1     0.000     0.000
s   384.545     1.400   59
r   339.202     0.010    0     0.000     0.000
r   339.984     0.010    0     0.000     0.000
r   340.773     0.010    0     0.000     0.000
r   341.568     0.010    0     0.000     0.000
r   342.362     0.010    0     0.000     0.000
r   343.166     0.010    0     0.000     0.000
r   343.980     0.010    0     0.000     0.000
r   344.773     0.010    0     0.000     0.000
r   345.564     0.010    0     0.000     0.000
r   346.354     0.010    0     0.000     0.000
r   347.155     0.010    0     0.000     0.000
r   347.938     0.010    0     0.000     0.000
r   348.726     0.010    0     0.000     0.000
r   349.519     0.010    0     0.000     0.000
r   350.322     0.010    0     0.000     0.000
r   351.115     0.010    0     0.000     0.000
r   351.907     0.010    0     0.000     0.000
r   352.705     0.010    0     0.000     0.000
r   353.492     0.010    0     0.000     0.000
r   354.586     0.010    0     0.000     0.000
r   356.788     0.010    0     0.000     0.000
r   358.861     0.010    0     0.000     0.000
r   360.444     0.010    0     0.000     0.000
r   362.358     0.010    0     0.000     0.000
r   363.664     0.010    0     0.000     0.000
r   364.470     0.010    0     0.000     0.000
r   366.064     0.010    0     0.000     0.000
r   367.655     0.010    0     0.000     0.000
r   368.920     0.010    0     0.000     0.000
r   370.022     0.010    0     0.000     0.000
r   371.444     0.010    0     0.000     0.000
r   373.012     0.010    0     0.000     0.000
r   374.289     0.010    0     0.000     0.000
r   375.418     0.010    0     0.000     0.000
r   376.382     0.010    0     0.000     0.000
r   377.355     0.010    0     0.000     0.000
r   378.327     0.010    0     0.000     0.000
r   379.464     0.010    0     0.000     0.000
r   380.428     0.010    0     0.000     0.000
r   387.490     0.010    0     0.000     0.000
r   389.353     0.010    0     0.000     0.000
r   391.078     0.010    0     0.000     0.000
r   392.501     0.010    0     0.000     0.000
r   394.264     0.010    0     0.000     0.000
r   396.688     0.010    0     0.000     0.000
r   398.766     0.010    0     0.000     0.000
r   400.711     0.010    0     0.000     0.000
r   402.319     0.010    0     0.000     0.000
r   240.744     0.010    1     0.000     0.000
r   247.671     0.010    1     0.000     0.000
r   254.416     0.010    1     0.000     0.000
r   259.439     0.010    1     0.000     0.000
r   263.745     0.010    1     0.000     0.000
r   277.679     0.010    1     0.000     0.000
r   285.370     0.010    1     0.000     0.000
r   290.688     0.010    1     0.000     0.000
r   296.499     0.010    1     0.000     0.000
r   302.172     0.010    1     0.000     0.000
r   307.815     0.010    1     0.000     0.000
s   381.407     2.040   55
r   336.328     0.010    0     0.000     0.000
r   338.408     0.010    0     0.000     0.000
r   339.514     0.010    0     0.000     0.000
r   340.306     0.010    0     0.000     0.000
r   341.092     0.010    0     0.000     0.000
r   341.883     0.010    0     0.000     0.000
r   342.687     0.010    0     0.000     0.000
r   343.491     0.010    0     0.000     0.000
r   344.295     0.010    0     0.000     0.000
r   345.091     0.010    0     0.000     0.000
r   345.879     0.010    0     0.000     0.000
r   346.680     0.010    0     0.000     0.000
r   347.470     0.010    0     0.000     0.000
r   348.256     0.010    0     0.000     0.000
r   349.044     0.010    0     0.000     0.000
r   350.004     0.010    0     0.000     0.000
r   350.954     0.010    0     0.000     0.000
r   351.746     0.010    0     0.000     0.000
r   352.554     0.010    0     0.000     0.000
r   353.331     0.010    0     0.000     0.000
r   354.111     0.010    0     0.000     0.000
r   354.901     0.010    0     0.000     0.000
r   355.684     0.010    0     0.000     0.000
r   356.464     0.010    0     0.000     0.000
r   357.265     0.010    0     0.000     0.000
r   358.058     0.010    0     0.000     0.000
r   358.862     0.010    0     0.000     0.000
r   359.666     0.010    0     0.000     0.000
r   360.446     0.010    0     0.000     0.000
r   361.260     0.010    0     0.000     0.000
r   362.045     0.010    0     0.000     0.000
r   363.501     0.010    0     0.000     0.000
r   368.293     0.010    0     0.000     0.000
r   370.024     0.010    0     0.000     0.000
r   371.595     0.010    0     0.000     0.000
r   374.140     0.010    0     0.000     0.000
r   384.848     0.010    0     0.000     0.000
r   387.631     0.010    0     0.000     0.000
r   390.135     0.010    0     0.000     0.000
r   392.011     0.010    0     0.000     0.000
r   393.131     0.010    0     0.000     0.000
r   396.365     0.010    0     0.000     0.000
r   399.735     0.010    0     0.000     0.000
r   402.317     0.010    0     0.000     0.000
r   251.256     0.010    1     0.000     0.000
r   257.047     0.010    1     0.000     0.000
r   261.490     0.010    1     0.000     0.000
r   267.511     0.010    1     0.000     0.000
r   273.294     0.010    1     0.000     0.000
r   279.286     0.010    1     0.000     0.000
r   286.978     0.010    1     0.000     0.000
r   294.964     0.010    1     0.000     0.000
r   301.544     0.010    1     0.000     0.000
r   307.977     0.010    1     0.000     0.000
r   315.156     0.010    1     0.000     0.000
s   378.481     2.340   88
r   335.852     0.010    0     0.000     0.000
r   336.645     0.010    0     0.000     0.000
r   337.452     0.010    0     0.000     0.000
r   338.246     0.010    0     0.000     0.000
r   339.041     0.010    0     0.000     0.000
r   339.833     0.010    0     0.000     0.000
r   340.615     0.010    0     0.000     0.000
r   341.404     0.010    0     0.000     0.000
r   342.197     0.010    0     0.000     0.000
r   343.001     0.010    0     0.000     0.000
r   343.819     0.010    0     0.000     0.000
r   344.612     0.010    0     0.000     0.000
r   345.402     0.010    0     0.000     0.000
r   346.203     0.010    0     0.000     0.000
r   346.991     0.010    0     0.000     0.000
r   347.787     0.010    0     0.000     0.000
r   348.572     0.010    0     0.000     0.000
r   349.358     0.010    0     0.000     0.000
r   350.164     0.010    0     0.000     0.000
r   350.953     0.010    0     0.000     0.000
r   351.745     0.010    0     0.000     0.000
r   352.554     0.010    0     0.000     0.000
r   353.331     0.010    0     0.000     0.000
r   354.110     0.010    0     0.000     0.000
r   354.901     0.010    0     0.000     0.000
r   355.683     0.010    0     0.000     0.000
r   356.463     0.010    0     0.000     0.000
r   357.264     0.010    0     0.000     0.000
r   358.057     0.010    0     0.000     0.000
r   358.861     0.010    0     0.000     0.000
r   359.664     0.010    0     0.000     0.000
r   360.444     0.010    0     0.000     0.000
r   361.258     0.010    0     0.000     0.000
r   362.043     0.010    0     0.000     0.000
r   362.841     0.010    0     0.000     0.000
r   363.663     0.010    0     0.000     0.000
r   364.630     0.010    0     0.000     0.000
r   365.584     0.010    0     0.000     0.000
r   367.339     0.010    0     0.000     0.000
r   368.129     0.010    0     0.000     0.000
r   368.919     0.010    0     0.000     0.000
r   369.709     0.010    0     0.000     0.000
r   370.497     0.010    0     0.000     0.000
r   371.281     0.010    0     0.000     0.000
r   372.066     0.010    0     0.000     0.000
r   372.850     0.010    0     0.000     0.000
r   381.708     0.010    0     0.000     0.000
r   382.501     0.010    0     0.000     0.000
r   383.440     0.010    0     0.000     0.000
r   384.223     0.010    0     0.000     0.000
r   385.006     0.010    0     0.000     0.000
r   386.400     0.010    0     0.000     0.000
r   387.330     0.010    0     0.000     0.000
r   388.099     0.010    0     0.000     0.000
r   389.026     0.010    0     0.000     0.000
r   389.823     0.010    0     0.000     0.000
r   390.610     0.010    0     0.000     0.000
r   391.386     0.010    0     0.000     0.000
r   392.173     0.010    0     0.000     0.000
r   393.293     0.010    0     0.000     0.000
r   394.101     0.010    0     0.000     0.000
r   394.910     0.010    0     0.000     0.000
r   395.718     0.010    0     0.000     0.000
r   397.009     0.010    0     0.000     0.000
r   246.584     0.010    1     0.000     0.000
r   251.102     0.010    1     0.000     0.000
r   255.036     0.010    1     0.000     0.000
r   259.438     0.010    1     0.000     0.000
r   267.672     0.010    1     0.000     0.000
r   271.204     0.010    1     0.000     0.000
r   274.586     0.010    1     0.000     0.000
r   277.048     0.010    1     0.000     0.000
r   279.612     0.010    1     0.000     0.000
r   281.857     0.010    1     0.000     0.000
r   284.729     0.010    1     0.000     0.000
r   287.940     0.010    1     0.000     0.000
r   291.994     0.010    1     0.000     0.000
r   293.882     0.010    1     0.000     0.000
r   295.883     0.010    1     0.000     0.000
r   298.961     0.010    1     0.000     0.000
r   302.494     0.010    1     0.000     0.000
r   305.632     0.010    1     0.000     0.000
r   308.598     0.010    1     0.000     0.000
r   312.204     0.010    1     0.000     0.000
r   315.779     0.010    1     0.000     0.000
r   318.159     0.010    1     0.000     0.000
r   320.835     0.010    1     0.000     0.000
r   323.301     0.010    1     0.000     0.000
s   375.499     2.650   46
r   332.769     0.010    0     0.000     0.000
r   337.770     0.010    0     0.000     0.000
r   339.675     0.010    0     0.000     0.000
r   341.883     0.010    0     0.000     0.000
r   344.133     0.010    0     0.000     0.000
r   346.203     0.010    0     0.000     0.000
r   348.091     0.010    0     0.000     0.000
r   350.483     0.010    0     0.000     0.000
r   351.745     0.010    0     0.000     0.000
r   352.554     0.010    0     0.000     0.000
r   353.331     0.010    0     0.000     0.000
r   354.272     0.010    0     0.000     0.000
r   356.148     0.010    0     0.000     0.000
r   358.057     0.010    0     0.000     0.000
r   360.130     0.010    0     0.000     0.000
r   361.581     0.010    0     0.000     0.000
r   363.500     0.010    0     0.000     0.000
r   364.308     0.010    0     0.000     0.000
r   365.109     0.010    0     0.000     0.000
r   365.910     0.010    0     0.000     0.000
r   366.700     0.010    0     0.000     0.000
r   367.490     0.010    0     0.000     0.000
r   368.291     0.010    0     0.000     0.000
r   382.343     0.010    0     0.000     0.000
r   383.752     0.010    0     0.000     0.000
r   385.629     0.010    0     0.000     0.000
r   386.863     0.010    0     0.000     0.000
r   388.398     0.010    0     0.000     0.000
r   389.661     0.010    0     0.000     0.000
r   390.759     0.010    0     0.000     0.000
r   392.011     0.010    0     0.000     0.000
r   392.970     0.010    0     0.000     0.000
r   394.262     0.010    0     0.000     0.000
r   395.231     0.010    0     0.000     0.000
r   396.040     0.010    0     0.000     0.000
r   397.173     0.010    0     0.000     0.000
r   263.111     0.010    1     0.000     0.000
r   267.346     0.010    1     0.000     0.000
r   273.454     0.010    1     0.000     0.000
r   280.263     0.010    1     0.000     0.000
r   287.303     0.010    1     0.000     0.000
r   291.669     0.010    1     0.000     0.000
r   298.358     0.010    1     0.000     0.000
r   303.748     0.010    1     0.000     0.000
r   309.697     0.010    1     0.000     0.000
r   314.381     0.010    1     0.000     0.000
s   372.584     2.840   51
r   338.096     0.010    0     0.000     0.000
r   339.353     0.010    0     0.000     0.000
r   340.773     0.010    0     0.000     0.000
r   342.523     0.010    0     0.000     0.000
r   344.134     0.010    0     0.000     0.000
r   346.040     0.010    0     0.000     0.000
r   348.092     0.010    0     0.000     0.000
r   349.681     0.010    0     0.000     0.000
r   351.907     0.010    0     0.000     0.000
r   353.017     0.010    0     0.000     0.000
r   354.740     0.010    0     0.000     0.000
r   356.313     0.010    0     0.000     0.000
r   357.897     0.010    0     0.000     0.000
r   359.505     0.010    0     0.000     0.000
r   362.682     0.010    0     0.000     0.000
r   363.501     0.010    0     0.000     0.000
r   364.310     0.010    0     0.000     0.000
r   365.111     0.010    0     0.000     0.000
r   365.911     0.010    0     0.000     0.000
r   366.702     0.010    0     0.000     0.000
r   381.867     0.010    0     0.000     0.000
r   382.657     0.010    0     0.000     0.000
r   383.437     0.010    0     0.000     0.000
r   384.219     0.010    0     0.000     0.000
r   385.002     0.010    0     0.000     0.000
r   385.782     0.010    0     0.000     0.000
r   386.558     0.010    0     0.000     0.000
r   387.327     0.010    0     0.000     0.000
r   388.096     0.010    0     0.000     0.000
r   388.873     0.010    0     0.000     0.000
r   389.660     0.010    0     0.000     0.000
r   390.447     0.010    0     0.000     0.000
r   391.234     0.010    0     0.000     0.000
r   392.011     0.010    0     0.000     0.000
r   392.809     0.010    0     0.000     0.000
r   377.518     0.010    0     0.000     0.000
r   378.329     0.010    0     0.000     0.000
r   379.141     0.010    0     0.000     0.000
r   379.952     0.010    0     0.000     0.000
r   380.745     0.010    0     0.000     0.000
r   271.684     0.010    1     0.000     0.000
r   275.412     0.010    1     0.000     0.000
r   279.126     0.010    1     0.000     0.000
r   283.453     0.010    1     0.000     0.000
r   288.905     0.010    1     0.000     0.000
r   294.964     0.010    1     0.000     0.000
r   301.232     0.010    1     0.000     0.000
r   306.571     0.010    1     0.000     0.000
r   312.667     0.010    1     0.000     0.000
r   317.674     0.010    1     0.000     0.000
r   322.672     0.010    1     0.000     0.000
s   369.535     3.090  114
r   310.159     0.010    0     0.000     0.000
r   311.882     0.010    0     0.000     0.000
r   313.293     0.010    0     0.000     0.000
r   315.779     0.010    0     0.000     0.000
r   318.159     0.010    0     0.000     0.000
r   319.908     0.010    0     0.000     0.000
r   322.056     0.010    0     0.000     0.000
r   324.360     0.010    0     0.000     0.000
r   326.384     0.010    0     0.000     0.000
r   328.424     0.010    0     0.000     0.000
r   330.750     0.010    0     0.000     0.000
r   332.297     0.010    0     0.000     0.000
r   333.676     0.010    0     0.000     0.000
r   334.741     0.010    0     0.000     0.000
r   336.003     0.010    0     0.000     0.000
r   337.606     0.010    0     0.000     0.000
r   338.719     0.010    0     0.000     0.000
r   339.514     0.010    0     0.000     0.000
r   340.306     0.010    0     0.000     0.000
r   341.092     0.010    0     0.000     0.000
r   341.882     0.010    0     0.000     0.000
r   342.686     0.010    0     0.000     0.000
r   343.490     0.010    0     0.000     0.000
r   344.294     0.010    0     0.000     0.000
r   345.091     0.010    0     0.000     0.000
r   345.878     0.010    0     0.000     0.000
r   346.679     0.010    0     0.000     0.000
r   347.470     0.010    0     0.000     0.000
r   348.255     0.010    0     0.000     0.000
r   349.044     0.010    0     0.000     0.000
r   349.842     0.010    0     0.000     0.000
r   350.645     0.010    0     0.000     0.000
r   351.434     0.010    0     0.000     0.000
r   352.229     0.010    0     0.000     0.000
r   353.016     0.010    0     0.000     0.000
r   353.806     0.010    0     0.000     0.000
r   354.586     0.010    0     0.000     0.000
r   355.369     0.010    0     0.000     0.000
r   356.149     0.010    0     0.000     0.000
r   356.939     0.010    0     0.000     0.000
r   357.743     0.010    0     0.000     0.000
r   358.536     0.010    0     0.000     0.000
r   359.340     0.010    0     0.000     0.000
r   360.130     0.010    0     0.000     0.000
r   362.358     0.010    0     0.000     0.000
r   363.167     0.010    0     0.000     0.000
r   363.987     0.010    0     0.000     0.000
r   364.795     0.010    0     0.000     0.000
r   365.585     0.010    0     0.000     0.000
r   366.386     0.010    0     0.000     0.000
r   381.702     0.010    0     0.000     0.000
r   382.495     0.010    0     0.000     0.000
r   383.590     0.010    0     0.000     0.000
r   384.533     0.010    0     0.000     0.000
r   385.466     0.010    0     0.000     0.000
r   386.246     0.010    0     0.000     0.000
r   387.162     0.010    0     0.000     0.000
r   388.095     0.010    0     0.000     0.000
r   389.345     0.010    0     0.000     0.000
r   390.607     0.010    0     0.000     0.000
r   392.010     0.010    0     0.000     0.000
r   393.291     0.010    0     0.000     0.000
r   373.488     0.010    0     0.000     0.000
r   374.289     0.010    0     0.000     0.000
r   375.103     0.010    0     0.000     0.000
r   375.907     0.010    0     0.000     0.000
r   376.705     0.010    0     0.000     0.000
r   377.517     0.010    0     0.000     0.000
r   378.328     0.010    0     0.000     0.000
r   379.140     0.010    0     0.000     0.000
r   231.283     0.010    1     0.000     0.000
r   235.529     0.010    1     0.000     0.000
r   239.343     0.010    1     0.000     0.000
r   244.460     0.010    1     0.000     0.000
r   247.670     0.010    1     0.000     0.000
r   249.859     0.010    1     0.000     0.000
r   253.326     0.010    1     0.000     0.000
r   255.971     0.010    1     0.000     0.000
r   259.753     0.010    1     0.000     0.000
r   262.624     0.010    1     0.000     0.000
r   265.551     0.010    1     0.000     0.000
r   267.832     0.010    1     0.000     0.000
r   270.074     0.010    1     0.000     0.000
r   274.422     0.010    1     0.000     0.000
r   275.901     0.010    1     0.000     0.000
r   276.729     0.010    1     0.000     0.000
r   277.529     0.010    1     0.000     0.000
r   278.324     0.010    1     0.000     0.000
r   279.125     0.010    1     0.000     0.000
r   280.098     0.010    1     0.000     0.000
r   280.892     0.010    1     0.000     0.000
r   282.172     0.010    1     0.000     0.000
r   282.973     0.010    1     0.000     0.000
r   283.764     0.010    1     0.000     0.000
r   284.565     0.010    1     0.000     0.000
r   285.369     0.010    1     0.000     0.000
r   286.173     0.010    1     0.000     0.000
r   286.978     0.010    1     0.000     0.000
r   287.790     0.010    1     0.000     0.000
r   288.582     0.010    1     0.000     0.000
r   289.388     0.010    1     0.000     0.000
r   290.201     0.010    1     0.000     0.000
r   291.021     0.010    1     0.000     0.000
r   291.830     0.010    1     0.000     0.000
r   292.949     0.010    1     0.000     0.000
r   294.498     0.010    1     0.000     0.000
r   296.194     0.010    1     0.000     0.000
r   298.193     0.010    1     0.000     0.000
r   300.332     0.010    1     0.000     0.000
r   302.172     0.010    1     0.000     0.000
r   302.967     0.010    1     0.000     0.000
r   303.748     0.010    1     0.000     0.000
r   304.533     0.010    1     0.000     0.000
r   305.320     0.010    1     0.000     0.000
s   366.483     3.190  116
r   279.774     0.010    0     0.000     0.000
r   283.603     0.010    0     0.000     0.000
r   286.489     0.010    0     0.000     0.000
r   289.389     0.010    0     0.000     0.000
r   292.949     0.010    0     0.000     0.000
r   296.045     0.010    0     0.000     0.000
r   298.962     0.010    0     0.000     0.000
r   302.022     0.010    0     0.000     0.000
r   305.321     0.010    0     0.000     0.000
r   309.849     0.010    0     0.000     0.000
r   312.979     0.010    0     0.000     0.000
r   315.005     0.010    0     0.000     0.000
r   317.040     0.010    0     0.000     0.000
r   318.321     0.010    0     0.000     0.000
r   321.140     0.010    0     0.000     0.000
r   322.836     0.010    0     0.000     0.000
r   324.057     0.010    0     0.000     0.000
r   325.288     0.010    0     0.000     0.000
r   326.693     0.010    0     0.000     0.000
r   328.585     0.010    0     0.000     0.000
r   330.435     0.010    0     0.000     0.000
r   332.297     0.010    0     0.000     0.000
r   333.980     0.010    0     0.000     0.000
r   335.223     0.010    0     0.000     0.000
r   336.003     0.010    0     0.000     0.000
r   336.807     0.010    0     0.000     0.000
r   337.607     0.010    0     0.000     0.000
r   338.408     0.010    0     0.000     0.000
r   339.203     0.010    0     0.000     0.000
r   339.984     0.010    0     0.000     0.000
r   340.773     0.010    0     0.000     0.000
r   341.568     0.010    0     0.000     0.000
r   342.362     0.010    0     0.000     0.000
r   343.166     0.010    0     0.000     0.000
r   343.980     0.010    0     0.000     0.000
r   344.774     0.010    0     0.000     0.000
r   345.564     0.010    0     0.000     0.000
r   346.355     0.010    0     0.000     0.000
r   347.156     0.010    0     0.000     0.000
r   347.938     0.010    0     0.000     0.000
r   348.727     0.010    0     0.000     0.000
r   349.520     0.010    0     0.000     0.000
r   350.323     0.010    0     0.000     0.000
r   351.115     0.010    0     0.000     0.000
r   351.907     0.010    0     0.000     0.000
r   352.705     0.010    0     0.000     0.000
r   353.492     0.010    0     0.000     0.000
r   354.272     0.010    0     0.000     0.000
r   355.055     0.010    0     0.000     0.000
r   355.834     0.010    0     0.000     0.000
r   356.625     0.010    0     0.000     0.000
r   357.418     0.010    0     0.000     0.000
r   358.212     0.010    0     0.000     0.000
r   359.016     0.010    0     0.000     0.000
r   359.820     0.010    0     0.000     0.000
r   360.610     0.010    0     0.000     0.000
r   378.826     0.010    0     0.000     0.000
r   379.791     0.010    0     0.000     0.000
r   380.595     0.010    0     0.000     0.000
r   381.388     0.010    0     0.000     0.000
r   382.182     0.010    0     0.000     0.000
r   382.972     0.010    0     0.000     0.000
r   383.751     0.010    0     0.000     0.000
r   384.534     0.010    0     0.000     0.000
r   385.316     0.010    0     0.000     0.000
r   386.096     0.010    0     0.000     0.000
r   386.862     0.010    0     0.000     0.000
r   387.631     0.010    0     0.000     0.000
r   388.397     0.010    0     0.000     0.000
r   389.184     0.010    0     0.000     0.000
r   389.982     0.010    0     0.000     0.000
r   390.759     0.010    0     0.000     0.000
r   391.546     0.010    0     0.000     0.000
r   371.756     0.010    0     0.000     0.000
r   372.530     0.010    0     0.000     0.000
r   373.339     0.010    0     0.000     0.000
r   374.139     0.010    0     0.000     0.000
r   374.943     0.010    0     0.000     0.000
r   375.744     0.010    0     0.000     0.000
r   376.545     0.010    0     0.000     0.000
r   255.811     0.010    1     0.000     0.000
r   260.230     0.010    1     0.000     0.000
r   264.243     0.010    1     0.000     0.000
r   267.672     0.010    1     0.000     0.000
r   270.559     0.010    1     0.000     0.000
r   275.074     0.010    1     0.000     0.000
r   278.650     0.010    1     0.000     0.000
r   280.739     0.010    1     0.000     0.000
r   281.543     0.010    1     0.000     0.000
r   282.334     0.010    1     0.000     0.000
r   283.127     0.010    1     0.000     0.000
r   283.929     0.010    1     0.000     0.000
r   284.730     0.010    1     0.000     0.000
r   285.531     0.010    1     0.000     0.000
r   286.328     0.010    1     0.000     0.000
r   287.140     0.010    1     0.000     0.000
r   287.941     0.010    1     0.000     0.000
r   288.744     0.010    1     0.000     0.000
r   289.557     0.010    1     0.000     0.000
r   290.366     0.010    1     0.000     0.000
r   291.183     0.010    1     0.000     0.000
r   291.995     0.010    1     0.000     0.000
r   292.785     0.010    1     0.000     0.000
r   293.568     0.010    1     0.000     0.000
r   294.499     0.010    1     0.000     0.000
r   295.278     0.010    1     0.000     0.000
r   296.045     0.010    1     0.000     0.000
r   296.814     0.010    1     0.000     0.000
r   297.583     0.010    1     0.000     0.000
r   298.358     0.010    1     0.000     0.000
r   299.115     0.010    1     0.000     0.000
r   299.875     0.010    1     0.000     0.000
r   300.633     0.010    1     0.000     0.000
r   301.383     0.010    1     0.000     0.000
r   302.172     0.010    1     0.000     0.000
r   304.534     0.010    1     0.000     0.000
s   363.422     3.040   65
r   326.692     0.010    0     0.000     0.000
r   328.266     0.010    0     0.000     0.000
r   330.123     0.010    0     0.000     0.000
r   332.146     0.010    0     0.000     0.000
r   333.369     0.010    0     0.000     0.000
r   334.284     0.010    0     0.000     0.000
r   335.373     0.010    0     0.000     0.000
r   336.492     0.010    0     0.000     0.000
r   337.606     0.010    0     0.000     0.000
r   339.202     0.010    0     0.000     0.000
r   340.453     0.010    0     0.000     0.000
r   341.404     0.010    0     0.000     0.000
r   342.522     0.010    0     0.000     0.000
r   343.490     0.010    0     0.000     0.000
r   344.927     0.010    0     0.000     0.000
r   346.991     0.010    0     0.000     0.000
r   348.409     0.010    0     0.000     0.000
r   350.164     0.010    0     0.000     0.000
r   350.953     0.010    0     0.000     0.000
r   351.745     0.010    0     0.000     0.000
r   352.554     0.010    0     0.000     0.000
r   353.331     0.010    0     0.000     0.000
r   354.110     0.010    0     0.000     0.000
r   354.901     0.010    0     0.000     0.000
r   355.684     0.010    0     0.000     0.000
r   356.463     0.010    0     0.000     0.000
r   357.264     0.010    0     0.000     0.000
r   358.058     0.010    0     0.000     0.000
r   358.861     0.010    0     0.000     0.000
r   359.665     0.010    0     0.000     0.000
r   376.544     0.010    0     0.000     0.000
r   378.003     0.010    0     0.000     0.000
r   379.465     0.010    0     0.000     0.000
r   381.073     0.010    0     0.000     0.000
r   381.866     0.010    0     0.000     0.000
r   382.810     0.010    0     0.000     0.000
r   384.065     0.010    0     0.000     0.000
r   385.627     0.010    0     0.000     0.000
r   387.477     0.010    0     0.000     0.000
r   389.509     0.010    0     0.000     0.000
r   391.860     0.010    0     0.000     0.000
r   393.455     0.010    0     0.000     0.000
r   394.747     0.010    0     0.000     0.000
r   368.606     0.010    0     0.000     0.000
r   369.386     0.010    0     0.000     0.000
r   370.187     0.010    0     0.000     0.000
r   370.971     0.010    0     0.000     0.000
r   371.755     0.010    0     0.000     0.000
r   372.851     0.010    0     0.000     0.000
r   374.453     0.010    0     0.000     0.000
r   247.202     0.010    1     0.000     0.000
r   250.631     0.010    1     0.000     0.000
r   253.480     0.010    1     0.000     0.000
r   257.519     0.010    1     0.000     0.000
r   260.863     0.010    1     0.000     0.000
r   264.081     0.010    1     0.000     0.000
r   268.473     0.010    1     0.000     0.000
r   271.519     0.010    1     0.000     0.000
r   274.747     0.010    1     0.000     0.000
r   278.488     0.010    1     0.000     0.000
r   281.056     0.010    1     0.000     0.000
r   285.530     0.010    1     0.000     0.000
r   289.557     0.010    1     0.000     0.000
r   293.099     0.010    1     0.000     0.000
r   296.044     0.010    1     0.000     0.000
s   360.428     2.540   81
r   314.843     0.010    0     0.000     0.000
r   315.628     0.010    0     0.000     0.000
r   316.405     0.010    0     0.000     0.000
r   317.200     0.010    0     0.000     0.000
r   317.995     0.010    0     0.000     0.000
r   318.793     0.010    0     0.000     0.000
r   319.588     0.010    0     0.000     0.000
r   320.370     0.010    0     0.000     0.000
r   321.139     0.010    0     0.000     0.000
r   321.905     0.010    0     0.000     0.000
r   322.835     0.010    0     0.000     0.000
r   323.605     0.010    0     0.000     0.000
r   324.360     0.010    0     0.000     0.000
r   325.126     0.010    0     0.000     0.000
r   325.921     0.010    0     0.000     0.000
r   326.692     0.010    0     0.000     0.000
r   327.799     0.010    0     0.000     0.000
r   328.585     0.010    0     0.000     0.000
r   329.504     0.010    0     0.000     0.000
r   330.284     0.010    0     0.000     0.000
r   331.053     0.010    0     0.000     0.000
r   331.828     0.010    0     0.000     0.000
r   332.604     0.010    0     0.000     0.000
r   333.368     0.010    0     0.000     0.000
r   334.283     0.010    0     0.000     0.000
r   335.373     0.010    0     0.000     0.000
r   336.167     0.010    0     0.000     0.000
r   336.971     0.010    0     0.000     0.000
r   337.770     0.010    0     0.000     0.000
r   338.557     0.010    0     0.000     0.000
r   339.352     0.010    0     0.000     0.000
r   340.145     0.010    0     0.000     0.000
r   340.934     0.010    0     0.000     0.000
r   341.718     0.010    0     0.000     0.000
r   342.522     0.010    0     0.000     0.000
r   343.329     0.010    0     0.000     0.000
r   344.133     0.010    0     0.000     0.000
r   344.926     0.010    0     0.000     0.000
r   345.728     0.010    0     0.000     0.000
r   346.515     0.010    0     0.000     0.000
r   347.308     0.010    0     0.000     0.000
r   348.091     0.010    0     0.000     0.000
r   349.681     0.010    0     0.000     0.000
r   350.483     0.010    0     0.000     0.000
r   351.272     0.010    0     0.000     0.000
r   379.301     0.010    0     0.000     0.000
r   380.594     0.010    0     0.000     0.000
r   381.551     0.010    0     0.000     0.000
r   382.810     0.010    0     0.000     0.000
r   384.218     0.010    0     0.000     0.000
r   386.557     0.010    0     0.000     0.000
r   388.872     0.010    0     0.000     0.000
r   391.233     0.010    0     0.000     0.000
r   393.291     0.010    0     0.000     0.000
r   395.717     0.010    0     0.000     0.000
r   366.539     0.010    0     0.000     0.000
r   367.340     0.010    0     0.000     0.000
r   368.130     0.010    0     0.000     0.000
r   368.920     0.010    0     0.000     0.000
r   369.711     0.010    0     0.000     0.000
r   370.498     0.010    0     0.000     0.000
r   371.755     0.010    0     0.000     0.000
r   374.289     0.010    0     0.000     0.000
r   239.189     0.010    1     0.000     0.000
r   251.102     0.010    1     0.000     0.000
r   260.702     0.010    1     0.000     0.000
r   266.863     0.010    1     0.000     0.000
r   269.750     0.010    1     0.000     0.000
r   273.455     0.010    1     0.000     0.000
r   277.367     0.010    1     0.000     0.000
r   280.738     0.010    1     0.000     0.000
r   283.764     0.010    1     0.000     0.000
r   285.530     0.010    1     0.000     0.000
r   287.464     0.010    1     0.000     0.000
r   290.201     0.010    1     0.000     0.000
r   293.099     0.010    1     0.000     0.000
r   295.278     0.010    1     0.000     0.000
r   297.117     0.010    1     0.000     0.000
r   299.575     0.010    1     0.000     0.000
r   302.494     0.010    1     0.000     0.000
r   304.683     0.010    1     0.000     0.000
s   357.449     1.920   88
r   306.420     0.010    0     0.000     0.000
r   310.482     0.010    0     0.000     0.000
r   313.755     0.010    0     0.000     0.000
r   315.155     0.010    0     0.000     0.000
r   317.351     0.010    0     0.000     0.000
r   319.277     0.010    0     0.000     0.000
r   321.755     0.010    0     0.000     0.000
r   323.755     0.010    0     0.000     0.000
r   325.922     0.010    0     0.000     0.000
r   327.799     0.010    0     0.000     0.000
r   328.890     0.010    0     0.000     0.000
r   329.669     0.010    0     0.000     0.000
r   330.435     0.010    0     0.000     0.000
r   331.207     0.010    0     0.000     0.000
r   331.993     0.010    0     0.000     0.000
r   332.768     0.010    0     0.000     0.000
r   333.522     0.010    0     0.000     0.000
r   334.284     0.010    0     0.000     0.000
r   335.059     0.010    0     0.000     0.000
r   335.852     0.010    0     0.000     0.000
r   336.646     0.010    0     0.000     0.000
r   337.453     0.010    0     0.000     0.000
r   338.246     0.010    0     0.000     0.000
r   339.041     0.010    0     0.000     0.000
r   339.833     0.010    0     0.000     0.000
r   340.615     0.010    0     0.000     0.000
r   341.403     0.010    0     0.000     0.000
r   342.197     0.010    0     0.000     0.000
r   343.001     0.010    0     0.000     0.000
r   343.819     0.010    0     0.000     0.000
r   344.612     0.010    0     0.000     0.000
r   345.403     0.010    0     0.000     0.000
r   346.204     0.010    0     0.000     0.000
r   349.359     0.010    0     0.000     0.000
r   350.164     0.010    0     0.000     0.000
r   350.953     0.010    0     0.000     0.000
r   351.745     0.010    0     0.000     0.000
r   352.554     0.010    0     0.000     0.000
r   353.331     0.010    0     0.000     0.000
r   368.606     0.010    0     0.000     0.000
r   369.386     0.010    0     0.000     0.000
r   370.187     0.010    0     0.000     0.000
r   370.971     0.010    0     0.000     0.000
r   371.755     0.010    0     0.000     0.000
r   372.529     0.010    0     0.000     0.000
r   373.338     0.010    0     0.000     0.000
r   374.139     0.010    0     0.000     0.000
r   375.104     0.010    0     0.000     0.000
r   376.705     0.010    0     0.000     0.000
r   378.167     0.010    0     0.000     0.000
r   379.465     0.010    0     0.000     0.000
r   380.594     0.010    0     0.000     0.000
r   382.495     0.010    0     0.000     0.000
r   383.751     0.010    0     0.000     0.000
r   385.466     0.010    0     0.000     0.000
r   387.477     0.010    0     0.000     0.000
r   388.396     0.010    0     0.000     0.000
r   389.820     0.010    0     0.000     0.000
r   390.922     0.010    0     0.000     0.000
r   392.010     0.010    0     0.000     0.000
r   362.043     0.010    0     0.000     0.000
r   363.005     0.010    0     0.000     0.000
r   363.825     0.010    0     0.000     0.000
r   364.630     0.010    0     0.000     0.000
r   365.424     0.010    0     0.000     0.000
r   366.225     0.010    0     0.000     0.000
r   367.015     0.010    0     0.000     0.000
r   239.504     0.010    1     0.000     0.000
r   243.282     0.010    1     0.000     0.000
r   246.734     0.010    1     0.000     0.000
r   250.316     0.010    1     0.000     0.000
r   254.096     0.010    1     0.000     0.000
r   257.207     0.010    1     0.000     0.000
r   259.592     0.010    1     0.000     0.000
r   262.138     0.010    1     0.000     0.000
r   265.552     0.010    1     0.000     0.000
r   268.802     0.010    1     0.000     0.000
r   271.998     0.010    1     0.000     0.000
r   274.261     0.010    1     0.000     0.000
r   277.048     0.010    1     0.000     0.000
r   280.413     0.010    1     0.000     0.000
r   284.891     0.010    1     0.000     0.000
r   287.940     0.010    1     0.000     0.000
r   292.309     0.010    1     0.000     0.000
r   295.278     0.010    1     0.000     0.000
r   299.268     0.010    1     0.000     0.000
r   301.863     0.010    1     0.000     0.000
r   304.060     0.010    1     0.000     0.000
s   354.535     1.840   78
r   319.589     0.010    0     0.000     0.000
r   320.370     0.010    0     0.000     0.000
r   321.140     0.010    0     0.000     0.000
r   321.906     0.010    0     0.000     0.000
r   322.672     0.010    0     0.000     0.000
r   323.452     0.010    0     0.000     0.000
r   324.210     0.010    0     0.000     0.000
r   324.976     0.010    0     0.000     0.000
r   325.761     0.010    0     0.000     0.000
r   326.545     0.010    0     0.000     0.000
r   327.327     0.010    0     0.000     0.000
r   328.108     0.010    0     0.000     0.000
r   328.891     0.010    0     0.000     0.000
r   329.669     0.010    0     0.000     0.000
r   330.435     0.010    0     0.000     0.000
r   331.207     0.010    0     0.000     0.000
r   331.993     0.010    0     0.000     0.000
r   332.769     0.010    0     0.000     0.000
r   333.676     0.010    0     0.000     0.000
r   334.438     0.010    0     0.000     0.000
r   335.223     0.010    0     0.000     0.000
r   336.003     0.010    0     0.000     0.000
r   336.807     0.010    0     0.000     0.000
r   337.606     0.010    0     0.000     0.000
r   338.407     0.010    0     0.000     0.000
r   339.353     0.010    0     0.000     0.000
r   340.773     0.010    0     0.000     0.000
r   342.361     0.010    0     0.000     0.000
r   343.655     0.010    0     0.000     0.000
r   344.927     0.010    0     0.000     0.000
r   347.938     0.010    0     0.000     0.000
r   364.308     0.010    0     0.000     0.000
r   365.109     0.010    0     0.000     0.000
r   365.910     0.010    0     0.000     0.000
r   366.701     0.010    0     0.000     0.000
r   367.491     0.010    0     0.000     0.000
r   368.292     0.010    0     0.000     0.000
r   369.072     0.010    0     0.000     0.000
r   369.862     0.010    0     0.000     0.000
r   370.660     0.010    0     0.000     0.000
r   371.444     0.010    0     0.000     0.000
r   372.218     0.010    0     0.000     0.000
r   373.013     0.010    0     0.000     0.000
r   373.814     0.010    0     0.000     0.000
r   374.615     0.010    0     0.000     0.000
r   375.418     0.010    0     0.000     0.000
r   376.219     0.010    0     0.000     0.000
r   377.031     0.010    0     0.000     0.000
r   378.665     0.010    0     0.000     0.000
r   380.431     0.010    0     0.000     0.000
r   382.657     0.010    0     0.000     0.000
r   385.002     0.010    0     0.000     0.000
r   388.096     0.010    0     0.000     0.000
r   390.447     0.010    0     0.000     0.000
r   392.658     0.010    0     0.000     0.000
r   359.015     0.010    0     0.000     0.000
r   360.445     0.010    0     0.000     0.000
r   361.582     0.010    0     0.000     0.000
r   362.358     0.010    0     0.000     0.000
r   363.167     0.010    0     0.000     0.000
r   254.878     0.010    1     0.000     0.000
r   257.842     0.010    1     0.000     0.000
r   260.703     0.010    1     0.000     0.000
r   263.584     0.010    1     0.000     0.000
r   266.699     0.010    1     0.000     0.000
r   269.430     0.010    1     0.000     0.000
r   272.972     0.010    1     0.000     0.000
r   275.902     0.010    1     0.000     0.000
r   279.287     0.010    1     0.000     0.000
r   282.172     0.010    1     0.000     0.000
r   286.013     0.010    1     0.000     0.000
r   289.879     0.010    1     0.000     0.000
r   291.994     0.010    1     0.000     0.000
r   294.184     0.010    1     0.000     0.000
r   296.195     0.010    1     0.000     0.000
r   297.736     0.010    1     0.000     0.000
r   299.575     0.010    1     0.000     0.000
r   302.494     0.010    1     0.000     0.000
s   351.584     1.910  163
r   280.413     0.010    0     0.000     0.000
r   282.812     0.010    0     0.000     0.000
r   285.370     0.010    0     0.000     0.000
r   287.790     0.010    0     0.000     0.000
r   290.041     0.010    0     0.000     0.000
r   292.624     0.010    0     0.000     0.000
r   295.278     0.010    0     0.000     0.000
r   296.499     0.010    0     0.000     0.000
r   297.432     0.010    0     0.000     0.000
r   298.194     0.010    0     0.000     0.000
r   299.115     0.010    0     0.000     0.000
r   299.875     0.010    0     0.000     0.000
r   300.784     0.010    0     0.000     0.000
r   301.544     0.010    0     0.000     0.000
r   302.333     0.010    0     0.000     0.000
r   303.128     0.010    0     0.000     0.000
r   303.910     0.010    0     0.000     0.000
r   304.684     0.010    0     0.000     0.000
r   305.471     0.010    0     0.000     0.000
r   306.259     0.010    0     0.000     0.000
r   307.197     0.010    0     0.000     0.000
r   307.977     0.010    0     0.000     0.000
r   308.760     0.010    0     0.000     0.000
r   309.537     0.010    0     0.000     0.000
r   310.321     0.010    0     0.000     0.000
r   311.106     0.010    0     0.000     0.000
r   311.882     0.010    0     0.000     0.000
r   312.667     0.010    0     0.000     0.000
r   313.444     0.010    0     0.000     0.000
r   314.221     0.010    0     0.000     0.000
r   315.005     0.010    0     0.000     0.000
r   315.779     0.010    0     0.000     0.000
r   316.556     0.010    0     0.000     0.000
r   317.351     0.010    0     0.000     0.000
r   318.160     0.010    0     0.000     0.000
r   318.955     0.010    0     0.000     0.000
r   319.747     0.010    0     0.000     0.000
r   320.524     0.010    0     0.000     0.000
r   321.301     0.010    0     0.000     0.000
r   322.056     0.010    0     0.000     0.000
r   322.836     0.010    0     0.000     0.000
r   323.605     0.010    0     0.000     0.000
r   324.361     0.010    0     0.000     0.000
r   325.127     0.010    0     0.000     0.000
r   325.922     0.010    0     0.000     0.000
r   326.693     0.010    0     0.000     0.000
r   327.477     0.010    0     0.000     0.000
r   328.266     0.010    0     0.000     0.000
r   329.049     0.010    0     0.000     0.000
r   329.819     0.010    0     0.000     0.000
r   330.903     0.010    0     0.000     0.000
r   333.226     0.010    0     0.000     0.000
r   334.906     0.010    0     0.000     0.000
r   334.906     0.010    0     0.000     0.000
r   335.688     0.010    0     0.000     0.000
r   336.492     0.010    0     0.000     0.000
r   337.289     0.010    0     0.000     0.000
r   338.096     0.010    0     0.000     0.000
r   338.880     0.010    0     0.000     0.000
r   339.675     0.010    0     0.000     0.000
r   340.454     0.010    0     0.000     0.000
r   341.253     0.010    0     0.000     0.000
r   342.047     0.010    0     0.000     0.000
r   342.840     0.010    0     0.000     0.000
r   361.732     0.010    0     0.000     0.000
r   362.519     0.010    0     0.000     0.000
r   363.339     0.010    0     0.000     0.000
r   364.147     0.010    0     0.000     0.000
r   364.945     0.010    0     0.000     0.000
r   365.749     0.010    0     0.000     0.000
r   366.539     0.010    0     0.000     0.000
r   367.340     0.010    0     0.000     0.000
r   368.131     0.010    0     0.000     0.000
r   368.921     0.010    0     0.000     0.000
r   369.711     0.010    0     0.000     0.000
r   370.499     0.010    0     0.000     0.000
r   371.283     0.010    0     0.000     0.000
r   372.067     0.010    0     0.000     0.000
r   372.852     0.010    0     0.000     0.000
r   373.652     0.010    0     0.000     0.000
r   374.453     0.010    0     0.000     0.000
r   377.356     0.010    0     0.000     0.000
r   379.791     0.010    0     0.000     0.000
r   382.496     0.010    0     0.000     0.000
r   385.942     0.010    0     0.000     0.000
r   389.660     0.010    0     0.000     0.000
r   392.969     0.010    0     0.000     0.000
r   355.998     0.010    0     0.000     0.000
r   356.788     0.010    0     0.000     0.000
r   357.578     0.010    0     0.000     0.000
r   358.375     0.010    0     0.000     0.000
r   359.179     0.010    0     0.000     0.000
r   359.980     0.010    0     0.000     0.000
r   232.698     0.010    1     0.000     0.000
r   235.529     0.010    1     0.000     0.000
r   239.190     0.010    1     0.000     0.000
r   241.206     0.010    1     0.000     0.000
r   241.970     0.010    1     0.000     0.000
r   242.704     0.010    1     0.000     0.000
r   243.419     0.010    1     0.000     0.000
r   244.163     0.010    1     0.000     0.000
r   244.931     0.010    1     0.000     0.000
r   245.688     0.010    1     0.000     0.000
r   246.430     0.010    1     0.000     0.000
r   247.203     0.010    1     0.000     0.000
r   247.986     0.010    1     0.000     0.000
r   248.770     0.010    1     0.000     0.000
r   249.547     0.010    1     0.000     0.000
r   250.317     0.010    1     0.000     0.000
r   251.103     0.010    1     0.000     0.000
r   251.882     0.010    1     0.000     0.000
r   252.681     0.010    1     0.000     0.000
r   253.481     0.010    1     0.000     0.000
r   254.258     0.010    1     0.000     0.000
r   255.037     0.010    1     0.000     0.000
r   255.811     0.010    1     0.000     0.000
r   256.585     0.010    1     0.000     0.000
r   257.369     0.010    1     0.000     0.000
r   258.168     0.010    1     0.000     0.000
r   258.966     0.010    1     0.000     0.000
r   259.754     0.010    1     0.000     0.000
r   260.552     0.010    1     0.000     0.000
r   261.340     0.010    1     0.000     0.000
r   262.138     0.010    1     0.000     0.000
r   262.947     0.010    1     0.000     0.000
r   263.746     0.010    1     0.000     0.000
r   264.562     0.010    1     0.000     0.000
r   265.384     0.010    1     0.000     0.000
r   266.205     0.010    1     0.000     0.000
r   267.024     0.010    1     0.000     0.000
r   267.833     0.010    1     0.000     0.000
r   268.638     0.010    1     0.000     0.000
r   269.430     0.010    1     0.000     0.000
r   270.238     0.010    1     0.000     0.000
r   271.041     0.010    1     0.000     0.000
r   271.837     0.010    1     0.000     0.000
r   272.649     0.010    1     0.000     0.000
r   273.455     0.010    1     0.000     0.000
r   274.261     0.010    1     0.000     0.000
r   275.073     0.010    1     0.000     0.000
r   276.063     0.010    1     0.000     0.000
r   277.048     0.010    1     0.000     0.000
r   278.650     0.010    1     0.000     0.000
r   279.612     0.010    1     0.000     0.000
r   280.413     0.010    1     0.000     0.000
r   281.218     0.010    1     0.000     0.000
r   282.022     0.010    1     0.000     0.000
r   282.812     0.010    1     0.000     0.000
r   283.603     0.010    1     0.000     0.000
r   284.566     0.010    1     0.000     0.000
r   285.370     0.010    1     0.000     0.000
r   286.814     0.010    1     0.000     0.000
r   287.941     0.010    1     0.000     0.000
r   289.227     0.010    1     0.000     0.000
r   291.021     0.010    1     0.000     0.000
r   292.624     0.010    1     0.000     0.000
r   293.718     0.010    1     0.000     0.000
r   294.813     0.010    1     0.000     0.000
r   295.733     0.010    1     0.000     0.000
r   296.663     0.010    1     0.000     0.000
r   297.583     0.010    1     0.000     0.000
r   298.654     0.010    1     0.000     0.000
r   300.179     0.010    1     0.000     0.000
s   348.590     2.010  137
r   256.435     0.010    0     0.000     0.000
r   257.682     0.010    0     0.000     0.000
r   259.117     0.010    0     0.000     0.000
r   260.864     0.010    0     0.000     0.000
r   262.139     0.010    0     0.000     0.000
r   262.948     0.010    0     0.000     0.000
r   263.746     0.010    0     0.000     0.000
r   264.563     0.010    0     0.000     0.000
r   265.714     0.010    0     0.000     0.000
r   267.347     0.010    0     0.000     0.000
r   268.474     0.010    0     0.000     0.000
r   270.395     0.010    0     0.000     0.000
r   271.356     0.010    0     0.000     0.000
r   272.489     0.010    0     0.000     0.000
r   273.617     0.010    0     0.000     0.000
r   274.423     0.010    0     0.000     0.000
r   275.238     0.010    0     0.000     0.000
r   276.063     0.010    0     0.000     0.000
r   276.888     0.010    0     0.000     0.000
r   277.680     0.010    0     0.000     0.000
r   278.489     0.010    0     0.000     0.000
r   279.287     0.010    0     0.000     0.000
r   280.099     0.010    0     0.000     0.000
r   280.893     0.010    0     0.000     0.000
r   281.697     0.010    0     0.000     0.000
r   282.498     0.010    0     0.000     0.000
r   283.289     0.010    0     0.000     0.000
r   284.241     0.010    0     0.000     0.000
r   285.849     0.010    0     0.000     0.000
r   287.465     0.010    0     0.000     0.000
r   289.389     0.010    0     0.000     0.000
r   290.689     0.010    0     0.000     0.000
r   293.719     0.010    0     0.000     0.000
r   296.045     0.010    0     0.000     0.000
r   298.359     0.010    0     0.000     0.000
r   299.875     0.010    0     0.000     0.000
r   301.703     0.010    0     0.000     0.000
r   302.656     0.010    0     0.000     0.000
r   304.846     0.010    0     0.000     0.000
r   306.732     0.010    0     0.000     0.000
r   308.445     0.010    0     0.000     0.000
r   310.010     0.010    0     0.000     0.000
r   312.044     0.010    0     0.000     0.000
r   313.906     0.010    0     0.000     0.000
r   316.406     0.010    0     0.000     0.000
r   318.633     0.010    0     0.000     0.000
r   321.906     0.010    0     0.000     0.000
r   323.302     0.010    0     0.000     0.000
r   325.288     0.010    0     0.000     0.000
r   326.546     0.010    0     0.000     0.000
r   327.947     0.010    0     0.000     0.000
r   329.357     0.010    0     0.000     0.000
r   331.054     0.010    0     0.000     0.000
r   335.689     0.010    0     0.000     0.000
r   336.493     0.010    0     0.000     0.000
r   337.289     0.010    0     0.000     0.000
r   338.096     0.010    0     0.000     0.000
r   338.881     0.010    0     0.000     0.000
r   339.676     0.010    0     0.000     0.000
r   340.454     0.010    0     0.000     0.000
r   341.253     0.010    0     0.000     0.000
r   342.047     0.010    0     0.000     0.000
r   355.054     0.010    0     0.000     0.000
r   355.834     0.010    0     0.000     0.000
r   356.624     0.010    0     0.000     0.000
r   357.418     0.010    0     0.000     0.000
r   358.211     0.010    0     0.000     0.000
r   359.015     0.010    0     0.000     0.000
r   359.819     0.010    0     0.000     0.000
r   360.609     0.010    0     0.000     0.000
r   361.421     0.010    0     0.000     0.000
r   362.208     0.010    0     0.000     0.000
r   363.006     0.010    0     0.000     0.000
r   363.825     0.010    0     0.000     0.000
r   364.631     0.010    0     0.000     0.000
r   365.424     0.010    0     0.000     0.000
r   366.225     0.010    0     0.000     0.000
r   367.016     0.010    0     0.000     0.000
r   367.817     0.010    0     0.000     0.000
r   368.607     0.010    0     0.000     0.000
r   369.387     0.010    0     0.000     0.000
r   370.187     0.010    0     0.000     0.000
r   370.972     0.010    0     0.000     0.000
r   371.756     0.010    0     0.000     0.000
r   372.530     0.010    0     0.000     0.000
r   373.338     0.010    0     0.000     0.000
r   374.139     0.010    0     0.000     0.000
r   374.943     0.010    0     0.000     0.000
r   375.744     0.010    0     0.000     0.000
r   376.706     0.010    0     0.000     0.000
r   377.518     0.010    0     0.000     0.000
r   378.329     0.010    0     0.000     0.000
r   379.141     0.010    0     0.000     0.000
r   379.952     0.010    0     0.000     0.000
r   380.746     0.010    0     0.000     0.000
r   381.553     0.010    0     0.000     0.000
r   382.343     0.010    0     0.000     0.000
r   383.125     0.010    0     0.000     0.000
r   384.220     0.010    0     0.000     0.000
r   385.317     0.010    0     0.000     0.000
r   386.397     0.010    0     0.000     0.000
r   352.229     0.010    0     0.000     0.000
r   353.017     0.010    0     0.000     0.000
r   353.807     0.010    0     0.000     0.000
r   231.133     0.010    1     0.000     0.000
r   232.558     0.010    1     0.000     0.000
r   233.973     0.010    1     0.000     0.000
r   235.379     0.010    1     0.000     0.000
r   236.673     0.010    1     0.000     0.000
r   238.886     0.010    1     0.000     0.000
r   240.594     0.010    1     0.000     0.000
r   241.820     0.010    1     0.000     0.000
r   244.016     0.010    1     0.000     0.000
r   245.825     0.010    1     0.000     0.000
r   247.671     0.010    1     0.000     0.000
r   249.398     0.010    1     0.000     0.000
r   251.411     0.010    1     0.000     0.000
r   253.796     0.010    1     0.000     0.000
r   256.273     0.010    1     0.000     0.000
r   258.168     0.010    1     0.000     0.000
r   261.340     0.010    1     0.000     0.000
r   279.287     0.010    1     0.000     0.000
r   280.099     0.010    1     0.000     0.000
r   280.893     0.010    1     0.000     0.000
r   281.697     0.010    1     0.000     0.000
r   282.498     0.010    1     0.000     0.000
r   283.453     0.010    1     0.000     0.000
r   284.241     0.010    1     0.000     0.000
r   285.045     0.010    1     0.000     0.000
r   288.102     0.010    1     0.000     0.000
r   290.850     0.010    1     0.000     0.000
r   293.719     0.010    1     0.000     0.000
r   296.499     0.010    1     0.000     0.000
r   298.808     0.010    1     0.000     0.000
r   302.334     0.010    1     0.000     0.000
r   305.472     0.010    1     0.000     0.000
r   308.445     0.010    1     0.000     0.000
s   345.626     1.950  132
r   271.040     0.010    0     0.000     0.000
r   273.294     0.010    0     0.000     0.000
r   275.237     0.010    0     0.000     0.000
r   277.367     0.010    0     0.000     0.000
r   279.286     0.010    0     0.000     0.000
r   281.056     0.010    0     0.000     0.000
r   283.127     0.010    0     0.000     0.000
r   285.044     0.010    0     0.000     0.000
r   287.139     0.010    0     0.000     0.000
r   288.904     0.010    0     0.000     0.000
r   291.669     0.010    0     0.000     0.000
r   293.718     0.010    0     0.000     0.000
r   294.963     0.010    0     0.000     0.000
r   296.044     0.010    0     0.000     0.000
r   296.813     0.010    0     0.000     0.000
r   297.582     0.010    0     0.000     0.000
r   298.358     0.010    0     0.000     0.000
r   299.114     0.010    0     0.000     0.000
r   299.874     0.010    0     0.000     0.000
r   300.632     0.010    0     0.000     0.000
r   301.382     0.010    0     0.000     0.000
r   302.171     0.010    0     0.000     0.000
r   302.967     0.010    0     0.000     0.000
r   303.748     0.010    0     0.000     0.000
r   304.533     0.010    0     0.000     0.000
r   305.320     0.010    0     0.000     0.000
r   306.094     0.010    0     0.000     0.000
r   306.885     0.010    0     0.000     0.000
r   307.662     0.010    0     0.000     0.000
r   308.444     0.010    0     0.000     0.000
r   309.224     0.010    0     0.000     0.000
r   310.009     0.010    0     0.000     0.000
r   310.793     0.010    0     0.000     0.000
r   311.567     0.010    0     0.000     0.000
r   312.355     0.010    0     0.000     0.000
r   313.132     0.010    0     0.000     0.000
r   313.905     0.010    0     0.000     0.000
r   314.693     0.010    0     0.000     0.000
r   315.467     0.010    0     0.000     0.000
r   316.241     0.010    0     0.000     0.000
r   317.039     0.010    0     0.000     0.000
r   317.834     0.010    0     0.000     0.000
r   318.632     0.010    0     0.000     0.000
r   319.427     0.010    0     0.000     0.000
r   320.219     0.010    0     0.000     0.000
r   320.989     0.010    0     0.000     0.000
r   321.755     0.010    0     0.000     0.000
r   322.521     0.010    0     0.000     0.000
r   323.301     0.010    0     0.000     0.000
r   324.056     0.010    0     0.000     0.000
r   324.825     0.010    0     0.000     0.000
r   325.599     0.010    0     0.000     0.000
r   326.384     0.010    0     0.000     0.000
r   327.165     0.010    0     0.000     0.000
r   327.946     0.010    0     0.000     0.000
r   328.732     0.010    0     0.000     0.000
r   329.504     0.010    0     0.000     0.000
r   330.284     0.010    0     0.000     0.000
r   331.053     0.010    0     0.000     0.000
r   331.828     0.010    0     0.000     0.000
r   332.604     0.010    0     0.000     0.000
r   336.328     0.010    0     0.000     0.000
r   337.135     0.010    0     0.000     0.000
r   337.931     0.010    0     0.000     0.000
r   338.719     0.010    0     0.000     0.000
r   339.514     0.010    0     0.000     0.000
r   340.306     0.010    0     0.000     0.000
r   353.806     0.010    0     0.000     0.000
r   354.585     0.010    0     0.000     0.000
r   355.368     0.010    0     0.000     0.000
r   356.148     0.010    0     0.000     0.000
r   356.938     0.010    0     0.000     0.000
r   357.742     0.010    0     0.000     0.000
r   358.535     0.010    0     0.000     0.000
r   359.339     0.010    0     0.000     0.000
r   360.130     0.010    0     0.000     0.000
r   360.934     0.010    0     0.000     0.000
r   361.732     0.010    0     0.000     0.000
r   362.519     0.010    0     0.000     0.000
r   363.338     0.010    0     0.000     0.000
r   364.147     0.010    0     0.000     0.000
r   364.945     0.010    0     0.000     0.000
r   365.749     0.010    0     0.000     0.000
r   366.539     0.010    0     0.000     0.000
r   367.340     0.010    0     0.000     0.000
r   368.130     0.010    0     0.000     0.000
r   368.921     0.010    0     0.000     0.000
r   369.711     0.010    0     0.000     0.000
r   370.498     0.010    0     0.000     0.000
r   371.282     0.010    0     0.000     0.000
r   372.067     0.010    0     0.000     0.000
r   372.851     0.010    0     0.000     0.000
r   373.652     0.010    0     0.000     0.000
r   374.453     0.010    0     0.000     0.000
r   375.267     0.010    0     0.000     0.000
r   376.068     0.010    0     0.000     0.000
r   376.869     0.010    0     0.000     0.000
r   377.678     0.010    0     0.000     0.000
r   378.500     0.010    0     0.000     0.000
r   379.301     0.010    0     0.000     0.000
r   381.387     0.010    0     0.000     0.000
r   383.751     0.010    0     0.000     0.000
r   387.326     0.010    0     0.000     0.000
r   390.296     0.010    0     0.000     0.000
r   393.455     0.010    0     0.000     0.000
r   349.842     0.010    0     0.000     0.000
r   350.644     0.010    0     0.000     0.000
r   351.433     0.010    0     0.000     0.000
r   352.228     0.010    0     0.000     0.000
r   230.159     0.010    1     0.000     0.000
r   232.127     0.010    1     0.000     0.000
r   234.252     0.010    1     0.000     0.000
r   236.522     0.010    1     0.000     0.000
r   239.504     0.010    1     0.000     0.000
r   241.969     0.010    1     0.000     0.000
r   243.856     0.010    1     0.000     0.000
r   246.129     0.010    1     0.000     0.000
r   248.770     0.010    1     0.000     0.000
r   251.256     0.010    1     0.000     0.000
r   253.946     0.010    1     0.000     0.000
r   257.519     0.010    1     0.000     0.000
r   260.229     0.010    1     0.000     0.000
r   262.785     0.010    1     0.000     0.000
r   265.713     0.010    1     0.000     0.000
r   268.473     0.010    1     0.000     0.000
r   271.998     0.010    1     0.000     0.000
r   273.616     0.010    1     0.000     0.000
r   275.737     0.010    1     0.000     0.000
r   277.840     0.010    1     0.000     0.000
r   279.447     0.010    1     0.000     0.000
r   283.127     0.010    1     0.000     0.000
r   287.303     0.010    1     0.000     0.000
s   342.678     1.960  123
r   253.009     0.010    0     0.000     0.000
r   255.499     0.010    0     0.000     0.000
r   257.842     0.010    0     0.000     0.000
r   260.068     0.010    0     0.000     0.000
r   262.138     0.010    0     0.000     0.000
r   264.734     0.010    0     0.000     0.000
r   267.995     0.010    0     0.000     0.000
r   270.712     0.010    0     0.000     0.000
r   273.133     0.010    0     0.000     0.000
r   275.737     0.010    0     0.000     0.000
r   278.163     0.010    0     0.000     0.000
r   281.056     0.010    0     0.000     0.000
r   284.090     0.010    0     0.000     0.000
r   286.978     0.010    0     0.000     0.000
r   288.905     0.010    0     0.000     0.000
r   289.718     0.010    0     0.000     0.000
r   290.527     0.010    0     0.000     0.000
r   291.344     0.010    0     0.000     0.000
r   292.145     0.010    0     0.000     0.000
r   292.949     0.010    0     0.000     0.000
r   293.718     0.010    0     0.000     0.000
r   294.498     0.010    0     0.000     0.000
r   295.278     0.010    0     0.000     0.000
r   296.044     0.010    0     0.000     0.000
r   296.814     0.010    0     0.000     0.000
r   297.583     0.010    0     0.000     0.000
r   298.358     0.010    0     0.000     0.000
r   299.115     0.010    0     0.000     0.000
r   299.874     0.010    0     0.000     0.000
r   300.633     0.010    0     0.000     0.000
r   301.382     0.010    0     0.000     0.000
r   302.172     0.010    0     0.000     0.000
r   302.967     0.010    0     0.000     0.000
r   303.749     0.010    0     0.000     0.000
r   304.845     0.010    0     0.000     0.000
r   307.046     0.010    0     0.000     0.000
r   307.815     0.010    0     0.000     0.000
r   308.598     0.010    0     0.000     0.000
r   309.386     0.010    0     0.000     0.000
r   310.160     0.010    0     0.000     0.000
r   312.043     0.010    0     0.000     0.000
r   314.382     0.010    0     0.000     0.000
r   316.405     0.010    0     0.000     0.000
r   318.482     0.010    0     0.000     0.000
r   320.370     0.010    0     0.000     0.000
r   322.521     0.010    0     0.000     0.000
r   324.361     0.010    0     0.000     0.000
r   326.072     0.010    0     0.000     0.000
r   327.947     0.010    0     0.000     0.000
r   329.970     0.010    0     0.000     0.000
r   330.750     0.010    0     0.000     0.000
r   331.525     0.010    0     0.000     0.000
r   332.298     0.010    0     0.000     0.000
r   333.073     0.010    0     0.000     0.000
r   348.409     0.010    0     0.000     0.000
r   349.209     0.010    0     0.000     0.000
r   350.004     0.010    0     0.000     0.000
r   350.792     0.010    0     0.000     0.000
r   351.584     0.010    0     0.000     0.000
r   352.393     0.010    0     0.000     0.000
r   353.177     0.010    0     0.000     0.000
r   353.957     0.010    0     0.000     0.000
r   354.739     0.010    0     0.000     0.000
r   355.530     0.010    0     0.000     0.000
r   356.312     0.010    0     0.000     0.000
r   357.103     0.010    0     0.000     0.000
r   357.896     0.010    0     0.000     0.000
r   358.700     0.010    0     0.000     0.000
r   359.504     0.010    0     0.000     0.000
r   360.295     0.010    0     0.000     0.000
r   361.096     0.010    0     0.000     0.000
r   361.893     0.010    0     0.000     0.000
r   362.681     0.010    0     0.000     0.000
r   363.500     0.010    0     0.000     0.000
r   364.309     0.010    0     0.000     0.000
r   365.109     0.010    0     0.000     0.000
r   365.910     0.010    0     0.000     0.000
r   366.701     0.010    0     0.000     0.000
r   367.491     0.010    0     0.000     0.000
r   368.292     0.010    0     0.000     0.000
r   369.072     0.010    0     0.000     0.000
r   369.862     0.010    0     0.000     0.000
r   370.660     0.010    0     0.000     0.000
r   371.444     0.010    0     0.000     0.000
r   372.218     0.010    0     0.000     0.000
r   373.013     0.010    0     0.000     0.000
r   373.814     0.010    0     0.000     0.000
r   374.615     0.010    0     0.000     0.000
r   375.418     0.010    0     0.000     0.000
r   376.219     0.010    0     0.000     0.000
r   377.031     0.010    0     0.000     0.000
r   377.843     0.010    0     0.000     0.000
r   378.665     0.010    0     0.000     0.000
r   379.466     0.010    0     0.000     0.000
r   380.270     0.010    0     0.000     0.000
r   382.342     0.010    0     0.000     0.000
r   384.848     0.010    0     0.000     0.000
r   388.558     0.010    0     0.000     0.000
r   225.679     0.010    1     0.000     0.000
r   229.028     0.010    1     0.000     0.000
r   231.851     0.010    1     0.000     0.000
r   235.529     0.010    1     0.000     0.000
r   238.273     0.010    1     0.000     0.000
r   240.443     0.010    1     0.000     0.000
r   243.419     0.010    1     0.000     0.000
r   246.888     0.010    1     0.000     0.000
r   250.013     0.010    1     0.000     0.000
r   252.845     0.010    1     0.000     0.000
r   255.811     0.010    1     0.000     0.000
r   257.681     0.010    1     0.000     0.000
r   259.915     0.010    1     0.000     0.000
r   263.584     0.010    1     0.000     0.000
r   266.538     0.010    1     0.000     0.000
r   268.802     0.010    1     0.000     0.000
r   270.877     0.010    1     0.000     0.000
r   272.810     0.010    1     0.000     0.000
r   276.557     0.010    1     0.000     0.000
r   279.773     0.010    1     0.000     0.000
r   283.452     0.010    1     0.000     0.000
r   286.814     0.010    1     0.000     0.000
r   291.830     0.010    1     0.000     0.000
r   296.964     0.010    1     0.000     0.000
r   300.332     0.010    1     0.000     0.000
s   336.632     2.270  147
r   258.802     0.010    0     0.000     0.000
r   263.111     0.010    0     0.000     0.000
r   265.053     0.010    0     0.000     0.000
r   266.863     0.010    0     0.000     0.000
r   269.119     0.010    0     0.000     0.000
r   271.205     0.010    0     0.000     0.000
r   273.133     0.010    0     0.000     0.000
r   274.748     0.010    0     0.000     0.000
r   276.399     0.010    0     0.000     0.000
r   277.841     0.010    0     0.000     0.000
r   279.448     0.010    0     0.000     0.000
r   281.217     0.010    0     0.000     0.000
r   282.648     0.010    0     0.000     0.000
r   284.565     0.010    0     0.000     0.000
r   286.013     0.010    0     0.000     0.000
r   287.626     0.010    0     0.000     0.000
r   288.904     0.010    0     0.000     0.000
r   290.040     0.010    0     0.000     0.000
r   291.669     0.010    0     0.000     0.000
r   293.568     0.010    0     0.000     0.000
r   295.114     0.010    0     0.000     0.000
r   296.499     0.010    0     0.000     0.000
r   297.279     0.010    0     0.000     0.000
r   298.040     0.010    0     0.000     0.000
r   298.808     0.010    0     0.000     0.000
r   299.575     0.010    0     0.000     0.000
r   300.332     0.010    0     0.000     0.000
r   301.084     0.010    0     0.000     0.000
r   301.863     0.010    0     0.000     0.000
r   302.655     0.010    0     0.000     0.000
r   303.437     0.010    0     0.000     0.000
r   304.221     0.010    0     0.000     0.000
r   304.998     0.010    0     0.000     0.000
r   305.783     0.010    0     0.000     0.000
r   306.570     0.010    0     0.000     0.000
r   307.350     0.010    0     0.000     0.000
r   308.130     0.010    0     0.000     0.000
r   308.913     0.010    0     0.000     0.000
r   309.697     0.010    0     0.000     0.000
r   310.482     0.010    0     0.000     0.000
r   311.256     0.010    0     0.000     0.000
r   312.043     0.010    0     0.000     0.000
r   312.817     0.010    0     0.000     0.000
r   313.605     0.010    0     0.000     0.000
r   314.382     0.010    0     0.000     0.000
r   315.155     0.010    0     0.000     0.000
r   315.929     0.010    0     0.000     0.000
r   316.717     0.010    0     0.000     0.000
r   317.512     0.010    0     0.000     0.000
r   318.321     0.010    0     0.000     0.000
r   319.116     0.010    0     0.000     0.000
r   319.908     0.010    0     0.000     0.000
r   320.685     0.010    0     0.000     0.000
r   321.451     0.010    0     0.000     0.000
r   322.206     0.010    0     0.000     0.000
r   322.986     0.010    0     0.000     0.000
r   323.755     0.010    0     0.000     0.000
r   324.511     0.010    0     0.000     0.000
r   325.288     0.010    0     0.000     0.000
r   326.072     0.010    0     0.000     0.000
r   326.853     0.010    0     0.000     0.000
r   327.638     0.010    0     0.000     0.000
r   328.423     0.010    0     0.000     0.000
r   329.194     0.010    0     0.000     0.000
r   329.967     0.010    0     0.000     0.000
r   330.747     0.010    0     0.000     0.000
r   343.490     0.010    0     0.000     0.000
r   344.294     0.010    0     0.000     0.000
r   345.090     0.010    0     0.000     0.000
r   345.877     0.010    0     0.000     0.000
r   346.679     0.010    0     0.000     0.000
r   347.469     0.010    0     0.000     0.000
r   348.255     0.010    0     0.000     0.000
r   349.043     0.010    0     0.000     0.000
r   349.841     0.010    0     0.000     0.000
r   350.644     0.010    0     0.000     0.000
r   351.433     0.010    0     0.000     0.000
r   352.228     0.010    0     0.000     0.000
r   353.016     0.010    0     0.000     0.000
r   353.806     0.010    0     0.000     0.000
r   354.586     0.010    0     0.000     0.000
r   355.368     0.010    0     0.000     0.000
r   356.148     0.010    0     0.000     0.000
r   356.938     0.010    0     0.000     0.000
r   357.742     0.010    0     0.000     0.000
r   358.535     0.010    0     0.000     0.000
r   359.339     0.010    0     0.000     0.000
r   360.130     0.010    0     0.000     0.000
r   360.934     0.010    0     0.000     0.000
r   361.732     0.010    0     0.000     0.000
r   362.519     0.010    0     0.000     0.000
r   363.338     0.010    0     0.000     0.000
r   364.147     0.010    0     0.000     0.000
r   364.945     0.010    0     0.000     0.000
r   365.749     0.010    0     0.000     0.000
r   366.539     0.010    0     0.000     0.000
r   367.340     0.010    0     0.000     0.000
r   368.130     0.010    0     0.000     0.000
r   368.921     0.010    0     0.000     0.000
r   369.711     0.010    0     0.000     0.000
r   370.498     0.010    0     0.000     0.000
r   371.283     0.010    0     0.000     0.000
r   372.067     0.010    0     0.000     0.000
r   372.851     0.010    0     0.000     0.000
r   373.652     0.010    0     0.000     0.000
r   374.453     0.010    0     0.000     0.000
r   375.268     0.010    0     0.000     0.000
r   376.069     0.010    0     0.000     0.000
r   376.870     0.010    0     0.000     0.000
r   377.678     0.010    0     0.000     0.000
r   378.500     0.010    0     0.000     0.000
r   379.301     0.010    0     0.000     0.000
r   380.105     0.010    0     0.000     0.000
r   380.909     0.010    0     0.000     0.000
r   381.702     0.010    0     0.000     0.000
r   382.496     0.010    0     0.000     0.000
r   383.286     0.010    0     0.000     0.000
r   231.283     0.010    1     0.000     0.000
r   236.382     0.010    1     0.000     0.000
r   240.295     0.010    1     0.000     0.000
r   246.430     0.010    1     0.000     0.000
r   250.785     0.010    1     0.000     0.000
r   252.199     0.010    1     0.000     0.000
r   253.481     0.010    1     0.000     0.000
r   255.348     0.010    1     0.000     0.000
r   256.434     0.010    1     0.000     0.000
r   257.842     0.010    1     0.000     0.000
r   258.966     0.010    1     0.000     0.000
r   259.915     0.010    1     0.000     0.000
r   261.651     0.010    1     0.000     0.000
r   262.947     0.010    1     0.000     0.000
r   264.734     0.010    1     0.000     0.000
r   266.205     0.010    1     0.000     0.000
r   267.511     0.010    1     0.000     0.000
r   269.276     0.010    1     0.000     0.000
r   271.519     0.010    1     0.000     0.000
r   273.294     0.010    1     0.000     0.000
r   275.573     0.010    1     0.000     0.000
r   277.529     0.010    1     0.000     0.000
r   278.975     0.010    1     0.000     0.000
r   280.577     0.010    1     0.000     0.000
r   281.857     0.010    1     0.000     0.000
r   283.928     0.010    1     0.000     0.000
r   291.505     0.010    1     0.000     0.000
r   294.963     0.010    1     0.000     0.000
r   297.583     0.010    1     0.000     0.000
r   302.021     0.010    1     0.000     0.000
s   330.766     2.090  132
r   243.282     0.010    0     0.000     0.000
r   245.387     0.010    0     0.000     0.000
r   246.888     0.010    0     0.000     0.000
r   247.986     0.010    0     0.000     0.000
r   249.085     0.010    0     0.000     0.000
r   251.103     0.010    0     0.000     0.000
r   252.363     0.010    0     0.000     0.000
r   254.257     0.010    0     0.000     0.000
r   255.660     0.010    0     0.000     0.000
r   257.046     0.010    0     0.000     0.000
r   258.006     0.010    0     0.000     0.000
r   258.801     0.010    0     0.000     0.000
r   259.592     0.010    0     0.000     0.000
r   260.702     0.010    0     0.000     0.000
r   261.490     0.010    0     0.000     0.000
r   262.299     0.010    0     0.000     0.000
r   263.111     0.010    0     0.000     0.000
r   263.906     0.010    0     0.000     0.000
r   264.734     0.010    0     0.000     0.000
r   265.552     0.010    0     0.000     0.000
r   266.376     0.010    0     0.000     0.000
r   267.185     0.010    0     0.000     0.000
r   267.994     0.010    0     0.000     0.000
r   268.802     0.010    0     0.000     0.000
r   269.596     0.010    0     0.000     0.000
r   270.394     0.010    0     0.000     0.000
r   271.204     0.010    0     0.000     0.000
r   271.998     0.010    0     0.000     0.000
r   272.810     0.010    0     0.000     0.000
r   273.616     0.010    0     0.000     0.000
r   274.422     0.010    0     0.000     0.000
r   275.237     0.010    0     0.000     0.000
r   276.062     0.010    0     0.000     0.000
r   276.887     0.010    0     0.000     0.000
r   277.679     0.010    0     0.000     0.000
r   278.488     0.010    0     0.000     0.000
r   279.286     0.010    0     0.000     0.000
r   280.098     0.010    0     0.000     0.000
r   281.056     0.010    0     0.000     0.000
r   281.857     0.010    0     0.000     0.000
r   282.648     0.010    0     0.000     0.000
r   283.452     0.010    0     0.000     0.000
r   284.240     0.010    0     0.000     0.000
r   285.369     0.010    0     0.000     0.000
r   286.173     0.010    0     0.000     0.000
r   286.977     0.010    0     0.000     0.000
r   287.789     0.010    0     0.000     0.000
r   288.582     0.010    0     0.000     0.000
r   289.718     0.010    0     0.000     0.000
r   290.527     0.010    0     0.000     0.000
r   291.343     0.010    0     0.000     0.000
r   292.145     0.010    0     0.000     0.000
r   292.949     0.010    0     0.000     0.000
r   293.718     0.010    0     0.000     0.000
r   294.498     0.010    0     0.000     0.000
r   295.278     0.010    0     0.000     0.000
r   296.044     0.010    0     0.000     0.000
r   296.813     0.010    0     0.000     0.000
r   297.582     0.010    0     0.000     0.000
r   298.357     0.010    0     0.000     0.000
r   299.113     0.010    0     0.000     0.000
r   299.873     0.010    0     0.000     0.000
r   300.631     0.010    0     0.000     0.000
r   301.381     0.010    0     0.000     0.000
r   302.170     0.010    0     0.000     0.000
r   302.966     0.010    0     0.000     0.000
r   303.747     0.010    0     0.000     0.000
r   304.532     0.010    0     0.000     0.000
r   305.320     0.010    0     0.000     0.000
r   306.094     0.010    0     0.000     0.000
r   306.884     0.010    0     0.000     0.000
r   307.661     0.010    0     0.000     0.000
r   308.443     0.010    0     0.000     0.000
r   309.223     0.010    0     0.000     0.000
r   310.008     0.010    0     0.000     0.000
r   310.792     0.010    0     0.000     0.000
r   311.566     0.010    0     0.000     0.000
r   312.354     0.010    0     0.000     0.000
r   313.131     0.010    0     0.000     0.000
r   314.069     0.010    0     0.000     0.000
r   314.843     0.010    0     0.000     0.000
r   315.627     0.010    0     0.000     0.000
r   316.404     0.010    0     0.000     0.000
r   317.199     0.010    0     0.000     0.000
r   317.995     0.010    0     0.000     0.000
r   318.793     0.010    0     0.000     0.000
r   319.588     0.010    0     0.000     0.000
r   320.370     0.010    0     0.000     0.000
r   321.139     0.010    0     0.000     0.000
r   321.905     0.010    0     0.000     0.000
r   322.671     0.010    0     0.000     0.000
r   323.451     0.010    0     0.000     0.000
r   324.209     0.010    0     0.000     0.000
r   324.975     0.010    0     0.000     0.000
r   346.840     0.010    0     0.000     0.000
r   348.256     0.010    0     0.000     0.000
r   350.323     0.010    0     0.000     0.000
r   352.393     0.010    0     0.000     0.000
r   354.271     0.010    0     0.000     0.000
r   356.463     0.010    0     0.000     0.000
r   358.536     0.010    0     0.000     0.000
r   361.096     0.010    0     0.000     0.000
r   362.842     0.010    0     0.000     0.000
r   364.795     0.010    0     0.000     0.000
r   366.865     0.010    0     0.000     0.000
r   368.921     0.010    0     0.000     0.000
r   370.660     0.010    0     0.000     0.000
r   372.852     0.010    0     0.000     0.000
r   374.943     0.010    0     0.000     0.000
r   377.031     0.010    0     0.000     0.000
r   378.501     0.010    0     0.000     0.000
r   380.105     0.010    0     0.000     0.000
r   381.703     0.010    0     0.000     0.000
r   334.592     0.010    0     0.000     0.000
r   335.375     0.010    0     0.000     0.000
r   336.168     0.010    0     0.000     0.000
r   336.972     0.010    0     0.000     0.000
r   337.772     0.010    0     0.000     0.000
r   338.559     0.010    0     0.000     0.000
r   339.354     0.010    0     0.000     0.000
r   340.454     0.010    0     0.000     0.000
r   231.423     0.010    1     0.000     0.000
r   235.529     0.010    1     0.000     0.000
r   240.593     0.010    1     0.000     0.000
r   246.734     0.010    1     0.000     0.000
r   252.681     0.010    1     0.000     0.000
r   257.208     0.010    1     0.000     0.000
r   261.812     0.010    1     0.000     0.000
r   268.320     0.010    1     0.000     0.000
r   275.737     0.010    1     0.000     0.000
r   282.812     0.010    1     0.000     0.000
r   296.662     0.010    1     0.000     0.000
s   324.769     1.760   91
r   252.681     0.010    0     0.000     0.000
r   257.047     0.010    0     0.000     0.000
r   260.863     0.010    0     0.000     0.000
r   265.552     0.010    0     0.000     0.000
r   278.649     0.010    0     0.000     0.000
r   283.764     0.010    0     0.000     0.000
r   288.743     0.010    0     0.000     0.000
r   290.366     0.010    0     0.000     0.000
r   292.623     0.010    0     0.000     0.000
r   294.813     0.010    0     0.000     0.000
r   296.964     0.010    0     0.000     0.000
r   299.421     0.010    0     0.000     0.000
r   300.632     0.010    0     0.000     0.000
r   301.542     0.010    0     0.000     0.000
r   302.493     0.010    0     0.000     0.000
r   303.597     0.010    0     0.000     0.000
r   304.371     0.010    0     0.000     0.000
r   305.320     0.010    0     0.000     0.000
r   306.258     0.010    0     0.000     0.000
r   307.046     0.010    0     0.000     0.000
r   307.815     0.010    0     0.000     0.000
r   308.597     0.010    0     0.000     0.000
r   309.385     0.010    0     0.000     0.000
r   310.159     0.010    0     0.000     0.000
r   310.943     0.010    0     0.000     0.000
r   311.731     0.010    0     0.000     0.000
r   312.505     0.010    0     0.000     0.000
r   313.292     0.010    0     0.000     0.000
r   314.069     0.010    0     0.000     0.000
r   314.843     0.010    0     0.000     0.000
r   315.628     0.010    0     0.000     0.000
r   316.405     0.010    0     0.000     0.000
r   317.200     0.010    0     0.000     0.000
r   317.995     0.010    0     0.000     0.000
r   318.793     0.010    0     0.000     0.000
r   320.524     0.010    0     0.000     0.000
r   321.451     0.010    0     0.000     0.000
r   331.372     0.010    0     0.000     0.000
r   332.297     0.010    0     0.000     0.000
r   333.368     0.010    0     0.000     0.000
r   334.132     0.010    0     0.000     0.000
r   334.904     0.010    0     0.000     0.000
r   335.687     0.010    0     0.000     0.000
r   336.491     0.010    0     0.000     0.000
r   337.288     0.010    0     0.000     0.000
r   338.095     0.010    0     0.000     0.000
r   338.879     0.010    0     0.000     0.000
r   339.674     0.010    0     0.000     0.000
r   340.453     0.010    0     0.000     0.000
r   341.252     0.010    0     0.000     0.000
r   342.046     0.010    0     0.000     0.000
r   342.839     0.010    0     0.000     0.000
r   343.654     0.010    0     0.000     0.000
r   344.458     0.010    0     0.000     0.000
r   345.251     0.010    0     0.000     0.000
r   346.039     0.010    0     0.000     0.000
r   346.840     0.010    0     0.000     0.000
r   347.622     0.010    0     0.000     0.000
r   348.408     0.010    0     0.000     0.000
r   349.208     0.010    0     0.000     0.000
r   350.003     0.010    0     0.000     0.000
r   350.792     0.010    0     0.000     0.000
r   351.583     0.010    0     0.000     0.000
r   352.392     0.010    0     0.000     0.000
r   353.176     0.010    0     0.000     0.000
r   353.956     0.010    0     0.000     0.000
r   354.739     0.010    0     0.000     0.000
r   355.529     0.010    0     0.000     0.000
r   356.312     0.010    0     0.000     0.000
r   357.102     0.010    0     0.000     0.000
r   357.896     0.010    0     0.000     0.000
r   358.700     0.010    0     0.000     0.000
r   359.504     0.010    0     0.000     0.000
r   360.444     0.010    0     0.000     0.000
r   361.259     0.010    0     0.000     0.000
r   362.043     0.010    0     0.000     0.000
r   362.841     0.010    0     0.000     0.000
r   363.664     0.010    0     0.000     0.000
r   365.109     0.010    0     0.000     0.000
r   366.539     0.010    0     0.000     0.000
r   328.424     0.010    0     0.000     0.000
r   329.197     0.010    0     0.000     0.000
r   329.971     0.010    0     0.000     0.000
r   231.560     0.010    1     0.000     0.000
r   235.379     0.010    1     0.000     0.000
r   239.970     0.010    1     0.000     0.000
r   243.717     0.010    1     0.000     0.000
r   247.986     0.010    1     0.000     0.000
r   251.410     0.010    1     0.000     0.000
r   255.810     0.010    1     0.000     0.000
r   259.753     0.010    1     0.000     0.000
s   318.781     1.470  198
r   232.986     0.010    0     0.000     0.000
r   233.693     0.010    0     0.000     0.000
r   234.389     0.010    0     0.000     0.000
r   235.100     0.010    0     0.000     0.000
r   235.810     0.010    0     0.000     0.000
r   236.523     0.010    0     0.000     0.000
r   237.251     0.010    0     0.000     0.000
r   237.983     0.010    0     0.000     0.000
r   238.725     0.010    0     0.000     0.000
r   239.505     0.010    0     0.000     0.000
r   240.296     0.010    0     0.000     0.000
r   241.207     0.010    0     0.000     0.000
r   241.970     0.010    0     0.000     0.000
r   242.704     0.010    0     0.000     0.000
r   243.419     0.010    0     0.000     0.000
r   244.314     0.010    0     0.000     0.000
r   245.388     0.010    0     0.000     0.000
r   246.130     0.010    0     0.000     0.000
r   247.053     0.010    0     0.000     0.000
r   247.836     0.010    0     0.000     0.000
r   248.610     0.010    0     0.000     0.000
r   249.397     0.010    0     0.000     0.000
r   250.164     0.010    0     0.000     0.000
r   250.939     0.010    0     0.000     0.000
r   251.728     0.010    0     0.000     0.000
r   252.528     0.010    0     0.000     0.000
r   253.327     0.010    0     0.000     0.000
r   254.097     0.010    0     0.000     0.000
r   254.878     0.010    0     0.000     0.000
r   255.660     0.010    0     0.000     0.000
r   256.434     0.010    0     0.000     0.000
r   257.208     0.010    0     0.000     0.000
r   258.007     0.010    0     0.000     0.000
r   258.802     0.010    0     0.000     0.000
r   259.593     0.010    0     0.000     0.000
r   260.391     0.010    0     0.000     0.000
r   261.179     0.010    0     0.000     0.000
r   261.977     0.010    0     0.000     0.000
r   262.786     0.010    0     0.000     0.000
r   263.584     0.010    0     0.000     0.000
r   264.401     0.010    0     0.000     0.000
r   265.222     0.010    0     0.000     0.000
r   266.044     0.010    0     0.000     0.000
r   266.863     0.010    0     0.000     0.000
r   267.672     0.010    0     0.000     0.000
r   268.474     0.010    0     0.000     0.000
r   269.276     0.010    0     0.000     0.000
r   270.074     0.010    0     0.000     0.000
r   270.877     0.010    0     0.000     0.000
r   271.684     0.010    0     0.000     0.000
r   272.488     0.010    0     0.000     0.000
r   273.294     0.010    0     0.000     0.000
r   274.100     0.010    0     0.000     0.000
r   274.912     0.010    0     0.000     0.000
r   275.738     0.010    0     0.000     0.000
r   276.557     0.010    0     0.000     0.000
r   277.368     0.010    0     0.000     0.000
r   278.163     0.010    0     0.000     0.000
r   278.975     0.010    0     0.000     0.000
r   279.773     0.010    0     0.000     0.000
r   280.578     0.010    0     0.000     0.000
r   281.382     0.010    0     0.000     0.000
r   282.172     0.010    0     0.000     0.000
r   282.974     0.010    0     0.000     0.000
r   283.764     0.010    0     0.000     0.000
r   284.566     0.010    0     0.000     0.000
r   285.370     0.010    0     0.000     0.000
r   286.174     0.010    0     0.000     0.000
r   286.978     0.010    0     0.000     0.000
r   287.790     0.010    0     0.000     0.000
r   288.582     0.010    0     0.000     0.000
r   289.388     0.010    0     0.000     0.000
r   290.202     0.010    0     0.000     0.000
r   291.021     0.010    0     0.000     0.000
r   291.830     0.010    0     0.000     0.000
r   292.624     0.010    0     0.000     0.000
r   293.414     0.010    0     0.000     0.000
r   294.184     0.010    0     0.000     0.000
r   294.964     0.010    0     0.000     0.000
r   295.733     0.010    0     0.000     0.000
r   296.499     0.010    0     0.000     0.000
r   297.279     0.010    0     0.000     0.000
r   298.040     0.010    0     0.000     0.000
r   298.808     0.010    0     0.000     0.000
r   299.575     0.010    0     0.000     0.000
r   300.331     0.010    0     0.000     0.000
r   301.084     0.010    0     0.000     0.000
r   301.862     0.010    0     0.000     0.000
r   302.655     0.010    0     0.000     0.000
r   303.437     0.010    0     0.000     0.000
r   304.221     0.010    0     0.000     0.000
r   304.998     0.010    0     0.000     0.000
r   305.783     0.010    0     0.000     0.000
r   306.570     0.010    0     0.000     0.000
r   307.350     0.010    0     0.000     0.000
r   308.130     0.010    0     0.000     0.000
r   308.912     0.010    0     0.000     0.000
r   309.697     0.010    0     0.000     0.000
r   310.482     0.010    0     0.000     0.000
r   311.256     0.010    0     0.000     0.000
r   312.043     0.010    0     0.000     0.000
r   312.817     0.010    0     0.000     0.000
r   313.605     0.010    0     0.000     0.000
r   314.381     0.010    0     0.000     0.000
r   324.056     0.010    0     0.000     0.000
r   324.825     0.010    0     0.000     0.000
r   325.599     0.010    0     0.000     0.000
r   326.383     0.010    0     0.000     0.000
r   327.165     0.010    0     0.000     0.000
r   327.946     0.010    0     0.000     0.000
r   328.733     0.010    0     0.000     0.000
r   329.506     0.010    0     0.000     0.000
r   330.286     0.010    0     0.000     0.000
r   331.055     0.010    0     0.000     0.000
r   331.829     0.010    0     0.000     0.000
r   332.604     0.010    0     0.000     0.000
r   333.368     0.010    0     0.000     0.000
r   334.133     0.010    0     0.000     0.000
r   335.058     0.010    0     0.000     0.000
r   336.645     0.010    0     0.000     0.000
r   339.202     0.010    0     0.000     0.000
r   342.197     0.010    0     0.000     0.000
r   345.402     0.010    0     0.000     0.000
r   349.208     0.010    0     0.000     0.000
r   351.584     0.010    0     0.000     0.000
r   365.424     0.010    0     0.000     0.000
r   321.905     0.010    0     0.000     0.000
r   322.671     0.010    0     0.000     0.000
r   323.451     0.010    0     0.000     0.000
r   221.928     0.010    1     0.000     0.000
r   222.635     0.010    1     0.000     0.000
r   223.356     0.010    1     0.000     0.000
r   224.077     0.010    1     0.000     0.000
r   224.809     0.010    1     0.000     0.000
r   225.529     0.010    1     0.000     0.000
r   226.275     0.010    1     0.000     0.000
r   227.006     0.010    1     0.000     0.000
r   227.738     0.010    1     0.000     0.000
r   228.461     0.010    1     0.000     0.000
r   229.179     0.010    1     0.000     0.000
r   229.883     0.010    1     0.000     0.000
r   230.577     0.010    1     0.000     0.000
r   231.284     0.010    1     0.000     0.000
r   231.988     0.010    1     0.000     0.000
r   232.698     0.010    1     0.000     0.000
r   233.416     0.010    1     0.000     0.000
r   234.113     0.010    1     0.000     0.000
r   234.809     0.010    1     0.000     0.000
r   235.530     0.010    1     0.000     0.000
r   236.240     0.010    1     0.000     0.000
r   236.964     0.010    1     0.000     0.000
r   237.692     0.010    1     0.000     0.000
r   238.424     0.010    1     0.000     0.000
r   239.190     0.010    1     0.000     0.000
r   239.970     0.010    1     0.000     0.000
r   240.744     0.010    1     0.000     0.000
r   241.508     0.010    1     0.000     0.000
r   242.274     0.010    1     0.000     0.000
r   242.995     0.010    1     0.000     0.000
r   243.717     0.010    1     0.000     0.000
r   244.461     0.010    1     0.000     0.000
r   245.240     0.010    1     0.000     0.000
r   245.976     0.010    1     0.000     0.000
r   246.735     0.010    1     0.000     0.000
r   247.521     0.010    1     0.000     0.000
r   248.298     0.010    1     0.000     0.000
r   249.086     0.010    1     0.000     0.000
r   249.860     0.010    1     0.000     0.000
r   250.632     0.010    1     0.000     0.000
r   251.410     0.010    1     0.000     0.000
r   252.199     0.010    1     0.000     0.000
r   253.010     0.010    1     0.000     0.000
r   253.795     0.010    1     0.000     0.000
r   254.567     0.010    1     0.000     0.000
r   255.348     0.010    1     0.000     0.000
r   256.122     0.010    1     0.000     0.000
r   256.896     0.010    1     0.000     0.000
r   257.681     0.010    1     0.000     0.000
r   258.480     0.010    1     0.000     0.000
r   259.278     0.010    1     0.000     0.000
r   260.069     0.010    1     0.000     0.000
r   260.864     0.010    1     0.000     0.000
r   261.652     0.010    1     0.000     0.000
r   262.461     0.010    1     0.000     0.000
r   263.584     0.010    1     0.000     0.000
r   264.401     0.010    1     0.000     0.000
r   265.222     0.010    1     0.000     0.000
r   266.044     0.010    1     0.000     0.000
r   266.863     0.010    1     0.000     0.000
r   267.672     0.010    1     0.000     0.000
r   268.474     0.010    1     0.000     0.000
r   269.276     0.010    1     0.000     0.000
r   270.074     0.010    1     0.000     0.000
r   270.877     0.010    1     0.000     0.000
r   271.684     0.010    1     0.000     0.000
r   272.488     0.010    1     0.000     0.000
r   273.616     0.010    1     0.000     0.000
r   274.748     0.010    1     0.000     0.000
s   306.784     1.230  115
r    99.841     0.010    0     0.000     0.000
r   105.727     0.010    0     0.000     0.000
r   112.440     0.010    0     0.000     0.000
r   116.715     0.010    0     0.000     0.000
r   122.798     0.010    0     0.000     0.000
r   128.120     0.010    0     0.000     0.000
r   133.426     0.010    0     0.000     0.000
r   138.215     0.010    0     0.000     0.000
r   144.310     0.010    0     0.000     0.000
r   149.745     0.010    0     0.000     0.000
r   232.558     0.010    0     0.000     0.000
r   234.112     0.010    0     0.000     0.000
r   236.383     0.010    0     0.000     0.000
r   237.982     0.010    0     0.000     0.000
r   239.970     0.010    0     0.000     0.000
r   241.819     0.010    0     0.000     0.000
r   244.163     0.010    0     0.000     0.000
r   247.203     0.010    0     0.000     0.000
r   250.632     0.010    0     0.000     0.000
r   253.946     0.010    0     0.000     0.000
r   256.273     0.010    0     0.000     0.000
r   258.641     0.010    0     0.000     0.000
r   261.651     0.010    0     0.000     0.000
r   263.745     0.010    0     0.000     0.000
r   264.562     0.010    0     0.000     0.000
r   265.383     0.010    0     0.000     0.000
r   266.204     0.010    0     0.000     0.000
r   267.024     0.010    0     0.000     0.000
r   267.833     0.010    0     0.000     0.000
r   268.637     0.010    0     0.000     0.000
r   269.429     0.010    0     0.000     0.000
r   270.238     0.010    0     0.000     0.000
r   271.041     0.010    0     0.000     0.000
r   271.837     0.010    0     0.000     0.000
r   272.649     0.010    0     0.000     0.000
r   273.455     0.010    0     0.000     0.000
r   274.261     0.010    0     0.000     0.000
r   275.073     0.010    0     0.000     0.000
r   275.902     0.010    0     0.000     0.000
r   276.729     0.010    0     0.000     0.000
r   277.529     0.010    0     0.000     0.000
r   278.324     0.010    0     0.000     0.000
r   279.125     0.010    0     0.000     0.000
r   279.934     0.010    0     0.000     0.000
r   280.738     0.010    0     0.000     0.000
r   281.543     0.010    0     0.000     0.000
r   282.333     0.010    0     0.000     0.000
r   283.127     0.010    0     0.000     0.000
r   283.928     0.010    0     0.000     0.000
r   284.729     0.010    0     0.000     0.000
r   285.531     0.010    0     0.000     0.000
r   286.327     0.010    0     0.000     0.000
r   287.139     0.010    0     0.000     0.000
r   287.940     0.010    0     0.000     0.000
r   288.743     0.010    0     0.000     0.000
r   289.557     0.010    0     0.000     0.000
r   290.366     0.010    0     0.000     0.000
r   291.182     0.010    0     0.000     0.000
r   291.994     0.010    0     0.000     0.000
r   292.785     0.010    0     0.000     0.000
r   293.568     0.010    0     0.000     0.000
r   294.347     0.010    0     0.000     0.000
r   295.114     0.010    0     0.000     0.000
r   295.883     0.010    0     0.000     0.000
r   296.663     0.010    0     0.000     0.000
r   297.432     0.010    0     0.000     0.000
r   298.194     0.010    0     0.000     0.000
r   298.961     0.010    0     0.000     0.000
r   299.728     0.010    0     0.000     0.000
r   300.481     0.010    0     0.000     0.000
r   301.542     0.010    0     0.000     0.000
r   302.655     0.010    0     0.000     0.000
r   303.437     0.010    0     0.000     0.000
r   312.505     0.010    0     0.000     0.000
r   313.292     0.010    0     0.000     0.000
r   314.069     0.010    0     0.000     0.000
r   315.004     0.010    0     0.000     0.000
r   315.778     0.010    0     0.000     0.000
r   316.555     0.010    0     0.000     0.000
r   317.350     0.010    0     0.000     0.000
r   318.159     0.010    0     0.000     0.000
r   318.954     0.010    0     0.000     0.000
r   319.746     0.010    0     0.000     0.000
r   320.523     0.010    0     0.000     0.000
r   321.300     0.010    0     0.000     0.000
r   322.055     0.010    0     0.000     0.000
r   322.835     0.010    0     0.000     0.000
r   323.604     0.010    0     0.000     0.000
r   324.360     0.010    0     0.000     0.000
r   325.126     0.010    0     0.000     0.000
r   325.921     0.010    0     0.000     0.000
r   327.165     0.010    0     0.000     0.000
r   328.424     0.010    0     0.000     0.000
r   330.590     0.010    0     0.000     0.000
r   332.604     0.010    0     0.000     0.000
r   334.283     0.010    0     0.000     0.000
r   336.002     0.010    0     0.000     0.000
r   337.769     0.010    0     0.000     0.000
r   339.513     0.010    0     0.000     0.000
r   341.091     0.010    0     0.000     0.000
r   342.686     0.010    0     0.000     0.000
r   344.294     0.010    0     0.000     0.000
r   346.039     0.010    0     0.000     0.000
r   347.787     0.010    0     0.000     0.000
r   349.680     0.010    0     0.000     0.000
r   352.067     0.010    0     0.000     0.000
r   310.159     0.010    0     0.000     0.000
r   223.786     0.010    1     0.000     0.000
r   225.973     0.010    1     0.000     0.000
r   227.737     0.010    1     0.000     0.000
r   230.440     0.010    1     0.000     0.000
r   233.972     0.010    1     0.000     0.000
r   237.100     0.010    1     0.000     0.000
r   240.295     0.010    1     0.000     0.000
r   243.717     0.010    1     0.000     0.000
s   300.793     1.050  162
r   119.890     0.010    0     0.000     0.000
r   126.560     0.010    0     0.000     0.000
r   131.491     0.010    0     0.000     0.000
r   135.043     0.010    0     0.000     0.000
r   138.366     0.010    0     0.000     0.000
r   142.866     0.010    0     0.000     0.000
r   147.042     0.010    0     0.000     0.000
r   150.536     0.010    0     0.000     0.000
r   153.787     0.010    0     0.000     0.000
r   226.855     0.010    0     0.000     0.000
r   230.993     0.010    0     0.000     0.000
r   235.239     0.010    0     0.000     0.000
r   238.574     0.010    0     0.000     0.000
r   241.354     0.010    0     0.000     0.000
r   243.717     0.010    0     0.000     0.000
r   244.461     0.010    0     0.000     0.000
r   245.239     0.010    0     0.000     0.000
r   245.975     0.010    0     0.000     0.000
r   246.734     0.010    0     0.000     0.000
r   247.520     0.010    0     0.000     0.000
r   248.297     0.010    0     0.000     0.000
r   249.085     0.010    0     0.000     0.000
r   249.859     0.010    0     0.000     0.000
r   250.632     0.010    0     0.000     0.000
r   251.410     0.010    0     0.000     0.000
r   252.199     0.010    0     0.000     0.000
r   253.009     0.010    0     0.000     0.000
r   253.796     0.010    0     0.000     0.000
r   254.567     0.010    0     0.000     0.000
r   255.348     0.010    0     0.000     0.000
r   256.122     0.010    0     0.000     0.000
r   256.896     0.010    0     0.000     0.000
r   257.681     0.010    0     0.000     0.000
r   258.479     0.010    0     0.000     0.000
r   259.278     0.010    0     0.000     0.000
r   260.068     0.010    0     0.000     0.000
r   260.864     0.010    0     0.000     0.000
r   261.651     0.010    0     0.000     0.000
r   262.460     0.010    0     0.000     0.000
r   263.272     0.010    0     0.000     0.000
r   264.081     0.010    0     0.000     0.000
r   264.892     0.010    0     0.000     0.000
r   265.713     0.010    0     0.000     0.000
r   266.537     0.010    0     0.000     0.000
r   267.346     0.010    0     0.000     0.000
r   268.158     0.010    0     0.000     0.000
r   268.954     0.010    0     0.000     0.000
r   269.750     0.010    0     0.000     0.000
r   270.559     0.010    0     0.000     0.000
r   271.355     0.010    0     0.000     0.000
r   272.163     0.010    0     0.000     0.000
r   272.971     0.010    0     0.000     0.000
r   273.777     0.010    0     0.000     0.000
r   274.586     0.010    0     0.000     0.000
r   275.412     0.010    0     0.000     0.000
r   276.227     0.010    0     0.000     0.000
r   277.048     0.010    0     0.000     0.000
r   277.840     0.010    0     0.000     0.000
r   278.649     0.010    0     0.000     0.000
r   279.447     0.010    0     0.000     0.000
r   280.262     0.010    0     0.000     0.000
r   281.056     0.010    0     0.000     0.000
r   281.857     0.010    0     0.000     0.000
r   282.648     0.010    0     0.000     0.000
r   283.452     0.010    0     0.000     0.000
r   284.239     0.010    0     0.000     0.000
r   285.044     0.010    0     0.000     0.000
r   285.848     0.010    0     0.000     0.000
r   286.652     0.010    0     0.000     0.000
r   287.464     0.010    0     0.000     0.000
r   288.262     0.010    0     0.000     0.000
r   289.065     0.010    0     0.000     0.000
r   289.878     0.010    0     0.000     0.000
r   290.687     0.010    0     0.000     0.000
r   291.503     0.010    0     0.000     0.000
r   292.307     0.010    0     0.000     0.000
r   293.412     0.010    0     0.000     0.000
r   294.182     0.010    0     0.000     0.000
r   294.961     0.010    0     0.000     0.000
r   295.731     0.010    0     0.000     0.000
r   296.497     0.010    0     0.000     0.000
r   307.662     0.010    0     0.000     0.000
r   308.444     0.010    0     0.000     0.000
r   309.224     0.010    0     0.000     0.000
r   310.009     0.010    0     0.000     0.000
r   310.793     0.010    0     0.000     0.000
r   311.567     0.010    0     0.000     0.000
r   312.355     0.010    0     0.000     0.000
r   313.132     0.010    0     0.000     0.000
r   313.905     0.010    0     0.000     0.000
r   314.693     0.010    0     0.000     0.000
r   315.467     0.010    0     0.000     0.000
r   316.241     0.010    0     0.000     0.000
r   317.039     0.010    0     0.000     0.000
r   317.834     0.010    0     0.000     0.000
r   318.632     0.010    0     0.000     0.000
r   319.428     0.010    0     0.000     0.000
r   320.220     0.010    0     0.000     0.000
r   320.989     0.010    0     0.000     0.000
r   321.755     0.010    0     0.000     0.000
r   322.521     0.010    0     0.000     0.000
r   323.301     0.010    0     0.000     0.000
r   324.056     0.010    0     0.000     0.000
r   324.825     0.010    0     0.000     0.000
r   325.599     0.010    0     0.000     0.000
r   326.384     0.010    0     0.000     0.000
r   327.166     0.010    0     0.000     0.000
r   327.947     0.010    0     0.000     0.000
r   328.734     0.010    0     0.000     0.000
r   329.507     0.010    0     0.000     0.000
r   330.287     0.010    0     0.000     0.000
r   331.055     0.010    0     0.000     0.000
r   331.994     0.010    0     0.000     0.000
r   332.769     0.010    0     0.000     0.000
r   333.522     0.010    0     0.000     0.000
r   334.284     0.010    0     0.000     0.000
r   335.059     0.010    0     0.000     0.000
r   335.852     0.010    0     0.000     0.000
r   336.645     0.010    0     0.000     0.000
r   337.452     0.010    0     0.000     0.000
r   338.245     0.010    0     0.000     0.000
r   339.041     0.010    0     0.000     0.000
r   339.833     0.010    0     0.000     0.000
r   340.614     0.010    0     0.000     0.000
r   341.404     0.010    0     0.000     0.000
r   342.197     0.010    0     0.000     0.000
r   343.001     0.010    0     0.000     0.000
r   343.818     0.010    0     0.000     0.000
r   344.612     0.010    0     0.000     0.000
r   345.402     0.010    0     0.000     0.000
r   346.203     0.010    0     0.000     0.000
r   346.991     0.010    0     0.000     0.000
r   347.787     0.010    0     0.000     0.000
r   348.572     0.010    0     0.000     0.000
r   349.358     0.010    0     0.000     0.000
r   350.164     0.010    0     0.000     0.000
r   350.953     0.010    0     0.000     0.000
r   351.745     0.010    0     0.000     0.000
r   303.748     0.010    0     0.000     0.000
r   304.684     0.010    0     0.000     0.000
r   305.783     0.010    0     0.000     0.000
r   222.635     0.010    1     0.000     0.000
r   225.099     0.010    1     0.000     0.000
r   228.748     0.010    1     0.000     0.000
r   231.851     0.010    1     0.000     0.000
r   234.809     0.010    1     0.000     0.000
r   238.423     0.010    1     0.000     0.000
r   241.669     0.010    1     0.000     0.000
r   351.114     0.010    1     0.000     0.000
r   353.016     0.010    1     0.000     0.000
r   355.834     0.010    1     0.000     0.000
r   360.130     0.010    1     0.000     0.000
r   363.825     0.010    1     0.000     0.000
r   367.655     0.010    1     0.000     0.000
r   372.067     0.010    1     0.000     0.000
r   375.744     0.010    1     0.000     0.000
r   378.987     0.010    1     0.000     0.000
r   381.552     0.010    1     0.000     0.000
r   383.590     0.010    1     0.000     0.000
r   387.781     0.010    1     0.000     0.000
r   392.010     0.010    1     0.000     0.000
r   396.201     0.010    1     0.000     0.000
s   294.793     0.660  150
r   102.462     0.010    0     0.000     0.000
r   109.006     0.010    0     0.000     0.000
r   117.188     0.010    0     0.000     0.000
r   122.959     0.010    0     0.000     0.000
r   129.250     0.010    0     0.000     0.000
r   137.099     0.010    0     0.000     0.000
r   145.434     0.010    0     0.000     0.000
r   152.400     0.010    0     0.000     0.000
r   225.680     0.010    0     0.000     0.000
r   229.319     0.010    0     0.000     0.000
r   232.128     0.010    0     0.000     0.000
r   234.389     0.010    0     0.000     0.000
r   237.542     0.010    0     0.000     0.000
r   240.134     0.010    0     0.000     0.000
r   242.414     0.010    0     0.000     0.000
r   243.717     0.010    0     0.000     0.000
r   244.461     0.010    0     0.000     0.000
r   245.240     0.010    0     0.000     0.000
r   245.976     0.010    0     0.000     0.000
r   246.735     0.010    0     0.000     0.000
r   247.521     0.010    0     0.000     0.000
r   248.610     0.010    0     0.000     0.000
r   249.397     0.010    0     0.000     0.000
r   250.164     0.010    0     0.000     0.000
r   250.939     0.010    0     0.000     0.000
r   251.728     0.010    0     0.000     0.000
r   252.528     0.010    0     0.000     0.000
r   253.327     0.010    0     0.000     0.000
r   254.096     0.010    0     0.000     0.000
r   254.878     0.010    0     0.000     0.000
r   255.660     0.010    0     0.000     0.000
r   256.434     0.010    0     0.000     0.000
r   257.208     0.010    0     0.000     0.000
r   258.006     0.010    0     0.000     0.000
r   258.802     0.010    0     0.000     0.000
r   259.593     0.010    0     0.000     0.000
r   260.391     0.010    0     0.000     0.000
r   261.179     0.010    0     0.000     0.000
r   261.977     0.010    0     0.000     0.000
r   262.786     0.010    0     0.000     0.000
r   263.584     0.010    0     0.000     0.000
r   264.401     0.010    0     0.000     0.000
r   265.222     0.010    0     0.000     0.000
r   266.043     0.010    0     0.000     0.000
r   266.863     0.010    0     0.000     0.000
r   267.672     0.010    0     0.000     0.000
r   268.473     0.010    0     0.000     0.000
r   269.276     0.010    0     0.000     0.000
r   270.074     0.010    0     0.000     0.000
r   270.876     0.010    0     0.000     0.000
r   271.684     0.010    0     0.000     0.000
r   272.488     0.010    0     0.000     0.000
r   273.294     0.010    0     0.000     0.000
r   274.100     0.010    0     0.000     0.000
r   274.912     0.010    0     0.000     0.000
r   275.737     0.010    0     0.000     0.000
r   276.557     0.010    0     0.000     0.000
r   277.368     0.010    0     0.000     0.000
r   278.163     0.010    0     0.000     0.000
r   278.975     0.010    0     0.000     0.000
r   279.773     0.010    0     0.000     0.000
r   280.577     0.010    0     0.000     0.000
r   281.382     0.010    0     0.000     0.000
r   282.172     0.010    0     0.000     0.000
r   282.974     0.010    0     0.000     0.000
r   283.764     0.010    0     0.000     0.000
r   284.565     0.010    0     0.000     0.000
r   285.370     0.010    0     0.000     0.000
r   286.174     0.010    0     0.000     0.000
r   287.790     0.010    0     0.000     0.000
r   289.879     0.010    0     0.000     0.000
r   302.656     0.010    0     0.000     0.000
r   303.437     0.010    0     0.000     0.000
r   304.221     0.010    0     0.000     0.000
r   304.998     0.010    0     0.000     0.000
r   305.782     0.010    0     0.000     0.000
r   306.570     0.010    0     0.000     0.000
r   307.350     0.010    0     0.000     0.000
r   308.130     0.010    0     0.000     0.000
r   308.913     0.010    0     0.000     0.000
r   309.697     0.010    0     0.000     0.000
r   310.481     0.010    0     0.000     0.000
r   311.255     0.010    0     0.000     0.000
r   312.043     0.010    0     0.000     0.000
r   312.817     0.010    0     0.000     0.000
r   313.604     0.010    0     0.000     0.000
r   314.693     0.010    0     0.000     0.000
r   315.466     0.010    0     0.000     0.000
r   316.240     0.010    0     0.000     0.000
r   317.350     0.010    0     0.000     0.000
r   318.159     0.010    0     0.000     0.000
r   318.954     0.010    0     0.000     0.000
r   319.746     0.010    0     0.000     0.000
r   320.523     0.010    0     0.000     0.000
r   321.754     0.010    0     0.000     0.000
r   322.520     0.010    0     0.000     0.000
r   323.300     0.010    0     0.000     0.000
r   324.209     0.010    0     0.000     0.000
r   324.975     0.010    0     0.000     0.000
r   325.760     0.010    0     0.000     0.000
r   326.544     0.010    0     0.000     0.000
r   327.326     0.010    0     0.000     0.000
r   328.107     0.010    0     0.000     0.000
r   328.891     0.010    0     0.000     0.000
r   329.669     0.010    0     0.000     0.000
r   330.436     0.010    0     0.000     0.000
r   331.208     0.010    0     0.000     0.000
r   331.993     0.010    0     0.000     0.000
r   332.768     0.010    0     0.000     0.000
r   333.522     0.010    0     0.000     0.000
r   334.283     0.010    0     0.000     0.000
r   335.058     0.010    0     0.000     0.000
r   335.852     0.010    0     0.000     0.000
r   336.645     0.010    0     0.000     0.000
r   337.452     0.010    0     0.000     0.000
r   338.245     0.010    0     0.000     0.000
r   339.040     0.010    0     0.000     0.000
r   339.833     0.010    0     0.000     0.000
r   340.614     0.010    0     0.000     0.000
r   341.567     0.010    0     0.000     0.000
r   342.361     0.010    0     0.000     0.000
r   343.165     0.010    0     0.000     0.000
r   343.979     0.010    0     0.000     0.000
r   344.773     0.010    0     0.000     0.000
r   345.563     0.010    0     0.000     0.000
r   346.353     0.010    0     0.000     0.000
r   347.154     0.010    0     0.000     0.000
r   347.937     0.010    0     0.000     0.000
r   348.726     0.010    0     0.000     0.000
r   349.519     0.010    0     0.000     0.000
r   350.322     0.010    0     0.000     0.000
r   351.114     0.010    0     0.000     0.000
r   298.501     0.010    0     0.000     0.000
r   299.269     0.010    0     0.000     0.000
r   300.027     0.010    0     0.000     0.000
r   300.786     0.010    0     0.000     0.000
r   234.949     0.010    1     0.000     0.000
r   237.251     0.010    1     0.000     0.000
r   240.134     0.010    1     0.000     0.000
r   339.674     0.010    1     0.000     0.000
r   343.818     0.010    1     0.000     0.000
r   347.308     0.010    1     0.000     0.000
r   350.792     0.010    1     0.000     0.000
r   355.054     0.010    1     0.000     0.000
r   358.700     0.010    1     0.000     0.000
r   361.581     0.010    1     0.000     0.000
r   364.795     0.010    1     0.000     0.000
r   368.606     0.010    1     0.000     0.000
r   372.851     0.010    1     0.000     0.000
r   377.356     0.010    1     0.000     0.000
s   288.735     0.590  112
r   100.927     0.010    0     0.000     0.000
r   106.042     0.010    0     0.000     0.000
r   109.315     0.010    0     0.000     0.000
r   113.050     0.010    0     0.000     0.000
r   118.292     0.010    0     0.000     0.000
r   125.312     0.010    0     0.000     0.000
r   225.099     0.010    0     0.000     0.000
r   231.133     0.010    0     0.000     0.000
r   236.673     0.010    0     0.000     0.000
r   239.970     0.010    0     0.000     0.000
r   242.120     0.010    0     0.000     0.000
r   243.857     0.010    0     0.000     0.000
r   244.622     0.010    0     0.000     0.000
r   245.387     0.010    0     0.000     0.000
r   246.129     0.010    0     0.000     0.000
r   246.888     0.010    0     0.000     0.000
r   248.147     0.010    0     0.000     0.000
r   248.921     0.010    0     0.000     0.000
r   249.709     0.010    0     0.000     0.000
r   250.785     0.010    0     0.000     0.000
r   251.574     0.010    0     0.000     0.000
r   252.363     0.010    0     0.000     0.000
r   253.173     0.010    0     0.000     0.000
r   253.946     0.010    0     0.000     0.000
r   254.727     0.010    0     0.000     0.000
r   255.498     0.010    0     0.000     0.000
r   256.273     0.010    0     0.000     0.000
r   257.047     0.010    0     0.000     0.000
r   257.842     0.010    0     0.000     0.000
r   258.640     0.010    0     0.000     0.000
r   259.439     0.010    0     0.000     0.000
r   260.702     0.010    0     0.000     0.000
r   261.651     0.010    0     0.000     0.000
r   262.460     0.010    0     0.000     0.000
r   263.272     0.010    0     0.000     0.000
r   264.081     0.010    0     0.000     0.000
r   264.892     0.010    0     0.000     0.000
r   265.713     0.010    0     0.000     0.000
r   266.537     0.010    0     0.000     0.000
r   267.346     0.010    0     0.000     0.000
r   268.158     0.010    0     0.000     0.000
r   268.955     0.010    0     0.000     0.000
r   269.750     0.010    0     0.000     0.000
r   270.558     0.010    0     0.000     0.000
r   271.355     0.010    0     0.000     0.000
r   272.162     0.010    0     0.000     0.000
r   273.294     0.010    0     0.000     0.000
r   274.100     0.010    0     0.000     0.000
r   274.912     0.010    0     0.000     0.000
r   275.737     0.010    0     0.000     0.000
r   276.557     0.010    0     0.000     0.000
r   277.367     0.010    0     0.000     0.000
r   278.163     0.010    0     0.000     0.000
r   278.975     0.010    0     0.000     0.000
r   279.773     0.010    0     0.000     0.000
r   280.577     0.010    0     0.000     0.000
r   281.381     0.010    0     0.000     0.000
r   282.172     0.010    0     0.000     0.000
r   282.973     0.010    0     0.000     0.000
r   283.764     0.010    0     0.000     0.000
r   284.565     0.010    0     0.000     0.000
r   292.144     0.010    0     0.000     0.000
r   292.948     0.010    0     0.000     0.000
r   293.717     0.010    0     0.000     0.000
r   294.497     0.010    0     0.000     0.000
r   295.277     0.010    0     0.000     0.000
r   296.043     0.010    0     0.000     0.000
r   296.812     0.010    0     0.000     0.000
r   297.581     0.010    0     0.000     0.000
r   298.357     0.010    0     0.000     0.000
r   299.114     0.010    0     0.000     0.000
r   299.874     0.010    0     0.000     0.000
r   300.633     0.010    0     0.000     0.000
r   301.382     0.010    0     0.000     0.000
r   302.171     0.010    0     0.000     0.000
r   302.966     0.010    0     0.000     0.000
r   303.748     0.010    0     0.000     0.000
r   304.532     0.010    0     0.000     0.000
r   305.320     0.010    0     0.000     0.000
r   306.094     0.010    0     0.000     0.000
r   306.884     0.010    0     0.000     0.000
r   307.661     0.010    0     0.000     0.000
r   308.444     0.010    0     0.000     0.000
r   309.224     0.010    0     0.000     0.000
r   310.008     0.010    0     0.000     0.000
r   310.793     0.010    0     0.000     0.000
r   311.566     0.010    0     0.000     0.000
r   312.354     0.010    0     0.000     0.000
r   313.131     0.010    0     0.000     0.000
r   315.627     0.010    0     0.000     0.000
r   317.994     0.010    0     0.000     0.000
r   320.684     0.010    0     0.000     0.000
r   323.149     0.010    0     0.000     0.000
r   325.598     0.010    0     0.000     0.000
r   327.946     0.010    0     0.000     0.000
r   330.124     0.010    0     0.000     0.000
r   332.146     0.010    0     0.000     0.000
r   334.436     0.010    0     0.000     0.000
r   336.645     0.010    0     0.000     0.000
r   339.352     0.010    0     0.000     0.000
r   341.882     0.010    0     0.000     0.000
r   344.611     0.010    0     0.000     0.000
r   348.725     0.010    0     0.000     0.000
r   351.906     0.010    1     0.000     0.000
r   354.739     0.010    1     0.000     0.000
r   357.417     0.010    1     0.000     0.000
r   359.818     0.010    1     0.000     0.000
r   362.043     0.010    1     0.000     0.000
r   364.945     0.010    1     0.000     0.000
r   367.340     0.010    1     0.000     0.000
r   370.022     0.010    1     0.000     0.000
r   373.012     0.010    1     0.000     0.000
s   282.729     1.030  106
r    92.765     0.010    0     0.000     0.000
r    98.607     0.010    0     0.000     0.000
r   104.468     0.010    0     0.000     0.000
r   124.837     0.010    0     0.000     0.000
r   231.284     0.010    0     0.000     0.000
r   231.988     0.010    0     0.000     0.000
r   232.698     0.010    0     0.000     0.000
r   233.416     0.010    0     0.000     0.000
r   234.113     0.010    0     0.000     0.000
r   234.809     0.010    0     0.000     0.000
r   235.530     0.010    0     0.000     0.000
r   236.240     0.010    0     0.000     0.000
r   236.964     0.010    0     0.000     0.000
r   237.692     0.010    0     0.000     0.000
r   238.424     0.010    0     0.000     0.000
r   239.190     0.010    0     0.000     0.000
r   239.970     0.010    0     0.000     0.000
r   240.744     0.010    0     0.000     0.000
r   241.508     0.010    0     0.000     0.000
r   242.274     0.010    0     0.000     0.000
r   242.995     0.010    0     0.000     0.000
r   243.718     0.010    0     0.000     0.000
r   244.461     0.010    0     0.000     0.000
r   245.240     0.010    0     0.000     0.000
r   245.976     0.010    0     0.000     0.000
r   246.735     0.010    0     0.000     0.000
r   247.521     0.010    0     0.000     0.000
r   248.298     0.010    0     0.000     0.000
r   249.086     0.010    0     0.000     0.000
r   249.860     0.010    0     0.000     0.000
r   250.632     0.010    0     0.000     0.000
r   251.410     0.010    0     0.000     0.000
r   252.364     0.010    0     0.000     0.000
r   253.174     0.010    0     0.000     0.000
r   253.946     0.010    0     0.000     0.000
r   254.728     0.010    0     0.000     0.000
r   255.499     0.010    0     0.000     0.000
r   256.273     0.010    0     0.000     0.000
r   257.047     0.010    0     0.000     0.000
r   257.843     0.010    0     0.000     0.000
r   258.641     0.010    0     0.000     0.000
r   259.439     0.010    0     0.000     0.000
r   260.230     0.010    0     0.000     0.000
r   261.015     0.010    0     0.000     0.000
r   261.813     0.010    0     0.000     0.000
r   262.625     0.010    0     0.000     0.000
r   263.434     0.010    0     0.000     0.000
r   264.243     0.010    0     0.000     0.000
r   265.054     0.010    0     0.000     0.000
r   265.882     0.010    0     0.000     0.000
r   266.699     0.010    0     0.000     0.000
r   267.511     0.010    0     0.000     0.000
r   268.320     0.010    0     0.000     0.000
r   269.119     0.010    0     0.000     0.000
r   269.918     0.010    0     0.000     0.000
r   270.713     0.010    0     0.000     0.000
r   271.520     0.010    0     0.000     0.000
r   272.324     0.010    0     0.000     0.000
r   273.133     0.010    0     0.000     0.000
r   273.939     0.010    0     0.000     0.000
r   274.748     0.010    0     0.000     0.000
r   275.573     0.010    0     0.000     0.000
r   276.399     0.010    0     0.000     0.000
r   277.207     0.010    0     0.000     0.000
r   289.065     0.010    0     0.000     0.000
r   292.144     0.010    0     0.000     0.000
r   294.032     0.010    0     0.000     0.000
r   295.732     0.010    0     0.000     0.000
r   298.040     0.010    0     0.000     0.000
r   301.085     0.010    0     0.000     0.000
r   304.998     0.010    0     0.000     0.000
r   307.662     0.010    0     0.000     0.000
r   311.105     0.010    0     0.000     0.000
r   313.443     0.010    0     0.000     0.000
r   315.778     0.010    0     0.000     0.000
r   319.277     0.010    0     0.000     0.000
r   322.056     0.010    0     0.000     0.000
r   324.360     0.010    0     0.000     0.000
r   326.853     0.010    0     0.000     0.000
r   329.197     0.010    0     0.000     0.000
r   331.372     0.010    0     0.000     0.000
r   333.369     0.010    0     0.000     0.000
r   336.645     0.010    0     0.000     0.000
r   339.983     0.010    0     0.000     0.000
r   343.001     0.010    0     0.000     0.000
r   347.308     0.010    0     0.000     0.000
r   350.953     0.010    0     0.000     0.000
r   284.890     0.010    0     0.000     0.000
r   285.684     0.010    0     0.000     0.000
r   286.488     0.010    0     0.000     0.000
r   323.604     0.010    1     0.000     0.000
r   326.383     0.010    1     0.000     0.000
r   329.358     0.010    1     0.000     0.000
r   331.372     0.010    1     0.000     0.000
r   333.226     0.010    1     0.000     0.000
r   334.905     0.010    1     0.000     0.000
r   337.288     0.010    1     0.000     0.000
r   339.513     0.010    1     0.000     0.000
r   341.403     0.010    1     0.000     0.000
r   343.329     0.010    1     0.000     0.000
r   345.090     0.010    1     0.000     0.000
r   346.679     0.010    1     0.000     0.000
r   351.272     0.010    1     0.000     0.000
r   357.896     0.010    1     0.000     0.000
r   363.167     0.010    1     0.000     0.000
r   367.176     0.010    1     0.000     0.000
s   276.757     1.560  207
r    89.794     0.010    0     0.000     0.000
r    96.881     0.010    0     0.000     0.000
r   100.777     0.010    0     0.000     0.000
r   103.988     0.010    0     0.000     0.000
r   104.793     0.010    0     0.000     0.000
r   105.574     0.010    0     0.000     0.000
r   106.368     0.010    0     0.000     0.000
r   107.145     0.010    0     0.000     0.000
r   107.923     0.010    0     0.000     0.000
r   108.694     0.010    0     0.000     0.000
r   109.479     0.010    0     0.000     0.000
r   110.265     0.010    0     0.000     0.000
r   140.929     0.010    0     0.000     0.000
r   146.405     0.010    0     0.000     0.000
r   224.808     0.010    0     0.000     0.000
r   225.529     0.010    0     0.000     0.000
r   226.274     0.010    0     0.000     0.000
r   227.006     0.010    0     0.000     0.000
r   227.737     0.010    0     0.000     0.000
r   228.461     0.010    0     0.000     0.000
r   229.179     0.010    0     0.000     0.000
r   229.883     0.010    0     0.000     0.000
r   230.577     0.010    0     0.000     0.000
r   231.284     0.010    0     0.000     0.000
r   231.988     0.010    0     0.000     0.000
r   232.698     0.010    0     0.000     0.000
r   233.416     0.010    0     0.000     0.000
r   234.112     0.010    0     0.000     0.000
r   234.809     0.010    0     0.000     0.000
r   235.530     0.010    0     0.000     0.000
r   236.240     0.010    0     0.000     0.000
r   236.964     0.010    0     0.000     0.000
r   237.692     0.010    0     0.000     0.000
r   238.424     0.010    0     0.000     0.000
r   239.190     0.010    0     0.000     0.000
r   239.970     0.010    0     0.000     0.000
r   240.744     0.010    0     0.000     0.000
r   241.508     0.010    0     0.000     0.000
r   242.274     0.010    0     0.000     0.000
r   242.995     0.010    0     0.000     0.000
r   243.717     0.010    0     0.000     0.000
r   244.461     0.010    0     0.000     0.000
r   245.240     0.010    0     0.000     0.000
r   245.976     0.010    0     0.000     0.000
r   246.735     0.010    0     0.000     0.000
r   247.521     0.010    0     0.000     0.000
r   248.298     0.010    0     0.000     0.000
r   249.085     0.010    0     0.000     0.000
r   249.859     0.010    0     0.000     0.000
r   250.632     0.010    0     0.000     0.000
r   251.410     0.010    0     0.000     0.000
r   252.199     0.010    0     0.000     0.000
r   253.009     0.010    0     0.000     0.000
r   253.795     0.010    0     0.000     0.000
r   254.566     0.010    0     0.000     0.000
r   255.348     0.010    0     0.000     0.000
r   256.122     0.010    0     0.000     0.000
r   256.896     0.010    0     0.000     0.000
r   257.681     0.010    0     0.000     0.000
r   258.479     0.010    0     0.000     0.000
r   259.278     0.010    0     0.000     0.000
r   260.068     0.010    0     0.000     0.000
r   260.864     0.010    0     0.000     0.000
r   261.651     0.010    0     0.000     0.000
r   262.460     0.010    0     0.000     0.000
r   263.272     0.010    0     0.000     0.000
r   264.081     0.010    0     0.000     0.000
r   264.892     0.010    0     0.000     0.000
r   265.713     0.010    0     0.000     0.000
r   266.537     0.010    0     0.000     0.000
r   267.346     0.010    0     0.000     0.000
r   268.158     0.010    0     0.000     0.000
r   268.955     0.010    0     0.000     0.000
r   269.750     0.010    0     0.000     0.000
r   270.559     0.010    0     0.000     0.000
r   271.355     0.010    0     0.000     0.000
r   272.162     0.010    0     0.000     0.000
r   272.971     0.010    0     0.000     0.000
r   281.217     0.010    0     0.000     0.000
r   282.021     0.010    0     0.000     0.000
r   282.811     0.010    0     0.000     0.000
r   283.602     0.010    0     0.000     0.000
r   284.403     0.010    0     0.000     0.000
r   285.205     0.010    0     0.000     0.000
r   286.012     0.010    0     0.000     0.000
r   286.813     0.010    0     0.000     0.000
r   287.625     0.010    0     0.000     0.000
r   288.420     0.010    0     0.000     0.000
r   289.226     0.010    0     0.000     0.000
r   290.040     0.010    0     0.000     0.000
r   290.849     0.010    0     0.000     0.000
r   291.668     0.010    0     0.000     0.000
r   292.469     0.010    0     0.000     0.000
r   293.252     0.010    0     0.000     0.000
r   294.032     0.010    0     0.000     0.000
r   294.812     0.010    0     0.000     0.000
r   295.578     0.010    0     0.000     0.000
r   296.347     0.010    0     0.000     0.000
r   297.117     0.010    0     0.000     0.000
r   297.889     0.010    0     0.000     0.000
r   298.653     0.010    0     0.000     0.000
r   299.421     0.010    0     0.000     0.000
r   300.178     0.010    0     0.000     0.000
r   300.934     0.010    0     0.000     0.000
r   301.702     0.010    0     0.000     0.000
r   302.494     0.010    0     0.000     0.000
r   303.286     0.010    0     0.000     0.000
r   304.060     0.010    0     0.000     0.000
r   304.844     0.010    0     0.000     0.000
r   305.632     0.010    0     0.000     0.000
r   306.419     0.010    0     0.000     0.000
r   307.196     0.010    0     0.000     0.000
r   307.976     0.010    0     0.000     0.000
r   308.759     0.010    0     0.000     0.000
r   309.536     0.010    0     0.000     0.000
r   310.320     0.010    0     0.000     0.000
r   311.105     0.010    0     0.000     0.000
r   311.881     0.010    0     0.000     0.000
r   312.666     0.010    0     0.000     0.000
r   313.443     0.010    0     0.000     0.000
r   314.220     0.010    0     0.000     0.000
r   315.004     0.010    0     0.000     0.000
r   315.778     0.010    0     0.000     0.000
r   316.555     0.010    0     0.000     0.000
r   317.350     0.010    0     0.000     0.000
r   318.159     0.010    0     0.000     0.000
r   318.954     0.010    0     0.000     0.000
r   319.746     0.010    0     0.000     0.000
r   320.523     0.010    0     0.000     0.000
r   321.300     0.010    0     0.000     0.000
r   322.055     0.010    0     0.000     0.000
r   322.835     0.010    0     0.000     0.000
r   323.604     0.010    0     0.000     0.000
r   324.360     0.010    0     0.000     0.000
r   325.126     0.010    0     0.000     0.000
r   325.921     0.010    0     0.000     0.000
r   326.692     0.010    0     0.000     0.000
r   327.476     0.010    0     0.000     0.000
r   328.266     0.010    0     0.000     0.000
r   329.049     0.010    0     0.000     0.000
r   329.820     0.010    0     0.000     0.000
r   330.589     0.010    0     0.000     0.000
r   331.372     0.010    0     0.000     0.000
r   332.297     0.010    0     0.000     0.000
r   333.072     0.010    0     0.000     0.000
r   333.826     0.010    0     0.000     0.000
r   334.590     0.010    0     0.000     0.000
r   335.373     0.010    0     0.000     0.000
r   336.166     0.010    0     0.000     0.000
r   336.970     0.010    0     0.000     0.000
r   337.770     0.010    0     0.000     0.000
r   338.557     0.010    0     0.000     0.000
r   339.352     0.010    0     0.000     0.000
r   340.144     0.010    0     0.000     0.000
r   340.933     0.010    0     0.000     0.000
r   341.718     0.010    0     0.000     0.000
r   342.522     0.010    0     0.000     0.000
r   343.329     0.010    0     0.000     0.000
r   344.133     0.010    0     0.000     0.000
r   344.926     0.010    0     0.000     0.000
r   345.727     0.010    0     0.000     0.000
r   346.515     0.010    0     0.000     0.000
r   347.308     0.010    0     0.000     0.000
r   348.091     0.010    0     0.000     0.000
r   348.890     0.010    0     0.000     0.000
r   349.680     0.010    0     0.000     0.000
r   350.483     0.010    0     0.000     0.000
r   351.272     0.010    0     0.000     0.000
r   279.447     0.010    0     0.000     0.000
r   280.262     0.010    0     0.000     0.000
r   120.697     0.010    1     0.000     0.000
r   126.872     0.010    1     0.000     0.000
r   137.263     0.010    1     0.000     0.000
r   146.717     0.010    1     0.000     0.000
r   153.633     0.010    1     0.000     0.000
r   324.975     0.010    1     0.000     0.000
r   325.760     0.010    1     0.000     0.000
r   326.544     0.010    1     0.000     0.000
r   327.326     0.010    1     0.000     0.000
r   328.107     0.010    1     0.000     0.000
r   328.891     0.010    1     0.000     0.000
r   329.669     0.010    1     0.000     0.000
r   330.435     0.010    1     0.000     0.000
r   331.207     0.010    1     0.000     0.000
r   332.147     0.010    1     0.000     0.000
r   332.922     0.010    1     0.000     0.000
r   333.675     0.010    1     0.000     0.000
r   334.590     0.010    1     0.000     0.000
r   335.534     0.010    1     0.000     0.000
r   336.327     0.010    1     0.000     0.000
r   337.134     0.010    1     0.000     0.000
r   337.931     0.010    1     0.000     0.000
r   338.718     0.010    1     0.000     0.000
r   339.513     0.010    1     0.000     0.000
r   340.305     0.010    1     0.000     0.000
r   341.092     0.010    1     0.000     0.000
r   341.882     0.010    1     0.000     0.000
r   342.686     0.010    1     0.000     0.000
r   343.979     0.010    1     0.000     0.000
r   345.090     0.010    1     0.000     0.000
r   346.515     0.010    1     0.000     0.000
r   347.937     0.010    1     0.000     0.000
r   348.890     0.010    1     0.000     0.000
r   361.732     0.010    1     0.000     0.000
r   365.109     0.010    1     0.000     0.000
r   370.187     0.010    1     0.000     0.000
r   376.219     0.010    1     0.000     0.000
s   270.805     2.080  205
r    90.724     0.010    0     0.000     0.000
r    97.042     0.010    0     0.000     0.000
r   103.522     0.010    0     0.000     0.000
r   109.952     0.010    0     0.000     0.000
r   114.957     0.010    0     0.000     0.000
r   225.973     0.010    0     0.000     0.000
r   226.715     0.010    0     0.000     0.000
r   227.436     0.010    0     0.000     0.000
r   228.167     0.010    0     0.000     0.000
r   228.888     0.010    0     0.000     0.000
r   229.595     0.010    0     0.000     0.000
r   230.300     0.010    0     0.000     0.000
r   230.993     0.010    0     0.000     0.000
r   231.700     0.010    0     0.000     0.000
r   232.407     0.010    0     0.000     0.000
r   233.265     0.010    0     0.000     0.000
r   233.972     0.010    0     0.000     0.000
r   234.669     0.010    0     0.000     0.000
r   235.809     0.010    0     0.000     0.000
r   237.251     0.010    0     0.000     0.000
r   239.039     0.010    0     0.000     0.000
r   240.744     0.010    0     0.000     0.000
r   243.131     0.010    0     0.000     0.000
r   244.461     0.010    0     0.000     0.000
r   245.239     0.010    0     0.000     0.000
r   245.975     0.010    0     0.000     0.000
r   246.734     0.010    0     0.000     0.000
r   247.520     0.010    0     0.000     0.000
r   248.297     0.010    0     0.000     0.000
r   249.236     0.010    0     0.000     0.000
r   250.013     0.010    0     0.000     0.000
r   250.785     0.010    0     0.000     0.000
r   251.574     0.010    0     0.000     0.000
r   252.363     0.010    0     0.000     0.000
r   253.173     0.010    0     0.000     0.000
r   253.945     0.010    0     0.000     0.000
r   254.727     0.010    0     0.000     0.000
r   255.498     0.010    0     0.000     0.000
r   256.273     0.010    0     0.000     0.000
r   257.047     0.010    0     0.000     0.000
r   257.842     0.010    0     0.000     0.000
r   258.640     0.010    0     0.000     0.000
r   259.439     0.010    0     0.000     0.000
r   260.229     0.010    0     0.000     0.000
r   261.014     0.010    0     0.000     0.000
r   261.812     0.010    0     0.000     0.000
r   262.624     0.010    0     0.000     0.000
r   263.433     0.010    0     0.000     0.000
r   264.242     0.010    0     0.000     0.000
r   265.053     0.010    0     0.000     0.000
r   265.881     0.010    0     0.000     0.000
r   274.260     0.010    0     0.000     0.000
r   275.072     0.010    0     0.000     0.000
r   275.901     0.010    0     0.000     0.000
r   276.728     0.010    0     0.000     0.000
r   277.528     0.010    0     0.000     0.000
r   278.323     0.010    0     0.000     0.000
r   279.124     0.010    0     0.000     0.000
r   279.933     0.010    0     0.000     0.000
r   280.738     0.010    0     0.000     0.000
r   281.542     0.010    0     0.000     0.000
r   282.332     0.010    0     0.000     0.000
r   283.126     0.010    0     0.000     0.000
r   283.927     0.010    0     0.000     0.000
r   284.728     0.010    0     0.000     0.000
r   285.530     0.010    0     0.000     0.000
r   286.326     0.010    0     0.000     0.000
r   287.138     0.010    0     0.000     0.000
r   287.939     0.010    0     0.000     0.000
r   288.742     0.010    0     0.000     0.000
r   289.556     0.010    0     0.000     0.000
r   290.365     0.010    0     0.000     0.000
r   291.181     0.010    0     0.000     0.000
r   291.993     0.010    0     0.000     0.000
r   292.784     0.010    0     0.000     0.000
r   293.567     0.010    0     0.000     0.000
r   294.346     0.010    0     0.000     0.000
r   295.113     0.010    0     0.000     0.000
r   295.882     0.010    0     0.000     0.000
r   296.662     0.010    0     0.000     0.000
r   297.431     0.010    0     0.000     0.000
r   298.193     0.010    0     0.000     0.000
r   298.960     0.010    0     0.000     0.000
r   299.728     0.010    0     0.000     0.000
r   300.482     0.010    0     0.000     0.000
r   301.231     0.010    0     0.000     0.000
r   302.020     0.010    0     0.000     0.000
r   302.816     0.010    0     0.000     0.000
r   303.597     0.010    0     0.000     0.000
r   304.371     0.010    0     0.000     0.000
r   305.159     0.010    0     0.000     0.000
r   305.943     0.010    0     0.000     0.000
r   306.731     0.010    0     0.000     0.000
r   307.510     0.010    0     0.000     0.000
r   308.290     0.010    0     0.000     0.000
r   309.073     0.010    0     0.000     0.000
r   309.847     0.010    0     0.000     0.000
r   310.631     0.010    0     0.000     0.000
r   311.416     0.010    0     0.000     0.000
r   312.203     0.010    0     0.000     0.000
r   312.977     0.010    0     0.000     0.000
r   313.754     0.010    0     0.000     0.000
r   314.531     0.010    0     0.000     0.000
r   315.316     0.010    0     0.000     0.000
r   316.089     0.010    0     0.000     0.000
r   316.877     0.010    0     0.000     0.000
r   317.672     0.010    0     0.000     0.000
r   318.481     0.010    0     0.000     0.000
r   319.276     0.010    0     0.000     0.000
r   320.058     0.010    0     0.000     0.000
r   320.834     0.010    0     0.000     0.000
r   321.604     0.010    0     0.000     0.000
r   322.370     0.010    0     0.000     0.000
r   323.149     0.010    0     0.000     0.000
r   323.905     0.010    0     0.000     0.000
r   324.671     0.010    0     0.000     0.000
r   325.448     0.010    0     0.000     0.000
r   326.232     0.010    0     0.000     0.000
r   327.003     0.010    0     0.000     0.000
r   327.798     0.010    0     0.000     0.000
r   328.585     0.010    0     0.000     0.000
r   329.357     0.010    0     0.000     0.000
r   330.123     0.010    0     0.000     0.000
r   330.903     0.010    0     0.000     0.000
r   331.675     0.010    0     0.000     0.000
r   332.450     0.010    0     0.000     0.000
r   333.225     0.010    0     0.000     0.000
r   333.979     0.010    0     0.000     0.000
r   334.740     0.010    0     0.000     0.000
r   335.534     0.010    0     0.000     0.000
r   336.327     0.010    0     0.000     0.000
r   337.134     0.010    0     0.000     0.000
r   337.930     0.010    0     0.000     0.000
r   338.718     0.010    0     0.000     0.000
r   339.513     0.010    0     0.000     0.000
r   340.305     0.010    0     0.000     0.000
r   341.091     0.010    0     0.000     0.000
r   341.882     0.010    0     0.000     0.000
r   342.686     0.010    0     0.000     0.000
r   343.490     0.010    0     0.000     0.000
r   344.294     0.010    0     0.000     0.000
r   345.090     0.010    0     0.000     0.000
r   345.877     0.010    0     0.000     0.000
r   346.678     0.010    0     0.000     0.000
r   347.469     0.010    0     0.000     0.000
r   348.254     0.010    0     0.000     0.000
r   350.322     0.010    0     0.000     0.000
r   352.392     0.010    0     0.000     0.000
r   355.368     0.010    0     0.000     0.000
r   359.503     0.010    0     0.000     0.000
r   363.005     0.010    0     0.000     0.000
r   365.910     0.010    0     0.000     0.000
r   370.810     0.010    0     0.000     0.000
r   121.022     0.010    1     0.000     0.000
r   126.098     0.010    1     0.000     0.000
r   130.213     0.010    1     0.000     0.000
r   136.307     0.010    1     0.000     0.000
r   142.064     0.010    1     0.000     0.000
r   145.918     0.010    1     0.000     0.000
r   149.745     0.010    1     0.000     0.000
r   152.399     0.010    1     0.000     0.000
r   154.694     0.010    1     0.000     0.000
r   306.094     0.010    1     0.000     0.000
r   309.073     0.010    1     0.000     0.000
r   313.131     0.010    1     0.000     0.000
r   316.555     0.010    1     0.000     0.000
r   319.115     0.010    1     0.000     0.000
r   322.055     0.010    1     0.000     0.000
r   324.209     0.010    1     0.000     0.000
r   325.448     0.010    1     0.000     0.000
r   326.232     0.010    1     0.000     0.000
r   327.003     0.010    1     0.000     0.000
r   327.798     0.010    1     0.000     0.000
r   328.585     0.010    1     0.000     0.000
r   329.357     0.010    1     0.000     0.000
r   330.123     0.010    1     0.000     0.000
r   330.903     0.010    1     0.000     0.000
r   331.675     0.010    1     0.000     0.000
r   332.450     0.010    1     0.000     0.000
r   333.225     0.010    1     0.000     0.000
r   333.979     0.010    1     0.000     0.000
r   334.740     0.010    1     0.000     0.000
r   335.534     0.010    1     0.000     0.000
r   336.327     0.010    1     0.000     0.000
r   337.134     0.010    1     0.000     0.000
r   337.930     0.010    1     0.000     0.000
r   338.718     0.010    1     0.000     0.000
r   339.513     0.010    1     0.000     0.000
r   340.305     0.010    1     0.000     0.000
r   341.091     0.010    1     0.000     0.000
r   341.882     0.010    1     0.000     0.000
r   342.686     0.010    1     0.000     0.000
r   343.490     0.010    1     0.000     0.000
r   344.294     0.010    1     0.000     0.000
r   345.090     0.010    1     0.000     0.000
r   345.877     0.010    1     0.000     0.000
r   346.678     0.010    1     0.000     0.000
r   347.469     0.010    1     0.000     0.000
r   348.254     0.010    1     0.000     0.000
r   349.043     0.010    1     0.000     0.000
r   349.841     0.010    1     0.000     0.000
r   350.644     0.010    1     0.000     0.000
r   351.433     0.010    1     0.000     0.000
r   352.228     0.010    1     0.000     0.000
r   356.938     0.010    1     0.000     0.000
s   264.830     2.270  174
r    93.400     0.010    0     0.000     0.000
r    96.251     0.010    0     0.000     0.000
r    99.540     0.010    0     0.000     0.000
r   102.462     0.010    0     0.000     0.000
r   105.892     0.010    0     0.000     0.000
r   109.953     0.010    0     0.000     0.000
r   113.997     0.010    0     0.000     0.000
r   118.293     0.010    0     0.000     0.000
r   128.120     0.010    0     0.000     0.000
r   135.205     0.010    0     0.000     0.000
r   137.901     0.010    0     0.000     0.000
r   141.252     0.010    0     0.000     0.000
r   143.178     0.010    0     0.000     0.000
r   146.082     0.010    0     0.000     0.000
r   225.239     0.010    0     0.000     0.000
r   225.973     0.010    0     0.000     0.000
r   226.715     0.010    0     0.000     0.000
r   227.436     0.010    0     0.000     0.000
r   228.168     0.010    0     0.000     0.000
r   228.889     0.010    0     0.000     0.000
r   229.596     0.010    0     0.000     0.000
r   230.300     0.010    0     0.000     0.000
r   230.993     0.010    0     0.000     0.000
r   231.701     0.010    0     0.000     0.000
r   232.408     0.010    0     0.000     0.000
r   233.126     0.010    0     0.000     0.000
r   233.833     0.010    0     0.000     0.000
r   234.529     0.010    0     0.000     0.000
r   235.239     0.010    0     0.000     0.000
r   235.949     0.010    0     0.000     0.000
r   236.673     0.010    0     0.000     0.000
r   237.391     0.010    0     0.000     0.000
r   238.122     0.010    0     0.000     0.000
r   238.886     0.010    0     0.000     0.000
r   239.658     0.010    0     0.000     0.000
r   240.443     0.010    0     0.000     0.000
r   241.206     0.010    0     0.000     0.000
r   241.970     0.010    0     0.000     0.000
r   242.704     0.010    0     0.000     0.000
r   243.419     0.010    0     0.000     0.000
r   244.163     0.010    0     0.000     0.000
r   244.931     0.010    0     0.000     0.000
r   245.689     0.010    0     0.000     0.000
r   246.431     0.010    0     0.000     0.000
r   247.203     0.010    0     0.000     0.000
r   247.986     0.010    0     0.000     0.000
r   248.771     0.010    0     0.000     0.000
r   249.548     0.010    0     0.000     0.000
r   250.317     0.010    0     0.000     0.000
r   251.103     0.010    0     0.000     0.000
r   251.881     0.010    0     0.000     0.000
r   252.680     0.010    0     0.000     0.000
r   253.480     0.010    0     0.000     0.000
r   254.256     0.010    0     0.000     0.000
r   255.036     0.010    0     0.000     0.000
r   255.810     0.010    0     0.000     0.000
r   256.584     0.010    0     0.000     0.000
r   257.369     0.010    0     0.000     0.000
r   258.167     0.010    0     0.000     0.000
r   258.965     0.010    0     0.000     0.000
r   271.355     0.010    0     0.000     0.000
r   272.811     0.010    0     0.000     0.000
r   273.777     0.010    0     0.000     0.000
r   274.586     0.010    0     0.000     0.000
r   275.412     0.010    0     0.000     0.000
r   276.227     0.010    0     0.000     0.000
r   277.048     0.010    0     0.000     0.000
r   277.840     0.010    0     0.000     0.000
r   278.649     0.010    0     0.000     0.000
r   279.447     0.010    0     0.000     0.000
r   280.262     0.010    0     0.000     0.000
r   281.056     0.010    0     0.000     0.000
r   281.857     0.010    0     0.000     0.000
r   282.647     0.010    0     0.000     0.000
r   283.452     0.010    0     0.000     0.000
r   284.239     0.010    0     0.000     0.000
r   285.044     0.010    0     0.000     0.000
r   285.848     0.010    0     0.000     0.000
r   286.652     0.010    0     0.000     0.000
r   287.464     0.010    0     0.000     0.000
r   288.262     0.010    0     0.000     0.000
r   289.065     0.010    0     0.000     0.000
r   289.879     0.010    0     0.000     0.000
r   290.687     0.010    0     0.000     0.000
r   291.504     0.010    0     0.000     0.000
r   292.308     0.010    0     0.000     0.000
r   293.099     0.010    0     0.000     0.000
r   293.882     0.010    0     0.000     0.000
r   294.648     0.010    0     0.000     0.000
r   295.428     0.010    0     0.000     0.000
r   296.194     0.010    0     0.000     0.000
r   296.963     0.010    0     0.000     0.000
r   297.736     0.010    0     0.000     0.000
r   298.500     0.010    0     0.000     0.000
r   299.268     0.010    0     0.000     0.000
r   300.025     0.010    0     0.000     0.000
r   300.784     0.010    0     0.000     0.000
r   301.544     0.010    0     0.000     0.000
r   302.333     0.010    0     0.000     0.000
r   303.128     0.010    0     0.000     0.000
r   303.909     0.010    0     0.000     0.000
r   304.683     0.010    0     0.000     0.000
r   305.471     0.010    0     0.000     0.000
r   306.258     0.010    0     0.000     0.000
r   307.046     0.010    0     0.000     0.000
r   307.815     0.010    0     0.000     0.000
r   308.598     0.010    0     0.000     0.000
r   309.385     0.010    0     0.000     0.000
r   310.159     0.010    0     0.000     0.000
r   310.944     0.010    0     0.000     0.000
r   311.731     0.010    0     0.000     0.000
r   312.666     0.010    0     0.000     0.000
r   313.443     0.010    0     0.000     0.000
r   314.220     0.010    0     0.000     0.000
r   315.004     0.010    0     0.000     0.000
r   315.778     0.010    0     0.000     0.000
r   316.555     0.010    0     0.000     0.000
r   317.350     0.010    0     0.000     0.000
r   318.159     0.010    0     0.000     0.000
r   318.954     0.010    0     0.000     0.000
r   319.746     0.010    0     0.000     0.000
r   320.523     0.010    0     0.000     0.000
r   321.300     0.010    0     0.000     0.000
r   322.055     0.010    0     0.000     0.000
r   322.835     0.010    0     0.000     0.000
r   323.604     0.010    0     0.000     0.000
r   324.360     0.010    0     0.000     0.000
r   325.126     0.010    0     0.000     0.000
r   325.921     0.010    0     0.000     0.000
r   326.853     0.010    0     0.000     0.000
r   327.638     0.010    0     0.000     0.000
r   328.424     0.010    0     0.000     0.000
r   329.196     0.010    0     0.000     0.000
r   330.435     0.010    0     0.000     0.000
r   332.146     0.010    0     0.000     0.000
r   333.979     0.010    0     0.000     0.000
r   336.002     0.010    0     0.000     0.000
r   337.606     0.010    0     0.000     0.000
r   339.202     0.010    0     0.000     0.000
r   341.403     0.010    0     0.000     0.000
r   343.818     0.010    0     0.000     0.000
r   345.727     0.010    0     0.000     0.000
r   348.890     0.010    0     0.000     0.000
r   350.953     0.010    0     0.000     0.000
r   353.642     0.010    0     0.000     0.000
r   356.938     0.010    0     0.000     0.000
r   361.095     0.010    0     0.000     0.000
r   363.825     0.010    0     0.000     0.000
r   366.540     0.010    0     0.000     0.000
r   372.068     0.010    0     0.000     0.000
r    71.110     0.010    1     0.000     0.000
r    77.296     0.010    1     0.000     0.000
r    85.399     0.010    1     0.000     0.000
r    90.878     0.010    1     0.000     0.000
r    96.416     0.010    1     0.000     0.000
r   118.766     0.010    1     0.000     0.000
r   125.313     0.010    1     0.000     0.000
r   131.169     0.010    1     0.000     0.000
r   137.575     0.010    1     0.000     0.000
r   306.570     0.010    1     0.000     0.000
r   311.417     0.010    1     0.000     0.000
r   315.929     0.010    1     0.000     0.000
r   318.632     0.010    1     0.000     0.000
r   321.905     0.010    1     0.000     0.000
r   325.599     0.010    1     0.000     0.000
r   328.424     0.010    1     0.000     0.000
r   331.207     0.010    1     0.000     0.000
r   333.072     0.010    1     0.000     0.000
r   335.688     0.010    1     0.000     0.000
r   338.557     0.010    1     0.000     0.000
r   342.839     0.010    1     0.000     0.000
r   346.039     0.010    1     0.000     0.000
r   349.680     0.010    1     0.000     0.000
r   353.330     0.010    1     0.000     0.000
s   252.812     3.230  127
r    55.501     0.010    0     0.000     0.000
r    61.468     0.010    0     0.000     0.000
r    70.799     0.010    0     0.000     0.000
r    76.222     0.010    0     0.000     0.000
r    81.790     0.010    0     0.000     0.000
r    87.921     0.010    0     0.000     0.000
r    94.038     0.010    0     0.000     0.000
r   100.153     0.010    0     0.000     0.000
r   105.108     0.010    0     0.000     0.000
r   110.104     0.010    0     0.000     0.000
r   115.280     0.010    0     0.000     0.000
r   120.858     0.010    0     0.000     0.000
r   125.474     0.010    0     0.000     0.000
r   225.530     0.010    0     0.000     0.000
r   227.146     0.010    0     0.000     0.000
r   229.459     0.010    0     0.000     0.000
r   231.424     0.010    0     0.000     0.000
r   233.553     0.010    0     0.000     0.000
r   234.949     0.010    0     0.000     0.000
r   236.383     0.010    0     0.000     0.000
r   238.123     0.010    0     0.000     0.000
r   239.820     0.010    0     0.000     0.000
r   241.669     0.010    0     0.000     0.000
r   242.845     0.010    0     0.000     0.000
r   259.277     0.010    0     0.000     0.000
r   260.068     0.010    0     0.000     0.000
r   260.863     0.010    0     0.000     0.000
r   261.651     0.010    0     0.000     0.000
r   262.460     0.010    0     0.000     0.000
r   263.272     0.010    0     0.000     0.000
r   264.081     0.010    0     0.000     0.000
r   264.892     0.010    0     0.000     0.000
r   265.714     0.010    0     0.000     0.000
r   266.538     0.010    0     0.000     0.000
r   267.347     0.010    0     0.000     0.000
r   268.159     0.010    0     0.000     0.000
r   268.955     0.010    0     0.000     0.000
r   269.750     0.010    0     0.000     0.000
r   270.558     0.010    0     0.000     0.000
r   271.355     0.010    0     0.000     0.000
r   272.162     0.010    0     0.000     0.000
r   272.971     0.010    0     0.000     0.000
r   273.777     0.010    0     0.000     0.000
r   274.586     0.010    0     0.000     0.000
r   275.412     0.010    0     0.000     0.000
r   276.227     0.010    0     0.000     0.000
r   277.048     0.010    0     0.000     0.000
r   277.840     0.010    0     0.000     0.000
r   278.649     0.010    0     0.000     0.000
r   279.447     0.010    0     0.000     0.000
r   280.262     0.010    0     0.000     0.000
r   281.056     0.010    0     0.000     0.000
r   281.857     0.010    0     0.000     0.000
r   282.648     0.010    0     0.000     0.000
r   283.452     0.010    0     0.000     0.000
r   284.240     0.010    0     0.000     0.000
r   285.044     0.010    0     0.000     0.000
r   285.848     0.010    0     0.000     0.000
r   286.652     0.010    0     0.000     0.000
r   287.464     0.010    0     0.000     0.000
r   288.262     0.010    0     0.000     0.000
r   289.065     0.010    0     0.000     0.000
r   289.879     0.010    0     0.000     0.000
r   290.688     0.010    0     0.000     0.000
r   291.669     0.010    0     0.000     0.000
r   292.949     0.010    0     0.000     0.000
r   294.183     0.010    0     0.000     0.000
r   295.428     0.010    0     0.000     0.000
r   296.813     0.010    0     0.000     0.000
r   298.040     0.010    0     0.000     0.000
r   299.728     0.010    0     0.000     0.000
r   300.633     0.010    0     0.000     0.000
r   302.172     0.010    0     0.000     0.000
r   303.598     0.010    0     0.000     0.000
r   304.998     0.010    0     0.000     0.000
r   306.420     0.010    0     0.000     0.000
r   307.815     0.010    0     0.000     0.000
r   309.224     0.010    0     0.000     0.000
r   310.482     0.010    0     0.000     0.000
r   312.043     0.010    0     0.000     0.000
r   313.443     0.010    0     0.000     0.000
r   314.532     0.010    0     0.000     0.000
r   316.241     0.010    0     0.000     0.000
r   317.834     0.010    0     0.000     0.000
r   319.427     0.010    0     0.000     0.000
r   320.523     0.010    0     0.000     0.000
r   322.370     0.010    0     0.000     0.000
r   324.056     0.010    0     0.000     0.000
r   325.287     0.010    0     0.000     0.000
r   327.004     0.010    0     0.000     0.000
r   328.585     0.010    0     0.000     0.000
r   330.124     0.010    0     0.000     0.000
r    69.545     0.010    1     0.000     0.000
r    74.092     0.010    1     0.000     0.000
r    78.224     0.010    1     0.000     0.000
r    83.355     0.010    1     0.000     0.000
r    89.013     0.010    1     0.000     0.000
r    95.453     0.010    1     0.000     0.000
r   104.314     0.010    1     0.000     0.000
r   109.316     0.010    1     0.000     0.000
r   117.027     0.010    1     0.000     0.000
r   124.686     0.010    1     0.000     0.000
r   130.854     0.010    1     0.000     0.000
r   137.740     0.010    1     0.000     0.000
r   142.380     0.010    1     0.000     0.000
r   146.881     0.010    1     0.000     0.000
r   151.156     0.010    1     0.000     0.000
r   310.321     0.010    1     0.000     0.000
r   313.132     0.010    1     0.000     0.000
r   315.316     0.010    1     0.000     0.000
r   317.834     0.010    1     0.000     0.000
r   320.058     0.010    1     0.000     0.000
r   322.056     0.010    1     0.000     0.000
r   324.210     0.010    1     0.000     0.000
r   326.233     0.010    1     0.000     0.000
r   328.108     0.010    1     0.000     0.000
r   331.054     0.010    1     0.000     0.000
r   332.768     0.010    1     0.000     0.000
r   334.905     0.010    1     0.000     0.000
r   336.492     0.010    1     0.000     0.000
r   338.407     0.010    1     0.000     0.000
r   340.145     0.010    1     0.000     0.000
r   341.882     0.010    1     0.000     0.000
r   344.294     0.010    1     0.000     0.000
r   346.203     0.010    1     0.000     0.000
r   347.938     0.010    1     0.000     0.000
r   350.003     0.010    1     0.000     0.000
s   246.787     3.480   89
r   102.917     0.010    0     0.000     0.000
r   106.680     0.010    0     0.000     0.000
r   109.315     0.010    0     0.000     0.000
r   112.440     0.010    0     0.000     0.000
r   116.245     0.010    0     0.000     0.000
r   118.930     0.010    0     0.000     0.000
r   121.345     0.010    0     0.000     0.000
r   124.522     0.010    0     0.000     0.000
r   127.969     0.010    0     0.000     0.000
r   131.018     0.010    0     0.000     0.000
r   134.564     0.010    0     0.000     0.000
r   138.215     0.010    0     0.000     0.000
r   142.866     0.010    0     0.000     0.000
r   150.376     0.010    0     0.000     0.000
r   225.529     0.010    0     0.000     0.000
r   227.006     0.010    0     0.000     0.000
r   228.749     0.010    0     0.000     0.000
r   230.440     0.010    0     0.000     0.000
r   231.851     0.010    0     0.000     0.000
r   233.265     0.010    0     0.000     0.000
r   234.529     0.010    0     0.000     0.000
r   235.379     0.010    0     0.000     0.000
r   236.673     0.010    0     0.000     0.000
r   237.541     0.010    0     0.000     0.000
r   256.122     0.010    0     0.000     0.000
r   256.896     0.010    0     0.000     0.000
r   257.681     0.010    0     0.000     0.000
r   258.479     0.010    0     0.000     0.000
r   259.277     0.010    0     0.000     0.000
r   260.068     0.010    0     0.000     0.000
r   260.863     0.010    0     0.000     0.000
r   261.651     0.010    0     0.000     0.000
r   262.460     0.010    0     0.000     0.000
r   263.272     0.010    0     0.000     0.000
r   264.081     0.010    0     0.000     0.000
r   264.891     0.010    0     0.000     0.000
r   265.713     0.010    0     0.000     0.000
r   266.537     0.010    0     0.000     0.000
r   267.346     0.010    0     0.000     0.000
r   269.275     0.010    0     0.000     0.000
r   271.355     0.010    0     0.000     0.000
r   273.777     0.010    0     0.000     0.000
r   276.226     0.010    0     0.000     0.000
r   278.162     0.010    0     0.000     0.000
r   280.738     0.010    0     0.000     0.000
r   283.602     0.010    0     0.000     0.000
r   285.684     0.010    0     0.000     0.000
r   287.789     0.010    0     0.000     0.000
r   289.717     0.010    0     0.000     0.000
r   292.469     0.010    0     0.000     0.000
r   294.648     0.010    0     0.000     0.000
r   298.040     0.010    0     0.000     0.000
r   300.332     0.010    0     0.000     0.000
r   302.171     0.010    0     0.000     0.000
r   304.844     0.010    0     0.000     0.000
r   307.976     0.010    0     0.000     0.000
r   310.793     0.010    0     0.000     0.000
r   313.292     0.010    0     0.000     0.000
r   316.240     0.010    0     0.000     0.000
r   319.276     0.010    0     0.000     0.000
r   322.671     0.010    0     0.000     0.000
r   325.126     0.010    0     0.000     0.000
r   328.585     0.010    0     0.000     0.000
r   332.604     0.010    0     0.000     0.000
r   336.970     0.010    0     0.000     0.000
r    63.733     0.010    1     0.000     0.000
r    70.798     0.010    1     0.000     0.000
r    76.057     0.010    1     0.000     0.000
r    81.790     0.010    1     0.000     0.000
r    88.071     0.010    1     0.000     0.000
r    93.077     0.010    1     0.000     0.000
r    99.069     0.010    1     0.000     0.000
r   106.368     0.010    1     0.000     0.000
r   112.128     0.010    1     0.000     0.000
r   116.715     0.010    1     0.000     0.000
r   122.472     0.010    1     0.000     0.000
r   128.771     0.010    1     0.000     0.000
r   134.564     0.010    1     0.000     0.000
r   140.615     0.010    1     0.000     0.000
r   316.716     0.010    1     0.000     0.000
r   320.684     0.010    1     0.000     0.000
r   324.975     0.010    1     0.000     0.000
r   328.266     0.010    1     0.000     0.000
r   332.450     0.010    1     0.000     0.000
r   336.492     0.010    1     0.000     0.000
r   340.933     0.010    1     0.000     0.000
r   344.612     0.010    1     0.000     0.000
r   348.091     0.010    1     0.000     0.000
r   350.953     0.010    1     0.000     0.000
s   240.757     3.610  106
r    32.196     0.010    0     0.000     0.000
r    38.357     0.010    0     0.000     0.000
r    45.542     0.010    0     0.000     0.000
r    52.605     0.010    0     0.000     0.000
r    61.021     0.010    0     0.000     0.000
r    68.619     0.010    0     0.000     0.000
r    77.142     0.010    0     0.000     0.000
r    84.762     0.010    0     0.000     0.000
r    91.974     0.010    0     0.000     0.000
r    96.881     0.010    0     0.000     0.000
r   102.462     0.010    0     0.000     0.000
r   110.730     0.010    0     0.000     0.000
r   121.345     0.010    0     0.000     0.000
r   127.969     0.010    0     0.000     0.000
r   133.262     0.010    0     0.000     0.000
r   138.366     0.010    0     0.000     0.000
r   218.903     0.010    0     0.000     0.000
r   220.149     0.010    0     0.000     0.000
r   221.224     0.010    0     0.000     0.000
r   221.928     0.010    0     0.000     0.000
r   222.926     0.010    0     0.000     0.000
r   223.647     0.010    0     0.000     0.000
r   224.367     0.010    0     0.000     0.000
r   225.099     0.010    0     0.000     0.000
r   225.830     0.010    0     0.000     0.000
r   226.565     0.010    0     0.000     0.000
r   227.296     0.010    0     0.000     0.000
r   228.028     0.010    0     0.000     0.000
r   228.168     0.010    0     0.000     0.000
r   228.889     0.010    0     0.000     0.000
r   229.596     0.010    0     0.000     0.000
r   230.300     0.010    0     0.000     0.000
r   230.993     0.010    0     0.000     0.000
r   231.701     0.010    0     0.000     0.000
r   232.408     0.010    0     0.000     0.000
r   233.126     0.010    0     0.000     0.000
r   233.833     0.010    0     0.000     0.000
r   234.529     0.010    0     0.000     0.000
r   247.052     0.010    0     0.000     0.000
r   248.297     0.010    0     0.000     0.000
r   249.547     0.010    0     0.000     0.000
r   250.938     0.010    0     0.000     0.000
r   252.199     0.010    0     0.000     0.000
r   253.009     0.010    0     0.000     0.000
r   253.795     0.010    0     0.000     0.000
r   254.566     0.010    0     0.000     0.000
r   255.348     0.010    0     0.000     0.000
r   256.122     0.010    0     0.000     0.000
r   256.896     0.010    0     0.000     0.000
r   257.680     0.010    0     0.000     0.000
r   258.479     0.010    0     0.000     0.000
r   259.277     0.010    0     0.000     0.000
r   260.068     0.010    0     0.000     0.000
r   260.863     0.010    0     0.000     0.000
r   261.651     0.010    0     0.000     0.000
r   262.460     0.010    0     0.000     0.000
r   263.272     0.010    0     0.000     0.000
r   264.081     0.010    0     0.000     0.000
r   264.891     0.010    0     0.000     0.000
r   265.713     0.010    0     0.000     0.000
r   266.537     0.010    0     0.000     0.000
r   267.346     0.010    0     0.000     0.000
r   268.158     0.010    0     0.000     0.000
r   268.955     0.010    0     0.000     0.000
r   270.558     0.010    0     0.000     0.000
r   272.162     0.010    0     0.000     0.000
r   275.072     0.010    0     0.000     0.000
r   277.528     0.010    0     0.000     0.000
r   279.447     0.010    0     0.000     0.000
r   281.055     0.010    0     0.000     0.000
r   282.812     0.010    0     0.000     0.000
r   284.729     0.010    0     0.000     0.000
r   286.173     0.010    0     0.000     0.000
r   287.625     0.010    0     0.000     0.000
r   289.717     0.010    0     0.000     0.000
r   292.308     0.010    0     0.000     0.000
r   294.648     0.010    0     0.000     0.000
r   297.431     0.010    0     0.000     0.000
r   303.128     0.010    0     0.000     0.000
r   307.815     0.010    0     0.000     0.000
r   312.666     0.010    0     0.000     0.000
r   317.038     0.010    0     0.000     0.000
r   321.300     0.010    0     0.000     0.000
r   324.825     0.010    0     0.000     0.000
r   329.049     0.010    0     0.000     0.000
r   332.768     0.010    0     0.000     0.000
r   335.534     0.010    0     0.000     0.000
r   339.833     0.010    0     0.000     0.000
r   344.294     0.010    0     0.000     0.000
r   348.091     0.010    0     0.000     0.000
r   351.906     0.010    0     0.000     0.000
r    95.939     0.010    1     0.000     0.000
r   103.372     0.010    1     0.000     0.000
r   110.730     0.010    1     0.000     0.000
r   117.658     0.010    1     0.000     0.000
r   124.207     0.010    1     0.000     0.000
r   301.084     0.010    1     0.000     0.000
r   305.632     0.010    1     0.000     0.000
r   308.291     0.010    1     0.000     0.000
r   311.255     0.010    1     0.000     0.000
r   314.220     0.010    1     0.000     0.000
r   317.200     0.010    1     0.000     0.000
r   320.219     0.010    1     0.000     0.000
r   322.520     0.010    1     0.000     0.000
r   325.287     0.010    1     0.000     0.000
r   328.266     0.010    1     0.000     0.000
s   234.665     3.580   78
r    19.441     0.010    0     0.000     0.000
r    29.334     0.010    0     0.000     0.000
r    37.382     0.010    0     0.000     0.000
r    45.857     0.010    0     0.000     0.000
r    57.182     0.010    0     0.000     0.000
r    65.858     0.010    0     0.000     0.000
r    74.543     0.010    0     0.000     0.000
r    82.884     0.010    0     0.000     0.000
r    88.537     0.010    0     0.000     0.000
r    92.915     0.010    0     0.000     0.000
r    96.566     0.010    0     0.000     0.000
r   100.615     0.010    0     0.000     0.000
r   103.372     0.010    0     0.000     0.000
r   106.679     0.010    0     0.000     0.000
r   111.354     0.010    0     0.000     0.000
r   114.309     0.010    0     0.000     0.000
r   117.970     0.010    0     0.000     0.000
r   121.985     0.010    0     0.000     0.000
r   125.162     0.010    0     0.000     0.000
r   128.922     0.010    0     0.000     0.000
r   132.621     0.010    0     0.000     0.000
r   135.842     0.010    0     0.000     0.000
r   139.329     0.010    0     0.000     0.000
r   143.665     0.010    0     0.000     0.000
r   146.566     0.010    0     0.000     0.000
r   243.131     0.010    0     0.000     0.000
r   244.460     0.010    0     0.000     0.000
r   245.825     0.010    0     0.000     0.000
r   247.202     0.010    0     0.000     0.000
r   248.770     0.010    0     0.000     0.000
r   250.316     0.010    0     0.000     0.000
r   252.680     0.010    0     0.000     0.000
r   255.036     0.010    0     0.000     0.000
r   256.584     0.010    0     0.000     0.000
r   257.368     0.010    0     0.000     0.000
r   258.167     0.010    0     0.000     0.000
r   258.965     0.010    0     0.000     0.000
r   259.753     0.010    0     0.000     0.000
r   260.551     0.010    0     0.000     0.000
r   262.624     0.010    0     0.000     0.000
r   264.561     0.010    0     0.000     0.000
r   266.698     0.010    0     0.000     0.000
r   268.319     0.010    0     0.000     0.000
r   270.237     0.010    0     0.000     0.000
r   272.648     0.010    0     0.000     0.000
r   275.411     0.010    0     0.000     0.000
r   278.323     0.010    0     0.000     0.000
r   281.856     0.010    0     0.000     0.000
r   285.369     0.010    0     0.000     0.000
r   288.742     0.010    0     0.000     0.000
r   293.567     0.010    0     0.000     0.000
r   296.812     0.010    0     0.000     0.000
r   300.331     0.010    0     0.000     0.000
r   304.683     0.010    0     0.000     0.000
r   309.073     0.010    0     0.000     0.000
r   312.354     0.010    0     0.000     0.000
r   315.316     0.010    0     0.000     0.000
r   318.481     0.010    0     0.000     0.000
r   321.450     0.010    0     0.000     0.000
r   324.510     0.010    0     0.000     0.000
r   328.107     0.010    0     0.000     0.000
r   332.297     0.010    0     0.000     0.000
r   336.645     0.010    0     0.000     0.000
r   341.718     0.010    0     0.000     0.000
r   347.469     0.010    0     0.000     0.000
r   352.704     0.010    0     0.000     0.000
r   303.909     0.010    1     0.000     0.000
r   305.470     0.010    1     0.000     0.000
r   307.661     0.010    1     0.000     0.000
r   309.697     0.010    1     0.000     0.000
r   312.042     0.010    1     0.000     0.000
r   314.219     0.010    1     0.000     0.000
r   316.877     0.010    1     0.000     0.000
r   319.276     0.010    1     0.000     0.000
r   320.988     0.010    1     0.000     0.000
r   322.985     0.010    1     0.000     0.000
r   325.598     0.010    1     0.000     0.000
r   329.049     0.010    1     0.000     0.000
s   222.699     3.050   72
r    26.017     0.010    0     0.000     0.000
r    35.443     0.010    0     0.000     0.000
r    44.761     0.010    0     0.000     0.000
r    53.369     0.010    0     0.000     0.000
r    62.076     0.010    0     0.000     0.000
r    69.081     0.010    0     0.000     0.000
r    76.526     0.010    0     0.000     0.000
r    82.411     0.010    0     0.000     0.000
r    86.026     0.010    0     0.000     0.000
r    90.563     0.010    0     0.000     0.000
r    94.825     0.010    0     0.000     0.000
r    98.459     0.010    0     0.000     0.000
r   101.994     0.010    0     0.000     0.000
r   104.946     0.010    0     0.000     0.000
r   108.084     0.010    0     0.000     0.000
r   113.050     0.010    0     0.000     0.000
r   118.293     0.010    0     0.000     0.000
r   122.959     0.010    0     0.000     0.000
r   125.948     0.010    0     0.000     0.000
r   128.922     0.010    0     0.000     0.000
r   131.971     0.010    0     0.000     0.000
r   232.698     0.010    0     0.000     0.000
r   235.379     0.010    0     0.000     0.000
r   237.982     0.010    0     0.000     0.000
r   240.744     0.010    0     0.000     0.000
r   242.704     0.010    0     0.000     0.000
r   244.460     0.010    0     0.000     0.000
r   246.583     0.010    0     0.000     0.000
r   249.085     0.010    0     0.000     0.000
r   251.102     0.010    0     0.000     0.000
r   252.845     0.010    0     0.000     0.000
r   254.728     0.010    0     0.000     0.000
r   271.040     0.010    0     0.000     0.000
r   273.616     0.010    0     0.000     0.000
r   275.573     0.010    0     0.000     0.000
r   278.162     0.010    0     0.000     0.000
r   280.891     0.010    0     0.000     0.000
r   282.497     0.010    0     0.000     0.000
r   284.564     0.010    0     0.000     0.000
r   286.488     0.010    0     0.000     0.000
r   287.940     0.010    0     0.000     0.000
r   289.556     0.010    0     0.000     0.000
r   291.829     0.010    0     0.000     0.000
r   295.113     0.010    0     0.000     0.000
r   297.278     0.010    0     0.000     0.000
r   299.575     0.010    0     0.000     0.000
r   301.863     0.010    0     0.000     0.000
r   304.371     0.010    0     0.000     0.000
r   309.073     0.010    0     0.000     0.000
r   312.978     0.010    0     0.000     0.000
r   315.928     0.010    0     0.000     0.000
r   318.632     0.010    0     0.000     0.000
r   327.946     0.010    0     0.000     0.000
r   331.054     0.010    0     0.000     0.000
r   333.675     0.010    0     0.000     0.000
r   336.492     0.010    0     0.000     0.000
r   339.833     0.010    0     0.000     0.000
r   343.654     0.010    0     0.000     0.000
r   227.738     0.010    0     0.000     0.000
r   228.749     0.010    0     0.000     0.000
r   229.596     0.010    0     0.000     0.000
r   230.300     0.010    0     0.000     0.000
r   230.993     0.010    0     0.000     0.000
r   231.700     0.010    0     0.000     0.000
r    57.957     0.010    1     0.000     0.000
r    65.250     0.010    1     0.000     0.000
r    72.358     0.010    1     0.000     0.000
r    78.375     0.010    1     0.000     0.000
r    85.238     0.010    1     0.000     0.000
r    90.259     0.010    1     0.000     0.000
r    98.768     0.010    1     0.000     0.000
r   106.203     0.010    1     0.000     0.000
s   216.692     1.530   51
r   104.152     0.010    0     0.000     0.000
r   109.640     0.010    0     0.000     0.000
r   113.510     0.010    0     0.000     0.000
r   117.027     0.010    0     0.000     0.000
r   122.472     0.010    0     0.000     0.000
r   127.655     0.010    0     0.000     0.000
r   135.366     0.010    0     0.000     0.000
r   140.128     0.010    0     0.000     0.000
r   144.149     0.010    0     0.000     0.000
r   242.273     0.010    0     0.000     0.000
r   242.994     0.010    0     0.000     0.000
r   243.716     0.010    0     0.000     0.000
r   244.460     0.010    0     0.000     0.000
r   245.239     0.010    0     0.000     0.000
r   245.975     0.010    0     0.000     0.000
r   246.734     0.010    0     0.000     0.000
r   247.520     0.010    0     0.000     0.000
r   248.608     0.010    0     0.000     0.000
r   250.316     0.010    0     0.000     0.000
r   252.045     0.010    0     0.000     0.000
r   253.795     0.010    0     0.000     0.000
r   257.680     0.010    0     0.000     0.000
r   259.914     0.010    0     0.000     0.000
r   262.137     0.010    0     0.000     0.000
r   264.733     0.010    0     0.000     0.000
r   267.510     0.010    0     0.000     0.000
r   271.040     0.010    0     0.000     0.000
r   274.747     0.010    0     0.000     0.000
r   277.528     0.010    0     0.000     0.000
r   280.576     0.010    0     0.000     0.000
r   283.126     0.010    0     0.000     0.000
r   285.530     0.010    0     0.000     0.000
r   288.420     0.010    0     0.000     0.000
r   292.469     0.010    0     0.000     0.000
r   297.582     0.010    0     0.000     0.000
r   303.285     0.010    0     0.000     0.000
r   310.159     0.010    0     0.000     0.000
r   224.517     0.010    0     0.000     0.000
r   225.238     0.010    0     0.000     0.000
r   225.972     0.010    0     0.000     0.000
r   280.097     0.010    1     0.000     0.000
r   283.602     0.010    1     0.000     0.000
r   286.652     0.010    1     0.000     0.000
r   290.039     0.010    1     0.000     0.000
r   292.948     0.010    1     0.000     0.000
r   296.498     0.010    1     0.000     0.000
r   299.728     0.010    1     0.000     0.000
r   303.597     0.010    1     0.000     0.000
r   307.814     0.010    1     0.000     0.000
r   312.505     0.010    1     0.000     0.000
r   315.627     0.010    1     0.000     0.000
s   212.751     0.500   96
r    89.794     0.010    0     0.000     0.000
r    94.664     0.010    0     0.000     0.000
r    98.298     0.010    0     0.000     0.000
r   103.068     0.010    0     0.000     0.000
r   109.792     0.010    0     0.000     0.000
r   113.051     0.010    0     0.000     0.000
r   115.765     0.010    0     0.000     0.000
r   119.407     0.010    0     0.000     0.000
r   122.148     0.010    0     0.000     0.000
r   124.687     0.010    0     0.000     0.000
r   127.655     0.010    0     0.000     0.000
r   130.693     0.010    0     0.000     0.000
r   132.458     0.010    0     0.000     0.000
r   134.240     0.010    0     0.000     0.000
r   135.044     0.010    0     0.000     0.000
r   135.843     0.010    0     0.000     0.000
r   136.634     0.010    0     0.000     0.000
r   137.425     0.010    0     0.000     0.000
r   138.528     0.010    0     0.000     0.000
r   139.330     0.010    0     0.000     0.000
r   140.129     0.010    0     0.000     0.000
r   140.930     0.010    0     0.000     0.000
r   141.740     0.010    0     0.000     0.000
r   142.541     0.010    0     0.000     0.000
r   143.340     0.010    0     0.000     0.000
r   144.149     0.010    0     0.000     0.000
r   144.948     0.010    0     0.000     0.000
r   145.758     0.010    0     0.000     0.000
r   146.567     0.010    0     0.000     0.000
r   147.355     0.010    0     0.000     0.000
r   148.154     0.010    0     0.000     0.000
r   148.955     0.010    0     0.000     0.000
r   149.746     0.010    0     0.000     0.000
r   150.537     0.010    0     0.000     0.000
r   151.310     0.010    0     0.000     0.000
r   152.093     0.010    0     0.000     0.000
r   152.872     0.010    0     0.000     0.000
r   153.634     0.010    0     0.000     0.000
r   154.388     0.010    0     0.000     0.000
r   155.156     0.010    0     0.000     0.000
r   155.928     0.010    0     0.000     0.000
r   156.695     0.010    0     0.000     0.000
r   234.112     0.010    0     0.000     0.000
r   237.832     0.010    0     0.000     0.000
r   240.295     0.010    0     0.000     0.000
r   242.994     0.010    0     0.000     0.000
r   249.085     0.010    0     0.000     0.000
r   254.096     0.010    0     0.000     0.000
r   216.995     0.010    0     0.000     0.000
r   217.693     0.010    0     0.000     0.000
r   218.456     0.010    0     0.000     0.000
r   219.185     0.010    0     0.000     0.000
r   219.871     0.010    0     0.000     0.000
r   220.554     0.010    0     0.000     0.000
r   221.223     0.010    0     0.000     0.000
r   221.928     0.010    0     0.000     0.000
r   222.635     0.010    0     0.000     0.000
r   223.356     0.010    0     0.000     0.000
r   224.076     0.010    0     0.000     0.000
r   224.808     0.010    0     0.000     0.000
r   225.529     0.010    0     0.000     0.000
r   226.274     0.010    0     0.000     0.000
r   227.005     0.010    0     0.000     0.000
r   227.737     0.010    0     0.000     0.000
r   228.461     0.010    0     0.000     0.000
r   229.179     0.010    0     0.000     0.000
r   229.883     0.010    0     0.000     0.000
r   230.576     0.010    0     0.000     0.000
r   231.283     0.010    0     0.000     0.000
r   231.988     0.010    0     0.000     0.000
r    35.444     0.010    1     0.000     0.000
r    40.305     0.010    1     0.000     0.000
r    43.973     0.010    1     0.000     0.000
r    47.114     0.010    1     0.000     0.000
r    50.260     0.010    1     0.000     0.000
r    52.605     0.010    1     0.000     0.000
r    55.652     0.010    1     0.000     0.000
r    57.495     0.010    1     0.000     0.000
r    61.172     0.010    1     0.000     0.000
r    65.251     0.010    1     0.000     0.000
r    68.770     0.010    1     0.000     0.000
r    72.512     0.010    1     0.000     0.000
r    75.753     0.010    1     0.000     0.000
r    79.157     0.010    1     0.000     0.000
r    82.411     0.010    1     0.000     0.000
r    84.923     0.010    1     0.000     0.000
r    86.968     0.010    1     0.000     0.000
r    89.013     0.010    1     0.000     0.000
r    90.260     0.010    1     0.000     0.000
r    91.029     0.010    1     0.000     0.000
r    91.821     0.010    1     0.000     0.000
r    92.604     0.010    1     0.000     0.000
r    93.400     0.010    1     0.000     0.000
r    94.188     0.010    1     0.000     0.000
r    94.979     0.010    1     0.000     0.000
r    95.778     0.010    1     0.000     0.000
s   162.784     1.140   87
r   101.232     0.010    0     0.000     0.000
r   103.372     0.010    0     0.000     0.000
r   105.727     0.010    0     0.000     0.000
r   108.543     0.010    0     0.000     0.000
r   111.354     0.010    0     0.000     0.000
r   114.309     0.010    0     0.000     0.000
r   116.876     0.010    0     0.000     0.000
r   120.213     0.010    0     0.000     0.000
r   122.798     0.010    0     0.000     0.000
r   123.583     0.010    0     0.000     0.000
r   124.368     0.010    0     0.000     0.000
r   125.162     0.010    0     0.000     0.000
r   125.947     0.010    0     0.000     0.000
r   126.722     0.010    0     0.000     0.000
r   127.493     0.010    0     0.000     0.000
r   128.281     0.010    0     0.000     0.000
r   129.086     0.010    0     0.000     0.000
r   129.888     0.010    0     0.000     0.000
r   130.693     0.010    0     0.000     0.000
r   131.491     0.010    0     0.000     0.000
r   132.296     0.010    0     0.000     0.000
r   133.101     0.010    0     0.000     0.000
r   133.913     0.010    0     0.000     0.000
r   134.725     0.010    0     0.000     0.000
r   135.530     0.010    0     0.000     0.000
r   136.307     0.010    0     0.000     0.000
r   137.098     0.010    0     0.000     0.000
r   137.900     0.010    0     0.000     0.000
r   138.688     0.010    0     0.000     0.000
r   139.490     0.010    0     0.000     0.000
r   140.291     0.010    0     0.000     0.000
r   141.090     0.010    0     0.000     0.000
r   141.900     0.010    0     0.000     0.000
r   142.701     0.010    0     0.000     0.000
r   143.503     0.010    0     0.000     0.000
r   144.309     0.010    0     0.000     0.000
r   145.111     0.010    0     0.000     0.000
r   145.917     0.010    0     0.000     0.000
r   146.716     0.010    0     0.000     0.000
r   147.679     0.010    0     0.000     0.000
r   148.478     0.010    0     0.000     0.000
r   149.266     0.010    0     0.000     0.000
r   150.059     0.010    0     0.000     0.000
r   150.850     0.010    0     0.000     0.000
r   151.622     0.010    0     0.000     0.000
r   152.397     0.010    0     0.000     0.000
r   153.172     0.010    0     0.000     0.000
r   153.932     0.010    0     0.000     0.000
r   154.687     0.010    0     0.000     0.000
r   155.452     0.010    0     0.000     0.000
r   156.369     0.010    0     0.000     0.000
r   157.127     0.010    0     0.000     0.000
r   215.921     0.010    0     0.000     0.000
r   216.357     0.010    0     0.000     0.000
r   216.976     0.010    0     0.000     0.000
r   217.691     0.010    0     0.000     0.000
r   218.455     0.010    0     0.000     0.000
r   219.185     0.010    0     0.000     0.000
r   220.148     0.010    0     0.000     0.000
r   220.820     0.010    0     0.000     0.000
r   221.500     0.010    0     0.000     0.000
r   222.204     0.010    0     0.000     0.000
r   222.925     0.010    0     0.000     0.000
r   223.646     0.010    0     0.000     0.000
r   224.366     0.010    0     0.000     0.000
r   225.098     0.010    0     0.000     0.000
r   225.829     0.010    0     0.000     0.000
r   226.564     0.010    0     0.000     0.000
r   227.295     0.010    0     0.000     0.000
r   228.027     0.010    0     0.000     0.000
r   228.748     0.010    0     0.000     0.000
r   229.458     0.010    0     0.000     0.000
r   230.159     0.010    0     0.000     0.000
r   230.856     0.010    0     0.000     0.000
r   231.700     0.010    0     0.000     0.000
r   232.407     0.010    0     0.000     0.000
r   233.125     0.010    0     0.000     0.000
r   233.832     0.010    0     0.000     0.000
r   234.948     0.010    0     0.000     0.000
r   236.239     0.010    0     0.000     0.000
r   237.691     0.010    0     0.000     0.000
r   238.885     0.010    0     0.000     0.000
r     4.056     0.010    1     0.000     0.000
r     9.751     0.010    1     0.000     0.000
r    16.248     0.010    1     0.000     0.000
r    23.820     0.010    1     0.000     0.000
r    30.130     0.010    1     0.000     0.000
s   156.702     1.950   43
r   103.523     0.010    0     0.000     0.000
r   106.831     0.010    0     0.000     0.000
r   111.354     0.010    0     0.000     0.000
r   114.309     0.010    0     0.000     0.000
r   118.132     0.010    0     0.000     0.000
r   120.052     0.010    0     0.000     0.000
r   123.422     0.010    0     0.000     0.000
r   124.369     0.010    0     0.000     0.000
r   125.163     0.010    0     0.000     0.000
r   125.948     0.010    0     0.000     0.000
r   126.722     0.010    0     0.000     0.000
r   127.494     0.010    0     0.000     0.000
r   128.282     0.010    0     0.000     0.000
r   129.087     0.010    0     0.000     0.000
r   129.888     0.010    0     0.000     0.000
r   130.693     0.010    0     0.000     0.000
r   132.132     0.010    0     0.000     0.000
r   133.263     0.010    0     0.000     0.000
r   134.078     0.010    0     0.000     0.000
r   134.890     0.010    0     0.000     0.000
r   135.681     0.010    0     0.000     0.000
r   136.472     0.010    0     0.000     0.000
r   137.263     0.010    0     0.000     0.000
r   138.052     0.010    0     0.000     0.000
r   138.853     0.010    0     0.000     0.000
r   141.252     0.010    0     0.000     0.000
r   143.988     0.010    0     0.000     0.000
r   146.244     0.010    0     0.000     0.000
r   148.003     0.010    0     0.000     0.000
r   149.582     0.010    0     0.000     0.000
r   217.999     0.010    0     0.000     0.000
r   219.731     0.010    0     0.000     0.000
r   221.223     0.010    0     0.000     0.000
r   222.774     0.010    0     0.000     0.000
r   224.076     0.010    0     0.000     0.000
r   225.679     0.010    0     0.000     0.000
r   227.737     0.010    0     0.000     0.000
r   229.458     0.010    0     0.000     0.000
r   231.423     0.010    0     0.000     0.000
r   233.692     0.010    0     0.000     0.000
r   235.809     0.010    0     0.000     0.000
r   237.982     0.010    0     0.000     0.000
r   239.969     0.010    0     0.000     0.000
s   150.731     2.860   73
r    13.027     0.010    0     0.000     0.000
r    16.738     0.010    0     0.000     0.000
r    20.377     0.010    0     0.000     0.000
r    24.290     0.010    0     0.000     0.000
r    28.217     0.010    0     0.000     0.000
r    33.643     0.010    0     0.000     0.000
r   104.629     0.010    0     0.000     0.000
r   106.680     0.010    0     0.000     0.000
r   108.544     0.010    0     0.000     0.000
r   110.418     0.010    0     0.000     0.000
r   112.129     0.010    0     0.000     0.000
r   113.833     0.010    0     0.000     0.000
r   115.441     0.010    0     0.000     0.000
r   117.027     0.010    0     0.000     0.000
r   118.443     0.010    0     0.000     0.000
r   119.729     0.010    0     0.000     0.000
r   121.022     0.010    0     0.000     0.000
r   121.832     0.010    0     0.000     0.000
r   122.633     0.010    0     0.000     0.000
r   123.422     0.010    0     0.000     0.000
r   124.207     0.010    0     0.000     0.000
r   124.998     0.010    0     0.000     0.000
r   125.786     0.010    0     0.000     0.000
r   126.560     0.010    0     0.000     0.000
r   127.342     0.010    0     0.000     0.000
r   128.120     0.010    0     0.000     0.000
r   128.921     0.010    0     0.000     0.000
r   129.737     0.010    0     0.000     0.000
r   130.528     0.010    0     0.000     0.000
r   131.330     0.010    0     0.000     0.000
r   132.132     0.010    0     0.000     0.000
r   132.947     0.010    0     0.000     0.000
r   133.752     0.010    0     0.000     0.000
r   134.564     0.010    0     0.000     0.000
r   135.366     0.010    0     0.000     0.000
r   136.157     0.010    0     0.000     0.000
r   136.948     0.010    0     0.000     0.000
r   137.739     0.010    0     0.000     0.000
r   138.527     0.010    0     0.000     0.000
r   139.329     0.010    0     0.000     0.000
r   140.128     0.010    0     0.000     0.000
r   140.930     0.010    0     0.000     0.000
r   142.379     0.010    0     0.000     0.000
r   143.178     0.010    0     0.000     0.000
r   143.987     0.010    0     0.000     0.000
r   218.902     0.010    0     0.000     0.000
r   221.096     0.010    0     0.000     0.000
r   222.925     0.010    0     0.000     0.000
r   225.238     0.010    0     0.000     0.000
r   227.586     0.010    0     0.000     0.000
r   230.575     0.010    0     0.000     0.000
r   234.388     0.010    0     0.000     0.000
r   250.162     0.010    0     0.000     0.000
r   254.878     0.010    0     0.000     0.000
r   154.246     0.010    0     0.000     0.000
r   155.466     0.010    0     0.000     0.000
r   253.173     0.010    1     0.000     0.000
r   255.971     0.010    1     0.000     0.000
r   258.328     0.010    1     0.000     0.000
r   259.753     0.010    1     0.000     0.000
r   261.490     0.010    1     0.000     0.000
r   265.383     0.010    1     0.000     0.000
r   268.637     0.010    1     0.000     0.000
r   270.394     0.010    1     0.000     0.000
r   273.293     0.010    1     0.000     0.000
r   276.226     0.010    1     0.000     0.000
r   278.974     0.010    1     0.000     0.000
r   282.021     0.010    1     0.000     0.000
r   285.530     0.010    1     0.000     0.000
r   288.262     0.010    1     0.000     0.000
r   291.343     0.010    1     0.000     0.000
r   296.194     0.010    1     0.000     0.000
r   303.128     0.010    1     0.000     0.000
s   144.754     2.970   97
r    15.271     0.010    0     0.000     0.000
r    18.656     0.010    0     0.000     0.000
r    23.343     0.010    0     0.000     0.000
r    27.117     0.010    0     0.000     0.000
r    31.237     0.010    0     0.000     0.000
r    33.807     0.010    0     0.000     0.000
r    36.906     0.010    0     0.000     0.000
r    56.107     0.010    0     0.000     0.000
r    59.482     0.010    0     0.000     0.000
r    63.286     0.010    0     0.000     0.000
r    66.167     0.010    0     0.000     0.000
r    68.770     0.010    0     0.000     0.000
r    72.043     0.010    0     0.000     0.000
r    75.143     0.010    0     0.000     0.000
r    78.848     0.010    0     0.000     0.000
r    81.940     0.010    0     0.000     0.000
r    84.286     0.010    0     0.000     0.000
r   101.843     0.010    0     0.000     0.000
r   102.613     0.010    0     0.000     0.000
r   103.372     0.010    0     0.000     0.000
r   104.152     0.010    0     0.000     0.000
r   104.946     0.010    0     0.000     0.000
r   105.727     0.010    0     0.000     0.000
r   106.518     0.010    0     0.000     0.000
r   107.295     0.010    0     0.000     0.000
r   108.084     0.010    0     0.000     0.000
r   108.855     0.010    0     0.000     0.000
r   109.640     0.010    0     0.000     0.000
r   110.418     0.010    0     0.000     0.000
r   111.192     0.010    0     0.000     0.000
r   111.978     0.010    0     0.000     0.000
r   112.749     0.010    0     0.000     0.000
r   113.510     0.010    0     0.000     0.000
r   114.309     0.010    0     0.000     0.000
r   115.118     0.010    0     0.000     0.000
r   115.925     0.010    0     0.000     0.000
r   116.715     0.010    0     0.000     0.000
r   117.497     0.010    0     0.000     0.000
r   118.293     0.010    0     0.000     0.000
r   119.081     0.010    0     0.000     0.000
r   119.890     0.010    0     0.000     0.000
r   120.697     0.010    0     0.000     0.000
r   121.509     0.010    0     0.000     0.000
r   122.311     0.010    0     0.000     0.000
r   123.110     0.010    0     0.000     0.000
r   123.895     0.010    0     0.000     0.000
r   124.686     0.010    0     0.000     0.000
r   125.474     0.010    0     0.000     0.000
r   126.249     0.010    0     0.000     0.000
r   127.031     0.010    0     0.000     0.000
r   127.805     0.010    0     0.000     0.000
r   128.607     0.010    0     0.000     0.000
r   129.412     0.010    0     0.000     0.000
r   130.214     0.010    0     0.000     0.000
r   131.018     0.010    0     0.000     0.000
r   131.806     0.010    0     0.000     0.000
r   132.622     0.010    0     0.000     0.000
r   133.426     0.010    0     0.000     0.000
r   134.239     0.010    0     0.000     0.000
r   135.043     0.010    0     0.000     0.000
r   135.842     0.010    0     0.000     0.000
r   154.545     0.010    0     0.000     0.000
r   155.314     0.010    0     0.000     0.000
r   156.087     0.010    0     0.000     0.000
r   157.004     0.010    0     0.000     0.000
r   157.751     0.010    0     0.000     0.000
r   158.628     0.010    0     0.000     0.000
r   159.583     0.010    0     0.000     0.000
r   268.158     0.010    0     0.000     0.000
r   274.911     0.010    0     0.000     0.000
r   280.098     0.010    0     0.000     0.000
r   288.262     0.010    0     0.000     0.000
r   294.497     0.010    0     0.000     0.000
r    50.575     0.010    1     0.000     0.000
r    52.906     0.010    1     0.000     0.000
r    55.652     0.010    1     0.000     0.000
r    58.718     0.010    1     0.000     0.000
r    61.619     0.010    1     0.000     0.000
r    64.636     0.010    1     0.000     0.000
r    68.461     0.010    1     0.000     0.000
r    71.893     0.010    1     0.000     0.000
r    74.393     0.010    1     0.000     0.000
r    76.677     0.010    1     0.000     0.000
r    79.318     0.010    1     0.000     0.000
r    81.478     0.010    1     0.000     0.000
r    83.984     0.010    1     0.000     0.000
r    85.865     0.010    1     0.000     0.000
r   242.119     0.010    1     0.000     0.000
r   245.239     0.010    1     0.000     0.000
r   248.458     0.010    1     0.000     0.000
r   251.574     0.010    1     0.000     0.000
r   255.187     0.010    1     0.000     0.000
r   258.479     0.010    1     0.000     0.000
r   263.272     0.010    1     0.000     0.000
r   268.158     0.010    1     0.000     0.000
r   271.683     0.010    1     0.000     0.000
r   276.226     0.010    1     0.000     0.000
s   138.753     3.070  145
r    11.208     0.010    0     0.000     0.000
r    14.945     0.010    0     0.000     0.000
r    19.129     0.010    0     0.000     0.000
r    22.251     0.010    0     0.000     0.000
r    26.328     0.010    0     0.000     0.000
r    29.019     0.010    0     0.000     0.000
r    32.844     0.010    0     0.000     0.000
r    35.766     0.010    0     0.000     0.000
r    38.192     0.010    0     0.000     0.000
r    41.287     0.010    0     0.000     0.000
r    44.449     0.010    0     0.000     0.000
r    47.114     0.010    0     0.000     0.000
r    49.471     0.010    0     0.000     0.000
r    52.906     0.010    0     0.000     0.000
r    57.495     0.010    0     0.000     0.000
r    60.717     0.010    0     0.000     0.000
r    63.440     0.010    0     0.000     0.000
r    66.009     0.010    0     0.000     0.000
r    69.082     0.010    0     0.000     0.000
r    71.110     0.010    0     0.000     0.000
r    73.769     0.010    0     0.000     0.000
r    76.830     0.010    0     0.000     0.000
r    79.932     0.010    0     0.000     0.000
r    84.135     0.010    0     0.000     0.000
r    87.756     0.010    0     0.000     0.000
r    91.029     0.010    0     0.000     0.000
r    94.826     0.010    0     0.000     0.000
r    95.617     0.010    0     0.000     0.000
r    96.416     0.010    0     0.000     0.000
r    97.204     0.010    0     0.000     0.000
r    97.989     0.010    0     0.000     0.000
r    98.768     0.010    0     0.000     0.000
r    99.540     0.010    0     0.000     0.000
r   100.314     0.010    0     0.000     0.000
r   101.081     0.010    0     0.000     0.000
r   101.843     0.010    0     0.000     0.000
r   102.613     0.010    0     0.000     0.000
r   103.372     0.010    0     0.000     0.000
r   104.153     0.010    0     0.000     0.000
r   104.947     0.010    0     0.000     0.000
r   105.727     0.010    0     0.000     0.000
r   106.518     0.010    0     0.000     0.000
r   107.296     0.010    0     0.000     0.000
r   108.084     0.010    0     0.000     0.000
r   108.856     0.010    0     0.000     0.000
r   109.641     0.010    0     0.000     0.000
r   110.418     0.010    0     0.000     0.000
r   111.193     0.010    0     0.000     0.000
r   111.978     0.010    0     0.000     0.000
r   112.749     0.010    0     0.000     0.000
r   113.510     0.010    0     0.000     0.000
r   114.309     0.010    0     0.000     0.000
r   115.119     0.010    0     0.000     0.000
r   115.925     0.010    0     0.000     0.000
r   116.715     0.010    0     0.000     0.000
r   117.497     0.010    0     0.000     0.000
r   118.293     0.010    0     0.000     0.000
r   119.081     0.010    0     0.000     0.000
r   119.890     0.010    0     0.000     0.000
r   120.697     0.010    0     0.000     0.000
r   121.509     0.010    0     0.000     0.000
r   122.311     0.010    0     0.000     0.000
r   123.110     0.010    0     0.000     0.000
r   123.895     0.010    0     0.000     0.000
r   124.686     0.010    0     0.000     0.000
r   125.474     0.010    0     0.000     0.000
r   126.248     0.010    0     0.000     0.000
r   127.030     0.010    0     0.000     0.000
r   127.804     0.010    0     0.000     0.000
r   128.606     0.010    0     0.000     0.000
r   129.411     0.010    0     0.000     0.000
r   130.528     0.010    0     0.000     0.000
r   144.785     0.010    0     0.000     0.000
r   145.595     0.010    0     0.000     0.000
r   146.404     0.010    0     0.000     0.000
r   147.203     0.010    0     0.000     0.000
r   148.002     0.010    0     0.000     0.000
r   148.793     0.010    0     0.000     0.000
r   149.581     0.010    0     0.000     0.000
r   150.375     0.010    0     0.000     0.000
r   151.155     0.010    0     0.000     0.000
r   151.931     0.010    0     0.000     0.000
r   152.717     0.010    0     0.000     0.000
r   153.479     0.010    0     0.000     0.000
r   154.244     0.010    0     0.000     0.000
r   155.002     0.010    0     0.000     0.000
r   155.767     0.010    0     0.000     0.000
r   156.545     0.010    0     0.000     0.000
r   157.300     0.010    0     0.000     0.000
r   158.039     0.010    0     0.000     0.000
r   158.897     0.010    0     0.000     0.000
r   159.684     0.010    0     0.000     0.000
r   160.533     0.010    0     0.000     0.000
r   218.455     0.010    0     0.000     0.000
r   220.820     0.010    0     0.000     0.000
r   223.064     0.010    0     0.000     0.000
r   224.807     0.010    0     0.000     0.000
r   227.005     0.010    0     0.000     0.000
r   229.027     0.010    0     0.000     0.000
r   231.987     0.010    0     0.000     0.000
r   235.098     0.010    0     0.000     0.000
r   238.885     0.010    0     0.000     0.000
r   258.965     0.010    0     0.000     0.000
r   263.745     0.010    0     0.000     0.000
r   270.712     0.010    0     0.000     0.000
r   276.226     0.010    0     0.000     0.000
r   280.891     0.010    0     0.000     0.000
r   286.488     0.010    0     0.000     0.000
r   293.718     0.010    0     0.000     0.000
r   298.357     0.010    0     0.000     0.000
r   302.816     0.010    0     0.000     0.000
r     3.393     0.010    1     0.000     0.000
r     6.340     0.010    1     0.000     0.000
r     9.429     0.010    1     0.000     0.000
r    12.378     0.010    1     0.000     0.000
r    14.783     0.010    1     0.000     0.000
r    17.235     0.010    1     0.000     0.000
r    20.216     0.010    1     0.000     0.000
r    23.193     0.010    1     0.000     0.000
r    26.794     0.010    1     0.000     0.000
r    31.075     0.010    1     0.000     0.000
r    34.943     0.010    1     0.000     0.000
r    39.170     0.010    1     0.000     0.000
r    51.357     0.010    1     0.000     0.000
r    54.734     0.010    1     0.000     0.000
r    57.344     0.010    1     0.000     0.000
r    60.257     0.010    1     0.000     0.000
r    63.734     0.010    1     0.000     0.000
r    66.621     0.010    1     0.000     0.000
r    69.394     0.010    1     0.000     0.000
r    72.207     0.010    1     0.000     0.000
r    76.372     0.010    1     0.000     0.000
r    80.703     0.010    1     0.000     0.000
r   234.808     0.010    1     0.000     0.000
r   241.507     0.010    1     0.000     0.000
r   246.269     0.010    1     0.000     0.000
r   250.470     0.010    1     0.000     0.000
r   255.186     0.010    1     0.000     0.000
r   258.640     0.010    1     0.000     0.000
r   264.561     0.010    1     0.000     0.000
r   268.473     0.010    1     0.000     0.000
r   272.810     0.010    1     0.000     0.000
r   277.679     0.010    1     0.000     0.000
r   281.217     0.010    1     0.000     0.000
r   284.890     0.010    1     0.000     0.000
s   132.785     2.760  115
r    66.782     0.010    0     0.000     0.000
r    69.545     0.010    0     0.000     0.000
r    72.043     0.010    0     0.000     0.000
r    74.992     0.010    0     0.000     0.000
r    78.074     0.010    0     0.000     0.000
r    81.166     0.010    0     0.000     0.000
r    85.074     0.010    0     0.000     0.000
r    87.757     0.010    0     0.000     0.000
r    90.410     0.010    0     0.000     0.000
r    92.916     0.010    0     0.000     0.000
r    95.140     0.010    0     0.000     0.000
r    98.459     0.010    0     0.000     0.000
r   102.298     0.010    0     0.000     0.000
r   106.367     0.010    0     0.000     0.000
r   109.791     0.010    0     0.000     0.000
r   112.749     0.010    0     0.000     0.000
r   115.118     0.010    0     0.000     0.000
r   115.925     0.010    0     0.000     0.000
r   116.715     0.010    0     0.000     0.000
r   117.497     0.010    0     0.000     0.000
r   118.293     0.010    0     0.000     0.000
r   119.081     0.010    0     0.000     0.000
r   119.890     0.010    0     0.000     0.000
r   120.697     0.010    0     0.000     0.000
r   121.509     0.010    0     0.000     0.000
r   122.311     0.010    0     0.000     0.000
r   123.271     0.010    0     0.000     0.000
r   124.046     0.010    0     0.000     0.000
r   124.837     0.010    0     0.000     0.000
r   125.635     0.010    0     0.000     0.000
r   126.410     0.010    0     0.000     0.000
r   139.492     0.010    0     0.000     0.000
r   140.294     0.010    0     0.000     0.000
r   141.092     0.010    0     0.000     0.000
r   141.901     0.010    0     0.000     0.000
r   142.703     0.010    0     0.000     0.000
r   143.505     0.010    0     0.000     0.000
r   144.311     0.010    0     0.000     0.000
r   145.113     0.010    0     0.000     0.000
r   145.919     0.010    0     0.000     0.000
r   146.717     0.010    0     0.000     0.000
r   147.516     0.010    0     0.000     0.000
r   148.318     0.010    0     0.000     0.000
r   149.116     0.010    0     0.000     0.000
r   149.907     0.010    0     0.000     0.000
r   150.691     0.010    0     0.000     0.000
r   151.471     0.010    0     0.000     0.000
r   152.247     0.010    0     0.000     0.000
r   153.023     0.010    0     0.000     0.000
r   153.789     0.010    0     0.000     0.000
r   154.544     0.010    0     0.000     0.000
r   155.312     0.010    0     0.000     0.000
r   156.085     0.010    0     0.000     0.000
r   156.849     0.010    0     0.000     0.000
r   157.598     0.010    0     0.000     0.000
r   158.339     0.010    0     0.000     0.000
r   159.041     0.010    0     0.000     0.000
r   275.902     0.010    0     0.000     0.000
r   279.612     0.010    0     0.000     0.000
r   282.973     0.010    0     0.000     0.000
r   286.814     0.010    0     0.000     0.000
r   290.527     0.010    0     0.000     0.000
r   293.414     0.010    0     0.000     0.000
r   298.194     0.010    0     0.000     0.000
r     4.379     0.010    1     0.000     0.000
r     5.205     0.010    1     0.000     0.000
r     6.029     0.010    1     0.000     0.000
r     6.825     0.010    1     0.000     0.000
r     7.629     0.010    1     0.000     0.000
r     8.441     0.010    1     0.000     0.000
r     9.268     0.010    1     0.000     0.000
r    10.075     0.010    1     0.000     0.000
r    11.044     0.010    1     0.000     0.000
r    12.042     0.010    1     0.000     0.000
r    12.866     0.010    1     0.000     0.000
r    13.656     0.010    1     0.000     0.000
r    14.458     0.010    1     0.000     0.000
r    15.271     0.010    1     0.000     0.000
r    16.087     0.010    1     0.000     0.000
r    16.910     0.010    1     0.000     0.000
r    17.709     0.010    1     0.000     0.000
r    18.502     0.010    1     0.000     0.000
r    19.291     0.010    1     0.000     0.000
r    20.065     0.010    1     0.000     0.000
r    20.843     0.010    1     0.000     0.000
r    21.635     0.010    1     0.000     0.000
r    22.402     0.010    1     0.000     0.000
r    23.193     0.010    1     0.000     0.000
r    23.981     0.010    1     0.000     0.000
r    24.761     0.010    1     0.000     0.000
r    25.543     0.010    1     0.000     0.000
r    26.329     0.010    1     0.000     0.000
r    27.117     0.010    1     0.000     0.000
r    27.906     0.010    1     0.000     0.000
r    51.357     0.010    1     0.000     0.000
r    52.293     0.010    1     0.000     0.000
r    53.219     0.010    1     0.000     0.000
r    53.975     0.010    1     0.000     0.000
r    54.734     0.010    1     0.000     0.000
r    55.501     0.010    1     0.000     0.000
r    56.261     0.010    1     0.000     0.000
r    57.032     0.010    1     0.000     0.000
r    57.807     0.010    1     0.000     0.000
r    58.719     0.010    1     0.000     0.000
r    59.483     0.010    1     0.000     0.000
r    60.257     0.010    1     0.000     0.000
r    61.021     0.010    1     0.000     0.000
r    61.773     0.010    1     0.000     0.000
r    62.532     0.010    1     0.000     0.000
r    63.440     0.010    1     0.000     0.000
r    64.181     0.010    1     0.000     0.000
r    65.251     0.010    1     0.000     0.000
r   261.977     0.010    1     0.000     0.000
r   271.041     0.010    1     0.000     0.000
r   281.056     0.010    1     0.000     0.000
s   126.796     2.690  118
r     7.790     0.010    0     0.000     0.000
r    11.881     0.010    0     0.000     0.000
r    25.543     0.010    0     0.000     0.000
r    28.544     0.010    0     0.000     0.000
r    31.388     0.010    0     0.000     0.000
r    33.808     0.010    0     0.000     0.000
r    36.584     0.010    0     0.000     0.000
r    61.021     0.010    0     0.000     0.000
r    62.990     0.010    0     0.000     0.000
r    65.708     0.010    0     0.000     0.000
r    68.149     0.010    0     0.000     0.000
r    70.799     0.010    0     0.000     0.000
r    72.827     0.010    0     0.000     0.000
r    76.058     0.010    0     0.000     0.000
r    79.158     0.010    0     0.000     0.000
r    80.233     0.010    0     0.000     0.000
r    82.261     0.010    0     0.000     0.000
r    84.762     0.010    0     0.000     0.000
r    87.284     0.010    0     0.000     0.000
r    89.945     0.010    0     0.000     0.000
r    93.239     0.010    0     0.000     0.000
r    96.252     0.010    0     0.000     0.000
r    99.070     0.010    0     0.000     0.000
r   102.918     0.010    0     0.000     0.000
r   106.043     0.010    0     0.000     0.000
r   110.104     0.010    0     0.000     0.000
r   112.750     0.010    0     0.000     0.000
r   114.310     0.010    0     0.000     0.000
r   115.603     0.010    0     0.000     0.000
r   116.877     0.010    0     0.000     0.000
r   118.132     0.010    0     0.000     0.000
r   120.052     0.010    0     0.000     0.000
r   133.262     0.010    0     0.000     0.000
r   134.077     0.010    0     0.000     0.000
r   134.890     0.010    0     0.000     0.000
r   135.681     0.010    0     0.000     0.000
r   136.472     0.010    0     0.000     0.000
r   137.263     0.010    0     0.000     0.000
r   138.051     0.010    0     0.000     0.000
r   138.853     0.010    0     0.000     0.000
r   139.654     0.010    0     0.000     0.000
r   140.453     0.010    0     0.000     0.000
r   141.252     0.010    0     0.000     0.000
r   142.064     0.010    0     0.000     0.000
r   142.866     0.010    0     0.000     0.000
r   143.664     0.010    0     0.000     0.000
r   144.474     0.010    0     0.000     0.000
r   145.273     0.010    0     0.000     0.000
r   146.082     0.010    0     0.000     0.000
r   146.881     0.010    0     0.000     0.000
r   147.679     0.010    0     0.000     0.000
r   148.478     0.010    0     0.000     0.000
r   149.266     0.010    0     0.000     0.000
r   150.060     0.010    0     0.000     0.000
r   150.851     0.010    0     0.000     0.000
r   151.624     0.010    0     0.000     0.000
r   152.399     0.010    0     0.000     0.000
r   153.175     0.010    0     0.000     0.000
r   153.937     0.010    0     0.000     0.000
r   154.695     0.010    0     0.000     0.000
r   155.463     0.010    0     0.000     0.000
r   156.233     0.010    0     0.000     0.000
r   157.000     0.010    0     0.000     0.000
r   157.744     0.010    0     0.000     0.000
r   158.467     0.010    0     0.000     0.000
r   159.159     0.010    0     0.000     0.000
r   159.785     0.010    0     0.000     0.000
r   270.238     0.010    0     0.000     0.000
r   272.971     0.010    0     0.000     0.000
r    12.379     0.010    1     0.000     0.000
r    15.271     0.010    1     0.000     0.000
r    18.656     0.010    1     0.000     0.000
r    21.635     0.010    1     0.000     0.000
r    26.017     0.010    1     0.000     0.000
r    29.184     0.010    1     0.000     0.000
r    32.358     0.010    1     0.000     0.000
r    35.606     0.010    1     0.000     0.000
r    38.357     0.010    1     0.000     0.000
r    40.792     0.010    1     0.000     0.000
r    44.127     0.010    1     0.000     0.000
r    46.173     0.010    1     0.000     0.000
r    48.372     0.010    1     0.000     0.000
r    50.414     0.010    1     0.000     0.000
r    52.294     0.010    1     0.000     0.000
r    53.068     0.010    1     0.000     0.000
r    53.822     0.010    1     0.000     0.000
r    54.581     0.010    1     0.000     0.000
r    55.340     0.010    1     0.000     0.000
r    56.107     0.010    1     0.000     0.000
r    56.882     0.010    1     0.000     0.000
r    57.958     0.010    1     0.000     0.000
r    58.719     0.010    1     0.000     0.000
r    59.483     0.010    1     0.000     0.000
r    60.257     0.010    1     0.000     0.000
r    61.021     0.010    1     0.000     0.000
r    61.773     0.010    1     0.000     0.000
r    62.532     0.010    1     0.000     0.000
r    63.287     0.010    1     0.000     0.000
r    64.041     0.010    1     0.000     0.000
r    64.795     0.010    1     0.000     0.000
r    65.547     0.010    1     0.000     0.000
r    66.315     0.010    1     0.000     0.000
r    67.078     0.010    1     0.000     0.000
r    67.845     0.010    1     0.000     0.000
r    68.620     0.010    1     0.000     0.000
r    69.394     0.010    1     0.000     0.000
r    70.172     0.010    1     0.000     0.000
r    70.949     0.010    1     0.000     0.000
r    71.732     0.010    1     0.000     0.000
r    72.512     0.010    1     0.000     0.000
r   250.470     0.010    1     0.000     0.000
r   253.327     0.010    1     0.000     0.000
r   257.842     0.010    1     0.000     0.000
r   263.111     0.010    1     0.000     0.000
r   268.473     0.010    1     0.000     0.000
r   271.519     0.010    1     0.000     0.000
r   274.422     0.010    1     0.000     0.000
r   278.488     0.010    1     0.000     0.000
s   120.860     2.780  157
r    29.822     0.010    0     0.000     0.000
r    32.683     0.010    0     0.000     0.000
r    34.943     0.010    0     0.000     0.000
r    38.193     0.010    0     0.000     0.000
r    40.469     0.010    0     0.000     0.000
r    57.957     0.010    0     0.000     0.000
r    60.408     0.010    0     0.000     0.000
r    64.181     0.010    0     0.000     0.000
r    67.694     0.010    0     0.000     0.000
r    69.232     0.010    0     0.000     0.000
r    70.322     0.010    0     0.000     0.000
r    71.731     0.010    0     0.000     0.000
r    72.512     0.010    0     0.000     0.000
r    73.300     0.010    0     0.000     0.000
r    74.091     0.010    0     0.000     0.000
r    74.845     0.010    0     0.000     0.000
r    75.603     0.010    0     0.000     0.000
r    76.373     0.010    0     0.000     0.000
r    77.142     0.010    0     0.000     0.000
r    77.912     0.010    0     0.000     0.000
r    78.698     0.010    0     0.000     0.000
r    79.469     0.010    0     0.000     0.000
r    80.233     0.010    0     0.000     0.000
r    81.015     0.010    0     0.000     0.000
r    81.790     0.010    0     0.000     0.000
r    82.562     0.010    0     0.000     0.000
r    83.354     0.010    0     0.000     0.000
r    84.135     0.010    0     0.000     0.000
r    84.923     0.010    0     0.000     0.000
r    85.714     0.010    0     0.000     0.000
r    86.492     0.010    0     0.000     0.000
r    87.283     0.010    0     0.000     0.000
r    88.071     0.010    0     0.000     0.000
r    88.852     0.010    0     0.000     0.000
r    89.633     0.010    0     0.000     0.000
r    90.410     0.010    0     0.000     0.000
r    91.194     0.010    0     0.000     0.000
r    91.974     0.010    0     0.000     0.000
r    92.765     0.010    0     0.000     0.000
r    93.551     0.010    0     0.000     0.000
r    94.352     0.010    0     0.000     0.000
r    95.141     0.010    0     0.000     0.000
r    95.939     0.010    0     0.000     0.000
r    96.728     0.010    0     0.000     0.000
r    97.516     0.010    0     0.000     0.000
r    98.298     0.010    0     0.000     0.000
r    99.070     0.010    0     0.000     0.000
r    99.841     0.010    0     0.000     0.000
r   100.616     0.010    0     0.000     0.000
r   101.385     0.010    0     0.000     0.000
r   102.148     0.010    0     0.000     0.000
r   102.917     0.010    0     0.000     0.000
r   103.684     0.010    0     0.000     0.000
r   104.468     0.010    0     0.000     0.000
r   105.259     0.010    0     0.000     0.000
r   106.042     0.010    0     0.000     0.000
r   106.830     0.010    0     0.000     0.000
r   107.608     0.010    0     0.000     0.000
r   108.396     0.010    0     0.000     0.000
r   109.167     0.010    0     0.000     0.000
r   109.953     0.010    0     0.000     0.000
r   110.730     0.010    0     0.000     0.000
r   111.505     0.010    0     0.000     0.000
r   112.290     0.010    0     0.000     0.000
r   113.672     0.010    0     0.000     0.000
r   114.796     0.010    0     0.000     0.000
r   129.250     0.010    0     0.000     0.000
r   130.052     0.010    0     0.000     0.000
r   130.853     0.010    0     0.000     0.000
r   131.655     0.010    0     0.000     0.000
r   132.457     0.010    0     0.000     0.000
r   133.261     0.010    0     0.000     0.000
r   134.077     0.010    0     0.000     0.000
r   134.889     0.010    0     0.000     0.000
r   135.680     0.010    0     0.000     0.000
r   136.471     0.010    0     0.000     0.000
r   137.262     0.010    0     0.000     0.000
r   138.050     0.010    0     0.000     0.000
r   138.852     0.010    0     0.000     0.000
r   139.654     0.010    0     0.000     0.000
r   140.453     0.010    0     0.000     0.000
r   141.251     0.010    0     0.000     0.000
r   142.064     0.010    0     0.000     0.000
r   142.865     0.010    0     0.000     0.000
r   143.664     0.010    0     0.000     0.000
r   144.474     0.010    0     0.000     0.000
r   145.272     0.010    0     0.000     0.000
r   146.082     0.010    0     0.000     0.000
r   146.880     0.010    0     0.000     0.000
r   147.679     0.010    0     0.000     0.000
r   148.478     0.010    0     0.000     0.000
r   149.266     0.010    0     0.000     0.000
r   150.060     0.010    0     0.000     0.000
r   150.851     0.010    0     0.000     0.000
r   151.623     0.010    0     0.000     0.000
r   152.399     0.010    0     0.000     0.000
r   153.479     0.010    0     0.000     0.000
r   233.125     0.010    0     0.000     0.000
r   236.813     0.010    0     0.000     0.000
r   281.381     0.010    0     0.000     0.000
r   286.327     0.010    0     0.000     0.000
r   291.830     0.010    0     0.000     0.000
r   294.812     0.010    0     0.000     0.000
r   299.421     0.010    0     0.000     0.000
r   304.221     0.010    0     0.000     0.000
r   126.722     0.010    0     0.000     0.000
r   127.805     0.010    0     0.000     0.000
r   128.771     0.010    0     0.000     0.000
r    13.185     0.010    1     0.000     0.000
r    13.978     0.010    1     0.000     0.000
r    14.784     0.010    1     0.000     0.000
r    15.599     0.010    1     0.000     0.000
r    16.412     0.010    1     0.000     0.000
r    17.236     0.010    1     0.000     0.000
r    18.032     0.010    1     0.000     0.000
r    18.817     0.010    1     0.000     0.000
r    19.602     0.010    1     0.000     0.000
r    20.377     0.010    1     0.000     0.000
r    21.158     0.010    1     0.000     0.000
r    21.947     0.010    1     0.000     0.000
r    22.717     0.010    1     0.000     0.000
r    23.505     0.010    1     0.000     0.000
r    24.291     0.010    1     0.000     0.000
r    25.073     0.010    1     0.000     0.000
r    25.856     0.010    1     0.000     0.000
r    26.641     0.010    1     0.000     0.000
r    27.432     0.010    1     0.000     0.000
r    28.218     0.010    1     0.000     0.000
r    29.020     0.010    1     0.000     0.000
r    29.822     0.010    1     0.000     0.000
r    30.610     0.010    1     0.000     0.000
r    31.388     0.010    1     0.000     0.000
r    32.196     0.010    1     0.000     0.000
r    33.006     0.010    1     0.000     0.000
r    33.808     0.010    1     0.000     0.000
r    34.617     0.010    1     0.000     0.000
r    35.444     0.010    1     0.000     0.000
r    36.254     0.010    1     0.000     0.000
r    37.057     0.010    1     0.000     0.000
r    37.870     0.010    1     0.000     0.000
r    38.680     0.010    1     0.000     0.000
r    39.492     0.010    1     0.000     0.000
r    40.305     0.010    1     0.000     0.000
r    41.128     0.010    1     0.000     0.000
r    41.921     0.010    1     0.000     0.000
r    42.731     0.010    1     0.000     0.000
r    57.957     0.010    1     0.000     0.000
r    60.408     0.010    1     0.000     0.000
r    62.990     0.010    1     0.000     0.000
r    66.009     0.010    1     0.000     0.000
r   251.727     0.010    1     0.000     0.000
r   255.187     0.010    1     0.000     0.000
r   258.167     0.010    1     0.000     0.000
r   261.178     0.010    1     0.000     0.000
r   263.584     0.010    1     0.000     0.000
r   267.510     0.010    1     0.000     0.000
r   272.162     0.010    1     0.000     0.000
s   114.812     2.610  148
r    27.745     0.010    0     0.000     0.000
r    31.878     0.010    0     0.000     0.000
r    36.092     0.010    0     0.000     0.000
r    40.305     0.010    0     0.000     0.000
r    56.107     0.010    0     0.000     0.000
r    58.869     0.010    0     0.000     0.000
r    59.644     0.010    0     0.000     0.000
r    60.408     0.010    0     0.000     0.000
r    61.172     0.010    0     0.000     0.000
r    61.923     0.010    0     0.000     0.000
r    62.686     0.010    0     0.000     0.000
r    63.440     0.010    0     0.000     0.000
r    64.181     0.010    0     0.000     0.000
r    65.251     0.010    0     0.000     0.000
r    66.009     0.010    0     0.000     0.000
r    66.782     0.010    0     0.000     0.000
r    67.533     0.010    0     0.000     0.000
r    68.310     0.010    0     0.000     0.000
r    69.082     0.010    0     0.000     0.000
r    69.860     0.010    0     0.000     0.000
r    70.637     0.010    0     0.000     0.000
r    71.423     0.010    0     0.000     0.000
r    72.208     0.010    0     0.000     0.000
r    72.988     0.010    0     0.000     0.000
r    73.769     0.010    0     0.000     0.000
r    74.543     0.010    0     0.000     0.000
r    75.294     0.010    0     0.000     0.000
r    76.222     0.010    0     0.000     0.000
r    77.143     0.010    0     0.000     0.000
r    77.912     0.010    0     0.000     0.000
r    78.698     0.010    0     0.000     0.000
r    79.469     0.010    0     0.000     0.000
r    80.233     0.010    0     0.000     0.000
r    81.016     0.010    0     0.000     0.000
r    81.790     0.010    0     0.000     0.000
r    82.562     0.010    0     0.000     0.000
r    83.355     0.010    0     0.000     0.000
r    84.135     0.010    0     0.000     0.000
r    84.923     0.010    0     0.000     0.000
r    85.715     0.010    0     0.000     0.000
r    86.492     0.010    0     0.000     0.000
r    87.595     0.010    0     0.000     0.000
r    88.386     0.010    0     0.000     0.000
r    89.164     0.010    0     0.000     0.000
r    89.944     0.010    0     0.000     0.000
r    90.725     0.010    0     0.000     0.000
r    91.508     0.010    0     0.000     0.000
r    92.289     0.010    0     0.000     0.000
r    93.077     0.010    0     0.000     0.000
r    93.876     0.010    0     0.000     0.000
r    94.664     0.010    0     0.000     0.000
r    95.452     0.010    0     0.000     0.000
r    96.089     0.010    0     0.000     0.000
r    96.881     0.010    0     0.000     0.000
r    97.676     0.010    0     0.000     0.000
r    98.459     0.010    0     0.000     0.000
r    99.228     0.010    0     0.000     0.000
r   100.002     0.010    0     0.000     0.000
r   100.777     0.010    0     0.000     0.000
r   101.536     0.010    0     0.000     0.000
r   102.297     0.010    0     0.000     0.000
r   103.067     0.010    0     0.000     0.000
r   103.836     0.010    0     0.000     0.000
r   104.627     0.010    0     0.000     0.000
r   105.421     0.010    0     0.000     0.000
r   106.200     0.010    0     0.000     0.000
r   106.988     0.010    0     0.000     0.000
r   107.765     0.010    0     0.000     0.000
r   122.959     0.010    0     0.000     0.000
r   123.734     0.010    0     0.000     0.000
r   124.522     0.010    0     0.000     0.000
r   125.313     0.010    0     0.000     0.000
r   126.098     0.010    0     0.000     0.000
r   126.872     0.010    0     0.000     0.000
r   127.654     0.010    0     0.000     0.000
r   128.445     0.010    0     0.000     0.000
r   129.250     0.010    0     0.000     0.000
r   130.052     0.010    0     0.000     0.000
r   130.854     0.010    0     0.000     0.000
r   131.656     0.010    0     0.000     0.000
r   132.457     0.010    0     0.000     0.000
r   133.262     0.010    0     0.000     0.000
r   134.078     0.010    0     0.000     0.000
r   134.890     0.010    0     0.000     0.000
r   135.681     0.010    0     0.000     0.000
r   136.472     0.010    0     0.000     0.000
r   137.263     0.010    0     0.000     0.000
r   138.051     0.010    0     0.000     0.000
r   138.853     0.010    0     0.000     0.000
r   139.655     0.010    0     0.000     0.000
r   140.454     0.010    0     0.000     0.000
r   141.252     0.010    0     0.000     0.000
r   142.065     0.010    0     0.000     0.000
r   142.866     0.010    0     0.000     0.000
r   143.665     0.010    0     0.000     0.000
r   144.474     0.010    0     0.000     0.000
r   145.273     0.010    0     0.000     0.000
r   146.082     0.010    0     0.000     0.000
r   146.881     0.010    0     0.000     0.000
r   147.680     0.010    0     0.000     0.000
r   148.478     0.010    0     0.000     0.000
r   149.266     0.010    0     0.000     0.000
r   150.061     0.010    0     0.000     0.000
r   150.852     0.010    0     0.000     0.000
r   151.778     0.010    0     0.000     0.000
r   227.436     0.010    0     0.000     0.000
r   231.560     0.010    0     0.000     0.000
r   235.530     0.010    0     0.000     0.000
r   239.190     0.010    0     0.000     0.000
r   242.995     0.010    0     0.000     0.000
r   247.671     0.010    0     0.000     0.000
r   273.777     0.010    0     0.000     0.000
r   277.840     0.010    0     0.000     0.000
r   283.452     0.010    0     0.000     0.000
r   287.464     0.010    0     0.000     0.000
r   292.145     0.010    0     0.000     0.000
r   296.195     0.010    0     0.000     0.000
r    18.503     0.010    1     0.000     0.000
r    19.291     0.010    1     0.000     0.000
r    20.066     0.010    1     0.000     0.000
r    20.844     0.010    1     0.000     0.000
r    21.635     0.010    1     0.000     0.000
r    22.402     0.010    1     0.000     0.000
r    23.194     0.010    1     0.000     0.000
r    23.982     0.010    1     0.000     0.000
r    24.761     0.010    1     0.000     0.000
r    25.544     0.010    1     0.000     0.000
r    26.329     0.010    1     0.000     0.000
r    27.118     0.010    1     0.000     0.000
r    27.906     0.010    1     0.000     0.000
r    28.694     0.010    1     0.000     0.000
r    29.497     0.010    1     0.000     0.000
r    30.285     0.010    1     0.000     0.000
r    31.076     0.010    1     0.000     0.000
r    31.878     0.010    1     0.000     0.000
r    32.683     0.010    1     0.000     0.000
r    33.482     0.010    1     0.000     0.000
r    34.292     0.010    1     0.000     0.000
r    35.108     0.010    1     0.000     0.000
r    35.931     0.010    1     0.000     0.000
r    36.746     0.010    1     0.000     0.000
r    37.545     0.010    1     0.000     0.000
r    38.357     0.010    1     0.000     0.000
r    39.170     0.010    1     0.000     0.000
r    39.983     0.010    1     0.000     0.000
r    40.792     0.010    1     0.000     0.000
r    41.599     0.010    1     0.000     0.000
r    42.419     0.010    1     0.000     0.000
s   108.860     2.420  189
r    11.706     0.010    0     0.000     0.000
r    12.544     0.010    0     0.000     0.000
r    13.347     0.010    0     0.000     0.000
r    14.143     0.010    0     0.000     0.000
r    14.946     0.010    0     0.000     0.000
r    15.751     0.010    0     0.000     0.000
r    16.738     0.010    0     0.000     0.000
r    17.559     0.010    0     0.000     0.000
r    18.656     0.010    0     0.000     0.000
r    19.442     0.010    0     0.000     0.000
r    20.532     0.010    0     0.000     0.000
r    21.320     0.010    0     0.000     0.000
r    22.101     0.010    0     0.000     0.000
r    22.878     0.010    0     0.000     0.000
r    23.656     0.010    0     0.000     0.000
r    24.600     0.010    0     0.000     0.000
r    25.705     0.010    0     0.000     0.000
r    26.480     0.010    0     0.000     0.000
r    27.268     0.010    0     0.000     0.000
r    28.379     0.010    0     0.000     0.000
r    29.184     0.010    0     0.000     0.000
r    29.973     0.010    0     0.000     0.000
r    30.922     0.010    0     0.000     0.000
r    31.714     0.010    0     0.000     0.000
r    32.522     0.010    0     0.000     0.000
r    33.318     0.010    0     0.000     0.000
r    34.131     0.010    0     0.000     0.000
r    34.943     0.010    0     0.000     0.000
r    35.767     0.010    0     0.000     0.000
r    37.545     0.010    0     0.000     0.000
r    39.983     0.010    0     0.000     0.000
r    42.419     0.010    0     0.000     0.000
r    44.288     0.010    0     0.000     0.000
r    47.591     0.010    0     0.000     0.000
r    51.048     0.010    0     0.000     0.000
r    53.068     0.010    0     0.000     0.000
r    54.126     0.010    0     0.000     0.000
r    56.107     0.010    0     0.000     0.000
r    56.882     0.010    0     0.000     0.000
r    57.656     0.010    0     0.000     0.000
r    58.410     0.010    0     0.000     0.000
r    59.178     0.010    0     0.000     0.000
r    59.945     0.010    0     0.000     0.000
r    60.717     0.010    0     0.000     0.000
r    61.469     0.010    0     0.000     0.000
r    62.228     0.010    0     0.000     0.000
r    62.990     0.010    0     0.000     0.000
r    63.734     0.010    0     0.000     0.000
r    64.485     0.010    0     0.000     0.000
r    65.251     0.010    0     0.000     0.000
r    66.009     0.010    0     0.000     0.000
r    66.783     0.010    0     0.000     0.000
r    67.694     0.010    0     0.000     0.000
r    68.461     0.010    0     0.000     0.000
r    69.233     0.010    0     0.000     0.000
r    70.007     0.010    0     0.000     0.000
r    70.799     0.010    0     0.000     0.000
r    71.573     0.010    0     0.000     0.000
r    72.358     0.010    0     0.000     0.000
r    73.139     0.010    0     0.000     0.000
r    73.930     0.010    0     0.000     0.000
r    74.694     0.010    0     0.000     0.000
r    75.442     0.010    0     0.000     0.000
r    76.222     0.010    0     0.000     0.000
r    76.992     0.010    0     0.000     0.000
r    77.762     0.010    0     0.000     0.000
r    78.536     0.010    0     0.000     0.000
r    79.319     0.010    0     0.000     0.000
r    80.083     0.010    0     0.000     0.000
r    80.854     0.010    0     0.000     0.000
r    81.629     0.010    0     0.000     0.000
r    82.723     0.010    0     0.000     0.000
r    83.508     0.010    0     0.000     0.000
r    84.286     0.010    0     0.000     0.000
r    85.074     0.010    0     0.000     0.000
r    85.865     0.010    0     0.000     0.000
r    86.656     0.010    0     0.000     0.000
r    87.445     0.010    0     0.000     0.000
r    88.233     0.010    0     0.000     0.000
r    89.013     0.010    0     0.000     0.000
r    89.794     0.010    0     0.000     0.000
r    90.564     0.010    0     0.000     0.000
r    91.355     0.010    0     0.000     0.000
r    92.136     0.010    0     0.000     0.000
r    93.077     0.010    0     0.000     0.000
r    94.979     0.010    0     0.000     0.000
r    95.778     0.010    0     0.000     0.000
r    96.567     0.010    0     0.000     0.000
r    97.355     0.010    0     0.000     0.000
r    98.148     0.010    0     0.000     0.000
r    98.919     0.010    0     0.000     0.000
r    99.691     0.010    0     0.000     0.000
r   100.465     0.010    0     0.000     0.000
r   101.232     0.010    0     0.000     0.000
r   101.994     0.010    0     0.000     0.000
r   102.764     0.010    0     0.000     0.000
r   103.523     0.010    0     0.000     0.000
r   118.604     0.010    0     0.000     0.000
r   119.729     0.010    0     0.000     0.000
r   120.535     0.010    0     0.000     0.000
r   121.345     0.010    0     0.000     0.000
r   122.147     0.010    0     0.000     0.000
r   122.959     0.010    0     0.000     0.000
r   123.733     0.010    0     0.000     0.000
r   124.522     0.010    0     0.000     0.000
r   125.313     0.010    0     0.000     0.000
r   126.098     0.010    0     0.000     0.000
r   126.872     0.010    0     0.000     0.000
r   130.052     0.010    0     0.000     0.000
r   132.621     0.010    0     0.000     0.000
r   136.157     0.010    0     0.000     0.000
r   138.215     0.010    0     0.000     0.000
r   139.490     0.010    0     0.000     0.000
r   141.416     0.010    0     0.000     0.000
r   143.339     0.010    0     0.000     0.000
r   145.434     0.010    0     0.000     0.000
r   148.478     0.010    0     0.000     0.000
r   151.470     0.010    0     0.000     0.000
r   221.097     0.010    0     0.000     0.000
r   223.205     0.010    0     0.000     0.000
r   224.657     0.010    0     0.000     0.000
r   226.123     0.010    0     0.000     0.000
r   227.877     0.010    0     0.000     0.000
r   229.595     0.010    0     0.000     0.000
r   231.283     0.010    0     0.000     0.000
r   233.125     0.010    0     0.000     0.000
r   235.379     0.010    0     0.000     0.000
r   237.832     0.010    0     0.000     0.000
r   239.658     0.010    0     0.000     0.000
r   242.274     0.010    0     0.000     0.000
r   244.769     0.010    0     0.000     0.000
r   247.520     0.010    0     0.000     0.000
r   250.939     0.010    0     0.000     0.000
r   253.634     0.010    0     0.000     0.000
r   258.167     0.010    0     0.000     0.000
r   261.339     0.010    0     0.000     0.000
r   264.562     0.010    0     0.000     0.000
r   266.863     0.010    0     0.000     0.000
r   270.558     0.010    0     0.000     0.000
r   274.422     0.010    0     0.000     0.000
r   278.163     0.010    0     0.000     0.000
r   284.890     0.010    0     0.000     0.000
r   291.830     0.010    0     0.000     0.000
r   300.332     0.010    0     0.000     0.000
r   113.832     0.010    0     0.000     0.000
r   114.634     0.010    0     0.000     0.000
r   115.441     0.010    0     0.000     0.000
r   116.244     0.010    0     0.000     0.000
r   117.026     0.010    0     0.000     0.000
r     4.704     0.010    1     0.000     0.000
r     5.867     0.010    1     0.000     0.000
r     6.825     0.010    1     0.000     0.000
r     7.628     0.010    1     0.000     0.000
r     8.441     0.010    1     0.000     0.000
r     9.268     0.010    1     0.000     0.000
r    10.075     0.010    1     0.000     0.000
r    10.880     0.010    1     0.000     0.000
r    11.706     0.010    1     0.000     0.000
r    12.544     0.010    1     0.000     0.000
r    13.347     0.010    1     0.000     0.000
r    14.143     0.010    1     0.000     0.000
r    14.946     0.010    1     0.000     0.000
r    15.751     0.010    1     0.000     0.000
r    16.574     0.010    1     0.000     0.000
r    17.398     0.010    1     0.000     0.000
r    18.341     0.010    1     0.000     0.000
r    19.130     0.010    1     0.000     0.000
r    19.915     0.010    1     0.000     0.000
r    20.693     0.010    1     0.000     0.000
r    21.474     0.010    1     0.000     0.000
r    22.566     0.010    1     0.000     0.000
r    23.821     0.010    1     0.000     0.000
r    25.393     0.010    1     0.000     0.000
r    26.641     0.010    1     0.000     0.000
r    28.544     0.010    1     0.000     0.000
r    29.973     0.010    1     0.000     0.000
r    31.714     0.010    1     0.000     0.000
r    34.131     0.010    1     0.000     0.000
r    35.931     0.010    1     0.000     0.000
r    38.357     0.010    1     0.000     0.000
r    40.631     0.010    1     0.000     0.000
r    42.570     0.010    1     0.000     0.000
r   249.859     0.010    1     0.000     0.000
r   254.096     0.010    1     0.000     0.000
r   257.842     0.010    1     0.000     0.000
r   261.178     0.010    1     0.000     0.000
r   265.552     0.010    1     0.000     0.000
r   268.801     0.010    1     0.000     0.000
r   273.616     0.010    1     0.000     0.000
s   102.860     2.650  107
r    28.380     0.010    0     0.000     0.000
r    32.358     0.010    0     0.000     0.000
r    36.746     0.010    0     0.000     0.000
r    56.573     0.010    0     0.000     0.000
r    59.945     0.010    0     0.000     0.000
r    61.172     0.010    0     0.000     0.000
r    62.077     0.010    0     0.000     0.000
r    62.990     0.010    0     0.000     0.000
r    64.486     0.010    0     0.000     0.000
r    65.399     0.010    0     0.000     0.000
r    66.168     0.010    0     0.000     0.000
r    66.930     0.010    0     0.000     0.000
r    67.694     0.010    0     0.000     0.000
r    68.461     0.010    0     0.000     0.000
r    69.233     0.010    0     0.000     0.000
r    70.008     0.010    0     0.000     0.000
r    70.799     0.010    0     0.000     0.000
r    71.573     0.010    0     0.000     0.000
r    72.359     0.010    0     0.000     0.000
r    73.139     0.010    0     0.000     0.000
r    73.931     0.010    0     0.000     0.000
r    74.694     0.010    0     0.000     0.000
r    75.442     0.010    0     0.000     0.000
r    76.222     0.010    0     0.000     0.000
r    76.992     0.010    0     0.000     0.000
r    77.762     0.010    0     0.000     0.000
r    78.537     0.010    0     0.000     0.000
r    79.319     0.010    0     0.000     0.000
r    80.083     0.010    0     0.000     0.000
r    80.855     0.010    0     0.000     0.000
r    81.629     0.010    0     0.000     0.000
r    82.411     0.010    0     0.000     0.000
r    83.196     0.010    0     0.000     0.000
r    83.985     0.010    0     0.000     0.000
r    84.762     0.010    0     0.000     0.000
r    85.551     0.010    0     0.000     0.000
r    86.342     0.010    0     0.000     0.000
r    87.133     0.010    0     0.000     0.000
r    87.921     0.010    0     0.000     0.000
r    88.699     0.010    0     0.000     0.000
r    89.479     0.010    0     0.000     0.000
r    90.260     0.010    0     0.000     0.000
r    91.975     0.010    0     0.000     0.000
r    93.715     0.010    0     0.000     0.000
r    94.514     0.010    0     0.000     0.000
r    95.302     0.010    0     0.000     0.000
r    96.091     0.010    0     0.000     0.000
r    96.882     0.010    0     0.000     0.000
r    97.678     0.010    0     0.000     0.000
r   112.588     0.010    0     0.000     0.000
r   113.352     0.010    0     0.000     0.000
r   114.148     0.010    0     0.000     0.000
r   114.957     0.010    0     0.000     0.000
r   115.763     0.010    0     0.000     0.000
r   116.556     0.010    0     0.000     0.000
r   117.346     0.010    0     0.000     0.000
r   118.131     0.010    0     0.000     0.000
r   118.930     0.010    0     0.000     0.000
r   119.729     0.010    0     0.000     0.000
r   120.536     0.010    0     0.000     0.000
r   121.345     0.010    0     0.000     0.000
r   122.147     0.010    0     0.000     0.000
r   122.959     0.010    0     0.000     0.000
r   124.046     0.010    0     0.000     0.000
r   125.635     0.010    0     0.000     0.000
r   127.343     0.010    0     0.000     0.000
r   129.250     0.010    0     0.000     0.000
r   131.018     0.010    0     0.000     0.000
r   132.783     0.010    0     0.000     0.000
r   134.564     0.010    0     0.000     0.000
r   136.157     0.010    0     0.000     0.000
r   138.051     0.010    0     0.000     0.000
r   139.329     0.010    0     0.000     0.000
r   140.776     0.010    0     0.000     0.000
r   142.540     0.010    0     0.000     0.000
r   143.987     0.010    0     0.000     0.000
r   145.434     0.010    0     0.000     0.000
r   147.042     0.010    0     0.000     0.000
r   148.642     0.010    0     0.000     0.000
r   150.690     0.010    0     0.000     0.000
r   226.715     0.010    0     0.000     0.000
r   229.319     0.010    0     0.000     0.000
r   231.851     0.010    0     0.000     0.000
r   234.949     0.010    0     0.000     0.000
r   271.041     0.010    0     0.000     0.000
r   274.912     0.010    0     0.000     0.000
r   278.324     0.010    0     0.000     0.000
r   283.127     0.010    0     0.000     0.000
r   286.653     0.010    0     0.000     0.000
r   291.994     0.010    0     0.000     0.000
r   299.422     0.010    0     0.000     0.000
r   303.910     0.010    0     0.000     0.000
r   106.992     0.010    0     0.000     0.000
r   107.770     0.010    0     0.000     0.000
r   108.544     0.010    0     0.000     0.000
r   109.315     0.010    0     0.000     0.000
r   110.103     0.010    0     0.000     0.000
r   110.881     0.010    0     0.000     0.000
r   249.236     0.010    1     0.000     0.000
r   252.845     0.010    1     0.000     0.000
r   256.273     0.010    1     0.000     0.000
r   260.391     0.010    1     0.000     0.000
r   263.906     0.010    1     0.000     0.000
r   268.473     0.010    1     0.000     0.000
r   273.455     0.010    1     0.000     0.000
r   277.048     0.010    1     0.000     0.000
r   281.696     0.010    1     0.000     0.000
s    96.859     2.900  152
r     8.603     0.010    0     0.000     0.000
r     9.429     0.010    0     0.000     0.000
r    10.236     0.010    0     0.000     0.000
r    11.044     0.010    0     0.000     0.000
r    11.881     0.010    0     0.000     0.000
r    12.866     0.010    0     0.000     0.000
r    13.656     0.010    0     0.000     0.000
r    14.458     0.010    0     0.000     0.000
r    15.271     0.010    0     0.000     0.000
r    16.087     0.010    0     0.000     0.000
r    16.910     0.010    0     0.000     0.000
r    17.871     0.010    0     0.000     0.000
r    18.656     0.010    0     0.000     0.000
r    19.441     0.010    0     0.000     0.000
r    20.216     0.010    0     0.000     0.000
r    21.008     0.010    0     0.000     0.000
r    21.785     0.010    0     0.000     0.000
r    22.566     0.010    0     0.000     0.000
r    23.820     0.010    0     0.000     0.000
r    24.761     0.010    0     0.000     0.000
r    25.705     0.010    0     0.000     0.000
r    26.479     0.010    0     0.000     0.000
r    27.268     0.010    0     0.000     0.000
r    28.067     0.010    0     0.000     0.000
r    28.858     0.010    0     0.000     0.000
r    29.660     0.010    0     0.000     0.000
r    30.446     0.010    0     0.000     0.000
r    31.237     0.010    0     0.000     0.000
r    32.032     0.010    0     0.000     0.000
r    33.006     0.010    0     0.000     0.000
r    33.808     0.010    0     0.000     0.000
r    35.279     0.010    0     0.000     0.000
r    37.705     0.010    0     0.000     0.000
r    40.792     0.010    0     0.000     0.000
r    43.650     0.010    0     0.000     0.000
r    46.333     0.010    0     0.000     0.000
r    49.159     0.010    0     0.000     0.000
r    51.833     0.010    0     0.000     0.000
r    54.734     0.010    0     0.000     0.000
r    55.805     0.010    0     0.000     0.000
r    56.572     0.010    0     0.000     0.000
r    57.344     0.010    0     0.000     0.000
r    58.409     0.010    0     0.000     0.000
r    59.178     0.010    0     0.000     0.000
r    59.945     0.010    0     0.000     0.000
r    60.717     0.010    0     0.000     0.000
r    61.468     0.010    0     0.000     0.000
r    62.381     0.010    0     0.000     0.000
r    63.143     0.010    0     0.000     0.000
r    63.887     0.010    0     0.000     0.000
r    64.636     0.010    0     0.000     0.000
r    65.398     0.010    0     0.000     0.000
r    66.167     0.010    0     0.000     0.000
r    66.930     0.010    0     0.000     0.000
r    67.694     0.010    0     0.000     0.000
r    68.461     0.010    0     0.000     0.000
r    69.232     0.010    0     0.000     0.000
r    70.322     0.010    0     0.000     0.000
r    71.110     0.010    0     0.000     0.000
r    71.892     0.010    0     0.000     0.000
r    72.673     0.010    0     0.000     0.000
r    73.451     0.010    0     0.000     0.000
r    74.242     0.010    0     0.000     0.000
r    74.992     0.010    0     0.000     0.000
r    75.753     0.010    0     0.000     0.000
r    76.526     0.010    0     0.000     0.000
r    77.296     0.010    0     0.000     0.000
r    78.074     0.010    0     0.000     0.000
r    78.848     0.010    0     0.000     0.000
r    79.620     0.010    0     0.000     0.000
r    80.394     0.010    0     0.000     0.000
r    81.166     0.010    0     0.000     0.000
r    81.940     0.010    0     0.000     0.000
r    82.723     0.010    0     0.000     0.000
r    83.508     0.010    0     0.000     0.000
r    84.285     0.010    0     0.000     0.000
r    85.074     0.010    0     0.000     0.000
r    85.865     0.010    0     0.000     0.000
r    86.656     0.010    0     0.000     0.000
r    87.444     0.010    0     0.000     0.000
r   102.916     0.010    0     0.000     0.000
r   103.683     0.010    0     0.000     0.000
r   104.467     0.010    0     0.000     0.000
r   105.258     0.010    0     0.000     0.000
r   106.042     0.010    0     0.000     0.000
r   106.830     0.010    0     0.000     0.000
r   107.608     0.010    0     0.000     0.000
r   108.396     0.010    0     0.000     0.000
r   109.167     0.010    0     0.000     0.000
r   109.952     0.010    0     0.000     0.000
r   110.730     0.010    0     0.000     0.000
r   111.504     0.010    0     0.000     0.000
r   112.289     0.010    0     0.000     0.000
r   113.050     0.010    0     0.000     0.000
r   114.147     0.010    0     0.000     0.000
r   115.118     0.010    0     0.000     0.000
r   115.924     0.010    0     0.000     0.000
r   116.714     0.010    0     0.000     0.000
r   117.496     0.010    0     0.000     0.000
r   118.292     0.010    0     0.000     0.000
r   119.080     0.010    0     0.000     0.000
r   119.890     0.010    0     0.000     0.000
r   120.857     0.010    0     0.000     0.000
r   121.670     0.010    0     0.000     0.000
r   122.472     0.010    0     0.000     0.000
r   123.270     0.010    0     0.000     0.000
r   124.045     0.010    0     0.000     0.000
r   124.836     0.010    0     0.000     0.000
r   125.635     0.010    0     0.000     0.000
r   126.409     0.010    0     0.000     0.000
r   127.181     0.010    0     0.000     0.000
r   127.969     0.010    0     0.000     0.000
r   128.771     0.010    0     0.000     0.000
r   129.575     0.010    0     0.000     0.000
r   130.377     0.010    0     0.000     0.000
r   131.168     0.010    0     0.000     0.000
r   131.970     0.010    0     0.000     0.000
r   132.782     0.010    0     0.000     0.000
r   133.587     0.010    0     0.000     0.000
r   134.399     0.010    0     0.000     0.000
r   135.204     0.010    0     0.000     0.000
r   135.995     0.010    0     0.000     0.000
r   136.786     0.010    0     0.000     0.000
r   137.574     0.010    0     0.000     0.000
r   138.365     0.010    0     0.000     0.000
r   139.167     0.010    0     0.000     0.000
r   139.966     0.010    0     0.000     0.000
r   140.929     0.010    0     0.000     0.000
r   141.899     0.010    0     0.000     0.000
r   143.016     0.010    0     0.000     0.000
r   144.473     0.010    0     0.000     0.000
r   145.917     0.010    0     0.000     0.000
r   147.840     0.010    0     0.000     0.000
r   149.745     0.010    0     0.000     0.000
r   151.308     0.010    0     0.000     0.000
r   235.099     0.010    1     0.000     0.000
r   239.189     0.010    1     0.000     0.000
r   243.856     0.010    1     0.000     0.000
r   247.985     0.010    1     0.000     0.000
r   252.363     0.010    1     0.000     0.000
r   255.348     0.010    1     0.000     0.000
r   258.801     0.010    1     0.000     0.000
r   261.976     0.010    1     0.000     0.000
r   265.383     0.010    1     0.000     0.000
r   269.429     0.010    1     0.000     0.000
r   272.162     0.010    1     0.000     0.000
r   275.411     0.010    1     0.000     0.000
r   279.934     0.010    1     0.000     0.000
r   283.763     0.010    1     0.000     0.000
r   289.065     0.010    1     0.000     0.000
r   293.882     0.010    1     0.000     0.000
r   299.421     0.010    1     0.000     0.000
s    90.860     2.960   93
r     5.041     0.010    0     0.000     0.000
r     9.103     0.010    0     0.000     0.000
r    13.347     0.010    0     0.000     0.000
r    17.236     0.010    0     0.000     0.000
r    21.158     0.010    0     0.000     0.000
r    23.981     0.010    0     0.000     0.000
r    26.956     0.010    0     0.000     0.000
r    30.131     0.010    0     0.000     0.000
r    33.005     0.010    0     0.000     0.000
r    36.584     0.010    0     0.000     0.000
r    39.331     0.010    0     0.000     0.000
r    43.029     0.010    0     0.000     0.000
r    46.018     0.010    0     0.000     0.000
r    48.998     0.010    0     0.000     0.000
r    52.145     0.010    0     0.000     0.000
r    52.906     0.010    0     0.000     0.000
r    53.670     0.010    0     0.000     0.000
r    54.430     0.010    0     0.000     0.000
r    55.340     0.010    0     0.000     0.000
r    56.107     0.010    0     0.000     0.000
r    56.881     0.010    0     0.000     0.000
r    57.656     0.010    0     0.000     0.000
r    58.409     0.010    0     0.000     0.000
r    59.178     0.010    0     0.000     0.000
r    59.945     0.010    0     0.000     0.000
r    60.716     0.010    0     0.000     0.000
r    61.468     0.010    0     0.000     0.000
r    62.227     0.010    0     0.000     0.000
r    62.990     0.010    0     0.000     0.000
r    63.733     0.010    0     0.000     0.000
r    64.485     0.010    0     0.000     0.000
r    65.251     0.010    0     0.000     0.000
r    66.009     0.010    0     0.000     0.000
r    66.782     0.010    0     0.000     0.000
r    67.532     0.010    0     0.000     0.000
r    68.310     0.010    0     0.000     0.000
r    69.082     0.010    0     0.000     0.000
r    69.859     0.010    0     0.000     0.000
r    70.637     0.010    0     0.000     0.000
r    71.422     0.010    0     0.000     0.000
r    72.207     0.010    0     0.000     0.000
r    72.988     0.010    0     0.000     0.000
r    73.768     0.010    0     0.000     0.000
r    74.694     0.010    0     0.000     0.000
r    75.441     0.010    0     0.000     0.000
r    76.222     0.010    0     0.000     0.000
r    76.992     0.010    0     0.000     0.000
r    77.761     0.010    0     0.000     0.000
r    80.542     0.010    0     0.000     0.000
r    82.102     0.010    0     0.000     0.000
r    83.819     0.010    0     0.000     0.000
r    98.606     0.010    0     0.000     0.000
r    99.377     0.010    0     0.000     0.000
r   100.152     0.010    0     0.000     0.000
r   100.926     0.010    0     0.000     0.000
r   101.689     0.010    0     0.000     0.000
r   102.461     0.010    0     0.000     0.000
r   103.218     0.010    0     0.000     0.000
r   103.987     0.010    0     0.000     0.000
r   104.792     0.010    0     0.000     0.000
r   105.573     0.010    0     0.000     0.000
r   106.367     0.010    0     0.000     0.000
r   107.145     0.010    0     0.000     0.000
r   107.922     0.010    0     0.000     0.000
r   108.694     0.010    0     0.000     0.000
r   109.479     0.010    0     0.000     0.000
r   110.264     0.010    0     0.000     0.000
r   111.041     0.010    0     0.000     0.000
r   111.977     0.010    0     0.000     0.000
r   112.748     0.010    0     0.000     0.000
r   113.509     0.010    0     0.000     0.000
r   114.308     0.010    0     0.000     0.000
r   115.118     0.010    0     0.000     0.000
r   115.924     0.010    0     0.000     0.000
r   116.714     0.010    0     0.000     0.000
r   117.496     0.010    0     0.000     0.000
r   118.292     0.010    0     0.000     0.000
r   119.080     0.010    0     0.000     0.000
r   119.889     0.010    0     0.000     0.000
r   120.696     0.010    0     0.000     0.000
r   121.508     0.010    0     0.000     0.000
r   122.310     0.010    0     0.000     0.000
r   123.109     0.010    0     0.000     0.000
r   123.894     0.010    0     0.000     0.000
r   124.685     0.010    0     0.000     0.000
r   125.473     0.010    0     0.000     0.000
r   126.248     0.010    0     0.000     0.000
r   127.030     0.010    0     0.000     0.000
r   127.969     0.010    0     0.000     0.000
r   128.770     0.010    0     0.000     0.000
r   129.575     0.010    0     0.000     0.000
r    97.041     0.010    0     0.000     0.000
r    98.146     0.010    0     0.000     0.000
s    84.860     2.990  175
r     7.951     0.010    0     0.000     0.000
r     8.778     0.010    0     0.000     0.000
r     9.590     0.010    0     0.000     0.000
r    10.387     0.010    0     0.000     0.000
r    11.208     0.010    0     0.000     0.000
r    12.042     0.010    0     0.000     0.000
r    12.866     0.010    0     0.000     0.000
r    13.656     0.010    0     0.000     0.000
r    14.458     0.010    0     0.000     0.000
r    15.271     0.010    0     0.000     0.000
r    16.248     0.010    0     0.000     0.000
r    17.074     0.010    0     0.000     0.000
r    17.870     0.010    0     0.000     0.000
r    18.656     0.010    0     0.000     0.000
r    19.441     0.010    0     0.000     0.000
r    20.216     0.010    0     0.000     0.000
r    21.008     0.010    0     0.000     0.000
r    21.785     0.010    0     0.000     0.000
r    22.566     0.010    0     0.000     0.000
r    23.344     0.010    0     0.000     0.000
r    24.129     0.010    0     0.000     0.000
r    24.922     0.010    0     0.000     0.000
r    25.705     0.010    0     0.000     0.000
r    26.479     0.010    0     0.000     0.000
r    27.268     0.010    0     0.000     0.000
r    28.067     0.010    0     0.000     0.000
r    28.858     0.010    0     0.000     0.000
r    29.660     0.010    0     0.000     0.000
r    30.446     0.010    0     0.000     0.000
r    31.237     0.010    0     0.000     0.000
r    32.031     0.010    0     0.000     0.000
r    32.844     0.010    0     0.000     0.000
r    33.643     0.010    0     0.000     0.000
r    34.617     0.010    0     0.000     0.000
r    35.444     0.010    0     0.000     0.000
r    36.253     0.010    0     0.000     0.000
r    37.057     0.010    0     0.000     0.000
r    38.031     0.010    0     0.000     0.000
r    38.844     0.010    0     0.000     0.000
r    40.305     0.010    0     0.000     0.000
r    41.287     0.010    0     0.000     0.000
r    42.419     0.010    0     0.000     0.000
r    43.500     0.010    0     0.000     0.000
r    44.288     0.010    0     0.000     0.000
r    45.066     0.010    0     0.000     0.000
r    45.857     0.010    0     0.000     0.000
r    46.648     0.010    0     0.000     0.000
r    47.590     0.010    0     0.000     0.000
r    48.371     0.010    0     0.000     0.000
r    49.321     0.010    0     0.000     0.000
r    50.098     0.010    0     0.000     0.000
r    50.887     0.010    0     0.000     0.000
r    51.672     0.010    0     0.000     0.000
r    52.444     0.010    0     0.000     0.000
r    53.218     0.010    0     0.000     0.000
r    53.975     0.010    0     0.000     0.000
r    54.734     0.010    0     0.000     0.000
r    55.501     0.010    0     0.000     0.000
r    56.260     0.010    0     0.000     0.000
r    57.032     0.010    0     0.000     0.000
r    57.807     0.010    0     0.000     0.000
r    58.568     0.010    0     0.000     0.000
r    59.331     0.010    0     0.000     0.000
r    60.106     0.010    0     0.000     0.000
r    60.867     0.010    0     0.000     0.000
r    61.619     0.010    0     0.000     0.000
r    62.381     0.010    0     0.000     0.000
r    63.143     0.010    0     0.000     0.000
r    63.887     0.010    0     0.000     0.000
r    64.635     0.010    0     0.000     0.000
r    65.398     0.010    0     0.000     0.000
r    66.167     0.010    0     0.000     0.000
r    66.930     0.010    0     0.000     0.000
r    67.694     0.010    0     0.000     0.000
r    68.461     0.010    0     0.000     0.000
r    69.232     0.010    0     0.000     0.000
r    70.007     0.010    0     0.000     0.000
r    70.798     0.010    0     0.000     0.000
r    71.573     0.010    0     0.000     0.000
r    72.358     0.010    0     0.000     0.000
r    73.139     0.010    0     0.000     0.000
r    73.930     0.010    0     0.000     0.000
r    75.441     0.010    0     0.000     0.000
r    76.992     0.010    0     0.000     0.000
r    95.301     0.010    0     0.000     0.000
r    96.089     0.010    0     0.000     0.000
r    96.880     0.010    0     0.000     0.000
r    97.676     0.010    0     0.000     0.000
r    98.458     0.010    0     0.000     0.000
r    99.227     0.010    0     0.000     0.000
r   100.001     0.010    0     0.000     0.000
r   100.776     0.010    0     0.000     0.000
r   101.535     0.010    0     0.000     0.000
r   102.297     0.010    0     0.000     0.000
r   103.067     0.010    0     0.000     0.000
r   103.837     0.010    0     0.000     0.000
r   104.628     0.010    0     0.000     0.000
r   105.422     0.010    0     0.000     0.000
r   106.203     0.010    0     0.000     0.000
r   106.991     0.010    0     0.000     0.000
r   107.768     0.010    0     0.000     0.000
r   108.543     0.010    0     0.000     0.000
r   109.314     0.010    0     0.000     0.000
r   110.103     0.010    0     0.000     0.000
r   110.880     0.010    0     0.000     0.000
r   111.665     0.010    0     0.000     0.000
r   112.440     0.010    0     0.000     0.000
r   113.200     0.010    0     0.000     0.000
r   113.996     0.010    0     0.000     0.000
r   114.795     0.010    0     0.000     0.000
r   115.602     0.010    0     0.000     0.000
r   116.394     0.010    0     0.000     0.000
r   117.187     0.010    0     0.000     0.000
r   117.969     0.010    0     0.000     0.000
r   118.765     0.010    0     0.000     0.000
r   119.567     0.010    0     0.000     0.000
r   120.373     0.010    0     0.000     0.000
r   121.183     0.010    0     0.000     0.000
r   121.985     0.010    0     0.000     0.000
r   122.797     0.010    0     0.000     0.000
r   123.582     0.010    0     0.000     0.000
r   124.367     0.010    0     0.000     0.000
r   125.161     0.010    0     0.000     0.000
r   125.947     0.010    0     0.000     0.000
r   126.721     0.010    0     0.000     0.000
r   127.493     0.010    0     0.000     0.000
r   128.281     0.010    0     0.000     0.000
r   129.085     0.010    0     0.000     0.000
r   129.887     0.010    0     0.000     0.000
r   130.692     0.010    0     0.000     0.000
r   131.491     0.010    0     0.000     0.000
r   132.295     0.010    0     0.000     0.000
r   133.100     0.010    0     0.000     0.000
r   133.912     0.010    0     0.000     0.000
r   134.725     0.010    0     0.000     0.000
r   135.529     0.010    0     0.000     0.000
r   136.307     0.010    0     0.000     0.000
r   137.098     0.010    0     0.000     0.000
r   137.900     0.010    0     0.000     0.000
r   138.688     0.010    0     0.000     0.000
r   139.489     0.010    0     0.000     0.000
r   140.291     0.010    0     0.000     0.000
r   141.090     0.010    0     0.000     0.000
r   227.586     0.010    0     0.000     0.000
r   230.022     0.010    0     0.000     0.000
r   231.987     0.010    0     0.000     0.000
r   235.378     0.010    0     0.000     0.000
r   237.691     0.010    0     0.000     0.000
r    91.028     0.010    0     0.000     0.000
r    92.764     0.010    0     0.000     0.000
r    93.714     0.010    0     0.000     0.000
r    94.513     0.010    0     0.000     0.000
r     6.190     0.010    1     0.000     0.000
r     8.116     0.010    1     0.000     0.000
r     8.939     0.010    1     0.000     0.000
r     9.752     0.010    1     0.000     0.000
r    10.548     0.010    1     0.000     0.000
r    11.380     0.010    1     0.000     0.000
r    12.207     0.010    1     0.000     0.000
r    13.027     0.010    1     0.000     0.000
r    13.817     0.010    1     0.000     0.000
r    14.619     0.010    1     0.000     0.000
r    15.435     0.010    1     0.000     0.000
r    16.248     0.010    1     0.000     0.000
r    17.074     0.010    1     0.000     0.000
r    17.870     0.010    1     0.000     0.000
r    18.656     0.010    1     0.000     0.000
r    19.441     0.010    1     0.000     0.000
r    20.216     0.010    1     0.000     0.000
r    21.008     0.010    1     0.000     0.000
r   265.882     0.010    1     0.000     0.000
r   272.323     0.010    1     0.000     0.000
r   277.528     0.010    1     0.000     0.000
r   283.126     0.010    1     0.000     0.000
r   288.101     0.010    1     0.000     0.000
s    78.859     2.910  154
r     4.217     0.010    0     0.000     0.000
r     5.041     0.010    0     0.000     0.000
r     5.867     0.010    0     0.000     0.000
r     6.663     0.010    0     0.000     0.000
r     7.467     0.010    0     0.000     0.000
r     8.277     0.010    0     0.000     0.000
r     9.103     0.010    0     0.000     0.000
r     9.913     0.010    0     0.000     0.000
r    10.715     0.010    0     0.000     0.000
r    11.545     0.010    0     0.000     0.000
r    12.704     0.010    0     0.000     0.000
r    13.817     0.010    0     0.000     0.000
r    15.750     0.010    0     0.000     0.000
r    16.910     0.010    0     0.000     0.000
r    17.870     0.010    0     0.000     0.000
r    18.656     0.010    0     0.000     0.000
r    19.603     0.010    0     0.000     0.000
r    20.377     0.010    0     0.000     0.000
r    21.473     0.010    0     0.000     0.000
r    22.251     0.010    0     0.000     0.000
r    23.344     0.010    0     0.000     0.000
r    24.129     0.010    0     0.000     0.000
r    24.922     0.010    0     0.000     0.000
r    25.705     0.010    0     0.000     0.000
r    26.479     0.010    0     0.000     0.000
r    27.432     0.010    0     0.000     0.000
r    28.217     0.010    0     0.000     0.000
r    29.020     0.010    0     0.000     0.000
r    29.822     0.010    0     0.000     0.000
r    30.761     0.010    0     0.000     0.000
r    31.552     0.010    0     0.000     0.000
r    33.005     0.010    0     0.000     0.000
r    34.130     0.010    0     0.000     0.000
r    35.279     0.010    0     0.000     0.000
r    36.092     0.010    0     0.000     0.000
r    36.906     0.010    0     0.000     0.000
r    38.031     0.010    0     0.000     0.000
r    38.844     0.010    0     0.000     0.000
r    39.982     0.010    0     0.000     0.000
r    40.792     0.010    0     0.000     0.000
r    41.760     0.010    0     0.000     0.000
r    42.570     0.010    0     0.000     0.000
r    43.338     0.010    0     0.000     0.000
r    44.127     0.010    0     0.000     0.000
r    44.912     0.010    0     0.000     0.000
r    45.706     0.010    0     0.000     0.000
r    46.484     0.010    0     0.000     0.000
r    47.590     0.010    0     0.000     0.000
r    48.371     0.010    0     0.000     0.000
r    49.471     0.010    0     0.000     0.000
r    50.260     0.010    0     0.000     0.000
r    51.048     0.010    0     0.000     0.000
r    51.833     0.010    0     0.000     0.000
r    52.605     0.010    0     0.000     0.000
r    53.369     0.010    0     0.000     0.000
r    54.125     0.010    0     0.000     0.000
r    54.885     0.010    0     0.000     0.000
r    55.652     0.010    0     0.000     0.000
r    56.422     0.010    0     0.000     0.000
r    57.183     0.010    0     0.000     0.000
r    57.957     0.010    0     0.000     0.000
r    58.718     0.010    0     0.000     0.000
r    59.482     0.010    0     0.000     0.000
r    60.257     0.010    0     0.000     0.000
r    61.021     0.010    0     0.000     0.000
r    61.772     0.010    0     0.000     0.000
r    62.532     0.010    0     0.000     0.000
r    63.286     0.010    0     0.000     0.000
r    64.040     0.010    0     0.000     0.000
r    64.794     0.010    0     0.000     0.000
r    65.546     0.010    0     0.000     0.000
r    66.315     0.010    0     0.000     0.000
r    67.077     0.010    0     0.000     0.000
r    69.394     0.010    0     0.000     0.000
r    71.261     0.010    0     0.000     0.000
r    72.827     0.010    0     0.000     0.000
r    92.288     0.010    0     0.000     0.000
r    93.076     0.010    0     0.000     0.000
r    93.875     0.010    0     0.000     0.000
r    94.663     0.010    0     0.000     0.000
r    95.451     0.010    0     0.000     0.000
r    96.250     0.010    0     0.000     0.000
r    97.041     0.010    0     0.000     0.000
r    97.827     0.010    0     0.000     0.000
r    98.606     0.010    0     0.000     0.000
r    99.377     0.010    0     0.000     0.000
r   100.152     0.010    0     0.000     0.000
r   100.926     0.010    0     0.000     0.000
r   101.689     0.010    0     0.000     0.000
r   102.461     0.010    0     0.000     0.000
r   103.218     0.010    0     0.000     0.000
r   103.987     0.010    0     0.000     0.000
r   104.792     0.010    0     0.000     0.000
r   105.573     0.010    0     0.000     0.000
r   106.367     0.010    0     0.000     0.000
r   107.145     0.010    0     0.000     0.000
r   107.922     0.010    0     0.000     0.000
r   108.694     0.010    0     0.000     0.000
r   109.479     0.010    0     0.000     0.000
r   110.264     0.010    0     0.000     0.000
r   111.041     0.010    0     0.000     0.000
r   111.816     0.010    0     0.000     0.000
r   112.587     0.010    0     0.000     0.000
r   113.351     0.010    0     0.000     0.000
r   114.147     0.010    0     0.000     0.000
r   114.956     0.010    0     0.000     0.000
r   115.763     0.010    0     0.000     0.000
r   116.556     0.010    0     0.000     0.000
r   117.345     0.010    0     0.000     0.000
r   118.131     0.010    0     0.000     0.000
r   118.929     0.010    0     0.000     0.000
r   119.728     0.010    0     0.000     0.000
r   120.535     0.010    0     0.000     0.000
r   121.344     0.010    0     0.000     0.000
r   122.146     0.010    0     0.000     0.000
r   122.958     0.010    0     0.000     0.000
r   123.733     0.010    0     0.000     0.000
r   124.521     0.010    0     0.000     0.000
r   125.312     0.010    0     0.000     0.000
r   126.097     0.010    0     0.000     0.000
r   126.872     0.010    0     0.000     0.000
r   127.654     0.010    0     0.000     0.000
r   128.445     0.010    0     0.000     0.000
r   129.250     0.010    0     0.000     0.000
r   130.051     0.010    0     0.000     0.000
r   130.853     0.010    0     0.000     0.000
r   131.655     0.010    0     0.000     0.000
r   132.456     0.010    0     0.000     0.000
r   133.587     0.010    0     0.000     0.000
r   135.043     0.010    0     0.000     0.000
r   136.947     0.010    0     0.000     0.000
r   138.852     0.010    0     0.000     0.000
r   140.775     0.010    0     0.000     0.000
r   217.843     0.010    0     0.000     0.000
r   219.731     0.010    0     0.000     0.000
r   221.787     0.010    0     0.000     0.000
r   226.715     0.010    0     0.000     0.000
r   228.317     0.010    0     0.000     0.000
r   230.716     0.010    0     0.000     0.000
r   233.832     0.010    0     0.000     0.000
r   236.812     0.010    0     0.000     0.000
r   239.969     0.010    0     0.000     0.000
r    85.549     0.010    0     0.000     0.000
r    87.282     0.010    0     0.000     0.000
r    89.012     0.010    0     0.000     0.000
r    91.192     0.010    0     0.000     0.000
r   261.013     0.010    1     0.000     0.000
r   264.242     0.010    1     0.000     0.000
r   267.510     0.010    1     0.000     0.000
r   271.836     0.010    1     0.000     0.000
r   275.072     0.010    1     0.000     0.000
r   278.810     0.010    1     0.000     0.000
r   282.497     0.010    1     0.000     0.000
r   285.530     0.010    1     0.000     0.000
s    72.860     2.800  168
r     3.233     0.010    0     0.000     0.000
r     4.057     0.010    0     0.000     0.000
r     4.880     0.010    0     0.000     0.000
r     5.707     0.010    0     0.000     0.000
r     6.506     0.010    0     0.000     0.000
r     7.309     0.010    0     0.000     0.000
r     8.116     0.010    0     0.000     0.000
r     8.940     0.010    0     0.000     0.000
r     9.752     0.010    0     0.000     0.000
r    10.549     0.010    0     0.000     0.000
r    11.381     0.010    0     0.000     0.000
r    12.207     0.010    0     0.000     0.000
r    13.028     0.010    0     0.000     0.000
r    13.818     0.010    0     0.000     0.000
r    14.620     0.010    0     0.000     0.000
r    15.436     0.010    0     0.000     0.000
r    16.249     0.010    0     0.000     0.000
r    17.075     0.010    0     0.000     0.000
r    17.871     0.010    0     0.000     0.000
r    18.657     0.010    0     0.000     0.000
r    19.442     0.010    0     0.000     0.000
r    20.217     0.010    0     0.000     0.000
r    21.008     0.010    0     0.000     0.000
r    21.786     0.010    0     0.000     0.000
r    22.567     0.010    0     0.000     0.000
r    23.344     0.010    0     0.000     0.000
r    24.130     0.010    0     0.000     0.000
r    24.923     0.010    0     0.000     0.000
r    25.705     0.010    0     0.000     0.000
r    26.480     0.010    0     0.000     0.000
r    27.268     0.010    0     0.000     0.000
r    28.068     0.010    0     0.000     0.000
r    28.859     0.010    0     0.000     0.000
r    29.661     0.010    0     0.000     0.000
r    30.446     0.010    0     0.000     0.000
r    31.238     0.010    0     0.000     0.000
r    32.032     0.010    0     0.000     0.000
r    32.845     0.010    0     0.000     0.000
r    33.644     0.010    0     0.000     0.000
r    34.457     0.010    0     0.000     0.000
r    35.280     0.010    0     0.000     0.000
r    36.093     0.010    0     0.000     0.000
r    36.907     0.010    0     0.000     0.000
r    37.706     0.010    0     0.000     0.000
r    38.519     0.010    0     0.000     0.000
r    39.332     0.010    0     0.000     0.000
r    40.144     0.010    0     0.000     0.000
r    40.968     0.010    0     0.000     0.000
r    41.761     0.010    0     0.000     0.000
r    42.570     0.010    0     0.000     0.000
r    43.339     0.010    0     0.000     0.000
r    44.127     0.010    0     0.000     0.000
r    44.913     0.010    0     0.000     0.000
r    45.707     0.010    0     0.000     0.000
r    46.485     0.010    0     0.000     0.000
r    47.279     0.010    0     0.000     0.000
r    48.848     0.010    0     0.000     0.000
r    50.260     0.010    0     0.000     0.000
r    51.358     0.010    0     0.000     0.000
r    52.756     0.010    0     0.000     0.000
r    53.822     0.010    0     0.000     0.000
r    55.957     0.010    0     0.000     0.000
r    57.657     0.010    0     0.000     0.000
r    59.483     0.010    0     0.000     0.000
r    61.315     0.010    0     0.000     0.000
r    64.041     0.010    0     0.000     0.000
r    65.547     0.010    0     0.000     0.000
r    86.341     0.010    0     0.000     0.000
r    87.444     0.010    0     0.000     0.000
r    88.698     0.010    0     0.000     0.000
r    90.259     0.010    0     0.000     0.000
r    91.508     0.010    0     0.000     0.000
r    93.077     0.010    0     0.000     0.000
r    94.188     0.010    0     0.000     0.000
r    95.616     0.010    0     0.000     0.000
r    96.566     0.010    0     0.000     0.000
r    97.827     0.010    0     0.000     0.000
r    99.069     0.010    0     0.000     0.000
r   100.314     0.010    0     0.000     0.000
r   101.536     0.010    0     0.000     0.000
r   102.462     0.010    0     0.000     0.000
r   103.218     0.010    0     0.000     0.000
r   103.988     0.010    0     0.000     0.000
r   104.793     0.010    0     0.000     0.000
r   105.574     0.010    0     0.000     0.000
r   106.368     0.010    0     0.000     0.000
r   107.145     0.010    0     0.000     0.000
r   107.923     0.010    0     0.000     0.000
r   108.694     0.010    0     0.000     0.000
r   109.479     0.010    0     0.000     0.000
r   110.265     0.010    0     0.000     0.000
r   111.042     0.010    0     0.000     0.000
r   111.816     0.010    0     0.000     0.000
r   112.588     0.010    0     0.000     0.000
r   113.352     0.010    0     0.000     0.000
r   114.148     0.010    0     0.000     0.000
r   114.957     0.010    0     0.000     0.000
r   115.764     0.010    0     0.000     0.000
r   116.556     0.010    0     0.000     0.000
r   117.346     0.010    0     0.000     0.000
r   118.131     0.010    0     0.000     0.000
r   118.930     0.010    0     0.000     0.000
r   119.729     0.010    0     0.000     0.000
r   120.535     0.010    0     0.000     0.000
r   121.345     0.010    0     0.000     0.000
r   122.147     0.010    0     0.000     0.000
r   122.959     0.010    0     0.000     0.000
r   123.734     0.010    0     0.000     0.000
r   124.522     0.010    0     0.000     0.000
r   125.313     0.010    0     0.000     0.000
r   126.098     0.010    0     0.000     0.000
r   126.872     0.010    0     0.000     0.000
r   127.654     0.010    0     0.000     0.000
r   128.446     0.010    0     0.000     0.000
r   129.250     0.010    0     0.000     0.000
r   130.052     0.010    0     0.000     0.000
r   130.854     0.010    0     0.000     0.000
r   131.655     0.010    0     0.000     0.000
r   132.457     0.010    0     0.000     0.000
r   133.262     0.010    0     0.000     0.000
r   134.077     0.010    0     0.000     0.000
r   134.890     0.010    0     0.000     0.000
r   135.681     0.010    0     0.000     0.000
r   136.472     0.010    0     0.000     0.000
r   137.263     0.010    0     0.000     0.000
r   138.051     0.010    0     0.000     0.000
r   138.853     0.010    0     0.000     0.000
r   139.654     0.010    0     0.000     0.000
r   140.453     0.010    0     0.000     0.000
r   141.252     0.010    0     0.000     0.000
r   142.064     0.010    0     0.000     0.000
r   142.866     0.010    0     0.000     0.000
r   143.665     0.010    0     0.000     0.000
r   144.474     0.010    0     0.000     0.000
r   145.273     0.010    0     0.000     0.000
r   146.082     0.010    0     0.000     0.000
r   222.068     0.010    0     0.000     0.000
r   226.124     0.010    0     0.000     0.000
r   229.883     0.010    0     0.000     0.000
r   234.949     0.010    0     0.000     0.000
r   238.886     0.010    0     0.000     0.000
r   241.970     0.010    0     0.000     0.000
r   245.976     0.010    0     0.000     0.000
r   252.681     0.010    0     0.000     0.000
r   257.681     0.010    0     0.000     0.000
r   264.081     0.010    0     0.000     0.000
r   270.559     0.010    0     0.000     0.000
r    79.770     0.010    0     0.000     0.000
r    81.478     0.010    0     0.000     0.000
r    83.045     0.010    0     0.000     0.000
r    84.450     0.010    0     0.000     0.000
r   124.522     0.010    1     0.000     0.000
r   126.722     0.010    1     0.000     0.000
r   128.281     0.010    1     0.000     0.000
r   130.213     0.010    1     0.000     0.000
r   131.806     0.010    1     0.000     0.000
r   134.725     0.010    1     0.000     0.000
r   137.739     0.010    1     0.000     0.000
r   140.776     0.010    1     0.000     0.000
r   144.148     0.010    1     0.000     0.000
r   147.042     0.010    1     0.000     0.000
r   228.318     0.010    1     0.000     0.000
r   232.846     0.010    1     0.000     0.000
r   237.832     0.010    1     0.000     0.000
r   254.878     0.010    1     0.000     0.000
r   260.702     0.010    1     0.000     0.000
r   267.347     0.010    1     0.000     0.000
r   273.939     0.010    1     0.000     0.000
s    60.860     2.620  156
r     8.603     0.010    0     0.000     0.000
r     9.430     0.010    0     0.000     0.000
r    10.237     0.010    0     0.000     0.000
r    11.045     0.010    0     0.000     0.000
r    11.882     0.010    0     0.000     0.000
r    12.705     0.010    0     0.000     0.000
r    13.506     0.010    0     0.000     0.000
r    14.305     0.010    0     0.000     0.000
r    15.110     0.010    0     0.000     0.000
r    15.923     0.010    0     0.000     0.000
r    16.739     0.010    0     0.000     0.000
r    17.559     0.010    0     0.000     0.000
r    18.342     0.010    0     0.000     0.000
r    19.130     0.010    0     0.000     0.000
r    19.915     0.010    0     0.000     0.000
r    20.693     0.010    0     0.000     0.000
r    21.474     0.010    0     0.000     0.000
r    22.252     0.010    0     0.000     0.000
r    23.032     0.010    0     0.000     0.000
r    23.821     0.010    0     0.000     0.000
r    24.600     0.010    0     0.000     0.000
r    25.393     0.010    0     0.000     0.000
r    26.168     0.010    0     0.000     0.000
r    26.956     0.010    0     0.000     0.000
r    27.745     0.010    0     0.000     0.000
r    28.544     0.010    0     0.000     0.000
r    29.335     0.010    0     0.000     0.000
r    30.131     0.010    0     0.000     0.000
r    30.923     0.010    0     0.000     0.000
r    31.714     0.010    0     0.000     0.000
r    32.522     0.010    0     0.000     0.000
r    33.318     0.010    0     0.000     0.000
r    34.131     0.010    0     0.000     0.000
r    34.944     0.010    0     0.000     0.000
r    35.767     0.010    0     0.000     0.000
r    36.584     0.010    0     0.000     0.000
r    37.383     0.010    0     0.000     0.000
r    38.193     0.010    0     0.000     0.000
r    39.006     0.010    0     0.000     0.000
r    39.819     0.010    0     0.000     0.000
r    40.631     0.010    0     0.000     0.000
r    41.449     0.010    0     0.000     0.000
r    42.245     0.010    0     0.000     0.000
r    43.030     0.010    0     0.000     0.000
r    43.812     0.010    0     0.000     0.000
r    44.601     0.010    0     0.000     0.000
r    45.392     0.010    0     0.000     0.000
r    46.173     0.010    0     0.000     0.000
r    46.964     0.010    0     0.000     0.000
r    47.752     0.010    0     0.000     0.000
r    48.533     0.010    0     0.000     0.000
r    49.321     0.010    0     0.000     0.000
r    50.099     0.010    0     0.000     0.000
r    50.887     0.010    0     0.000     0.000
r    51.673     0.010    0     0.000     0.000
r    71.892     0.010    0     0.000     0.000
r    72.673     0.010    0     0.000     0.000
r    73.451     0.010    0     0.000     0.000
r    74.242     0.010    0     0.000     0.000
r    74.992     0.010    0     0.000     0.000
r    75.753     0.010    0     0.000     0.000
r    76.526     0.010    0     0.000     0.000
r    77.296     0.010    0     0.000     0.000
r    78.073     0.010    0     0.000     0.000
r    78.848     0.010    0     0.000     0.000
r    79.620     0.010    0     0.000     0.000
r    80.394     0.010    0     0.000     0.000
r    81.166     0.010    0     0.000     0.000
r    81.940     0.010    0     0.000     0.000
r    82.723     0.010    0     0.000     0.000
r    83.508     0.010    0     0.000     0.000
r    84.285     0.010    0     0.000     0.000
r    85.074     0.010    0     0.000     0.000
r    85.865     0.010    0     0.000     0.000
r    86.656     0.010    0     0.000     0.000
r    87.444     0.010    0     0.000     0.000
r    88.232     0.010    0     0.000     0.000
r    89.013     0.010    0     0.000     0.000
r    89.794     0.010    0     0.000     0.000
r    90.563     0.010    0     0.000     0.000
r    91.355     0.010    0     0.000     0.000
r    92.135     0.010    0     0.000     0.000
r    92.916     0.010    0     0.000     0.000
r    93.715     0.010    0     0.000     0.000
r    94.513     0.010    0     0.000     0.000
r    95.302     0.010    0     0.000     0.000
r    96.090     0.010    0     0.000     0.000
r    96.881     0.010    0     0.000     0.000
r    97.677     0.010    0     0.000     0.000
r    98.459     0.010    0     0.000     0.000
r    99.228     0.010    0     0.000     0.000
r   100.002     0.010    0     0.000     0.000
r   100.777     0.010    0     0.000     0.000
r   101.536     0.010    0     0.000     0.000
r   102.298     0.010    0     0.000     0.000
r   103.068     0.010    0     0.000     0.000
r   103.838     0.010    0     0.000     0.000
r   104.629     0.010    0     0.000     0.000
r   105.423     0.010    0     0.000     0.000
r   106.203     0.010    0     0.000     0.000
r   106.992     0.010    0     0.000     0.000
r   107.769     0.010    0     0.000     0.000
r   108.544     0.010    0     0.000     0.000
r   109.315     0.010    0     0.000     0.000
r   110.103     0.010    0     0.000     0.000
r   110.881     0.010    0     0.000     0.000
r   111.666     0.010    0     0.000     0.000
r   112.440     0.010    0     0.000     0.000
r   113.201     0.010    0     0.000     0.000
r   113.997     0.010    0     0.000     0.000
r   114.796     0.010    0     0.000     0.000
r   115.602     0.010    0     0.000     0.000
r   116.395     0.010    0     0.000     0.000
r   117.188     0.010    0     0.000     0.000
r   117.970     0.010    0     0.000     0.000
r   118.766     0.010    0     0.000     0.000
r   119.568     0.010    0     0.000     0.000
r   120.374     0.010    0     0.000     0.000
r   121.184     0.010    0     0.000     0.000
r   121.985     0.010    0     0.000     0.000
r   122.798     0.010    0     0.000     0.000
r   123.583     0.010    0     0.000     0.000
r   124.368     0.010    0     0.000     0.000
r   125.635     0.010    0     0.000     0.000
r   127.805     0.010    0     0.000     0.000
r   129.888     0.010    0     0.000     0.000
r   131.970     0.010    0     0.000     0.000
r   133.752     0.010    0     0.000     0.000
r   136.157     0.010    0     0.000     0.000
r   138.215     0.010    0     0.000     0.000
r   140.453     0.010    0     0.000     0.000
r   144.947     0.010    0     0.000     0.000
r   225.239     0.010    0     0.000     0.000
r   228.888     0.010    0     0.000     0.000
r   231.988     0.010    0     0.000     0.000
r   236.100     0.010    0     0.000     0.000
r   241.354     0.010    0     0.000     0.000
r   247.671     0.010    0     0.000     0.000
r   253.009     0.010    0     0.000     0.000
r   114.470     0.010    1     0.000     0.000
r   116.244     0.010    1     0.000     0.000
r   118.293     0.010    1     0.000     0.000
r   120.213     0.010    1     0.000     0.000
r   122.147     0.010    1     0.000     0.000
r   123.734     0.010    1     0.000     0.000
r   125.947     0.010    1     0.000     0.000
r   128.281     0.010    1     0.000     0.000
r   130.378     0.010    1     0.000     0.000
r   132.457     0.010    1     0.000     0.000
r   134.400     0.010    1     0.000     0.000
r   136.948     0.010    1     0.000     0.000
r   139.003     0.010    1     0.000     0.000
r   140.776     0.010    1     0.000     0.000
r   142.702     0.010    1     0.000     0.000
r   143.987     0.010    1     0.000     0.000
r   145.757     0.010    1     0.000     0.000
s    54.860     2.710  132
r     3.394     0.010    0     0.000     0.000
r     4.217     0.010    0     0.000     0.000
r     5.041     0.010    0     0.000     0.000
r     5.867     0.010    0     0.000     0.000
r     6.663     0.010    0     0.000     0.000
r     7.467     0.010    0     0.000     0.000
r     8.277     0.010    0     0.000     0.000
r     9.103     0.010    0     0.000     0.000
r     9.913     0.010    0     0.000     0.000
r    10.715     0.010    0     0.000     0.000
r    11.545     0.010    0     0.000     0.000
r    12.379     0.010    0     0.000     0.000
r    13.186     0.010    0     0.000     0.000
r    13.979     0.010    0     0.000     0.000
r    14.784     0.010    0     0.000     0.000
r    15.600     0.010    0     0.000     0.000
r    16.412     0.010    0     0.000     0.000
r    17.236     0.010    0     0.000     0.000
r    18.032     0.010    0     0.000     0.000
r    18.817     0.010    0     0.000     0.000
r    19.603     0.010    0     0.000     0.000
r    20.377     0.010    0     0.000     0.000
r    21.158     0.010    0     0.000     0.000
r    21.947     0.010    0     0.000     0.000
r    22.717     0.010    0     0.000     0.000
r    23.505     0.010    0     0.000     0.000
r    24.291     0.010    0     0.000     0.000
r    25.073     0.010    0     0.000     0.000
r    25.855     0.010    0     0.000     0.000
r    26.641     0.010    0     0.000     0.000
r    27.432     0.010    0     0.000     0.000
r    28.217     0.010    0     0.000     0.000
r    29.020     0.010    0     0.000     0.000
r    29.822     0.010    0     0.000     0.000
r    30.610     0.010    0     0.000     0.000
r    31.388     0.010    0     0.000     0.000
r    32.196     0.010    0     0.000     0.000
r    33.006     0.010    0     0.000     0.000
r    33.808     0.010    0     0.000     0.000
r    34.617     0.010    0     0.000     0.000
r    35.444     0.010    0     0.000     0.000
r    36.253     0.010    0     0.000     0.000
r    37.057     0.010    0     0.000     0.000
r    37.870     0.010    0     0.000     0.000
r    38.679     0.010    0     0.000     0.000
r    39.492     0.010    0     0.000     0.000
r    40.305     0.010    0     0.000     0.000
r    41.128     0.010    0     0.000     0.000
r    41.921     0.010    0     0.000     0.000
r    42.731     0.010    0     0.000     0.000
r    43.499     0.010    0     0.000     0.000
r    44.288     0.010    0     0.000     0.000
r    45.065     0.010    0     0.000     0.000
r    45.857     0.010    0     0.000     0.000
r    46.648     0.010    0     0.000     0.000
r    47.429     0.010    0     0.000     0.000
r    48.217     0.010    0     0.000     0.000
r    60.105     0.010    0     0.000     0.000
r    60.866     0.010    0     0.000     0.000
r    61.618     0.010    0     0.000     0.000
r    62.380     0.010    0     0.000     0.000
r    63.142     0.010    0     0.000     0.000
r    63.887     0.010    0     0.000     0.000
r    64.635     0.010    0     0.000     0.000
r    65.398     0.010    0     0.000     0.000
r    66.166     0.010    0     0.000     0.000
r    66.929     0.010    0     0.000     0.000
r    67.693     0.010    0     0.000     0.000
r    68.460     0.010    0     0.000     0.000
r    69.231     0.010    0     0.000     0.000
r    70.006     0.010    0     0.000     0.000
r    70.797     0.010    0     0.000     0.000
r    71.572     0.010    0     0.000     0.000
r    72.357     0.010    0     0.000     0.000
r    73.138     0.010    0     0.000     0.000
r    73.929     0.010    0     0.000     0.000
r    74.693     0.010    0     0.000     0.000
r    75.440     0.010    0     0.000     0.000
r    76.221     0.010    0     0.000     0.000
r    76.991     0.010    0     0.000     0.000
r    77.761     0.010    0     0.000     0.000
r    78.535     0.010    0     0.000     0.000
r    79.317     0.010    0     0.000     0.000
r    80.081     0.010    0     0.000     0.000
r    80.853     0.010    0     0.000     0.000
r    81.628     0.010    0     0.000     0.000
r    82.410     0.010    0     0.000     0.000
r    83.195     0.010    0     0.000     0.000
r    83.983     0.010    0     0.000     0.000
r    84.761     0.010    0     0.000     0.000
r    85.549     0.010    0     0.000     0.000
r    86.340     0.010    0     0.000     0.000
r    87.132     0.010    0     0.000     0.000
r    87.920     0.010    0     0.000     0.000
r    88.697     0.010    0     0.000     0.000
r    89.478     0.010    0     0.000     0.000
r    90.258     0.010    0     0.000     0.000
r    91.028     0.010    0     0.000     0.000
r    91.819     0.010    0     0.000     0.000
r    92.603     0.010    0     0.000     0.000
r    94.187     0.010    0     0.000     0.000
r    95.616     0.010    0     0.000     0.000
r    97.676     0.010    0     0.000     0.000
r    99.840     0.010    0     0.000     0.000
r   101.842     0.010    0     0.000     0.000
r   103.837     0.010    0     0.000     0.000
r   106.518     0.010    0     0.000     0.000
r   109.005     0.010    0     0.000     0.000
r   110.880     0.010    0     0.000     0.000
r   112.440     0.010    0     0.000     0.000
r   113.996     0.010    0     0.000     0.000
r   115.763     0.010    0     0.000     0.000
r   119.406     0.010    0     0.000     0.000
r   259.592     0.010    0     0.000     0.000
r   265.221     0.010    0     0.000     0.000
r   270.073     0.010    0     0.000     0.000
r   115.924     0.010    1     0.000     0.000
r   117.496     0.010    1     0.000     0.000
r   119.241     0.010    1     0.000     0.000
r   121.022     0.010    1     0.000     0.000
r   122.633     0.010    1     0.000     0.000
r   124.685     0.010    1     0.000     0.000
r   126.560     0.010    1     0.000     0.000
r   128.606     0.010    1     0.000     0.000
r   129.887     0.010    1     0.000     0.000
r   131.655     0.010    1     0.000     0.000
r   133.425     0.010    1     0.000     0.000
r   135.043     0.010    1     0.000     0.000
r   136.471     0.010    1     0.000     0.000
r   138.215     0.010    1     0.000     0.000
r   139.804     0.010    1     0.000     0.000
r   141.738     0.010    1     0.000     0.000
s    48.860     2.370   92
r     4.056     0.010    0     0.000     0.000
r     4.880     0.010    0     0.000     0.000
r     5.706     0.010    0     0.000     0.000
r     6.505     0.010    0     0.000     0.000
r     7.309     0.010    0     0.000     0.000
r     8.116     0.010    0     0.000     0.000
r     8.939     0.010    0     0.000     0.000
r     9.752     0.010    0     0.000     0.000
r    10.548     0.010    0     0.000     0.000
r    11.381     0.010    0     0.000     0.000
r    12.207     0.010    0     0.000     0.000
r    13.028     0.010    0     0.000     0.000
r    13.818     0.010    0     0.000     0.000
r    14.784     0.010    0     0.000     0.000
r    15.600     0.010    0     0.000     0.000
r    16.413     0.010    0     0.000     0.000
r    17.236     0.010    0     0.000     0.000
r    18.032     0.010    0     0.000     0.000
r    18.818     0.010    0     0.000     0.000
r    19.603     0.010    0     0.000     0.000
r    20.378     0.010    0     0.000     0.000
r    21.159     0.010    0     0.000     0.000
r    21.947     0.010    0     0.000     0.000
r    22.717     0.010    0     0.000     0.000
r    23.506     0.010    0     0.000     0.000
r    24.291     0.010    0     0.000     0.000
r    25.073     0.010    0     0.000     0.000
r    25.856     0.010    0     0.000     0.000
r    26.641     0.010    0     0.000     0.000
r    27.432     0.010    0     0.000     0.000
r    28.218     0.010    0     0.000     0.000
r    29.020     0.010    0     0.000     0.000
r    29.822     0.010    0     0.000     0.000
r    30.610     0.010    0     0.000     0.000
r    31.388     0.010    0     0.000     0.000
r    32.196     0.010    0     0.000     0.000
r    33.006     0.010    0     0.000     0.000
r    33.969     0.010    0     0.000     0.000
r    34.782     0.010    0     0.000     0.000
r    35.605     0.010    0     0.000     0.000
r    36.415     0.010    0     0.000     0.000
r    37.222     0.010    0     0.000     0.000
r    38.031     0.010    0     0.000     0.000
r    38.844     0.010    0     0.000     0.000
r    39.657     0.010    0     0.000     0.000
r    40.470     0.010    0     0.000     0.000
r    41.287     0.010    0     0.000     0.000
r    42.083     0.010    0     0.000     0.000
r    55.035     0.010    0     0.000     0.000
r    55.805     0.010    0     0.000     0.000
r    56.572     0.010    0     0.000     0.000
r    57.343     0.010    0     0.000     0.000
r    58.107     0.010    0     0.000     0.000
r    58.868     0.010    0     0.000     0.000
r    59.643     0.010    0     0.000     0.000
r    60.407     0.010    0     0.000     0.000
r    61.171     0.010    0     0.000     0.000
r    61.923     0.010    0     0.000     0.000
r    62.685     0.010    0     0.000     0.000
r    63.440     0.010    0     0.000     0.000
r    64.181     0.010    0     0.000     0.000
r    64.942     0.010    0     0.000     0.000
r    65.707     0.010    0     0.000     0.000
r    66.473     0.010    0     0.000     0.000
r    67.228     0.010    0     0.000     0.000
r    67.995     0.010    0     0.000     0.000
r    68.769     0.010    0     0.000     0.000
r    69.544     0.010    0     0.000     0.000
r    70.636     0.010    0     0.000     0.000
r    71.572     0.010    0     0.000     0.000
r    72.358     0.010    0     0.000     0.000
r    73.138     0.010    0     0.000     0.000
r    74.091     0.010    0     0.000     0.000
r    74.844     0.010    0     0.000     0.000
r    75.602     0.010    0     0.000     0.000
r    76.372     0.010    0     0.000     0.000
r    77.142     0.010    0     0.000     0.000
r    77.912     0.010    0     0.000     0.000
r    78.697     0.010    0     0.000     0.000
r    79.619     0.010    0     0.000     0.000
r    80.394     0.010    0     0.000     0.000
r    81.165     0.010    0     0.000     0.000
r    82.101     0.010    0     0.000     0.000
r    82.884     0.010    0     0.000     0.000
r    83.984     0.010    0     0.000     0.000
r    84.761     0.010    0     0.000     0.000
r    85.714     0.010    0     0.000     0.000
r    86.491     0.010    0     0.000     0.000
r    87.283     0.010    0     0.000     0.000
r    88.232     0.010    0     0.000     0.000
r    89.163     0.010    0     0.000     0.000
r    90.097     0.010    0     0.000     0.000
s    42.860     2.390  112
r     3.233     0.010    0     0.000     0.000
r     4.056     0.010    0     0.000     0.000
r     4.880     0.010    0     0.000     0.000
r     5.706     0.010    0     0.000     0.000
r     6.505     0.010    0     0.000     0.000
r     7.309     0.010    0     0.000     0.000
r     8.116     0.010    0     0.000     0.000
r     8.939     0.010    0     0.000     0.000
r     9.752     0.010    0     0.000     0.000
r    10.548     0.010    0     0.000     0.000
r    11.381     0.010    0     0.000     0.000
r    12.207     0.010    0     0.000     0.000
r    13.028     0.010    0     0.000     0.000
r    13.818     0.010    0     0.000     0.000
r    14.620     0.010    0     0.000     0.000
r    15.436     0.010    0     0.000     0.000
r    16.248     0.010    0     0.000     0.000
r    17.075     0.010    0     0.000     0.000
r    17.871     0.010    0     0.000     0.000
r    18.656     0.010    0     0.000     0.000
r    19.442     0.010    0     0.000     0.000
r    20.216     0.010    0     0.000     0.000
r    21.008     0.010    0     0.000     0.000
r    21.786     0.010    0     0.000     0.000
r    22.566     0.010    0     0.000     0.000
r    23.344     0.010    0     0.000     0.000
r    24.130     0.010    0     0.000     0.000
r    24.923     0.010    0     0.000     0.000
r    25.705     0.010    0     0.000     0.000
r    26.480     0.010    0     0.000     0.000
r    27.268     0.010    0     0.000     0.000
r    28.067     0.010    0     0.000     0.000
r    28.859     0.010    0     0.000     0.000
r    29.661     0.010    0     0.000     0.000
r    30.446     0.010    0     0.000     0.000
r    31.237     0.010    0     0.000     0.000
r    32.032     0.010    0     0.000     0.000
r    32.845     0.010    0     0.000     0.000
r    33.644     0.010    0     0.000     0.000
r    34.456     0.010    0     0.000     0.000
r    35.280     0.010    0     0.000     0.000
r    36.092     0.010    0     0.000     0.000
r    36.907     0.010    0     0.000     0.000
r    48.683     0.010    0     0.000     0.000
r    49.471     0.010    0     0.000     0.000
r    50.259     0.010    0     0.000     0.000
r    51.048     0.010    0     0.000     0.000
r    51.833     0.010    0     0.000     0.000
r    52.605     0.010    0     0.000     0.000
r    53.369     0.010    0     0.000     0.000
r    54.125     0.010    0     0.000     0.000
r    54.884     0.010    0     0.000     0.000
r    55.651     0.010    0     0.000     0.000
r    56.421     0.010    0     0.000     0.000
r    57.182     0.010    0     0.000     0.000
r    57.957     0.010    0     0.000     0.000
r    58.718     0.010    0     0.000     0.000
r    59.482     0.010    0     0.000     0.000
r    60.256     0.010    0     0.000     0.000
r    61.020     0.010    0     0.000     0.000
r    61.772     0.010    0     0.000     0.000
r    62.531     0.010    0     0.000     0.000
r    63.286     0.010    0     0.000     0.000
r    64.041     0.010    0     0.000     0.000
r    64.794     0.010    0     0.000     0.000
r    65.546     0.010    0     0.000     0.000
r    66.314     0.010    0     0.000     0.000
r    67.077     0.010    0     0.000     0.000
r    67.844     0.010    0     0.000     0.000
r    68.619     0.010    0     0.000     0.000
r    69.393     0.010    0     0.000     0.000
r    70.171     0.010    0     0.000     0.000
r    70.948     0.010    0     0.000     0.000
r    71.731     0.010    0     0.000     0.000
r    72.511     0.010    0     0.000     0.000
r    73.300     0.010    0     0.000     0.000
r    74.091     0.010    0     0.000     0.000
r    74.844     0.010    0     0.000     0.000
r    75.602     0.010    0     0.000     0.000
r    76.372     0.010    0     0.000     0.000
r    77.142     0.010    0     0.000     0.000
r    78.073     0.010    0     0.000     0.000
r    78.848     0.010    0     0.000     0.000
r    79.770     0.010    0     0.000     0.000
r    81.015     0.010    0     0.000     0.000
r    82.101     0.010    0     0.000     0.000
r    82.884     0.010    0     0.000     0.000
r    83.984     0.010    0     0.000     0.000
r    84.761     0.010    0     0.000     0.000
r    86.026     0.010    0     0.000     0.000
r    86.806     0.010    0     0.000     0.000
r    87.595     0.010    0     0.000     0.000
r    88.386     0.010    0     0.000     0.000
r   104.628     0.010    1     0.000     0.000
r   106.830     0.010    1     0.000     0.000
r   108.855     0.010    1     0.000     0.000
r   111.192     0.010    1     0.000     0.000
r   113.510     0.010    1     0.000     0.000
r   115.279     0.010    1     0.000     0.000
r   117.497     0.010    1     0.000     0.000
r   119.890     0.010    1     0.000     0.000
r   121.670     0.010    1     0.000     0.000
r   123.733     0.010    1     0.000     0.000
r   125.786     0.010    1     0.000     0.000
r   127.805     0.010    1     0.000     0.000
r   129.887     0.010    1     0.000     0.000
r   132.296     0.010    1     0.000     0.000
r   134.400     0.010    1     0.000     0.000
r   136.633     0.010    1     0.000     0.000
r   139.167     0.010    1     0.000     0.000
r   141.090     0.010    1     0.000     0.000
r   143.826     0.010    1     0.000     0.000
s    36.848     2.590  106
r     4.543     0.010    0     0.000     0.000
r     5.370     0.010    0     0.000     0.000
r     6.190     0.010    0     0.000     0.000
r     6.987     0.010    0     0.000     0.000
r     7.790     0.010    0     0.000     0.000
r     8.603     0.010    0     0.000     0.000
r     9.430     0.010    0     0.000     0.000
r    10.236     0.010    0     0.000     0.000
r    11.044     0.010    0     0.000     0.000
r    11.882     0.010    0     0.000     0.000
r    12.705     0.010    0     0.000     0.000
r    13.506     0.010    0     0.000     0.000
r    14.305     0.010    0     0.000     0.000
r    15.110     0.010    0     0.000     0.000
r    15.923     0.010    0     0.000     0.000
r    16.739     0.010    0     0.000     0.000
r    17.559     0.010    0     0.000     0.000
r    18.341     0.010    0     0.000     0.000
r    19.130     0.010    0     0.000     0.000
r    19.915     0.010    0     0.000     0.000
r    20.693     0.010    0     0.000     0.000
r    21.474     0.010    0     0.000     0.000
r    22.251     0.010    0     0.000     0.000
r    23.032     0.010    0     0.000     0.000
r    23.821     0.010    0     0.000     0.000
r    24.600     0.010    0     0.000     0.000
r    25.393     0.010    0     0.000     0.000
r    26.168     0.010    0     0.000     0.000
r    26.956     0.010    0     0.000     0.000
r    27.745     0.010    0     0.000     0.000
r    28.544     0.010    0     0.000     0.000
r    29.335     0.010    0     0.000     0.000
r    30.131     0.010    0     0.000     0.000
r    30.923     0.010    0     0.000     0.000
r    41.921     0.010    0     0.000     0.000
r    42.731     0.010    0     0.000     0.000
r    43.499     0.010    0     0.000     0.000
r    44.288     0.010    0     0.000     0.000
r    45.065     0.010    0     0.000     0.000
r    45.857     0.010    0     0.000     0.000
r    46.648     0.010    0     0.000     0.000
r    47.429     0.010    0     0.000     0.000
r    48.217     0.010    0     0.000     0.000
r    48.998     0.010    0     0.000     0.000
r    49.794     0.010    0     0.000     0.000
r    50.574     0.010    0     0.000     0.000
r    51.357     0.010    0     0.000     0.000
r    52.145     0.010    0     0.000     0.000
r    52.906     0.010    0     0.000     0.000
r    53.670     0.010    0     0.000     0.000
r    54.429     0.010    0     0.000     0.000
r    55.186     0.010    0     0.000     0.000
r    55.956     0.010    0     0.000     0.000
r    56.723     0.010    0     0.000     0.000
r    57.494     0.010    0     0.000     0.000
r    58.258     0.010    0     0.000     0.000
r    59.016     0.010    0     0.000     0.000
r    59.794     0.010    0     0.000     0.000
r    60.565     0.010    0     0.000     0.000
r    61.314     0.010    0     0.000     0.000
r    62.076     0.010    0     0.000     0.000
r    62.839     0.010    0     0.000     0.000
r    63.590     0.010    0     0.000     0.000
r    64.334     0.010    0     0.000     0.000
r    65.089     0.010    0     0.000     0.000
r    65.858     0.010    0     0.000     0.000
r    66.620     0.010    0     0.000     0.000
r    67.381     0.010    0     0.000     0.000
r    68.148     0.010    0     0.000     0.000
r    68.920     0.010    0     0.000     0.000
r    69.698     0.010    0     0.000     0.000
r    70.483     0.010    0     0.000     0.000
r    71.260     0.010    0     0.000     0.000
r    72.043     0.010    0     0.000     0.000
r    72.826     0.010    0     0.000     0.000
r    73.615     0.010    0     0.000     0.000
r    74.392     0.010    0     0.000     0.000
r    75.142     0.010    0     0.000     0.000
r    75.906     0.010    0     0.000     0.000
r    76.676     0.010    0     0.000     0.000
r    77.761     0.010    0     0.000     0.000
r    79.157     0.010    0     0.000     0.000
r    80.542     0.010    0     0.000     0.000
r    81.940     0.010    0     0.000     0.000
r    83.196     0.010    0     0.000     0.000
r    84.285     0.010    0     0.000     0.000
r    86.176     0.010    0     0.000     0.000
r    89.478     0.010    0     0.000     0.000
r    93.550     0.010    0     0.000     0.000
r    96.881     0.010    0     0.000     0.000
r   100.464     0.010    0     0.000     0.000
r   104.152     0.010    0     0.000     0.000
r   109.315     0.010    0     0.000     0.000
r   114.957     0.010    0     0.000     0.000
r   119.729     0.010    0     0.000     0.000
r   122.959     0.010    0     0.000     0.000
r   127.493     0.010    0     0.000     0.000
r   132.296     0.010    0     0.000     0.000
r   139.655     0.010    0     0.000     0.000
r   143.017     0.010    0     0.000     0.000
r   148.153     0.010    0     0.000     0.000
r   110.730     0.010    1     0.000     0.000
r   114.470     0.010    1     0.000     0.000
r   117.188     0.010    1     0.000     0.000
r   120.051     0.010    1     0.000     0.000
r   122.633     0.010    1     0.000     0.000
s    30.818     2.730  103
r     3.881     0.010    0     0.000     0.000
r     4.704     0.010    0     0.000     0.000
r     5.541     0.010    0     0.000     0.000
r     6.340     0.010    0     0.000     0.000
r     7.147     0.010    0     0.000     0.000
r     7.951     0.010    0     0.000     0.000
r     8.778     0.010    0     0.000     0.000
r     9.590     0.010    0     0.000     0.000
r    10.387     0.010    0     0.000     0.000
r    11.208     0.010    0     0.000     0.000
r    12.042     0.010    0     0.000     0.000
r    12.866     0.010    0     0.000     0.000
r    13.656     0.010    0     0.000     0.000
r    14.458     0.010    0     0.000     0.000
r    15.271     0.010    0     0.000     0.000
r    16.086     0.010    0     0.000     0.000
r    16.910     0.010    0     0.000     0.000
r    17.709     0.010    0     0.000     0.000
r    18.502     0.010    0     0.000     0.000
r    19.290     0.010    0     0.000     0.000
r    20.065     0.010    0     0.000     0.000
r    20.843     0.010    0     0.000     0.000
r    21.634     0.010    0     0.000     0.000
r    22.401     0.010    0     0.000     0.000
r    23.192     0.010    0     0.000     0.000
r    23.981     0.010    0     0.000     0.000
r    24.760     0.010    0     0.000     0.000
r    25.543     0.010    0     0.000     0.000
r    35.606     0.010    0     0.000     0.000
r    36.415     0.010    0     0.000     0.000
r    37.221     0.010    0     0.000     0.000
r    38.031     0.010    0     0.000     0.000
r    38.844     0.010    0     0.000     0.000
r    39.656     0.010    0     0.000     0.000
r    40.469     0.010    0     0.000     0.000
r    41.286     0.010    0     0.000     0.000
r    42.082     0.010    0     0.000     0.000
r    42.881     0.010    0     0.000     0.000
r    43.650     0.010    0     0.000     0.000
r    44.449     0.010    0     0.000     0.000
r    45.226     0.010    0     0.000     0.000
r    46.018     0.010    0     0.000     0.000
r    46.798     0.010    0     0.000     0.000
r    47.590     0.010    0     0.000     0.000
r    48.371     0.010    0     0.000     0.000
r    49.320     0.010    0     0.000     0.000
r    50.098     0.010    0     0.000     0.000
r    50.886     0.010    0     0.000     0.000
r    51.833     0.010    0     0.000     0.000
r    52.604     0.010    0     0.000     0.000
r    53.368     0.010    0     0.000     0.000
r    54.125     0.010    0     0.000     0.000
r    54.884     0.010    0     0.000     0.000
r    55.651     0.010    0     0.000     0.000
r    56.421     0.010    0     0.000     0.000
r    57.343     0.010    0     0.000     0.000
r    58.107     0.010    0     0.000     0.000
r    58.868     0.010    0     0.000     0.000
r    59.643     0.010    0     0.000     0.000
r    60.407     0.010    0     0.000     0.000
r    61.171     0.010    0     0.000     0.000
r    61.922     0.010    0     0.000     0.000
r    62.685     0.010    0     0.000     0.000
r    63.440     0.010    0     0.000     0.000
r    64.181     0.010    0     0.000     0.000
r    64.942     0.010    0     0.000     0.000
r    65.858     0.010    0     0.000     0.000
r    66.620     0.010    0     0.000     0.000
r    67.381     0.010    0     0.000     0.000
r    68.148     0.010    0     0.000     0.000
r    68.920     0.010    0     0.000     0.000
r    69.697     0.010    0     0.000     0.000
r    70.483     0.010    0     0.000     0.000
r    71.260     0.010    0     0.000     0.000
r    72.672     0.010    0     0.000     0.000
r    74.844     0.010    0     0.000     0.000
r    77.457     0.010    0     0.000     0.000
r    80.082     0.010    0     0.000     0.000
r    83.353     0.010    0     0.000     0.000
r    85.549     0.010    0     0.000     0.000
r    87.594     0.010    0     0.000     0.000
r    89.478     0.010    0     0.000     0.000
r    90.878     0.010    0     0.000     0.000
r    94.664     0.010    0     0.000     0.000
r    97.515     0.010    0     0.000     0.000
r   100.615     0.010    0     0.000     0.000
r   104.313     0.010    0     0.000     0.000
r   108.234     0.010    0     0.000     0.000
r   110.579     0.010    0     0.000     0.000
r   114.308     0.010    0     0.000     0.000
r   117.969     0.010    0     0.000     0.000
r   121.670     0.010    0     0.000     0.000
r   124.997     0.010    0     0.000     0.000
r   113.510     0.010    1     0.000     0.000
r   114.634     0.010    1     0.000     0.000
r   115.602     0.010    1     0.000     0.000
r   116.714     0.010    1     0.000     0.000
r   117.657     0.010    1     0.000     0.000
r   118.604     0.010    1     0.000     0.000
r   119.567     0.010    1     0.000     0.000
r   120.535     0.010    1     0.000     0.000
r   122.146     0.010    1     0.000     0.000
r   124.367     0.010    1     0.000     0.000
