61
s   408.680     2.390   21
r   373.978     0.010    0     9.766     0.060
r   375.583     0.010    0     9.445     0.060
r   377.193     0.010    0     9.047     0.060
r   378.987     0.010    0     8.635     0.060
r   380.595     0.010    0     8.227     0.060
r   382.972     0.010    0     7.696     0.060
r   397.959     0.010    0     4.010     0.060
r   398.763     0.010    0     3.836     0.060
r   399.570     0.010    0     3.644     0.060
r   400.391     0.010    0     3.467     0.060
r   401.198     0.010    0     3.288     0.060
r   401.992     0.010    0     3.115     0.060
r   402.795     0.010    0     3.001     0.060
r   403.911     0.010    0     2.799     0.060
r   405.358     0.010    0     2.396     0.060
r   349.520     0.010    1    13.972     0.060
r   352.393     0.010    1    13.423     0.060
r   355.834     0.010    1    12.854     0.060
r   357.579     0.010    1    12.692     0.060
r   359.505     0.010    1    12.551     0.060
r   361.583     0.010    1    12.489     0.060
s   402.638     1.710   31
r   374.139     0.010    0     8.618     0.060
r   374.943     0.010    0     8.475     0.060
r   376.220     0.010    0     8.151     0.060
r   378.004     0.010    0     7.700     0.060
r   379.952     0.010    0     7.225     0.060
r   381.553     0.010    0     6.794     0.060
r   382.972     0.010    0     6.359     0.060
r   384.685     0.010    0     5.988     0.060
r   386.558     0.010    0     5.542     0.060
r   388.873     0.010    0     5.074     0.060
r   391.073     0.010    0     4.604     0.060
r   394.909     0.010    0     3.624     0.060
r   396.526     0.010    0     3.111     0.060
r   398.121     0.010    0     2.630     0.060
r   408.758     0.010    0     3.509     0.060
r   409.992     0.010    0     3.844     0.060
r   256.734     0.010    1    26.174     0.060
r   261.812     0.010    1    25.314     0.060
r   266.204     0.010    1    24.697     0.060
r   270.876     0.010    1    23.769     0.060
r   277.206     0.010    1    22.499     0.060
r   340.453     0.010    1    14.532     0.060
r   343.490     0.010    1    14.174     0.060
r   345.402     0.010    1    13.947     0.060
r   347.308     0.010    1    13.714     0.060
r   350.164     0.010    1    13.300     0.060
r   352.068     0.010    1    12.990     0.060
r   354.272     0.010    1    12.681     0.060
r   357.103     0.010    1    12.408     0.060
r   360.130     0.010    1    12.234     0.060
r   362.681     0.010    1    12.195     0.060
s   396.577     1.350   57
r   340.773     0.010    0    12.706     0.060
r   342.361     0.010    0    12.465     0.060
r   344.294     0.010    0    12.208     0.060
r   346.840     0.010    0    11.913     0.060
r   348.890     0.010    0    11.669     0.060
r   350.645     0.010    0    11.449     0.060
r   365.110     0.010    0     9.926     0.060
r   365.911     0.010    0     9.698     0.060
r   366.701     0.010    0     9.464     0.060
r   367.491     0.010    0     9.244     0.060
r   368.292     0.010    0     8.993     0.060
r   369.072     0.010    0     8.773     0.060
r   369.862     0.010    0     8.560     0.060
r   370.660     0.010    0     8.368     0.060
r   371.444     0.010    0     8.153     0.060
r   372.218     0.010    0     7.915     0.060
r   373.013     0.010    0     7.734     0.060
r   373.814     0.010    0     7.515     0.060
r   374.615     0.010    0     7.340     0.060
r   375.419     0.010    0     7.152     0.060
r   376.220     0.010    0     6.927     0.060
r   377.031     0.010    0     6.718     0.060
r   377.843     0.010    0     6.489     0.060
r   378.665     0.010    0     6.254     0.060
r   379.466     0.010    0     6.019     0.060
r   380.270     0.010    0     5.823     0.060
r   381.074     0.010    0     5.630     0.060
r   381.867     0.010    0     5.476     0.060
r   382.657     0.010    0     5.234     0.060
r   383.437     0.010    0     5.022     0.060
r   384.219     0.010    0     4.843     0.060
r   385.002     0.010    0     4.692     0.060
r   385.781     0.010    0     4.555     0.060
r   386.558     0.010    0     4.402     0.060
r   387.327     0.010    0     4.141     0.060
r   388.096     0.010    0     3.818     0.060
r   388.872     0.010    0     3.568     0.060
r   389.659     0.010    0     3.362     0.060
r   390.447     0.010    0     3.148     0.060
r   405.842     0.010    0     4.498     0.060
r   407.298     0.010    0     4.794     0.060
r   400.391     0.010    0     2.561     0.060
r   401.513     0.010    0     2.990     0.060
r   403.120     0.010    0     3.544     0.060
r   403.910     0.010    0     3.852     0.060
r   404.711     0.010    0     4.171     0.060
r   405.520     0.010    0     4.440     0.060
r   252.045     0.010    1    26.194     0.060
r   259.438     0.010    1    24.764     0.060
r   266.862     0.010    1    23.561     0.060
r   272.648     0.010    1    22.531     0.060
r   278.810     0.010    1    21.404     0.060
r   288.101     0.010    1    19.757     0.060
r   298.040     0.010    1    18.414     0.060
r   303.910     0.010    1    17.781     0.060
r   310.944     0.010    1    16.922     0.060
r   313.755     0.010    1    16.685     0.060
s   390.586     1.180   99
r   329.820     0.010    0    13.090     0.060
r   330.589     0.010    0    13.005     0.060
r   331.372     0.010    0    12.930     0.060
r   332.147     0.010    0    12.835     0.060
r   332.922     0.010    0    12.736     0.060
r   333.676     0.010    0    12.624     0.060
r   334.437     0.010    0    12.517     0.060
r   335.223     0.010    0    12.418     0.060
r   336.003     0.010    0    12.320     0.060
r   336.807     0.010    0    12.203     0.060
r   337.607     0.010    0    12.117     0.060
r   338.408     0.010    0    11.989     0.060
r   339.203     0.010    0    11.873     0.060
r   339.984     0.010    0    11.746     0.060
r   340.773     0.010    0    11.613     0.060
r   341.568     0.010    0    11.488     0.060
r   342.361     0.010    0    11.358     0.060
r   343.166     0.010    0    11.249     0.060
r   343.980     0.010    0    11.148     0.060
r   344.774     0.010    0    11.032     0.060
r   345.564     0.010    0    10.925     0.060
r   346.354     0.010    0    10.826     0.060
r   347.155     0.010    0    10.727     0.060
r   347.938     0.010    0    10.595     0.060
r   348.727     0.010    0    10.487     0.060
r   349.520     0.010    0    10.343     0.060
r   350.323     0.010    0    10.203     0.060
r   351.115     0.010    0    10.067     0.060
r   351.907     0.010    0     9.922     0.060
r   352.705     0.010    0     9.737     0.060
r   353.492     0.010    0     9.603     0.060
r   354.272     0.010    0     9.448     0.060
r   355.055     0.010    0     9.291     0.060
r   355.834     0.010    0     9.159     0.060
r   356.625     0.010    0     9.027     0.060
r   357.418     0.010    0     8.936     0.060
r   358.211     0.010    0     8.864     0.060
r   359.015     0.010    0     8.788     0.060
r   359.819     0.010    0     8.747     0.060
r   360.610     0.010    0     8.748     0.060
r   361.421     0.010    0     8.755     0.060
r   362.359     0.010    0     8.723     0.060
r   363.168     0.010    0     8.665     0.060
r   363.987     0.010    0     8.560     0.060
r   364.796     0.010    0     8.418     0.060
r   365.586     0.010    0     8.294     0.060
r   367.016     0.010    0     8.098     0.060
r   367.817     0.010    0     7.901     0.060
r   368.607     0.010    0     7.690     0.060
r   369.387     0.010    0     7.432     0.060
r   370.188     0.010    0     7.130     0.060
r   370.972     0.010    0     6.908     0.060
r   371.756     0.010    0     6.673     0.060
r   372.530     0.010    0     6.435     0.060
r   373.338     0.010    0     6.216     0.060
r   374.139     0.010    0     6.045     0.060
r   374.943     0.010    0     5.855     0.060
r   375.744     0.010    0     5.622     0.060
r   376.545     0.010    0     5.390     0.060
r   377.357     0.010    0     5.148     0.060
r   378.168     0.010    0     4.842     0.060
r   378.987     0.010    0     4.590     0.060
r   379.791     0.010    0     4.292     0.060
r   380.595     0.010    0     4.035     0.060
r   381.389     0.010    0     3.805     0.060
r   382.182     0.010    0     3.557     0.060
r   382.972     0.010    0     3.300     0.060
r   383.752     0.010    0     3.069     0.060
r   384.534     0.010    0     2.879     0.060
r   385.468     0.010    0     2.549     0.060
r   406.165     0.010    0     6.047     0.060
r   407.470     0.010    0     6.286     0.060
r   394.426     0.010    0     2.484     0.060
r   395.232     0.010    0     2.795     0.060
r   396.041     0.010    0     3.109     0.060
r   396.849     0.010    0     3.333     0.060
r   397.647     0.010    0     3.527     0.060
r   398.448     0.010    0     3.661     0.060
r   399.254     0.010    0     3.821     0.060
r   400.064     0.010    0     4.029     0.060
r   400.870     0.010    0     4.285     0.060
r   401.677     0.010    0     4.545     0.060
r   402.481     0.010    0     4.794     0.060
r   403.274     0.010    0     5.017     0.060
r   404.072     0.010    0     5.252     0.060
r   404.873     0.010    0     5.571     0.060
r   245.825     0.010    1    26.415     0.060
r   252.199     0.010    1    25.170     0.060
r   257.208     0.010    1    24.087     0.060
r   262.947     0.010    1    23.064     0.060
r   269.750     0.010    1    21.982     0.060
r   275.901     0.010    1    20.760     0.060
r   282.497     0.010    1    19.578     0.060
r   288.421     0.010    1    18.606     0.060
r   293.100     0.010    1    17.892     0.060
r   298.808     0.010    1    17.303     0.060
r   302.333     0.010    1    17.049     0.060
r   306.571     0.010    1    16.654     0.060
r   310.945     0.010    1    16.203     0.060
s   387.558     1.180   53
r   338.246     0.010    0    11.215     0.060
r   339.514     0.010    0    11.003     0.060
r   340.934     0.010    0    10.786     0.060
r   342.522     0.010    0    10.565     0.060
r   343.654     0.010    0    10.373     0.060
r   344.612     0.010    0    10.219     0.060
r   345.728     0.010    0    10.071     0.060
r   346.840     0.010    0     9.923     0.060
r   348.573     0.010    0     9.669     0.060
r   349.681     0.010    0     9.492     0.060
r   352.067     0.010    0     9.140     0.060
r   354.110     0.010    0     8.789     0.060
r   355.998     0.010    0     8.474     0.060
r   357.743     0.010    0     8.277     0.060
r   359.015     0.010    0     8.169     0.060
r   360.609     0.010    0     8.032     0.060
r   367.341     0.010    0     7.205     0.060
r   368.292     0.010    0     6.940     0.060
r   369.072     0.010    0     6.718     0.060
r   369.862     0.010    0     6.422     0.060
r   370.660     0.010    0     6.181     0.060
r   371.444     0.010    0     5.959     0.060
r   372.218     0.010    0     5.734     0.060
r   373.013     0.010    0     5.541     0.060
r   373.814     0.010    0     5.393     0.060
r   374.614     0.010    0     5.207     0.060
r   375.418     0.010    0     4.983     0.060
r   376.219     0.010    0     4.746     0.060
r   377.842     0.010    0     4.129     0.060
r   379.626     0.010    0     3.456     0.060
r   382.020     0.010    0     2.762     0.060
r   406.003     0.010    0     6.674     0.060
r   390.922     0.010    0     2.096     0.060
r   393.130     0.010    0     2.854     0.060
r   395.556     0.010    0     3.574     0.060
r   397.960     0.010    0     4.340     0.060
r   398.764     0.010    0     4.514     0.060
r   399.571     0.010    0     4.714     0.060
r   400.391     0.010    0     4.936     0.060
r   401.198     0.010    0     5.154     0.060
r   401.991     0.010    0     5.464     0.060
r   402.795     0.010    0     5.692     0.060
r   403.749     0.010    0     6.031     0.060
r   246.583     0.010    1    25.602     0.060
r   253.326     0.010    1    24.150     0.060
r   258.965     0.010    1    23.043     0.060
r   266.204     0.010    1    22.066     0.060
r   294.648     0.010    1    17.094     0.060
r   298.357     0.010    1    16.680     0.060
r   304.372     0.010    1    16.070     0.060
r   309.848     0.010    1    15.542     0.060
r   313.604     0.010    1    15.239     0.060
r   317.039     0.010    1    14.959     0.060
s   384.545     1.400   59
r   339.202     0.010    0    10.612     0.060
r   339.984     0.010    0    10.489     0.060
r   340.773     0.010    0    10.311     0.060
r   341.568     0.010    0    10.163     0.060
r   342.362     0.010    0    10.043     0.060
r   343.166     0.010    0     9.949     0.060
r   343.980     0.010    0     9.841     0.060
r   344.773     0.010    0     9.705     0.060
r   345.564     0.010    0     9.610     0.060
r   346.354     0.010    0     9.529     0.060
r   347.155     0.010    0     9.414     0.060
r   347.938     0.010    0     9.276     0.060
r   348.726     0.010    0     9.152     0.060
r   349.519     0.010    0     9.051     0.060
r   350.322     0.010    0     8.921     0.060
r   351.115     0.010    0     8.798     0.060
r   351.907     0.010    0     8.639     0.060
r   352.705     0.010    0     8.474     0.060
r   353.492     0.010    0     8.337     0.060
r   354.586     0.010    0     8.122     0.060
r   356.788     0.010    0     7.820     0.060
r   358.861     0.010    0     7.608     0.060
r   360.444     0.010    0     7.490     0.060
r   362.358     0.010    0     7.393     0.060
r   363.664     0.010    0     7.291     0.060
r   364.470     0.010    0     7.196     0.060
r   366.064     0.010    0     6.939     0.060
r   367.655     0.010    0     6.549     0.060
r   368.920     0.010    0     6.153     0.060
r   370.022     0.010    0     5.766     0.060
r   371.444     0.010    0     5.319     0.060
r   373.012     0.010    0     4.883     0.060
r   374.289     0.010    0     4.544     0.060
r   375.418     0.010    0     4.168     0.060
r   376.382     0.010    0     3.839     0.060
r   377.355     0.010    0     3.531     0.060
r   378.327     0.010    0     3.187     0.060
r   379.464     0.010    0     2.767     0.060
r   380.428     0.010    0     2.403     0.060
r   387.490     0.010    0     1.920     0.060
r   389.353     0.010    0     2.412     0.060
r   391.078     0.010    0     2.937     0.060
r   392.501     0.010    0     3.426     0.060
r   394.264     0.010    0     3.956     0.060
r   396.688     0.010    0     4.577     0.060
r   398.766     0.010    0     5.167     0.060
r   400.711     0.010    0     5.712     0.060
r   402.319     0.010    0     6.127     0.060
r   240.744     0.010    1    26.041     0.060
r   247.671     0.010    1    24.769     0.060
r   254.416     0.010    1    23.447     0.060
r   259.439     0.010    1    22.430     0.060
r   263.745     0.010    1    21.652     0.060
r   277.679     0.010    1    19.216     0.060
r   285.370     0.010    1    17.763     0.060
r   290.688     0.010    1    16.942     0.060
r   296.499     0.010    1    16.221     0.060
r   302.172     0.010    1    15.801     0.060
r   307.815     0.010    1    15.273     0.060
s   381.407     2.040   55
r   336.328     0.010    0    10.515     0.060
r   338.408     0.010    0    10.214     0.060
r   339.514     0.010    0    10.049     0.060
r   340.306     0.010    0     9.920     0.060
r   341.092     0.010    0     9.800     0.060
r   341.883     0.010    0     9.664     0.060
r   342.687     0.010    0     9.538     0.060
r   343.491     0.010    0     9.419     0.060
r   344.295     0.010    0     9.292     0.060
r   345.091     0.010    0     9.160     0.060
r   345.879     0.010    0     9.050     0.060
r   346.680     0.010    0     8.954     0.060
r   347.470     0.010    0     8.843     0.060
r   348.256     0.010    0     8.736     0.060
r   349.044     0.010    0     8.622     0.060
r   350.004     0.010    0     8.522     0.060
r   350.954     0.010    0     8.325     0.060
r   351.746     0.010    0     8.157     0.060
r   352.554     0.010    0     7.977     0.060
r   353.331     0.010    0     7.809     0.060
r   354.111     0.010    0     7.642     0.060
r   354.901     0.010    0     7.474     0.060
r   355.684     0.010    0     7.339     0.060
r   356.464     0.010    0     7.239     0.060
r   357.265     0.010    0     7.128     0.060
r   358.058     0.010    0     7.061     0.060
r   358.862     0.010    0     7.022     0.060
r   359.666     0.010    0     6.943     0.060
r   360.446     0.010    0     6.915     0.060
r   361.260     0.010    0     6.869     0.060
r   362.045     0.010    0     6.882     0.060
r   363.501     0.010    0     6.771     0.060
r   368.293     0.010    0     5.553     0.060
r   370.024     0.010    0     4.950     0.060
r   371.595     0.010    0     4.461     0.060
r   374.140     0.010    0     3.844     0.060
r   384.848     0.010    0     1.925     0.060
r   387.631     0.010    0     2.496     0.060
r   390.135     0.010    0     3.134     0.060
r   392.011     0.010    0     3.745     0.060
r   393.131     0.010    0     4.273     0.060
r   396.365     0.010    0     5.122     0.060
r   399.735     0.010    0     5.769     0.060
r   402.317     0.010    0     6.501     0.060
r   251.256     0.010    1    23.600     0.060
r   257.047     0.010    1    22.405     0.060
r   261.490     0.010    1    21.583     0.060
r   267.511     0.010    1    20.645     0.060
r   273.294     0.010    1    19.549     0.060
r   279.286     0.010    1    18.351     0.060
r   286.978     0.010    1    17.005     0.060
r   294.964     0.010    1    16.036     0.060
r   301.544     0.010    1    15.335     0.060
r   307.977     0.010    1    14.667     0.060
r   315.156     0.010    1    14.027     0.060
s   378.481     2.340   88
r   335.852     0.010    0    10.488     0.060
r   336.645     0.010    0    10.333     0.060
r   337.452     0.010    0    10.228     0.060
r   338.246     0.010    0    10.074     0.060
r   339.041     0.010    0     9.956     0.060
r   339.833     0.010    0     9.822     0.060
r   340.615     0.010    0     9.694     0.060
r   341.404     0.010    0     9.567     0.060
r   342.197     0.010    0     9.426     0.060
r   343.001     0.010    0     9.307     0.060
r   343.819     0.010    0     9.187     0.060
r   344.612     0.010    0     9.045     0.060
r   345.402     0.010    0     8.986     0.060
r   346.203     0.010    0     8.861     0.060
r   346.991     0.010    0     8.729     0.060
r   347.787     0.010    0     8.632     0.060
r   348.572     0.010    0     8.550     0.060
r   349.358     0.010    0     8.480     0.060
r   350.164     0.010    0     8.288     0.060
r   350.953     0.010    0     8.118     0.060
r   351.745     0.010    0     7.941     0.060
r   352.554     0.010    0     7.740     0.060
r   353.331     0.010    0     7.554     0.060
r   354.110     0.010    0     7.368     0.060
r   354.901     0.010    0     7.248     0.060
r   355.683     0.010    0     7.145     0.060
r   356.463     0.010    0     6.995     0.060
r   357.264     0.010    0     6.902     0.060
r   358.057     0.010    0     6.803     0.060
r   358.861     0.010    0     6.754     0.060
r   359.664     0.010    0     6.712     0.060
r   360.444     0.010    0     6.675     0.060
r   361.258     0.010    0     6.665     0.060
r   362.043     0.010    0     6.617     0.060
r   362.841     0.010    0     6.512     0.060
r   363.663     0.010    0     6.379     0.060
r   364.630     0.010    0     6.190     0.060
r   365.584     0.010    0     5.992     0.060
r   367.339     0.010    0     5.618     0.060
r   368.129     0.010    0     5.357     0.060
r   368.919     0.010    0     5.070     0.060
r   369.709     0.010    0     4.823     0.060
r   370.497     0.010    0     4.539     0.060
r   371.281     0.010    0     4.223     0.060
r   372.066     0.010    0     3.968     0.060
r   372.850     0.010    0     3.712     0.060
r   381.708     0.010    0     2.543     0.060
r   382.501     0.010    0     2.620     0.060
r   383.440     0.010    0     2.725     0.060
r   384.223     0.010    0     2.804     0.060
r   385.006     0.010    0     2.881     0.060
r   386.400     0.010    0     3.160     0.060
r   387.330     0.010    0     3.369     0.060
r   388.099     0.010    0     3.541     0.060
r   389.026     0.010    0     3.716     0.060
r   389.823     0.010    0     3.888     0.060
r   390.610     0.010    0     4.090     0.060
r   391.386     0.010    0     4.311     0.060
r   392.173     0.010    0     4.595     0.060
r   393.293     0.010    0     4.992     0.060
r   394.101     0.010    0     5.213     0.060
r   394.910     0.010    0     5.408     0.060
r   395.718     0.010    0     5.614     0.060
r   397.009     0.010    0     5.907     0.060
r   246.584     0.010    1    24.535     0.060
r   251.102     0.010    1    23.548     0.060
r   255.036     0.010    1    22.746     0.060
r   259.438     0.010    1    21.852     0.060
r   267.672     0.010    1    20.223     0.060
r   271.204     0.010    1    19.623     0.060
r   274.586     0.010    1    19.003     0.060
r   277.048     0.010    1    18.550     0.060
r   279.612     0.010    1    18.077     0.060
r   281.857     0.010    1    17.665     0.060
r   284.729     0.010    1    17.164     0.060
r   287.940     0.010    1    16.598     0.060
r   291.994     0.010    1    16.086     0.060
r   293.882     0.010    1    15.924     0.060
r   295.883     0.010    1    15.771     0.060
r   298.961     0.010    1    15.518     0.060
r   302.494     0.010    1    15.182     0.060
r   305.632     0.010    1    14.863     0.060
r   308.598     0.010    1    14.562     0.060
r   312.204     0.010    1    14.225     0.060
r   315.779     0.010    1    13.876     0.060
r   318.159     0.010    1    13.654     0.060
r   320.835     0.010    1    13.372     0.060
r   323.301     0.010    1    13.121     0.060
s   375.499     2.650   46
r   332.769     0.010    0    10.259     0.060
r   337.770     0.010    0     9.581     0.060
r   339.675     0.010    0     9.292     0.060
r   341.883     0.010    0     8.947     0.060
r   344.133     0.010    0     8.646     0.060
r   346.203     0.010    0     8.341     0.060
r   348.091     0.010    0     8.051     0.060
r   350.483     0.010    0     7.644     0.060
r   351.745     0.010    0     7.351     0.060
r   352.554     0.010    0     7.152     0.060
r   353.331     0.010    0     6.973     0.060
r   354.272     0.010    0     6.784     0.060
r   356.148     0.010    0     6.444     0.060
r   358.057     0.010    0     6.246     0.060
r   360.130     0.010    0     6.084     0.060
r   361.581     0.010    0     5.974     0.060
r   363.500     0.010    0     5.835     0.060
r   364.308     0.010    0     5.661     0.060
r   365.109     0.010    0     5.423     0.060
r   365.910     0.010    0     5.188     0.060
r   366.700     0.010    0     4.935     0.060
r   367.490     0.010    0     4.678     0.060
r   368.291     0.010    0     4.383     0.060
r   382.343     0.010    0     3.471     0.060
r   383.752     0.010    0     3.608     0.060
r   385.629     0.010    0     3.829     0.060
r   386.863     0.010    0     4.037     0.060
r   388.398     0.010    0     4.318     0.060
r   389.661     0.010    0     4.613     0.060
r   390.759     0.010    0     4.945     0.060
r   392.011     0.010    0     5.326     0.060
r   392.970     0.010    0     5.552     0.060
r   394.262     0.010    0     5.847     0.060
r   395.231     0.010    0     6.065     0.060
r   396.040     0.010    0     6.276     0.060
r   397.173     0.010    0     6.481     0.060
r   263.111     0.010    1    20.501     0.060
r   267.346     0.010    1    19.709     0.060
r   273.454     0.010    1    18.603     0.060
r   280.263     0.010    1    17.500     0.060
r   287.303     0.010    1    16.410     0.060
r   291.669     0.010    1    15.801     0.060
r   298.358     0.010    1    15.130     0.060
r   303.748     0.010    1    14.656     0.060
r   309.697     0.010    1    14.101     0.060
r   314.381     0.010    1    13.649     0.060
s   372.584     2.840   51
r   338.096     0.010    0     9.095     0.060
r   339.353     0.010    0     8.911     0.060
r   340.773     0.010    0     8.657     0.060
r   342.523     0.010    0     8.353     0.060
r   344.134     0.010    0     8.101     0.060
r   346.040     0.010    0     7.813     0.060
r   348.092     0.010    0     7.473     0.060
r   349.681     0.010    0     7.247     0.060
r   351.907     0.010    0     6.819     0.060
r   353.017     0.010    0     6.539     0.060
r   354.740     0.010    0     6.189     0.060
r   356.313     0.010    0     5.921     0.060
r   357.897     0.010    0     5.747     0.060
r   359.505     0.010    0     5.605     0.060
r   362.682     0.010    0     5.283     0.060
r   363.501     0.010    0     5.045     0.060
r   364.310     0.010    0     4.813     0.060
r   365.111     0.010    0     4.586     0.060
r   365.911     0.010    0     4.303     0.060
r   366.702     0.010    0     3.975     0.060
r   381.867     0.010    0     4.004     0.060
r   382.657     0.010    0     4.057     0.060
r   383.437     0.010    0     4.131     0.060
r   384.219     0.010    0     4.215     0.060
r   385.002     0.010    0     4.289     0.060
r   385.782     0.010    0     4.409     0.060
r   386.558     0.010    0     4.576     0.060
r   387.327     0.010    0     4.725     0.060
r   388.096     0.010    0     4.889     0.060
r   388.873     0.010    0     5.075     0.060
r   389.660     0.010    0     5.271     0.060
r   390.447     0.010    0     5.450     0.060
r   391.234     0.010    0     5.702     0.060
r   392.011     0.010    0     5.902     0.060
r   392.809     0.010    0     6.075     0.060
r   377.518     0.010    0     3.478     0.060
r   378.329     0.010    0     3.744     0.060
r   379.141     0.010    0     3.979     0.060
r   379.952     0.010    0     4.217     0.060
r   380.745     0.010    0     4.445     0.060
r   271.684     0.010    1    18.774     0.060
r   275.412     0.010    1    18.050     0.060
r   279.126     0.010    1    17.424     0.060
r   283.453     0.010    1    16.698     0.060
r   288.905     0.010    1    15.872     0.060
r   294.964     0.010    1    15.190     0.060
r   301.232     0.010    1    14.608     0.060
r   306.571     0.010    1    14.199     0.060
r   312.667     0.010    1    13.694     0.060
r   317.674     0.010    1    13.304     0.060
r   322.672     0.010    1    12.851     0.060
s   369.535     3.090  114
r   310.159     0.010    0    11.953     0.060
r   311.882     0.010    0    11.716     0.060
r   313.293     0.010    0    11.528     0.060
r   315.779     0.010    0    11.215     0.060
r   318.159     0.010    0    10.924     0.060
r   319.908     0.010    0    10.720     0.060
r   322.056     0.010    0    10.470     0.060
r   324.360     0.010    0    10.198     0.060
r   326.384     0.010    0     9.928     0.060
r   328.424     0.010    0     9.654     0.060
r   330.750     0.010    0     9.361     0.060
r   332.297     0.010    0     9.179     0.060
r   333.676     0.010    0     9.039     0.060
r   334.741     0.010    0     8.931     0.060
r   336.003     0.010    0     8.770     0.060
r   337.606     0.010    0     8.539     0.060
r   338.719     0.010    0     8.347     0.060
r   339.514     0.010    0     8.199     0.060
r   340.306     0.010    0     8.059     0.060
r   341.092     0.010    0     7.902     0.060
r   341.882     0.010    0     7.768     0.060
r   342.686     0.010    0     7.632     0.060
r   343.490     0.010    0     7.505     0.060
r   344.294     0.010    0     7.384     0.060
r   345.091     0.010    0     7.265     0.060
r   345.878     0.010    0     7.151     0.060
r   346.679     0.010    0     7.031     0.060
r   347.470     0.010    0     6.922     0.060
r   348.255     0.010    0     6.799     0.060
r   349.044     0.010    0     6.674     0.060
r   349.842     0.010    0     6.506     0.060
r   350.645     0.010    0     6.336     0.060
r   351.434     0.010    0     6.157     0.060
r   352.229     0.010    0     6.029     0.060
r   353.016     0.010    0     5.812     0.060
r   353.806     0.010    0     5.626     0.060
r   354.586     0.010    0     5.428     0.060
r   355.369     0.010    0     5.276     0.060
r   356.149     0.010    0     5.148     0.060
r   356.939     0.010    0     5.042     0.060
r   357.743     0.010    0     4.950     0.060
r   358.536     0.010    0     4.880     0.060
r   359.340     0.010    0     4.820     0.060
r   360.130     0.010    0     4.773     0.060
r   362.358     0.010    0     4.478     0.060
r   363.167     0.010    0     4.223     0.060
r   363.987     0.010    0     3.942     0.060
r   364.795     0.010    0     3.628     0.060
r   365.585     0.010    0     3.313     0.060
r   366.386     0.010    0     3.002     0.060
r   381.702     0.010    0     4.998     0.060
r   382.495     0.010    0     5.018     0.060
r   383.590     0.010    0     5.078     0.060
r   384.533     0.010    0     5.137     0.060
r   385.466     0.010    0     5.242     0.060
r   386.246     0.010    0     5.394     0.060
r   387.162     0.010    0     5.576     0.060
r   388.095     0.010    0     5.816     0.060
r   389.345     0.010    0     6.114     0.060
r   390.607     0.010    0     6.328     0.060
r   392.010     0.010    0     6.635     0.060
r   393.291     0.010    0     6.996     0.060
r   373.488     0.010    0     3.273     0.060
r   374.289     0.010    0     3.438     0.060
r   375.103     0.010    0     3.634     0.060
r   375.907     0.010    0     3.933     0.060
r   376.705     0.010    0     4.174     0.060
r   377.517     0.010    0     4.375     0.060
r   378.328     0.010    0     4.597     0.060
r   379.140     0.010    0     4.746     0.060
r   231.283     0.010    1    25.132     0.060
r   235.529     0.010    1    24.508     0.060
r   239.343     0.010    1    23.889     0.060
r   244.460     0.010    1    23.097     0.060
r   247.670     0.010    1    22.565     0.060
r   249.859     0.010    1    22.080     0.060
r   253.326     0.010    1    21.396     0.060
r   255.971     0.010    1    20.884     0.060
r   259.753     0.010    1    20.091     0.060
r   262.624     0.010    1    19.655     0.060
r   265.551     0.010    1    19.232     0.060
r   267.832     0.010    1    18.892     0.060
r   270.074     0.010    1    18.492     0.060
r   274.422     0.010    1    17.503     0.060
r   275.901     0.010    1    17.256     0.060
r   276.729     0.010    1    17.107     0.060
r   277.529     0.010    1    16.960     0.060
r   278.324     0.010    1    16.811     0.060
r   279.125     0.010    1    16.662     0.060
r   280.098     0.010    1    16.463     0.060
r   280.892     0.010    1    16.326     0.060
r   282.172     0.010    1    16.115     0.060
r   282.973     0.010    1    15.965     0.060
r   283.764     0.010    1    15.841     0.060
r   284.565     0.010    1    15.709     0.060
r   285.369     0.010    1    15.560     0.060
r   286.173     0.010    1    15.437     0.060
r   286.978     0.010    1    15.291     0.060
r   287.790     0.010    1    15.159     0.060
r   288.582     0.010    1    15.035     0.060
r   289.388     0.010    1    14.938     0.060
r   290.201     0.010    1    14.831     0.060
r   291.021     0.010    1    14.716     0.060
r   291.830     0.010    1    14.622     0.060
r   292.949     0.010    1    14.544     0.060
r   294.498     0.010    1    14.435     0.060
r   296.194     0.010    1    14.301     0.060
r   298.193     0.010    1    14.095     0.060
r   300.332     0.010    1    13.911     0.060
r   302.172     0.010    1    13.754     0.060
r   302.967     0.010    1    13.684     0.060
r   303.748     0.010    1    13.635     0.060
r   304.533     0.010    1    13.581     0.060
r   305.320     0.010    1    13.522     0.060
s   366.483     3.190  116
r   279.774     0.010    0    15.850     0.060
r   283.603     0.010    0    15.106     0.060
r   286.489     0.010    0    14.589     0.060
r   289.389     0.010    0    14.096     0.060
r   292.949     0.010    0    13.665     0.060
r   296.045     0.010    0    13.298     0.060
r   298.962     0.010    0    12.962     0.060
r   302.022     0.010    0    12.546     0.060
r   305.321     0.010    0    12.150     0.060
r   309.849     0.010    0    11.493     0.060
r   312.979     0.010    0    11.049     0.060
r   315.005     0.010    0    10.783     0.060
r   317.040     0.010    0    10.518     0.060
r   318.321     0.010    0    10.366     0.060
r   321.140     0.010    0    10.029     0.060
r   322.836     0.010    0     9.844     0.060
r   324.057     0.010    0     9.735     0.060
r   325.288     0.010    0     9.582     0.060
r   326.693     0.010    0     9.385     0.060
r   328.585     0.010    0     9.144     0.060
r   330.435     0.010    0     8.896     0.060
r   332.297     0.010    0     8.684     0.060
r   333.980     0.010    0     8.509     0.060
r   335.223     0.010    0     8.359     0.060
r   336.003     0.010    0     8.243     0.060
r   336.807     0.010    0     8.103     0.060
r   337.607     0.010    0     7.981     0.060
r   338.408     0.010    0     7.816     0.060
r   339.203     0.010    0     7.657     0.060
r   339.984     0.010    0     7.486     0.060
r   340.773     0.010    0     7.350     0.060
r   341.568     0.010    0     7.207     0.060
r   342.362     0.010    0     7.074     0.060
r   343.166     0.010    0     6.960     0.060
r   343.980     0.010    0     6.837     0.060
r   344.774     0.010    0     6.711     0.060
r   345.564     0.010    0     6.583     0.060
r   346.355     0.010    0     6.477     0.060
r   347.156     0.010    0     6.343     0.060
r   347.938     0.010    0     6.226     0.060
r   348.727     0.010    0     6.111     0.060
r   349.520     0.010    0     5.970     0.060
r   350.323     0.010    0     5.778     0.060
r   351.115     0.010    0     5.599     0.060
r   351.907     0.010    0     5.434     0.060
r   352.705     0.010    0     5.234     0.060
r   353.492     0.010    0     5.034     0.060
r   354.272     0.010    0     4.852     0.060
r   355.055     0.010    0     4.663     0.060
r   355.834     0.010    0     4.522     0.060
r   356.625     0.010    0     4.394     0.060
r   357.418     0.010    0     4.290     0.060
r   358.212     0.010    0     4.205     0.060
r   359.016     0.010    0     4.085     0.060
r   359.820     0.010    0     4.003     0.060
r   360.610     0.010    0     3.921     0.060
r   378.826     0.010    0     5.395     0.060
r   379.791     0.010    0     5.476     0.060
r   380.595     0.010    0     5.520     0.060
r   381.388     0.010    0     5.558     0.060
r   382.182     0.010    0     5.597     0.060
r   382.972     0.010    0     5.639     0.060
r   383.751     0.010    0     5.675     0.060
r   384.534     0.010    0     5.732     0.060
r   385.316     0.010    0     5.816     0.060
r   386.096     0.010    0     5.923     0.060
r   386.862     0.010    0     6.061     0.060
r   387.631     0.010    0     6.217     0.060
r   388.397     0.010    0     6.370     0.060
r   389.184     0.010    0     6.558     0.060
r   389.982     0.010    0     6.721     0.060
r   390.759     0.010    0     6.915     0.060
r   391.546     0.010    0     7.092     0.060
r   371.756     0.010    0     3.958     0.060
r   372.530     0.010    0     4.134     0.060
r   373.339     0.010    0     4.294     0.060
r   374.139     0.010    0     4.426     0.060
r   374.943     0.010    0     4.622     0.060
r   375.744     0.010    0     4.867     0.060
r   376.545     0.010    0     5.085     0.060
r   255.811     0.010    1    20.208     0.060
r   260.230     0.010    1    19.357     0.060
r   264.243     0.010    1    18.749     0.060
r   267.672     0.010    1    18.324     0.060
r   270.559     0.010    1    17.801     0.060
r   275.074     0.010    1    16.899     0.060
r   278.650     0.010    1    16.253     0.060
r   280.739     0.010    1    15.906     0.060
r   281.543     0.010    1    15.767     0.060
r   282.334     0.010    1    15.627     0.060
r   283.127     0.010    1    15.503     0.060
r   283.929     0.010    1    15.389     0.060
r   284.730     0.010    1    15.248     0.060
r   285.531     0.010    1    15.096     0.060
r   286.328     0.010    1    14.967     0.060
r   287.140     0.010    1    14.818     0.060
r   287.941     0.010    1    14.690     0.060
r   288.744     0.010    1    14.555     0.060
r   289.557     0.010    1    14.471     0.060
r   290.366     0.010    1    14.364     0.060
r   291.183     0.010    1    14.280     0.060
r   291.995     0.010    1    14.196     0.060
r   292.785     0.010    1    14.127     0.060
r   293.568     0.010    1    14.089     0.060
r   294.499     0.010    1    14.005     0.060
r   295.278     0.010    1    13.974     0.060
r   296.045     0.010    1    13.893     0.060
r   296.814     0.010    1    13.811     0.060
r   297.583     0.010    1    13.756     0.060
r   298.358     0.010    1    13.656     0.060
r   299.115     0.010    1    13.574     0.060
r   299.875     0.010    1    13.525     0.060
r   300.633     0.010    1    13.447     0.060
r   301.383     0.010    1    13.386     0.060
r   302.172     0.010    1    13.329     0.060
r   304.534     0.010    1    13.142     0.060
s   363.422     3.040   65
r   326.692     0.010    0     8.602     0.060
r   328.266     0.010    0     8.400     0.060
r   330.123     0.010    0     8.152     0.060
r   332.146     0.010    0     7.891     0.060
r   333.369     0.010    0     7.749     0.060
r   334.284     0.010    0     7.691     0.060
r   335.373     0.010    0     7.536     0.060
r   336.492     0.010    0     7.356     0.060
r   337.606     0.010    0     7.181     0.060
r   339.202     0.010    0     6.894     0.060
r   340.453     0.010    0     6.655     0.060
r   341.404     0.010    0     6.479     0.060
r   342.522     0.010    0     6.299     0.060
r   343.490     0.010    0     6.131     0.060
r   344.927     0.010    0     5.874     0.060
r   346.991     0.010    0     5.563     0.060
r   348.409     0.010    0     5.350     0.060
r   350.164     0.010    0     5.004     0.060
r   350.953     0.010    0     4.820     0.060
r   351.745     0.010    0     4.635     0.060
r   352.554     0.010    0     4.426     0.060
r   353.331     0.010    0     4.224     0.060
r   354.110     0.010    0     4.007     0.060
r   354.901     0.010    0     3.801     0.060
r   355.684     0.010    0     3.644     0.060
r   356.463     0.010    0     3.477     0.060
r   357.264     0.010    0     3.308     0.060
r   358.058     0.010    0     3.145     0.060
r   358.861     0.010    0     3.015     0.060
r   359.665     0.010    0     2.909     0.060
r   376.544     0.010    0     5.771     0.060
r   378.003     0.010    0     5.951     0.060
r   379.465     0.010    0     6.108     0.060
r   381.073     0.010    0     6.209     0.060
r   381.866     0.010    0     6.231     0.060
r   382.810     0.010    0     6.239     0.060
r   384.065     0.010    0     6.236     0.060
r   385.627     0.010    0     6.377     0.060
r   387.477     0.010    0     6.688     0.060
r   389.509     0.010    0     7.070     0.060
r   391.860     0.010    0     7.676     0.060
r   393.455     0.010    0     7.984     0.060
r   394.747     0.010    0     8.301     0.060
r   368.606     0.010    0     3.990     0.060
r   369.386     0.010    0     4.291     0.060
r   370.187     0.010    0     4.517     0.060
r   370.971     0.010    0     4.742     0.060
r   371.755     0.010    0     4.948     0.060
r   372.851     0.010    0     5.184     0.060
r   374.453     0.010    0     5.391     0.060
r   247.202     0.010    1    21.333     0.060
r   250.631     0.010    1    20.655     0.060
r   253.480     0.010    1    20.102     0.060
r   257.519     0.010    1    19.316     0.060
r   260.863     0.010    1    18.677     0.060
r   264.081     0.010    1    18.253     0.060
r   268.473     0.010    1    17.527     0.060
r   271.519     0.010    1    16.934     0.060
r   274.747     0.010    1    16.305     0.060
r   278.488     0.010    1    15.635     0.060
r   281.056     0.010    1    15.207     0.060
r   285.530     0.010    1    14.452     0.060
r   289.557     0.010    1    13.831     0.060
r   293.099     0.010    1    13.430     0.060
r   296.044     0.010    1    13.182     0.060
s   360.428     2.540   81
r   314.843     0.010    0     9.724     0.060
r   315.628     0.010    0     9.625     0.060
r   316.405     0.010    0     9.534     0.060
r   317.200     0.010    0     9.435     0.060
r   317.995     0.010    0     9.324     0.060
r   318.793     0.010    0     9.225     0.060
r   319.588     0.010    0     9.114     0.060
r   320.370     0.010    0     9.035     0.060
r   321.139     0.010    0     8.928     0.060
r   321.905     0.010    0     8.845     0.060
r   322.835     0.010    0     8.726     0.060
r   323.605     0.010    0     8.644     0.060
r   324.360     0.010    0     8.549     0.060
r   325.126     0.010    0     8.474     0.060
r   325.921     0.010    0     8.355     0.060
r   326.692     0.010    0     8.245     0.060
r   327.799     0.010    0     8.115     0.060
r   328.585     0.010    0     8.018     0.060
r   329.504     0.010    0     7.894     0.060
r   330.284     0.010    0     7.775     0.060
r   331.053     0.010    0     7.668     0.060
r   331.828     0.010    0     7.581     0.060
r   332.604     0.010    0     7.500     0.060
r   333.368     0.010    0     7.418     0.060
r   334.283     0.010    0     7.288     0.060
r   335.373     0.010    0     7.160     0.060
r   336.167     0.010    0     7.038     0.060
r   336.971     0.010    0     6.913     0.060
r   337.770     0.010    0     6.759     0.060
r   338.557     0.010    0     6.594     0.060
r   339.352     0.010    0     6.462     0.060
r   340.145     0.010    0     6.319     0.060
r   340.934     0.010    0     6.166     0.060
r   341.718     0.010    0     6.007     0.060
r   342.522     0.010    0     5.832     0.060
r   343.329     0.010    0     5.710     0.060
r   344.133     0.010    0     5.599     0.060
r   344.926     0.010    0     5.451     0.060
r   345.728     0.010    0     5.342     0.060
r   346.515     0.010    0     5.222     0.060
r   347.308     0.010    0     5.078     0.060
r   348.091     0.010    0     4.942     0.060
r   349.681     0.010    0     4.604     0.060
r   350.483     0.010    0     4.375     0.060
r   351.272     0.010    0     4.174     0.060
r   379.301     0.010    0     6.589     0.060
r   380.594     0.010    0     6.679     0.060
r   381.551     0.010    0     6.609     0.060
r   382.810     0.010    0     6.649     0.060
r   384.218     0.010    0     6.718     0.060
r   386.557     0.010    0     7.005     0.060
r   388.872     0.010    0     7.501     0.060
r   391.233     0.010    0     7.996     0.060
r   393.291     0.010    0     8.406     0.060
r   395.717     0.010    0     8.885     0.060
r   366.539     0.010    0     4.161     0.060
r   367.340     0.010    0     4.475     0.060
r   368.130     0.010    0     4.727     0.060
r   368.920     0.010    0     4.963     0.060
r   369.711     0.010    0     5.170     0.060
r   370.498     0.010    0     5.354     0.060
r   371.755     0.010    0     5.554     0.060
r   374.289     0.010    0     5.874     0.060
r   239.189     0.010    1    22.317     0.060
r   251.102     0.010    1    20.377     0.060
r   260.702     0.010    1    18.486     0.060
r   266.863     0.010    1    17.427     0.060
r   269.750     0.010    1    16.932     0.060
r   273.455     0.010    1    16.182     0.060
r   277.367     0.010    1    15.453     0.060
r   280.738     0.010    1    14.903     0.060
r   283.764     0.010    1    14.389     0.060
r   285.530     0.010    1    14.082     0.060
r   287.464     0.010    1    13.774     0.060
r   290.201     0.010    1    13.406     0.060
r   293.099     0.010    1    13.153     0.060
r   295.278     0.010    1    12.964     0.060
r   297.117     0.010    1    12.811     0.060
r   299.575     0.010    1    12.574     0.060
r   302.494     0.010    1    12.256     0.060
r   304.683     0.010    1    12.099     0.060
s   357.449     1.920   88
r   306.420     0.010    0    10.578     0.060
r   310.482     0.010    0    10.073     0.060
r   313.755     0.010    0     9.666     0.060
r   315.155     0.010    0     9.522     0.060
r   317.351     0.010    0     9.242     0.060
r   319.277     0.010    0     9.015     0.060
r   321.755     0.010    0     8.703     0.060
r   323.755     0.010    0     8.455     0.060
r   325.922     0.010    0     8.130     0.060
r   327.799     0.010    0     7.874     0.060
r   328.890     0.010    0     7.756     0.060
r   329.669     0.010    0     7.628     0.060
r   330.435     0.010    0     7.517     0.060
r   331.207     0.010    0     7.428     0.060
r   331.993     0.010    0     7.312     0.060
r   332.768     0.010    0     7.240     0.060
r   333.522     0.010    0     7.131     0.060
r   334.284     0.010    0     7.017     0.060
r   335.059     0.010    0     6.899     0.060
r   335.852     0.010    0     6.788     0.060
r   336.646     0.010    0     6.676     0.060
r   337.453     0.010    0     6.536     0.060
r   338.246     0.010    0     6.371     0.060
r   339.041     0.010    0     6.205     0.060
r   339.833     0.010    0     6.026     0.060
r   340.615     0.010    0     5.868     0.060
r   341.403     0.010    0     5.701     0.060
r   342.197     0.010    0     5.577     0.060
r   343.001     0.010    0     5.431     0.060
r   343.819     0.010    0     5.317     0.060
r   344.612     0.010    0     5.194     0.060
r   345.403     0.010    0     5.049     0.060
r   346.204     0.010    0     4.912     0.060
r   349.359     0.010    0     4.090     0.060
r   350.164     0.010    0     3.785     0.060
r   350.953     0.010    0     3.546     0.060
r   351.745     0.010    0     3.257     0.060
r   352.554     0.010    0     2.960     0.060
r   353.331     0.010    0     2.676     0.060
r   368.606     0.010    0     5.597     0.060
r   369.386     0.010    0     5.793     0.060
r   370.187     0.010    0     5.938     0.060
r   370.971     0.010    0     6.095     0.060
r   371.755     0.010    0     6.222     0.060
r   372.529     0.010    0     6.322     0.060
r   373.338     0.010    0     6.445     0.060
r   374.139     0.010    0     6.519     0.060
r   375.104     0.010    0     6.676     0.060
r   376.705     0.010    0     6.925     0.060
r   378.167     0.010    0     7.151     0.060
r   379.465     0.010    0     7.263     0.060
r   380.594     0.010    0     7.285     0.060
r   382.495     0.010    0     7.379     0.060
r   383.751     0.010    0     7.443     0.060
r   385.466     0.010    0     7.601     0.060
r   387.477     0.010    0     7.829     0.060
r   388.396     0.010    0     7.972     0.060
r   389.820     0.010    0     8.281     0.060
r   390.922     0.010    0     8.520     0.060
r   392.010     0.010    0     8.756     0.060
r   362.043     0.010    0     3.306     0.060
r   363.005     0.010    0     3.689     0.060
r   363.825     0.010    0     4.043     0.060
r   364.630     0.010    0     4.361     0.060
r   365.424     0.010    0     4.643     0.060
r   366.225     0.010    0     4.958     0.060
r   367.015     0.010    0     5.224     0.060
r   239.504     0.010    1    21.975     0.060
r   243.282     0.010    1    21.434     0.060
r   246.734     0.010    1    20.899     0.060
r   250.316     0.010    1    20.311     0.060
r   254.096     0.010    1    19.568     0.060
r   257.207     0.010    1    18.883     0.060
r   259.592     0.010    1    18.371     0.060
r   262.138     0.010    1    18.001     0.060
r   265.552     0.010    1    17.491     0.060
r   268.802     0.010    1    16.926     0.060
r   271.998     0.010    1    16.254     0.060
r   274.261     0.010    1    15.824     0.060
r   277.048     0.010    1    15.344     0.060
r   280.413     0.010    1    14.751     0.060
r   284.891     0.010    1    13.961     0.060
r   287.940     0.010    1    13.429     0.060
r   292.309     0.010    1    12.899     0.060
r   295.278     0.010    1    12.679     0.060
r   299.268     0.010    1    12.324     0.060
r   301.863     0.010    1    12.173     0.060
r   304.060     0.010    1    12.064     0.060
s   354.535     1.840   78
r   319.589     0.010    0     8.555     0.060
r   320.370     0.010    0     8.443     0.060
r   321.140     0.010    0     8.352     0.060
r   321.906     0.010    0     8.262     0.060
r   322.672     0.010    0     8.196     0.060
r   323.452     0.010    0     8.099     0.060
r   324.210     0.010    0     8.009     0.060
r   324.976     0.010    0     7.908     0.060
r   325.761     0.010    0     7.802     0.060
r   326.545     0.010    0     7.685     0.060
r   327.327     0.010    0     7.580     0.060
r   328.108     0.010    0     7.458     0.060
r   328.891     0.010    0     7.390     0.060
r   329.669     0.010    0     7.264     0.060
r   330.435     0.010    0     7.155     0.060
r   331.207     0.010    0     7.034     0.060
r   331.993     0.010    0     6.939     0.060
r   332.769     0.010    0     6.853     0.060
r   333.676     0.010    0     6.707     0.060
r   334.438     0.010    0     6.557     0.060
r   335.223     0.010    0     6.425     0.060
r   336.003     0.010    0     6.321     0.060
r   336.807     0.010    0     6.198     0.060
r   337.606     0.010    0     6.008     0.060
r   338.407     0.010    0     5.879     0.060
r   339.353     0.010    0     5.705     0.060
r   340.773     0.010    0     5.428     0.060
r   342.361     0.010    0     5.126     0.060
r   343.655     0.010    0     4.856     0.060
r   344.927     0.010    0     4.566     0.060
r   347.938     0.010    0     3.851     0.060
r   364.308     0.010    0     4.968     0.060
r   365.109     0.010    0     5.256     0.060
r   365.910     0.010    0     5.566     0.060
r   366.701     0.010    0     5.805     0.060
r   367.491     0.010    0     5.974     0.060
r   368.292     0.010    0     6.157     0.060
r   369.072     0.010    0     6.317     0.060
r   369.862     0.010    0     6.496     0.060
r   370.660     0.010    0     6.669     0.060
r   371.444     0.010    0     6.772     0.060
r   372.218     0.010    0     6.910     0.060
r   373.013     0.010    0     7.002     0.060
r   373.814     0.010    0     7.075     0.060
r   374.615     0.010    0     7.172     0.060
r   375.418     0.010    0     7.315     0.060
r   376.219     0.010    0     7.422     0.060
r   377.031     0.010    0     7.556     0.060
r   378.665     0.010    0     7.775     0.060
r   380.431     0.010    0     7.768     0.060
r   382.657     0.010    0     7.771     0.060
r   385.002     0.010    0     7.903     0.060
r   388.096     0.010    0     8.402     0.060
r   390.447     0.010    0     8.941     0.060
r   392.658     0.010    0     9.304     0.060
r   359.015     0.010    0     3.057     0.060
r   360.445     0.010    0     3.584     0.060
r   361.582     0.010    0     3.962     0.060
r   362.358     0.010    0     4.268     0.060
r   363.167     0.010    0     4.556     0.060
r   254.878     0.010    1    19.153     0.060
r   257.842     0.010    1    18.583     0.060
r   260.703     0.010    1    18.060     0.060
r   263.584     0.010    1    17.558     0.060
r   266.699     0.010    1    17.022     0.060
r   269.430     0.010    1    16.529     0.060
r   272.972     0.010    1    15.851     0.060
r   275.902     0.010    1    15.275     0.060
r   279.287     0.010    1    14.664     0.060
r   282.172     0.010    1    14.120     0.060
r   286.013     0.010    1    13.493     0.060
r   289.879     0.010    1    12.947     0.060
r   291.994     0.010    1    12.789     0.060
r   294.184     0.010    1    12.608     0.060
r   296.195     0.010    1    12.455     0.060
r   297.736     0.010    1    12.296     0.060
r   299.575     0.010    1    12.105     0.060
r   302.494     0.010    1    11.802     0.060
s   351.584     1.910  163
r   280.413     0.010    0    13.476     0.060
r   282.812     0.010    0    13.024     0.060
r   285.370     0.010    0    12.489     0.060
r   287.790     0.010    0    12.029     0.060
r   290.041     0.010    0    11.707     0.060
r   292.624     0.010    0    11.342     0.060
r   295.278     0.010    0    11.039     0.060
r   296.499     0.010    0    10.920     0.060
r   297.432     0.010    0    10.803     0.060
r   298.194     0.010    0    10.729     0.060
r   299.115     0.010    0    10.616     0.060
r   299.875     0.010    0    10.532     0.060
r   300.784     0.010    0    10.429     0.060
r   301.544     0.010    0    10.347     0.060
r   302.333     0.010    0    10.265     0.060
r   303.128     0.010    0    10.169     0.060
r   303.910     0.010    0    10.077     0.060
r   304.684     0.010    0     9.982     0.060
r   305.471     0.010    0     9.870     0.060
r   306.259     0.010    0     9.763     0.060
r   307.197     0.010    0     9.632     0.060
r   307.977     0.010    0     9.510     0.060
r   308.760     0.010    0     9.411     0.060
r   309.537     0.010    0     9.284     0.060
r   310.321     0.010    0     9.207     0.060
r   311.106     0.010    0     9.118     0.060
r   311.882     0.010    0     9.015     0.060
r   312.667     0.010    0     8.895     0.060
r   313.444     0.010    0     8.815     0.060
r   314.221     0.010    0     8.715     0.060
r   315.005     0.010    0     8.595     0.060
r   315.779     0.010    0     8.487     0.060
r   316.556     0.010    0     8.402     0.060
r   317.351     0.010    0     8.279     0.060
r   318.160     0.010    0     8.190     0.060
r   318.955     0.010    0     8.087     0.060
r   319.747     0.010    0     7.995     0.060
r   320.524     0.010    0     7.906     0.060
r   321.301     0.010    0     7.808     0.060
r   322.056     0.010    0     7.719     0.060
r   322.836     0.010    0     7.628     0.060
r   323.605     0.010    0     7.542     0.060
r   324.361     0.010    0     7.444     0.060
r   325.127     0.010    0     7.361     0.060
r   325.922     0.010    0     7.253     0.060
r   326.693     0.010    0     7.136     0.060
r   327.477     0.010    0     7.020     0.060
r   328.266     0.010    0     6.892     0.060
r   329.049     0.010    0     6.773     0.060
r   329.819     0.010    0     6.658     0.060
r   330.903     0.010    0     6.484     0.060
r   333.226     0.010    0     6.137     0.060
r   334.906     0.010    0     5.873     0.060
r   334.906     0.010    0     6.021     0.060
r   335.688     0.010    0     5.847     0.060
r   336.492     0.010    0     5.670     0.060
r   337.289     0.010    0     5.492     0.060
r   338.096     0.010    0     5.325     0.060
r   338.880     0.010    0     5.171     0.060
r   339.675     0.010    0     4.982     0.060
r   340.454     0.010    0     4.819     0.060
r   341.253     0.010    0     4.640     0.060
r   342.047     0.010    0     4.470     0.060
r   342.840     0.010    0     4.310     0.060
r   361.732     0.010    0     4.934     0.060
r   362.519     0.010    0     5.153     0.060
r   363.339     0.010    0     5.351     0.060
r   364.147     0.010    0     5.589     0.060
r   364.945     0.010    0     5.891     0.060
r   365.749     0.010    0     6.161     0.060
r   366.539     0.010    0     6.397     0.060
r   367.340     0.010    0     6.577     0.060
r   368.131     0.010    0     6.746     0.060
r   368.921     0.010    0     6.931     0.060
r   369.711     0.010    0     7.109     0.060
r   370.499     0.010    0     7.254     0.060
r   371.283     0.010    0     7.374     0.060
r   372.067     0.010    0     7.508     0.060
r   372.852     0.010    0     7.582     0.060
r   373.652     0.010    0     7.657     0.060
r   374.453     0.010    0     7.770     0.060
r   377.356     0.010    0     8.231     0.060
r   379.791     0.010    0     8.320     0.060
r   382.496     0.010    0     8.314     0.060
r   385.942     0.010    0     8.688     0.060
r   389.660     0.010    0     9.408     0.060
r   392.969     0.010    0    10.051     0.060
r   355.998     0.010    0     3.017     0.060
r   356.788     0.010    0     3.266     0.060
r   357.578     0.010    0     3.480     0.060
r   358.375     0.010    0     3.757     0.060
r   359.179     0.010    0     4.049     0.060
r   359.980     0.010    0     4.318     0.060
r   232.698     0.010    1    22.320     0.060
r   235.529     0.010    1    21.837     0.060
r   239.190     0.010    1    21.206     0.060
r   241.206     0.010    1    20.892     0.060
r   241.970     0.010    1    20.771     0.060
r   242.704     0.010    1    20.667     0.060
r   243.419     0.010    1    20.569     0.060
r   244.163     0.010    1    20.458     0.060
r   244.931     0.010    1    20.330     0.060
r   245.688     0.010    1    20.206     0.060
r   246.430     0.010    1    20.094     0.060
r   247.203     0.010    1    19.970     0.060
r   247.986     0.010    1    19.812     0.060
r   248.770     0.010    1    19.663     0.060
r   249.547     0.010    1    19.514     0.060
r   250.317     0.010    1    19.375     0.060
r   251.103     0.010    1    19.221     0.060
r   251.882     0.010    1    19.079     0.060
r   252.681     0.010    1    18.922     0.060
r   253.481     0.010    1    18.759     0.060
r   254.258     0.010    1    18.597     0.060
r   255.037     0.010    1    18.450     0.060
r   255.811     0.010    1    18.293     0.060
r   256.585     0.010    1    18.132     0.060
r   257.369     0.010    1    17.955     0.060
r   258.168     0.010    1    17.777     0.060
r   258.966     0.010    1    17.627     0.060
r   259.754     0.010    1    17.499     0.060
r   260.552     0.010    1    17.387     0.060
r   261.340     0.010    1    17.284     0.060
r   262.138     0.010    1    17.179     0.060
r   262.947     0.010    1    17.066     0.060
r   263.746     0.010    1    16.963     0.060
r   264.562     0.010    1    16.874     0.060
r   265.384     0.010    1    16.761     0.060
r   266.205     0.010    1    16.620     0.060
r   267.024     0.010    1    16.475     0.060
r   267.833     0.010    1    16.322     0.060
r   268.638     0.010    1    16.160     0.060
r   269.430     0.010    1    15.990     0.060
r   270.238     0.010    1    15.823     0.060
r   271.041     0.010    1    15.664     0.060
r   271.837     0.010    1    15.518     0.060
r   272.649     0.010    1    15.359     0.060
r   273.455     0.010    1    15.226     0.060
r   274.261     0.010    1    15.063     0.060
r   275.073     0.010    1    14.888     0.060
r   276.063     0.010    1    14.700     0.060
r   277.048     0.010    1    14.580     0.060
r   278.650     0.010    1    14.273     0.060
r   279.612     0.010    1    14.111     0.060
r   280.413     0.010    1    13.996     0.060
r   281.218     0.010    1    13.854     0.060
r   282.022     0.010    1    13.720     0.060
r   282.812     0.010    1    13.576     0.060
r   283.603     0.010    1    13.420     0.060
r   284.566     0.010    1    13.263     0.060
r   285.370     0.010    1    13.138     0.060
r   286.814     0.010    1    12.941     0.060
r   287.941     0.010    1    12.782     0.060
r   289.227     0.010    1    12.638     0.060
r   291.021     0.010    1    12.400     0.060
r   292.624     0.010    1    12.264     0.060
r   293.718     0.010    1    12.175     0.060
r   294.813     0.010    1    12.098     0.060
r   295.733     0.010    1    12.021     0.060
r   296.663     0.010    1    11.963     0.060
r   297.583     0.010    1    11.877     0.060
r   298.654     0.010    1    11.768     0.060
r   300.179     0.010    1    11.629     0.060
s   348.590     2.010  137
r   256.435     0.010    0    17.520     0.060
r   257.682     0.010    0    17.234     0.060
r   259.117     0.010    0    16.923     0.060
r   260.864     0.010    0    16.570     0.060
r   262.139     0.010    0    16.324     0.060
r   262.948     0.010    0    16.194     0.060
r   263.746     0.010    0    16.085     0.060
r   264.563     0.010    0    15.960     0.060
r   265.714     0.010    0    15.817     0.060
r   267.347     0.010    0    15.533     0.060
r   268.474     0.010    0    15.312     0.060
r   270.395     0.010    0    14.891     0.060
r   271.356     0.010    0    14.653     0.060
r   272.489     0.010    0    14.405     0.060
r   273.617     0.010    0    14.171     0.060
r   274.423     0.010    0    14.019     0.060
r   275.238     0.010    0    13.846     0.060
r   276.063     0.010    0    13.680     0.060
r   276.888     0.010    0    13.537     0.060
r   277.680     0.010    0    13.389     0.060
r   278.489     0.010    0    13.242     0.060
r   279.287     0.010    0    13.077     0.060
r   280.099     0.010    0    12.931     0.060
r   280.893     0.010    0    12.785     0.060
r   281.697     0.010    0    12.630     0.060
r   282.498     0.010    0    12.472     0.060
r   283.289     0.010    0    12.319     0.060
r   284.241     0.010    0    12.134     0.060
r   285.849     0.010    0    11.817     0.060
r   287.465     0.010    0    11.483     0.060
r   289.389     0.010    0    11.144     0.060
r   290.689     0.010    0    10.971     0.060
r   293.719     0.010    0    10.624     0.060
r   296.045     0.010    0    10.390     0.060
r   298.359     0.010    0    10.093     0.060
r   299.875     0.010    0     9.938     0.060
r   301.703     0.010    0     9.703     0.060
r   302.656     0.010    0     9.619     0.060
r   304.846     0.010    0     9.376     0.060
r   306.732     0.010    0     9.128     0.060
r   308.445     0.010    0     8.862     0.060
r   310.010     0.010    0     8.666     0.060
r   312.044     0.010    0     8.398     0.060
r   313.906     0.010    0     8.129     0.060
r   316.406     0.010    0     7.784     0.060
r   318.633     0.010    0     7.516     0.060
r   321.906     0.010    0     7.112     0.060
r   323.302     0.010    0     6.932     0.060
r   325.288     0.010    0     6.655     0.060
r   326.546     0.010    0     6.468     0.060
r   327.947     0.010    0     6.261     0.060
r   329.357     0.010    0     6.054     0.060
r   331.054     0.010    0     5.812     0.060
r   335.689     0.010    0     5.052     0.060
r   336.493     0.010    0     4.931     0.060
r   337.289     0.010    0     4.782     0.060
r   338.096     0.010    0     4.607     0.060
r   338.881     0.010    0     4.444     0.060
r   339.676     0.010    0     4.255     0.060
r   340.454     0.010    0     4.080     0.060
r   341.253     0.010    0     3.892     0.060
r   342.047     0.010    0     3.692     0.060
r   355.054     0.010    0     3.804     0.060
r   355.834     0.010    0     4.022     0.060
r   356.624     0.010    0     4.235     0.060
r   357.418     0.010    0     4.445     0.060
r   358.211     0.010    0     4.676     0.060
r   359.015     0.010    0     4.883     0.060
r   359.819     0.010    0     5.108     0.060
r   360.609     0.010    0     5.301     0.060
r   361.421     0.010    0     5.493     0.060
r   362.208     0.010    0     5.689     0.060
r   363.006     0.010    0     5.889     0.060
r   363.825     0.010    0     6.099     0.060
r   364.631     0.010    0     6.345     0.060
r   365.424     0.010    0     6.625     0.060
r   366.225     0.010    0     6.898     0.060
r   367.016     0.010    0     7.076     0.060
r   367.817     0.010    0     7.237     0.060
r   368.607     0.010    0     7.418     0.060
r   369.387     0.010    0     7.594     0.060
r   370.187     0.010    0     7.744     0.060
r   370.972     0.010    0     7.837     0.060
r   371.756     0.010    0     7.951     0.060
r   372.530     0.010    0     8.038     0.060
r   373.338     0.010    0     8.106     0.060
r   374.139     0.010    0     8.193     0.060
r   374.943     0.010    0     8.306     0.060
r   375.744     0.010    0     8.458     0.060
r   376.706     0.010    0     8.592     0.060
r   377.518     0.010    0     8.681     0.060
r   378.329     0.010    0     8.769     0.060
r   379.141     0.010    0     8.851     0.060
r   379.952     0.010    0     8.878     0.060
r   380.746     0.010    0     8.786     0.060
r   381.553     0.010    0     8.773     0.060
r   382.343     0.010    0     8.795     0.060
r   383.125     0.010    0     8.812     0.060
r   384.220     0.010    0     8.835     0.060
r   385.317     0.010    0     8.945     0.060
r   386.397     0.010    0     9.063     0.060
r   352.229     0.010    0     2.773     0.060
r   353.017     0.010    0     3.091     0.060
r   353.807     0.010    0     3.388     0.060
r   231.133     0.010    1    21.991     0.060
r   232.558     0.010    1    21.763     0.060
r   233.973     0.010    1    21.534     0.060
r   235.379     0.010    1    21.295     0.060
r   236.673     0.010    1    21.053     0.060
r   238.886     0.010    1    20.678     0.060
r   240.594     0.010    1    20.436     0.060
r   241.820     0.010    1    20.259     0.060
r   244.016     0.010    1    19.909     0.060
r   245.825     0.010    1    19.611     0.060
r   247.671     0.010    1    19.287     0.060
r   249.398     0.010    1    18.962     0.060
r   251.411     0.010    1    18.582     0.060
r   253.796     0.010    1    18.131     0.060
r   256.273     0.010    1    17.632     0.060
r   258.168     0.010    1    17.265     0.060
r   261.340     0.010    1    16.708     0.060
r   279.287     0.010    1    13.547     0.060
r   280.099     0.010    1    13.411     0.060
r   280.893     0.010    1    13.269     0.060
r   281.697     0.010    1    13.127     0.060
r   282.498     0.010    1    12.987     0.060
r   283.453     0.010    1    12.824     0.060
r   284.241     0.010    1    12.692     0.060
r   285.045     0.010    1    12.573     0.060
r   288.102     0.010    1    12.067     0.060
r   290.850     0.010    1    11.811     0.060
r   293.719     0.010    1    11.649     0.060
r   296.499     0.010    1    11.482     0.060
r   298.808     0.010    1    11.363     0.060
r   302.334     0.010    1    11.087     0.060
r   305.472     0.010    1    10.807     0.060
r   308.445     0.010    1    10.455     0.060
s   345.626     1.950  132
r   271.040     0.010    0    14.132     0.060
r   273.294     0.010    0    13.723     0.060
r   275.237     0.010    0    13.392     0.060
r   277.367     0.010    0    12.977     0.060
r   279.286     0.010    0    12.624     0.060
r   281.056     0.010    0    12.276     0.060
r   283.127     0.010    0    11.894     0.060
r   285.044     0.010    0    11.524     0.060
r   287.139     0.010    0    11.131     0.060
r   288.904     0.010    0    10.809     0.060
r   291.669     0.010    0    10.433     0.060
r   293.718     0.010    0    10.172     0.060
r   294.963     0.010    0    10.068     0.060
r   296.044     0.010    0     9.943     0.060
r   296.813     0.010    0     9.828     0.060
r   297.582     0.010    0     9.727     0.060
r   298.358     0.010    0     9.661     0.060
r   299.114     0.010    0     9.562     0.060
r   299.874     0.010    0     9.461     0.060
r   300.632     0.010    0     9.360     0.060
r   301.382     0.010    0     9.288     0.060
r   302.171     0.010    0     9.217     0.060
r   302.967     0.010    0     9.115     0.060
r   303.748     0.010    0     9.019     0.060
r   304.533     0.010    0     8.945     0.060
r   305.320     0.010    0     8.865     0.060
r   306.094     0.010    0     8.760     0.060
r   306.885     0.010    0     8.663     0.060
r   307.662     0.010    0     8.515     0.060
r   308.444     0.010    0     8.389     0.060
r   309.224     0.010    0     8.265     0.060
r   310.009     0.010    0     8.185     0.060
r   310.793     0.010    0     8.082     0.060
r   311.567     0.010    0     7.942     0.060
r   312.355     0.010    0     7.831     0.060
r   313.132     0.010    0     7.745     0.060
r   313.905     0.010    0     7.648     0.060
r   314.693     0.010    0     7.523     0.060
r   315.467     0.010    0     7.431     0.060
r   316.241     0.010    0     7.344     0.060
r   317.039     0.010    0     7.240     0.060
r   317.834     0.010    0     7.102     0.060
r   318.632     0.010    0     7.008     0.060
r   319.427     0.010    0     6.912     0.060
r   320.219     0.010    0     6.845     0.060
r   320.989     0.010    0     6.728     0.060
r   321.755     0.010    0     6.637     0.060
r   322.521     0.010    0     6.541     0.060
r   323.301     0.010    0     6.434     0.060
r   324.056     0.010    0     6.310     0.060
r   324.825     0.010    0     6.204     0.060
r   325.599     0.010    0     6.075     0.060
r   326.384     0.010    0     5.943     0.060
r   327.165     0.010    0     5.811     0.060
r   327.946     0.010    0     5.683     0.060
r   328.732     0.010    0     5.559     0.060
r   329.504     0.010    0     5.434     0.060
r   330.284     0.010    0     5.313     0.060
r   331.053     0.010    0     5.200     0.060
r   331.828     0.010    0     5.084     0.060
r   332.604     0.010    0     4.989     0.060
r   336.328     0.010    0     4.321     0.060
r   337.135     0.010    0     4.173     0.060
r   337.931     0.010    0     3.988     0.060
r   338.719     0.010    0     3.760     0.060
r   339.514     0.010    0     3.570     0.060
r   340.306     0.010    0     3.337     0.060
r   353.806     0.010    0     4.235     0.060
r   354.585     0.010    0     4.388     0.060
r   355.368     0.010    0     4.538     0.060
r   356.148     0.010    0     4.701     0.060
r   356.938     0.010    0     4.855     0.060
r   357.742     0.010    0     5.035     0.060
r   358.535     0.010    0     5.247     0.060
r   359.339     0.010    0     5.436     0.060
r   360.130     0.010    0     5.644     0.060
r   360.934     0.010    0     5.850     0.060
r   361.732     0.010    0     6.035     0.060
r   362.519     0.010    0     6.202     0.060
r   363.338     0.010    0     6.412     0.060
r   364.147     0.010    0     6.672     0.060
r   364.945     0.010    0     6.905     0.060
r   365.749     0.010    0     7.171     0.060
r   366.539     0.010    0     7.389     0.060
r   367.340     0.010    0     7.568     0.060
r   368.130     0.010    0     7.739     0.060
r   368.921     0.010    0     7.895     0.060
r   369.711     0.010    0     8.032     0.060
r   370.498     0.010    0     8.172     0.060
r   371.282     0.010    0     8.298     0.060
r   372.067     0.010    0     8.416     0.060
r   372.851     0.010    0     8.507     0.060
r   373.652     0.010    0     8.588     0.060
r   374.453     0.010    0     8.683     0.060
r   375.267     0.010    0     8.826     0.060
r   376.068     0.010    0     8.985     0.060
r   376.869     0.010    0     9.079     0.060
r   377.678     0.010    0     9.125     0.060
r   378.500     0.010    0     9.205     0.060
r   379.301     0.010    0     9.229     0.060
r   381.387     0.010    0     9.223     0.060
r   383.751     0.010    0     9.230     0.060
r   387.326     0.010    0     9.777     0.060
r   390.296     0.010    0    10.405     0.060
r   393.455     0.010    0    11.022     0.060
r   349.842     0.010    0     3.057     0.060
r   350.644     0.010    0     3.357     0.060
r   351.433     0.010    0     3.653     0.060
r   352.228     0.010    0     3.975     0.060
r   230.159     0.010    1    21.631     0.060
r   232.127     0.010    1    21.366     0.060
r   234.252     0.010    1    20.997     0.060
r   236.522     0.010    1    20.621     0.060
r   239.504     0.010    1    20.142     0.060
r   241.969     0.010    1    19.755     0.060
r   243.856     0.010    1    19.464     0.060
r   246.129     0.010    1    19.096     0.060
r   248.770     0.010    1    18.631     0.060
r   251.256     0.010    1    18.148     0.060
r   253.946     0.010    1    17.613     0.060
r   257.519     0.010    1    16.917     0.060
r   260.229     0.010    1    16.398     0.060
r   262.785     0.010    1    15.974     0.060
r   265.713     0.010    1    15.486     0.060
r   268.473     0.010    1    15.014     0.060
r   271.998     0.010    1    14.380     0.060
r   273.616     0.010    1    14.091     0.060
r   275.737     0.010    1    13.706     0.060
r   277.840     0.010    1    13.337     0.060
r   279.447     0.010    1    13.048     0.060
r   283.127     0.010    1    12.440     0.060
r   287.303     0.010    1    11.757     0.060
s   342.678     1.960  123
r   253.009     0.010    0    17.299     0.060
r   255.499     0.010    0    16.808     0.060
r   257.842     0.010    0    16.304     0.060
r   260.068     0.010    0    15.850     0.060
r   262.138     0.010    0    15.506     0.060
r   264.734     0.010    0    15.110     0.060
r   267.995     0.010    0    14.513     0.060
r   270.712     0.010    0    13.911     0.060
r   273.133     0.010    0    13.418     0.060
r   275.737     0.010    0    12.891     0.060
r   278.163     0.010    0    12.438     0.060
r   281.056     0.010    0    11.875     0.060
r   284.090     0.010    0    11.260     0.060
r   286.978     0.010    0    10.724     0.060
r   288.905     0.010    0    10.329     0.060
r   289.718     0.010    0    10.227     0.060
r   290.527     0.010    0    10.118     0.060
r   291.344     0.010    0    10.020     0.060
r   292.145     0.010    0     9.950     0.060
r   292.949     0.010    0     9.830     0.060
r   293.718     0.010    0     9.717     0.060
r   294.498     0.010    0     9.637     0.060
r   295.278     0.010    0     9.567     0.060
r   296.044     0.010    0     9.483     0.060
r   296.814     0.010    0     9.421     0.060
r   297.583     0.010    0     9.313     0.060
r   298.358     0.010    0     9.186     0.060
r   299.115     0.010    0     9.137     0.060
r   299.874     0.010    0     9.046     0.060
r   300.633     0.010    0     8.993     0.060
r   301.382     0.010    0     8.896     0.060
r   302.172     0.010    0     8.823     0.060
r   302.967     0.010    0     8.750     0.060
r   303.749     0.010    0     8.626     0.060
r   304.845     0.010    0     8.485     0.060
r   307.046     0.010    0     8.183     0.060
r   307.815     0.010    0     8.039     0.060
r   308.598     0.010    0     7.954     0.060
r   309.386     0.010    0     7.826     0.060
r   310.160     0.010    0     7.732     0.060
r   312.043     0.010    0     7.432     0.060
r   314.382     0.010    0     7.093     0.060
r   316.405     0.010    0     6.799     0.060
r   318.482     0.010    0     6.533     0.060
r   320.370     0.010    0     6.315     0.060
r   322.521     0.010    0     6.006     0.060
r   324.361     0.010    0     5.733     0.060
r   326.072     0.010    0     5.456     0.060
r   327.947     0.010    0     5.144     0.060
r   329.970     0.010    0     4.908     0.060
r   330.750     0.010    0     4.765     0.060
r   331.525     0.010    0     4.649     0.060
r   332.298     0.010    0     4.456     0.060
r   333.073     0.010    0     4.351     0.060
r   348.409     0.010    0     3.578     0.060
r   349.209     0.010    0     3.772     0.060
r   350.004     0.010    0     3.965     0.060
r   350.792     0.010    0     4.196     0.060
r   351.584     0.010    0     4.404     0.060
r   352.393     0.010    0     4.587     0.060
r   353.177     0.010    0     4.763     0.060
r   353.957     0.010    0     4.895     0.060
r   354.739     0.010    0     4.947     0.060
r   355.530     0.010    0     5.128     0.060
r   356.312     0.010    0     5.353     0.060
r   357.103     0.010    0     5.478     0.060
r   357.896     0.010    0     5.652     0.060
r   358.700     0.010    0     5.802     0.060
r   359.504     0.010    0     6.016     0.060
r   360.295     0.010    0     6.252     0.060
r   361.096     0.010    0     6.444     0.060
r   361.893     0.010    0     6.630     0.060
r   362.681     0.010    0     6.808     0.060
r   363.500     0.010    0     7.008     0.060
r   364.309     0.010    0     7.175     0.060
r   365.109     0.010    0     7.447     0.060
r   365.910     0.010    0     7.699     0.060
r   366.701     0.010    0     7.969     0.060
r   367.491     0.010    0     8.123     0.060
r   368.292     0.010    0     8.258     0.060
r   369.072     0.010    0     8.396     0.060
r   369.862     0.010    0     8.595     0.060
r   370.660     0.010    0     8.702     0.060
r   371.444     0.010    0     8.789     0.060
r   372.218     0.010    0     8.916     0.060
r   373.013     0.010    0     8.998     0.060
r   373.814     0.010    0     9.043     0.060
r   374.615     0.010    0     9.155     0.060
r   375.418     0.010    0     9.363     0.060
r   376.219     0.010    0     9.469     0.060
r   377.031     0.010    0     9.513     0.060
r   377.843     0.010    0     9.579     0.060
r   378.665     0.010    0     9.683     0.060
r   379.466     0.010    0     9.749     0.060
r   380.270     0.010    0     9.755     0.060
r   382.342     0.010    0     9.737     0.060
r   384.848     0.010    0     9.876     0.060
r   388.558     0.010    0    10.381     0.060
r   225.679     0.010    1    21.917     0.060
r   229.028     0.010    1    21.459     0.060
r   231.851     0.010    1    21.007     0.060
r   235.529     0.010    1    20.395     0.060
r   238.273     0.010    1    19.960     0.060
r   240.443     0.010    1    19.668     0.060
r   243.419     0.010    1    19.187     0.060
r   246.888     0.010    1    18.598     0.060
r   250.013     0.010    1    18.029     0.060
r   252.845     0.010    1    17.459     0.060
r   255.811     0.010    1    16.929     0.060
r   257.681     0.010    1    16.533     0.060
r   259.915     0.010    1    16.096     0.060
r   263.584     0.010    1    15.557     0.060
r   266.538     0.010    1    15.152     0.060
r   268.802     0.010    1    14.761     0.060
r   270.877     0.010    1    14.385     0.060
r   272.810     0.010    1    14.017     0.060
r   276.557     0.010    1    13.308     0.060
r   279.773     0.010    1    12.747     0.060
r   283.452     0.010    1    12.094     0.060
r   286.814     0.010    1    11.526     0.060
r   291.830     0.010    1    10.932     0.060
r   296.964     0.010    1    10.576     0.060
r   300.332     0.010    1    10.434     0.060
s   336.632     2.270  147
r   258.802     0.010    0    15.142     0.060
r   263.111     0.010    0    14.324     0.060
r   265.053     0.010    0    13.987     0.060
r   266.863     0.010    0    13.687     0.060
r   269.119     0.010    0    13.187     0.060
r   271.205     0.010    0    12.755     0.060
r   273.133     0.010    0    12.383     0.060
r   274.748     0.010    0    12.052     0.060
r   276.399     0.010    0    11.715     0.060
r   277.841     0.010    0    11.443     0.060
r   279.448     0.010    0    11.129     0.060
r   281.217     0.010    0    10.781     0.060
r   282.648     0.010    0    10.496     0.060
r   284.565     0.010    0    10.111     0.060
r   286.013     0.010    0     9.825     0.060
r   287.626     0.010    0     9.544     0.060
r   288.904     0.010    0     9.332     0.060
r   290.040     0.010    0     9.163     0.060
r   291.669     0.010    0     8.907     0.060
r   293.568     0.010    0     8.689     0.060
r   295.114     0.010    0     8.537     0.060
r   296.499     0.010    0     8.376     0.060
r   297.279     0.010    0     8.307     0.060
r   298.040     0.010    0     8.231     0.060
r   298.808     0.010    0     8.143     0.060
r   299.575     0.010    0     8.029     0.060
r   300.332     0.010    0     7.881     0.060
r   301.084     0.010    0     7.831     0.060
r   301.863     0.010    0     7.756     0.060
r   302.655     0.010    0     7.665     0.060
r   303.437     0.010    0     7.584     0.060
r   304.221     0.010    0     7.460     0.060
r   304.998     0.010    0     7.395     0.060
r   305.783     0.010    0     7.291     0.060
r   306.570     0.010    0     7.174     0.060
r   307.350     0.010    0     7.023     0.060
r   308.130     0.010    0     6.933     0.060
r   308.913     0.010    0     6.838     0.060
r   309.697     0.010    0     6.707     0.060
r   310.482     0.010    0     6.613     0.060
r   311.256     0.010    0     6.512     0.060
r   312.043     0.010    0     6.406     0.060
r   312.817     0.010    0     6.274     0.060
r   313.605     0.010    0     6.199     0.060
r   314.382     0.010    0     6.088     0.060
r   315.155     0.010    0     5.938     0.060
r   315.929     0.010    0     5.792     0.060
r   316.717     0.010    0     5.677     0.060
r   317.512     0.010    0     5.558     0.060
r   318.321     0.010    0     5.439     0.060
r   319.116     0.010    0     5.324     0.060
r   319.908     0.010    0     5.222     0.060
r   320.685     0.010    0     5.086     0.060
r   321.451     0.010    0     4.981     0.060
r   322.206     0.010    0     4.855     0.060
r   322.986     0.010    0     4.722     0.060
r   323.755     0.010    0     4.573     0.060
r   324.511     0.010    0     4.423     0.060
r   325.288     0.010    0     4.254     0.060
r   326.072     0.010    0     4.109     0.060
r   326.853     0.010    0     3.983     0.060
r   327.638     0.010    0     3.800     0.060
r   328.423     0.010    0     3.661     0.060
r   329.194     0.010    0     3.519     0.060
r   329.967     0.010    0     3.391     0.060
r   330.747     0.010    0     3.260     0.060
r   343.490     0.010    0     3.646     0.060
r   344.294     0.010    0     3.841     0.060
r   345.090     0.010    0     4.036     0.060
r   345.877     0.010    0     4.202     0.060
r   346.679     0.010    0     4.401     0.060
r   347.469     0.010    0     4.551     0.060
r   348.255     0.010    0     4.685     0.060
r   349.043     0.010    0     4.825     0.060
r   349.841     0.010    0     4.994     0.060
r   350.644     0.010    0     5.149     0.060
r   351.433     0.010    0     5.338     0.060
r   352.228     0.010    0     5.469     0.060
r   353.016     0.010    0     5.622     0.060
r   353.806     0.010    0     5.784     0.060
r   354.586     0.010    0     5.946     0.060
r   355.368     0.010    0     6.060     0.060
r   356.148     0.010    0     6.194     0.060
r   356.938     0.010    0     6.378     0.060
r   357.742     0.010    0     6.545     0.060
r   358.535     0.010    0     6.727     0.060
r   359.339     0.010    0     6.904     0.060
r   360.130     0.010    0     7.090     0.060
r   360.934     0.010    0     7.276     0.060
r   361.732     0.010    0     7.450     0.060
r   362.519     0.010    0     7.626     0.060
r   363.338     0.010    0     7.797     0.060
r   364.147     0.010    0     8.041     0.060
r   364.945     0.010    0     8.288     0.060
r   365.749     0.010    0     8.563     0.060
r   366.539     0.010    0     8.755     0.060
r   367.340     0.010    0     8.924     0.060
r   368.130     0.010    0     9.078     0.060
r   368.921     0.010    0     9.219     0.060
r   369.711     0.010    0     9.351     0.060
r   370.498     0.010    0     9.490     0.060
r   371.283     0.010    0     9.601     0.060
r   372.067     0.010    0     9.689     0.060
r   372.851     0.010    0     9.796     0.060
r   373.652     0.010    0     9.828     0.060
r   374.453     0.010    0     9.938     0.060
r   375.268     0.010    0    10.050     0.060
r   376.069     0.010    0    10.166     0.060
r   376.870     0.010    0    10.256     0.060
r   377.678     0.010    0    10.295     0.060
r   378.500     0.010    0    10.365     0.060
r   379.301     0.010    0    10.426     0.060
r   380.105     0.010    0    10.500     0.060
r   380.909     0.010    0    10.557     0.060
r   381.702     0.010    0    10.579     0.060
r   382.496     0.010    0    10.592     0.060
r   383.286     0.010    0    10.641     0.060
r   231.283     0.010    1    20.193     0.060
r   236.382     0.010    1    19.366     0.060
r   240.295     0.010    1    18.750     0.060
r   246.430     0.010    1    17.702     0.060
r   250.785     0.010    1    16.852     0.060
r   252.199     0.010    1    16.606     0.060
r   253.481     0.010    1    16.329     0.060
r   255.348     0.010    1    16.001     0.060
r   256.434     0.010    1    15.772     0.060
r   257.842     0.010    1    15.523     0.060
r   258.966     0.010    1    15.296     0.060
r   259.915     0.010    1    15.120     0.060
r   261.651     0.010    1    14.858     0.060
r   262.947     0.010    1    14.658     0.060
r   264.734     0.010    1    14.445     0.060
r   266.205     0.010    1    14.214     0.060
r   267.511     0.010    1    14.054     0.060
r   269.276     0.010    1    13.716     0.060
r   271.519     0.010    1    13.280     0.060
r   273.294     0.010    1    12.918     0.060
r   275.573     0.010    1    12.417     0.060
r   277.529     0.010    1    12.093     0.060
r   278.975     0.010    1    11.855     0.060
r   280.577     0.010    1    11.585     0.060
r   281.857     0.010    1    11.395     0.060
r   283.928     0.010    1    11.077     0.060
r   291.505     0.010    1    10.074     0.060
r   294.963     0.010    1     9.801     0.060
r   297.583     0.010    1     9.697     0.060
r   302.021     0.010    1     9.355     0.060
s   330.766     2.090  132
r   243.282     0.010    0    17.137     0.060
r   245.387     0.010    0    16.752     0.060
r   246.888     0.010    0    16.546     0.060
r   247.986     0.010    0    16.320     0.060
r   249.085     0.010    0    16.094     0.060
r   251.103     0.010    0    15.746     0.060
r   252.363     0.010    0    15.495     0.060
r   254.257     0.010    0    15.104     0.060
r   255.660     0.010    0    14.804     0.060
r   257.046     0.010    0    14.507     0.060
r   258.006     0.010    0    14.298     0.060
r   258.801     0.010    0    14.123     0.060
r   259.592     0.010    0    13.976     0.060
r   260.702     0.010    0    13.768     0.060
r   261.490     0.010    0    13.590     0.060
r   262.299     0.010    0    13.446     0.060
r   263.111     0.010    0    13.307     0.060
r   263.906     0.010    0    13.202     0.060
r   264.734     0.010    0    13.080     0.060
r   265.552     0.010    0    12.950     0.060
r   266.376     0.010    0    12.828     0.060
r   267.185     0.010    0    12.678     0.060
r   267.994     0.010    0    12.498     0.060
r   268.802     0.010    0    12.313     0.060
r   269.596     0.010    0    12.165     0.060
r   270.394     0.010    0    12.009     0.060
r   271.204     0.010    0    11.841     0.060
r   271.998     0.010    0    11.679     0.060
r   272.810     0.010    0    11.513     0.060
r   273.616     0.010    0    11.328     0.060
r   274.422     0.010    0    11.162     0.060
r   275.237     0.010    0    10.939     0.060
r   276.062     0.010    0    10.742     0.060
r   276.887     0.010    0    10.555     0.060
r   277.679     0.010    0    10.422     0.060
r   278.488     0.010    0    10.235     0.060
r   279.286     0.010    0    10.083     0.060
r   280.098     0.010    0     9.935     0.060
r   281.056     0.010    0     9.795     0.060
r   281.857     0.010    0     9.642     0.060
r   282.648     0.010    0     9.470     0.060
r   283.452     0.010    0     9.341     0.060
r   284.240     0.010    0     9.198     0.060
r   285.369     0.010    0     8.938     0.060
r   286.173     0.010    0     8.798     0.060
r   286.977     0.010    0     8.637     0.060
r   287.789     0.010    0     8.502     0.060
r   288.582     0.010    0     8.373     0.060
r   289.718     0.010    0     8.213     0.060
r   290.527     0.010    0     8.104     0.060
r   291.343     0.010    0     7.980     0.060
r   292.145     0.010    0     7.870     0.060
r   292.949     0.010    0     7.769     0.060
r   293.718     0.010    0     7.690     0.060
r   294.498     0.010    0     7.582     0.060
r   295.278     0.010    0     7.504     0.060
r   296.044     0.010    0     7.420     0.060
r   296.813     0.010    0     7.325     0.060
r   297.582     0.010    0     7.221     0.060
r   298.357     0.010    0     7.121     0.060
r   299.113     0.010    0     7.053     0.060
r   299.873     0.010    0     6.963     0.060
r   300.631     0.010    0     6.854     0.060
r   301.381     0.010    0     6.815     0.060
r   302.170     0.010    0     6.744     0.060
r   302.966     0.010    0     6.664     0.060
r   303.747     0.010    0     6.534     0.060
r   304.532     0.010    0     6.422     0.060
r   305.320     0.010    0     6.307     0.060
r   306.094     0.010    0     6.181     0.060
r   306.884     0.010    0     6.033     0.060
r   307.661     0.010    0     5.918     0.060
r   308.443     0.010    0     5.787     0.060
r   309.223     0.010    0     5.635     0.060
r   310.008     0.010    0     5.555     0.060
r   310.792     0.010    0     5.458     0.060
r   311.566     0.010    0     5.318     0.060
r   312.354     0.010    0     5.187     0.060
r   313.131     0.010    0     5.077     0.060
r   314.069     0.010    0     4.930     0.060
r   314.843     0.010    0     4.789     0.060
r   315.627     0.010    0     4.666     0.060
r   316.404     0.010    0     4.515     0.060
r   317.199     0.010    0     4.354     0.060
r   317.995     0.010    0     4.211     0.060
r   318.793     0.010    0     4.083     0.060
r   319.588     0.010    0     3.975     0.060
r   320.370     0.010    0     3.818     0.060
r   321.139     0.010    0     3.697     0.060
r   321.905     0.010    0     3.562     0.060
r   322.671     0.010    0     3.442     0.060
r   323.451     0.010    0     3.296     0.060
r   324.209     0.010    0     3.145     0.060
r   324.975     0.010    0     2.959     0.060
r   346.840     0.010    0     5.507     0.060
r   348.256     0.010    0     5.735     0.060
r   350.323     0.010    0     6.161     0.060
r   352.393     0.010    0     6.498     0.060
r   354.271     0.010    0     6.846     0.060
r   356.463     0.010    0     7.206     0.060
r   358.536     0.010    0     7.603     0.060
r   361.096     0.010    0     8.175     0.060
r   362.842     0.010    0     8.554     0.060
r   364.795     0.010    0     9.026     0.060
r   366.865     0.010    0     9.555     0.060
r   368.921     0.010    0     9.948     0.060
r   370.660     0.010    0    10.195     0.060
r   372.852     0.010    0    10.497     0.060
r   374.943     0.010    0    10.714     0.060
r   377.031     0.010    0    10.942     0.060
r   378.501     0.010    0    11.112     0.060
r   380.105     0.010    0    11.258     0.060
r   381.703     0.010    0    11.336     0.060
r   334.592     0.010    0     2.809     0.060
r   335.375     0.010    0     3.088     0.060
r   336.168     0.010    0     3.271     0.060
r   336.972     0.010    0     3.462     0.060
r   337.772     0.010    0     3.604     0.060
r   338.559     0.010    0     3.777     0.060
r   339.354     0.010    0     3.953     0.060
r   340.454     0.010    0     4.187     0.060
r   231.423     0.010    1    19.153     0.060
r   235.529     0.010    1    18.510     0.060
r   240.593     0.010    1    17.699     0.060
r   246.734     0.010    1    16.766     0.060
r   252.681     0.010    1    15.675     0.060
r   257.208     0.010    1    14.799     0.060
r   261.812     0.010    1    13.957     0.060
r   268.320     0.010    1    13.021     0.060
r   275.737     0.010    1    11.653     0.060
r   282.812     0.010    1    10.457     0.060
r   296.662     0.010    1     9.107     0.060
s   324.769     1.760   91
r   252.681     0.010    0    14.675     0.060
r   257.047     0.010    0    13.809     0.060
r   260.863     0.010    0    13.093     0.060
r   265.552     0.010    0    12.220     0.060
r   278.649     0.010    0     9.445     0.060
r   283.764     0.010    0     8.418     0.060
r   288.743     0.010    0     7.440     0.060
r   290.366     0.010    0     7.237     0.060
r   292.623     0.010    0     6.969     0.060
r   294.813     0.010    0     6.728     0.060
r   296.964     0.010    0     6.457     0.060
r   299.421     0.010    0     6.122     0.060
r   300.632     0.010    0     5.977     0.060
r   301.542     0.010    0     5.862     0.060
r   302.493     0.010    0     5.748     0.060
r   303.597     0.010    0     5.590     0.060
r   304.371     0.010    0     5.495     0.060
r   305.320     0.010    0     5.353     0.060
r   306.258     0.010    0     5.175     0.060
r   307.046     0.010    0     5.057     0.060
r   307.815     0.010    0     4.933     0.060
r   308.597     0.010    0     4.809     0.060
r   309.385     0.010    0     4.665     0.060
r   310.159     0.010    0     4.536     0.060
r   310.943     0.010    0     4.402     0.060
r   311.731     0.010    0     4.262     0.060
r   312.505     0.010    0     4.111     0.060
r   313.292     0.010    0     4.004     0.060
r   314.069     0.010    0     3.866     0.060
r   314.843     0.010    0     3.713     0.060
r   315.628     0.010    0     3.577     0.060
r   316.405     0.010    0     3.436     0.060
r   317.200     0.010    0     3.284     0.060
r   317.995     0.010    0     3.129     0.060
r   318.793     0.010    0     2.980     0.060
r   320.524     0.010    0     2.634     0.060
r   321.451     0.010    0     2.300     0.060
r   331.372     0.010    0     3.506     0.060
r   332.297     0.010    0     3.725     0.060
r   333.368     0.010    0     3.985     0.060
r   334.132     0.010    0     4.181     0.060
r   334.904     0.010    0     4.397     0.060
r   335.687     0.010    0     4.584     0.060
r   336.491     0.010    0     4.788     0.060
r   337.288     0.010    0     4.987     0.060
r   338.095     0.010    0     5.154     0.060
r   338.879     0.010    0     5.308     0.060
r   339.674     0.010    0     5.451     0.060
r   340.453     0.010    0     5.594     0.060
r   341.252     0.010    0     5.713     0.060
r   342.046     0.010    0     5.829     0.060
r   342.839     0.010    0     5.940     0.060
r   343.654     0.010    0     6.081     0.060
r   344.458     0.010    0     6.205     0.060
r   345.251     0.010    0     6.345     0.060
r   346.039     0.010    0     6.469     0.060
r   346.840     0.010    0     6.618     0.060
r   347.622     0.010    0     6.762     0.060
r   348.408     0.010    0     6.899     0.060
r   349.208     0.010    0     7.026     0.060
r   350.003     0.010    0     7.177     0.060
r   350.792     0.010    0     7.334     0.060
r   351.583     0.010    0     7.483     0.060
r   352.392     0.010    0     7.618     0.060
r   353.176     0.010    0     7.727     0.060
r   353.956     0.010    0     7.863     0.060
r   354.739     0.010    0     7.976     0.060
r   355.529     0.010    0     8.095     0.060
r   356.312     0.010    0     8.205     0.060
r   357.102     0.010    0     8.376     0.060
r   357.896     0.010    0     8.528     0.060
r   358.700     0.010    0     8.687     0.060
r   359.504     0.010    0     8.835     0.060
r   360.444     0.010    0     9.012     0.060
r   361.259     0.010    0     9.195     0.060
r   362.043     0.010    0     9.377     0.060
r   362.841     0.010    0     9.517     0.060
r   363.664     0.010    0     9.730     0.060
r   365.109     0.010    0    10.084     0.060
r   366.539     0.010    0    10.459     0.060
r   328.424     0.010    0     2.692     0.060
r   329.197     0.010    0     2.939     0.060
r   329.971     0.010    0     3.165     0.060
r   231.560     0.010    1    18.383     0.060
r   235.379     0.010    1    17.836     0.060
r   239.970     0.010    1    17.088     0.060
r   243.717     0.010    1    16.553     0.060
r   247.986     0.010    1    15.861     0.060
r   251.410     0.010    1    15.256     0.060
r   255.810     0.010    1    14.392     0.060
r   259.753     0.010    1    13.637     0.060
s   318.781     1.470  198
r   232.986     0.010    0    17.083     0.060
r   233.693     0.010    0    16.984     0.060
r   234.389     0.010    0    16.872     0.060
r   235.100     0.010    0    16.748     0.060
r   235.810     0.010    0    16.648     0.060
r   236.523     0.010    0    16.520     0.060
r   237.251     0.010    0    16.387     0.060
r   237.983     0.010    0    16.296     0.060
r   238.725     0.010    0    16.185     0.060
r   239.505     0.010    0    16.026     0.060
r   240.296     0.010    0    15.940     0.060
r   241.207     0.010    0    15.766     0.060
r   241.970     0.010    0    15.663     0.060
r   242.704     0.010    0    15.545     0.060
r   243.419     0.010    0    15.421     0.060
r   244.314     0.010    0    15.249     0.060
r   245.388     0.010    0    15.095     0.060
r   246.130     0.010    0    14.994     0.060
r   247.053     0.010    0    14.791     0.060
r   247.836     0.010    0    14.648     0.060
r   248.610     0.010    0    14.509     0.060
r   249.397     0.010    0    14.332     0.060
r   250.164     0.010    0    14.183     0.060
r   250.939     0.010    0    14.036     0.060
r   251.728     0.010    0    13.871     0.060
r   252.528     0.010    0    13.702     0.060
r   253.327     0.010    0    13.554     0.060
r   254.097     0.010    0    13.376     0.060
r   254.878     0.010    0    13.208     0.060
r   255.660     0.010    0    13.063     0.060
r   256.434     0.010    0    12.915     0.060
r   257.208     0.010    0    12.735     0.060
r   258.007     0.010    0    12.573     0.060
r   258.802     0.010    0    12.386     0.060
r   259.593     0.010    0    12.230     0.060
r   260.391     0.010    0    12.069     0.060
r   261.179     0.010    0    11.940     0.060
r   261.977     0.010    0    11.817     0.060
r   262.786     0.010    0    11.668     0.060
r   263.584     0.010    0    11.548     0.060
r   264.401     0.010    0    11.423     0.060
r   265.222     0.010    0    11.292     0.060
r   266.044     0.010    0    11.130     0.060
r   266.863     0.010    0    10.996     0.060
r   267.672     0.010    0    10.836     0.060
r   268.474     0.010    0    10.664     0.060
r   269.276     0.010    0    10.490     0.060
r   270.074     0.010    0    10.315     0.060
r   270.877     0.010    0    10.136     0.060
r   271.684     0.010    0     9.965     0.060
r   272.488     0.010    0     9.815     0.060
r   273.294     0.010    0     9.639     0.060
r   274.100     0.010    0     9.444     0.060
r   274.912     0.010    0     9.250     0.060
r   275.738     0.010    0     9.084     0.060
r   276.557     0.010    0     8.956     0.060
r   277.368     0.010    0     8.812     0.060
r   278.163     0.010    0     8.643     0.060
r   278.975     0.010    0     8.465     0.060
r   279.773     0.010    0     8.319     0.060
r   280.578     0.010    0     8.173     0.060
r   281.382     0.010    0     8.011     0.060
r   282.172     0.010    0     7.853     0.060
r   282.974     0.010    0     7.706     0.060
r   283.764     0.010    0     7.593     0.060
r   284.566     0.010    0     7.440     0.060
r   285.370     0.010    0     7.257     0.060
r   286.174     0.010    0     7.078     0.060
r   286.978     0.010    0     6.932     0.060
r   287.790     0.010    0     6.784     0.060
r   288.582     0.010    0     6.641     0.060
r   289.388     0.010    0     6.516     0.060
r   290.202     0.010    0     6.411     0.060
r   291.021     0.010    0     6.287     0.060
r   291.830     0.010    0     6.179     0.060
r   292.624     0.010    0     6.086     0.060
r   293.414     0.010    0     5.971     0.060
r   294.184     0.010    0     5.902     0.060
r   294.964     0.010    0     5.813     0.060
r   295.733     0.010    0     5.715     0.060
r   296.499     0.010    0     5.625     0.060
r   297.279     0.010    0     5.503     0.060
r   298.040     0.010    0     5.409     0.060
r   298.808     0.010    0     5.333     0.060
r   299.575     0.010    0     5.226     0.060
r   300.331     0.010    0     5.098     0.060
r   301.084     0.010    0     4.985     0.060
r   301.862     0.010    0     4.929     0.060
r   302.655     0.010    0     4.823     0.060
r   303.437     0.010    0     4.687     0.060
r   304.221     0.010    0     4.588     0.060
r   304.998     0.010    0     4.448     0.060
r   305.783     0.010    0     4.338     0.060
r   306.570     0.010    0     4.129     0.060
r   307.350     0.010    0     3.946     0.060
r   308.130     0.010    0     3.784     0.060
r   308.912     0.010    0     3.639     0.060
r   309.697     0.010    0     3.499     0.060
r   310.482     0.010    0     3.363     0.060
r   311.256     0.010    0     3.182     0.060
r   312.043     0.010    0     2.995     0.060
r   312.817     0.010    0     2.874     0.060
r   313.605     0.010    0     2.707     0.060
r   314.381     0.010    0     2.510     0.060
r   324.056     0.010    0     3.058     0.060
r   324.825     0.010    0     3.235     0.060
r   325.599     0.010    0     3.431     0.060
r   326.383     0.010    0     3.625     0.060
r   327.165     0.010    0     3.795     0.060
r   327.946     0.010    0     3.963     0.060
r   328.733     0.010    0     4.133     0.060
r   329.506     0.010    0     4.282     0.060
r   330.286     0.010    0     4.468     0.060
r   331.055     0.010    0     4.636     0.060
r   331.829     0.010    0     4.807     0.060
r   332.604     0.010    0     4.980     0.060
r   333.368     0.010    0     5.125     0.060
r   334.133     0.010    0     5.310     0.060
r   335.058     0.010    0     5.531     0.060
r   336.645     0.010    0     5.929     0.060
r   339.202     0.010    0     6.385     0.060
r   342.197     0.010    0     6.815     0.060
r   345.402     0.010    0     7.313     0.060
r   349.208     0.010    0     7.934     0.060
r   351.584     0.010    0     8.345     0.060
r   365.424     0.010    0    11.239     0.060
r   321.905     0.010    0     2.309     0.060
r   322.671     0.010    0     2.625     0.060
r   323.451     0.010    0     2.904     0.060
r   221.928     0.010    1    18.494     0.060
r   222.635     0.010    1    18.507     0.060
r   223.356     0.010    1    18.512     0.060
r   224.077     0.010    1    18.465     0.060
r   224.809     0.010    1    18.423     0.060
r   225.529     0.010    1    18.366     0.060
r   226.275     0.010    1    18.256     0.060
r   227.006     0.010    1    18.184     0.060
r   227.738     0.010    1    18.075     0.060
r   228.461     0.010    1    17.977     0.060
r   229.179     0.010    1    17.884     0.060
r   229.883     0.010    1    17.799     0.060
r   230.577     0.010    1    17.699     0.060
r   231.284     0.010    1    17.604     0.060
r   231.988     0.010    1    17.505     0.060
r   232.698     0.010    1    17.404     0.060
r   233.416     0.010    1    17.297     0.060
r   234.113     0.010    1    17.172     0.060
r   234.809     0.010    1    17.062     0.060
r   235.530     0.010    1    16.974     0.060
r   236.240     0.010    1    16.869     0.060
r   236.964     0.010    1    16.732     0.060
r   237.692     0.010    1    16.619     0.060
r   238.424     0.010    1    16.499     0.060
r   239.190     0.010    1    16.394     0.060
r   239.970     0.010    1    16.282     0.060
r   240.744     0.010    1    16.173     0.060
r   241.508     0.010    1    16.068     0.060
r   242.274     0.010    1    15.977     0.060
r   242.995     0.010    1    15.881     0.060
r   243.717     0.010    1    15.790     0.060
r   244.461     0.010    1    15.691     0.060
r   245.240     0.010    1    15.569     0.060
r   245.976     0.010    1    15.446     0.060
r   246.735     0.010    1    15.332     0.060
r   247.521     0.010    1    15.194     0.060
r   248.298     0.010    1    15.029     0.060
r   249.086     0.010    1    14.882     0.060
r   249.860     0.010    1    14.777     0.060
r   250.632     0.010    1    14.629     0.060
r   251.410     0.010    1    14.494     0.060
r   252.199     0.010    1    14.337     0.060
r   253.010     0.010    1    14.202     0.060
r   253.795     0.010    1    14.048     0.060
r   254.567     0.010    1    13.904     0.060
r   255.348     0.010    1    13.762     0.060
r   256.122     0.010    1    13.625     0.060
r   256.896     0.010    1    13.489     0.060
r   257.681     0.010    1    13.334     0.060
r   258.480     0.010    1    13.124     0.060
r   259.278     0.010    1    12.992     0.060
r   260.069     0.010    1    12.856     0.060
r   260.864     0.010    1    12.737     0.060
r   261.652     0.010    1    12.583     0.060
r   262.461     0.010    1    12.460     0.060
r   263.584     0.010    1    12.319     0.060
r   264.401     0.010    1    12.187     0.060
r   265.222     0.010    1    12.072     0.060
r   266.044     0.010    1    11.970     0.060
r   266.863     0.010    1    11.853     0.060
r   267.672     0.010    1    11.741     0.060
r   268.474     0.010    1    11.600     0.060
r   269.276     0.010    1    11.475     0.060
r   270.074     0.010    1    11.342     0.060
r   270.877     0.010    1    11.175     0.060
r   271.684     0.010    1    11.038     0.060
r   272.488     0.010    1    10.861     0.060
r   273.616     0.010    1    10.640     0.060
r   274.748     0.010    1    10.400     0.060
s   306.784     1.230  115
r    99.841     0.010    0    34.055     0.060
r   105.727     0.010    0    33.245     0.060
r   112.440     0.010    0    32.396     0.060
r   116.715     0.010    0    31.906     0.060
r   122.798     0.010    0    31.051     0.060
r   128.120     0.010    0    30.354     0.060
r   133.426     0.010    0    29.649     0.060
r   138.215     0.010    0    29.077     0.060
r   144.310     0.010    0    28.223     0.060
r   149.745     0.010    0    27.386     0.060
r   232.558     0.010    0    15.426     0.060
r   234.112     0.010    0    15.172     0.060
r   236.383     0.010    0    14.773     0.060
r   237.982     0.010    0    14.471     0.060
r   239.970     0.010    0    14.160     0.060
r   241.819     0.010    0    13.862     0.060
r   244.163     0.010    0    13.450     0.060
r   247.203     0.010    0    12.914     0.060
r   250.632     0.010    0    12.257     0.060
r   253.946     0.010    0    11.581     0.060
r   256.273     0.010    0    11.090     0.060
r   258.641     0.010    0    10.556     0.060
r   261.651     0.010    0     9.953     0.060
r   263.745     0.010    0     9.620     0.060
r   264.562     0.010    0     9.471     0.060
r   265.383     0.010    0     9.321     0.060
r   266.204     0.010    0     9.195     0.060
r   267.024     0.010    0     9.074     0.060
r   267.833     0.010    0     8.908     0.060
r   268.637     0.010    0     8.730     0.060
r   269.429     0.010    0     8.578     0.060
r   270.238     0.010    0     8.384     0.060
r   271.041     0.010    0     8.215     0.060
r   271.837     0.010    0     8.047     0.060
r   272.649     0.010    0     7.867     0.060
r   273.455     0.010    0     7.686     0.060
r   274.261     0.010    0     7.480     0.060
r   275.073     0.010    0     7.270     0.060
r   275.902     0.010    0     7.099     0.060
r   276.729     0.010    0     6.980     0.060
r   277.529     0.010    0     6.854     0.060
r   278.324     0.010    0     6.675     0.060
r   279.125     0.010    0     6.512     0.060
r   279.934     0.010    0     6.363     0.060
r   280.738     0.010    0     6.214     0.060
r   281.543     0.010    0     6.040     0.060
r   282.333     0.010    0     5.876     0.060
r   283.127     0.010    0     5.711     0.060
r   283.928     0.010    0     5.582     0.060
r   284.729     0.010    0     5.412     0.060
r   285.531     0.010    0     5.238     0.060
r   286.327     0.010    0     5.064     0.060
r   287.139     0.010    0     4.898     0.060
r   287.940     0.010    0     4.730     0.060
r   288.743     0.010    0     4.572     0.060
r   289.557     0.010    0     4.450     0.060
r   290.366     0.010    0     4.340     0.060
r   291.182     0.010    0     4.208     0.060
r   291.994     0.010    0     4.067     0.060
r   292.785     0.010    0     3.938     0.060
r   293.568     0.010    0     3.841     0.060
r   294.347     0.010    0     3.748     0.060
r   295.114     0.010    0     3.635     0.060
r   295.883     0.010    0     3.550     0.060
r   296.663     0.010    0     3.421     0.060
r   297.432     0.010    0     3.277     0.060
r   298.194     0.010    0     3.186     0.060
r   298.961     0.010    0     3.035     0.060
r   299.728     0.010    0     2.876     0.060
r   300.481     0.010    0     2.703     0.060
r   301.542     0.010    0     2.456     0.060
r   302.655     0.010    0     2.141     0.060
r   303.437     0.010    0     1.932     0.060
r   312.505     0.010    0     2.720     0.060
r   313.292     0.010    0     2.913     0.060
r   314.069     0.010    0     3.070     0.060
r   315.004     0.010    0     3.296     0.060
r   315.778     0.010    0     3.481     0.060
r   316.555     0.010    0     3.633     0.060
r   317.350     0.010    0     3.769     0.060
r   318.159     0.010    0     3.951     0.060
r   318.954     0.010    0     4.129     0.060
r   319.746     0.010    0     4.296     0.060
r   320.523     0.010    0     4.488     0.060
r   321.300     0.010    0     4.667     0.060
r   322.055     0.010    0     4.832     0.060
r   322.835     0.010    0     5.007     0.060
r   323.604     0.010    0     5.153     0.060
r   324.360     0.010    0     5.305     0.060
r   325.126     0.010    0     5.465     0.060
r   325.921     0.010    0     5.629     0.060
r   327.165     0.010    0     5.851     0.060
r   328.424     0.010    0     6.148     0.060
r   330.590     0.010    0     6.593     0.060
r   332.604     0.010    0     6.961     0.060
r   334.283     0.010    0     7.285     0.060
r   336.002     0.010    0     7.622     0.060
r   337.769     0.010    0     7.932     0.060
r   339.513     0.010    0     8.178     0.060
r   341.091     0.010    0     8.414     0.060
r   342.686     0.010    0     8.624     0.060
r   344.294     0.010    0     8.849     0.060
r   346.039     0.010    0     9.104     0.060
r   347.787     0.010    0     9.381     0.060
r   349.680     0.010    0     9.671     0.060
r   352.067     0.010    0    10.053     0.060
r   310.159     0.010    0     2.123     0.060
r   223.786     0.010    1    16.769     0.060
r   225.973     0.010    1    16.613     0.060
r   227.737     0.010    1    16.385     0.060
r   230.440     0.010    1    16.061     0.060
r   233.972     0.010    1    15.563     0.060
r   237.100     0.010    1    15.043     0.060
r   240.295     0.010    1    14.569     0.060
r   243.717     0.010    1    14.116     0.060
s   300.793     1.050  162
r   119.890     0.010    0    30.755     0.060
r   126.560     0.010    0    29.880     0.060
r   131.491     0.010    0    29.197     0.060
r   135.043     0.010    0    28.785     0.060
r   138.366     0.010    0    28.415     0.060
r   142.866     0.010    0    27.807     0.060
r   147.042     0.010    0    27.190     0.060
r   150.536     0.010    0    26.614     0.060
r   153.787     0.010    0    26.001     0.060
r   226.855     0.010    0    15.390     0.060
r   230.993     0.010    0    14.866     0.060
r   235.239     0.010    0    14.152     0.060
r   238.574     0.010    0    13.629     0.060
r   241.354     0.010    0    13.166     0.060
r   243.717     0.010    0    12.721     0.060
r   244.461     0.010    0    12.534     0.060
r   245.239     0.010    0    12.406     0.060
r   245.975     0.010    0    12.312     0.060
r   246.734     0.010    0    12.189     0.060
r   247.520     0.010    0    12.031     0.060
r   248.297     0.010    0    11.894     0.060
r   249.085     0.010    0    11.708     0.060
r   249.859     0.010    0    11.596     0.060
r   250.632     0.010    0    11.456     0.060
r   251.410     0.010    0    11.309     0.060
r   252.199     0.010    0    11.093     0.060
r   253.009     0.010    0    10.952     0.060
r   253.796     0.010    0    10.803     0.060
r   254.567     0.010    0    10.685     0.060
r   255.348     0.010    0    10.479     0.060
r   256.122     0.010    0    10.301     0.060
r   256.896     0.010    0    10.116     0.060
r   257.681     0.010    0     9.904     0.060
r   258.479     0.010    0     9.737     0.060
r   259.278     0.010    0     9.565     0.060
r   260.068     0.010    0     9.419     0.060
r   260.864     0.010    0     9.241     0.060
r   261.651     0.010    0     9.101     0.060
r   262.460     0.010    0     8.973     0.060
r   263.272     0.010    0     8.876     0.060
r   264.081     0.010    0     8.765     0.060
r   264.892     0.010    0     8.609     0.060
r   265.713     0.010    0     8.469     0.060
r   266.537     0.010    0     8.336     0.060
r   267.346     0.010    0     8.175     0.060
r   268.158     0.010    0     8.006     0.060
r   268.954     0.010    0     7.823     0.060
r   269.750     0.010    0     7.654     0.060
r   270.559     0.010    0     7.489     0.060
r   271.355     0.010    0     7.323     0.060
r   272.163     0.010    0     7.101     0.060
r   272.971     0.010    0     6.898     0.060
r   273.777     0.010    0     6.742     0.060
r   274.586     0.010    0     6.551     0.060
r   275.412     0.010    0     6.350     0.060
r   276.227     0.010    0     6.172     0.060
r   277.048     0.010    0     6.023     0.060
r   277.840     0.010    0     5.862     0.060
r   278.649     0.010    0     5.669     0.060
r   279.447     0.010    0     5.513     0.060
r   280.262     0.010    0     5.375     0.060
r   281.056     0.010    0     5.209     0.060
r   281.857     0.010    0     5.064     0.060
r   282.648     0.010    0     4.893     0.060
r   283.452     0.010    0     4.737     0.060
r   284.239     0.010    0     4.553     0.060
r   285.044     0.010    0     4.383     0.060
r   285.848     0.010    0     4.214     0.060
r   286.652     0.010    0     4.044     0.060
r   287.464     0.010    0     3.855     0.060
r   288.262     0.010    0     3.678     0.060
r   289.065     0.010    0     3.507     0.060
r   289.878     0.010    0     3.358     0.060
r   290.687     0.010    0     3.221     0.060
r   291.503     0.010    0     3.085     0.060
r   292.307     0.010    0     2.961     0.060
r   293.412     0.010    0     2.776     0.060
r   294.182     0.010    0     2.642     0.060
r   294.961     0.010    0     2.447     0.060
r   295.731     0.010    0     2.283     0.060
r   296.497     0.010    0     2.119     0.060
r   307.662     0.010    0     3.033     0.060
r   308.444     0.010    0     3.189     0.060
r   309.224     0.010    0     3.409     0.060
r   310.009     0.010    0     3.590     0.060
r   310.793     0.010    0     3.743     0.060
r   311.567     0.010    0     3.867     0.060
r   312.355     0.010    0     4.032     0.060
r   313.132     0.010    0     4.209     0.060
r   313.905     0.010    0     4.337     0.060
r   314.693     0.010    0     4.489     0.060
r   315.467     0.010    0     4.676     0.060
r   316.241     0.010    0     4.800     0.060
r   317.039     0.010    0     4.942     0.060
r   317.834     0.010    0     5.087     0.060
r   318.632     0.010    0     5.248     0.060
r   319.428     0.010    0     5.407     0.060
r   320.220     0.010    0     5.579     0.060
r   320.989     0.010    0     5.760     0.060
r   321.755     0.010    0     5.895     0.060
r   322.521     0.010    0     6.062     0.060
r   323.301     0.010    0     6.201     0.060
r   324.056     0.010    0     6.343     0.060
r   324.825     0.010    0     6.470     0.060
r   325.599     0.010    0     6.613     0.060
r   326.384     0.010    0     6.776     0.060
r   327.166     0.010    0     6.925     0.060
r   327.947     0.010    0     7.068     0.060
r   328.734     0.010    0     7.196     0.060
r   329.507     0.010    0     7.323     0.060
r   330.287     0.010    0     7.474     0.060
r   331.055     0.010    0     7.585     0.060
r   331.994     0.010    0     7.777     0.060
r   332.769     0.010    0     7.930     0.060
r   333.522     0.010    0     8.073     0.060
r   334.284     0.010    0     8.228     0.060
r   335.059     0.010    0     8.387     0.060
r   335.852     0.010    0     8.531     0.060
r   336.645     0.010    0     8.664     0.060
r   337.452     0.010    0     8.801     0.060
r   338.245     0.010    0     8.935     0.060
r   339.041     0.010    0     9.063     0.060
r   339.833     0.010    0     9.218     0.060
r   340.614     0.010    0     9.304     0.060
r   341.404     0.010    0     9.358     0.060
r   342.197     0.010    0     9.458     0.060
r   343.001     0.010    0     9.561     0.060
r   343.818     0.010    0     9.668     0.060
r   344.612     0.010    0     9.790     0.060
r   345.402     0.010    0     9.902     0.060
r   346.203     0.010    0    10.046     0.060
r   346.991     0.010    0    10.190     0.060
r   347.787     0.010    0    10.318     0.060
r   348.572     0.010    0    10.446     0.060
r   349.358     0.010    0    10.582     0.060
r   350.164     0.010    0    10.714     0.060
r   350.953     0.010    0    10.862     0.060
r   351.745     0.010    0    11.008     0.060
r   303.748     0.010    0     2.023     0.060
r   304.684     0.010    0     2.351     0.060
r   305.783     0.010    0     2.640     0.060
r   222.635     0.010    1    16.024     0.060
r   225.099     0.010    1    15.988     0.060
r   228.748     0.010    1    15.631     0.060
r   231.851     0.010    1    15.322     0.060
r   234.809     0.010    1    14.847     0.060
r   238.423     0.010    1    14.243     0.060
r   241.669     0.010    1    13.826     0.060
r   351.114     0.010    1    12.110     0.060
r   353.016     0.010    1    12.346     0.060
r   355.834     0.010    1    12.698     0.060
r   360.130     0.010    1    13.449     0.060
r   363.825     0.010    1    14.197     0.060
r   367.655     0.010    1    14.942     0.060
r   372.067     0.010    1    15.546     0.060
r   375.744     0.010    1    15.958     0.060
r   378.987     0.010    1    16.135     0.060
r   381.552     0.010    1    16.093     0.060
r   383.590     0.010    1    16.097     0.060
r   387.781     0.010    1    16.673     0.060
r   392.010     0.010    1    17.531     0.060
r   396.201     0.010    1    18.446     0.060
s   294.793     0.660  150
r   102.462     0.010    0    32.255     0.060
r   109.006     0.010    0    31.358     0.060
r   117.188     0.010    0    30.326     0.060
r   122.959     0.010    0    29.569     0.060
r   129.250     0.010    0    28.642     0.060
r   137.099     0.010    0    27.820     0.060
r   145.434     0.010    0    26.658     0.060
r   152.400     0.010    0    25.529     0.060
r   225.680     0.010    0    14.778     0.060
r   229.319     0.010    0    14.279     0.060
r   232.128     0.010    0    13.806     0.060
r   234.389     0.010    0    13.430     0.060
r   237.542     0.010    0    12.863     0.060
r   240.134     0.010    0    12.427     0.060
r   242.414     0.010    0    12.076     0.060
r   243.717     0.010    0    11.846     0.060
r   244.461     0.010    0    11.716     0.060
r   245.240     0.010    0    11.585     0.060
r   245.976     0.010    0    11.448     0.060
r   246.735     0.010    0    11.311     0.060
r   247.521     0.010    0    11.155     0.060
r   248.610     0.010    0    10.973     0.060
r   249.397     0.010    0    10.785     0.060
r   250.164     0.010    0    10.639     0.060
r   250.939     0.010    0    10.497     0.060
r   251.728     0.010    0    10.354     0.060
r   252.528     0.010    0    10.196     0.060
r   253.327     0.010    0    10.006     0.060
r   254.096     0.010    0     9.848     0.060
r   254.878     0.010    0     9.685     0.060
r   255.660     0.010    0     9.498     0.060
r   256.434     0.010    0     9.336     0.060
r   257.208     0.010    0     9.173     0.060
r   258.006     0.010    0     8.988     0.060
r   258.802     0.010    0     8.810     0.060
r   259.593     0.010    0     8.632     0.060
r   260.391     0.010    0     8.461     0.060
r   261.179     0.010    0     8.317     0.060
r   261.977     0.010    0     8.185     0.060
r   262.786     0.010    0     8.036     0.060
r   263.584     0.010    0     7.902     0.060
r   264.401     0.010    0     7.770     0.060
r   265.222     0.010    0     7.630     0.060
r   266.043     0.010    0     7.487     0.060
r   266.863     0.010    0     7.331     0.060
r   267.672     0.010    0     7.169     0.060
r   268.473     0.010    0     6.978     0.060
r   269.276     0.010    0     6.806     0.060
r   270.074     0.010    0     6.626     0.060
r   270.876     0.010    0     6.435     0.060
r   271.684     0.010    0     6.256     0.060
r   272.488     0.010    0     6.098     0.060
r   273.294     0.010    0     5.889     0.060
r   274.100     0.010    0     5.656     0.060
r   274.912     0.010    0     5.461     0.060
r   275.737     0.010    0     5.292     0.060
r   276.557     0.010    0     5.133     0.060
r   277.368     0.010    0     4.976     0.060
r   278.163     0.010    0     4.787     0.060
r   278.975     0.010    0     4.601     0.060
r   279.773     0.010    0     4.440     0.060
r   280.577     0.010    0     4.279     0.060
r   281.382     0.010    0     4.105     0.060
r   282.172     0.010    0     3.928     0.060
r   282.974     0.010    0     3.751     0.060
r   283.764     0.010    0     3.571     0.060
r   284.565     0.010    0     3.372     0.060
r   285.370     0.010    0     3.145     0.060
r   286.174     0.010    0     2.897     0.060
r   287.790     0.010    0     2.527     0.060
r   289.879     0.010    0     1.977     0.060
r   302.656     0.010    0     3.207     0.060
r   303.437     0.010    0     3.394     0.060
r   304.221     0.010    0     3.573     0.060
r   304.998     0.010    0     3.730     0.060
r   305.782     0.010    0     3.916     0.060
r   306.570     0.010    0     4.072     0.060
r   307.350     0.010    0     4.177     0.060
r   308.130     0.010    0     4.339     0.060
r   308.913     0.010    0     4.537     0.060
r   309.697     0.010    0     4.704     0.060
r   310.481     0.010    0     4.832     0.060
r   311.255     0.010    0     4.948     0.060
r   312.043     0.010    0     5.084     0.060
r   312.817     0.010    0     5.229     0.060
r   313.604     0.010    0     5.365     0.060
r   314.693     0.010    0     5.580     0.060
r   315.466     0.010    0     5.692     0.060
r   316.240     0.010    0     5.853     0.060
r   317.350     0.010    0     6.018     0.060
r   318.159     0.010    0     6.167     0.060
r   318.954     0.010    0     6.346     0.060
r   319.746     0.010    0     6.491     0.060
r   320.523     0.010    0     6.657     0.060
r   321.754     0.010    0     6.916     0.060
r   322.520     0.010    0     7.085     0.060
r   323.300     0.010    0     7.222     0.060
r   324.209     0.010    0     7.385     0.060
r   324.975     0.010    0     7.507     0.060
r   325.760     0.010    0     7.692     0.060
r   326.544     0.010    0     7.838     0.060
r   327.326     0.010    0     7.954     0.060
r   328.107     0.010    0     8.098     0.060
r   328.891     0.010    0     8.239     0.060
r   329.669     0.010    0     8.365     0.060
r   330.436     0.010    0     8.502     0.060
r   331.208     0.010    0     8.614     0.060
r   331.993     0.010    0     8.760     0.060
r   332.768     0.010    0     8.893     0.060
r   333.522     0.010    0     9.058     0.060
r   334.283     0.010    0     9.195     0.060
r   335.058     0.010    0     9.361     0.060
r   335.852     0.010    0     9.526     0.060
r   336.645     0.010    0     9.642     0.060
r   337.452     0.010    0     9.767     0.060
r   338.245     0.010    0     9.885     0.060
r   339.040     0.010    0     9.992     0.060
r   339.833     0.010    0    10.105     0.060
r   340.614     0.010    0    10.188     0.060
r   341.567     0.010    0    10.330     0.060
r   342.361     0.010    0    10.428     0.060
r   343.165     0.010    0    10.549     0.060
r   343.979     0.010    0    10.651     0.060
r   344.773     0.010    0    10.772     0.060
r   345.563     0.010    0    10.904     0.060
r   346.353     0.010    0    11.038     0.060
r   347.154     0.010    0    11.170     0.060
r   347.937     0.010    0    11.297     0.060
r   348.726     0.010    0    11.393     0.060
r   349.519     0.010    0    11.538     0.060
r   350.322     0.010    0    11.669     0.060
r   351.114     0.010    0    11.810     0.060
r   298.501     0.010    0     2.115     0.060
r   299.269     0.010    0     2.339     0.060
r   300.027     0.010    0     2.559     0.060
r   300.786     0.010    0     2.786     0.060
r   234.949     0.010    1    14.043     0.060
r   237.251     0.010    1    13.731     0.060
r   240.134     0.010    1    13.260     0.060
r   339.674     0.010    1    11.435     0.060
r   343.818     0.010    1    11.944     0.060
r   347.308     0.010    1    12.437     0.060
r   350.792     0.010    1    12.943     0.060
r   355.054     0.010    1    13.418     0.060
r   358.700     0.010    1    13.927     0.060
r   361.581     0.010    1    14.445     0.060
r   364.795     0.010    1    15.195     0.060
r   368.606     0.010    1    15.949     0.060
r   372.851     0.010    1    16.465     0.060
r   377.356     0.010    1    16.928     0.060
s   288.735     0.590  112
r   100.927     0.010    0    31.728     0.060
r   106.042     0.010    0    31.030     0.060
r   109.315     0.010    0    30.574     0.060
r   113.050     0.010    0    30.148     0.060
r   118.292     0.010    0    29.584     0.060
r   125.312     0.010    0    28.544     0.060
r   225.099     0.010    0    14.154     0.060
r   231.133     0.010    0    13.266     0.060
r   236.673     0.010    0    12.227     0.060
r   239.970     0.010    0    11.647     0.060
r   242.120     0.010    0    11.322     0.060
r   243.857     0.010    0    11.085     0.060
r   244.622     0.010    0    10.936     0.060
r   245.387     0.010    0    10.796     0.060
r   246.129     0.010    0    10.699     0.060
r   246.888     0.010    0    10.574     0.060
r   248.147     0.010    0    10.314     0.060
r   248.921     0.010    0    10.146     0.060
r   249.709     0.010    0     9.992     0.060
r   250.785     0.010    0     9.781     0.060
r   251.574     0.010    0     9.611     0.060
r   252.363     0.010    0     9.428     0.060
r   253.173     0.010    0     9.255     0.060
r   253.946     0.010    0     9.097     0.060
r   254.727     0.010    0     8.920     0.060
r   255.498     0.010    0     8.728     0.060
r   256.273     0.010    0     8.548     0.060
r   257.047     0.010    0     8.372     0.060
r   257.842     0.010    0     8.202     0.060
r   258.640     0.010    0     8.029     0.060
r   259.439     0.010    0     7.821     0.060
r   260.702     0.010    0     7.606     0.060
r   261.651     0.010    0     7.462     0.060
r   262.460     0.010    0     7.300     0.060
r   263.272     0.010    0     7.152     0.060
r   264.081     0.010    0     7.020     0.060
r   264.892     0.010    0     6.894     0.060
r   265.713     0.010    0     6.744     0.060
r   266.537     0.010    0     6.583     0.060
r   267.346     0.010    0     6.400     0.060
r   268.158     0.010    0     6.210     0.060
r   268.955     0.010    0     6.017     0.060
r   269.750     0.010    0     5.816     0.060
r   270.558     0.010    0     5.601     0.060
r   271.355     0.010    0     5.420     0.060
r   272.162     0.010    0     5.238     0.060
r   273.294     0.010    0     4.952     0.060
r   274.100     0.010    0     4.740     0.060
r   274.912     0.010    0     4.509     0.060
r   275.737     0.010    0     4.314     0.060
r   276.557     0.010    0     4.134     0.060
r   277.367     0.010    0     3.956     0.060
r   278.163     0.010    0     3.753     0.060
r   278.975     0.010    0     3.532     0.060
r   279.773     0.010    0     3.343     0.060
r   280.577     0.010    0     3.167     0.060
r   281.381     0.010    0     2.961     0.060
r   282.172     0.010    0     2.747     0.060
r   282.973     0.010    0     2.529     0.060
r   283.764     0.010    0     2.291     0.060
r   284.565     0.010    0     2.089     0.060
r   292.144     0.010    0     1.766     0.060
r   292.948     0.010    0     1.971     0.060
r   293.717     0.010    0     2.163     0.060
r   294.497     0.010    0     2.350     0.060
r   295.277     0.010    0     2.550     0.060
r   296.043     0.010    0     2.809     0.060
r   296.812     0.010    0     3.004     0.060
r   297.581     0.010    0     3.208     0.060
r   298.357     0.010    0     3.384     0.060
r   299.114     0.010    0     3.553     0.060
r   299.874     0.010    0     3.758     0.060
r   300.633     0.010    0     3.898     0.060
r   301.382     0.010    0     4.062     0.060
r   302.171     0.010    0     4.175     0.060
r   302.966     0.010    0     4.347     0.060
r   303.748     0.010    0     4.521     0.060
r   304.532     0.010    0     4.692     0.060
r   305.320     0.010    0     4.832     0.060
r   306.094     0.010    0     4.978     0.060
r   306.884     0.010    0     5.114     0.060
r   307.661     0.010    0     5.241     0.060
r   308.444     0.010    0     5.392     0.060
r   309.224     0.010    0     5.562     0.060
r   310.008     0.010    0     5.699     0.060
r   310.793     0.010    0     5.844     0.060
r   311.566     0.010    0     5.968     0.060
r   312.354     0.010    0     6.117     0.060
r   313.131     0.010    0     6.243     0.060
r   315.627     0.010    0     6.681     0.060
r   317.994     0.010    0     7.101     0.060
r   320.684     0.010    0     7.610     0.060
r   323.149     0.010    0     8.034     0.060
r   325.598     0.010    0     8.478     0.060
r   327.946     0.010    0     8.914     0.060
r   330.124     0.010    0     9.302     0.060
r   332.146     0.010    0     9.645     0.060
r   334.436     0.010    0    10.098     0.060
r   336.645     0.010    0    10.495     0.060
r   339.352     0.010    0    10.941     0.060
r   341.882     0.010    0    11.238     0.060
r   344.611     0.010    0    11.639     0.060
r   348.725     0.010    0    12.286     0.060
r   351.906     0.010    1    13.607     0.060
r   354.739     0.010    1    13.979     0.060
r   357.417     0.010    1    14.320     0.060
r   359.818     0.010    1    14.698     0.060
r   362.043     0.010    1    15.188     0.060
r   364.945     0.010    1    15.922     0.060
r   367.340     0.010    1    16.441     0.060
r   370.022     0.010    1    16.903     0.060
r   373.012     0.010    1    17.216     0.060
s   282.729     1.030  106
r    92.765     0.010    0    32.163     0.060
r    98.607     0.010    0    31.087     0.060
r   104.468     0.010    0    30.168     0.060
r   124.837     0.010    0    27.557     0.060
r   231.284     0.010    0    12.328     0.060
r   231.988     0.010    0    12.182     0.060
r   232.698     0.010    0    12.074     0.060
r   233.416     0.010    0    11.944     0.060
r   234.113     0.010    0    11.819     0.060
r   234.809     0.010    0    11.691     0.060
r   235.530     0.010    0    11.552     0.060
r   236.240     0.010    0    11.442     0.060
r   236.964     0.010    0    11.314     0.060
r   237.692     0.010    0    11.190     0.060
r   238.424     0.010    0    11.085     0.060
r   239.190     0.010    0    10.970     0.060
r   239.970     0.010    0    10.826     0.060
r   240.744     0.010    0    10.693     0.060
r   241.508     0.010    0    10.571     0.060
r   242.274     0.010    0    10.461     0.060
r   242.995     0.010    0    10.351     0.060
r   243.718     0.010    0    10.235     0.060
r   244.461     0.010    0    10.080     0.060
r   245.240     0.010    0     9.967     0.060
r   245.976     0.010    0     9.831     0.060
r   246.735     0.010    0     9.671     0.060
r   247.521     0.010    0     9.529     0.060
r   248.298     0.010    0     9.346     0.060
r   249.086     0.010    0     9.209     0.060
r   249.860     0.010    0     9.070     0.060
r   250.632     0.010    0     8.926     0.060
r   251.410     0.010    0     8.733     0.060
r   252.364     0.010    0     8.554     0.060
r   253.174     0.010    0     8.355     0.060
r   253.946     0.010    0     8.187     0.060
r   254.728     0.010    0     8.023     0.060
r   255.499     0.010    0     7.851     0.060
r   256.273     0.010    0     7.682     0.060
r   257.047     0.010    0     7.484     0.060
r   257.843     0.010    0     7.286     0.060
r   258.641     0.010    0     7.090     0.060
r   259.439     0.010    0     6.916     0.060
r   260.230     0.010    0     6.740     0.060
r   261.015     0.010    0     6.575     0.060
r   261.813     0.010    0     6.433     0.060
r   262.625     0.010    0     6.272     0.060
r   263.434     0.010    0     6.126     0.060
r   264.243     0.010    0     5.969     0.060
r   265.054     0.010    0     5.807     0.060
r   265.882     0.010    0     5.657     0.060
r   266.699     0.010    0     5.489     0.060
r   267.511     0.010    0     5.291     0.060
r   268.320     0.010    0     5.083     0.060
r   269.119     0.010    0     4.895     0.060
r   269.918     0.010    0     4.713     0.060
r   270.713     0.010    0     4.447     0.060
r   271.520     0.010    0     4.249     0.060
r   272.324     0.010    0     4.031     0.060
r   273.133     0.010    0     3.808     0.060
r   273.939     0.010    0     3.576     0.060
r   274.748     0.010    0     3.347     0.060
r   275.573     0.010    0     3.121     0.060
r   276.399     0.010    0     2.930     0.060
r   277.207     0.010    0     2.760     0.060
r   289.065     0.010    0     2.509     0.060
r   292.144     0.010    0     3.083     0.060
r   294.032     0.010    0     3.460     0.060
r   295.732     0.010    0     3.856     0.060
r   298.040     0.010    0     4.388     0.060
r   301.085     0.010    0     4.979     0.060
r   304.998     0.010    0     5.685     0.060
r   307.662     0.010    0     6.133     0.060
r   311.105     0.010    0     6.729     0.060
r   313.443     0.010    0     7.101     0.060
r   315.778     0.010    0     7.526     0.060
r   319.277     0.010    0     8.135     0.060
r   322.056     0.010    0     8.665     0.060
r   324.360     0.010    0     9.088     0.060
r   326.853     0.010    0     9.552     0.060
r   329.197     0.010    0     9.944     0.060
r   331.372     0.010    0    10.310     0.060
r   333.369     0.010    0    10.683     0.060
r   336.645     0.010    0    11.296     0.060
r   339.983     0.010    0    11.804     0.060
r   343.001     0.010    0    12.192     0.060
r   347.308     0.010    0    12.873     0.060
r   350.953     0.010    0    13.470     0.060
r   284.890     0.010    0     1.578     0.060
r   285.684     0.010    0     1.817     0.060
r   286.488     0.010    0     2.028     0.060
r   323.604     0.010    1    10.183     0.060
r   326.383     0.010    1    10.568     0.060
r   329.358     0.010    1    10.969     0.060
r   331.372     0.010    1    11.225     0.060
r   333.226     0.010    1    11.526     0.060
r   334.905     0.010    1    11.806     0.060
r   337.288     0.010    1    12.186     0.060
r   339.513     0.010    1    12.468     0.060
r   341.403     0.010    1    12.657     0.060
r   343.329     0.010    1    12.870     0.060
r   345.090     0.010    1    13.076     0.060
r   346.679     0.010    1    13.298     0.060
r   351.272     0.010    1    14.016     0.060
r   357.896     0.010    1    15.137     0.060
r   363.167     0.010    1    16.223     0.060
r   367.176     0.010    1    17.108     0.060
s   276.757     1.560  207
r    89.794     0.010    0    31.870     0.060
r    96.881     0.010    0    30.706     0.060
r   100.777     0.010    0    29.872     0.060
r   103.988     0.010    0    29.421     0.060
r   104.793     0.010    0    29.310     0.060
r   105.574     0.010    0    29.201     0.060
r   106.368     0.010    0    29.112     0.060
r   107.145     0.010    0    29.000     0.060
r   107.923     0.010    0    28.907     0.060
r   108.694     0.010    0    28.788     0.060
r   109.479     0.010    0    28.656     0.060
r   110.265     0.010    0    28.596     0.060
r   140.929     0.010    0    24.557     0.060
r   146.405     0.010    0    23.710     0.060
r   224.808     0.010    0    12.137     0.060
r   225.529     0.010    0    12.069     0.060
r   226.274     0.010    0    11.983     0.060
r   227.006     0.010    0    11.910     0.060
r   227.737     0.010    0    11.772     0.060
r   228.461     0.010    0    11.672     0.060
r   229.179     0.010    0    11.588     0.060
r   229.883     0.010    0    11.500     0.060
r   230.577     0.010    0    11.416     0.060
r   231.284     0.010    0    11.281     0.060
r   231.988     0.010    0    11.147     0.060
r   232.698     0.010    0    11.027     0.060
r   233.416     0.010    0    10.910     0.060
r   234.112     0.010    0    10.809     0.060
r   234.809     0.010    0    10.695     0.060
r   235.530     0.010    0    10.534     0.060
r   236.240     0.010    0    10.417     0.060
r   236.964     0.010    0    10.260     0.060
r   237.692     0.010    0    10.104     0.060
r   238.424     0.010    0     9.978     0.060
r   239.190     0.010    0     9.851     0.060
r   239.970     0.010    0     9.759     0.060
r   240.744     0.010    0     9.635     0.060
r   241.508     0.010    0     9.510     0.060
r   242.274     0.010    0     9.385     0.060
r   242.995     0.010    0     9.290     0.060
r   243.717     0.010    0     9.200     0.060
r   244.461     0.010    0     9.059     0.060
r   245.240     0.010    0     8.939     0.060
r   245.976     0.010    0     8.756     0.060
r   246.735     0.010    0     8.636     0.060
r   247.521     0.010    0     8.527     0.060
r   248.298     0.010    0     8.423     0.060
r   249.085     0.010    0     8.254     0.060
r   249.859     0.010    0     8.045     0.060
r   250.632     0.010    0     7.894     0.060
r   251.410     0.010    0     7.722     0.060
r   252.199     0.010    0     7.536     0.060
r   253.009     0.010    0     7.367     0.060
r   253.795     0.010    0     7.203     0.060
r   254.566     0.010    0     7.008     0.060
r   255.348     0.010    0     6.832     0.060
r   256.122     0.010    0     6.661     0.060
r   256.896     0.010    0     6.462     0.060
r   257.681     0.010    0     6.250     0.060
r   258.479     0.010    0     6.039     0.060
r   259.278     0.010    0     5.833     0.060
r   260.068     0.010    0     5.633     0.060
r   260.864     0.010    0     5.461     0.060
r   261.651     0.010    0     5.309     0.060
r   262.460     0.010    0     5.136     0.060
r   263.272     0.010    0     4.981     0.060
r   264.081     0.010    0     4.820     0.060
r   264.892     0.010    0     4.631     0.060
r   265.713     0.010    0     4.465     0.060
r   266.537     0.010    0     4.263     0.060
r   267.346     0.010    0     4.099     0.060
r   268.158     0.010    0     3.853     0.060
r   268.955     0.010    0     3.621     0.060
r   269.750     0.010    0     3.405     0.060
r   270.559     0.010    0     3.179     0.060
r   271.355     0.010    0     2.938     0.060
r   272.162     0.010    0     2.725     0.060
r   272.971     0.010    0     2.440     0.060
r   281.217     0.010    0     2.372     0.060
r   282.021     0.010    0     2.517     0.060
r   282.811     0.010    0     2.642     0.060
r   283.602     0.010    0     2.758     0.060
r   284.403     0.010    0     2.884     0.060
r   285.205     0.010    0     3.015     0.060
r   286.012     0.010    0     3.143     0.060
r   286.813     0.010    0     3.263     0.060
r   287.625     0.010    0     3.378     0.060
r   288.420     0.010    0     3.481     0.060
r   289.226     0.010    0     3.601     0.060
r   290.040     0.010    0     3.736     0.060
r   290.849     0.010    0     3.860     0.060
r   291.668     0.010    0     4.014     0.060
r   292.469     0.010    0     4.135     0.060
r   293.252     0.010    0     4.254     0.060
r   294.032     0.010    0     4.415     0.060
r   294.812     0.010    0     4.627     0.060
r   295.578     0.010    0     4.776     0.060
r   296.347     0.010    0     4.957     0.060
r   297.117     0.010    0     5.108     0.060
r   297.889     0.010    0     5.297     0.060
r   298.653     0.010    0     5.432     0.060
r   299.421     0.010    0     5.585     0.060
r   300.178     0.010    0     5.717     0.060
r   300.934     0.010    0     5.839     0.060
r   301.702     0.010    0     5.956     0.060
r   302.494     0.010    0     6.098     0.060
r   303.286     0.010    0     6.213     0.060
r   304.060     0.010    0     6.367     0.060
r   304.844     0.010    0     6.511     0.060
r   305.632     0.010    0     6.638     0.060
r   306.419     0.010    0     6.775     0.060
r   307.196     0.010    0     6.871     0.060
r   307.976     0.010    0     7.005     0.060
r   308.759     0.010    0     7.155     0.060
r   309.536     0.010    0     7.283     0.060
r   310.320     0.010    0     7.375     0.060
r   311.105     0.010    0     7.526     0.060
r   311.881     0.010    0     7.665     0.060
r   312.666     0.010    0     7.776     0.060
r   313.443     0.010    0     7.905     0.060
r   314.220     0.010    0     8.030     0.060
r   315.004     0.010    0     8.189     0.060
r   315.778     0.010    0     8.330     0.060
r   316.555     0.010    0     8.430     0.060
r   317.350     0.010    0     8.554     0.060
r   318.159     0.010    0     8.691     0.060
r   318.954     0.010    0     8.847     0.060
r   319.746     0.010    0     8.995     0.060
r   320.523     0.010    0     9.160     0.060
r   321.300     0.010    0     9.305     0.060
r   322.055     0.010    0     9.441     0.060
r   322.835     0.010    0     9.573     0.060
r   323.604     0.010    0     9.720     0.060
r   324.360     0.010    0     9.851     0.060
r   325.126     0.010    0     9.994     0.060
r   325.921     0.010    0    10.165     0.060
r   326.692     0.010    0    10.279     0.060
r   327.476     0.010    0    10.427     0.060
r   328.266     0.010    0    10.576     0.060
r   329.049     0.010    0    10.684     0.060
r   329.820     0.010    0    10.820     0.060
r   330.589     0.010    0    10.964     0.060
r   331.372     0.010    0    11.104     0.060
r   332.297     0.010    0    11.260     0.060
r   333.072     0.010    0    11.415     0.060
r   333.826     0.010    0    11.558     0.060
r   334.590     0.010    0    11.698     0.060
r   335.373     0.010    0    11.855     0.060
r   336.166     0.010    0    11.987     0.060
r   336.970     0.010    0    12.119     0.060
r   337.770     0.010    0    12.254     0.060
r   338.557     0.010    0    12.385     0.060
r   339.352     0.010    0    12.507     0.060
r   340.144     0.010    0    12.620     0.060
r   340.933     0.010    0    12.713     0.060
r   341.718     0.010    0    12.808     0.060
r   342.522     0.010    0    12.907     0.060
r   343.329     0.010    0    13.020     0.060
r   344.133     0.010    0    13.117     0.060
r   344.926     0.010    0    13.224     0.060
r   345.727     0.010    0    13.348     0.060
r   346.515     0.010    0    13.451     0.060
r   347.308     0.010    0    13.575     0.060
r   348.091     0.010    0    13.699     0.060
r   348.890     0.010    0    13.826     0.060
r   349.680     0.010    0    13.946     0.060
r   350.483     0.010    0    14.082     0.060
r   351.272     0.010    0    14.221     0.060
r   279.447     0.010    0     2.062     0.060
r   280.262     0.010    0     2.259     0.060
r   120.697     0.010    1    27.611     0.060
r   126.872     0.010    1    26.831     0.060
r   137.263     0.010    1    25.473     0.060
r   146.717     0.010    1    24.137     0.060
r   153.633     0.010    1    22.885     0.060
r   324.975     0.010    1    11.029     0.060
r   325.760     0.010    1    11.113     0.060
r   326.544     0.010    1    11.225     0.060
r   327.326     0.010    1    11.341     0.060
r   328.107     0.010    1    11.454     0.060
r   328.891     0.010    1    11.528     0.060
r   329.669     0.010    1    11.624     0.060
r   330.435     0.010    1    11.764     0.060
r   331.207     0.010    1    11.860     0.060
r   332.147     0.010    1    12.009     0.060
r   332.922     0.010    1    12.142     0.060
r   333.675     0.010    1    12.293     0.060
r   334.590     0.010    1    12.431     0.060
r   335.534     0.010    1    12.609     0.060
r   336.327     0.010    1    12.735     0.060
r   337.134     0.010    1    12.835     0.060
r   337.931     0.010    1    12.977     0.060
r   338.718     0.010    1    13.101     0.060
r   339.513     0.010    1    13.197     0.060
r   340.305     0.010    1    13.277     0.060
r   341.092     0.010    1    13.326     0.060
r   341.882     0.010    1    13.438     0.060
r   342.686     0.010    1    13.538     0.060
r   343.979     0.010    1    13.670     0.060
r   345.090     0.010    1    13.807     0.060
r   346.515     0.010    1    14.000     0.060
r   347.937     0.010    1    14.198     0.060
r   348.890     0.010    1    14.326     0.060
r   361.732     0.010    1    16.521     0.060
r   365.109     0.010    1    17.242     0.060
r   370.187     0.010    1    18.092     0.060
r   376.219     0.010    1    18.795     0.060
s   270.805     2.080  205
r    90.724     0.010    0    31.113     0.060
r    97.042     0.010    0    29.988     0.060
r   103.522     0.010    0    28.793     0.060
r   109.952     0.010    0    27.893     0.060
r   114.957     0.010    0    27.340     0.060
r   225.973     0.010    0    11.238     0.060
r   226.715     0.010    0    11.135     0.060
r   227.436     0.010    0    11.030     0.060
r   228.167     0.010    0    10.936     0.060
r   228.888     0.010    0    10.842     0.060
r   229.595     0.010    0    10.738     0.060
r   230.300     0.010    0    10.637     0.060
r   230.993     0.010    0    10.532     0.060
r   231.700     0.010    0    10.428     0.060
r   232.407     0.010    0    10.314     0.060
r   233.265     0.010    0    10.176     0.060
r   233.972     0.010    0    10.044     0.060
r   234.669     0.010    0     9.924     0.060
r   235.809     0.010    0     9.695     0.060
r   237.251     0.010    0     9.335     0.060
r   239.039     0.010    0     9.031     0.060
r   240.744     0.010    0     8.762     0.060
r   243.131     0.010    0     8.439     0.060
r   244.461     0.010    0     8.240     0.060
r   245.239     0.010    0     8.098     0.060
r   245.975     0.010    0     7.973     0.060
r   246.734     0.010    0     7.846     0.060
r   247.520     0.010    0     7.653     0.060
r   248.297     0.010    0     7.497     0.060
r   249.236     0.010    0     7.307     0.060
r   250.013     0.010    0     7.150     0.060
r   250.785     0.010    0     6.980     0.060
r   251.574     0.010    0     6.797     0.060
r   252.363     0.010    0     6.631     0.060
r   253.173     0.010    0     6.441     0.060
r   253.945     0.010    0     6.247     0.060
r   254.727     0.010    0     6.049     0.060
r   255.498     0.010    0     5.855     0.060
r   256.273     0.010    0     5.683     0.060
r   257.047     0.010    0     5.460     0.060
r   257.842     0.010    0     5.218     0.060
r   258.640     0.010    0     4.990     0.060
r   259.439     0.010    0     4.778     0.060
r   260.229     0.010    0     4.572     0.060
r   261.014     0.010    0     4.393     0.060
r   261.812     0.010    0     4.166     0.060
r   262.624     0.010    0     3.995     0.060
r   263.433     0.010    0     3.763     0.060
r   264.242     0.010    0     3.574     0.060
r   265.053     0.010    0     3.395     0.060
r   265.881     0.010    0     3.184     0.060
r   274.260     0.010    0     2.635     0.060
r   275.072     0.010    0     2.710     0.060
r   275.901     0.010    0     2.798     0.060
r   276.728     0.010    0     2.956     0.060
r   277.528     0.010    0     3.123     0.060
r   278.323     0.010    0     3.273     0.060
r   279.124     0.010    0     3.425     0.060
r   279.933     0.010    0     3.514     0.060
r   280.738     0.010    0     3.624     0.060
r   281.542     0.010    0     3.760     0.060
r   282.332     0.010    0     3.881     0.060
r   283.126     0.010    0     3.987     0.060
r   283.927     0.010    0     4.094     0.060
r   284.728     0.010    0     4.188     0.060
r   285.530     0.010    0     4.307     0.060
r   286.326     0.010    0     4.443     0.060
r   287.138     0.010    0     4.554     0.060
r   287.939     0.010    0     4.675     0.060
r   288.742     0.010    0     4.742     0.060
r   289.556     0.010    0     4.824     0.060
r   290.365     0.010    0     4.927     0.060
r   291.181     0.010    0     5.069     0.060
r   291.993     0.010    0     5.193     0.060
r   292.784     0.010    0     5.327     0.060
r   293.567     0.010    0     5.460     0.060
r   294.346     0.010    0     5.642     0.060
r   295.113     0.010    0     5.789     0.060
r   295.882     0.010    0     5.950     0.060
r   296.662     0.010    0     6.130     0.060
r   297.431     0.010    0     6.280     0.060
r   298.193     0.010    0     6.417     0.060
r   298.960     0.010    0     6.550     0.060
r   299.728     0.010    0     6.702     0.060
r   300.482     0.010    0     6.846     0.060
r   301.231     0.010    0     6.933     0.060
r   302.020     0.010    0     7.059     0.060
r   302.816     0.010    0     7.195     0.060
r   303.597     0.010    0     7.368     0.060
r   304.371     0.010    0     7.498     0.060
r   305.159     0.010    0     7.601     0.060
r   305.943     0.010    0     7.772     0.060
r   306.731     0.010    0     7.844     0.060
r   307.510     0.010    0     7.985     0.060
r   308.290     0.010    0     8.103     0.060
r   309.073     0.010    0     8.245     0.060
r   309.847     0.010    0     8.370     0.060
r   310.631     0.010    0     8.485     0.060
r   311.416     0.010    0     8.617     0.060
r   312.203     0.010    0     8.753     0.060
r   312.977     0.010    0     8.906     0.060
r   313.754     0.010    0     8.972     0.060
r   314.531     0.010    0     9.113     0.060
r   315.316     0.010    0     9.273     0.060
r   316.089     0.010    0     9.376     0.060
r   316.877     0.010    0     9.491     0.060
r   317.672     0.010    0     9.612     0.060
r   318.481     0.010    0     9.784     0.060
r   319.276     0.010    0     9.913     0.060
r   320.058     0.010    0    10.068     0.060
r   320.834     0.010    0    10.214     0.060
r   321.604     0.010    0    10.365     0.060
r   322.370     0.010    0    10.504     0.060
r   323.149     0.010    0    10.620     0.060
r   323.905     0.010    0    10.781     0.060
r   324.671     0.010    0    10.901     0.060
r   325.448     0.010    0    11.065     0.060
r   326.232     0.010    0    11.197     0.060
r   327.003     0.010    0    11.360     0.060
r   327.798     0.010    0    11.481     0.060
r   328.585     0.010    0    11.628     0.060
r   329.357     0.010    0    11.776     0.060
r   330.123     0.010    0    11.896     0.060
r   330.903     0.010    0    12.024     0.060
r   331.675     0.010    0    12.158     0.060
r   332.450     0.010    0    12.316     0.060
r   333.225     0.010    0    12.455     0.060
r   333.979     0.010    0    12.595     0.060
r   334.740     0.010    0    12.738     0.060
r   335.534     0.010    0    12.899     0.060
r   336.327     0.010    0    13.035     0.060
r   337.134     0.010    0    13.176     0.060
r   337.930     0.010    0    13.289     0.060
r   338.718     0.010    0    13.390     0.060
r   339.513     0.010    0    13.501     0.060
r   340.305     0.010    0    13.599     0.060
r   341.091     0.010    0    13.713     0.060
r   341.882     0.010    0    13.824     0.060
r   342.686     0.010    0    13.906     0.060
r   343.490     0.010    0    14.064     0.060
r   344.294     0.010    0    14.164     0.060
r   345.090     0.010    0    14.279     0.060
r   345.877     0.010    0    14.419     0.060
r   346.678     0.010    0    14.531     0.060
r   347.469     0.010    0    14.656     0.060
r   348.254     0.010    0    14.790     0.060
r   350.322     0.010    0    15.149     0.060
r   352.392     0.010    0    15.499     0.060
r   355.368     0.010    0    15.996     0.060
r   359.503     0.010    0    16.824     0.060
r   363.005     0.010    0    17.587     0.060
r   365.910     0.010    0    18.356     0.060
r   370.810     0.010    0    19.095     0.060
r   121.022     0.010    1    26.965     0.060
r   126.098     0.010    1    26.317     0.060
r   130.213     0.010    1    25.743     0.060
r   136.307     0.010    1    25.049     0.060
r   142.064     0.010    1    24.288     0.060
r   145.918     0.010    1    23.696     0.060
r   149.745     0.010    1    23.055     0.060
r   152.399     0.010    1    22.492     0.060
r   154.694     0.010    1    21.965     0.060
r   306.094     0.010    1     9.213     0.060
r   309.073     0.010    1     9.581     0.060
r   313.131     0.010    1    10.077     0.060
r   316.555     0.010    1    10.497     0.060
r   319.115     0.010    1    10.916     0.060
r   322.055     0.010    1    11.366     0.060
r   324.209     0.010    1    11.721     0.060
r   325.448     0.010    1    11.908     0.060
r   326.232     0.010    1    11.995     0.060
r   327.003     0.010    1    12.094     0.060
r   327.798     0.010    1    12.188     0.060
r   328.585     0.010    1    12.315     0.060
r   329.357     0.010    1    12.442     0.060
r   330.123     0.010    1    12.548     0.060
r   330.903     0.010    1    12.663     0.060
r   331.675     0.010    1    12.772     0.060
r   332.450     0.010    1    12.912     0.060
r   333.225     0.010    1    13.021     0.060
r   333.979     0.010    1    13.151     0.060
r   334.740     0.010    1    13.285     0.060
r   335.534     0.010    1    13.413     0.060
r   336.327     0.010    1    13.538     0.060
r   337.134     0.010    1    13.645     0.060
r   337.930     0.010    1    13.772     0.060
r   338.718     0.010    1    13.894     0.060
r   339.513     0.010    1    13.989     0.060
r   340.305     0.010    1    14.092     0.060
r   341.091     0.010    1    14.191     0.060
r   341.882     0.010    1    14.249     0.060
r   342.686     0.010    1    14.351     0.060
r   343.490     0.010    1    14.470     0.060
r   344.294     0.010    1    14.566     0.060
r   345.090     0.010    1    14.654     0.060
r   345.877     0.010    1    14.773     0.060
r   346.678     0.010    1    14.839     0.060
r   347.469     0.010    1    14.966     0.060
r   348.254     0.010    1    15.072     0.060
r   349.043     0.010    1    15.207     0.060
r   349.841     0.010    1    15.315     0.060
r   350.644     0.010    1    15.464     0.060
r   351.433     0.010    1    15.610     0.060
r   352.228     0.010    1    15.734     0.060
r   356.938     0.010    1    16.511     0.060
s   264.830     2.270  174
r    93.400     0.010    0    29.837     0.060
r    96.251     0.010    0    29.233     0.060
r    99.540     0.010    0    28.598     0.060
r   102.462     0.010    0    28.111     0.060
r   105.892     0.010    0    27.608     0.060
r   109.953     0.010    0    27.026     0.060
r   113.997     0.010    0    26.506     0.060
r   118.293     0.010    0    25.991     0.060
r   128.120     0.010    0    24.606     0.060
r   135.205     0.010    0    23.770     0.060
r   137.901     0.010    0    23.493     0.060
r   141.252     0.010    0    22.974     0.060
r   143.178     0.010    0    22.671     0.060
r   146.082     0.010    0    22.215     0.060
r   225.239     0.010    0    10.543     0.060
r   225.973     0.010    0    10.409     0.060
r   226.715     0.010    0    10.255     0.060
r   227.436     0.010    0    10.194     0.060
r   228.168     0.010    0    10.126     0.060
r   228.889     0.010    0     9.997     0.060
r   229.596     0.010    0     9.886     0.060
r   230.300     0.010    0     9.748     0.060
r   230.993     0.010    0     9.653     0.060
r   231.701     0.010    0     9.552     0.060
r   232.408     0.010    0     9.436     0.060
r   233.126     0.010    0     9.332     0.060
r   233.833     0.010    0     9.192     0.060
r   234.529     0.010    0     9.084     0.060
r   235.239     0.010    0     8.968     0.060
r   235.949     0.010    0     8.836     0.060
r   236.673     0.010    0     8.701     0.060
r   237.391     0.010    0     8.519     0.060
r   238.122     0.010    0     8.394     0.060
r   238.886     0.010    0     8.288     0.060
r   239.658     0.010    0     8.164     0.060
r   240.443     0.010    0     8.012     0.060
r   241.206     0.010    0     7.888     0.060
r   241.970     0.010    0     7.760     0.060
r   242.704     0.010    0     7.636     0.060
r   243.419     0.010    0     7.524     0.060
r   244.163     0.010    0     7.407     0.060
r   244.931     0.010    0     7.239     0.060
r   245.689     0.010    0     7.077     0.060
r   246.431     0.010    0     6.895     0.060
r   247.203     0.010    0     6.725     0.060
r   247.986     0.010    0     6.555     0.060
r   248.771     0.010    0     6.358     0.060
r   249.548     0.010    0     6.193     0.060
r   250.317     0.010    0     6.012     0.060
r   251.103     0.010    0     5.788     0.060
r   251.881     0.010    0     5.609     0.060
r   252.680     0.010    0     5.403     0.060
r   253.480     0.010    0     5.187     0.060
r   254.256     0.010    0     4.934     0.060
r   255.036     0.010    0     4.694     0.060
r   255.810     0.010    0     4.450     0.060
r   256.584     0.010    0     4.213     0.060
r   257.369     0.010    0     3.943     0.060
r   258.167     0.010    0     3.659     0.060
r   258.965     0.010    0     3.443     0.060
r   271.355     0.010    0     3.520     0.060
r   272.811     0.010    0     3.737     0.060
r   273.777     0.010    0     3.934     0.060
r   274.586     0.010    0     4.023     0.060
r   275.412     0.010    0     4.093     0.060
r   276.227     0.010    0     4.195     0.060
r   277.048     0.010    0     4.320     0.060
r   277.840     0.010    0     4.419     0.060
r   278.649     0.010    0     4.548     0.060
r   279.447     0.010    0     4.662     0.060
r   280.262     0.010    0     4.771     0.060
r   281.056     0.010    0     4.876     0.060
r   281.857     0.010    0     4.963     0.060
r   282.647     0.010    0     5.061     0.060
r   283.452     0.010    0     5.140     0.060
r   284.239     0.010    0     5.243     0.060
r   285.044     0.010    0     5.343     0.060
r   285.848     0.010    0     5.454     0.060
r   286.652     0.010    0     5.551     0.060
r   287.464     0.010    0     5.645     0.060
r   288.262     0.010    0     5.742     0.060
r   289.065     0.010    0     5.814     0.060
r   289.879     0.010    0     5.941     0.060
r   290.687     0.010    0     6.052     0.060
r   291.504     0.010    0     6.162     0.060
r   292.308     0.010    0     6.289     0.060
r   293.099     0.010    0     6.408     0.060
r   293.882     0.010    0     6.550     0.060
r   294.648     0.010    0     6.703     0.060
r   295.428     0.010    0     6.852     0.060
r   296.194     0.010    0     7.022     0.060
r   296.963     0.010    0     7.179     0.060
r   297.736     0.010    0     7.326     0.060
r   298.500     0.010    0     7.466     0.060
r   299.268     0.010    0     7.598     0.060
r   300.025     0.010    0     7.722     0.060
r   300.784     0.010    0     7.822     0.060
r   301.544     0.010    0     7.921     0.060
r   302.333     0.010    0     8.063     0.060
r   303.128     0.010    0     8.214     0.060
r   303.909     0.010    0     8.362     0.060
r   304.683     0.010    0     8.482     0.060
r   305.471     0.010    0     8.610     0.060
r   306.258     0.010    0     8.766     0.060
r   307.046     0.010    0     8.856     0.060
r   307.815     0.010    0     8.986     0.060
r   308.598     0.010    0     9.150     0.060
r   309.385     0.010    0     9.281     0.060
r   310.159     0.010    0     9.369     0.060
r   310.944     0.010    0     9.512     0.060
r   311.731     0.010    0     9.640     0.060
r   312.666     0.010    0     9.792     0.060
r   313.443     0.010    0     9.916     0.060
r   314.220     0.010    0    10.020     0.060
r   315.004     0.010    0    10.196     0.060
r   315.778     0.010    0    10.316     0.060
r   316.555     0.010    0    10.424     0.060
r   317.350     0.010    0    10.568     0.060
r   318.159     0.010    0    10.712     0.060
r   318.954     0.010    0    10.848     0.060
r   319.746     0.010    0    10.984     0.060
r   320.523     0.010    0    11.118     0.060
r   321.300     0.010    0    11.271     0.060
r   322.055     0.010    0    11.419     0.060
r   322.835     0.010    0    11.551     0.060
r   323.604     0.010    0    11.698     0.060
r   324.360     0.010    0    11.830     0.060
r   325.126     0.010    0    11.979     0.060
r   325.921     0.010    0    12.109     0.060
r   326.853     0.010    0    12.285     0.060
r   327.638     0.010    0    12.435     0.060
r   328.424     0.010    0    12.593     0.060
r   329.196     0.010    0    12.721     0.060
r   330.435     0.010    0    12.904     0.060
r   332.146     0.010    0    13.198     0.060
r   333.979     0.010    0    13.546     0.060
r   336.002     0.010    0    13.904     0.060
r   337.606     0.010    0    14.174     0.060
r   339.202     0.010    0    14.432     0.060
r   341.403     0.010    0    14.714     0.060
r   343.818     0.010    0    15.039     0.060
r   345.727     0.010    0    15.330     0.060
r   348.890     0.010    0    15.825     0.060
r   350.953     0.010    0    16.202     0.060
r   353.642     0.010    0    16.624     0.060
r   356.938     0.010    0    17.184     0.060
r   361.095     0.010    0    18.001     0.060
r   363.825     0.010    0    18.646     0.060
r   366.540     0.010    0    19.438     0.060
r   372.068     0.010    0    20.222     0.060
r    71.110     0.010    1    33.023     0.060
r    77.296     0.010    1    32.265     0.060
r    85.399     0.010    1    31.213     0.060
r    90.878     0.010    1    30.500     0.060
r    96.416     0.010    1    29.623     0.060
r   118.766     0.010    1    26.515     0.060
r   125.313     0.010    1    25.781     0.060
r   131.169     0.010    1    25.057     0.060
r   137.575     0.010    1    24.321     0.060
r   306.570     0.010    1     9.869     0.060
r   311.417     0.010    1    10.572     0.060
r   315.929     0.010    1    11.210     0.060
r   318.632     0.010    1    11.612     0.060
r   321.905     0.010    1    12.086     0.060
r   325.599     0.010    1    12.665     0.060
r   328.424     0.010    1    13.075     0.060
r   331.207     0.010    1    13.489     0.060
r   333.072     0.010    1    13.787     0.060
r   335.688     0.010    1    14.222     0.060
r   338.557     0.010    1    14.657     0.060
r   342.839     0.010    1    15.213     0.060
r   346.039     0.010    1    15.646     0.060
r   349.680     0.010    1    16.160     0.060
r   353.330     0.010    1    16.740     0.060
s   252.812     3.230  127
r    55.501     0.010    0    33.073     0.060
r    61.468     0.010    0    32.325     0.060
r    70.799     0.010    0    31.177     0.060
r    76.222     0.010    0    30.530     0.060
r    81.790     0.010    0    29.837     0.060
r    87.921     0.010    0    28.959     0.060
r    94.038     0.010    0    27.962     0.060
r   100.153     0.010    0    26.973     0.060
r   105.108     0.010    0    26.190     0.060
r   110.104     0.010    0    25.500     0.060
r   115.280     0.010    0    24.876     0.060
r   120.858     0.010    0    24.295     0.060
r   125.474     0.010    0    23.714     0.060
r   225.530     0.010    0     8.660     0.060
r   227.146     0.010    0     8.431     0.060
r   229.459     0.010    0     8.061     0.060
r   231.424     0.010    0     7.726     0.060
r   233.553     0.010    0     7.359     0.060
r   234.949     0.010    0     7.059     0.060
r   236.383     0.010    0     6.788     0.060
r   238.123     0.010    0     6.424     0.060
r   239.820     0.010    0     6.076     0.060
r   241.669     0.010    0     5.683     0.060
r   242.845     0.010    0     5.419     0.060
r   259.277     0.010    0     3.996     0.060
r   260.068     0.010    0     4.119     0.060
r   260.863     0.010    0     4.243     0.060
r   261.651     0.010    0     4.352     0.060
r   262.460     0.010    0     4.494     0.060
r   263.272     0.010    0     4.638     0.060
r   264.081     0.010    0     4.781     0.060
r   264.892     0.010    0     4.928     0.060
r   265.714     0.010    0     5.081     0.060
r   266.538     0.010    0     5.236     0.060
r   267.347     0.010    0     5.368     0.060
r   268.159     0.010    0     5.517     0.060
r   268.955     0.010    0     5.661     0.060
r   269.750     0.010    0     5.773     0.060
r   270.558     0.010    0     5.882     0.060
r   271.355     0.010    0     5.958     0.060
r   272.162     0.010    0     6.018     0.060
r   272.971     0.010    0     6.093     0.060
r   273.777     0.010    0     6.178     0.060
r   274.586     0.010    0     6.222     0.060
r   275.412     0.010    0     6.281     0.060
r   276.227     0.010    0     6.366     0.060
r   277.048     0.010    0     6.441     0.060
r   277.840     0.010    0     6.543     0.060
r   278.649     0.010    0     6.668     0.060
r   279.447     0.010    0     6.744     0.060
r   280.262     0.010    0     6.817     0.060
r   281.056     0.010    0     6.918     0.060
r   281.857     0.010    0     6.990     0.060
r   282.648     0.010    0     7.040     0.060
r   283.452     0.010    0     7.141     0.060
r   284.240     0.010    0     7.209     0.060
r   285.044     0.010    0     7.282     0.060
r   285.848     0.010    0     7.390     0.060
r   286.652     0.010    0     7.466     0.060
r   287.464     0.010    0     7.559     0.060
r   288.262     0.010    0     7.638     0.060
r   289.065     0.010    0     7.723     0.060
r   289.879     0.010    0     7.825     0.060
r   290.688     0.010    0     7.933     0.060
r   291.669     0.010    0     8.048     0.060
r   292.949     0.010    0     8.230     0.060
r   294.183     0.010    0     8.448     0.060
r   295.428     0.010    0     8.689     0.060
r   296.813     0.010    0     8.973     0.060
r   298.040     0.010    0     9.187     0.060
r   299.728     0.010    0     9.471     0.060
r   300.633     0.010    0     9.597     0.060
r   302.172     0.010    0     9.856     0.060
r   303.598     0.010    0    10.112     0.060
r   304.998     0.010    0    10.327     0.060
r   306.420     0.010    0    10.571     0.060
r   307.815     0.010    0    10.770     0.060
r   309.224     0.010    0    11.012     0.060
r   310.482     0.010    0    11.207     0.060
r   312.043     0.010    0    11.444     0.060
r   313.443     0.010    0    11.679     0.060
r   314.532     0.010    0    11.854     0.060
r   316.241     0.010    0    12.134     0.060
r   317.834     0.010    0    12.398     0.060
r   319.427     0.010    0    12.683     0.060
r   320.523     0.010    0    12.896     0.060
r   322.370     0.010    0    13.263     0.060
r   324.056     0.010    0    13.546     0.060
r   325.287     0.010    0    13.768     0.060
r   327.004     0.010    0    14.078     0.060
r   328.585     0.010    0    14.382     0.060
r   330.124     0.010    0    14.679     0.060
r    69.545     0.010    1    31.674     0.060
r    74.092     0.010    1    31.106     0.060
r    78.224     0.010    1    30.562     0.060
r    83.355     0.010    1    29.862     0.060
r    89.013     0.010    1    29.076     0.060
r    95.453     0.010    1    28.192     0.060
r   104.314     0.010    1    26.923     0.060
r   109.316     0.010    1    26.361     0.060
r   117.027     0.010    1    25.447     0.060
r   124.686     0.010    1    24.540     0.060
r   130.854     0.010    1    23.669     0.060
r   137.740     0.010    1    22.928     0.060
r   142.380     0.010    1    22.340     0.060
r   146.881     0.010    1    21.731     0.060
r   151.156     0.010    1    20.968     0.060
r   310.321     0.010    1    11.926     0.060
r   313.132     0.010    1    12.320     0.060
r   315.316     0.010    1    12.608     0.060
r   317.834     0.010    1    12.982     0.060
r   320.058     0.010    1    13.305     0.060
r   322.056     0.010    1    13.611     0.060
r   324.210     0.010    1    13.928     0.060
r   326.233     0.010    1    14.270     0.060
r   328.108     0.010    1    14.606     0.060
r   331.054     0.010    1    15.068     0.060
r   332.768     0.010    1    15.339     0.060
r   334.905     0.010    1    15.689     0.060
r   336.492     0.010    1    15.959     0.060
r   338.407     0.010    1    16.269     0.060
r   340.145     0.010    1    16.518     0.060
r   341.882     0.010    1    16.703     0.060
r   344.294     0.010    1    16.950     0.060
r   346.203     0.010    1    17.219     0.060
r   347.938     0.010    1    17.488     0.060
r   350.003     0.010    1    17.819     0.060
s   246.787     3.480   89
r   102.917     0.010    0    25.649     0.060
r   106.680     0.010    0    25.151     0.060
r   109.315     0.010    0    24.789     0.060
r   112.440     0.010    0    24.361     0.060
r   116.245     0.010    0    23.823     0.060
r   118.930     0.010    0    23.457     0.060
r   121.345     0.010    0    23.187     0.060
r   124.522     0.010    0    22.798     0.060
r   127.969     0.010    0    22.362     0.060
r   131.018     0.010    0    22.012     0.060
r   134.564     0.010    0    21.554     0.060
r   138.215     0.010    0    21.062     0.060
r   142.866     0.010    0    20.445     0.060
r   150.376     0.010    0    19.255     0.060
r   225.529     0.010    0     7.634     0.060
r   227.006     0.010    0     7.384     0.060
r   228.749     0.010    0     7.115     0.060
r   230.440     0.010    0     6.812     0.060
r   231.851     0.010    0     6.545     0.060
r   233.265     0.010    0     6.246     0.060
r   234.529     0.010    0     5.978     0.060
r   235.379     0.010    0     5.779     0.060
r   236.673     0.010    0     5.471     0.060
r   237.541     0.010    0     5.243     0.060
r   256.122     0.010    0     4.999     0.060
r   256.896     0.010    0     5.104     0.060
r   257.681     0.010    0     5.222     0.060
r   258.479     0.010    0     5.304     0.060
r   259.277     0.010    0     5.384     0.060
r   260.068     0.010    0     5.487     0.060
r   260.863     0.010    0     5.567     0.060
r   261.651     0.010    0     5.665     0.060
r   262.460     0.010    0     5.780     0.060
r   263.272     0.010    0     5.895     0.060
r   264.081     0.010    0     6.025     0.060
r   264.891     0.010    0     6.180     0.060
r   265.713     0.010    0     6.328     0.060
r   266.537     0.010    0     6.468     0.060
r   267.346     0.010    0     6.617     0.060
r   269.275     0.010    0     6.833     0.060
r   271.355     0.010    0     7.068     0.060
r   273.777     0.010    0     7.294     0.060
r   276.226     0.010    0     7.503     0.060
r   278.162     0.010    0     7.688     0.060
r   280.738     0.010    0     7.927     0.060
r   283.602     0.010    0     8.249     0.060
r   285.684     0.010    0     8.428     0.060
r   287.789     0.010    0     8.631     0.060
r   289.717     0.010    0     8.835     0.060
r   292.469     0.010    0     9.199     0.060
r   294.648     0.010    0     9.593     0.060
r   298.040     0.010    0    10.215     0.060
r   300.332     0.010    0    10.639     0.060
r   302.171     0.010    0    10.965     0.060
r   304.844     0.010    0    11.426     0.060
r   307.976     0.010    0    11.936     0.060
r   310.793     0.010    0    12.389     0.060
r   313.292     0.010    0    12.769     0.060
r   316.240     0.010    0    13.250     0.060
r   319.276     0.010    0    13.833     0.060
r   322.671     0.010    0    14.462     0.060
r   325.126     0.010    0    14.854     0.060
r   328.585     0.010    0    15.423     0.060
r   332.604     0.010    0    16.050     0.060
r   336.970     0.010    0    16.830     0.060
r    63.733     0.010    1    31.962     0.060
r    70.798     0.010    1    31.053     0.060
r    76.057     0.010    1    30.335     0.060
r    81.790     0.010    1    29.531     0.060
r    88.071     0.010    1    28.631     0.060
r    93.077     0.010    1    27.819     0.060
r    99.069     0.010    1    26.908     0.060
r   106.368     0.010    1    25.896     0.060
r   112.128     0.010    1    25.214     0.060
r   116.715     0.010    1    24.776     0.060
r   122.472     0.010    1    24.231     0.060
r   128.771     0.010    1    23.480     0.060
r   134.564     0.010    1    23.006     0.060
r   140.615     0.010    1    22.413     0.060
r   316.716     0.010    1    13.782     0.060
r   320.684     0.010    1    14.322     0.060
r   324.975     0.010    1    14.995     0.060
r   328.266     0.010    1    15.528     0.060
r   332.450     0.010    1    16.197     0.060
r   336.492     0.010    1    16.871     0.060
r   340.933     0.010    1    17.530     0.060
r   344.612     0.010    1    18.046     0.060
r   348.091     0.010    1    18.580     0.060
r   350.953     0.010    1    19.035     0.060
s   240.757     3.610  106
r    32.196     0.010    0    34.464     0.060
r    38.357     0.010    0    33.539     0.060
r    45.542     0.010    0    32.435     0.060
r    52.605     0.010    0    31.644     0.060
r    61.021     0.010    0    30.695     0.060
r    68.619     0.010    0    29.716     0.060
r    77.142     0.010    0    28.684     0.060
r    84.762     0.010    0    27.653     0.060
r    91.974     0.010    0    26.574     0.060
r    96.881     0.010    0    25.701     0.060
r   102.462     0.010    0    24.646     0.060
r   110.730     0.010    0    23.536     0.060
r   121.345     0.010    0    22.222     0.060
r   127.969     0.010    0    21.265     0.060
r   133.262     0.010    0    20.558     0.060
r   138.366     0.010    0    19.944     0.060
r   218.903     0.010    0     6.878     0.060
r   220.149     0.010    0     6.924     0.060
r   221.224     0.010    0     6.932     0.060
r   221.928     0.010    0     6.948     0.060
r   222.926     0.010    0     6.892     0.060
r   223.647     0.010    0     6.843     0.060
r   224.367     0.010    0     6.768     0.060
r   225.099     0.010    0     6.679     0.060
r   225.830     0.010    0     6.558     0.060
r   226.565     0.010    0     6.464     0.060
r   227.296     0.010    0     6.370     0.060
r   228.028     0.010    0     6.245     0.060
r   228.168     0.010    0     5.915     0.060
r   228.889     0.010    0     5.798     0.060
r   229.596     0.010    0     5.670     0.060
r   230.300     0.010    0     5.503     0.060
r   230.993     0.010    0     5.350     0.060
r   231.701     0.010    0     5.179     0.060
r   232.408     0.010    0     5.030     0.060
r   233.126     0.010    0     4.866     0.060
r   233.833     0.010    0     4.665     0.060
r   234.529     0.010    0     4.486     0.060
r   247.052     0.010    0     4.574     0.060
r   248.297     0.010    0     4.854     0.060
r   249.547     0.010    0     5.154     0.060
r   250.938     0.010    0     5.442     0.060
r   252.199     0.010    0     5.653     0.060
r   253.009     0.010    0     5.785     0.060
r   253.795     0.010    0     5.896     0.060
r   254.566     0.010    0     6.004     0.060
r   255.348     0.010    0     6.104     0.060
r   256.122     0.010    0     6.198     0.060
r   256.896     0.010    0     6.267     0.060
r   257.680     0.010    0     6.349     0.060
r   258.479     0.010    0     6.415     0.060
r   259.277     0.010    0     6.494     0.060
r   260.068     0.010    0     6.573     0.060
r   260.863     0.010    0     6.657     0.060
r   261.651     0.010    0     6.755     0.060
r   262.460     0.010    0     6.836     0.060
r   263.272     0.010    0     6.926     0.060
r   264.081     0.010    0     7.042     0.060
r   264.891     0.010    0     7.146     0.060
r   265.713     0.010    0     7.277     0.060
r   266.537     0.010    0     7.400     0.060
r   267.346     0.010    0     7.476     0.060
r   268.158     0.010    0     7.576     0.060
r   268.955     0.010    0     7.677     0.060
r   270.558     0.010    0     7.905     0.060
r   272.162     0.010    0     8.037     0.060
r   275.072     0.010    0     8.362     0.060
r   277.528     0.010    0     8.599     0.060
r   279.447     0.010    0     8.779     0.060
r   281.055     0.010    0     8.901     0.060
r   282.812     0.010    0     9.080     0.060
r   284.729     0.010    0     9.273     0.060
r   286.173     0.010    0     9.401     0.060
r   287.625     0.010    0     9.562     0.060
r   289.717     0.010    0     9.730     0.060
r   292.308     0.010    0    10.064     0.060
r   294.648     0.010    0    10.457     0.060
r   297.431     0.010    0    11.045     0.060
r   303.128     0.010    0    11.980     0.060
r   307.815     0.010    0    12.727     0.060
r   312.666     0.010    0    13.436     0.060
r   317.038     0.010    0    14.107     0.060
r   321.300     0.010    0    14.909     0.060
r   324.825     0.010    0    15.522     0.060
r   329.049     0.010    0    16.276     0.060
r   332.768     0.010    0    16.920     0.060
r   335.534     0.010    0    17.460     0.060
r   339.833     0.010    0    18.128     0.060
r   344.294     0.010    0    18.754     0.060
r   348.091     0.010    0    19.325     0.060
r   351.906     0.010    0    19.876     0.060
r    95.939     0.010    1    26.486     0.060
r   103.372     0.010    1    25.350     0.060
r   110.730     0.010    1    24.452     0.060
r   117.658     0.010    1    23.784     0.060
r   124.207     0.010    1    23.122     0.060
r   301.084     0.010    1    12.301     0.060
r   305.632     0.010    1    12.933     0.060
r   308.291     0.010    1    13.249     0.060
r   311.255     0.010    1    13.666     0.060
r   314.220     0.010    1    14.121     0.060
r   317.200     0.010    1    14.545     0.060
r   320.219     0.010    1    15.085     0.060
r   322.520     0.010    1    15.486     0.060
r   325.287     0.010    1    15.923     0.060
r   328.266     0.010    1    16.379     0.060
s   234.665     3.580   78
r    19.441     0.010    0    35.758     0.060
r    29.334     0.010    0    34.258     0.060
r    37.382     0.010    0    32.887     0.060
r    45.857     0.010    0    31.662     0.060
r    57.182     0.010    0    30.312     0.060
r    65.858     0.010    0    29.311     0.060
r    74.543     0.010    0    28.260     0.060
r    82.884     0.010    0    27.282     0.060
r    88.537     0.010    0    26.475     0.060
r    92.915     0.010    0    25.720     0.060
r    96.566     0.010    0    24.994     0.060
r   100.615     0.010    0    24.166     0.060
r   103.372     0.010    0    23.692     0.060
r   106.679     0.010    0    23.172     0.060
r   111.354     0.010    0    22.555     0.060
r   114.309     0.010    0    22.252     0.060
r   117.970     0.010    0    21.814     0.060
r   121.985     0.010    0    21.292     0.060
r   125.162     0.010    0    20.838     0.060
r   128.922     0.010    0    20.261     0.060
r   132.621     0.010    0    19.699     0.060
r   135.842     0.010    0    19.348     0.060
r   139.329     0.010    0    18.866     0.060
r   143.665     0.010    0    18.219     0.060
r   146.566     0.010    0    17.714     0.060
r   243.131     0.010    0     5.151     0.060
r   244.460     0.010    0     5.422     0.060
r   245.825     0.010    0     5.763     0.060
r   247.202     0.010    0     6.067     0.060
r   248.770     0.010    0     6.342     0.060
r   250.316     0.010    0     6.600     0.060
r   252.680     0.010    0     6.929     0.060
r   255.036     0.010    0     7.237     0.060
r   256.584     0.010    0     7.375     0.060
r   257.368     0.010    0     7.452     0.060
r   258.167     0.010    0     7.505     0.060
r   258.965     0.010    0     7.581     0.060
r   259.753     0.010    0     7.653     0.060
r   260.551     0.010    0     7.720     0.060
r   262.624     0.010    0     7.992     0.060
r   264.561     0.010    0     8.257     0.060
r   266.698     0.010    0     8.573     0.060
r   268.319     0.010    0     8.786     0.060
r   270.237     0.010    0     8.983     0.060
r   272.648     0.010    0     9.232     0.060
r   275.411     0.010    0     9.462     0.060
r   278.323     0.010    0     9.692     0.060
r   281.856     0.010    0    10.050     0.060
r   285.369     0.010    0    10.384     0.060
r   288.742     0.010    0    10.711     0.060
r   293.567     0.010    0    11.402     0.060
r   296.812     0.010    0    12.054     0.060
r   300.331     0.010    0    12.625     0.060
r   304.683     0.010    0    13.358     0.060
r   309.073     0.010    0    14.018     0.060
r   312.354     0.010    0    14.527     0.060
r   315.316     0.010    0    14.994     0.060
r   318.481     0.010    0    15.515     0.060
r   321.450     0.010    0    16.084     0.060
r   324.510     0.010    0    16.678     0.060
r   328.107     0.010    0    17.266     0.060
r   332.297     0.010    0    17.919     0.060
r   336.645     0.010    0    18.749     0.060
r   341.718     0.010    0    19.452     0.060
r   347.469     0.010    0    20.286     0.060
r   352.704     0.010    0    21.042     0.060
r   303.909     0.010    1    13.632     0.060
r   305.470     0.010    1    13.841     0.060
r   307.661     0.010    1    14.110     0.060
r   309.697     0.010    1    14.399     0.060
r   312.042     0.010    1    14.737     0.060
r   314.219     0.010    1    15.055     0.060
r   316.877     0.010    1    15.426     0.060
r   319.276     0.010    1    15.847     0.060
r   320.988     0.010    1    16.137     0.060
r   322.985     0.010    1    16.494     0.060
r   325.598     0.010    1    16.939     0.060
r   329.049     0.010    1    17.464     0.060
s   222.699     3.050   72
r    26.017     0.010    0    32.547     0.060
r    35.443     0.010    0    31.140     0.060
r    44.761     0.010    0    29.696     0.060
r    53.369     0.010    0    28.653     0.060
r    62.076     0.010    0    27.643     0.060
r    69.081     0.010    0    26.788     0.060
r    76.526     0.010    0    25.773     0.060
r    82.411     0.010    0    24.938     0.060
r    86.026     0.010    0    24.486     0.060
r    90.563     0.010    0    23.828     0.060
r    94.825     0.010    0    23.155     0.060
r    98.459     0.010    0    22.419     0.060
r   101.994     0.010    0    21.686     0.060
r   104.946     0.010    0    21.310     0.060
r   108.084     0.010    0    20.839     0.060
r   113.050     0.010    0    20.259     0.060
r   118.293     0.010    0    19.597     0.060
r   122.959     0.010    0    18.879     0.060
r   125.948     0.010    0    18.398     0.060
r   128.922     0.010    0    17.963     0.060
r   131.971     0.010    0    17.509     0.060
r   232.698     0.010    0     5.582     0.060
r   235.379     0.010    0     6.248     0.060
r   237.982     0.010    0     6.746     0.060
r   240.744     0.010    0     7.227     0.060
r   242.704     0.010    0     7.515     0.060
r   244.460     0.010    0     7.827     0.060
r   246.583     0.010    0     8.169     0.060
r   249.085     0.010    0     8.519     0.060
r   251.102     0.010    0     8.736     0.060
r   252.845     0.010    0     8.974     0.060
r   254.728     0.010    0     9.147     0.060
r   271.040     0.010    0    10.630     0.060
r   273.616     0.010    0    10.817     0.060
r   275.573     0.010    0    10.914     0.060
r   278.162     0.010    0    11.269     0.060
r   280.891     0.010    0    11.585     0.060
r   282.497     0.010    0    11.718     0.060
r   284.564     0.010    0    11.926     0.060
r   286.488     0.010    0    12.108     0.060
r   287.940     0.010    0    12.242     0.060
r   289.556     0.010    0    12.452     0.060
r   291.829     0.010    0    12.743     0.060
r   295.113     0.010    0    13.319     0.060
r   297.278     0.010    0    13.753     0.060
r   299.575     0.010    0    14.185     0.060
r   301.863     0.010    0    14.572     0.060
r   304.371     0.010    0    14.996     0.060
r   309.073     0.010    0    15.700     0.060
r   312.978     0.010    0    16.338     0.060
r   315.928     0.010    0    16.805     0.060
r   318.632     0.010    0    17.256     0.060
r   327.946     0.010    0    18.776     0.060
r   331.054     0.010    0    19.379     0.060
r   333.675     0.010    0    19.838     0.060
r   336.492     0.010    0    20.371     0.060
r   339.833     0.010    0    20.857     0.060
r   343.654     0.010    0    21.333     0.060
r   227.738     0.010    0     3.887     0.060
r   228.749     0.010    0     4.316     0.060
r   229.596     0.010    0     4.652     0.060
r   230.300     0.010    0     4.857     0.060
r   230.993     0.010    0     5.071     0.060
r   231.700     0.010    0     5.276     0.060
r    57.957     0.010    1    28.376     0.060
r    65.250     0.010    1    27.518     0.060
r    72.358     0.010    1    26.656     0.060
r    78.375     0.010    1    25.975     0.060
r    85.238     0.010    1    25.032     0.060
r    90.259     0.010    1    24.379     0.060
r    98.768     0.010    1    23.326     0.060
r   106.203     0.010    1    22.418     0.060
s   216.692     1.530   51
r   104.152     0.010    0    20.465     0.060
r   109.640     0.010    0    19.671     0.060
r   113.510     0.010    0    19.247     0.060
r   117.027     0.010    0    18.859     0.060
r   122.472     0.010    0    18.093     0.060
r   127.655     0.010    0    17.278     0.060
r   135.366     0.010    0    16.265     0.060
r   140.128     0.010    0    15.611     0.060
r   144.149     0.010    0    15.021     0.060
r   242.273     0.010    0     8.526     0.060
r   242.994     0.010    0     8.620     0.060
r   243.716     0.010    0     8.720     0.060
r   244.460     0.010    0     8.820     0.060
r   245.239     0.010    0     8.928     0.060
r   245.975     0.010    0     9.023     0.060
r   246.734     0.010    0     9.133     0.060
r   247.520     0.010    0     9.256     0.060
r   248.608     0.010    0     9.415     0.060
r   250.316     0.010    0     9.610     0.060
r   252.045     0.010    0     9.817     0.060
r   253.795     0.010    0     9.971     0.060
r   257.680     0.010    0    10.306     0.060
r   259.914     0.010    0    10.462     0.060
r   262.137     0.010    0    10.647     0.060
r   264.733     0.010    0    10.930     0.060
r   267.510     0.010    0    11.256     0.060
r   271.040     0.010    0    11.639     0.060
r   274.747     0.010    0    12.004     0.060
r   277.528     0.010    0    12.302     0.060
r   280.576     0.010    0    12.509     0.060
r   283.126     0.010    0    12.746     0.060
r   285.530     0.010    0    12.956     0.060
r   288.420     0.010    0    13.274     0.060
r   292.469     0.010    0    13.814     0.060
r   297.582     0.010    0    14.727     0.060
r   303.285     0.010    0    15.694     0.060
r   310.159     0.010    0    16.785     0.060
r   224.517     0.010    0     4.254     0.060
r   225.238     0.010    0     4.495     0.060
r   225.972     0.010    0     4.769     0.060
r   280.097     0.010    1    13.747     0.060
r   283.602     0.010    1    13.992     0.060
r   286.652     0.010    1    14.188     0.060
r   290.039     0.010    1    14.442     0.060
r   292.948     0.010    1    14.759     0.060
r   296.498     0.010    1    15.267     0.060
r   299.728     0.010    1    15.725     0.060
r   303.597     0.010    1    16.278     0.060
r   307.814     0.010    1    16.864     0.060
r   312.505     0.010    1    17.538     0.060
r   315.627     0.010    1    18.005     0.060
s   212.751     0.500   96
r    89.794     0.010    0    22.310     0.060
r    94.664     0.010    0    21.574     0.060
r    98.298     0.010    0    20.879     0.060
r   103.068     0.010    0    20.163     0.060
r   109.792     0.010    0    19.288     0.060
r   113.051     0.010    0    18.826     0.060
r   115.765     0.010    0    18.449     0.060
r   119.407     0.010    0    17.931     0.060
r   122.148     0.010    0    17.558     0.060
r   124.687     0.010    0    17.192     0.060
r   127.655     0.010    0    16.790     0.060
r   130.693     0.010    0    16.373     0.060
r   132.458     0.010    0    16.164     0.060
r   134.240     0.010    0    15.960     0.060
r   135.044     0.010    0    15.847     0.060
r   135.843     0.010    0    15.752     0.060
r   136.634     0.010    0    15.674     0.060
r   137.425     0.010    0    15.575     0.060
r   138.528     0.010    0    15.407     0.060
r   139.330     0.010    0    15.288     0.060
r   140.129     0.010    0    15.184     0.060
r   140.930     0.010    0    15.069     0.060
r   141.740     0.010    0    14.953     0.060
r   142.541     0.010    0    14.785     0.060
r   143.340     0.010    0    14.668     0.060
r   144.149     0.010    0    14.541     0.060
r   144.948     0.010    0    14.417     0.060
r   145.758     0.010    0    14.261     0.060
r   146.567     0.010    0    14.129     0.060
r   147.355     0.010    0    14.005     0.060
r   148.154     0.010    0    13.841     0.060
r   148.955     0.010    0    13.741     0.060
r   149.746     0.010    0    13.613     0.060
r   150.537     0.010    0    13.473     0.060
r   151.310     0.010    0    13.260     0.060
r   152.093     0.010    0    13.122     0.060
r   152.872     0.010    0    12.944     0.060
r   153.634     0.010    0    12.730     0.060
r   154.388     0.010    0    12.505     0.060
r   155.156     0.010    0    12.314     0.060
r   155.928     0.010    0    12.105     0.060
r   156.695     0.010    0    11.935     0.060
r   234.112     0.010    0     7.993     0.060
r   237.832     0.010    0     8.525     0.060
r   240.295     0.010    0     8.864     0.060
r   242.994     0.010    0     9.177     0.060
r   249.085     0.010    0     9.956     0.060
r   254.096     0.010    0    10.608     0.060
r   216.995     0.010    0     2.295     0.060
r   217.693     0.010    0     2.500     0.060
r   218.456     0.010    0     2.774     0.060
r   219.185     0.010    0     3.034     0.060
r   219.871     0.010    0     3.259     0.060
r   220.554     0.010    0     3.498     0.060
r   221.223     0.010    0     3.774     0.060
r   221.928     0.010    0     4.002     0.060
r   222.635     0.010    0     4.331     0.060
r   223.356     0.010    0     4.585     0.060
r   224.076     0.010    0     4.872     0.060
r   224.808     0.010    0     5.144     0.060
r   225.529     0.010    0     5.413     0.060
r   226.274     0.010    0     5.644     0.060
r   227.005     0.010    0     5.852     0.060
r   227.737     0.010    0     6.008     0.060
r   228.461     0.010    0     6.159     0.060
r   229.179     0.010    0     6.304     0.060
r   229.883     0.010    0     6.419     0.060
r   230.576     0.010    0     6.548     0.060
r   231.283     0.010    0     6.689     0.060
r   231.988     0.010    0     6.800     0.060
r    35.444     0.010    1    29.613     0.060
r    40.305     0.010    1    28.933     0.060
r    43.973     0.010    1    28.360     0.060
r    47.114     0.010    1    27.972     0.060
r    50.260     0.010    1    27.642     0.060
r    52.605     0.010    1    27.412     0.060
r    55.652     0.010    1    27.076     0.060
r    57.495     0.010    1    26.834     0.060
r    61.172     0.010    1    26.470     0.060
r    65.251     0.010    1    25.983     0.060
r    68.770     0.010    1    25.603     0.060
r    72.512     0.010    1    25.187     0.060
r    75.753     0.010    1    24.793     0.060
r    79.157     0.010    1    24.356     0.060
r    82.411     0.010    1    23.970     0.060
r    84.923     0.010    1    23.688     0.060
r    86.968     0.010    1    23.441     0.060
r    89.013     0.010    1    23.178     0.060
r    90.260     0.010    1    23.031     0.060
r    91.029     0.010    1    22.944     0.060
r    91.821     0.010    1    22.860     0.060
r    92.604     0.010    1    22.783     0.060
r    93.400     0.010    1    22.713     0.060
r    94.188     0.010    1    22.636     0.060
r    94.979     0.010    1    22.514     0.060
r    95.778     0.010    1    22.481     0.060
s   162.784     1.140   87
r   101.232     0.010    0    13.052     0.060
r   103.372     0.010    0    12.762     0.060
r   105.727     0.010    0    12.411     0.060
r   108.543     0.010    0    11.984     0.060
r   111.354     0.010    0    11.599     0.060
r   114.309     0.010    0    11.251     0.060
r   116.876     0.010    0    10.939     0.060
r   120.213     0.010    0    10.482     0.060
r   122.798     0.010    0    10.225     0.060
r   123.583     0.010    0    10.088     0.060
r   124.368     0.010    0     9.953     0.060
r   125.162     0.010    0     9.816     0.060
r   125.947     0.010    0     9.700     0.060
r   126.722     0.010    0     9.571     0.060
r   127.493     0.010    0     9.452     0.060
r   128.281     0.010    0     9.336     0.060
r   129.086     0.010    0     9.229     0.060
r   129.888     0.010    0     9.128     0.060
r   130.693     0.010    0     9.009     0.060
r   131.491     0.010    0     8.893     0.060
r   132.296     0.010    0     8.778     0.060
r   133.101     0.010    0     8.683     0.060
r   133.913     0.010    0     8.573     0.060
r   134.725     0.010    0     8.478     0.060
r   135.530     0.010    0     8.374     0.060
r   136.307     0.010    0     8.272     0.060
r   137.098     0.010    0     8.155     0.060
r   137.900     0.010    0     8.043     0.060
r   138.688     0.010    0     7.915     0.060
r   139.490     0.010    0     7.779     0.060
r   140.291     0.010    0     7.647     0.060
r   141.090     0.010    0     7.519     0.060
r   141.900     0.010    0     7.354     0.060
r   142.701     0.010    0     7.206     0.060
r   143.503     0.010    0     7.049     0.060
r   144.309     0.010    0     6.910     0.060
r   145.111     0.010    0     6.728     0.060
r   145.917     0.010    0     6.580     0.060
r   146.716     0.010    0     6.396     0.060
r   147.679     0.010    0     6.206     0.060
r   148.478     0.010    0     6.022     0.060
r   149.266     0.010    0     5.784     0.060
r   150.059     0.010    0     5.548     0.060
r   150.850     0.010    0     5.274     0.060
r   151.622     0.010    0     4.977     0.060
r   152.397     0.010    0     4.746     0.060
r   153.172     0.010    0     4.474     0.060
r   153.932     0.010    0     4.173     0.060
r   154.687     0.010    0     3.927     0.060
r   155.452     0.010    0     3.669     0.060
r   156.369     0.010    0     3.316     0.060
r   157.127     0.010    0     3.067     0.060
r   215.921     0.010    0    11.155     0.060
r   216.357     0.010    0    11.260     0.060
r   216.976     0.010    0    11.410     0.060
r   217.691     0.010    0    11.589     0.060
r   218.455     0.010    0    11.783     0.060
r   219.185     0.010    0    11.971     0.060
r   220.148     0.010    0    12.236     0.060
r   220.820     0.010    0    12.433     0.060
r   221.500     0.010    0    12.633     0.060
r   222.204     0.010    0    12.865     0.060
r   222.925     0.010    0    13.176     0.060
r   223.646     0.010    0    13.405     0.060
r   224.366     0.010    0    13.643     0.060
r   225.098     0.010    0    13.814     0.060
r   225.829     0.010    0    14.000     0.060
r   226.564     0.010    0    14.186     0.060
r   227.295     0.010    0    14.372     0.060
r   228.027     0.010    0    14.516     0.060
r   228.748     0.010    0    14.654     0.060
r   229.458     0.010    0    14.796     0.060
r   230.159     0.010    0    14.920     0.060
r   230.856     0.010    0    15.071     0.060
r   231.700     0.010    0    15.169     0.060
r   232.407     0.010    0    15.339     0.060
r   233.125     0.010    0    15.442     0.060
r   233.832     0.010    0    15.596     0.060
r   234.948     0.010    0    15.766     0.060
r   236.239     0.010    0    15.968     0.060
r   237.691     0.010    0    16.177     0.060
r   238.885     0.010    0    16.349     0.060
r     4.056     0.010    1    27.176     0.060
r     9.751     0.010    1    26.464     0.060
r    16.248     0.010    1    25.636     0.060
r    23.820     0.010    1    24.626     0.060
r    30.130     0.010    1    23.735     0.060
s   156.702     1.950   43
r   103.523     0.010    0    11.719     0.060
r   106.831     0.010    0    11.237     0.060
r   111.354     0.010    0    10.588     0.060
r   114.309     0.010    0    10.278     0.060
r   118.132     0.010    0     9.675     0.060
r   120.052     0.010    0     9.452     0.060
r   123.422     0.010    0     9.065     0.060
r   124.369     0.010    0     8.920     0.060
r   125.163     0.010    0     8.777     0.060
r   125.948     0.010    0     8.652     0.060
r   126.722     0.010    0     8.520     0.060
r   127.494     0.010    0     8.400     0.060
r   128.282     0.010    0     8.281     0.060
r   129.087     0.010    0     8.186     0.060
r   129.888     0.010    0     8.054     0.060
r   130.693     0.010    0     7.923     0.060
r   132.132     0.010    0     7.722     0.060
r   133.263     0.010    0     7.545     0.060
r   134.078     0.010    0     7.457     0.060
r   134.890     0.010    0     7.358     0.060
r   135.681     0.010    0     7.256     0.060
r   136.472     0.010    0     7.137     0.060
r   137.263     0.010    0     7.034     0.060
r   138.052     0.010    0     6.902     0.060
r   138.853     0.010    0     6.767     0.060
r   141.252     0.010    0     6.249     0.060
r   143.988     0.010    0     5.681     0.060
r   146.244     0.010    0     5.189     0.060
r   148.003     0.010    0     4.642     0.060
r   149.582     0.010    0     4.255     0.060
r   217.999     0.010    0    12.624     0.060
r   219.731     0.010    0    13.076     0.060
r   221.223     0.010    0    13.483     0.060
r   222.774     0.010    0    14.000     0.060
r   224.076     0.010    0    14.463     0.060
r   225.679     0.010    0    14.890     0.060
r   227.737     0.010    0    15.351     0.060
r   229.458     0.010    0    15.714     0.060
r   231.423     0.010    0    16.081     0.060
r   233.692     0.010    0    16.530     0.060
r   235.809     0.010    0    16.939     0.060
r   237.982     0.010    0    17.235     0.060
r   239.969     0.010    0    17.496     0.060
s   150.731     2.860   73
r    13.027     0.010    0    23.757     0.060
r    16.738     0.010    0    23.211     0.060
r    20.377     0.010    0    22.697     0.060
r    24.290     0.010    0    22.117     0.060
r    28.217     0.010    0    21.535     0.060
r    33.643     0.010    0    20.768     0.060
r   104.629     0.010    0    10.426     0.060
r   106.680     0.010    0    10.137     0.060
r   108.544     0.010    0     9.856     0.060
r   110.418     0.010    0     9.588     0.060
r   112.129     0.010    0     9.372     0.060
r   113.833     0.010    0     9.165     0.060
r   115.441     0.010    0     8.980     0.060
r   117.027     0.010    0     8.749     0.060
r   118.443     0.010    0     8.502     0.060
r   119.729     0.010    0     8.334     0.060
r   121.022     0.010    0     8.205     0.060
r   121.832     0.010    0     8.131     0.060
r   122.633     0.010    0     8.040     0.060
r   123.422     0.010    0     7.916     0.060
r   124.207     0.010    0     7.779     0.060
r   124.998     0.010    0     7.652     0.060
r   125.786     0.010    0     7.520     0.060
r   126.560     0.010    0     7.387     0.060
r   127.342     0.010    0     7.257     0.060
r   128.120     0.010    0     7.116     0.060
r   128.921     0.010    0     6.992     0.060
r   129.737     0.010    0     6.841     0.060
r   130.528     0.010    0     6.749     0.060
r   131.330     0.010    0     6.628     0.060
r   132.132     0.010    0     6.504     0.060
r   132.947     0.010    0     6.389     0.060
r   133.752     0.010    0     6.258     0.060
r   134.564     0.010    0     6.154     0.060
r   135.366     0.010    0     6.056     0.060
r   136.157     0.010    0     5.953     0.060
r   136.948     0.010    0     5.811     0.060
r   137.739     0.010    0     5.652     0.060
r   138.527     0.010    0     5.474     0.060
r   139.329     0.010    0     5.322     0.060
r   140.128     0.010    0     5.165     0.060
r   140.930     0.010    0     5.015     0.060
r   142.379     0.010    0     4.709     0.060
r   143.178     0.010    0     4.514     0.060
r   143.987     0.010    0     4.276     0.060
r   218.902     0.010    0    13.627     0.060
r   221.096     0.010    0    14.210     0.060
r   222.925     0.010    0    14.879     0.060
r   225.238     0.010    0    15.609     0.060
r   227.586     0.010    0    16.150     0.060
r   230.575     0.010    0    16.716     0.060
r   234.388     0.010    0    17.343     0.060
r   250.162     0.010    0    19.736     0.060
r   254.878     0.010    0    20.204     0.060
r   154.246     0.010    0     3.027     0.060
r   155.466     0.010    0     3.393     0.060
r   253.173     0.010    1    21.574     0.060
r   255.971     0.010    1    21.726     0.060
r   258.328     0.010    1    21.835     0.060
r   259.753     0.010    1    21.817     0.060
r   261.490     0.010    1    21.788     0.060
r   265.383     0.010    1    22.133     0.060
r   268.637     0.010    1    22.396     0.060
r   270.394     0.010    1    22.473     0.060
r   273.293     0.010    1    22.592     0.060
r   276.226     0.010    1    22.735     0.060
r   278.974     0.010    1    22.882     0.060
r   282.021     0.010    1    23.081     0.060
r   285.530     0.010    1    23.413     0.060
r   288.262     0.010    1    23.663     0.060
r   291.343     0.010    1    23.972     0.060
r   296.194     0.010    1    24.698     0.060
r   303.128     0.010    1    25.693     0.060
s   144.754     2.970   97
r    15.271     0.010    0    22.558     0.060
r    18.656     0.010    0    22.101     0.060
r    23.343     0.010    0    21.383     0.060
r    27.117     0.010    0    20.788     0.060
r    31.237     0.010    0    20.170     0.060
r    33.807     0.010    0    19.771     0.060
r    36.906     0.010    0    19.288     0.060
r    56.107     0.010    0    16.748     0.060
r    59.482     0.010    0    16.312     0.060
r    63.286     0.010    0    15.824     0.060
r    66.167     0.010    0    15.476     0.060
r    68.770     0.010    0    15.143     0.060
r    72.043     0.010    0    14.678     0.060
r    75.143     0.010    0    14.252     0.060
r    78.848     0.010    0    13.727     0.060
r    81.940     0.010    0    13.269     0.060
r    84.286     0.010    0    12.935     0.060
r   101.843     0.010    0     9.960     0.060
r   102.613     0.010    0     9.846     0.060
r   103.372     0.010    0     9.732     0.060
r   104.152     0.010    0     9.622     0.060
r   104.946     0.010    0     9.486     0.060
r   105.727     0.010    0     9.388     0.060
r   106.518     0.010    0     9.267     0.060
r   107.295     0.010    0     9.131     0.060
r   108.084     0.010    0     9.024     0.060
r   108.855     0.010    0     8.910     0.060
r   109.640     0.010    0     8.783     0.060
r   110.418     0.010    0     8.683     0.060
r   111.192     0.010    0     8.563     0.060
r   111.978     0.010    0     8.499     0.060
r   112.749     0.010    0     8.397     0.060
r   113.510     0.010    0     8.325     0.060
r   114.309     0.010    0     8.244     0.060
r   115.118     0.010    0     8.123     0.060
r   115.925     0.010    0     7.992     0.060
r   116.715     0.010    0     7.889     0.060
r   117.497     0.010    0     7.761     0.060
r   118.293     0.010    0     7.605     0.060
r   119.081     0.010    0     7.474     0.060
r   119.890     0.010    0     7.393     0.060
r   120.697     0.010    0     7.317     0.060
r   121.509     0.010    0     7.233     0.060
r   122.311     0.010    0     7.149     0.060
r   123.110     0.010    0     7.033     0.060
r   123.895     0.010    0     6.905     0.060
r   124.686     0.010    0     6.745     0.060
r   125.474     0.010    0     6.599     0.060
r   126.249     0.010    0     6.457     0.060
r   127.031     0.010    0     6.299     0.060
r   127.805     0.010    0     6.189     0.060
r   128.607     0.010    0     6.047     0.060
r   129.412     0.010    0     5.929     0.060
r   130.214     0.010    0     5.808     0.060
r   131.018     0.010    0     5.685     0.060
r   131.806     0.010    0     5.552     0.060
r   132.622     0.010    0     5.425     0.060
r   133.426     0.010    0     5.299     0.060
r   134.239     0.010    0     5.130     0.060
r   135.043     0.010    0     4.979     0.060
r   135.842     0.010    0     4.847     0.060
r   154.545     0.010    0     4.748     0.060
r   155.314     0.010    0     4.801     0.060
r   156.087     0.010    0     4.848     0.060
r   157.004     0.010    0     4.974     0.060
r   157.751     0.010    0     5.070     0.060
r   158.628     0.010    0     5.166     0.060
r   159.583     0.010    0     5.312     0.060
r   268.158     0.010    0    22.574     0.060
r   274.911     0.010    0    23.255     0.060
r   280.098     0.010    0    23.643     0.060
r   288.262     0.010    0    24.395     0.060
r   294.497     0.010    0    25.169     0.060
r    50.575     0.010    1    18.066     0.060
r    52.906     0.010    1    17.836     0.060
r    55.652     0.010    1    17.550     0.060
r    58.718     0.010    1    17.311     0.060
r    61.619     0.010    1    16.999     0.060
r    64.636     0.010    1    16.723     0.060
r    68.461     0.010    1    16.345     0.060
r    71.893     0.010    1    15.987     0.060
r    74.393     0.010    1    15.742     0.060
r    76.677     0.010    1    15.516     0.060
r    79.318     0.010    1    15.282     0.060
r    81.478     0.010    1    15.064     0.060
r    83.984     0.010    1    14.835     0.060
r    85.865     0.010    1    14.648     0.060
r   242.119     0.010    1    21.565     0.060
r   245.239     0.010    1    21.831     0.060
r   248.458     0.010    1    22.104     0.060
r   251.574     0.010    1    22.357     0.060
r   255.187     0.010    1    22.558     0.060
r   258.479     0.010    1    22.661     0.060
r   263.272     0.010    1    22.942     0.060
r   268.158     0.010    1    23.228     0.060
r   271.683     0.010    1    23.376     0.060
r   276.226     0.010    1    23.600     0.060
s   138.753     3.070  145
r    11.208     0.010    0    22.165     0.060
r    14.945     0.010    0    21.624     0.060
r    19.129     0.010    0    21.021     0.060
r    22.251     0.010    0    20.574     0.060
r    26.328     0.010    0    19.975     0.060
r    29.019     0.010    0    19.609     0.060
r    32.844     0.010    0    19.032     0.060
r    35.766     0.010    0    18.561     0.060
r    38.192     0.010    0    18.181     0.060
r    41.287     0.010    0    17.731     0.060
r    44.449     0.010    0    17.286     0.060
r    47.114     0.010    0    16.924     0.060
r    49.471     0.010    0    16.640     0.060
r    52.906     0.010    0    16.191     0.060
r    57.495     0.010    0    15.633     0.060
r    60.717     0.010    0    15.238     0.060
r    63.440     0.010    0    14.872     0.060
r    66.009     0.010    0    14.560     0.060
r    69.082     0.010    0    14.155     0.060
r    71.110     0.010    0    13.893     0.060
r    73.769     0.010    0    13.524     0.060
r    76.830     0.010    0    13.094     0.060
r    79.932     0.010    0    12.661     0.060
r    84.135     0.010    0    12.018     0.060
r    87.756     0.010    0    11.431     0.060
r    91.029     0.010    0    10.953     0.060
r    94.826     0.010    0    10.483     0.060
r    95.617     0.010    0    10.279     0.060
r    96.416     0.010    0    10.098     0.060
r    97.204     0.010    0     9.921     0.060
r    97.989     0.010    0     9.745     0.060
r    98.768     0.010    0     9.566     0.060
r    99.540     0.010    0     9.385     0.060
r   100.314     0.010    0     9.265     0.060
r   101.081     0.010    0     9.146     0.060
r   101.843     0.010    0     9.016     0.060
r   102.613     0.010    0     8.891     0.060
r   103.372     0.010    0     8.775     0.060
r   104.153     0.010    0     8.675     0.060
r   104.947     0.010    0     8.556     0.060
r   105.727     0.010    0     8.440     0.060
r   106.518     0.010    0     8.333     0.060
r   107.296     0.010    0     8.209     0.060
r   108.084     0.010    0     8.054     0.060
r   108.856     0.010    0     7.977     0.060
r   109.641     0.010    0     7.821     0.060
r   110.418     0.010    0     7.717     0.060
r   111.193     0.010    0     7.626     0.060
r   111.978     0.010    0     7.529     0.060
r   112.749     0.010    0     7.420     0.060
r   113.510     0.010    0     7.359     0.060
r   114.309     0.010    0     7.263     0.060
r   115.119     0.010    0     7.145     0.060
r   115.925     0.010    0     7.013     0.060
r   116.715     0.010    0     6.885     0.060
r   117.497     0.010    0     6.749     0.060
r   118.293     0.010    0     6.590     0.060
r   119.081     0.010    0     6.460     0.060
r   119.890     0.010    0     6.364     0.060
r   120.697     0.010    0     6.278     0.060
r   121.509     0.010    0     6.187     0.060
r   122.311     0.010    0     6.098     0.060
r   123.110     0.010    0     5.975     0.060
r   123.895     0.010    0     5.832     0.060
r   124.686     0.010    0     5.700     0.060
r   125.474     0.010    0     5.544     0.060
r   126.248     0.010    0     5.405     0.060
r   127.030     0.010    0     5.253     0.060
r   127.804     0.010    0     5.101     0.060
r   128.606     0.010    0     4.969     0.060
r   129.411     0.010    0     4.826     0.060
r   130.528     0.010    0     4.558     0.060
r   144.785     0.010    0     4.260     0.060
r   145.595     0.010    0     4.453     0.060
r   146.404     0.010    0     4.628     0.060
r   147.203     0.010    0     4.786     0.060
r   148.002     0.010    0     4.938     0.060
r   148.793     0.010    0     5.097     0.060
r   149.581     0.010    0     5.248     0.060
r   150.375     0.010    0     5.379     0.060
r   151.155     0.010    0     5.515     0.060
r   151.931     0.010    0     5.640     0.060
r   152.717     0.010    0     5.739     0.060
r   153.479     0.010    0     5.857     0.060
r   154.244     0.010    0     5.932     0.060
r   155.002     0.010    0     5.943     0.060
r   155.767     0.010    0     5.966     0.060
r   156.545     0.010    0     6.083     0.060
r   157.300     0.010    0     6.186     0.060
r   158.039     0.010    0     6.264     0.060
r   158.897     0.010    0     6.353     0.060
r   159.684     0.010    0     6.451     0.060
r   160.533     0.010    0     6.510     0.060
r   218.455     0.010    0    15.369     0.060
r   220.820     0.010    0    16.034     0.060
r   223.064     0.010    0    16.698     0.060
r   224.807     0.010    0    17.237     0.060
r   227.005     0.010    0    17.803     0.060
r   229.027     0.010    0    18.212     0.060
r   231.987     0.010    0    18.743     0.060
r   235.098     0.010    0    19.260     0.060
r   238.885     0.010    0    19.792     0.060
r   258.965     0.010    0    22.267     0.060
r   263.745     0.010    0    22.733     0.060
r   270.712     0.010    0    23.722     0.060
r   276.226     0.010    0    24.093     0.060
r   280.891     0.010    0    24.468     0.060
r   286.488     0.010    0    24.950     0.060
r   293.718     0.010    0    25.824     0.060
r   298.357     0.010    0    26.583     0.060
r   302.816     0.010    0    27.208     0.060
r     3.393     0.010    1    23.336     0.060
r     6.340     0.010    1    22.972     0.060
r     9.429     0.010    1    22.588     0.060
r    12.378     0.010    1    22.235     0.060
r    14.783     0.010    1    21.950     0.060
r    17.235     0.010    1    21.624     0.060
r    20.216     0.010    1    21.262     0.060
r    23.193     0.010    1    20.928     0.060
r    26.794     0.010    1    20.426     0.060
r    31.075     0.010    1    19.848     0.060
r    34.943     0.010    1    19.356     0.060
r    39.170     0.010    1    18.749     0.060
r    51.357     0.010    1    17.211     0.060
r    54.734     0.010    1    16.789     0.060
r    57.344     0.010    1    16.511     0.060
r    60.257     0.010    1    16.194     0.060
r    63.734     0.010    1    15.891     0.060
r    66.621     0.010    1    15.621     0.060
r    69.394     0.010    1    15.404     0.060
r    72.207     0.010    1    15.099     0.060
r    76.372     0.010    1    14.674     0.060
r    80.703     0.010    1    14.312     0.060
r   234.808     0.010    1    21.609     0.060
r   241.507     0.010    1    22.168     0.060
r   246.269     0.010    1    22.522     0.060
r   250.470     0.010    1    22.826     0.060
r   255.186     0.010    1    23.056     0.060
r   258.640     0.010    1    23.253     0.060
r   264.561     0.010    1    23.652     0.060
r   268.473     0.010    1    23.934     0.060
r   272.810     0.010    1    24.227     0.060
r   277.679     0.010    1    24.494     0.060
r   281.217     0.010    1    24.705     0.060
r   284.890     0.010    1    24.967     0.060
s   132.785     2.760  115
r    66.782     0.010    0    13.637     0.060
r    69.545     0.010    0    13.263     0.060
r    72.043     0.010    0    12.905     0.060
r    74.992     0.010    0    12.500     0.060
r    78.074     0.010    0    12.066     0.060
r    81.166     0.010    0    11.608     0.060
r    85.074     0.010    0    11.047     0.060
r    87.757     0.010    0    10.628     0.060
r    90.410     0.010    0    10.243     0.060
r    92.916     0.010    0     9.886     0.060
r    95.140     0.010    0     9.478     0.060
r    98.459     0.010    0     8.695     0.060
r   102.298     0.010    0     8.046     0.060
r   106.367     0.010    0     7.404     0.060
r   109.791     0.010    0     6.903     0.060
r   112.749     0.010    0     6.488     0.060
r   115.118     0.010    0     6.212     0.060
r   115.925     0.010    0     6.076     0.060
r   116.715     0.010    0     5.952     0.060
r   117.497     0.010    0     5.799     0.060
r   118.293     0.010    0     5.665     0.060
r   119.081     0.010    0     5.505     0.060
r   119.890     0.010    0     5.397     0.060
r   120.697     0.010    0     5.301     0.060
r   121.509     0.010    0     5.202     0.060
r   122.311     0.010    0     5.103     0.060
r   123.271     0.010    0     4.940     0.060
r   124.046     0.010    0     4.740     0.060
r   124.837     0.010    0     4.548     0.060
r   125.635     0.010    0     4.335     0.060
r   126.410     0.010    0     4.119     0.060
r   139.492     0.010    0     4.466     0.060
r   140.294     0.010    0     4.696     0.060
r   141.092     0.010    0     4.851     0.060
r   141.901     0.010    0     5.030     0.060
r   142.703     0.010    0     5.213     0.060
r   143.505     0.010    0     5.369     0.060
r   144.311     0.010    0     5.490     0.060
r   145.113     0.010    0     5.638     0.060
r   145.919     0.010    0     5.771     0.060
r   146.717     0.010    0     5.913     0.060
r   147.516     0.010    0     6.041     0.060
r   148.318     0.010    0     6.173     0.060
r   149.116     0.010    0     6.309     0.060
r   149.907     0.010    0     6.431     0.060
r   150.691     0.010    0     6.557     0.060
r   151.471     0.010    0     6.663     0.060
r   152.247     0.010    0     6.746     0.060
r   153.023     0.010    0     6.817     0.060
r   153.789     0.010    0     6.938     0.060
r   154.544     0.010    0     6.978     0.060
r   155.312     0.010    0     6.955     0.060
r   156.085     0.010    0     7.037     0.060
r   156.849     0.010    0     7.141     0.060
r   157.598     0.010    0     7.212     0.060
r   158.339     0.010    0     7.275     0.060
r   159.041     0.010    0     7.347     0.060
r   275.902     0.010    0    24.740     0.060
r   279.612     0.010    0    25.064     0.060
r   282.973     0.010    0    25.432     0.060
r   286.814     0.010    0    25.766     0.060
r   290.527     0.010    0    26.310     0.060
r   293.414     0.010    0    26.780     0.060
r   298.194     0.010    0    27.583     0.060
r     4.379     0.010    1    22.390     0.060
r     5.205     0.010    1    22.328     0.060
r     6.029     0.010    1    22.225     0.060
r     6.825     0.010    1    22.137     0.060
r     7.629     0.010    1    22.041     0.060
r     8.441     0.010    1    21.931     0.060
r     9.268     0.010    1    21.822     0.060
r    10.075     0.010    1    21.720     0.060
r    11.044     0.010    1    21.568     0.060
r    12.042     0.010    1    21.466     0.060
r    12.866     0.010    1    21.362     0.060
r    13.656     0.010    1    21.256     0.060
r    14.458     0.010    1    21.159     0.060
r    15.271     0.010    1    21.066     0.060
r    16.087     0.010    1    20.970     0.060
r    16.910     0.010    1    20.880     0.060
r    17.709     0.010    1    20.758     0.060
r    18.502     0.010    1    20.662     0.060
r    19.291     0.010    1    20.558     0.060
r    20.065     0.010    1    20.447     0.060
r    20.843     0.010    1    20.339     0.060
r    21.635     0.010    1    20.224     0.060
r    22.402     0.010    1    20.115     0.060
r    23.193     0.010    1    20.005     0.060
r    23.981     0.010    1    19.892     0.060
r    24.761     0.010    1    19.789     0.060
r    25.543     0.010    1    19.679     0.060
r    26.329     0.010    1    19.579     0.060
r    27.117     0.010    1    19.481     0.060
r    27.906     0.010    1    19.394     0.060
r    51.357     0.010    1    16.354     0.060
r    52.293     0.010    1    16.235     0.060
r    53.219     0.010    1    16.137     0.060
r    53.975     0.010    1    16.067     0.060
r    54.734     0.010    1    16.001     0.060
r    55.501     0.010    1    15.935     0.060
r    56.261     0.010    1    15.852     0.060
r    57.032     0.010    1    15.765     0.060
r    57.807     0.010    1    15.691     0.060
r    58.719     0.010    1    15.597     0.060
r    59.483     0.010    1    15.520     0.060
r    60.257     0.010    1    15.476     0.060
r    61.021     0.010    1    15.386     0.060
r    61.773     0.010    1    15.315     0.060
r    62.532     0.010    1    15.265     0.060
r    63.440     0.010    1    15.178     0.060
r    64.181     0.010    1    15.135     0.060
r    65.251     0.010    1    15.016     0.060
r   261.977     0.010    1    24.408     0.060
r   271.041     0.010    1    25.062     0.060
r   281.056     0.010    1    25.720     0.060
s   126.796     2.690  118
r     7.790     0.010    0    21.149     0.060
r    11.881     0.010    0    20.604     0.060
r    25.543     0.010    0    18.576     0.060
r    28.544     0.010    0    18.118     0.060
r    31.388     0.010    0    17.687     0.060
r    33.808     0.010    0    17.311     0.060
r    36.584     0.010    0    16.901     0.060
r    61.021     0.010    0    13.595     0.060
r    62.990     0.010    0    13.333     0.060
r    65.708     0.010    0    12.926     0.060
r    68.149     0.010    0    12.617     0.060
r    70.799     0.010    0    12.286     0.060
r    72.827     0.010    0    11.986     0.060
r    76.058     0.010    0    11.502     0.060
r    79.158     0.010    0    11.068     0.060
r    80.233     0.010    0    10.908     0.060
r    82.261     0.010    0    10.599     0.060
r    84.762     0.010    0    10.192     0.060
r    87.284     0.010    0     9.792     0.060
r    89.945     0.010    0     9.409     0.060
r    93.239     0.010    0     8.939     0.060
r    96.252     0.010    0     8.409     0.060
r    99.070     0.010    0     7.768     0.060
r   102.918     0.010    0     7.085     0.060
r   106.043     0.010    0     6.602     0.060
r   110.104     0.010    0     5.946     0.060
r   112.750     0.010    0     5.568     0.060
r   114.310     0.010    0     5.400     0.060
r   115.603     0.010    0     5.168     0.060
r   116.877     0.010    0     4.933     0.060
r   118.132     0.010    0     4.636     0.060
r   120.052     0.010    0     4.283     0.060
r   133.262     0.010    0     4.274     0.060
r   134.077     0.010    0     4.481     0.060
r   134.890     0.010    0     4.703     0.060
r   135.681     0.010    0     4.912     0.060
r   136.472     0.010    0     5.108     0.060
r   137.263     0.010    0     5.287     0.060
r   138.051     0.010    0     5.456     0.060
r   138.853     0.010    0     5.634     0.060
r   139.654     0.010    0     5.783     0.060
r   140.453     0.010    0     5.912     0.060
r   141.252     0.010    0     6.040     0.060
r   142.064     0.010    0     6.180     0.060
r   142.866     0.010    0     6.315     0.060
r   143.664     0.010    0     6.437     0.060
r   144.474     0.010    0     6.564     0.060
r   145.273     0.010    0     6.691     0.060
r   146.082     0.010    0     6.815     0.060
r   146.881     0.010    0     6.945     0.060
r   147.679     0.010    0     7.072     0.060
r   148.478     0.010    0     7.200     0.060
r   149.266     0.010    0     7.322     0.060
r   150.060     0.010    0     7.453     0.060
r   150.851     0.010    0     7.549     0.060
r   151.624     0.010    0     7.664     0.060
r   152.399     0.010    0     7.751     0.060
r   153.175     0.010    0     7.814     0.060
r   153.937     0.010    0     7.908     0.060
r   154.695     0.010    0     7.897     0.060
r   155.463     0.010    0     7.948     0.060
r   156.233     0.010    0     7.988     0.060
r   157.000     0.010    0     8.090     0.060
r   157.744     0.010    0     8.158     0.060
r   158.467     0.010    0     8.195     0.060
r   159.159     0.010    0     8.306     0.060
r   159.785     0.010    0     8.368     0.060
r   270.238     0.010    0    25.285     0.060
r   272.971     0.010    0    25.492     0.060
r    12.379     0.010    1    20.675     0.060
r    15.271     0.010    1    20.311     0.060
r    18.656     0.010    1    19.863     0.060
r    21.635     0.010    1    19.474     0.060
r    26.017     0.010    1    18.860     0.060
r    29.184     0.010    1    18.423     0.060
r    32.358     0.010    1    17.961     0.060
r    35.606     0.010    1    17.524     0.060
r    38.357     0.010    1    17.161     0.060
r    40.792     0.010    1    16.819     0.060
r    44.127     0.010    1    16.395     0.060
r    46.173     0.010    1    16.128     0.060
r    48.372     0.010    1    15.908     0.060
r    50.414     0.010    1    15.750     0.060
r    52.294     0.010    1    15.603     0.060
r    53.068     0.010    1    15.537     0.060
r    53.822     0.010    1    15.418     0.060
r    54.581     0.010    1    15.344     0.060
r    55.340     0.010    1    15.278     0.060
r    56.107     0.010    1    15.191     0.060
r    56.882     0.010    1    15.101     0.060
r    57.958     0.010    1    15.007     0.060
r    58.719     0.010    1    14.895     0.060
r    59.483     0.010    1    14.822     0.060
r    60.257     0.010    1    14.751     0.060
r    61.021     0.010    1    14.705     0.060
r    61.773     0.010    1    14.636     0.060
r    62.532     0.010    1    14.544     0.060
r    63.287     0.010    1    14.497     0.060
r    64.041     0.010    1    14.430     0.060
r    64.795     0.010    1    14.385     0.060
r    65.547     0.010    1    14.320     0.060
r    66.315     0.010    1    14.254     0.060
r    67.078     0.010    1    14.187     0.060
r    67.845     0.010    1    14.099     0.060
r    68.620     0.010    1    14.067     0.060
r    69.394     0.010    1    14.026     0.060
r    70.172     0.010    1    13.957     0.060
r    70.949     0.010    1    13.930     0.060
r    71.732     0.010    1    13.809     0.060
r    72.512     0.010    1    13.772     0.060
r   250.470     0.010    1    24.404     0.060
r   253.327     0.010    1    24.536     0.060
r   257.842     0.010    1    24.830     0.060
r   263.111     0.010    1    25.175     0.060
r   268.473     0.010    1    25.732     0.060
r   271.519     0.010    1    25.950     0.060
r   274.422     0.010    1    26.079     0.060
r   278.488     0.010    1    26.263     0.060
s   120.860     2.780  157
r    29.822     0.010    0    16.943     0.060
r    32.683     0.010    0    16.521     0.060
r    34.943     0.010    0    16.170     0.060
r    38.193     0.010    0    15.663     0.060
r    40.469     0.010    0    15.349     0.060
r    57.957     0.010    0    12.886     0.060
r    60.408     0.010    0    12.608     0.060
r    64.181     0.010    0    12.108     0.060
r    67.694     0.010    0    11.628     0.060
r    69.232     0.010    0    11.425     0.060
r    70.322     0.010    0    11.270     0.060
r    71.731     0.010    0    11.081     0.060
r    72.512     0.010    0    10.951     0.060
r    73.300     0.010    0    10.853     0.060
r    74.091     0.010    0    10.743     0.060
r    74.845     0.010    0    10.629     0.060
r    75.603     0.010    0    10.517     0.060
r    76.373     0.010    0    10.439     0.060
r    77.142     0.010    0    10.314     0.060
r    77.912     0.010    0    10.196     0.060
r    78.698     0.010    0    10.095     0.060
r    79.469     0.010    0     9.988     0.060
r    80.233     0.010    0     9.862     0.060
r    81.015     0.010    0     9.759     0.060
r    81.790     0.010    0     9.636     0.060
r    82.562     0.010    0     9.546     0.060
r    83.354     0.010    0     9.414     0.060
r    84.135     0.010    0     9.286     0.060
r    84.923     0.010    0     9.158     0.060
r    85.714     0.010    0     8.994     0.060
r    86.492     0.010    0     8.865     0.060
r    87.283     0.010    0     8.775     0.060
r    88.071     0.010    0     8.651     0.060
r    88.852     0.010    0     8.591     0.060
r    89.633     0.010    0     8.435     0.060
r    90.410     0.010    0     8.315     0.060
r    91.194     0.010    0     8.203     0.060
r    91.974     0.010    0     8.095     0.060
r    92.765     0.010    0     7.946     0.060
r    93.551     0.010    0     7.817     0.060
r    94.352     0.010    0     7.707     0.060
r    95.141     0.010    0     7.564     0.060
r    95.939     0.010    0     7.450     0.060
r    96.728     0.010    0     7.206     0.060
r    97.516     0.010    0     7.026     0.060
r    98.298     0.010    0     6.814     0.060
r    99.070     0.010    0     6.663     0.060
r    99.841     0.010    0     6.478     0.060
r   100.616     0.010    0     6.302     0.060
r   101.385     0.010    0     6.179     0.060
r   102.148     0.010    0     6.064     0.060
r   102.917     0.010    0     5.936     0.060
r   103.684     0.010    0     5.821     0.060
r   104.468     0.010    0     5.700     0.060
r   105.259     0.010    0     5.569     0.060
r   106.042     0.010    0     5.439     0.060
r   106.830     0.010    0     5.318     0.060
r   107.608     0.010    0     5.215     0.060
r   108.396     0.010    0     5.059     0.060
r   109.167     0.010    0     4.931     0.060
r   109.953     0.010    0     4.803     0.060
r   110.730     0.010    0     4.664     0.060
r   111.505     0.010    0     4.529     0.060
r   112.290     0.010    0     4.413     0.060
r   113.672     0.010    0     4.152     0.060
r   114.796     0.010    0     3.855     0.060
r   129.250     0.010    0     4.672     0.060
r   130.052     0.010    0     4.803     0.060
r   130.853     0.010    0     4.942     0.060
r   131.655     0.010    0     5.088     0.060
r   132.457     0.010    0     5.241     0.060
r   133.261     0.010    0     5.369     0.060
r   134.077     0.010    0     5.525     0.060
r   134.889     0.010    0     5.678     0.060
r   135.680     0.010    0     5.845     0.060
r   136.471     0.010    0     5.985     0.060
r   137.262     0.010    0     6.157     0.060
r   138.050     0.010    0     6.307     0.060
r   138.852     0.010    0     6.478     0.060
r   139.654     0.010    0     6.628     0.060
r   140.453     0.010    0     6.765     0.060
r   141.251     0.010    0     6.901     0.060
r   142.064     0.010    0     7.044     0.060
r   142.865     0.010    0     7.178     0.060
r   143.664     0.010    0     7.268     0.060
r   144.474     0.010    0     7.397     0.060
r   145.272     0.010    0     7.528     0.060
r   146.082     0.010    0     7.662     0.060
r   146.880     0.010    0     7.794     0.060
r   147.679     0.010    0     7.880     0.060
r   148.478     0.010    0     8.004     0.060
r   149.266     0.010    0     8.119     0.060
r   150.060     0.010    0     8.205     0.060
r   150.851     0.010    0     8.308     0.060
r   151.623     0.010    0     8.435     0.060
r   152.399     0.010    0     8.528     0.060
r   153.479     0.010    0     8.639     0.060
r   233.125     0.010    0    21.874     0.060
r   236.813     0.010    0    22.400     0.060
r   281.381     0.010    0    27.024     0.060
r   286.327     0.010    0    27.432     0.060
r   291.830     0.010    0    28.029     0.060
r   294.812     0.010    0    28.522     0.060
r   299.421     0.010    0    29.290     0.060
r   304.221     0.010    0    30.031     0.060
r   126.722     0.010    0     4.104     0.060
r   127.805     0.010    0     4.346     0.060
r   128.771     0.010    0     4.551     0.060
r    13.185     0.010    1    19.591     0.060
r    13.978     0.010    1    19.496     0.060
r    14.784     0.010    1    19.393     0.060
r    15.599     0.010    1    19.302     0.060
r    16.412     0.010    1    19.218     0.060
r    17.236     0.010    1    19.082     0.060
r    18.032     0.010    1    19.003     0.060
r    18.817     0.010    1    18.934     0.060
r    19.602     0.010    1    18.854     0.060
r    20.377     0.010    1    18.650     0.060
r    21.158     0.010    1    18.600     0.060
r    21.947     0.010    1    18.500     0.060
r    22.717     0.010    1    18.442     0.060
r    23.505     0.010    1    18.287     0.060
r    24.291     0.010    1    18.187     0.060
r    25.073     0.010    1    18.088     0.060
r    25.856     0.010    1    17.967     0.060
r    26.641     0.010    1    17.867     0.060
r    27.432     0.010    1    17.747     0.060
r    28.218     0.010    1    17.633     0.060
r    29.020     0.010    1    17.528     0.060
r    29.822     0.010    1    17.431     0.060
r    30.610     0.010    1    17.331     0.060
r    31.388     0.010    1    17.206     0.060
r    32.196     0.010    1    17.098     0.060
r    33.006     0.010    1    16.924     0.060
r    33.808     0.010    1    16.878     0.060
r    34.617     0.010    1    16.754     0.060
r    35.444     0.010    1    16.649     0.060
r    36.254     0.010    1    16.532     0.060
r    37.057     0.010    1    16.413     0.060
r    37.870     0.010    1    16.267     0.060
r    38.680     0.010    1    16.190     0.060
r    39.492     0.010    1    16.035     0.060
r    40.305     0.010    1    15.976     0.060
r    41.128     0.010    1    15.828     0.060
r    41.921     0.010    1    15.751     0.060
r    42.731     0.010    1    15.647     0.060
r    57.957     0.010    1    14.045     0.060
r    60.408     0.010    1    13.842     0.060
r    62.990     0.010    1    13.599     0.060
r    66.009     0.010    1    13.318     0.060
r   251.727     0.010    1    25.139     0.060
r   255.187     0.010    1    25.348     0.060
r   258.167     0.010    1    25.506     0.060
r   261.178     0.010    1    25.684     0.060
r   263.584     0.010    1    25.889     0.060
r   267.510     0.010    1    26.302     0.060
r   272.162     0.010    1    26.672     0.060
s   114.812     2.610  148
r    27.745     0.010    0    16.420     0.060
r    31.878     0.010    0    15.823     0.060
r    36.092     0.010    0    15.177     0.060
r    40.305     0.010    0    14.518     0.060
r    56.107     0.010    0    12.303     0.060
r    58.869     0.010    0    11.929     0.060
r    59.644     0.010    0    11.839     0.060
r    60.408     0.010    0    11.763     0.060
r    61.172     0.010    0    11.649     0.060
r    61.923     0.010    0    11.551     0.060
r    62.686     0.010    0    11.441     0.060
r    63.440     0.010    0    11.318     0.060
r    64.181     0.010    0    11.239     0.060
r    65.251     0.010    0    11.089     0.060
r    66.009     0.010    0    10.978     0.060
r    66.782     0.010    0    10.871     0.060
r    67.533     0.010    0    10.783     0.060
r    68.310     0.010    0    10.680     0.060
r    69.082     0.010    0    10.596     0.060
r    69.860     0.010    0    10.492     0.060
r    70.637     0.010    0    10.378     0.060
r    71.423     0.010    0    10.256     0.060
r    72.208     0.010    0    10.173     0.060
r    72.988     0.010    0    10.057     0.060
r    73.769     0.010    0     9.942     0.060
r    74.543     0.010    0     9.830     0.060
r    75.294     0.010    0     9.695     0.060
r    76.222     0.010    0     9.575     0.060
r    77.143     0.010    0     9.456     0.060
r    77.912     0.010    0     9.343     0.060
r    78.698     0.010    0     9.208     0.060
r    79.469     0.010    0     9.117     0.060
r    80.233     0.010    0     8.998     0.060
r    81.016     0.010    0     8.882     0.060
r    81.790     0.010    0     8.750     0.060
r    82.562     0.010    0     8.595     0.060
r    83.355     0.010    0     8.481     0.060
r    84.135     0.010    0     8.330     0.060
r    84.923     0.010    0     8.234     0.060
r    85.715     0.010    0     8.094     0.060
r    86.492     0.010    0     7.961     0.060
r    87.595     0.010    0     7.777     0.060
r    88.386     0.010    0     7.654     0.060
r    89.164     0.010    0     7.526     0.060
r    89.944     0.010    0     7.439     0.060
r    90.725     0.010    0     7.337     0.060
r    91.508     0.010    0     7.208     0.060
r    92.289     0.010    0     7.051     0.060
r    93.077     0.010    0     6.944     0.060
r    93.876     0.010    0     6.847     0.060
r    94.664     0.010    0     6.737     0.060
r    95.452     0.010    0     6.636     0.060
r    96.089     0.010    0     6.348     0.060
r    96.881     0.010    0     6.155     0.060
r    97.676     0.010    0     5.937     0.060
r    98.459     0.010    0     5.759     0.060
r    99.228     0.010    0     5.602     0.060
r   100.002     0.010    0     5.454     0.060
r   100.777     0.010    0     5.312     0.060
r   101.536     0.010    0     5.173     0.060
r   102.297     0.010    0     5.027     0.060
r   103.067     0.010    0     4.899     0.060
r   103.836     0.010    0     4.772     0.060
r   104.627     0.010    0     4.622     0.060
r   105.421     0.010    0     4.456     0.060
r   106.200     0.010    0     4.294     0.060
r   106.988     0.010    0     4.122     0.060
r   107.765     0.010    0     3.964     0.060
r   122.959     0.010    0     4.608     0.060
r   123.734     0.010    0     4.809     0.060
r   124.522     0.010    0     4.985     0.060
r   125.313     0.010    0     5.117     0.060
r   126.098     0.010    0     5.268     0.060
r   126.872     0.010    0     5.422     0.060
r   127.654     0.010    0     5.531     0.060
r   128.445     0.010    0     5.671     0.060
r   129.250     0.010    0     5.803     0.060
r   130.052     0.010    0     5.918     0.060
r   130.854     0.010    0     6.057     0.060
r   131.656     0.010    0     6.187     0.060
r   132.457     0.010    0     6.305     0.060
r   133.262     0.010    0     6.479     0.060
r   134.078     0.010    0     6.627     0.060
r   134.890     0.010    0     6.776     0.060
r   135.681     0.010    0     6.923     0.060
r   136.472     0.010    0     7.064     0.060
r   137.263     0.010    0     7.234     0.060
r   138.051     0.010    0     7.354     0.060
r   138.853     0.010    0     7.547     0.060
r   139.655     0.010    0     7.678     0.060
r   140.454     0.010    0     7.794     0.060
r   141.252     0.010    0     7.919     0.060
r   142.065     0.010    0     8.051     0.060
r   142.866     0.010    0     8.161     0.060
r   143.665     0.010    0     8.286     0.060
r   144.474     0.010    0     8.382     0.060
r   145.273     0.010    0     8.512     0.060
r   146.082     0.010    0     8.648     0.060
r   146.881     0.010    0     8.790     0.060
r   147.680     0.010    0     8.879     0.060
r   148.478     0.010    0     9.024     0.060
r   149.266     0.010    0     9.086     0.060
r   150.061     0.010    0     9.209     0.060
r   150.852     0.010    0     9.304     0.060
r   151.778     0.010    0     9.435     0.060
r   227.436     0.010    0    21.572     0.060
r   231.560     0.010    0    22.297     0.060
r   235.530     0.010    0    22.862     0.060
r   239.190     0.010    0    23.412     0.060
r   242.995     0.010    0    23.937     0.060
r   247.671     0.010    0    24.521     0.060
r   273.777     0.010    0    27.292     0.060
r   277.840     0.010    0    27.725     0.060
r   283.452     0.010    0    28.161     0.060
r   287.464     0.010    0    28.480     0.060
r   292.145     0.010    0    29.051     0.060
r   296.195     0.010    0    29.646     0.060
r    18.503     0.010    1    18.132     0.060
r    19.291     0.010    1    18.098     0.060
r    20.066     0.010    1    17.991     0.060
r    20.844     0.010    1    17.872     0.060
r    21.635     0.010    1    17.755     0.060
r    22.402     0.010    1    17.654     0.060
r    23.194     0.010    1    17.543     0.060
r    23.982     0.010    1    17.444     0.060
r    24.761     0.010    1    17.357     0.060
r    25.544     0.010    1    17.239     0.060
r    26.329     0.010    1    17.132     0.060
r    27.118     0.010    1    17.029     0.060
r    27.906     0.010    1    16.980     0.060
r    28.694     0.010    1    16.815     0.060
r    29.497     0.010    1    16.711     0.060
r    30.285     0.010    1    16.617     0.060
r    31.076     0.010    1    16.495     0.060
r    31.878     0.010    1    16.407     0.060
r    32.683     0.010    1    16.314     0.060
r    33.482     0.010    1    16.189     0.060
r    34.292     0.010    1    16.074     0.060
r    35.108     0.010    1    15.943     0.060
r    35.931     0.010    1    15.879     0.060
r    36.746     0.010    1    15.733     0.060
r    37.545     0.010    1    15.622     0.060
r    38.357     0.010    1    15.527     0.060
r    39.170     0.010    1    15.440     0.060
r    39.983     0.010    1    15.285     0.060
r    40.792     0.010    1    15.200     0.060
r    41.599     0.010    1    15.085     0.060
r    42.419     0.010    1    15.041     0.060
s   108.860     2.420  189
r    11.706     0.010    0    18.023     0.060
r    12.544     0.010    0    17.875     0.060
r    13.347     0.010    0    17.758     0.060
r    14.143     0.010    0    17.645     0.060
r    14.946     0.010    0    17.546     0.060
r    15.751     0.010    0    17.393     0.060
r    16.738     0.010    0    17.255     0.060
r    17.559     0.010    0    17.132     0.060
r    18.656     0.010    0    16.979     0.060
r    19.442     0.010    0    16.868     0.060
r    20.532     0.010    0    16.697     0.060
r    21.320     0.010    0    16.583     0.060
r    22.101     0.010    0    16.451     0.060
r    22.878     0.010    0    16.338     0.060
r    23.656     0.010    0    16.216     0.060
r    24.600     0.010    0    16.070     0.060
r    25.705     0.010    0    15.907     0.060
r    26.480     0.010    0    15.777     0.060
r    27.268     0.010    0    15.681     0.060
r    28.379     0.010    0    15.497     0.060
r    29.184     0.010    0    15.359     0.060
r    29.973     0.010    0    15.270     0.060
r    30.922     0.010    0    15.121     0.060
r    31.714     0.010    0    15.032     0.060
r    32.522     0.010    0    14.909     0.060
r    33.318     0.010    0    14.800     0.060
r    34.131     0.010    0    14.662     0.060
r    34.943     0.010    0    14.561     0.060
r    35.767     0.010    0    14.411     0.060
r    37.545     0.010    0    14.114     0.060
r    39.983     0.010    0    13.682     0.060
r    42.419     0.010    0    13.316     0.060
r    44.288     0.010    0    12.985     0.060
r    47.591     0.010    0    12.503     0.060
r    51.048     0.010    0    12.063     0.060
r    53.068     0.010    0    11.841     0.060
r    54.126     0.010    0    11.731     0.060
r    56.107     0.010    0    11.473     0.060
r    56.882     0.010    0    11.363     0.060
r    57.656     0.010    0    11.267     0.060
r    58.410     0.010    0    11.186     0.060
r    59.178     0.010    0    11.095     0.060
r    59.945     0.010    0    10.994     0.060
r    60.717     0.010    0    10.880     0.060
r    61.469     0.010    0    10.782     0.060
r    62.228     0.010    0    10.674     0.060
r    62.990     0.010    0    10.575     0.060
r    63.734     0.010    0    10.471     0.060
r    64.485     0.010    0    10.373     0.060
r    65.251     0.010    0    10.278     0.060
r    66.009     0.010    0    10.168     0.060
r    66.783     0.010    0    10.080     0.060
r    67.694     0.010    0     9.947     0.060
r    68.461     0.010    0     9.854     0.060
r    69.233     0.010    0     9.760     0.060
r    70.007     0.010    0     9.658     0.060
r    70.799     0.010    0     9.529     0.060
r    71.573     0.010    0     9.421     0.060
r    72.358     0.010    0     9.302     0.060
r    73.139     0.010    0     9.196     0.060
r    73.930     0.010    0     9.070     0.060
r    74.694     0.010    0     8.952     0.060
r    75.442     0.010    0     8.848     0.060
r    76.222     0.010    0     8.729     0.060
r    76.992     0.010    0     8.622     0.060
r    77.762     0.010    0     8.494     0.060
r    78.536     0.010    0     8.395     0.060
r    79.319     0.010    0     8.280     0.060
r    80.083     0.010    0     8.161     0.060
r    80.854     0.010    0     8.052     0.060
r    81.629     0.010    0     7.918     0.060
r    82.723     0.010    0     7.740     0.060
r    83.508     0.010    0     7.601     0.060
r    84.286     0.010    0     7.465     0.060
r    85.074     0.010    0     7.337     0.060
r    85.865     0.010    0     7.205     0.060
r    86.656     0.010    0     7.074     0.060
r    87.445     0.010    0     6.946     0.060
r    88.233     0.010    0     6.818     0.060
r    89.013     0.010    0     6.706     0.060
r    89.794     0.010    0     6.597     0.060
r    90.564     0.010    0     6.490     0.060
r    91.355     0.010    0     6.369     0.060
r    92.136     0.010    0     6.226     0.060
r    93.077     0.010    0     6.059     0.060
r    94.979     0.010    0     5.705     0.060
r    95.778     0.010    0     5.502     0.060
r    96.567     0.010    0     5.281     0.060
r    97.355     0.010    0     5.077     0.060
r    98.148     0.010    0     4.831     0.060
r    98.919     0.010    0     4.643     0.060
r    99.691     0.010    0     4.461     0.060
r   100.465     0.010    0     4.242     0.060
r   101.232     0.010    0     4.060     0.060
r   101.994     0.010    0     3.885     0.060
r   102.764     0.010    0     3.702     0.060
r   103.523     0.010    0     3.540     0.060
r   118.604     0.010    0     4.783     0.060
r   119.729     0.010    0     4.996     0.060
r   120.535     0.010    0     5.149     0.060
r   121.345     0.010    0     5.298     0.060
r   122.147     0.010    0     5.467     0.060
r   122.959     0.010    0     5.630     0.060
r   123.733     0.010    0     5.779     0.060
r   124.522     0.010    0     5.940     0.060
r   125.313     0.010    0     6.083     0.060
r   126.098     0.010    0     6.212     0.060
r   126.872     0.010    0     6.327     0.060
r   130.052     0.010    0     6.851     0.060
r   132.621     0.010    0     7.268     0.060
r   136.157     0.010    0     7.892     0.060
r   138.215     0.010    0     8.298     0.060
r   139.490     0.010    0     8.514     0.060
r   141.416     0.010    0     8.813     0.060
r   143.339     0.010    0     9.100     0.060
r   145.434     0.010    0     9.370     0.060
r   148.478     0.010    0     9.787     0.060
r   151.470     0.010    0    10.197     0.060
r   221.097     0.010    0    20.790     0.060
r   223.205     0.010    0    21.307     0.060
r   224.657     0.010    0    21.675     0.060
r   226.123     0.010    0    22.059     0.060
r   227.877     0.010    0    22.409     0.060
r   229.595     0.010    0    22.726     0.060
r   231.283     0.010    0    23.043     0.060
r   233.125     0.010    0    23.421     0.060
r   235.379     0.010    0    23.766     0.060
r   237.832     0.010    0    24.113     0.060
r   239.658     0.010    0    24.341     0.060
r   242.274     0.010    0    24.661     0.060
r   244.769     0.010    0    24.973     0.060
r   247.520     0.010    0    25.332     0.060
r   250.939     0.010    0    25.775     0.060
r   253.634     0.010    0    26.104     0.060
r   258.167     0.010    0    26.535     0.060
r   261.339     0.010    0    26.692     0.060
r   264.562     0.010    0    27.047     0.060
r   266.863     0.010    0    27.376     0.060
r   270.558     0.010    0    27.829     0.060
r   274.422     0.010    0    28.237     0.060
r   278.163     0.010    0    28.599     0.060
r   284.890     0.010    0    29.060     0.060
r   291.830     0.010    0    29.708     0.060
r   300.332     0.010    0    31.014     0.060
r   113.832     0.010    0     3.552     0.060
r   114.634     0.010    0     3.785     0.060
r   115.441     0.010    0     4.005     0.060
r   116.244     0.010    0     4.229     0.060
r   117.026     0.010    0     4.434     0.060
r     4.704     0.010    1    19.045     0.060
r     5.867     0.010    1    18.919     0.060
r     6.825     0.010    1    18.824     0.060
r     7.628     0.010    1    18.758     0.060
r     8.441     0.010    1    18.639     0.060
r     9.268     0.010    1    18.554     0.060
r    10.075     0.010    1    18.477     0.060
r    10.880     0.010    1    18.386     0.060
r    11.706     0.010    1    18.300     0.060
r    12.544     0.010    1    18.178     0.060
r    13.347     0.010    1    18.075     0.060
r    14.143     0.010    1    17.988     0.060
r    14.946     0.010    1    17.885     0.060
r    15.751     0.010    1    17.798     0.060
r    16.574     0.010    1    17.679     0.060
r    17.398     0.010    1    17.585     0.060
r    18.341     0.010    1    17.474     0.060
r    19.130     0.010    1    17.387     0.060
r    19.915     0.010    1    17.280     0.060
r    20.693     0.010    1    17.193     0.060
r    21.474     0.010    1    17.099     0.060
r    22.566     0.010    1    16.960     0.060
r    23.821     0.010    1    16.789     0.060
r    25.393     0.010    1    16.566     0.060
r    26.641     0.010    1    16.387     0.060
r    28.544     0.010    1    16.137     0.060
r    29.973     0.010    1    15.951     0.060
r    31.714     0.010    1    15.729     0.060
r    34.131     0.010    1    15.345     0.060
r    35.931     0.010    1    15.115     0.060
r    38.357     0.010    1    14.749     0.060
r    40.631     0.010    1    14.439     0.060
r    42.570     0.010    1    14.172     0.060
r   249.859     0.010    1    26.679     0.060
r   254.096     0.010    1    27.034     0.060
r   257.842     0.010    1    27.243     0.060
r   261.178     0.010    1    27.387     0.060
r   265.552     0.010    1    27.816     0.060
r   268.801     0.010    1    28.106     0.060
r   273.616     0.010    1    28.392     0.060
s   102.860     2.650  107
r    28.380     0.010    0    14.499     0.060
r    32.358     0.010    0    13.921     0.060
r    36.746     0.010    0    13.241     0.060
r    56.573     0.010    0    10.398     0.060
r    59.945     0.010    0     9.963     0.060
r    61.172     0.010    0     9.815     0.060
r    62.077     0.010    0     9.696     0.060
r    62.990     0.010    0     9.573     0.060
r    64.486     0.010    0     9.347     0.060
r    65.399     0.010    0     9.264     0.060
r    66.168     0.010    0     9.135     0.060
r    66.930     0.010    0     9.027     0.060
r    67.694     0.010    0     8.926     0.060
r    68.461     0.010    0     8.819     0.060
r    69.233     0.010    0     8.709     0.060
r    70.008     0.010    0     8.644     0.060
r    70.799     0.010    0     8.495     0.060
r    71.573     0.010    0     8.401     0.060
r    72.359     0.010    0     8.290     0.060
r    73.139     0.010    0     8.171     0.060
r    73.931     0.010    0     8.063     0.060
r    74.694     0.010    0     7.947     0.060
r    75.442     0.010    0     7.827     0.060
r    76.222     0.010    0     7.757     0.060
r    76.992     0.010    0     7.565     0.060
r    77.762     0.010    0     7.469     0.060
r    78.537     0.010    0     7.348     0.060
r    79.319     0.010    0     7.237     0.060
r    80.083     0.010    0     7.117     0.060
r    80.855     0.010    0     7.011     0.060
r    81.629     0.010    0     6.866     0.060
r    82.411     0.010    0     6.729     0.060
r    83.196     0.010    0     6.612     0.060
r    83.985     0.010    0     6.444     0.060
r    84.762     0.010    0     6.340     0.060
r    85.551     0.010    0     6.172     0.060
r    86.342     0.010    0     6.077     0.060
r    87.133     0.010    0     5.930     0.060
r    87.921     0.010    0     5.816     0.060
r    88.699     0.010    0     5.679     0.060
r    89.479     0.010    0     5.571     0.060
r    90.260     0.010    0     5.468     0.060
r    91.975     0.010    0     5.131     0.060
r    93.715     0.010    0     4.761     0.060
r    94.514     0.010    0     4.468     0.060
r    95.302     0.010    0     4.225     0.060
r    96.091     0.010    0     3.973     0.060
r    96.882     0.010    0     3.728     0.060
r    97.678     0.010    0     3.482     0.060
r   112.588     0.010    0     4.483     0.060
r   113.352     0.010    0     4.657     0.060
r   114.148     0.010    0     4.825     0.060
r   114.957     0.010    0     4.988     0.060
r   115.763     0.010    0     5.141     0.060
r   116.556     0.010    0     5.310     0.060
r   117.346     0.010    0     5.463     0.060
r   118.131     0.010    0     5.616     0.060
r   118.930     0.010    0     5.742     0.060
r   119.729     0.010    0     5.874     0.060
r   120.536     0.010    0     6.015     0.060
r   121.345     0.010    0     6.163     0.060
r   122.147     0.010    0     6.319     0.060
r   122.959     0.010    0     6.469     0.060
r   124.046     0.010    0     6.690     0.060
r   125.635     0.010    0     6.979     0.060
r   127.343     0.010    0     7.250     0.060
r   129.250     0.010    0     7.523     0.060
r   131.018     0.010    0     7.768     0.060
r   132.783     0.010    0     8.046     0.060
r   134.564     0.010    0     8.380     0.060
r   136.157     0.010    0     8.676     0.060
r   138.051     0.010    0     9.010     0.060
r   139.329     0.010    0     9.246     0.060
r   140.776     0.010    0     9.466     0.060
r   142.540     0.010    0     9.708     0.060
r   143.987     0.010    0     9.903     0.060
r   145.434     0.010    0    10.141     0.060
r   147.042     0.010    0    10.365     0.060
r   148.642     0.010    0    10.584     0.060
r   150.690     0.010    0    10.846     0.060
r   226.715     0.010    0    23.023     0.060
r   229.319     0.010    0    23.573     0.060
r   231.851     0.010    0    24.007     0.060
r   234.949     0.010    0    24.513     0.060
r   271.041     0.010    0    28.534     0.060
r   274.912     0.010    0    28.911     0.060
r   278.324     0.010    0    29.164     0.060
r   283.127     0.010    0    29.558     0.060
r   286.653     0.010    0    29.849     0.060
r   291.994     0.010    0    30.384     0.060
r   299.422     0.010    0    31.592     0.060
r   303.910     0.010    0    32.277     0.060
r   106.992     0.010    0     3.112     0.060
r   107.770     0.010    0     3.331     0.060
r   108.544     0.010    0     3.529     0.060
r   109.315     0.010    0     3.714     0.060
r   110.103     0.010    0     3.910     0.060
r   110.881     0.010    0     4.090     0.060
r   249.236     0.010    1    27.101     0.060
r   252.845     0.010    1    27.388     0.060
r   256.273     0.010    1    27.577     0.060
r   260.391     0.010    1    27.862     0.060
r   263.906     0.010    1    28.236     0.060
r   268.473     0.010    1    28.746     0.060
r   273.455     0.010    1    29.189     0.060
r   277.048     0.010    1    29.430     0.060
r   281.696     0.010    1    29.783     0.060
s    96.859     2.900  152
r     8.603     0.010    0    16.673     0.060
r     9.429     0.010    0    16.554     0.060
r    10.236     0.010    0    16.429     0.060
r    11.044     0.010    0    16.302     0.060
r    11.881     0.010    0    16.191     0.060
r    12.866     0.010    0    16.035     0.060
r    13.656     0.010    0    15.928     0.060
r    14.458     0.010    0    15.804     0.060
r    15.271     0.010    0    15.681     0.060
r    16.087     0.010    0    15.579     0.060
r    16.910     0.010    0    15.462     0.060
r    17.871     0.010    0    15.310     0.060
r    18.656     0.010    0    15.195     0.060
r    19.441     0.010    0    15.079     0.060
r    20.216     0.010    0    14.976     0.060
r    21.008     0.010    0    14.870     0.060
r    21.785     0.010    0    14.733     0.060
r    22.566     0.010    0    14.604     0.060
r    23.820     0.010    0    14.417     0.060
r    24.761     0.010    0    14.282     0.060
r    25.705     0.010    0    14.143     0.060
r    26.479     0.010    0    14.015     0.060
r    27.268     0.010    0    13.895     0.060
r    28.067     0.010    0    13.784     0.060
r    28.858     0.010    0    13.681     0.060
r    29.660     0.010    0    13.540     0.060
r    30.446     0.010    0    13.445     0.060
r    31.237     0.010    0    13.338     0.060
r    32.032     0.010    0    13.231     0.060
r    33.006     0.010    0    13.082     0.060
r    33.808     0.010    0    12.959     0.060
r    35.279     0.010    0    12.757     0.060
r    37.705     0.010    0    12.395     0.060
r    40.792     0.010    0    11.912     0.060
r    43.650     0.010    0    11.462     0.060
r    46.333     0.010    0    11.047     0.060
r    49.159     0.010    0    10.617     0.060
r    51.833     0.010    0    10.293     0.060
r    54.734     0.010    0     9.924     0.060
r    55.805     0.010    0     9.782     0.060
r    56.572     0.010    0     9.675     0.060
r    57.344     0.010    0     9.599     0.060
r    58.409     0.010    0     9.449     0.060
r    59.178     0.010    0     9.346     0.060
r    59.945     0.010    0     9.249     0.060
r    60.717     0.010    0     9.158     0.060
r    61.468     0.010    0     9.046     0.060
r    62.381     0.010    0     8.910     0.060
r    63.143     0.010    0     8.819     0.060
r    63.887     0.010    0     8.700     0.060
r    64.636     0.010    0     8.611     0.060
r    65.398     0.010    0     8.506     0.060
r    66.167     0.010    0     8.402     0.060
r    66.930     0.010    0     8.312     0.060
r    67.694     0.010    0     8.204     0.060
r    68.461     0.010    0     8.093     0.060
r    69.232     0.010    0     8.002     0.060
r    70.322     0.010    0     7.831     0.060
r    71.110     0.010    0     7.721     0.060
r    71.892     0.010    0     7.638     0.060
r    72.673     0.010    0     7.511     0.060
r    73.451     0.010    0     7.401     0.060
r    74.242     0.010    0     7.270     0.060
r    74.992     0.010    0     7.167     0.060
r    75.753     0.010    0     7.074     0.060
r    76.526     0.010    0     6.935     0.060
r    77.296     0.010    0     6.808     0.060
r    78.074     0.010    0     6.695     0.060
r    78.848     0.010    0     6.595     0.060
r    79.620     0.010    0     6.466     0.060
r    80.394     0.010    0     6.365     0.060
r    81.166     0.010    0     6.232     0.060
r    81.940     0.010    0     6.097     0.060
r    82.723     0.010    0     5.945     0.060
r    83.508     0.010    0     5.793     0.060
r    84.285     0.010    0     5.648     0.060
r    85.074     0.010    0     5.502     0.060
r    85.865     0.010    0     5.366     0.060
r    86.656     0.010    0     5.225     0.060
r    87.444     0.010    0     5.086     0.060
r   102.916     0.010    0     3.855     0.060
r   103.683     0.010    0     3.993     0.060
r   104.467     0.010    0     4.169     0.060
r   105.258     0.010    0     4.321     0.060
r   106.042     0.010    0     4.465     0.060
r   106.830     0.010    0     4.630     0.060
r   107.608     0.010    0     4.800     0.060
r   108.396     0.010    0     4.965     0.060
r   109.167     0.010    0     5.128     0.060
r   109.952     0.010    0     5.290     0.060
r   110.730     0.010    0     5.433     0.060
r   111.504     0.010    0     5.565     0.060
r   112.289     0.010    0     5.696     0.060
r   113.050     0.010    0     5.817     0.060
r   114.147     0.010    0     6.017     0.060
r   115.118     0.010    0     6.203     0.060
r   115.924     0.010    0     6.367     0.060
r   116.714     0.010    0     6.537     0.060
r   117.496     0.010    0     6.666     0.060
r   118.292     0.010    0     6.826     0.060
r   119.080     0.010    0     6.965     0.060
r   119.890     0.010    0     7.105     0.060
r   120.857     0.010    0     7.283     0.060
r   121.670     0.010    0     7.432     0.060
r   122.472     0.010    0     7.563     0.060
r   123.270     0.010    0     7.694     0.060
r   124.045     0.010    0     7.837     0.060
r   124.836     0.010    0     7.948     0.060
r   125.635     0.010    0     8.061     0.060
r   126.409     0.010    0     8.185     0.060
r   127.181     0.010    0     8.352     0.060
r   127.969     0.010    0     8.479     0.060
r   128.771     0.010    0     8.608     0.060
r   129.575     0.010    0     8.728     0.060
r   130.377     0.010    0     8.812     0.060
r   131.168     0.010    0     8.948     0.060
r   131.970     0.010    0     9.074     0.060
r   132.782     0.010    0     9.214     0.060
r   133.587     0.010    0     9.353     0.060
r   134.399     0.010    0     9.476     0.060
r   135.204     0.010    0     9.609     0.060
r   135.995     0.010    0     9.753     0.060
r   136.786     0.010    0     9.884     0.060
r   137.574     0.010    0    10.023     0.060
r   138.365     0.010    0    10.176     0.060
r   139.167     0.010    0    10.295     0.060
r   139.966     0.010    0    10.444     0.060
r   140.929     0.010    0    10.581     0.060
r   141.899     0.010    0    10.724     0.060
r   143.016     0.010    0    10.900     0.060
r   144.473     0.010    0    11.100     0.060
r   145.917     0.010    0    11.289     0.060
r   147.840     0.010    0    11.576     0.060
r   149.745     0.010    0    11.821     0.060
r   151.308     0.010    0    12.002     0.060
r   235.099     0.010    1    26.151     0.060
r   239.189     0.010    1    26.795     0.060
r   243.856     0.010    1    27.311     0.060
r   247.985     0.010    1    27.844     0.060
r   252.363     0.010    1    28.350     0.060
r   255.348     0.010    1    28.607     0.060
r   258.801     0.010    1    28.903     0.060
r   261.976     0.010    1    29.121     0.060
r   265.383     0.010    1    29.393     0.060
r   269.429     0.010    1    29.799     0.060
r   272.162     0.010    1    30.027     0.060
r   275.411     0.010    1    30.339     0.060
r   279.934     0.010    1    30.715     0.060
r   283.763     0.010    1    31.050     0.060
r   289.065     0.010    1    31.397     0.060
r   293.882     0.010    1    32.047     0.060
r   299.421     0.010    1    33.006     0.060
s    90.860     2.960   93
r     5.041     0.010    0    16.502     0.060
r     9.103     0.010    0    15.905     0.060
r    13.347     0.010    0    15.312     0.060
r    17.236     0.010    0    14.755     0.060
r    21.158     0.010    0    14.169     0.060
r    23.981     0.010    0    13.763     0.060
r    26.956     0.010    0    13.317     0.060
r    30.131     0.010    0    12.855     0.060
r    33.005     0.010    0    12.416     0.060
r    36.584     0.010    0    11.836     0.060
r    39.331     0.010    0    11.281     0.060
r    43.029     0.010    0    10.649     0.060
r    46.018     0.010    0    10.207     0.060
r    48.998     0.010    0     9.884     0.060
r    52.145     0.010    0     9.557     0.060
r    52.906     0.010    0     9.447     0.060
r    53.670     0.010    0     9.387     0.060
r    54.430     0.010    0     9.289     0.060
r    55.340     0.010    0     9.187     0.060
r    56.107     0.010    0     9.072     0.060
r    56.881     0.010    0     8.982     0.060
r    57.656     0.010    0     8.867     0.060
r    58.409     0.010    0     8.783     0.060
r    59.178     0.010    0     8.681     0.060
r    59.945     0.010    0     8.577     0.060
r    60.716     0.010    0     8.464     0.060
r    61.468     0.010    0     8.386     0.060
r    62.227     0.010    0     8.284     0.060
r    62.990     0.010    0     8.157     0.060
r    63.733     0.010    0     8.045     0.060
r    64.485     0.010    0     7.947     0.060
r    65.251     0.010    0     7.844     0.060
r    66.009     0.010    0     7.741     0.060
r    66.782     0.010    0     7.649     0.060
r    67.532     0.010    0     7.541     0.060
r    68.310     0.010    0     7.438     0.060
r    69.082     0.010    0     7.331     0.060
r    69.859     0.010    0     7.216     0.060
r    70.637     0.010    0     7.090     0.060
r    71.422     0.010    0     6.977     0.060
r    72.207     0.010    0     6.861     0.060
r    72.988     0.010    0     6.745     0.060
r    73.768     0.010    0     6.613     0.060
r    74.694     0.010    0     6.478     0.060
r    75.441     0.010    0     6.341     0.060
r    76.222     0.010    0     6.210     0.060
r    76.992     0.010    0     6.066     0.060
r    77.761     0.010    0     5.923     0.060
r    80.542     0.010    0     5.157     0.060
r    82.102     0.010    0     4.794     0.060
r    83.819     0.010    0     4.398     0.060
r    98.606     0.010    0     4.767     0.060
r    99.377     0.010    0     4.801     0.060
r   100.152     0.010    0     4.861     0.060
r   100.926     0.010    0     4.964     0.060
r   101.689     0.010    0     5.034     0.060
r   102.461     0.010    0     5.110     0.060
r   103.218     0.010    0     5.206     0.060
r   103.987     0.010    0     5.323     0.060
r   104.792     0.010    0     5.454     0.060
r   105.573     0.010    0     5.561     0.060
r   106.367     0.010    0     5.664     0.060
r   107.145     0.010    0     5.783     0.060
r   107.922     0.010    0     5.923     0.060
r   108.694     0.010    0     6.044     0.060
r   109.479     0.010    0     6.179     0.060
r   110.264     0.010    0     6.331     0.060
r   111.041     0.010    0     6.430     0.060
r   111.977     0.010    0     6.588     0.060
r   112.748     0.010    0     6.682     0.060
r   113.509     0.010    0     6.837     0.060
r   114.308     0.010    0     6.984     0.060
r   115.118     0.010    0     7.119     0.060
r   115.924     0.010    0     7.270     0.060
r   116.714     0.010    0     7.406     0.060
r   117.496     0.010    0     7.548     0.060
r   118.292     0.010    0     7.680     0.060
r   119.080     0.010    0     7.809     0.060
r   119.889     0.010    0     7.940     0.060
r   120.696     0.010    0     8.053     0.060
r   121.508     0.010    0     8.211     0.060
r   122.310     0.010    0     8.339     0.060
r   123.109     0.010    0     8.478     0.060
r   123.894     0.010    0     8.623     0.060
r   124.685     0.010    0     8.751     0.060
r   125.473     0.010    0     8.881     0.060
r   126.248     0.010    0     8.988     0.060
r   127.030     0.010    0     9.123     0.060
r   127.969     0.010    0     9.255     0.060
r   128.770     0.010    0     9.374     0.060
r   129.575     0.010    0     9.499     0.060
r    97.041     0.010    0     4.308     0.060
r    98.146     0.010    0     4.599     0.060
s    84.860     2.990  175
r     7.951     0.010    0    15.190     0.060
r     8.778     0.010    0    15.035     0.060
r     9.590     0.010    0    14.969     0.060
r    10.387     0.010    0    14.846     0.060
r    11.208     0.010    0    14.742     0.060
r    12.042     0.010    0    14.610     0.060
r    12.866     0.010    0    14.464     0.060
r    13.656     0.010    0    14.380     0.060
r    14.458     0.010    0    14.272     0.060
r    15.271     0.010    0    14.140     0.060
r    16.248     0.010    0    13.993     0.060
r    17.074     0.010    0    13.876     0.060
r    17.870     0.010    0    13.768     0.060
r    18.656     0.010    0    13.642     0.060
r    19.441     0.010    0    13.528     0.060
r    20.216     0.010    0    13.399     0.060
r    21.008     0.010    0    13.283     0.060
r    21.785     0.010    0    13.164     0.060
r    22.566     0.010    0    13.037     0.060
r    23.344     0.010    0    12.948     0.060
r    24.129     0.010    0    12.821     0.060
r    24.922     0.010    0    12.720     0.060
r    25.705     0.010    0    12.598     0.060
r    26.479     0.010    0    12.477     0.060
r    27.268     0.010    0    12.351     0.060
r    28.067     0.010    0    12.241     0.060
r    28.858     0.010    0    12.128     0.060
r    29.660     0.010    0    12.008     0.060
r    30.446     0.010    0    11.882     0.060
r    31.237     0.010    0    11.773     0.060
r    32.031     0.010    0    11.655     0.060
r    32.844     0.010    0    11.527     0.060
r    33.643     0.010    0    11.427     0.060
r    34.617     0.010    0    11.260     0.060
r    35.444     0.010    0    11.114     0.060
r    36.253     0.010    0    10.984     0.060
r    37.057     0.010    0    10.830     0.060
r    38.031     0.010    0    10.670     0.060
r    38.844     0.010    0    10.530     0.060
r    40.305     0.010    0    10.279     0.060
r    41.287     0.010    0    10.118     0.060
r    42.419     0.010    0     9.936     0.060
r    43.500     0.010    0     9.751     0.060
r    44.288     0.010    0     9.633     0.060
r    45.066     0.010    0     9.516     0.060
r    45.857     0.010    0     9.378     0.060
r    46.648     0.010    0     9.263     0.060
r    47.590     0.010    0     9.113     0.060
r    48.371     0.010    0     8.997     0.060
r    49.321     0.010    0     8.868     0.060
r    50.098     0.010    0     8.773     0.060
r    50.887     0.010    0     8.722     0.060
r    51.672     0.010    0     8.697     0.060
r    52.444     0.010    0     8.592     0.060
r    53.218     0.010    0     8.511     0.060
r    53.975     0.010    0     8.405     0.060
r    54.734     0.010    0     8.327     0.060
r    55.501     0.010    0     8.237     0.060
r    56.260     0.010    0     8.142     0.060
r    57.032     0.010    0     8.040     0.060
r    57.807     0.010    0     7.922     0.060
r    58.568     0.010    0     7.820     0.060
r    59.331     0.010    0     7.735     0.060
r    60.106     0.010    0     7.622     0.060
r    60.867     0.010    0     7.524     0.060
r    61.619     0.010    0     7.422     0.060
r    62.381     0.010    0     7.330     0.060
r    63.143     0.010    0     7.225     0.060
r    63.887     0.010    0     7.102     0.060
r    64.635     0.010    0     6.994     0.060
r    65.398     0.010    0     6.893     0.060
r    66.167     0.010    0     6.765     0.060
r    66.930     0.010    0     6.650     0.060
r    67.694     0.010    0     6.547     0.060
r    68.461     0.010    0     6.444     0.060
r    69.232     0.010    0     6.313     0.060
r    70.007     0.010    0     6.184     0.060
r    70.798     0.010    0     6.033     0.060
r    71.573     0.010    0     5.887     0.060
r    72.358     0.010    0     5.734     0.060
r    73.139     0.010    0     5.574     0.060
r    73.930     0.010    0     5.433     0.060
r    75.441     0.010    0     5.010     0.060
r    76.992     0.010    0     4.610     0.060
r    95.301     0.010    0     5.395     0.060
r    96.089     0.010    0     5.491     0.060
r    96.880     0.010    0     5.601     0.060
r    97.676     0.010    0     5.682     0.060
r    98.458     0.010    0     5.751     0.060
r    99.227     0.010    0     5.762     0.060
r   100.001     0.010    0     5.823     0.060
r   100.776     0.010    0     5.904     0.060
r   101.535     0.010    0     5.962     0.060
r   102.297     0.010    0     6.037     0.060
r   103.067     0.010    0     6.148     0.060
r   103.837     0.010    0     6.262     0.060
r   104.628     0.010    0     6.385     0.060
r   105.422     0.010    0     6.496     0.060
r   106.203     0.010    0     6.606     0.060
r   106.991     0.010    0     6.717     0.060
r   107.768     0.010    0     6.835     0.060
r   108.543     0.010    0     6.969     0.060
r   109.314     0.010    0     7.112     0.060
r   110.103     0.010    0     7.250     0.060
r   110.880     0.010    0     7.366     0.060
r   111.665     0.010    0     7.475     0.060
r   112.440     0.010    0     7.581     0.060
r   113.200     0.010    0     7.706     0.060
r   113.996     0.010    0     7.839     0.060
r   114.795     0.010    0     7.982     0.060
r   115.602     0.010    0     8.137     0.060
r   116.394     0.010    0     8.269     0.060
r   117.187     0.010    0     8.405     0.060
r   117.969     0.010    0     8.541     0.060
r   118.765     0.010    0     8.684     0.060
r   119.567     0.010    0     8.832     0.060
r   120.373     0.010    0     8.952     0.060
r   121.183     0.010    0     9.073     0.060
r   121.985     0.010    0     9.207     0.060
r   122.797     0.010    0     9.373     0.060
r   123.582     0.010    0     9.523     0.060
r   124.367     0.010    0     9.663     0.060
r   125.161     0.010    0     9.781     0.060
r   125.947     0.010    0     9.871     0.060
r   126.721     0.010    0     9.992     0.060
r   127.493     0.010    0    10.107     0.060
r   128.281     0.010    0    10.241     0.060
r   129.085     0.010    0    10.374     0.060
r   129.887     0.010    0    10.479     0.060
r   130.692     0.010    0    10.587     0.060
r   131.491     0.010    0    10.712     0.060
r   132.295     0.010    0    10.829     0.060
r   133.100     0.010    0    10.940     0.060
r   133.912     0.010    0    11.076     0.060
r   134.725     0.010    0    11.219     0.060
r   135.529     0.010    0    11.352     0.060
r   136.307     0.010    0    11.480     0.060
r   137.098     0.010    0    11.628     0.060
r   137.900     0.010    0    11.765     0.060
r   138.688     0.010    0    11.905     0.060
r   139.489     0.010    0    12.025     0.060
r   140.291     0.010    0    12.160     0.060
r   141.090     0.010    0    12.272     0.060
r   227.586     0.010    0    26.074     0.060
r   230.022     0.010    0    26.494     0.060
r   231.987     0.010    0    26.896     0.060
r   235.378     0.010    0    27.411     0.060
r   237.691     0.010    0    27.741     0.060
r    91.028     0.010    0     4.211     0.060
r    92.764     0.010    0     4.651     0.060
r    93.714     0.010    0     4.930     0.060
r    94.513     0.010    0     5.134     0.060
r     6.190     0.010    1    15.931     0.060
r     8.116     0.010    1    15.662     0.060
r     8.939     0.010    1    15.583     0.060
r     9.752     0.010    1    15.500     0.060
r    10.548     0.010    1    15.407     0.060
r    11.380     0.010    1    15.320     0.060
r    12.207     0.010    1    15.209     0.060
r    13.027     0.010    1    15.125     0.060
r    13.817     0.010    1    15.030     0.060
r    14.619     0.010    1    14.929     0.060
r    15.435     0.010    1    14.834     0.060
r    16.248     0.010    1    14.750     0.060
r    17.074     0.010    1    14.645     0.060
r    17.870     0.010    1    14.550     0.060
r    18.656     0.010    1    14.485     0.060
r    19.441     0.010    1    14.368     0.060
r    20.216     0.010    1    14.288     0.060
r    21.008     0.010    1    14.198     0.060
r   265.882     0.010    1    30.945     0.060
r   272.323     0.010    1    31.582     0.060
r   277.528     0.010    1    32.031     0.060
r   283.126     0.010    1    32.500     0.060
r   288.101     0.010    1    32.878     0.060
s    78.859     2.910  154
r     4.217     0.010    0    14.862     0.060
r     5.041     0.010    0    14.750     0.060
r     5.867     0.010    0    14.656     0.060
r     6.663     0.010    0    14.529     0.060
r     7.467     0.010    0    14.420     0.060
r     8.277     0.010    0    14.299     0.060
r     9.103     0.010    0    14.171     0.060
r     9.913     0.010    0    14.059     0.060
r    10.715     0.010    0    13.936     0.060
r    11.545     0.010    0    13.830     0.060
r    12.704     0.010    0    13.625     0.060
r    13.817     0.010    0    13.440     0.060
r    15.750     0.010    0    13.121     0.060
r    16.910     0.010    0    12.961     0.060
r    17.870     0.010    0    12.844     0.060
r    18.656     0.010    0    12.712     0.060
r    19.603     0.010    0    12.562     0.060
r    20.377     0.010    0    12.460     0.060
r    21.473     0.010    0    12.272     0.060
r    22.251     0.010    0    12.182     0.060
r    23.344     0.010    0    12.018     0.060
r    24.129     0.010    0    11.886     0.060
r    24.922     0.010    0    11.773     0.060
r    25.705     0.010    0    11.651     0.060
r    26.479     0.010    0    11.526     0.060
r    27.432     0.010    0    11.382     0.060
r    28.217     0.010    0    11.273     0.060
r    29.020     0.010    0    11.117     0.060
r    29.822     0.010    0    10.976     0.060
r    30.761     0.010    0    10.826     0.060
r    31.552     0.010    0    10.709     0.060
r    33.005     0.010    0    10.480     0.060
r    34.130     0.010    0    10.299     0.060
r    35.279     0.010    0    10.096     0.060
r    36.092     0.010    0     9.988     0.060
r    36.906     0.010    0     9.861     0.060
r    38.031     0.010    0     9.703     0.060
r    38.844     0.010    0     9.565     0.060
r    39.982     0.010    0     9.333     0.060
r    40.792     0.010    0     9.195     0.060
r    41.760     0.010    0     9.050     0.060
r    42.570     0.010    0     8.916     0.060
r    43.338     0.010    0     8.788     0.060
r    44.127     0.010    0     8.664     0.060
r    44.912     0.010    0     8.554     0.060
r    45.706     0.010    0     8.421     0.060
r    46.484     0.010    0     8.317     0.060
r    47.590     0.010    0     8.160     0.060
r    48.371     0.010    0     8.062     0.060
r    49.471     0.010    0     7.952     0.060
r    50.260     0.010    0     7.910     0.060
r    51.048     0.010    0     7.863     0.060
r    51.833     0.010    0     7.806     0.060
r    52.605     0.010    0     7.705     0.060
r    53.369     0.010    0     7.610     0.060
r    54.125     0.010    0     7.506     0.060
r    54.885     0.010    0     7.385     0.060
r    55.652     0.010    0     7.302     0.060
r    56.422     0.010    0     7.205     0.060
r    57.183     0.010    0     7.105     0.060
r    57.957     0.010    0     6.993     0.060
r    58.718     0.010    0     6.885     0.060
r    59.482     0.010    0     6.772     0.060
r    60.257     0.010    0     6.668     0.060
r    61.021     0.010    0     6.551     0.060
r    61.772     0.010    0     6.459     0.060
r    62.532     0.010    0     6.339     0.060
r    63.286     0.010    0     6.226     0.060
r    64.040     0.010    0     6.112     0.060
r    64.794     0.010    0     6.003     0.060
r    65.546     0.010    0     5.886     0.060
r    66.315     0.010    0     5.752     0.060
r    67.077     0.010    0     5.600     0.060
r    69.394     0.010    0     4.968     0.060
r    71.261     0.010    0     4.491     0.060
r    72.827     0.010    0     4.087     0.060
r    92.288     0.010    0     6.078     0.060
r    93.076     0.010    0     6.173     0.060
r    93.875     0.010    0     6.260     0.060
r    94.663     0.010    0     6.353     0.060
r    95.451     0.010    0     6.457     0.060
r    96.250     0.010    0     6.557     0.060
r    97.041     0.010    0     6.627     0.060
r    97.827     0.010    0     6.731     0.060
r    98.606     0.010    0     6.773     0.060
r    99.377     0.010    0     6.822     0.060
r   100.152     0.010    0     6.894     0.060
r   100.926     0.010    0     6.966     0.060
r   101.689     0.010    0     7.038     0.060
r   102.461     0.010    0     7.107     0.060
r   103.218     0.010    0     7.197     0.060
r   103.987     0.010    0     7.316     0.060
r   104.792     0.010    0     7.451     0.060
r   105.573     0.010    0     7.559     0.060
r   106.367     0.010    0     7.666     0.060
r   107.145     0.010    0     7.779     0.060
r   107.922     0.010    0     7.921     0.060
r   108.694     0.010    0     8.057     0.060
r   109.479     0.010    0     8.198     0.060
r   110.264     0.010    0     8.312     0.060
r   111.041     0.010    0     8.411     0.060
r   111.816     0.010    0     8.512     0.060
r   112.587     0.010    0     8.618     0.060
r   113.351     0.010    0     8.747     0.060
r   114.147     0.010    0     8.910     0.060
r   114.956     0.010    0     9.063     0.060
r   115.763     0.010    0     9.199     0.060
r   116.556     0.010    0     9.347     0.060
r   117.345     0.010    0     9.478     0.060
r   118.131     0.010    0     9.609     0.060
r   118.929     0.010    0     9.718     0.060
r   119.728     0.010    0     9.850     0.060
r   120.535     0.010    0     9.986     0.060
r   121.344     0.010    0    10.094     0.060
r   122.146     0.010    0    10.206     0.060
r   122.958     0.010    0    10.372     0.060
r   123.733     0.010    0    10.546     0.060
r   124.521     0.010    0    10.658     0.060
r   125.312     0.010    0    10.764     0.060
r   126.097     0.010    0    10.878     0.060
r   126.872     0.010    0    10.982     0.060
r   127.654     0.010    0    11.110     0.060
r   128.445     0.010    0    11.245     0.060
r   129.250     0.010    0    11.361     0.060
r   130.051     0.010    0    11.452     0.060
r   130.853     0.010    0    11.572     0.060
r   131.655     0.010    0    11.699     0.060
r   132.456     0.010    0    11.811     0.060
r   133.587     0.010    0    11.987     0.060
r   135.043     0.010    0    12.243     0.060
r   136.947     0.010    0    12.534     0.060
r   138.852     0.010    0    12.894     0.060
r   140.775     0.010    0    13.244     0.060
r   217.843     0.010    0    24.196     0.060
r   219.731     0.010    0    24.747     0.060
r   221.787     0.010    0    25.274     0.060
r   226.715     0.010    0    26.655     0.060
r   228.317     0.010    0    27.030     0.060
r   230.716     0.010    0    27.489     0.060
r   233.832     0.010    0    28.068     0.060
r   236.812     0.010    0    28.507     0.060
r   239.969     0.010    0    28.809     0.060
r    85.549     0.010    0     4.414     0.060
r    87.282     0.010    0     4.879     0.060
r    89.012     0.010    0     5.287     0.060
r    91.192     0.010    0     5.766     0.060
r   261.013     0.010    1    31.302     0.060
r   264.242     0.010    1    31.630     0.060
r   267.510     0.010    1    32.038     0.060
r   271.836     0.010    1    32.496     0.060
r   275.072     0.010    1    32.681     0.060
r   278.810     0.010    1    32.954     0.060
r   282.497     0.010    1    33.254     0.060
r   285.530     0.010    1    33.481     0.060
s    72.860     2.800  168
r     3.233     0.010    0    14.193     0.060
r     4.057     0.010    0    14.091     0.060
r     4.880     0.010    0    13.978     0.060
r     5.707     0.010    0    13.886     0.060
r     6.506     0.010    0    13.785     0.060
r     7.309     0.010    0    13.651     0.060
r     8.116     0.010    0    13.528     0.060
r     8.940     0.010    0    13.407     0.060
r     9.752     0.010    0    13.263     0.060
r    10.549     0.010    0    13.151     0.060
r    11.381     0.010    0    13.026     0.060
r    12.207     0.010    0    12.916     0.060
r    13.028     0.010    0    12.801     0.060
r    13.818     0.010    0    12.649     0.060
r    14.620     0.010    0    12.538     0.060
r    15.436     0.010    0    12.410     0.060
r    16.249     0.010    0    12.309     0.060
r    17.075     0.010    0    12.174     0.060
r    17.871     0.010    0    12.062     0.060
r    18.657     0.010    0    11.926     0.060
r    19.442     0.010    0    11.827     0.060
r    20.217     0.010    0    11.709     0.060
r    21.008     0.010    0    11.571     0.060
r    21.786     0.010    0    11.461     0.060
r    22.567     0.010    0    11.344     0.060
r    23.344     0.010    0    11.208     0.060
r    24.130     0.010    0    11.080     0.060
r    24.923     0.010    0    10.940     0.060
r    25.705     0.010    0    10.816     0.060
r    26.480     0.010    0    10.713     0.060
r    27.268     0.010    0    10.605     0.060
r    28.068     0.010    0    10.465     0.060
r    28.859     0.010    0    10.345     0.060
r    29.661     0.010    0    10.216     0.060
r    30.446     0.010    0    10.098     0.060
r    31.238     0.010    0     9.980     0.060
r    32.032     0.010    0     9.848     0.060
r    32.845     0.010    0     9.706     0.060
r    33.644     0.010    0     9.588     0.060
r    34.457     0.010    0     9.457     0.060
r    35.280     0.010    0     9.327     0.060
r    36.093     0.010    0     9.187     0.060
r    36.907     0.010    0     9.051     0.060
r    37.706     0.010    0     8.918     0.060
r    38.519     0.010    0     8.786     0.060
r    39.332     0.010    0     8.643     0.060
r    40.144     0.010    0     8.507     0.060
r    40.968     0.010    0     8.376     0.060
r    41.761     0.010    0     8.249     0.060
r    42.570     0.010    0     8.122     0.060
r    43.339     0.010    0     7.979     0.060
r    44.127     0.010    0     7.842     0.060
r    44.913     0.010    0     7.746     0.060
r    45.707     0.010    0     7.612     0.060
r    46.485     0.010    0     7.486     0.060
r    47.279     0.010    0     7.358     0.060
r    48.848     0.010    0     7.128     0.060
r    50.260     0.010    0     7.018     0.060
r    51.358     0.010    0     6.944     0.060
r    52.756     0.010    0     6.797     0.060
r    53.822     0.010    0     6.652     0.060
r    55.957     0.010    0     6.389     0.060
r    57.657     0.010    0     6.106     0.060
r    59.483     0.010    0     5.817     0.060
r    61.315     0.010    0     5.514     0.060
r    64.041     0.010    0     4.828     0.060
r    65.547     0.010    0     4.441     0.060
r    86.341     0.010    0     6.080     0.060
r    87.444     0.010    0     6.290     0.060
r    88.698     0.010    0     6.512     0.060
r    90.259     0.010    0     6.799     0.060
r    91.508     0.010    0     6.980     0.060
r    93.077     0.010    0     7.147     0.060
r    94.188     0.010    0     7.275     0.060
r    95.616     0.010    0     7.479     0.060
r    96.566     0.010    0     7.625     0.060
r    97.827     0.010    0     7.710     0.060
r    99.069     0.010    0     7.792     0.060
r   100.314     0.010    0     7.886     0.060
r   101.536     0.010    0     7.980     0.060
r   102.462     0.010    0     8.099     0.060
r   103.218     0.010    0     8.199     0.060
r   103.988     0.010    0     8.301     0.060
r   104.793     0.010    0     8.406     0.060
r   105.574     0.010    0     8.524     0.060
r   106.368     0.010    0     8.644     0.060
r   107.145     0.010    0     8.772     0.060
r   107.923     0.010    0     8.904     0.060
r   108.694     0.010    0     9.028     0.060
r   109.479     0.010    0     9.160     0.060
r   110.265     0.010    0     9.270     0.060
r   111.042     0.010    0     9.397     0.060
r   111.816     0.010    0     9.505     0.060
r   112.588     0.010    0     9.601     0.060
r   113.352     0.010    0     9.729     0.060
r   114.148     0.010    0     9.882     0.060
r   114.957     0.010    0    10.036     0.060
r   115.764     0.010    0    10.168     0.060
r   116.556     0.010    0    10.276     0.060
r   117.346     0.010    0    10.395     0.060
r   118.131     0.010    0    10.539     0.060
r   118.930     0.010    0    10.668     0.060
r   119.729     0.010    0    10.791     0.060
r   120.535     0.010    0    10.915     0.060
r   121.345     0.010    0    11.048     0.060
r   122.147     0.010    0    11.191     0.060
r   122.959     0.010    0    11.354     0.060
r   123.734     0.010    0    11.488     0.060
r   124.522     0.010    0    11.632     0.060
r   125.313     0.010    0    11.748     0.060
r   126.098     0.010    0    11.839     0.060
r   126.872     0.010    0    11.951     0.060
r   127.654     0.010    0    12.049     0.060
r   128.446     0.010    0    12.162     0.060
r   129.250     0.010    0    12.284     0.060
r   130.052     0.010    0    12.404     0.060
r   130.854     0.010    0    12.519     0.060
r   131.655     0.010    0    12.655     0.060
r   132.457     0.010    0    12.764     0.060
r   133.262     0.010    0    12.889     0.060
r   134.077     0.010    0    12.992     0.060
r   134.890     0.010    0    13.153     0.060
r   135.681     0.010    0    13.287     0.060
r   136.472     0.010    0    13.426     0.060
r   137.263     0.010    0    13.548     0.060
r   138.051     0.010    0    13.708     0.060
r   138.853     0.010    0    13.866     0.060
r   139.654     0.010    0    13.970     0.060
r   140.453     0.010    0    14.096     0.060
r   141.252     0.010    0    14.221     0.060
r   142.064     0.010    0    14.330     0.060
r   142.866     0.010    0    14.446     0.060
r   143.665     0.010    0    14.546     0.060
r   144.474     0.010    0    14.676     0.060
r   145.273     0.010    0    14.780     0.060
r   146.082     0.010    0    14.856     0.060
r   222.068     0.010    0    26.365     0.060
r   226.124     0.010    0    27.495     0.060
r   229.883     0.010    0    28.236     0.060
r   234.949     0.010    0    29.023     0.060
r   238.886     0.010    0    29.532     0.060
r   241.970     0.010    0    29.819     0.060
r   245.976     0.010    0    30.290     0.060
r   252.681     0.010    0    31.136     0.060
r   257.681     0.010    0    31.489     0.060
r   264.081     0.010    0    32.032     0.060
r   270.559     0.010    0    32.666     0.060
r    79.770     0.010    0     4.427     0.060
r    81.478     0.010    0     4.894     0.060
r    83.045     0.010    0     5.329     0.060
r    84.450     0.010    0     5.684     0.060
r   124.522     0.010    1    13.246     0.060
r   126.722     0.010    1    13.544     0.060
r   128.281     0.010    1    13.722     0.060
r   130.213     0.010    1    13.934     0.060
r   131.806     0.010    1    14.128     0.060
r   134.725     0.010    1    14.531     0.060
r   137.739     0.010    1    15.011     0.060
r   140.776     0.010    1    15.453     0.060
r   144.148     0.010    1    15.824     0.060
r   147.042     0.010    1    16.157     0.060
r   228.318     0.010    1    28.409     0.060
r   232.846     0.010    1    29.189     0.060
r   237.832     0.010    1    29.795     0.060
r   254.878     0.010    1    31.652     0.060
r   260.702     0.010    1    31.990     0.060
r   267.347     0.010    1    32.738     0.060
r   273.939     0.010    1    33.358     0.060
s    60.860     2.620  156
r     8.603     0.010    0    11.566     0.060
r     9.430     0.010    0    11.456     0.060
r    10.237     0.010    0    11.340     0.060
r    11.045     0.010    0    11.240     0.060
r    11.882     0.010    0    11.123     0.060
r    12.705     0.010    0    10.977     0.060
r    13.506     0.010    0    10.852     0.060
r    14.305     0.010    0    10.703     0.060
r    15.110     0.010    0    10.586     0.060
r    15.923     0.010    0    10.491     0.060
r    16.739     0.010    0    10.367     0.060
r    17.559     0.010    0    10.240     0.060
r    18.342     0.010    0    10.126     0.060
r    19.130     0.010    0     9.988     0.060
r    19.915     0.010    0     9.867     0.060
r    20.693     0.010    0     9.743     0.060
r    21.474     0.010    0     9.625     0.060
r    22.252     0.010    0     9.517     0.060
r    23.032     0.010    0     9.373     0.060
r    23.821     0.010    0     9.245     0.060
r    24.600     0.010    0     9.129     0.060
r    25.393     0.010    0     8.999     0.060
r    26.168     0.010    0     8.881     0.060
r    26.956     0.010    0     8.757     0.060
r    27.745     0.010    0     8.629     0.060
r    28.544     0.010    0     8.509     0.060
r    29.335     0.010    0     8.370     0.060
r    30.131     0.010    0     8.271     0.060
r    30.923     0.010    0     8.158     0.060
r    31.714     0.010    0     8.025     0.060
r    32.522     0.010    0     7.881     0.060
r    33.318     0.010    0     7.733     0.060
r    34.131     0.010    0     7.586     0.060
r    34.944     0.010    0     7.465     0.060
r    35.767     0.010    0     7.335     0.060
r    36.584     0.010    0     7.214     0.060
r    37.383     0.010    0     7.088     0.060
r    38.193     0.010    0     6.942     0.060
r    39.006     0.010    0     6.791     0.060
r    39.819     0.010    0     6.631     0.060
r    40.631     0.010    0     6.504     0.060
r    41.449     0.010    0     6.351     0.060
r    42.245     0.010    0     6.208     0.060
r    43.030     0.010    0     6.072     0.060
r    43.812     0.010    0     5.911     0.060
r    44.601     0.010    0     5.781     0.060
r    45.392     0.010    0     5.639     0.060
r    46.173     0.010    0     5.492     0.060
r    46.964     0.010    0     5.330     0.060
r    47.752     0.010    0     5.201     0.060
r    48.533     0.010    0     5.123     0.060
r    49.321     0.010    0     5.056     0.060
r    50.099     0.010    0     4.985     0.060
r    50.887     0.010    0     4.931     0.060
r    51.673     0.010    0     4.841     0.060
r    71.892     0.010    0     5.579     0.060
r    72.673     0.010    0     5.717     0.060
r    73.451     0.010    0     5.855     0.060
r    74.242     0.010    0     6.022     0.060
r    74.992     0.010    0     6.159     0.060
r    75.753     0.010    0     6.298     0.060
r    76.526     0.010    0     6.420     0.060
r    77.296     0.010    0     6.542     0.060
r    78.073     0.010    0     6.680     0.060
r    78.848     0.010    0     6.786     0.060
r    79.620     0.010    0     6.883     0.060
r    80.394     0.010    0     7.001     0.060
r    81.166     0.010    0     7.141     0.060
r    81.940     0.010    0     7.266     0.060
r    82.723     0.010    0     7.396     0.060
r    83.508     0.010    0     7.529     0.060
r    84.285     0.010    0     7.665     0.060
r    85.074     0.010    0     7.797     0.060
r    85.865     0.010    0     7.911     0.060
r    86.656     0.010    0     8.069     0.060
r    87.444     0.010    0     8.185     0.060
r    88.232     0.010    0     8.301     0.060
r    89.013     0.010    0     8.433     0.060
r    89.794     0.010    0     8.554     0.060
r    90.563     0.010    0     8.661     0.060
r    91.355     0.010    0     8.759     0.060
r    92.135     0.010    0     8.850     0.060
r    92.916     0.010    0     8.917     0.060
r    93.715     0.010    0     9.022     0.060
r    94.513     0.010    0     9.095     0.060
r    95.302     0.010    0     9.227     0.060
r    96.090     0.010    0     9.303     0.060
r    96.881     0.010    0     9.372     0.060
r    97.677     0.010    0     9.449     0.060
r    98.459     0.010    0     9.487     0.060
r    99.228     0.010    0     9.586     0.060
r   100.002     0.010    0     9.611     0.060
r   100.777     0.010    0     9.719     0.060
r   101.536     0.010    0     9.781     0.060
r   102.298     0.010    0     9.888     0.060
r   103.068     0.010    0     9.971     0.060
r   103.838     0.010    0    10.075     0.060
r   104.629     0.010    0    10.166     0.060
r   105.423     0.010    0    10.302     0.060
r   106.203     0.010    0    10.411     0.060
r   106.992     0.010    0    10.534     0.060
r   107.769     0.010    0    10.629     0.060
r   108.544     0.010    0    10.754     0.060
r   109.315     0.010    0    10.877     0.060
r   110.103     0.010    0    10.999     0.060
r   110.881     0.010    0    11.114     0.060
r   111.666     0.010    0    11.193     0.060
r   112.440     0.010    0    11.315     0.060
r   113.201     0.010    0    11.448     0.060
r   113.997     0.010    0    11.598     0.060
r   114.796     0.010    0    11.719     0.060
r   115.602     0.010    0    11.861     0.060
r   116.395     0.010    0    11.986     0.060
r   117.188     0.010    0    12.129     0.060
r   117.970     0.010    0    12.245     0.060
r   118.766     0.010    0    12.386     0.060
r   119.568     0.010    0    12.501     0.060
r   120.374     0.010    0    12.601     0.060
r   121.184     0.010    0    12.766     0.060
r   121.985     0.010    0    12.863     0.060
r   122.798     0.010    0    13.008     0.060
r   123.583     0.010    0    13.139     0.060
r   124.368     0.010    0    13.280     0.060
r   125.635     0.010    0    13.460     0.060
r   127.805     0.010    0    13.769     0.060
r   129.888     0.010    0    14.049     0.060
r   131.970     0.010    0    14.358     0.060
r   133.752     0.010    0    14.641     0.060
r   136.157     0.010    0    15.033     0.060
r   138.215     0.010    0    15.383     0.060
r   140.453     0.010    0    15.789     0.060
r   144.947     0.010    0    16.465     0.060
r   225.239     0.010    0    28.781     0.060
r   228.888     0.010    0    29.512     0.060
r   231.988     0.010    0    30.081     0.060
r   236.100     0.010    0    30.743     0.060
r   241.354     0.010    0    31.487     0.060
r   247.671     0.010    0    32.246     0.060
r   253.009     0.010    0    32.837     0.060
r   114.470     0.010    1    13.100     0.060
r   116.244     0.010    1    13.329     0.060
r   118.293     0.010    1    13.593     0.060
r   120.213     0.010    1    13.849     0.060
r   122.147     0.010    1    14.134     0.060
r   123.734     0.010    1    14.386     0.060
r   125.947     0.010    1    14.655     0.060
r   128.281     0.010    1    14.935     0.060
r   130.378     0.010    1    15.179     0.060
r   132.457     0.010    1    15.483     0.060
r   134.400     0.010    1    15.766     0.060
r   136.948     0.010    1    16.110     0.060
r   139.003     0.010    1    16.428     0.060
r   140.776     0.010    1    16.702     0.060
r   142.702     0.010    1    16.975     0.060
r   143.987     0.010    1    17.143     0.060
r   145.757     0.010    1    17.367     0.060
s    54.860     2.710  132
r     3.394     0.010    0    11.263     0.060
r     4.217     0.010    0    11.156     0.060
r     5.041     0.010    0    11.054     0.060
r     5.867     0.010    0    10.925     0.060
r     6.663     0.010    0    10.821     0.060
r     7.467     0.010    0    10.704     0.060
r     8.277     0.010    0    10.575     0.060
r     9.103     0.010    0    10.448     0.060
r     9.913     0.010    0    10.323     0.060
r    10.715     0.010    0    10.182     0.060
r    11.545     0.010    0    10.074     0.060
r    12.379     0.010    0     9.945     0.060
r    13.186     0.010    0     9.823     0.060
r    13.979     0.010    0     9.682     0.060
r    14.784     0.010    0     9.577     0.060
r    15.600     0.010    0     9.448     0.060
r    16.412     0.010    0     9.321     0.060
r    17.236     0.010    0     9.191     0.060
r    18.032     0.010    0     9.101     0.060
r    18.817     0.010    0     8.965     0.060
r    19.603     0.010    0     8.837     0.060
r    20.377     0.010    0     8.720     0.060
r    21.158     0.010    0     8.594     0.060
r    21.947     0.010    0     8.481     0.060
r    22.717     0.010    0     8.356     0.060
r    23.505     0.010    0     8.231     0.060
r    24.291     0.010    0     8.099     0.060
r    25.073     0.010    0     7.995     0.060
r    25.855     0.010    0     7.852     0.060
r    26.641     0.010    0     7.734     0.060
r    27.432     0.010    0     7.616     0.060
r    28.217     0.010    0     7.486     0.060
r    29.020     0.010    0     7.365     0.060
r    29.822     0.010    0     7.240     0.060
r    30.610     0.010    0     7.105     0.060
r    31.388     0.010    0     6.982     0.060
r    32.196     0.010    0     6.831     0.060
r    33.006     0.010    0     6.678     0.060
r    33.808     0.010    0     6.542     0.060
r    34.617     0.010    0     6.422     0.060
r    35.444     0.010    0     6.281     0.060
r    36.253     0.010    0     6.126     0.060
r    37.057     0.010    0     5.987     0.060
r    37.870     0.010    0     5.855     0.060
r    38.679     0.010    0     5.715     0.060
r    39.492     0.010    0     5.547     0.060
r    40.305     0.010    0     5.368     0.060
r    41.128     0.010    0     5.211     0.060
r    41.921     0.010    0     5.083     0.060
r    42.731     0.010    0     4.938     0.060
r    43.499     0.010    0     4.805     0.060
r    44.288     0.010    0     4.652     0.060
r    45.065     0.010    0     4.495     0.060
r    45.857     0.010    0     4.315     0.060
r    46.648     0.010    0     4.138     0.060
r    47.429     0.010    0     3.980     0.060
r    48.217     0.010    0     3.863     0.060
r    60.105     0.010    0     3.747     0.060
r    60.866     0.010    0     3.996     0.060
r    61.618     0.010    0     4.245     0.060
r    62.380     0.010    0     4.494     0.060
r    63.142     0.010    0     4.691     0.060
r    63.887     0.010    0     4.858     0.060
r    64.635     0.010    0     5.023     0.060
r    65.398     0.010    0     5.163     0.060
r    66.166     0.010    0     5.331     0.060
r    66.929     0.010    0     5.449     0.060
r    67.693     0.010    0     5.593     0.060
r    68.460     0.010    0     5.730     0.060
r    69.231     0.010    0     5.874     0.060
r    70.006     0.010    0     6.028     0.060
r    70.797     0.010    0     6.191     0.060
r    71.572     0.010    0     6.323     0.060
r    72.357     0.010    0     6.451     0.060
r    73.138     0.010    0     6.568     0.060
r    73.929     0.010    0     6.700     0.060
r    74.693     0.010    0     6.834     0.060
r    75.440     0.010    0     6.966     0.060
r    76.221     0.010    0     7.064     0.060
r    76.991     0.010    0     7.192     0.060
r    77.761     0.010    0     7.323     0.060
r    78.535     0.010    0     7.447     0.060
r    79.317     0.010    0     7.533     0.060
r    80.081     0.010    0     7.665     0.060
r    80.853     0.010    0     7.792     0.060
r    81.628     0.010    0     7.910     0.060
r    82.410     0.010    0     8.032     0.060
r    83.195     0.010    0     8.163     0.060
r    83.983     0.010    0     8.280     0.060
r    84.761     0.010    0     8.404     0.060
r    85.549     0.010    0     8.523     0.060
r    86.340     0.010    0     8.672     0.060
r    87.132     0.010    0     8.795     0.060
r    87.920     0.010    0     8.927     0.060
r    88.697     0.010    0     9.047     0.060
r    89.478     0.010    0     9.154     0.060
r    90.258     0.010    0     9.260     0.060
r    91.028     0.010    0     9.353     0.060
r    91.819     0.010    0     9.439     0.060
r    92.603     0.010    0     9.510     0.060
r    94.187     0.010    0     9.729     0.060
r    95.616     0.010    0     9.892     0.060
r    97.676     0.010    0    10.086     0.060
r    99.840     0.010    0    10.259     0.060
r   101.842     0.010    0    10.453     0.060
r   103.837     0.010    0    10.694     0.060
r   106.518     0.010    0    11.072     0.060
r   109.005     0.010    0    11.455     0.060
r   110.880     0.010    0    11.759     0.060
r   112.440     0.010    0    12.004     0.060
r   113.996     0.010    0    12.283     0.060
r   115.763     0.010    0    12.593     0.060
r   119.406     0.010    0    13.179     0.060
r   259.592     0.010    0    33.966     0.060
r   265.221     0.010    0    34.534     0.060
r   270.073     0.010    0    35.000     0.060
r   115.924     0.010    1    13.773     0.060
r   117.496     0.010    1    13.994     0.060
r   119.241     0.010    1    14.231     0.060
r   121.022     0.010    1    14.496     0.060
r   122.633     0.010    1    14.733     0.060
r   124.685     0.010    1    15.026     0.060
r   126.560     0.010    1    15.225     0.060
r   128.606     0.010    1    15.488     0.060
r   129.887     0.010    1    15.659     0.060
r   131.655     0.010    1    15.885     0.060
r   133.425     0.010    1    16.117     0.060
r   135.043     0.010    1    16.369     0.060
r   136.471     0.010    1    16.569     0.060
r   138.215     0.010    1    16.837     0.060
r   139.804     0.010    1    17.109     0.060
r   141.738     0.010    1    17.409     0.060
s    48.860     2.370   92
r     4.056     0.010    0    10.164     0.060
r     4.880     0.010    0    10.064     0.060
r     5.706     0.010    0     9.958     0.060
r     6.505     0.010    0     9.867     0.060
r     7.309     0.010    0     9.769     0.060
r     8.116     0.010    0     9.617     0.060
r     8.939     0.010    0     9.495     0.060
r     9.752     0.010    0     9.370     0.060
r    10.548     0.010    0     9.265     0.060
r    11.381     0.010    0     9.128     0.060
r    12.207     0.010    0     8.998     0.060
r    13.028     0.010    0     8.888     0.060
r    13.818     0.010    0     8.746     0.060
r    14.784     0.010    0     8.604     0.060
r    15.600     0.010    0     8.479     0.060
r    16.413     0.010    0     8.359     0.060
r    17.236     0.010    0     8.233     0.060
r    18.032     0.010    0     8.114     0.060
r    18.818     0.010    0     7.987     0.060
r    19.603     0.010    0     7.867     0.060
r    20.378     0.010    0     7.721     0.060
r    21.159     0.010    0     7.604     0.060
r    21.947     0.010    0     7.500     0.060
r    22.717     0.010    0     7.366     0.060
r    23.506     0.010    0     7.215     0.060
r    24.291     0.010    0     7.111     0.060
r    25.073     0.010    0     6.993     0.060
r    25.856     0.010    0     6.866     0.060
r    26.641     0.010    0     6.736     0.060
r    27.432     0.010    0     6.600     0.060
r    28.218     0.010    0     6.488     0.060
r    29.020     0.010    0     6.359     0.060
r    29.822     0.010    0     6.227     0.060
r    30.610     0.010    0     6.095     0.060
r    31.388     0.010    0     5.971     0.060
r    32.196     0.010    0     5.839     0.060
r    33.006     0.010    0     5.699     0.060
r    33.969     0.010    0     5.509     0.060
r    34.782     0.010    0     5.359     0.060
r    35.605     0.010    0     5.203     0.060
r    36.415     0.010    0     5.037     0.060
r    37.222     0.010    0     4.871     0.060
r    38.031     0.010    0     4.697     0.060
r    38.844     0.010    0     4.536     0.060
r    39.657     0.010    0     4.340     0.060
r    40.470     0.010    0     4.182     0.060
r    41.287     0.010    0     4.005     0.060
r    42.083     0.010    0     3.812     0.060
r    55.035     0.010    0     4.007     0.060
r    55.805     0.010    0     4.187     0.060
r    56.572     0.010    0     4.365     0.060
r    57.343     0.010    0     4.547     0.060
r    58.107     0.010    0     4.701     0.060
r    58.868     0.010    0     4.840     0.060
r    59.643     0.010    0     4.999     0.060
r    60.407     0.010    0     5.142     0.060
r    61.171     0.010    0     5.284     0.060
r    61.923     0.010    0     5.443     0.060
r    62.685     0.010    0     5.604     0.060
r    63.440     0.010    0     5.747     0.060
r    64.181     0.010    0     5.883     0.060
r    64.942     0.010    0     6.029     0.060
r    65.707     0.010    0     6.156     0.060
r    66.473     0.010    0     6.287     0.060
r    67.228     0.010    0     6.440     0.060
r    67.995     0.010    0     6.566     0.060
r    68.769     0.010    0     6.698     0.060
r    69.544     0.010    0     6.831     0.060
r    70.636     0.010    0     7.026     0.060
r    71.572     0.010    0     7.189     0.060
r    72.358     0.010    0     7.317     0.060
r    73.138     0.010    0     7.435     0.060
r    74.091     0.010    0     7.587     0.060
r    74.844     0.010    0     7.715     0.060
r    75.602     0.010    0     7.844     0.060
r    76.372     0.010    0     7.949     0.060
r    77.142     0.010    0     8.074     0.060
r    77.912     0.010    0     8.175     0.060
r    78.697     0.010    0     8.308     0.060
r    79.619     0.010    0     8.410     0.060
r    80.394     0.010    0     8.538     0.060
r    81.165     0.010    0     8.654     0.060
r    82.101     0.010    0     8.802     0.060
r    82.884     0.010    0     8.932     0.060
r    83.984     0.010    0     9.100     0.060
r    84.761     0.010    0     9.222     0.060
r    85.714     0.010    0     9.358     0.060
r    86.491     0.010    0     9.488     0.060
r    87.283     0.010    0     9.602     0.060
r    88.232     0.010    0     9.745     0.060
r    89.163     0.010    0     9.896     0.060
r    90.097     0.010    0    10.041     0.060
s    42.860     2.390  112
r     3.233     0.010    0     9.428     0.060
r     4.056     0.010    0     9.313     0.060
r     4.880     0.010    0     9.210     0.060
r     5.706     0.010    0     9.095     0.060
r     6.505     0.010    0     8.989     0.060
r     7.309     0.010    0     8.880     0.060
r     8.116     0.010    0     8.739     0.060
r     8.939     0.010    0     8.621     0.060
r     9.752     0.010    0     8.518     0.060
r    10.548     0.010    0     8.369     0.060
r    11.381     0.010    0     8.266     0.060
r    12.207     0.010    0     8.140     0.060
r    13.028     0.010    0     8.036     0.060
r    13.818     0.010    0     7.904     0.060
r    14.620     0.010    0     7.773     0.060
r    15.436     0.010    0     7.646     0.060
r    16.248     0.010    0     7.532     0.060
r    17.075     0.010    0     7.404     0.060
r    17.871     0.010    0     7.280     0.060
r    18.656     0.010    0     7.155     0.060
r    19.442     0.010    0     7.034     0.060
r    20.216     0.010    0     6.902     0.060
r    21.008     0.010    0     6.793     0.060
r    21.786     0.010    0     6.668     0.060
r    22.566     0.010    0     6.548     0.060
r    23.344     0.010    0     6.414     0.060
r    24.130     0.010    0     6.273     0.060
r    24.923     0.010    0     6.148     0.060
r    25.705     0.010    0     6.022     0.060
r    26.480     0.010    0     5.885     0.060
r    27.268     0.010    0     5.738     0.060
r    28.067     0.010    0     5.620     0.060
r    28.859     0.010    0     5.483     0.060
r    29.661     0.010    0     5.339     0.060
r    30.446     0.010    0     5.217     0.060
r    31.237     0.010    0     5.074     0.060
r    32.032     0.010    0     4.911     0.060
r    32.845     0.010    0     4.723     0.060
r    33.644     0.010    0     4.567     0.060
r    34.456     0.010    0     4.382     0.060
r    35.280     0.010    0     4.196     0.060
r    36.092     0.010    0     3.998     0.060
r    36.907     0.010    0     3.786     0.060
r    48.683     0.010    0     3.631     0.060
r    49.471     0.010    0     3.810     0.060
r    50.259     0.010    0     4.015     0.060
r    51.048     0.010    0     4.214     0.060
r    51.833     0.010    0     4.419     0.060
r    52.605     0.010    0     4.661     0.060
r    53.369     0.010    0     4.861     0.060
r    54.125     0.010    0     5.040     0.060
r    54.884     0.010    0     5.199     0.060
r    55.651     0.010    0     5.353     0.060
r    56.421     0.010    0     5.478     0.060
r    57.182     0.010    0     5.655     0.060
r    57.957     0.010    0     5.779     0.060
r    58.718     0.010    0     5.922     0.060
r    59.482     0.010    0     6.051     0.060
r    60.256     0.010    0     6.165     0.060
r    61.020     0.010    0     6.319     0.060
r    61.772     0.010    0     6.476     0.060
r    62.531     0.010    0     6.608     0.060
r    63.286     0.010    0     6.727     0.060
r    64.041     0.010    0     6.860     0.060
r    64.794     0.010    0     6.982     0.060
r    65.546     0.010    0     7.106     0.060
r    66.314     0.010    0     7.248     0.060
r    67.077     0.010    0     7.398     0.060
r    67.844     0.010    0     7.504     0.060
r    68.619     0.010    0     7.628     0.060
r    69.393     0.010    0     7.768     0.060
r    70.171     0.010    0     7.892     0.060
r    70.948     0.010    0     8.039     0.060
r    71.731     0.010    0     8.169     0.060
r    72.511     0.010    0     8.279     0.060
r    73.300     0.010    0     8.415     0.060
r    74.091     0.010    0     8.545     0.060
r    74.844     0.010    0     8.665     0.060
r    75.602     0.010    0     8.788     0.060
r    76.372     0.010    0     8.907     0.060
r    77.142     0.010    0     9.027     0.060
r    78.073     0.010    0     9.142     0.060
r    78.848     0.010    0     9.257     0.060
r    79.770     0.010    0     9.385     0.060
r    81.015     0.010    0     9.565     0.060
r    82.101     0.010    0     9.758     0.060
r    82.884     0.010    0     9.902     0.060
r    83.984     0.010    0    10.088     0.060
r    84.761     0.010    0    10.219     0.060
r    86.026     0.010    0    10.396     0.060
r    86.806     0.010    0    10.503     0.060
r    87.595     0.010    0    10.610     0.060
r    88.386     0.010    0    10.736     0.060
r   104.628     0.010    1    13.764     0.060
r   106.830     0.010    1    14.020     0.060
r   108.855     0.010    1    14.303     0.060
r   111.192     0.010    1    14.642     0.060
r   113.510     0.010    1    14.918     0.060
r   115.279     0.010    1    15.182     0.060
r   117.497     0.010    1    15.490     0.060
r   119.890     0.010    1    15.826     0.060
r   121.670     0.010    1    16.104     0.060
r   123.733     0.010    1    16.445     0.060
r   125.786     0.010    1    16.686     0.060
r   127.805     0.010    1    16.915     0.060
r   129.887     0.010    1    17.213     0.060
r   132.296     0.010    1    17.519     0.060
r   134.400     0.010    1    17.836     0.060
r   136.633     0.010    1    18.176     0.060
r   139.167     0.010    1    18.540     0.060
r   141.090     0.010    1    18.826     0.060
r   143.826     0.010    1    19.191     0.060
s    36.848     2.590  106
r     4.543     0.010    0     8.365     0.060
r     5.370     0.010    0     8.254     0.060
r     6.190     0.010    0     8.118     0.060
r     6.987     0.010    0     8.033     0.060
r     7.790     0.010    0     7.918     0.060
r     8.603     0.010    0     7.797     0.060
r     9.430     0.010    0     7.675     0.060
r    10.236     0.010    0     7.553     0.060
r    11.044     0.010    0     7.442     0.060
r    11.882     0.010    0     7.306     0.060
r    12.705     0.010    0     7.174     0.060
r    13.506     0.010    0     7.057     0.060
r    14.305     0.010    0     6.926     0.060
r    15.110     0.010    0     6.795     0.060
r    15.923     0.010    0     6.676     0.060
r    16.739     0.010    0     6.546     0.060
r    17.559     0.010    0     6.416     0.060
r    18.341     0.010    0     6.292     0.060
r    19.130     0.010    0     6.160     0.060
r    19.915     0.010    0     6.028     0.060
r    20.693     0.010    0     5.887     0.060
r    21.474     0.010    0     5.759     0.060
r    22.251     0.010    0     5.636     0.060
r    23.032     0.010    0     5.508     0.060
r    23.821     0.010    0     5.372     0.060
r    24.600     0.010    0     5.227     0.060
r    25.393     0.010    0     5.084     0.060
r    26.168     0.010    0     4.947     0.060
r    26.956     0.010    0     4.777     0.060
r    27.745     0.010    0     4.632     0.060
r    28.544     0.010    0     4.466     0.060
r    29.335     0.010    0     4.297     0.060
r    30.131     0.010    0     4.128     0.060
r    30.923     0.010    0     3.920     0.060
r    41.921     0.010    0     3.623     0.060
r    42.731     0.010    0     3.792     0.060
r    43.499     0.010    0     3.960     0.060
r    44.288     0.010    0     4.115     0.060
r    45.065     0.010    0     4.268     0.060
r    45.857     0.010    0     4.428     0.060
r    46.648     0.010    0     4.561     0.060
r    47.429     0.010    0     4.700     0.060
r    48.217     0.010    0     4.815     0.060
r    48.998     0.010    0     4.935     0.060
r    49.794     0.010    0     5.084     0.060
r    50.574     0.010    0     5.246     0.060
r    51.357     0.010    0     5.416     0.060
r    52.145     0.010    0     5.629     0.060
r    52.906     0.010    0     5.810     0.060
r    53.670     0.010    0     5.979     0.060
r    54.429     0.010    0     6.130     0.060
r    55.186     0.010    0     6.266     0.060
r    55.956     0.010    0     6.403     0.060
r    56.723     0.010    0     6.539     0.060
r    57.494     0.010    0     6.684     0.060
r    58.258     0.010    0     6.812     0.060
r    59.016     0.010    0     6.951     0.060
r    59.794     0.010    0     7.070     0.060
r    60.565     0.010    0     7.211     0.060
r    61.314     0.010    0     7.335     0.060
r    62.076     0.010    0     7.455     0.060
r    62.839     0.010    0     7.597     0.060
r    63.590     0.010    0     7.711     0.060
r    64.334     0.010    0     7.837     0.060
r    65.089     0.010    0     7.942     0.060
r    65.858     0.010    0     8.070     0.060
r    66.620     0.010    0     8.195     0.060
r    67.381     0.010    0     8.315     0.060
r    68.148     0.010    0     8.451     0.060
r    68.920     0.010    0     8.579     0.060
r    69.698     0.010    0     8.712     0.060
r    70.483     0.010    0     8.836     0.060
r    71.260     0.010    0     8.977     0.060
r    72.043     0.010    0     9.088     0.060
r    72.826     0.010    0     9.215     0.060
r    73.615     0.010    0     9.347     0.060
r    74.392     0.010    0     9.469     0.060
r    75.142     0.010    0     9.591     0.060
r    75.906     0.010    0     9.700     0.060
r    76.676     0.010    0     9.821     0.060
r    77.761     0.010    0     9.977     0.060
r    79.157     0.010    0    10.186     0.060
r    80.542     0.010    0    10.372     0.060
r    81.940     0.010    0    10.586     0.060
r    83.196     0.010    0    10.789     0.060
r    84.285     0.010    0    10.952     0.060
r    86.176     0.010    0    11.269     0.060
r    89.478     0.010    0    11.816     0.060
r    93.550     0.010    0    12.401     0.060
r    96.881     0.010    0    12.801     0.060
r   100.464     0.010    0    13.117     0.060
r   104.152     0.010    0    13.538     0.060
r   109.315     0.010    0    14.296     0.060
r   114.957     0.010    0    15.124     0.060
r   119.729     0.010    0    15.887     0.060
r   122.959     0.010    0    16.457     0.060
r   127.493     0.010    0    17.075     0.060
r   132.296     0.010    0    17.760     0.060
r   139.655     0.010    0    18.926     0.060
r   143.017     0.010    0    19.412     0.060
r   148.153     0.010    0    20.110     0.060
r   110.730     0.010    1    15.178     0.060
r   114.470     0.010    1    15.711     0.060
r   117.188     0.010    1    16.089     0.060
r   120.051     0.010    1    16.495     0.060
r   122.633     0.010    1    16.898     0.060
s    30.818     2.730  103
r     3.881     0.010    0     7.511     0.060
r     4.704     0.010    0     7.401     0.060
r     5.541     0.010    0     7.267     0.060
r     6.340     0.010    0     7.170     0.060
r     7.147     0.010    0     7.064     0.060
r     7.951     0.010    0     6.957     0.060
r     8.778     0.010    0     6.828     0.060
r     9.590     0.010    0     6.703     0.060
r    10.387     0.010    0     6.585     0.060
r    11.208     0.010    0     6.452     0.060
r    12.042     0.010    0     6.319     0.060
r    12.866     0.010    0     6.209     0.060
r    13.656     0.010    0     6.069     0.060
r    14.458     0.010    0     5.930     0.060
r    15.271     0.010    0     5.794     0.060
r    16.086     0.010    0     5.671     0.060
r    16.910     0.010    0     5.537     0.060
r    17.709     0.010    0     5.397     0.060
r    18.502     0.010    0     5.252     0.060
r    19.290     0.010    0     5.108     0.060
r    20.065     0.010    0     4.953     0.060
r    20.843     0.010    0     4.795     0.060
r    21.634     0.010    0     4.636     0.060
r    22.401     0.010    0     4.468     0.060
r    23.192     0.010    0     4.293     0.060
r    23.981     0.010    0     4.103     0.060
r    24.760     0.010    0     3.893     0.060
r    25.543     0.010    0     3.697     0.060
r    35.606     0.010    0     3.584     0.060
r    36.415     0.010    0     3.847     0.060
r    37.221     0.010    0     4.049     0.060
r    38.031     0.010    0     4.183     0.060
r    38.844     0.010    0     4.356     0.060
r    39.656     0.010    0     4.499     0.060
r    40.469     0.010    0     4.629     0.060
r    41.286     0.010    0     4.752     0.060
r    42.082     0.010    0     4.867     0.060
r    42.881     0.010    0     4.972     0.060
r    43.650     0.010    0     5.086     0.060
r    44.449     0.010    0     5.207     0.060
r    45.226     0.010    0     5.332     0.060
r    46.018     0.010    0     5.454     0.060
r    46.798     0.010    0     5.587     0.060
r    47.590     0.010    0     5.694     0.060
r    48.371     0.010    0     5.792     0.060
r    49.320     0.010    0     5.931     0.060
r    50.098     0.010    0     6.081     0.060
r    50.886     0.010    0     6.260     0.060
r    51.833     0.010    0     6.466     0.060
r    52.604     0.010    0     6.669     0.060
r    53.368     0.010    0     6.819     0.060
r    54.125     0.010    0     6.975     0.060
r    54.884     0.010    0     7.110     0.060
r    55.651     0.010    0     7.254     0.060
r    56.421     0.010    0     7.392     0.060
r    57.343     0.010    0     7.546     0.060
r    58.107     0.010    0     7.674     0.060
r    58.868     0.010    0     7.820     0.060
r    59.643     0.010    0     7.951     0.060
r    60.407     0.010    0     8.054     0.060
r    61.171     0.010    0     8.183     0.060
r    61.922     0.010    0     8.334     0.060
r    62.685     0.010    0     8.456     0.060
r    63.440     0.010    0     8.588     0.060
r    64.181     0.010    0     8.707     0.060
r    64.942     0.010    0     8.817     0.060
r    65.858     0.010    0     8.981     0.060
r    66.620     0.010    0     9.092     0.060
r    67.381     0.010    0     9.235     0.060
r    68.148     0.010    0     9.354     0.060
r    68.920     0.010    0     9.453     0.060
r    69.697     0.010    0     9.601     0.060
r    70.483     0.010    0     9.744     0.060
r    71.260     0.010    0     9.862     0.060
r    72.672     0.010    0    10.074     0.060
r    74.844     0.010    0    10.401     0.060
r    77.457     0.010    0    10.818     0.060
r    80.082     0.010    0    11.229     0.060
r    83.353     0.010    0    11.733     0.060
r    85.549     0.010    0    12.081     0.060
r    87.594     0.010    0    12.393     0.060
r    89.478     0.010    0    12.664     0.060
r    90.878     0.010    0    12.862     0.060
r    94.664     0.010    0    13.342     0.060
r    97.515     0.010    0    13.529     0.060
r   100.615     0.010    0    13.806     0.060
r   104.313     0.010    0    14.298     0.060
r   108.234     0.010    0    14.826     0.060
r   110.579     0.010    0    15.160     0.060
r   114.308     0.010    0    15.706     0.060
r   117.969     0.010    0    16.302     0.060
r   121.670     0.010    0    16.942     0.060
r   124.997     0.010    0    17.531     0.060
r   113.510     0.010    1    16.379     0.060
r   114.634     0.010    1    16.548     0.060
r   115.602     0.010    1    16.687     0.060
r   116.714     0.010    1    16.834     0.060
r   117.657     0.010    1    16.961     0.060
r   118.604     0.010    1    17.105     0.060
r   119.567     0.010    1    17.235     0.060
r   120.535     0.010    1    17.363     0.060
r   122.146     0.010    1    17.604     0.060
r   124.367     0.010    1    18.008     0.060
