# offset_sign consistency check
# obs_x_ref=0.000000 km  offset_sign=1  n=2289  status=ok
# ishot  dx_km  off_km_signed  residual  residual_flip
     0   -342.530000   -342.530000      0.000000   -685.060000
     1   -342.530000   -342.530000      0.000000   -685.060000
     2   -342.394000   -342.394000      0.000000   -684.788000
     3   -342.233000   -342.233000      0.000000   -684.466000
     4   -342.068000   -342.068000      0.000000   -684.136000
     5   -341.907000   -341.907000      0.000000   -683.814000
     6   -341.746000   -341.746000      0.000000   -683.492000
     7   -341.571000   -341.571000      0.000000   -683.142000
     8   -341.409000   -341.409000      0.000000   -682.818000
     9   -341.248000   -341.248000      0.000000   -682.496000
    10   -341.083000   -341.083000      0.000000   -682.166000
    11   -340.922000   -340.922000      0.000000   -681.844000
    12   -340.747000   -340.747000      0.000000   -681.494000
    13   -340.586000   -340.586000      0.000000   -681.172000
    14   -340.421000   -340.421000      0.000000   -680.842000
    15   -340.257000   -340.257000      0.000000   -680.514000
    16   -340.085000   -340.085000      0.000000   -680.170000
    17   -339.921000   -339.921000      0.000000   -679.842000
    18   -339.759000   -339.759000      0.000000   -679.518000
    19   -339.598000   -339.598000      0.000000   -679.196000
    20   -339.437000   -339.437000      0.000000   -678.874000
    21   -339.286000   -339.286000      0.000000   -678.572000
    22   -339.122000   -339.122000      0.000000   -678.244000
    23   -338.963000   -338.963000      0.000000   -677.926000
    24   -338.802000   -338.802000      0.000000   -677.604000
    25   -338.640000   -338.640000      0.000000   -677.280000
    26   -338.479000   -338.479000      0.000000   -676.958000
    27   -338.318000   -338.318000      0.000000   -676.636000
    28   -338.159000   -338.159000      0.000000   -676.318000
    29   -337.998000   -337.998000      0.000000   -675.996000
    30   -337.837000   -337.837000      0.000000   -675.674000
    31   -337.675000   -337.675000      0.000000   -675.350000
    32   -337.511000   -337.511000      0.000000   -675.022000
    33   -337.350000   -337.350000      0.000000   -674.700000
    34   -337.185000   -337.185000      0.000000   -674.370000
    35   -337.024000   -337.024000      0.000000   -674.048000
    36   -336.849000   -336.849000      0.000000   -673.698000
    37   -336.687000   -336.687000      0.000000   -673.374000
    38   -336.523000   -336.523000      0.000000   -673.046000
    39   -336.359000   -336.359000      0.000000   -672.718000
    40   -336.197000   -336.197000      0.000000   -672.394000
    41   -336.036000   -336.036000      0.000000   -672.072000
    42   -335.875000   -335.875000      0.000000   -671.750000
    43   -335.713000   -335.713000      0.000000   -671.426000
    44   -335.552000   -335.552000      0.000000   -671.104000
    45   -335.391000   -335.391000      0.000000   -670.782000
    46   -335.240000   -335.240000      0.000000   -670.480000
    47   -335.079000   -335.079000      0.000000   -670.158000
    48   -334.911000   -334.911000      0.000000   -669.822000
    49   -334.747000   -334.747000      0.000000   -669.494000
    50   -334.582000   -334.582000      0.000000   -669.164000
    51   -334.418000   -334.418000      0.000000   -668.836000
    52   -334.246000   -334.246000      0.000000   -668.492000
    53   -334.082000   -334.082000      0.000000   -668.164000
    54   -333.920000   -333.920000      0.000000   -667.840000
    55   -333.745000   -333.745000      0.000000   -667.490000
    56   -333.584000   -333.584000      0.000000   -667.168000
    57   -333.420000   -333.420000      0.000000   -666.840000
    58   -333.248000   -333.248000      0.000000   -666.496000
    59   -333.083000   -333.083000      0.000000   -666.166000
    60   -332.922000   -332.922000      0.000000   -665.844000
    61   -332.761000   -332.761000      0.000000   -665.522000
    62   -332.599000   -332.599000      0.000000   -665.198000
    63   -332.441000   -332.441000      0.000000   -664.882000
    64   -332.280000   -332.280000      0.000000   -664.560000
    65   -332.121000   -332.121000      0.000000   -664.242000
    66   -331.970000   -331.970000      0.000000   -663.940000
    67   -331.809000   -331.809000      0.000000   -663.618000
    68   -331.648000   -331.648000      0.000000   -663.296000
    69   -331.483000   -331.483000      0.000000   -662.966000
    70   -331.322000   -331.322000      0.000000   -662.644000
    71   -331.168000   -331.168000      0.000000   -662.336000
    72   -331.007000   -331.007000      0.000000   -662.014000
    73   -330.843000   -330.843000      0.000000   -661.686000
    74   -330.681000   -330.681000      0.000000   -661.362000
    75   -330.517000   -330.517000      0.000000   -661.034000
    76   -330.356000   -330.356000      0.000000   -660.712000
    77   -330.191000   -330.191000      0.000000   -660.382000
    78   -330.027000   -330.027000      0.000000   -660.054000
    79   -329.876000   -329.876000      0.000000   -659.752000
    80   -329.704000   -329.704000      0.000000   -659.408000
    81   -329.540000   -329.540000      0.000000   -659.080000
    82   -329.378000   -329.378000      0.000000   -658.756000
    83   -329.214000   -329.214000      0.000000   -658.428000
    84   -329.053000   -329.053000      0.000000   -658.106000
    85   -328.888000   -328.888000      0.000000   -657.776000
    86   -328.716000   -328.716000      0.000000   -657.432000
    87   -328.552000   -328.552000      0.000000   -657.104000
    88   -328.391000   -328.391000      0.000000   -656.782000
    89   -328.229000   -328.229000      0.000000   -656.458000
    90   -328.068000   -328.068000      0.000000   -656.136000
    91   -327.917000   -327.917000      0.000000   -655.834000
    92   -327.756000   -327.756000      0.000000   -655.512000
    93   -327.595000   -327.595000      0.000000   -655.190000
    94   -327.444000   -327.444000      0.000000   -654.888000
    95   -327.286000   -327.286000      0.000000   -654.572000
    96   -327.124000   -327.124000      0.000000   -654.248000
    97   -326.971000   -326.971000      0.000000   -653.942000
    98   -326.809000   -326.809000      0.000000   -653.618000
    99   -326.648000   -326.648000      0.000000   -653.296000
   100   -326.497000   -326.497000      0.000000   -652.994000
   101   -326.336000   -326.336000      0.000000   -652.672000
   102   -326.185000   -326.185000      0.000000   -652.370000
   103   -326.024000   -326.024000      0.000000   -652.048000
   104   -325.873000   -325.873000      0.000000   -651.746000
   105   -325.712000   -325.712000      0.000000   -651.424000
   106   -325.561000   -325.561000      0.000000   -651.122000
   107   -325.410000   -325.410000      0.000000   -650.820000
   108   -325.249000   -325.249000      0.000000   -650.498000
   109   -325.095000   -325.095000      0.000000   -650.190000
   110   -324.934000   -324.934000      0.000000   -649.868000
   111   -324.783000   -324.783000      0.000000   -649.566000
   112   -324.619000   -324.619000      0.000000   -649.238000
   113   -324.468000   -324.468000      0.000000   -648.936000
   114   -324.307000   -324.307000      0.000000   -648.614000
   115   -324.153000   -324.153000      0.000000   -648.306000
   116   -323.992000   -323.992000      0.000000   -647.984000
   117   -323.841000   -323.841000      0.000000   -647.682000
   118   -323.680000   -323.680000      0.000000   -647.360000
   119   -323.526000   -323.526000      0.000000   -647.052000
   120   -323.375000   -323.375000      0.000000   -646.750000
   121   -323.225000   -323.225000      0.000000   -646.450000
   122   -323.060000   -323.060000      0.000000   -646.120000
   123   -322.910000   -322.910000      0.000000   -645.820000
   124   -322.748000   -322.748000      0.000000   -645.496000
   125   -322.595000   -322.595000      0.000000   -645.190000
   126   -322.433000   -322.433000      0.000000   -644.866000
   127   -322.283000   -322.283000      0.000000   -644.566000
   128   -322.121000   -322.121000      0.000000   -644.242000
   129   -321.971000   -321.971000      0.000000   -643.942000
   130   -321.806000   -321.806000      0.000000   -643.612000
   131   -321.645000   -321.645000      0.000000   -643.290000
   132   -321.497000   -321.497000      0.000000   -642.994000
   133   -321.336000   -321.336000      0.000000   -642.672000
   134   -321.185000   -321.185000      0.000000   -642.370000
   135   -321.027000   -321.027000      0.000000   -642.054000
   136   -320.866000   -320.866000      0.000000   -641.732000
   137   -320.704000   -320.704000      0.000000   -641.408000
   138   -320.554000   -320.554000      0.000000   -641.108000
   139   -320.395000   -320.395000      0.000000   -640.790000
   140   -320.234000   -320.234000      0.000000   -640.468000
   141   -320.083000   -320.083000      0.000000   -640.166000
   142   -319.922000   -319.922000      0.000000   -639.844000
   143   -319.771000   -319.771000      0.000000   -639.542000
   144   -319.610000   -319.610000      0.000000   -639.220000
   145   -319.459000   -319.459000      0.000000   -638.918000
   146   -319.298000   -319.298000      0.000000   -638.596000
   147   -319.147000   -319.147000      0.000000   -638.294000
   148   -318.986000   -318.986000      0.000000   -637.972000
   149   -318.832000   -318.832000      0.000000   -637.664000
   150   -318.671000   -318.671000      0.000000   -637.342000
   151   -318.509000   -318.509000      0.000000   -637.018000
   152   -318.359000   -318.359000      0.000000   -636.718000
   153   -318.194000   -318.194000      0.000000   -636.388000
   154   -318.033000   -318.033000      0.000000   -636.066000
   155   -317.882000   -317.882000      0.000000   -635.764000
   156   -317.721000   -317.721000      0.000000   -635.442000
   157   -317.560000   -317.560000      0.000000   -635.120000
   158   -317.409000   -317.409000      0.000000   -634.818000
   159   -317.248000   -317.248000      0.000000   -634.496000
   160   -317.083000   -317.083000      0.000000   -634.166000
   161   -316.933000   -316.933000      0.000000   -633.866000
   162   -316.768000   -316.768000      0.000000   -633.536000
   163   -316.607000   -316.607000      0.000000   -633.214000
   164   -316.443000   -316.443000      0.000000   -632.886000
   165   -316.292000   -316.292000      0.000000   -632.584000
   166   -316.130000   -316.130000      0.000000   -632.260000
   167   -315.966000   -315.966000      0.000000   -631.932000
   168   -315.805000   -315.805000      0.000000   -631.610000
   169   -315.654000   -315.654000      0.000000   -631.308000
   170   -315.496000   -315.496000      0.000000   -630.992000
   171   -315.342000   -315.342000      0.000000   -630.684000
   172   -315.181000   -315.181000      0.000000   -630.362000
   173   -315.016000   -315.016000      0.000000   -630.032000
   174   -314.866000   -314.866000      0.000000   -629.732000
   175   -314.704000   -314.704000      0.000000   -629.408000
   176   -314.551000   -314.551000      0.000000   -629.102000
   177   -314.389000   -314.389000      0.000000   -628.778000
   178   -314.239000   -314.239000      0.000000   -628.478000
   179   -314.074000   -314.074000      0.000000   -628.148000
   180   -313.913000   -313.913000      0.000000   -627.826000
   181   -313.749000   -313.749000      0.000000   -627.498000
   182   -313.595000   -313.595000      0.000000   -627.190000
   183   -313.431000   -313.431000      0.000000   -626.862000
   184   -313.269000   -313.269000      0.000000   -626.538000
   185   -313.105000   -313.105000      0.000000   -626.210000
   186   -312.944000   -312.944000      0.000000   -625.888000
   187   -312.782000   -312.782000      0.000000   -625.564000
   188   -312.621000   -312.621000      0.000000   -625.242000
   189   -312.470000   -312.470000      0.000000   -624.940000
   190   -312.309000   -312.309000      0.000000   -624.618000
   191   -312.145000   -312.145000      0.000000   -624.290000
   192   -311.983000   -311.983000      0.000000   -623.966000
   193   -311.819000   -311.819000      0.000000   -623.638000
   194   -311.658000   -311.658000      0.000000   -623.316000
   195   -311.496000   -311.496000      0.000000   -622.992000
   196   -311.335000   -311.335000      0.000000   -622.670000
   197   -311.171000   -311.171000      0.000000   -622.342000
   198   -311.009000   -311.009000      0.000000   -622.018000
   199   -310.845000   -310.845000      0.000000   -621.690000
   200   -310.684000   -310.684000      0.000000   -621.368000
   201   -310.519000   -310.519000      0.000000   -621.038000
   202   -310.347000   -310.347000      0.000000   -620.694000
   203   -310.183000   -310.183000      0.000000   -620.366000
   204   -310.021000   -310.021000      0.000000   -620.042000
   205   -309.860000   -309.860000      0.000000   -619.720000
   206   -309.696000   -309.696000      0.000000   -619.392000
   207   -309.534000   -309.534000      0.000000   -619.068000
   208   -309.373000   -309.373000      0.000000   -618.746000
   209   -309.212000   -309.212000      0.000000   -618.424000
   210   -309.043000   -309.043000      0.000000   -618.086000
   211   -308.881000   -308.881000      0.000000   -617.762000
   212   -308.720000   -308.720000      0.000000   -617.440000
   213   -308.569000   -308.569000      0.000000   -617.138000
   214   -308.405000   -308.405000      0.000000   -616.810000
   215   -308.244000   -308.244000      0.000000   -616.488000
   216   -308.082000   -308.082000      0.000000   -616.164000
   217   -307.921000   -307.921000      0.000000   -615.842000
   218   -307.757000   -307.757000      0.000000   -615.514000
   219   -307.595000   -307.595000      0.000000   -615.190000
   220   -307.434000   -307.434000      0.000000   -614.868000
   221   -307.270000   -307.270000      0.000000   -614.540000
   222   -307.108000   -307.108000      0.000000   -614.216000
   223   -306.947000   -306.947000      0.000000   -613.894000
   224   -306.783000   -306.783000      0.000000   -613.566000
   225   -306.621000   -306.621000      0.000000   -613.242000
   226   -306.457000   -306.457000      0.000000   -612.914000
   227   -306.296000   -306.296000      0.000000   -612.592000
   228   -306.134000   -306.134000      0.000000   -612.268000
   229   -305.970000   -305.970000      0.000000   -611.940000
   230   -305.809000   -305.809000      0.000000   -611.618000
   231   -305.644000   -305.644000      0.000000   -611.288000
   232   -305.483000   -305.483000      0.000000   -610.966000
   233   -305.322000   -305.322000      0.000000   -610.644000
   234   -305.157000   -305.157000      0.000000   -610.314000
   235   -304.996000   -304.996000      0.000000   -609.992000
   236   -304.835000   -304.835000      0.000000   -609.670000
   237   -304.660000   -304.660000      0.000000   -609.320000
   238   -304.498000   -304.498000      0.000000   -608.996000
   239   -304.340000   -304.340000      0.000000   -608.680000
   240   -304.179000   -304.179000      0.000000   -608.358000
   241   -304.028000   -304.028000      0.000000   -608.056000
   242   -303.867000   -303.867000      0.000000   -607.734000
   243   -303.705000   -303.705000      0.000000   -607.410000
   244   -303.544000   -303.544000      0.000000   -607.088000
   245   -303.383000   -303.383000      0.000000   -606.766000
   246   -303.208000   -303.208000      0.000000   -606.416000
   247   -303.057000   -303.057000      0.000000   -606.114000
   248   -302.895000   -302.895000      0.000000   -605.790000
   249   -302.745000   -302.745000      0.000000   -605.490000
   250   -302.597000   -302.597000      0.000000   -605.194000
   251   -302.436000   -302.436000      0.000000   -604.872000
   252   -302.288000   -302.288000      0.000000   -604.576000
   253   -302.127000   -302.127000      0.000000   -604.254000
   254   -301.976000   -301.976000      0.000000   -603.952000
   255   -301.815000   -301.815000      0.000000   -603.630000
   256   -301.653000   -301.653000      0.000000   -603.306000
   257   -301.500000   -301.500000      0.000000   -603.000000
   258   -301.338000   -301.338000      0.000000   -602.676000
   259   -301.177000   -301.177000      0.000000   -602.354000
   260   -301.026000   -301.026000      0.000000   -602.052000
   261   -300.865000   -300.865000      0.000000   -601.730000
   262   -300.714000   -300.714000      0.000000   -601.428000
   263   -300.561000   -300.561000      0.000000   -601.122000
   264   -300.399000   -300.399000      0.000000   -600.798000
   265   -300.235000   -300.235000      0.000000   -600.470000
   266   -300.084000   -300.084000      0.000000   -600.168000
   267   -299.920000   -299.920000      0.000000   -599.840000
   268   -299.769000   -299.769000      0.000000   -599.538000
   269   -299.608000   -299.608000      0.000000   -599.216000
   270   -299.454000   -299.454000      0.000000   -598.908000
   271   -299.293000   -299.293000      0.000000   -598.586000
   272   -299.142000   -299.142000      0.000000   -598.284000
   273   -298.978000   -298.978000      0.000000   -597.956000
   274   -298.827000   -298.827000      0.000000   -597.654000
   275   -298.663000   -298.663000      0.000000   -597.326000
   276   -298.512000   -298.512000      0.000000   -597.024000
   277   -298.348000   -298.348000      0.000000   -596.696000
   278   -298.197000   -298.197000      0.000000   -596.394000
   279   -298.036000   -298.036000      0.000000   -596.072000
   280   -297.875000   -297.875000      0.000000   -595.750000
   281   -297.724000   -297.724000      0.000000   -595.448000
   282   -297.573000   -297.573000      0.000000   -595.146000
   283   -297.409000   -297.409000      0.000000   -594.818000
   284   -297.255000   -297.255000      0.000000   -594.510000
   285   -297.094000   -297.094000      0.000000   -594.188000
   286   -296.943000   -296.943000      0.000000   -593.886000
   287   -296.779000   -296.779000      0.000000   -593.558000
   288   -296.628000   -296.628000      0.000000   -593.256000
   289   -296.467000   -296.467000      0.000000   -592.934000
   290   -296.306000   -296.306000      0.000000   -592.612000
   291   -296.155000   -296.155000      0.000000   -592.310000
   292   -295.994000   -295.994000      0.000000   -591.988000
   293   -295.832000   -295.832000      0.000000   -591.664000
   294   -295.682000   -295.682000      0.000000   -591.364000
   295   -295.528000   -295.528000      0.000000   -591.056000
   296   -295.367000   -295.367000      0.000000   -590.734000
   297   -295.213000   -295.213000      0.000000   -590.426000
   298   -295.052000   -295.052000      0.000000   -590.104000
   299   -294.887000   -294.887000      0.000000   -589.774000
   300   -294.740000   -294.740000      0.000000   -589.480000
   301   -294.578000   -294.578000      0.000000   -589.156000
   302   -294.420000   -294.420000      0.000000   -588.840000
   303   -294.269000   -294.269000      0.000000   -588.538000
   304   -294.108000   -294.108000      0.000000   -588.216000
   305   -293.954000   -293.954000      0.000000   -587.908000
   306   -293.793000   -293.793000      0.000000   -587.586000
   307   -293.642000   -293.642000      0.000000   -587.284000
   308   -293.481000   -293.481000      0.000000   -586.962000
   309   -293.333000   -293.333000      0.000000   -586.666000
   310   -293.183000   -293.183000      0.000000   -586.366000
   311   -293.021000   -293.021000      0.000000   -586.042000
   312   -292.871000   -292.871000      0.000000   -585.742000
   313   -292.720000   -292.720000      0.000000   -585.440000
   314   -292.559000   -292.559000      0.000000   -585.118000
   315   -292.408000   -292.408000      0.000000   -584.816000
   316   -292.257000   -292.257000      0.000000   -584.514000
   317   -292.107000   -292.107000      0.000000   -584.214000
   318   -291.956000   -291.956000      0.000000   -583.912000
   319   -291.805000   -291.805000      0.000000   -583.610000
   320   -291.652000   -291.652000      0.000000   -583.304000
   321   -291.501000   -291.501000      0.000000   -583.002000
   322   -291.350000   -291.350000      0.000000   -582.700000
   323   -291.197000   -291.197000      0.000000   -582.394000
   324   -291.046000   -291.046000      0.000000   -582.092000
   325   -290.892000   -290.892000      0.000000   -581.784000
   326   -290.742000   -290.742000      0.000000   -581.484000
   327   -290.591000   -290.591000      0.000000   -581.182000
   328   -290.441000   -290.441000      0.000000   -580.882000
   329   -290.287000   -290.287000      0.000000   -580.574000
   330   -290.126000   -290.126000      0.000000   -580.252000
   331   -289.975000   -289.975000      0.000000   -579.950000
   332   -289.821000   -289.821000      0.000000   -579.642000
   333   -289.671000   -289.671000      0.000000   -579.342000
   334   -289.520000   -289.520000      0.000000   -579.040000
   335   -289.366000   -289.366000      0.000000   -578.732000
   336   -289.205000   -289.205000      0.000000   -578.410000
   337   -289.054000   -289.054000      0.000000   -578.108000
   338   -288.904000   -288.904000      0.000000   -577.808000
   339   -288.745000   -288.745000      0.000000   -577.490000
   340   -288.595000   -288.595000      0.000000   -577.190000
   341   -288.444000   -288.444000      0.000000   -576.888000
   342   -288.283000   -288.283000      0.000000   -576.566000
   343   -288.132000   -288.132000      0.000000   -576.264000
   344   -287.971000   -287.971000      0.000000   -575.942000
   345   -287.820000   -287.820000      0.000000   -575.640000
   346   -287.669000   -287.669000      0.000000   -575.338000
   347   -287.519000   -287.519000      0.000000   -575.038000
   348   -287.368000   -287.368000      0.000000   -574.736000
   349   -287.217000   -287.217000      0.000000   -574.434000
   350   -287.059000   -287.059000      0.000000   -574.118000
   351   -286.908000   -286.908000      0.000000   -573.816000
   352   -286.758000   -286.758000      0.000000   -573.516000
   353   -286.610000   -286.610000      0.000000   -573.220000
   354   -286.449000   -286.449000      0.000000   -572.898000
   355   -286.295000   -286.295000      0.000000   -572.590000
   356   -286.144000   -286.144000      0.000000   -572.288000
   357   -285.983000   -285.983000      0.000000   -571.966000
   358   -285.832000   -285.832000      0.000000   -571.664000
   359   -285.682000   -285.682000      0.000000   -571.364000
   360   -285.520000   -285.520000      0.000000   -571.040000
   361   -285.370000   -285.370000      0.000000   -570.740000
   362   -285.219000   -285.219000      0.000000   -570.438000
   363   -285.061000   -285.061000      0.000000   -570.122000
   364   -284.910000   -284.910000      0.000000   -569.820000
   365   -284.759000   -284.759000      0.000000   -569.518000
   366   -284.606000   -284.606000      0.000000   -569.212000
   367   -284.455000   -284.455000      0.000000   -568.910000
   368   -284.312000   -284.312000      0.000000   -568.624000
   369   -284.158000   -284.158000      0.000000   -568.316000
   370   -284.008000   -284.008000      0.000000   -568.016000
   371   -283.854000   -283.854000      0.000000   -567.708000
   372   -283.703000   -283.703000      0.000000   -567.406000
   373   -283.550000   -283.550000      0.000000   -567.100000
   374   -283.399000   -283.399000      0.000000   -566.798000
   375   -283.245000   -283.245000      0.000000   -566.490000
   376   -283.095000   -283.095000      0.000000   -566.190000
   377   -282.941000   -282.941000      0.000000   -565.882000
   378   -282.788000   -282.788000      0.000000   -565.576000
   379   -282.637000   -282.637000      0.000000   -565.274000
   380   -282.483000   -282.483000      0.000000   -564.966000
   381   -282.340000   -282.340000      0.000000   -564.680000
   382   -282.187000   -282.187000      0.000000   -564.374000
   383   -282.036000   -282.036000      0.000000   -564.072000
   384   -281.893000   -281.893000      0.000000   -563.786000
   385   -281.739000   -281.739000      0.000000   -563.478000
   386   -281.586000   -281.586000      0.000000   -563.172000
   387   -281.446000   -281.446000      0.000000   -562.892000
   388   -281.292000   -281.292000      0.000000   -562.584000
   389   -281.141000   -281.141000      0.000000   -562.282000
   390   -280.991000   -280.991000      0.000000   -561.982000
   391   -280.832000   -280.832000      0.000000   -561.664000
   392   -280.685000   -280.685000      0.000000   -561.370000
   393   -280.537000   -280.537000      0.000000   -561.074000
   394   -280.376000   -280.376000      0.000000   -560.752000
   395   -280.228000   -280.228000      0.000000   -560.456000
   396   -280.080000   -280.080000      0.000000   -560.160000
   397   -279.919000   -279.919000      0.000000   -559.838000
   398   -279.768000   -279.768000      0.000000   -559.536000
   399   -279.618000   -279.618000      0.000000   -559.236000
   400   -279.459000   -279.459000      0.000000   -558.918000
   401   -279.312000   -279.312000      0.000000   -558.624000
   402   -279.153000   -279.153000      0.000000   -558.306000
   403   -279.006000   -279.006000      0.000000   -558.012000
   404   -278.844000   -278.844000      0.000000   -557.688000
   405   -278.697000   -278.697000      0.000000   -557.394000
   406   -278.549000   -278.549000      0.000000   -557.098000
   407   -278.398000   -278.398000      0.000000   -556.796000
   408   -278.245000   -278.245000      0.000000   -556.490000
   409   -278.094000   -278.094000      0.000000   -556.188000
   410   -277.933000   -277.933000      0.000000   -555.866000
   411   -277.782000   -277.782000      0.000000   -555.564000
   412   -277.631000   -277.631000      0.000000   -555.262000
   413   -277.478000   -277.478000      0.000000   -554.956000
   414   -277.316000   -277.316000      0.000000   -554.632000
   415   -277.166000   -277.166000      0.000000   -554.332000
   416   -277.007000   -277.007000      0.000000   -554.014000
   417   -276.857000   -276.857000      0.000000   -553.714000
   418   -276.706000   -276.706000      0.000000   -553.412000
   419   -276.545000   -276.545000      0.000000   -553.090000
   420   -276.394000   -276.394000      0.000000   -552.788000
   421   -276.233000   -276.233000      0.000000   -552.466000
   422   -276.082000   -276.082000      0.000000   -552.164000
   423   -275.929000   -275.929000      0.000000   -551.858000
   424   -275.767000   -275.767000      0.000000   -551.534000
   425   -275.620000   -275.620000      0.000000   -551.240000
   426   -275.455000   -275.455000      0.000000   -550.910000
   427   -275.305000   -275.305000      0.000000   -550.610000
   428   -275.143000   -275.143000      0.000000   -550.286000
   429   -274.990000   -274.990000      0.000000   -549.980000
   430   -274.828000   -274.828000      0.000000   -549.656000
   431   -274.678000   -274.678000      0.000000   -549.356000
   432   -274.516000   -274.516000      0.000000   -549.032000
   433   -274.366000   -274.366000      0.000000   -548.732000
   434   -274.204000   -274.204000      0.000000   -548.408000
   435   -274.054000   -274.054000      0.000000   -548.108000
   436   -273.895000   -273.895000      0.000000   -547.790000
   437   -273.734000   -273.734000      0.000000   -547.468000
   438   -273.583000   -273.583000      0.000000   -547.166000
   439   -273.419000   -273.419000      0.000000   -546.838000
   440   -273.268000   -273.268000      0.000000   -546.536000
   441   -273.115000   -273.115000      0.000000   -546.230000
   442   -272.953000   -272.953000      0.000000   -545.906000
   443   -272.800000   -272.800000      0.000000   -545.600000
   444   -272.638000   -272.638000      0.000000   -545.276000
   445   -272.488000   -272.488000      0.000000   -544.976000
   446   -272.327000   -272.327000      0.000000   -544.654000
   447   -272.176000   -272.176000      0.000000   -544.352000
   448   -272.012000   -272.012000      0.000000   -544.024000
   449   -271.858000   -271.858000      0.000000   -543.716000
   450   -271.697000   -271.697000      0.000000   -543.394000
   451   -271.535000   -271.535000      0.000000   -543.070000
   452   -271.385000   -271.385000      0.000000   -542.770000
   453   -271.234000   -271.234000      0.000000   -542.468000
   454   -271.083000   -271.083000      0.000000   -542.166000
   455   -270.933000   -270.933000      0.000000   -541.866000
   456   -270.782000   -270.782000      0.000000   -541.564000
   457   -270.634000   -270.634000      0.000000   -541.268000
   458   -270.484000   -270.484000      0.000000   -540.968000
   459   -270.333000   -270.333000      0.000000   -540.666000
   460   -270.185000   -270.185000      0.000000   -540.370000
   461   -270.024000   -270.024000      0.000000   -540.048000
   462   -269.873000   -269.873000      0.000000   -539.746000
   463   -269.720000   -269.720000      0.000000   -539.440000
   464   -269.569000   -269.569000      0.000000   -539.138000
   465   -269.405000   -269.405000      0.000000   -538.810000
   466   -269.254000   -269.254000      0.000000   -538.508000
   467   -269.100000   -269.100000      0.000000   -538.200000
   468   -268.950000   -268.950000      0.000000   -537.900000
   469   -268.796000   -268.796000      0.000000   -537.592000
   470   -268.635000   -268.635000      0.000000   -537.270000
   471   -268.484000   -268.484000      0.000000   -536.968000
   472   -268.331000   -268.331000      0.000000   -536.662000
   473   -268.169000   -268.169000      0.000000   -536.338000
   474   -268.019000   -268.019000      0.000000   -536.038000
   475   -267.865000   -267.865000      0.000000   -535.730000
   476   -267.714000   -267.714000      0.000000   -535.428000
   477   -267.553000   -267.553000      0.000000   -535.106000
   478   -267.402000   -267.402000      0.000000   -534.804000
   479   -267.252000   -267.252000      0.000000   -534.504000
   480   -267.090000   -267.090000      0.000000   -534.180000
   481   -266.929000   -266.929000      0.000000   -533.858000
   482   -266.778000   -266.778000      0.000000   -533.556000
   483   -266.617000   -266.617000      0.000000   -533.234000
   484   -266.469000   -266.469000      0.000000   -532.938000
   485   -266.308000   -266.308000      0.000000   -532.616000
   486   -266.157000   -266.157000      0.000000   -532.314000
   487   -266.007000   -266.007000      0.000000   -532.014000
   488   -265.856000   -265.856000      0.000000   -531.712000
   489   -265.695000   -265.695000      0.000000   -531.390000
   490   -265.544000   -265.544000      0.000000   -531.088000
   491   -265.394000   -265.394000      0.000000   -530.788000
   492   -265.232000   -265.232000      0.000000   -530.464000
   493   -265.085000   -265.085000      0.000000   -530.170000
   494   -264.923000   -264.923000      0.000000   -529.846000
   495   -264.773000   -264.773000      0.000000   -529.546000
   496   -264.611000   -264.611000      0.000000   -529.222000
   497   -264.461000   -264.461000      0.000000   -528.922000
   498   -264.310000   -264.310000      0.000000   -528.620000
   499   -264.149000   -264.149000      0.000000   -528.298000
   500   -263.998000   -263.998000      0.000000   -527.996000
   501   -263.837000   -263.837000      0.000000   -527.674000
   502   -263.686000   -263.686000      0.000000   -527.372000
   503   -263.525000   -263.525000      0.000000   -527.050000
   504   -263.366000   -263.366000      0.000000   -526.732000
   505   -263.216000   -263.216000      0.000000   -526.432000
   506   -263.065000   -263.065000      0.000000   -526.130000
   507   -262.904000   -262.904000      0.000000   -525.808000
   508   -262.742000   -262.742000      0.000000   -525.484000
   509   -262.581000   -262.581000      0.000000   -525.162000
   510   -262.431000   -262.431000      0.000000   -524.862000
   511   -262.272000   -262.272000      0.000000   -524.544000
   512   -262.119000   -262.119000      0.000000   -524.238000
   513   -261.957000   -261.957000      0.000000   -523.914000
   514   -261.807000   -261.807000      0.000000   -523.614000
   515   -261.642000   -261.642000      0.000000   -523.284000
   516   -261.492000   -261.492000      0.000000   -522.984000
   517   -261.341000   -261.341000      0.000000   -522.682000
   518   -261.177000   -261.177000      0.000000   -522.354000
   519   -261.015000   -261.015000      0.000000   -522.030000
   520   -260.865000   -260.865000      0.000000   -521.730000
   521   -260.703000   -260.703000      0.000000   -521.406000
   522   -260.553000   -260.553000      0.000000   -521.106000
   523   -260.388000   -260.388000      0.000000   -520.776000
   524   -260.227000   -260.227000      0.000000   -520.454000
   525   -260.077000   -260.077000      0.000000   -520.154000
   526   -259.912000   -259.912000      0.000000   -519.824000
   527   -259.762000   -259.762000      0.000000   -519.524000
   528   -259.600000   -259.600000      0.000000   -519.200000
   529   -259.450000   -259.450000      0.000000   -518.900000
   530   -259.285000   -259.285000      0.000000   -518.570000
   531   -259.135000   -259.135000      0.000000   -518.270000
   532   -258.970000   -258.970000      0.000000   -517.940000
   533   -258.820000   -258.820000      0.000000   -517.640000
   534   -258.658000   -258.658000      0.000000   -517.316000
   535   -258.494000   -258.494000      0.000000   -516.988000
   536   -258.343000   -258.343000      0.000000   -516.686000
   537   -258.182000   -258.182000      0.000000   -516.364000
   538   -258.031000   -258.031000      0.000000   -516.062000
   539   -257.870000   -257.870000      0.000000   -515.740000
   540   -257.706000   -257.706000      0.000000   -515.412000
   541   -257.555000   -257.555000      0.000000   -515.110000
   542   -257.394000   -257.394000      0.000000   -514.788000
   543   -257.240000   -257.240000      0.000000   -514.480000
   544   -257.090000   -257.090000      0.000000   -514.180000
   545   -256.928000   -256.928000      0.000000   -513.856000
   546   -256.775000   -256.775000      0.000000   -513.550000
   547   -256.613000   -256.613000      0.000000   -513.226000
   548   -256.463000   -256.463000      0.000000   -512.926000
   549   -256.309000   -256.309000      0.000000   -512.618000
   550   -256.148000   -256.148000      0.000000   -512.296000
   551   -255.994000   -255.994000      0.000000   -511.988000
   552   -255.833000   -255.833000      0.000000   -511.666000
   553   -255.682000   -255.682000      0.000000   -511.364000
   554   -255.529000   -255.529000      0.000000   -511.058000
   555   -255.367000   -255.367000      0.000000   -510.734000
   556   -255.217000   -255.217000      0.000000   -510.434000
   557   -255.063000   -255.063000      0.000000   -510.126000
   558   -254.902000   -254.902000      0.000000   -509.804000
   559   -254.748000   -254.748000      0.000000   -509.496000
   560   -254.597000   -254.597000      0.000000   -509.194000
   561   -254.433000   -254.433000      0.000000   -508.866000
   562   -254.272000   -254.272000      0.000000   -508.544000
   563   -254.118000   -254.118000      0.000000   -508.236000
   564   -253.968000   -253.968000      0.000000   -507.936000
   565   -253.806000   -253.806000      0.000000   -507.612000
   566   -253.653000   -253.653000      0.000000   -507.306000
   567   -253.491000   -253.491000      0.000000   -506.982000
   568   -253.338000   -253.338000      0.000000   -506.676000
   569   -253.176000   -253.176000      0.000000   -506.352000
   570   -253.023000   -253.023000      0.000000   -506.046000
   571   -252.861000   -252.861000      0.000000   -505.722000
   572   -252.711000   -252.711000      0.000000   -505.422000
   573   -252.549000   -252.549000      0.000000   -505.098000
   574   -252.388000   -252.388000      0.000000   -504.776000
   575   -252.227000   -252.227000      0.000000   -504.454000
   576   -252.076000   -252.076000      0.000000   -504.152000
   577   -251.912000   -251.912000      0.000000   -503.824000
   578   -251.751000   -251.751000      0.000000   -503.502000
   579   -251.589000   -251.589000      0.000000   -503.178000
   580   -251.439000   -251.439000      0.000000   -502.878000
   581   -251.274000   -251.274000      0.000000   -502.548000
   582   -251.113000   -251.113000      0.000000   -502.226000
   583   -250.962000   -250.962000      0.000000   -501.924000
   584   -250.801000   -250.801000      0.000000   -501.602000
   585   -250.647000   -250.647000      0.000000   -501.294000
   586   -250.486000   -250.486000      0.000000   -500.972000
   587   -250.325000   -250.325000      0.000000   -500.650000
   588   -250.174000   -250.174000      0.000000   -500.348000
   589   -250.010000   -250.010000      0.000000   -500.020000
   590   -249.849000   -249.849000      0.000000   -499.698000
   591   -249.687000   -249.687000      0.000000   -499.374000
   592   -249.537000   -249.537000      0.000000   -499.074000
   593   -249.375000   -249.375000      0.000000   -498.750000
   594   -249.211000   -249.211000      0.000000   -498.422000
   595   -249.060000   -249.060000      0.000000   -498.120000
   596   -248.899000   -248.899000      0.000000   -497.798000
   597   -248.745000   -248.745000      0.000000   -497.490000
   598   -248.584000   -248.584000      0.000000   -497.168000
   599   -248.423000   -248.423000      0.000000   -496.846000
   600   -248.272000   -248.272000      0.000000   -496.544000
   601   -248.111000   -248.111000      0.000000   -496.222000
   602   -247.950000   -247.950000      0.000000   -495.900000
   603   -247.799000   -247.799000      0.000000   -495.598000
   604   -247.638000   -247.638000      0.000000   -495.276000
   605   -247.479000   -247.479000      0.000000   -494.958000
   606   -247.329000   -247.329000      0.000000   -494.658000
   607   -247.167000   -247.167000      0.000000   -494.334000
   608   -247.020000   -247.020000      0.000000   -494.040000
   609   -246.858000   -246.858000      0.000000   -493.716000
   610   -246.708000   -246.708000      0.000000   -493.416000
   611   -246.557000   -246.557000      0.000000   -493.114000
   612   -246.399000   -246.399000      0.000000   -492.798000
   613   -246.248000   -246.248000      0.000000   -492.496000
   614   -246.087000   -246.087000      0.000000   -492.174000
   615   -245.936000   -245.936000      0.000000   -491.872000
   616   -245.786000   -245.786000      0.000000   -491.572000
   617   -245.624000   -245.624000      0.000000   -491.248000
   618   -245.474000   -245.474000      0.000000   -490.948000
   619   -245.312000   -245.312000      0.000000   -490.624000
   620   -245.162000   -245.162000      0.000000   -490.324000
   621   -245.011000   -245.011000      0.000000   -490.022000
   622   -244.850000   -244.850000      0.000000   -489.700000
   623   -244.699000   -244.699000      0.000000   -489.398000
   624   -244.545000   -244.545000      0.000000   -489.090000
   625   -244.395000   -244.395000      0.000000   -488.790000
   626   -244.241000   -244.241000      0.000000   -488.482000
   627   -244.091000   -244.091000      0.000000   -488.182000
   628   -243.937000   -243.937000      0.000000   -487.874000
   629   -243.783000   -243.783000      0.000000   -487.566000
   630   -243.633000   -243.633000      0.000000   -487.266000
   631   -243.479000   -243.479000      0.000000   -486.958000
   632   -243.328000   -243.328000      0.000000   -486.656000
   633   -243.164000   -243.164000      0.000000   -486.328000
   634   -243.013000   -243.013000      0.000000   -486.026000
   635   -242.863000   -242.863000      0.000000   -485.726000
   636   -242.709000   -242.709000      0.000000   -485.418000
   637   -242.559000   -242.559000      0.000000   -485.118000
   638   -242.408000   -242.408000      0.000000   -484.816000
   639   -242.254000   -242.254000      0.000000   -484.508000
   640   -242.104000   -242.104000      0.000000   -484.208000
   641   -241.942000   -241.942000      0.000000   -483.884000
   642   -241.789000   -241.789000      0.000000   -483.578000
   643   -241.638000   -241.638000      0.000000   -483.276000
   644   -241.474000   -241.474000      0.000000   -482.948000
   645   -241.313000   -241.313000      0.000000   -482.626000
   646   -241.159000   -241.159000      0.000000   -482.318000
   647   -240.998000   -240.998000      0.000000   -481.996000
   648   -240.833000   -240.833000      0.000000   -481.666000
   649   -240.680000   -240.680000      0.000000   -481.360000
   650   -240.518000   -240.518000      0.000000   -481.036000
   651   -240.368000   -240.368000      0.000000   -480.736000
   652   -240.203000   -240.203000      0.000000   -480.406000
   653   -240.053000   -240.053000      0.000000   -480.106000
   654   -239.899000   -239.899000      0.000000   -479.798000
   655   -239.735000   -239.735000      0.000000   -479.470000
   656   -239.584000   -239.584000      0.000000   -479.168000
   657   -239.423000   -239.423000      0.000000   -478.846000
   658   -239.259000   -239.259000      0.000000   -478.518000
   659   -239.108000   -239.108000      0.000000   -478.216000
   660   -238.947000   -238.947000      0.000000   -477.894000
   661   -238.796000   -238.796000      0.000000   -477.592000
   662   -238.635000   -238.635000      0.000000   -477.270000
   663   -238.481000   -238.481000      0.000000   -476.962000
   664   -238.331000   -238.331000      0.000000   -476.662000
   665   -238.169000   -238.169000      0.000000   -476.338000
   666   -238.019000   -238.019000      0.000000   -476.038000
   667   -237.857000   -237.857000      0.000000   -475.714000
   668   -237.704000   -237.704000      0.000000   -475.408000
   669   -237.542000   -237.542000      0.000000   -475.084000
   670   -237.392000   -237.392000      0.000000   -474.784000
   671   -237.231000   -237.231000      0.000000   -474.462000
   672   -237.083000   -237.083000      0.000000   -474.166000
   673   -236.932000   -236.932000      0.000000   -473.864000
   674   -236.771000   -236.771000      0.000000   -473.542000
   675   -236.620000   -236.620000      0.000000   -473.240000
   676   -236.459000   -236.459000      0.000000   -472.918000
   677   -236.311000   -236.311000      0.000000   -472.622000
   678   -236.147000   -236.147000      0.000000   -472.294000
   679   -235.986000   -235.986000      0.000000   -471.972000
   680   -235.835000   -235.835000      0.000000   -471.670000
   681   -235.674000   -235.674000      0.000000   -471.348000
   682   -235.523000   -235.523000      0.000000   -471.046000
   683   -235.362000   -235.362000      0.000000   -470.724000
   684   -235.208000   -235.208000      0.000000   -470.416000
   685   -235.047000   -235.047000      0.000000   -470.094000
   686   -234.896000   -234.896000      0.000000   -469.792000
   687   -234.746000   -234.746000      0.000000   -469.492000
   688   -234.584000   -234.584000      0.000000   -469.168000
   689   -234.434000   -234.434000      0.000000   -468.868000
   690   -234.272000   -234.272000      0.000000   -468.544000
   691   -234.122000   -234.122000      0.000000   -468.244000
   692   -233.961000   -233.961000      0.000000   -467.922000
   693   -233.810000   -233.810000      0.000000   -467.620000
   694   -233.649000   -233.649000      0.000000   -467.298000
   695   -233.498000   -233.498000      0.000000   -466.996000
   696   -233.337000   -233.337000      0.000000   -466.674000
   697   -233.186000   -233.186000      0.000000   -466.372000
   698   -233.038000   -233.038000      0.000000   -466.076000
   699   -232.877000   -232.877000      0.000000   -465.754000
   700   -232.726000   -232.726000      0.000000   -465.452000
   701   -232.576000   -232.576000      0.000000   -465.152000
   702   -232.425000   -232.425000      0.000000   -464.850000
   703   -232.275000   -232.275000      0.000000   -464.550000
   704   -232.116000   -232.116000      0.000000   -464.232000
   705   -231.955000   -231.955000      0.000000   -463.910000
   706   -231.794000   -231.794000      0.000000   -463.588000
   707   -231.629000   -231.629000      0.000000   -463.258000
   708   -231.479000   -231.479000      0.000000   -462.958000
   709   -231.317000   -231.317000      0.000000   -462.634000
   710   -231.156000   -231.156000      0.000000   -462.312000
   711   -230.992000   -230.992000      0.000000   -461.984000
   712   -230.831000   -230.831000      0.000000   -461.662000
   713   -230.669000   -230.669000      0.000000   -461.338000
   714   -230.508000   -230.508000      0.000000   -461.016000
   715   -230.347000   -230.347000      0.000000   -460.694000
   716   -230.185000   -230.185000      0.000000   -460.370000
   717   -230.024000   -230.024000      0.000000   -460.048000
   718   -229.863000   -229.863000      0.000000   -459.726000
   719   -229.701000   -229.701000      0.000000   -459.402000
   720   -229.540000   -229.540000      0.000000   -459.080000
   721   -229.382000   -229.382000      0.000000   -458.764000
   722   -229.231000   -229.231000      0.000000   -458.462000
   723   -229.070000   -229.070000      0.000000   -458.140000
   724   -228.912000   -228.912000      0.000000   -457.824000
   725   -228.750000   -228.750000      0.000000   -457.500000
   726   -228.600000   -228.600000      0.000000   -457.200000
   727   -228.438000   -228.438000      0.000000   -456.876000
   728   -228.280000   -228.280000      0.000000   -456.560000
   729   -228.129000   -228.129000      0.000000   -456.258000
   730   -227.968000   -227.968000      0.000000   -455.936000
   731   -227.818000   -227.818000      0.000000   -455.636000
   732   -227.656000   -227.656000      0.000000   -455.312000
   733   -227.495000   -227.495000      0.000000   -454.990000
   734   -227.334000   -227.334000      0.000000   -454.668000
   735   -227.183000   -227.183000      0.000000   -454.366000
   736   -227.022000   -227.022000      0.000000   -454.044000
   737   -226.860000   -226.860000      0.000000   -453.720000
   738   -226.696000   -226.696000      0.000000   -453.392000
   739   -226.546000   -226.546000      0.000000   -453.092000
   740   -226.384000   -226.384000      0.000000   -452.768000
   741   -226.220000   -226.220000      0.000000   -452.440000
   742   -226.059000   -226.059000      0.000000   -452.118000
   743   -225.897000   -225.897000      0.000000   -451.794000
   744   -225.736000   -225.736000      0.000000   -451.472000
   745   -225.575000   -225.575000      0.000000   -451.150000
   746   -225.413000   -225.413000      0.000000   -450.826000
   747   -225.252000   -225.252000      0.000000   -450.504000
   748   -225.091000   -225.091000      0.000000   -450.182000
   749   -224.930000   -224.930000      0.000000   -449.860000
   750   -224.768000   -224.768000      0.000000   -449.536000
   751   -224.604000   -224.604000      0.000000   -449.208000
   752   -224.443000   -224.443000      0.000000   -448.886000
   753   -224.281000   -224.281000      0.000000   -448.562000
   754   -224.117000   -224.117000      0.000000   -448.234000
   755   -223.956000   -223.956000      0.000000   -447.912000
   756   -223.795000   -223.795000      0.000000   -447.590000
   757   -223.641000   -223.641000      0.000000   -447.282000
   758   -223.480000   -223.480000      0.000000   -446.960000
   759   -223.315000   -223.315000      0.000000   -446.630000
   760   -223.154000   -223.154000      0.000000   -446.308000
   761   -222.993000   -222.993000      0.000000   -445.986000
   762   -222.829000   -222.829000      0.000000   -445.658000
   763   -222.667000   -222.667000      0.000000   -445.334000
   764   -222.517000   -222.517000      0.000000   -445.034000
   765   -222.355000   -222.355000      0.000000   -444.710000
   766   -222.205000   -222.205000      0.000000   -444.410000
   767   -222.043000   -222.043000      0.000000   -444.086000
   768   -221.893000   -221.893000      0.000000   -443.786000
   769   -221.732000   -221.732000      0.000000   -443.464000
   770   -221.581000   -221.581000      0.000000   -443.162000
   771   -221.420000   -221.420000      0.000000   -442.840000
   772   -221.258000   -221.258000      0.000000   -442.516000
   773   -221.105000   -221.105000      0.000000   -442.210000
   774   -220.940000   -220.940000      0.000000   -441.880000
   775   -220.790000   -220.790000      0.000000   -441.580000
   776   -220.628000   -220.628000      0.000000   -441.256000
   777   -220.464000   -220.464000      0.000000   -440.928000
   778   -220.314000   -220.314000      0.000000   -440.628000
   779   -220.152000   -220.152000      0.000000   -440.304000
   780   -219.991000   -219.991000      0.000000   -439.982000
   781   -219.840000   -219.840000      0.000000   -439.680000
   782   -219.679000   -219.679000      0.000000   -439.358000
   783   -219.528000   -219.528000      0.000000   -439.056000
   784   -219.378000   -219.378000      0.000000   -438.756000
   785   -219.217000   -219.217000      0.000000   -438.434000
   786   -219.066000   -219.066000      0.000000   -438.132000
   787   -218.905000   -218.905000      0.000000   -437.810000
   788   -218.754000   -218.754000      0.000000   -437.508000
   789   -218.596000   -218.596000      0.000000   -437.192000
   790   -218.445000   -218.445000      0.000000   -436.890000
   791   -218.284000   -218.284000      0.000000   -436.568000
   792   -218.133000   -218.133000      0.000000   -436.266000
   793   -217.972000   -217.972000      0.000000   -435.944000
   794   -217.821000   -217.821000      0.000000   -435.642000
   795   -217.657000   -217.657000      0.000000   -435.314000
   796   -217.506000   -217.506000      0.000000   -435.012000
   797   -217.345000   -217.345000      0.000000   -434.690000
   798   -217.181000   -217.181000      0.000000   -434.362000
   799   -217.020000   -217.020000      0.000000   -434.040000
   800   -216.855000   -216.855000      0.000000   -433.710000
   801   -216.705000   -216.705000      0.000000   -433.410000
   802   -216.540000   -216.540000      0.000000   -433.080000
   803   -216.376000   -216.376000      0.000000   -432.752000
   804   -216.215000   -216.215000      0.000000   -432.430000
   805   -216.051000   -216.051000      0.000000   -432.102000
   806   -215.889000   -215.889000      0.000000   -431.778000
   807   -215.739000   -215.739000      0.000000   -431.478000
   808   -215.574000   -215.574000      0.000000   -431.148000
   809   -215.413000   -215.413000      0.000000   -430.826000
   810   -215.249000   -215.249000      0.000000   -430.498000
   811   -215.098000   -215.098000      0.000000   -430.196000
   812   -214.934000   -214.934000      0.000000   -429.868000
   813   -214.773000   -214.773000      0.000000   -429.546000
   814   -214.608000   -214.608000      0.000000   -429.216000
   815   -214.458000   -214.458000      0.000000   -428.916000
   816   -214.296000   -214.296000      0.000000   -428.592000
   817   -214.135000   -214.135000      0.000000   -428.270000
   818   -213.971000   -213.971000      0.000000   -427.942000
   819   -213.820000   -213.820000      0.000000   -427.640000
   820   -213.656000   -213.656000      0.000000   -427.312000
   821   -213.495000   -213.495000      0.000000   -426.990000
   822   -213.330000   -213.330000      0.000000   -426.660000
   823   -213.169000   -213.169000      0.000000   -426.338000
   824   -213.005000   -213.005000      0.000000   -426.010000
   825   -212.844000   -212.844000      0.000000   -425.688000
   826   -212.679000   -212.679000      0.000000   -425.358000
   827   -212.526000   -212.526000      0.000000   -425.052000
   828   -212.364000   -212.364000      0.000000   -424.728000
   829   -212.200000   -212.200000      0.000000   -424.400000
   830   -212.039000   -212.039000      0.000000   -424.078000
   831   -211.875000   -211.875000      0.000000   -423.750000
   832   -211.713000   -211.713000      0.000000   -423.426000
   833   -211.549000   -211.549000      0.000000   -423.098000
   834   -211.388000   -211.388000      0.000000   -422.776000
   835   -211.226000   -211.226000      0.000000   -422.452000
   836   -211.062000   -211.062000      0.000000   -422.124000
   837   -210.901000   -210.901000      0.000000   -421.802000
   838   -210.737000   -210.737000      0.000000   -421.474000
   839   -210.583000   -210.583000      0.000000   -421.166000
   840   -210.422000   -210.422000      0.000000   -420.844000
   841   -210.260000   -210.260000      0.000000   -420.520000
   842   -210.096000   -210.096000      0.000000   -420.192000
   843   -209.946000   -209.946000      0.000000   -419.892000
   844   -209.784000   -209.784000      0.000000   -419.568000
   845   -209.631000   -209.631000      0.000000   -419.262000
   846   -209.469000   -209.469000      0.000000   -418.938000
   847   -209.319000   -209.319000      0.000000   -418.638000
   848   -209.154000   -209.154000      0.000000   -418.308000
   849   -208.993000   -208.993000      0.000000   -417.986000
   850   -208.840000   -208.840000      0.000000   -417.680000
   851   -208.678000   -208.678000      0.000000   -417.356000
   852   -208.528000   -208.528000      0.000000   -417.056000
   853   -208.363000   -208.363000      0.000000   -416.726000
   854   -208.202000   -208.202000      0.000000   -416.404000
   855   -208.052000   -208.052000      0.000000   -416.104000
   856   -207.887000   -207.887000      0.000000   -415.774000
   857   -207.726000   -207.726000      0.000000   -415.452000
   858   -207.575000   -207.575000      0.000000   -415.150000
   859   -207.411000   -207.411000      0.000000   -414.822000
   860   -207.260000   -207.260000      0.000000   -414.520000
   861   -207.099000   -207.099000      0.000000   -414.198000
   862   -206.938000   -206.938000      0.000000   -413.876000
   863   -206.774000   -206.774000      0.000000   -413.548000
   864   -206.623000   -206.623000      0.000000   -413.246000
   865   -206.459000   -206.459000      0.000000   -412.918000
   866   -206.297000   -206.297000      0.000000   -412.594000
   867   -206.136000   -206.136000      0.000000   -412.272000
   868   -205.972000   -205.972000      0.000000   -411.944000
   869   -205.821000   -205.821000      0.000000   -411.642000
   870   -205.660000   -205.660000      0.000000   -411.320000
   871   -205.499000   -205.499000      0.000000   -410.998000
   872   -205.334000   -205.334000      0.000000   -410.668000
   873   -205.173000   -205.173000      0.000000   -410.346000
   874   -205.012000   -205.012000      0.000000   -410.024000
   875   -204.851000   -204.851000      0.000000   -409.702000
   876   -204.697000   -204.697000      0.000000   -409.394000
   877   -204.536000   -204.536000      0.000000   -409.072000
   878   -204.374000   -204.374000      0.000000   -408.748000
   879   -204.210000   -204.210000      0.000000   -408.420000
   880   -204.049000   -204.049000      0.000000   -408.098000
   881   -203.888000   -203.888000      0.000000   -407.776000
   882   -203.726000   -203.726000      0.000000   -407.452000
   883   -203.562000   -203.562000      0.000000   -407.124000
   884   -203.401000   -203.401000      0.000000   -406.802000
   885   -203.247000   -203.247000      0.000000   -406.494000
   886   -203.086000   -203.086000      0.000000   -406.172000
   887   -202.925000   -202.925000      0.000000   -405.850000
   888   -202.760000   -202.760000      0.000000   -405.520000
   889   -202.610000   -202.610000      0.000000   -405.220000
   890   -202.448000   -202.448000      0.000000   -404.896000
   891   -202.287000   -202.287000      0.000000   -404.574000
   892   -202.123000   -202.123000      0.000000   -404.246000
   893   -201.962000   -201.962000      0.000000   -403.924000
   894   -201.800000   -201.800000      0.000000   -403.600000
   895   -201.639000   -201.639000      0.000000   -403.278000
   896   -201.478000   -201.478000      0.000000   -402.956000
   897   -201.317000   -201.317000      0.000000   -402.634000
   898   -201.152000   -201.152000      0.000000   -402.304000
   899   -201.002000   -201.002000      0.000000   -402.004000
   900   -200.840000   -200.840000      0.000000   -401.680000
   901   -200.679000   -200.679000      0.000000   -401.358000
   902   -200.515000   -200.515000      0.000000   -401.030000
   903   -200.354000   -200.354000      0.000000   -400.708000
   904   -200.192000   -200.192000      0.000000   -400.384000
   905   -200.031000   -200.031000      0.000000   -400.062000
   906   -199.870000   -199.870000      0.000000   -399.740000
   907   -199.708000   -199.708000      0.000000   -399.416000
   908   -199.544000   -199.544000      0.000000   -399.088000
   909   -199.383000   -199.383000      0.000000   -398.766000
   910   -199.222000   -199.222000      0.000000   -398.444000
   911   -199.060000   -199.060000      0.000000   -398.120000
   912   -198.910000   -198.910000      0.000000   -397.820000
   913   -198.745000   -198.745000      0.000000   -397.490000
   914   -198.584000   -198.584000      0.000000   -397.168000
   915   -198.423000   -198.423000      0.000000   -396.846000
   916   -198.272000   -198.272000      0.000000   -396.544000
   917   -198.111000   -198.111000      0.000000   -396.222000
   918   -197.947000   -197.947000      0.000000   -395.894000
   919   -197.785000   -197.785000      0.000000   -395.570000
   920   -197.624000   -197.624000      0.000000   -395.248000
   921   -197.474000   -197.474000      0.000000   -394.948000
   922   -197.309000   -197.309000      0.000000   -394.618000
   923   -197.148000   -197.148000      0.000000   -394.296000
   924   -196.984000   -196.984000      0.000000   -393.968000
   925   -196.833000   -196.833000      0.000000   -393.666000
   926   -196.672000   -196.672000      0.000000   -393.344000
   927   -196.511000   -196.511000      0.000000   -393.022000
   928   -196.360000   -196.360000      0.000000   -392.720000
   929   -196.196000   -196.196000      0.000000   -392.392000
   930   -196.045000   -196.045000      0.000000   -392.090000
   931   -195.881000   -195.881000      0.000000   -391.762000
   932   -195.720000   -195.720000      0.000000   -391.440000
   933   -195.566000   -195.566000      0.000000   -391.132000
   934   -195.402000   -195.402000      0.000000   -390.804000
   935   -195.251000   -195.251000      0.000000   -390.502000
   936   -195.090000   -195.090000      0.000000   -390.180000
   937   -194.936000   -194.936000      0.000000   -389.872000
   938   -194.775000   -194.775000      0.000000   -389.550000
   939   -194.621000   -194.621000      0.000000   -389.242000
   940   -194.471000   -194.471000      0.000000   -388.942000
   941   -194.317000   -194.317000      0.000000   -388.634000
   942   -194.156000   -194.156000      0.000000   -388.312000
   943   -194.002000   -194.002000      0.000000   -388.004000
   944   -193.849000   -193.849000      0.000000   -387.698000
   945   -193.695000   -193.695000      0.000000   -387.390000
   946   -193.534000   -193.534000      0.000000   -387.068000
   947   -193.380000   -193.380000      0.000000   -386.760000
   948   -193.227000   -193.227000      0.000000   -386.454000
   949   -193.073000   -193.073000      0.000000   -386.146000
   950   -192.909000   -192.909000      0.000000   -385.818000
   951   -192.755000   -192.755000      0.000000   -385.510000
   952   -192.605000   -192.605000      0.000000   -385.210000
   953   -192.451000   -192.451000      0.000000   -384.902000
   954   -192.298000   -192.298000      0.000000   -384.596000
   955   -192.147000   -192.147000      0.000000   -384.294000
   956   -191.993000   -191.993000      0.000000   -383.986000
   957   -191.840000   -191.840000      0.000000   -383.680000
   958   -191.689000   -191.689000      0.000000   -383.378000
   959   -191.536000   -191.536000      0.000000   -383.072000
   960   -191.382000   -191.382000      0.000000   -382.764000
   961   -191.239000   -191.239000      0.000000   -382.478000
   962   -191.085000   -191.085000      0.000000   -382.170000
   963   -190.932000   -190.932000      0.000000   -381.864000
   964   -190.778000   -190.778000      0.000000   -381.556000
   965   -190.625000   -190.625000      0.000000   -381.250000
   966   -190.471000   -190.471000      0.000000   -380.942000
   967   -190.318000   -190.318000      0.000000   -380.636000
   968   -190.164000   -190.164000      0.000000   -380.328000
   969   -190.010000   -190.010000      0.000000   -380.020000
   970   -189.860000   -189.860000      0.000000   -379.720000
   971   -189.699000   -189.699000      0.000000   -379.398000
   972   -189.545000   -189.545000      0.000000   -379.090000
   973   -189.394000   -189.394000      0.000000   -378.788000
   974   -189.244000   -189.244000      0.000000   -378.488000
   975   -189.082000   -189.082000      0.000000   -378.164000
   976   -188.932000   -188.932000      0.000000   -377.864000
   977   -188.781000   -188.781000      0.000000   -377.562000
   978   -188.628000   -188.628000      0.000000   -377.256000
   979   -188.482000   -188.482000      0.000000   -376.964000
   980   -188.328000   -188.328000      0.000000   -376.656000
   981   -188.179000   -188.179000      0.000000   -376.358000
   982   -188.034000   -188.034000      0.000000   -376.068000
   983   -187.885000   -187.885000      0.000000   -375.770000
   984   -187.733000   -187.733000      0.000000   -375.466000
   985   -187.592000   -187.592000      0.000000   -375.184000
   986   -187.451000   -187.451000      0.000000   -374.902000
   987   -187.299000   -187.299000      0.000000   -374.598000
   988   -187.166000   -187.166000      0.000000   -374.332000
   989   -187.022000   -187.022000      0.000000   -374.044000
   990   -186.878000   -186.878000      0.000000   -373.756000
   991   -186.744000   -186.744000      0.000000   -373.488000
   992   -186.608000   -186.608000      0.000000   -373.216000
   993   -186.483000   -186.483000      0.000000   -372.966000
   994   -186.354000   -186.354000      0.000000   -372.708000
   995   -186.226000   -186.226000      0.000000   -372.452000
   996   -186.105000   -186.105000      0.000000   -372.210000
   997   -185.985000   -185.985000      0.000000   -371.970000
   998   -185.875000   -185.875000      0.000000   -371.750000
   999   -185.765000   -185.765000      0.000000   -371.530000
  1000   -185.666000   -185.666000      0.000000   -371.332000
  1001   -185.575000   -185.575000      0.000000   -371.150000
  1002   -185.474000   -185.474000      0.000000   -370.948000
  1003   -185.383000   -185.383000      0.000000   -370.766000
  1004   -185.302000   -185.302000      0.000000   -370.604000
  1005   -185.212000   -185.212000      0.000000   -370.424000
  1006   -185.132000   -185.132000      0.000000   -370.264000
  1007   -185.052000   -185.052000      0.000000   -370.104000
  1008   -184.972000   -184.972000      0.000000   -369.944000
  1009   -184.903000   -184.903000      0.000000   -369.806000
  1010   -184.831000   -184.831000      0.000000   -369.662000
  1011   -184.773000   -184.773000      0.000000   -369.546000
  1012   -184.722000   -184.722000      0.000000   -369.444000
  1013   -184.675000   -184.675000      0.000000   -369.350000
  1014   -184.636000   -184.636000      0.000000   -369.272000
  1015   -184.596000   -184.596000      0.000000   -369.192000
  1016   -184.568000   -184.568000      0.000000   -369.136000
  1017   -184.543000   -184.543000      0.000000   -369.086000
  1018   -184.515000   -184.515000      0.000000   -369.030000
  1019   -184.497000   -184.497000      0.000000   -368.994000
  1020   -184.480000   -184.480000      0.000000   -368.960000
  1021   -184.474000   -184.474000      0.000000   -368.948000
  1022   -184.468000   -184.468000      0.000000   -368.936000
  1023   -130.221000   -130.221000      0.000000   -260.442000
  1024   -130.124000   -130.124000      0.000000   -260.248000
  1025   -130.104000   -130.104000      0.000000   -260.208000
  1026   -130.070000   -130.070000      0.000000   -260.140000
  1027   -130.037000   -130.037000      0.000000   -260.074000
  1028   -130.003000   -130.003000      0.000000   -260.006000
  1029   -129.962000   -129.962000      0.000000   -259.924000
  1030   -129.919000   -129.919000      0.000000   -259.838000
  1031   -129.864000   -129.864000      0.000000   -259.728000
  1032   -129.800000   -129.800000      0.000000   -259.600000
  1033   -129.727000   -129.727000      0.000000   -259.454000
  1034   -129.655000   -129.655000      0.000000   -259.310000
  1035   -129.570000   -129.570000      0.000000   -259.140000
  1036   -129.480000   -129.480000      0.000000   -258.960000
  1037   -129.376000   -129.376000      0.000000   -258.752000
  1038   -129.275000   -129.275000      0.000000   -258.550000
  1039   -129.164000   -129.164000      0.000000   -258.328000
  1040   -129.046000   -129.046000      0.000000   -258.092000
  1041   -128.917000   -128.917000      0.000000   -257.834000
  1042   -128.777000   -128.777000      0.000000   -257.554000
  1043   -128.651000   -128.651000      0.000000   -257.302000
  1044   -128.506000   -128.506000      0.000000   -257.012000
  1045   -128.373000   -128.373000      0.000000   -256.746000
  1046   -128.228000   -128.228000      0.000000   -256.456000
  1047   -128.084000   -128.084000      0.000000   -256.168000
  1048   -127.935000   -127.935000      0.000000   -255.870000
  1049   -127.783000   -127.783000      0.000000   -255.566000
  1050   -127.627000   -127.627000      0.000000   -255.254000
  1051   -127.478000   -127.478000      0.000000   -254.956000
  1052   -127.324000   -127.324000      0.000000   -254.648000
  1053   -127.171000   -127.171000      0.000000   -254.342000
  1054   -127.017000   -127.017000      0.000000   -254.034000
  1055   -126.864000   -126.864000      0.000000   -253.728000
  1056   -126.724000   -126.724000      0.000000   -253.448000
  1057   -126.581000   -126.581000      0.000000   -253.162000
  1058   -126.441000   -126.441000      0.000000   -252.882000
  1059   -126.301000   -126.301000      0.000000   -252.602000
  1060   -126.161000   -126.161000      0.000000   -252.322000
  1061   -126.035000   -126.035000      0.000000   -252.070000
  1062   -125.895000   -125.895000      0.000000   -251.790000
  1063   -125.755000   -125.755000      0.000000   -251.510000
  1064   -125.615000   -125.615000      0.000000   -251.230000
  1065   -125.478000   -125.478000      0.000000   -250.956000
  1066   -125.349000   -125.349000      0.000000   -250.698000
  1067   -125.212000   -125.212000      0.000000   -250.424000
  1068   -125.072000   -125.072000      0.000000   -250.144000
  1069   -124.946000   -124.946000      0.000000   -249.892000
  1070   -124.806000   -124.806000      0.000000   -249.612000
  1071   -124.669000   -124.669000      0.000000   -249.338000
  1072   -124.529000   -124.529000      0.000000   -249.058000
  1073   -124.403000   -124.403000      0.000000   -248.806000
  1074   -124.263000   -124.263000      0.000000   -248.526000
  1075   -124.126000   -124.126000      0.000000   -248.252000
  1076   -123.986000   -123.986000      0.000000   -247.972000
  1077   -123.839000   -123.839000      0.000000   -247.678000
  1078   -123.699000   -123.699000      0.000000   -247.398000
  1079   -123.559000   -123.559000      0.000000   -247.118000
  1080   -123.422000   -123.422000      0.000000   -246.844000
  1081   -123.282000   -123.282000      0.000000   -246.564000
  1082   -123.131000   -123.131000      0.000000   -246.262000
  1083   -122.992000   -122.992000      0.000000   -245.984000
  1084   -122.852000   -122.852000      0.000000   -245.704000
  1085   -122.701000   -122.701000      0.000000   -245.402000
  1086   -122.561000   -122.561000      0.000000   -245.122000
  1087   -122.421000   -122.421000      0.000000   -244.842000
  1088   -122.271000   -122.271000      0.000000   -244.542000
  1089   -122.131000   -122.131000      0.000000   -244.262000
  1090   -121.980000   -121.980000      0.000000   -243.960000
  1091   -121.840000   -121.840000      0.000000   -243.680000
  1092   -121.690000   -121.690000      0.000000   -243.380000
  1093   -121.550000   -121.550000      0.000000   -243.100000
  1094   -121.399000   -121.399000      0.000000   -242.798000
  1095   -121.259000   -121.259000      0.000000   -242.518000
  1096   -121.109000   -121.109000      0.000000   -242.218000
  1097   -120.969000   -120.969000      0.000000   -241.938000
  1098   -120.818000   -120.818000      0.000000   -241.636000
  1099   -120.679000   -120.679000      0.000000   -241.358000
  1100   -120.528000   -120.528000      0.000000   -241.056000
  1101   -120.388000   -120.388000      0.000000   -240.776000
  1102   -120.238000   -120.238000      0.000000   -240.476000
  1103   -120.098000   -120.098000      0.000000   -240.196000
  1104   -119.947000   -119.947000      0.000000   -239.894000
  1105   -119.796000   -119.796000      0.000000   -239.592000
  1106   -119.654000   -119.654000      0.000000   -239.308000
  1107   -119.503000   -119.503000      0.000000   -239.006000
  1108   -119.352000   -119.352000      0.000000   -238.704000
  1109   -119.213000   -119.213000      0.000000   -238.426000
  1110   -119.062000   -119.062000      0.000000   -238.124000
  1111   -118.911000   -118.911000      0.000000   -237.822000
  1112   -118.772000   -118.772000      0.000000   -237.544000
  1113   -118.621000   -118.621000      0.000000   -237.242000
  1114   -118.481000   -118.481000      0.000000   -236.962000
  1115   -118.331000   -118.331000      0.000000   -236.662000
  1116   -118.191000   -118.191000      0.000000   -236.382000
  1117   -118.040000   -118.040000      0.000000   -236.080000
  1118   -117.889000   -117.889000      0.000000   -235.778000
  1119   -117.750000   -117.750000      0.000000   -235.500000
  1120   -117.599000   -117.599000      0.000000   -235.198000
  1121   -117.459000   -117.459000      0.000000   -234.918000
  1122   -117.309000   -117.309000      0.000000   -234.618000
  1123   -117.166000   -117.166000      0.000000   -234.332000
  1124   -117.018000   -117.018000      0.000000   -234.036000
  1125   -116.878000   -116.878000      0.000000   -233.756000
  1126   -116.738000   -116.738000      0.000000   -233.476000
  1127   -116.598000   -116.598000      0.000000   -233.196000
  1128   -116.448000   -116.448000      0.000000   -232.896000
  1129   -116.308000   -116.308000      0.000000   -232.616000
  1130   -116.168000   -116.168000      0.000000   -232.336000
  1131   -116.031000   -116.031000      0.000000   -232.062000
  1132   -115.881000   -115.881000      0.000000   -231.762000
  1133   -115.744000   -115.744000      0.000000   -231.488000
  1134   -115.604000   -115.604000      0.000000   -231.208000
  1135   -115.467000   -115.467000      0.000000   -230.934000
  1136   -115.327000   -115.327000      0.000000   -230.654000
  1137   -115.187000   -115.187000      0.000000   -230.374000
  1138   -115.050000   -115.050000      0.000000   -230.100000
  1139   -114.910000   -114.910000      0.000000   -229.820000
  1140   -114.770000   -114.770000      0.000000   -229.540000
  1141   -114.633000   -114.633000      0.000000   -229.266000
  1142   -114.494000   -114.494000      0.000000   -228.988000
  1143   -114.343000   -114.343000      0.000000   -228.686000
  1144   -114.203000   -114.203000      0.000000   -228.406000
  1145   -114.066000   -114.066000      0.000000   -228.132000
  1146   -113.926000   -113.926000      0.000000   -227.852000
  1147   -113.776000   -113.776000      0.000000   -227.552000
  1148   -113.639000   -113.639000      0.000000   -227.278000
  1149   -113.499000   -113.499000      0.000000   -226.998000
  1150   -113.359000   -113.359000      0.000000   -226.718000
  1151   -113.219000   -113.219000      0.000000   -226.438000
  1152   -113.069000   -113.069000      0.000000   -226.138000
  1153   -112.929000   -112.929000      0.000000   -225.858000
  1154   -112.781000   -112.781000      0.000000   -225.562000
  1155   -112.641000   -112.641000      0.000000   -225.282000
  1156   -112.501000   -112.501000      0.000000   -225.002000
  1157   -112.361000   -112.361000      0.000000   -224.722000
  1158   -112.211000   -112.211000      0.000000   -224.422000
  1159   -112.074000   -112.074000      0.000000   -224.148000
  1160   -111.934000   -111.934000      0.000000   -223.868000
  1161   -111.794000   -111.794000      0.000000   -223.588000
  1162   -111.654000   -111.654000      0.000000   -223.308000
  1163   -111.514000   -111.514000      0.000000   -223.028000
  1164   -111.374000   -111.374000      0.000000   -222.748000
  1165   -111.238000   -111.238000      0.000000   -222.476000
  1166   -111.098000   -111.098000      0.000000   -222.196000
  1167   -110.958000   -110.958000      0.000000   -221.916000
  1168   -110.818000   -110.818000      0.000000   -221.636000
  1169   -110.678000   -110.678000      0.000000   -221.356000
  1170   -110.527000   -110.527000      0.000000   -221.054000
  1171   -110.388000   -110.388000      0.000000   -220.776000
  1172   -110.248000   -110.248000      0.000000   -220.496000
  1173   -110.097000   -110.097000      0.000000   -220.194000
  1174   -109.957000   -109.957000      0.000000   -219.914000
  1175   -109.817000   -109.817000      0.000000   -219.634000
  1176   -109.677000   -109.677000      0.000000   -219.354000
  1177   -109.527000   -109.527000      0.000000   -219.054000
  1178   -109.387000   -109.387000      0.000000   -218.774000
  1179   -109.244000   -109.244000      0.000000   -218.488000
  1180   -109.104000   -109.104000      0.000000   -218.208000
  1181   -108.954000   -108.954000      0.000000   -217.908000
  1182   -108.814000   -108.814000      0.000000   -217.628000
  1183   -108.663000   -108.663000      0.000000   -217.326000
  1184   -108.526000   -108.526000      0.000000   -217.052000
  1185   -108.376000   -108.376000      0.000000   -216.752000
  1186   -108.236000   -108.236000      0.000000   -216.472000
  1187   -108.085000   -108.085000      0.000000   -216.170000
  1188   -107.935000   -107.935000      0.000000   -215.870000
  1189   -107.795000   -107.795000      0.000000   -215.590000
  1190   -107.644000   -107.644000      0.000000   -215.288000
  1191   -107.504000   -107.504000      0.000000   -215.008000
  1192   -107.354000   -107.354000      0.000000   -214.708000
  1193   -107.203000   -107.203000      0.000000   -214.406000
  1194   -107.053000   -107.053000      0.000000   -214.106000
  1195   -106.902000   -106.902000      0.000000   -213.804000
  1196   -106.741000   -106.741000      0.000000   -213.482000
  1197   -106.587000   -106.587000      0.000000   -213.174000
  1198   -106.437000   -106.437000      0.000000   -212.874000
  1199   -106.283000   -106.283000      0.000000   -212.566000
  1200   -106.122000   -106.122000      0.000000   -212.244000
  1201   -105.969000   -105.969000      0.000000   -211.938000
  1202   -105.807000   -105.807000      0.000000   -211.614000
  1203   -105.657000   -105.657000      0.000000   -211.314000
  1204   -105.493000   -105.493000      0.000000   -210.986000
  1205   -105.331000   -105.331000      0.000000   -210.662000
  1206   -105.184000   -105.184000      0.000000   -210.368000
  1207   -105.033000   -105.033000      0.000000   -210.066000
  1208   -104.883000   -104.883000      0.000000   -209.766000
  1209   -104.732000   -104.732000      0.000000   -209.464000
  1210   -104.571000   -104.571000      0.000000   -209.142000
  1211   -104.420000   -104.420000      0.000000   -208.840000
  1212   -104.273000   -104.273000      0.000000   -208.546000
  1213   -104.119000   -104.119000      0.000000   -208.238000
  1214   -103.958000   -103.958000      0.000000   -207.916000
  1215   -103.807000   -103.807000      0.000000   -207.614000
  1216   -103.657000   -103.657000      0.000000   -207.314000
  1217   -103.506000   -103.506000      0.000000   -207.012000
  1218   -103.353000   -103.353000      0.000000   -206.706000
  1219   -103.213000   -103.213000      0.000000   -206.426000
  1220   -103.073000   -103.073000      0.000000   -206.146000
  1221   -102.922000   -102.922000      0.000000   -205.844000
  1222   -102.783000   -102.783000      0.000000   -205.566000
  1223   -102.632000   -102.632000      0.000000   -205.264000
  1224   -102.495000   -102.495000      0.000000   -204.990000
  1225   -102.345000   -102.345000      0.000000   -204.690000
  1226   -102.208000   -102.208000      0.000000   -204.416000
  1227   -102.057000   -102.057000      0.000000   -204.114000
  1228   -101.910000   -101.910000      0.000000   -203.820000
  1229   -101.770000   -101.770000      0.000000   -203.540000
  1230   -101.611000   -101.611000      0.000000   -203.222000
  1231   -101.464000   -101.464000      0.000000   -202.928000
  1232   -101.313000   -101.313000      0.000000   -202.626000
  1233   -101.166000   -101.166000      0.000000   -202.332000
  1234   -101.005000   -101.005000      0.000000   -202.010000
  1235   -100.857000   -100.857000      0.000000   -201.714000
  1236   -100.696000   -100.696000      0.000000   -201.392000
  1237   -100.548000   -100.548000      0.000000   -201.096000
  1238   -100.387000   -100.387000      0.000000   -200.774000
  1239   -100.239000   -100.239000      0.000000   -200.478000
  1240   -100.089000   -100.089000      0.000000   -200.178000
  1241    -99.938000    -99.938000      0.000000   -199.876000
  1242    -99.801000    -99.801000      0.000000   -199.602000
  1243    -99.650000    -99.650000      0.000000   -199.300000
  1244    -99.497000    -99.497000      0.000000   -198.994000
  1245    -99.357000    -99.357000      0.000000   -198.714000
  1246    -99.196000    -99.196000      0.000000   -198.392000
  1247    -99.042000    -99.042000      0.000000   -198.084000
  1248    -98.892000    -98.892000      0.000000   -197.784000
  1249    -98.738000    -98.738000      0.000000   -197.476000
  1250    -98.574000    -98.574000      0.000000   -197.148000
  1251    -98.423000    -98.423000      0.000000   -196.846000
  1252    -98.259000    -98.259000      0.000000   -196.518000
  1253    -98.106000    -98.106000      0.000000   -196.212000
  1254    -97.955000    -97.955000      0.000000   -195.910000
  1255    -97.791000    -97.791000      0.000000   -195.582000
  1256    -97.640000    -97.640000      0.000000   -195.280000
  1257    -97.479000    -97.479000      0.000000   -194.958000
  1258    -97.329000    -97.329000      0.000000   -194.658000
  1259    -97.167000    -97.167000      0.000000   -194.334000
  1260    -97.017000    -97.017000      0.000000   -194.034000
  1261    -96.856000    -96.856000      0.000000   -193.712000
  1262    -96.705000    -96.705000      0.000000   -193.410000
  1263    -96.541000    -96.541000      0.000000   -193.082000
  1264    -96.390000    -96.390000      0.000000   -192.780000
  1265    -96.229000    -96.229000      0.000000   -192.458000
  1266    -96.079000    -96.079000      0.000000   -192.158000
  1267    -95.917000    -95.917000      0.000000   -191.834000
  1268    -95.767000    -95.767000      0.000000   -191.534000
  1269    -95.613000    -95.613000      0.000000   -191.226000
  1270    -95.463000    -95.463000      0.000000   -190.926000
  1271    -95.309000    -95.309000      0.000000   -190.618000
  1272    -95.156000    -95.156000      0.000000   -190.312000
  1273    -94.994000    -94.994000      0.000000   -189.988000
  1274    -94.841000    -94.841000      0.000000   -189.682000
  1275    -94.687000    -94.687000      0.000000   -189.374000
  1276    -94.523000    -94.523000      0.000000   -189.046000
  1277    -94.370000    -94.370000      0.000000   -188.740000
  1278    -94.216000    -94.216000      0.000000   -188.432000
  1279    -94.052000    -94.052000      0.000000   -188.104000
  1280    -93.898000    -93.898000      0.000000   -187.796000
  1281    -93.745000    -93.745000      0.000000   -187.490000
  1282    -93.581000    -93.581000      0.000000   -187.162000
  1283    -93.427000    -93.427000      0.000000   -186.854000
  1284    -93.263000    -93.263000      0.000000   -186.526000
  1285    -93.099000    -93.099000      0.000000   -186.198000
  1286    -92.945000    -92.945000      0.000000   -185.890000
  1287    -92.781000    -92.781000      0.000000   -185.562000
  1288    -92.617000    -92.617000      0.000000   -185.234000
  1289    -92.453000    -92.453000      0.000000   -184.906000
  1290    -92.299000    -92.299000      0.000000   -184.598000
  1291    -92.146000    -92.146000      0.000000   -184.292000
  1292    -91.992000    -91.992000      0.000000   -183.984000
  1293    -91.831000    -91.831000      0.000000   -183.662000
  1294    -91.680000    -91.680000      0.000000   -183.360000
  1295    -91.530000    -91.530000      0.000000   -183.060000
  1296    -91.369000    -91.369000      0.000000   -182.738000
  1297    -91.210000    -91.210000      0.000000   -182.420000
  1298    -91.060000    -91.060000      0.000000   -182.120000
  1299    -90.899000    -90.899000      0.000000   -181.798000
  1300    -90.748000    -90.748000      0.000000   -181.496000
  1301    -90.590000    -90.590000      0.000000   -181.180000
  1302    -90.439000    -90.439000      0.000000   -180.878000
  1303    -90.278000    -90.278000      0.000000   -180.556000
  1304    -90.128000    -90.128000      0.000000   -180.256000
  1305    -89.966000    -89.966000      0.000000   -179.932000
  1306    -89.816000    -89.816000      0.000000   -179.632000
  1307    -89.655000    -89.655000      0.000000   -179.310000
  1308    -89.504000    -89.504000      0.000000   -179.008000
  1309    -89.354000    -89.354000      0.000000   -178.708000
  1310    -89.192000    -89.192000      0.000000   -178.384000
  1311    -89.042000    -89.042000      0.000000   -178.084000
  1312    -88.891000    -88.891000      0.000000   -177.782000
  1313    -88.730000    -88.730000      0.000000   -177.460000
  1314    -88.579000    -88.579000      0.000000   -177.158000
  1315    -88.418000    -88.418000      0.000000   -176.836000
  1316    -88.257000    -88.257000      0.000000   -176.514000
  1317    -88.107000    -88.107000      0.000000   -176.214000
  1318    -87.945000    -87.945000      0.000000   -175.890000
  1319    -87.784000    -87.784000      0.000000   -175.568000
  1320    -87.620000    -87.620000      0.000000   -175.240000
  1321    -87.459000    -87.459000      0.000000   -174.918000
  1322    -87.298000    -87.298000      0.000000   -174.596000
  1323    -87.147000    -87.147000      0.000000   -174.294000
  1324    -86.986000    -86.986000      0.000000   -173.972000
  1325    -86.825000    -86.825000      0.000000   -173.650000
  1326    -86.660000    -86.660000      0.000000   -173.320000
  1327    -86.510000    -86.510000      0.000000   -173.020000
  1328    -86.349000    -86.349000      0.000000   -172.698000
  1329    -86.187000    -86.187000      0.000000   -172.374000
  1330    -86.034000    -86.034000      0.000000   -172.068000
  1331    -85.873000    -85.873000      0.000000   -171.746000
  1332    -85.711000    -85.711000      0.000000   -171.422000
  1333    -85.558000    -85.558000      0.000000   -171.116000
  1334    -85.397000    -85.397000      0.000000   -170.794000
  1335    -85.236000    -85.236000      0.000000   -170.472000
  1336    -85.074000    -85.074000      0.000000   -170.148000
  1337    -84.924000    -84.924000      0.000000   -169.848000
  1338    -84.763000    -84.763000      0.000000   -169.526000
  1339    -84.612000    -84.612000      0.000000   -169.224000
  1340    -84.448000    -84.448000      0.000000   -168.896000
  1341    -84.287000    -84.287000      0.000000   -168.574000
  1342    -84.136000    -84.136000      0.000000   -168.272000
  1343    -83.975000    -83.975000      0.000000   -167.950000
  1344    -83.814000    -83.814000      0.000000   -167.628000
  1345    -83.650000    -83.650000      0.000000   -167.300000
  1346    -83.488000    -83.488000      0.000000   -166.976000
  1347    -83.327000    -83.327000      0.000000   -166.654000
  1348    -83.166000    -83.166000      0.000000   -166.332000
  1349    -83.002000    -83.002000      0.000000   -166.004000
  1350    -82.841000    -82.841000      0.000000   -165.682000
  1351    -82.679000    -82.679000      0.000000   -165.358000
  1352    -82.515000    -82.515000      0.000000   -165.030000
  1353    -82.354000    -82.354000      0.000000   -164.708000
  1354    -82.193000    -82.193000      0.000000   -164.386000
  1355    -82.042000    -82.042000      0.000000   -164.084000
  1356    -81.881000    -81.881000      0.000000   -163.762000
  1357    -81.720000    -81.720000      0.000000   -163.440000
  1358    -81.545000    -81.545000      0.000000   -163.090000
  1359    -81.384000    -81.384000      0.000000   -162.768000
  1360    -81.226000    -81.226000      0.000000   -162.452000
  1361    -81.064000    -81.064000      0.000000   -162.128000
  1362    -80.892000    -80.892000      0.000000   -161.784000
  1363    -80.734000    -80.734000      0.000000   -161.468000
  1364    -80.573000    -80.573000      0.000000   -161.146000
  1365    -80.404000    -80.404000      0.000000   -160.808000
  1366    -80.243000    -80.243000      0.000000   -160.486000
  1367    -80.074000    -80.074000      0.000000   -160.148000
  1368    -79.913000    -79.913000      0.000000   -159.826000
  1369    -79.744000    -79.744000      0.000000   -159.488000
  1370    -79.583000    -79.583000      0.000000   -159.166000
  1371    -79.422000    -79.422000      0.000000   -158.844000
  1372    -79.250000    -79.250000      0.000000   -158.500000
  1373    -79.089000    -79.089000      0.000000   -158.178000
  1374    -78.927000    -78.927000      0.000000   -157.854000
  1375    -78.763000    -78.763000      0.000000   -157.526000
  1376    -78.602000    -78.602000      0.000000   -157.204000
  1377    -78.441000    -78.441000      0.000000   -156.882000
  1378    -78.280000    -78.280000      0.000000   -156.560000
  1379    -78.116000    -78.116000      0.000000   -156.232000
  1380    -77.954000    -77.954000      0.000000   -155.908000
  1381    -77.793000    -77.793000      0.000000   -155.586000
  1382    -77.632000    -77.632000      0.000000   -155.264000
  1383    -77.468000    -77.468000      0.000000   -154.936000
  1384    -77.307000    -77.307000      0.000000   -154.614000
  1385    -77.153000    -77.153000      0.000000   -154.306000
  1386    -76.989000    -76.989000      0.000000   -153.978000
  1387    -76.825000    -76.825000      0.000000   -153.650000
  1388    -76.671000    -76.671000      0.000000   -153.342000
  1389    -76.507000    -76.507000      0.000000   -153.014000
  1390    -76.350000    -76.350000      0.000000   -152.700000
  1391    -76.197000    -76.197000      0.000000   -152.394000
  1392    -76.030000    -76.030000      0.000000   -152.060000
  1393    -75.876000    -75.876000      0.000000   -151.752000
  1394    -75.709000    -75.709000      0.000000   -151.418000
  1395    -75.552000    -75.552000      0.000000   -151.104000
  1396    -75.388000    -75.388000      0.000000   -150.776000
  1397    -75.232000    -75.232000      0.000000   -150.464000
  1398    -75.068000    -75.068000      0.000000   -150.136000
  1399    -74.914000    -74.914000      0.000000   -149.828000
  1400    -74.750000    -74.750000      0.000000   -149.500000
  1401    -74.586000    -74.586000      0.000000   -149.172000
  1402    -74.422000    -74.422000      0.000000   -148.844000
  1403    -74.271000    -74.271000      0.000000   -148.542000
  1404    -74.107000    -74.107000      0.000000   -148.214000
  1405    -73.943000    -73.943000      0.000000   -147.886000
  1406    -73.789000    -73.789000      0.000000   -147.578000
  1407    -73.628000    -73.628000      0.000000   -147.256000
  1408    -73.464000    -73.464000      0.000000   -146.928000
  1409    -73.303000    -73.303000      0.000000   -146.606000
  1410    -73.138000    -73.138000      0.000000   -146.276000
  1411    -72.977000    -72.977000      0.000000   -145.954000
  1412    -72.816000    -72.816000      0.000000   -145.632000
  1413    -72.655000    -72.655000      0.000000   -145.310000
  1414    -72.494000    -72.494000      0.000000   -144.988000
  1415    -72.332000    -72.332000      0.000000   -144.664000
  1416    -72.171000    -72.171000      0.000000   -144.342000
  1417    -72.010000    -72.010000      0.000000   -144.020000
  1418    -71.849000    -71.849000      0.000000   -143.698000
  1419    -71.688000    -71.688000      0.000000   -143.376000
  1420    -71.526000    -71.526000      0.000000   -143.052000
  1421    -71.365000    -71.365000      0.000000   -142.730000
  1422    -71.204000    -71.204000      0.000000   -142.408000
  1423    -71.040000    -71.040000      0.000000   -142.080000
  1424    -70.879000    -70.879000      0.000000   -141.758000
  1425    -70.715000    -70.715000      0.000000   -141.430000
  1426    -70.553000    -70.553000      0.000000   -141.106000
  1427    -70.389000    -70.389000      0.000000   -140.778000
  1428    -70.214000    -70.214000      0.000000   -140.428000
  1429    -70.053000    -70.053000      0.000000   -140.106000
  1430    -69.889000    -69.889000      0.000000   -139.778000
  1431    -69.725000    -69.725000      0.000000   -139.450000
  1432    -69.564000    -69.564000      0.000000   -139.128000
  1433    -69.399000    -69.399000      0.000000   -138.798000
  1434    -69.228000    -69.228000      0.000000   -138.456000
  1435    -69.069000    -69.069000      0.000000   -138.138000
  1436    -68.897000    -68.897000      0.000000   -137.794000
  1437    -68.739000    -68.739000      0.000000   -137.478000
  1438    -68.578000    -68.578000      0.000000   -137.156000
  1439    -68.420000    -68.420000      0.000000   -136.840000
  1440    -68.259000    -68.259000      0.000000   -136.518000
  1441    -68.097000    -68.097000      0.000000   -136.194000
  1442    -67.947000    -67.947000      0.000000   -135.894000
  1443    -67.786000    -67.786000      0.000000   -135.572000
  1444    -67.625000    -67.625000      0.000000   -135.250000
  1445    -67.463000    -67.463000      0.000000   -134.926000
  1446    -67.302000    -67.302000      0.000000   -134.604000
  1447    -67.138000    -67.138000      0.000000   -134.276000
  1448    -66.977000    -66.977000      0.000000   -133.954000
  1449    -66.816000    -66.816000      0.000000   -133.632000
  1450    -66.651000    -66.651000      0.000000   -133.302000
  1451    -66.501000    -66.501000      0.000000   -133.002000
  1452    -66.340000    -66.340000      0.000000   -132.680000
  1453    -66.179000    -66.179000      0.000000   -132.358000
  1454    -66.014000    -66.014000      0.000000   -132.028000
  1455    -65.853000    -65.853000      0.000000   -131.706000
  1456    -65.692000    -65.692000      0.000000   -131.384000
  1457    -65.528000    -65.528000      0.000000   -131.056000
  1458    -65.364000    -65.364000      0.000000   -130.728000
  1459    -65.213000    -65.213000      0.000000   -130.426000
  1460    -65.049000    -65.049000      0.000000   -130.098000
  1461    -64.888000    -64.888000      0.000000   -129.776000
  1462    -64.734000    -64.734000      0.000000   -129.468000
  1463    -64.570000    -64.570000      0.000000   -129.140000
  1464    -64.409000    -64.409000      0.000000   -128.818000
  1465    -64.245000    -64.245000      0.000000   -128.490000
  1466    -64.083000    -64.083000      0.000000   -128.166000
  1467    -63.930000    -63.930000      0.000000   -127.860000
  1468    -63.769000    -63.769000      0.000000   -127.538000
  1469    -63.605000    -63.605000      0.000000   -127.210000
  1470    -63.454000    -63.454000      0.000000   -126.908000
  1471    -63.293000    -63.293000      0.000000   -126.586000
  1472    -63.129000    -63.129000      0.000000   -126.258000
  1473    -62.978000    -62.978000      0.000000   -125.956000
  1474    -62.814000    -62.814000      0.000000   -125.628000
  1475    -62.653000    -62.653000      0.000000   -125.306000
  1476    -62.499000    -62.499000      0.000000   -124.998000
  1477    -62.338000    -62.338000      0.000000   -124.676000
  1478    -62.174000    -62.174000      0.000000   -124.348000
  1479    -62.023000    -62.023000      0.000000   -124.046000
  1480    -61.862000    -61.862000      0.000000   -123.724000
  1481    -61.698000    -61.698000      0.000000   -123.396000
  1482    -61.537000    -61.537000      0.000000   -123.074000
  1483    -61.386000    -61.386000      0.000000   -122.772000
  1484    -61.222000    -61.222000      0.000000   -122.444000
  1485    -61.061000    -61.061000      0.000000   -122.122000
  1486    -60.897000    -60.897000      0.000000   -121.794000
  1487    -60.736000    -60.736000      0.000000   -121.472000
  1488    -60.582000    -60.582000      0.000000   -121.164000
  1489    -60.421000    -60.421000      0.000000   -120.842000
  1490    -60.257000    -60.257000      0.000000   -120.514000
  1491    -60.096000    -60.096000      0.000000   -120.192000
  1492    -59.942000    -59.942000      0.000000   -119.884000
  1493    -59.778000    -59.778000      0.000000   -119.556000
  1494    -59.614000    -59.614000      0.000000   -119.228000
  1495    -59.453000    -59.453000      0.000000   -118.906000
  1496    -59.299000    -59.299000      0.000000   -118.598000
  1497    -59.138000    -59.138000      0.000000   -118.276000
  1498    -58.974000    -58.974000      0.000000   -117.948000
  1499    -58.813000    -58.813000      0.000000   -117.626000
  1500    -58.648000    -58.648000      0.000000   -117.296000
  1501    -58.487000    -58.487000      0.000000   -116.974000
  1502    -58.323000    -58.323000      0.000000   -116.646000
  1503    -58.162000    -58.162000      0.000000   -116.324000
  1504    -58.001000    -58.001000      0.000000   -116.002000
  1505    -57.836000    -57.836000      0.000000   -115.672000
  1506    -57.686000    -57.686000      0.000000   -115.372000
  1507    -57.525000    -57.525000      0.000000   -115.050000
  1508    -57.364000    -57.364000      0.000000   -114.728000
  1509    -57.205000    -57.205000      0.000000   -114.410000
  1510    -57.044000    -57.044000      0.000000   -114.088000
  1511    -56.883000    -56.883000      0.000000   -113.766000
  1512    -56.722000    -56.722000      0.000000   -113.444000
  1513    -56.561000    -56.561000      0.000000   -113.122000
  1514    -56.399000    -56.399000      0.000000   -112.798000
  1515    -56.238000    -56.238000      0.000000   -112.476000
  1516    -56.069000    -56.069000      0.000000   -112.138000
  1517    -55.908000    -55.908000      0.000000   -111.816000
  1518    -55.747000    -55.747000      0.000000   -111.494000
  1519    -55.586000    -55.586000      0.000000   -111.172000
  1520    -55.425000    -55.425000      0.000000   -110.850000
  1521    -55.261000    -55.261000      0.000000   -110.522000
  1522    -55.099000    -55.099000      0.000000   -110.198000
  1523    -54.938000    -54.938000      0.000000   -109.876000
  1524    -54.777000    -54.777000      0.000000   -109.554000
  1525    -54.605000    -54.605000      0.000000   -109.210000
  1526    -54.444000    -54.444000      0.000000   -108.888000
  1527    -54.283000    -54.283000      0.000000   -108.566000
  1528    -54.122000    -54.122000      0.000000   -108.244000
  1529    -53.957000    -53.957000      0.000000   -107.914000
  1530    -53.796000    -53.796000      0.000000   -107.592000
  1531    -53.632000    -53.632000      0.000000   -107.264000
  1532    -53.482000    -53.482000      0.000000   -106.964000
  1533    -53.317000    -53.317000      0.000000   -106.634000
  1534    -53.156000    -53.156000      0.000000   -106.312000
  1535    -53.003000    -53.003000      0.000000   -106.006000
  1536    -52.842000    -52.842000      0.000000   -105.684000
  1537    -52.677000    -52.677000      0.000000   -105.354000
  1538    -52.527000    -52.527000      0.000000   -105.054000
  1539    -52.373000    -52.373000      0.000000   -104.746000
  1540    -52.212000    -52.212000      0.000000   -104.424000
  1541    -52.059000    -52.059000      0.000000   -104.118000
  1542    -51.908000    -51.908000      0.000000   -103.816000
  1543    -51.744000    -51.744000      0.000000   -103.488000
  1544    -51.593000    -51.593000      0.000000   -103.186000
  1545    -51.443000    -51.443000      0.000000   -102.886000
  1546    -51.279000    -51.279000      0.000000   -102.558000
  1547    -51.128000    -51.128000      0.000000   -102.256000
  1548    -50.978000    -50.978000      0.000000   -101.956000
  1549    -50.814000    -50.814000      0.000000   -101.628000
  1550    -50.663000    -50.663000      0.000000   -101.326000
  1551    -50.512000    -50.512000      0.000000   -101.024000
  1552    -50.348000    -50.348000      0.000000   -100.696000
  1553    -50.198000    -50.198000      0.000000   -100.396000
  1554    -50.047000    -50.047000      0.000000   -100.094000
  1555    -49.894000    -49.894000      0.000000    -99.788000
  1556    -49.743000    -49.743000      0.000000    -99.486000
  1557    -49.582000    -49.582000      0.000000    -99.164000
  1558    -49.432000    -49.432000      0.000000    -98.864000
  1559    -49.278000    -49.278000      0.000000    -98.556000
  1560    -49.128000    -49.128000      0.000000    -98.256000
  1561    -48.963000    -48.963000      0.000000    -97.926000
  1562    -48.813000    -48.813000      0.000000    -97.626000
  1563    -48.662000    -48.662000      0.000000    -97.324000
  1564    -48.509000    -48.509000      0.000000    -97.018000
  1565    -48.348000    -48.348000      0.000000    -96.696000
  1566    -48.194000    -48.194000      0.000000    -96.388000
  1567    -48.044000    -48.044000      0.000000    -96.088000
  1568    -47.890000    -47.890000      0.000000    -95.780000
  1569    -47.737000    -47.737000      0.000000    -95.474000
  1570    -47.586000    -47.586000      0.000000    -95.172000
  1571    -47.433000    -47.433000      0.000000    -94.866000
  1572    -47.268000    -47.268000      0.000000    -94.536000
  1573    -47.126000    -47.126000      0.000000    -94.252000
  1574    -46.972000    -46.972000      0.000000    -93.944000
  1575    -46.819000    -46.819000      0.000000    -93.638000
  1576    -46.665000    -46.665000      0.000000    -93.330000
  1577    -46.512000    -46.512000      0.000000    -93.024000
  1578    -46.358000    -46.358000      0.000000    -92.716000
  1579    -46.205000    -46.205000      0.000000    -92.410000
  1580    -46.051000    -46.051000      0.000000    -92.102000
  1581    -45.898000    -45.898000      0.000000    -91.796000
  1582    -45.752000    -45.752000      0.000000    -91.504000
  1583    -45.602000    -45.602000      0.000000    -91.204000
  1584    -45.448000    -45.448000      0.000000    -90.896000
  1585    -45.295000    -45.295000      0.000000    -90.590000
  1586    -45.144000    -45.144000      0.000000    -90.288000
  1587    -44.994000    -44.994000      0.000000    -89.988000
  1588    -44.843000    -44.843000      0.000000    -89.686000
  1589    -44.693000    -44.693000      0.000000    -89.386000
  1590    -44.542000    -44.542000      0.000000    -89.084000
  1591    -44.394000    -44.394000      0.000000    -88.788000
  1592    -44.244000    -44.244000      0.000000    -88.488000
  1593    -44.083000    -44.083000      0.000000    -88.166000
  1594    -43.925000    -43.925000      0.000000    -87.850000
  1595    -43.763000    -43.763000      0.000000    -87.526000
  1596    -43.605000    -43.605000      0.000000    -87.210000
  1597    -43.455000    -43.455000      0.000000    -86.910000
  1598    -43.293000    -43.293000      0.000000    -86.586000
  1599    -43.132000    -43.132000      0.000000    -86.264000
  1600    -42.971000    -42.971000      0.000000    -85.942000
  1601    -42.810000    -42.810000      0.000000    -85.620000
  1602    -42.659000    -42.659000      0.000000    -85.318000
  1603    -42.498000    -42.498000      0.000000    -84.996000
  1604    -42.340000    -42.340000      0.000000    -84.680000
  1605    -42.189000    -42.189000      0.000000    -84.378000
  1606    -42.028000    -42.028000      0.000000    -84.056000
  1607    -41.878000    -41.878000      0.000000    -83.756000
  1608    -41.717000    -41.717000      0.000000    -83.434000
  1609    -41.566000    -41.566000      0.000000    -83.132000
  1610    -41.405000    -41.405000      0.000000    -82.810000
  1611    -41.254000    -41.254000      0.000000    -82.508000
  1612    -41.093000    -41.093000      0.000000    -82.186000
  1613    -40.943000    -40.943000      0.000000    -81.886000
  1614    -40.781000    -40.781000      0.000000    -81.562000
  1615    -40.628000    -40.628000      0.000000    -81.256000
  1616    -40.467000    -40.467000      0.000000    -80.934000
  1617    -40.306000    -40.306000      0.000000    -80.612000
  1618    -40.155000    -40.155000      0.000000    -80.310000
  1619    -39.994000    -39.994000      0.000000    -79.988000
  1620    -39.843000    -39.843000      0.000000    -79.686000
  1621    -39.682000    -39.682000      0.000000    -79.364000
  1622    -39.532000    -39.532000      0.000000    -79.064000
  1623    -39.368000    -39.368000      0.000000    -78.736000
  1624    -39.206000    -39.206000      0.000000    -78.412000
  1625    -39.056000    -39.056000      0.000000    -78.112000
  1626    -38.895000    -38.895000      0.000000    -77.790000
  1627    -38.741000    -38.741000      0.000000    -77.482000
  1628    -38.580000    -38.580000      0.000000    -77.160000
  1629    -38.430000    -38.430000      0.000000    -76.860000
  1630    -38.276000    -38.276000      0.000000    -76.552000
  1631    -38.115000    -38.115000      0.000000    -76.230000
  1632    -37.964000    -37.964000      0.000000    -75.928000
  1633    -37.811000    -37.811000      0.000000    -75.622000
  1634    -37.650000    -37.650000      0.000000    -75.300000
  1635    -37.496000    -37.496000      0.000000    -74.992000
  1636    -37.335000    -37.335000      0.000000    -74.670000
  1637    -37.182000    -37.182000      0.000000    -74.364000
  1638    -37.028000    -37.028000      0.000000    -74.056000
  1639    -36.867000    -36.867000      0.000000    -73.734000
  1640    -36.713000    -36.713000      0.000000    -73.426000
  1641    -36.552000    -36.552000      0.000000    -73.104000
  1642    -36.402000    -36.402000      0.000000    -72.804000
  1643    -36.241000    -36.241000      0.000000    -72.482000
  1644    -36.090000    -36.090000      0.000000    -72.180000
  1645    -35.929000    -35.929000      0.000000    -71.858000
  1646    -35.778000    -35.778000      0.000000    -71.556000
  1647    -35.617000    -35.617000      0.000000    -71.234000
  1648    -35.467000    -35.467000      0.000000    -70.934000
  1649    -35.306000    -35.306000      0.000000    -70.612000
  1650    -35.144000    -35.144000      0.000000    -70.288000
  1651    -34.994000    -34.994000      0.000000    -69.988000
  1652    -34.833000    -34.833000      0.000000    -69.666000
  1653    -34.682000    -34.682000      0.000000    -69.364000
  1654    -34.521000    -34.521000      0.000000    -69.042000
  1655    -34.370000    -34.370000      0.000000    -68.740000
  1656    -34.209000    -34.209000      0.000000    -68.418000
  1657    -34.059000    -34.059000      0.000000    -68.118000
  1658    -33.895000    -33.895000      0.000000    -67.790000
  1659    -33.744000    -33.744000      0.000000    -67.488000
  1660    -33.583000    -33.583000      0.000000    -67.166000
  1661    -33.422000    -33.422000      0.000000    -66.844000
  1662    -33.271000    -33.271000      0.000000    -66.542000
  1663    -33.121000    -33.121000      0.000000    -66.242000
  1664    -32.960000    -32.960000      0.000000    -65.920000
  1665    -32.809000    -32.809000      0.000000    -65.618000
  1666    -32.648000    -32.648000      0.000000    -65.296000
  1667    -32.494000    -32.494000      0.000000    -64.988000
  1668    -32.333000    -32.333000      0.000000    -64.666000
  1669    -32.183000    -32.183000      0.000000    -64.366000
  1670    -32.022000    -32.022000      0.000000    -64.044000
  1671    -31.871000    -31.871000      0.000000    -63.742000
  1672    -31.721000    -31.721000      0.000000    -63.442000
  1673    -31.556000    -31.556000      0.000000    -63.112000
  1674    -31.406000    -31.406000      0.000000    -62.812000
  1675    -31.245000    -31.245000      0.000000    -62.490000
  1676    -31.094000    -31.094000      0.000000    -62.188000
  1677    -30.933000    -30.933000      0.000000    -61.866000
  1678    -30.783000    -30.783000      0.000000    -61.566000
  1679    -30.621000    -30.621000      0.000000    -61.242000
  1680    -30.471000    -30.471000      0.000000    -60.942000
  1681    -30.310000    -30.310000      0.000000    -60.620000
  1682    -30.159000    -30.159000      0.000000    -60.318000
  1683    -29.998000    -29.998000      0.000000    -59.996000
  1684    -29.847000    -29.847000      0.000000    -59.694000
  1685    -29.697000    -29.697000      0.000000    -59.394000
  1686    -29.536000    -29.536000      0.000000    -59.072000
  1687    -29.385000    -29.385000      0.000000    -58.770000
  1688    -29.221000    -29.221000      0.000000    -58.442000
  1689    -29.071000    -29.071000      0.000000    -58.142000
  1690    -28.909000    -28.909000      0.000000    -57.818000
  1691    -28.748000    -28.748000      0.000000    -57.496000
  1692    -28.587000    -28.587000      0.000000    -57.174000
  1693    -28.426000    -28.426000      0.000000    -56.852000
  1694    -28.276000    -28.276000      0.000000    -56.552000
  1695    -28.114000    -28.114000      0.000000    -56.228000
  1696    -27.953000    -27.953000      0.000000    -55.906000
  1697    -27.792000    -27.792000      0.000000    -55.584000
  1698    -27.631000    -27.631000      0.000000    -55.262000
  1699    -27.467000    -27.467000      0.000000    -54.934000
  1700    -27.306000    -27.306000      0.000000    -54.612000
  1701    -27.144000    -27.144000      0.000000    -54.288000
  1702    -26.994000    -26.994000      0.000000    -53.988000
  1703    -26.833000    -26.833000      0.000000    -53.666000
  1704    -26.672000    -26.672000      0.000000    -53.344000
  1705    -26.510000    -26.510000      0.000000    -53.020000
  1706    -26.349000    -26.349000      0.000000    -52.698000
  1707    -26.199000    -26.199000      0.000000    -52.398000
  1708    -26.038000    -26.038000      0.000000    -52.076000
  1709    -25.879000    -25.879000      0.000000    -51.758000
  1710    -25.718000    -25.718000      0.000000    -51.436000
  1711    -25.568000    -25.568000      0.000000    -51.136000
  1712    -25.407000    -25.407000      0.000000    -50.814000
  1713    -25.256000    -25.256000      0.000000    -50.512000
  1714    -25.103000    -25.103000      0.000000    -50.206000
  1715    -24.941000    -24.941000      0.000000    -49.882000
  1716    -24.791000    -24.791000      0.000000    -49.582000
  1717    -24.637000    -24.637000      0.000000    -49.274000
  1718    -24.487000    -24.487000      0.000000    -48.974000
  1719    -24.326000    -24.326000      0.000000    -48.652000
  1720    -24.175000    -24.175000      0.000000    -48.350000
  1721    -24.022000    -24.022000      0.000000    -48.044000
  1722    -23.871000    -23.871000      0.000000    -47.742000
  1723    -23.721000    -23.721000      0.000000    -47.442000
  1724    -23.570000    -23.570000      0.000000    -47.140000
  1725    -23.420000    -23.420000      0.000000    -46.840000
  1726    -23.256000    -23.256000      0.000000    -46.512000
  1727    -23.105000    -23.105000      0.000000    -46.210000
  1728    -22.955000    -22.955000      0.000000    -45.910000
  1729    -22.790000    -22.790000      0.000000    -45.580000
  1730    -22.640000    -22.640000      0.000000    -45.280000
  1731    -22.476000    -22.476000      0.000000    -44.952000
  1732    -22.325000    -22.325000      0.000000    -44.650000
  1733    -22.175000    -22.175000      0.000000    -44.350000
  1734    -22.021000    -22.021000      0.000000    -44.042000
  1735    -21.871000    -21.871000      0.000000    -43.742000
  1736    -21.720000    -21.720000      0.000000    -43.440000
  1737    -21.570000    -21.570000      0.000000    -43.140000
  1738    -21.416000    -21.416000      0.000000    -42.832000
  1739    -21.266000    -21.266000      0.000000    -42.532000
  1740    -21.115000    -21.115000      0.000000    -42.230000
  1741    -20.954000    -20.954000      0.000000    -41.908000
  1742    -20.801000    -20.801000      0.000000    -41.602000
  1743    -20.650000    -20.650000      0.000000    -41.300000
  1744    -20.500000    -20.500000      0.000000    -41.000000
  1745    -20.339000    -20.339000      0.000000    -40.678000
  1746    -20.177000    -20.177000      0.000000    -40.354000
  1747    -20.027000    -20.027000      0.000000    -40.054000
  1748    -19.866000    -19.866000      0.000000    -39.732000
  1749    -19.705000    -19.705000      0.000000    -39.410000
  1750    -19.554000    -19.554000      0.000000    -39.108000
  1751    -19.393000    -19.393000      0.000000    -38.786000
  1752    -19.242000    -19.242000      0.000000    -38.484000
  1753    -19.081000    -19.081000      0.000000    -38.162000
  1754    -18.934000    -18.934000      0.000000    -37.868000
  1755    -18.773000    -18.773000      0.000000    -37.546000
  1756    -18.622000    -18.622000      0.000000    -37.244000
  1757    -18.461000    -18.461000      0.000000    -36.922000
  1758    -18.300000    -18.300000      0.000000    -36.600000
  1759    -18.149000    -18.149000      0.000000    -36.298000
  1760    -17.988000    -17.988000      0.000000    -35.976000
  1761    -17.827000    -17.827000      0.000000    -35.654000
  1762    -17.680000    -17.680000      0.000000    -35.360000
  1763    -17.519000    -17.519000      0.000000    -35.038000
  1764    -17.361000    -17.361000      0.000000    -34.722000
  1765    -17.202000    -17.202000      0.000000    -34.404000
  1766    -17.041000    -17.041000      0.000000    -34.082000
  1767    -16.894000    -16.894000      0.000000    -33.788000
  1768    -16.736000    -16.736000      0.000000    -33.472000
  1769    -16.578000    -16.578000      0.000000    -33.156000
  1770    -16.430000    -16.430000      0.000000    -32.860000
  1771    -16.269000    -16.269000      0.000000    -32.538000
  1772    -16.122000    -16.122000      0.000000    -32.244000
  1773    -15.958000    -15.958000      0.000000    -31.916000
  1774    -15.807000    -15.807000      0.000000    -31.614000
  1775    -15.657000    -15.657000      0.000000    -31.314000
  1776    -15.503000    -15.503000      0.000000    -31.006000
  1777    -15.342000    -15.342000      0.000000    -30.684000
  1778    -15.192000    -15.192000      0.000000    -30.384000
  1779    -15.038000    -15.038000      0.000000    -30.076000
  1780    -14.877000    -14.877000      0.000000    -29.754000
  1781    -14.723000    -14.723000      0.000000    -29.446000
  1782    -14.573000    -14.573000      0.000000    -29.146000
  1783    -14.419000    -14.419000      0.000000    -28.838000
  1784    -14.255000    -14.255000      0.000000    -28.510000
  1785    -14.102000    -14.102000      0.000000    -28.204000
  1786    -13.951000    -13.951000      0.000000    -27.902000
  1787    -13.798000    -13.798000      0.000000    -27.596000
  1788    -13.633000    -13.633000      0.000000    -27.266000
  1789    -13.480000    -13.480000      0.000000    -26.960000
  1790    -13.329000    -13.329000      0.000000    -26.658000
  1791    -13.176000    -13.176000      0.000000    -26.352000
  1792    -13.022000    -13.022000      0.000000    -26.044000
  1793    -12.858000    -12.858000      0.000000    -25.716000
  1794    -12.705000    -12.705000      0.000000    -25.410000
  1795    -12.554000    -12.554000      0.000000    -25.108000
  1796    -12.401000    -12.401000      0.000000    -24.802000
  1797    -12.258000    -12.258000      0.000000    -24.516000
  1798    -12.104000    -12.104000      0.000000    -24.208000
  1799    -11.951000    -11.951000      0.000000    -23.902000
  1800    -11.800000    -11.800000      0.000000    -23.600000
  1801    -11.647000    -11.647000      0.000000    -23.294000
  1802    -11.493000    -11.493000      0.000000    -22.986000
  1803    -11.343000    -11.343000      0.000000    -22.686000
  1804    -11.189000    -11.189000      0.000000    -22.378000
  1805    -11.036000    -11.036000      0.000000    -22.072000
  1806    -10.885000    -10.885000      0.000000    -21.770000
  1807    -10.721000    -10.721000      0.000000    -21.442000
  1808    -10.567000    -10.567000      0.000000    -21.134000
  1809    -10.403000    -10.403000      0.000000    -20.806000
  1810    -10.253000    -10.253000      0.000000    -20.506000
  1811    -10.092000    -10.092000      0.000000    -20.184000
  1812     -9.938000     -9.938000      0.000000    -19.876000
  1813     -9.774000     -9.774000      0.000000    -19.548000
  1814     -9.623000     -9.623000      0.000000    -19.246000
  1815     -9.459000     -9.459000      0.000000    -18.918000
  1816     -9.298000     -9.298000      0.000000    -18.596000
  1817     -9.134000     -9.134000      0.000000    -18.268000
  1818     -8.981000     -8.981000      0.000000    -17.962000
  1819     -8.819000     -8.819000      0.000000    -17.638000
  1820     -8.655000     -8.655000      0.000000    -17.310000
  1821     -8.491000     -8.491000      0.000000    -16.982000
  1822     -8.338000     -8.338000      0.000000    -16.676000
  1823     -8.174000     -8.174000      0.000000    -16.348000
  1824     -8.020000     -8.020000      0.000000    -16.040000
  1825     -7.856000     -7.856000      0.000000    -15.712000
  1826     -7.695000     -7.695000      0.000000    -15.390000
  1827     -7.531000     -7.531000      0.000000    -15.062000
  1828     -7.380000     -7.380000      0.000000    -14.760000
  1829     -7.219000     -7.219000      0.000000    -14.438000
  1830     -7.069000     -7.069000      0.000000    -14.138000
  1831     -6.907000     -6.907000      0.000000    -13.814000
  1832     -6.746000     -6.746000      0.000000    -13.492000
  1833     -6.585000     -6.585000      0.000000    -13.170000
  1834     -6.424000     -6.424000      0.000000    -12.848000
  1835     -6.273000     -6.273000      0.000000    -12.546000
  1836     -6.112000     -6.112000      0.000000    -12.224000
  1837     -5.951000     -5.951000      0.000000    -11.902000
  1838     -5.793000     -5.793000      0.000000    -11.586000
  1839     -5.642000     -5.642000      0.000000    -11.284000
  1840     -5.481000     -5.481000      0.000000    -10.962000
  1841     -5.320000     -5.320000      0.000000    -10.640000
  1842     -5.173000     -5.173000      0.000000    -10.346000
  1843     -5.012000     -5.012000      0.000000    -10.024000
  1844     -4.853000     -4.853000      0.000000     -9.706000
  1845     -4.692000     -4.692000      0.000000     -9.384000
  1846     -4.534000     -4.534000      0.000000     -9.068000
  1847     -4.373000     -4.373000      0.000000     -8.746000
  1848     -4.223000     -4.223000      0.000000     -8.446000
  1849     -4.059000     -4.059000      0.000000     -8.118000
  1850     -3.908000     -3.908000      0.000000     -7.816000
  1851     -3.744000     -3.744000      0.000000     -7.488000
  1852     -3.580000     -3.580000      0.000000     -7.160000
  1853     -3.429000     -3.429000      0.000000     -6.858000
  1854     -3.265000     -3.265000      0.000000     -6.530000
  1855     -3.104000     -3.104000      0.000000     -6.208000
  1856     -2.940000     -2.940000      0.000000     -5.880000
  1857     -2.786000     -2.786000      0.000000     -5.572000
  1858     -2.625000     -2.625000      0.000000     -5.250000
  1859     -2.461000     -2.461000      0.000000     -4.922000
  1860     -2.297000     -2.297000      0.000000     -4.594000
  1861     -2.136000     -2.136000      0.000000     -4.272000
  1862     -1.972000     -1.972000      0.000000     -3.944000
  1863     -1.807000     -1.807000      0.000000     -3.614000
  1864     -1.646000     -1.646000      0.000000     -3.292000
  1865     -1.493000     -1.493000      0.000000     -2.986000
  1866     -1.332000     -1.332000      0.000000     -2.664000
  1867     -1.167000     -1.167000      0.000000     -2.334000
  1868     -1.014000     -1.014000      0.000000     -2.028000
  1869     -0.853000     -0.853000      0.000000     -1.706000
  1870     -0.699000     -0.699000      0.000000     -1.398000
  1871     -0.535000     -0.535000      0.000000     -1.070000
  1872     -0.374000     -0.374000      0.000000     -0.748000
  1873     -0.224000     -0.224000      0.000000     -0.448000
  1874     -0.062000     -0.062000      0.000000     -0.124000
  1875      0.101000      0.101000      0.000000      0.202000
  1876      0.251000      0.251000      0.000000      0.502000
  1877      0.412000      0.412000     -0.000000      0.824000
  1878      0.576000      0.576000     -0.000000      1.152000
  1879      0.727000      0.727000      0.000000      1.454000
  1880      0.888000      0.888000      0.000000      1.776000
  1881      1.052000      1.052000      0.000000      2.104000
  1882      1.213000      1.213000      0.000000      2.426000
  1883      1.364000      1.364000      0.000000      2.728000
  1884      1.528000      1.528000      0.000000      3.056000
  1885      1.682000      1.682000      0.000000      3.364000
  1886      1.843000      1.843000      0.000000      3.686000
  1887      1.996000      1.996000      0.000000      3.992000
  1888      2.160000      2.160000      0.000000      4.320000
  1889      2.311000      2.311000      0.000000      4.622000
  1890      2.464000      2.464000      0.000000      4.928000
  1891      2.629000      2.629000      0.000000      5.258000
  1892      2.782000      2.782000      0.000000      5.564000
  1893      2.946000      2.946000      0.000000      5.892000
  1894      3.100000      3.100000      0.000000      6.200000
  1895      3.264000      3.264000     -0.000000      6.528000
  1896      3.418000      3.418000      0.000000      6.836000
  1897      3.582000      3.582000     -0.000000      7.164000
  1898      3.732000      3.732000      0.000000      7.464000
  1899      3.893000      3.893000     -0.000000      7.786000
  1900      4.054000      4.054000      0.000000      8.108000
  1901      4.216000      4.216000      0.000000      8.432000
  1902      4.377000      4.377000      0.000000      8.754000
  1903      4.538000      4.538000      0.000000      9.076000
  1904      4.696000      4.696000      0.000000      9.392000
  1905      4.857000      4.857000      0.000000      9.714000
  1906      5.018000      5.018000      0.000000     10.036000
  1907      5.165000      5.165000      0.000000     10.330000
  1908      5.326000      5.326000     -0.000000     10.652000
  1909      5.487000      5.487000      0.000000     10.974000
  1910      5.646000      5.646000      0.000000     11.292000
  1911      5.807000      5.807000      0.000000     11.614000
  1912      5.957000      5.957000      0.000000     11.914000
  1913      6.118000      6.118000      0.000000     12.236000
  1914      6.280000      6.280000      0.000000     12.560000
  1915      6.441000      6.441000      0.000000     12.882000
  1916      6.602000      6.602000      0.000000     13.204000
  1917      6.766000      6.766000      0.000000     13.532000
  1918      6.927000      6.927000     -0.000000     13.854000
  1919      7.078000      7.078000      0.000000     14.156000
  1920      7.239000      7.239000      0.000000     14.478000
  1921      7.389000      7.389000      0.000000     14.778000
  1922      7.550000      7.550000      0.000000     15.100000
  1923      7.704000      7.704000      0.000000     15.408000
  1924      7.865000      7.865000      0.000000     15.730000
  1925      8.015000      8.015000      0.000000     16.030000
  1926      8.180000      8.180000      0.000000     16.360000
  1927      8.330000      8.330000      0.000000     16.660000
  1928      8.483000      8.483000      0.000000     16.966000
  1929      8.645000      8.645000      0.000000     17.290000
  1930      8.798000      8.798000      0.000000     17.596000
  1931      8.959000      8.959000      0.000000     17.918000
  1932      9.113000      9.113000      0.000000     18.226000
  1933      9.274000      9.274000     -0.000000     18.548000
  1934      9.427000      9.427000      0.000000     18.854000
  1935      9.588000      9.588000     -0.000000     19.176000
  1936      9.742000      9.742000      0.000000     19.484000
  1937      9.903000      9.903000      0.000000     19.806000
  1938     10.057000     10.057000      0.000000     20.114000
  1939     10.207000     10.207000      0.000000     20.414000
  1940     10.371000     10.371000      0.000000     20.742000
  1941     10.522000     10.522000      0.000000     21.044000
  1942     10.686000     10.686000      0.000000     21.372000
  1943     10.836000     10.836000      0.000000     21.672000
  1944     10.997000     10.997000      0.000000     21.994000
  1945     11.161000     11.161000      0.000000     22.322000
  1946     11.312000     11.312000      0.000000     22.624000
  1947     11.476000     11.476000      0.000000     22.952000
  1948     11.637000     11.637000      0.000000     23.274000
  1949     11.791000     11.791000      0.000000     23.582000
  1950     11.952000     11.952000      0.000000     23.904000
  1951     12.116000     12.116000      0.000000     24.232000
  1952     12.269000     12.269000      0.000000     24.538000
  1953     12.431000     12.431000     -0.000000     24.862000
  1954     12.584000     12.584000      0.000000     25.168000
  1955     12.748000     12.748000     -0.000000     25.496000
  1956     12.909000     12.909000      0.000000     25.818000
  1957     13.073000     13.073000      0.000000     26.146000
  1958     13.235000     13.235000      0.000000     26.470000
  1959     13.388000     13.388000      0.000000     26.776000
  1960     13.552000     13.552000      0.000000     27.104000
  1961     13.713000     13.713000     -0.000000     27.426000
  1962     13.877000     13.877000      0.000000     27.754000
  1963     14.039000     14.039000      0.000000     28.078000
  1964     14.192000     14.192000      0.000000     28.384000
  1965     14.353000     14.353000      0.000000     28.706000
  1966     14.504000     14.504000      0.000000     29.008000
  1967     14.668000     14.668000     -0.000000     29.336000
  1968     14.818000     14.818000      0.000000     29.636000
  1969     14.982000     14.982000     -0.000000     29.964000
  1970     15.143000     15.143000      0.000000     30.286000
  1971     15.308000     15.308000      0.000000     30.616000
  1972     15.469000     15.469000     -0.000000     30.938000
  1973     15.633000     15.633000     -0.000000     31.266000
  1974     15.794000     15.794000      0.000000     31.588000
  1975     15.955000     15.955000      0.000000     31.910000
  1976     16.106000     16.106000      0.000000     32.212000
  1977     16.267000     16.267000      0.000000     32.534000
  1978     16.417000     16.417000      0.000000     32.834000
  1979     16.581000     16.581000      0.000000     33.162000
  1980     16.732000     16.732000      0.000000     33.464000
  1981     16.893000     16.893000      0.000000     33.786000
  1982     17.054000     17.054000     -0.000000     34.108000
  1983     17.215000     17.215000      0.000000     34.430000
  1984     17.379000     17.379000      0.000000     34.758000
  1985     17.540000     17.540000      0.000000     35.080000
  1986     17.712000     17.712000      0.000000     35.424000
  1987     17.873000     17.873000      0.000000     35.746000
  1988     18.037000     18.037000      0.000000     36.074000
  1989     18.198000     18.198000      0.000000     36.396000
  1990     18.360000     18.360000      0.000000     36.720000
  1991     18.521000     18.521000      0.000000     37.042000
  1992     18.682000     18.682000     -0.000000     37.364000
  1993     18.843000     18.843000      0.000000     37.686000
  1994     19.004000     19.004000      0.000000     38.008000
  1995     19.168000     19.168000      0.000000     38.336000
  1996     19.319000     19.319000      0.000000     38.638000
  1997     19.483000     19.483000      0.000000     38.966000
  1998     19.644000     19.644000     -0.000000     39.288000
  1999     19.797000     19.797000      0.000000     39.594000
  2000     19.959000     19.959000      0.000000     39.918000
  2001     20.123000     20.123000      0.000000     40.246000
  2002     20.284000     20.284000      0.000000     40.568000
  2003     20.437000     20.437000      0.000000     40.874000
  2004     20.598000     20.598000      0.000000     41.196000
  2005     20.760000     20.760000      0.000000     41.520000
  2006     20.913000     20.913000      0.000000     41.826000
  2007     21.074000     21.074000      0.000000     42.148000
  2008     21.238000     21.238000      0.000000     42.476000
  2009     21.389000     21.389000      0.000000     42.778000
  2010     21.550000     21.550000      0.000000     43.100000
  2011     21.714000     21.714000     -0.000000     43.428000
  2012     21.864000     21.864000      0.000000     43.728000
  2013     22.029000     22.029000      0.000000     44.058000
  2014     22.190000     22.190000      0.000000     44.380000
  2015     22.340000     22.340000      0.000000     44.680000
  2016     22.504000     22.504000      0.000000     45.008000
  2017     22.665000     22.665000      0.000000     45.330000
  2018     22.819000     22.819000      0.000000     45.638000
  2019     22.980000     22.980000      0.000000     45.960000
  2020     23.133000     23.133000      0.000000     46.266000
  2021     23.295000     23.295000      0.000000     46.590000
  2022     23.445000     23.445000      0.000000     46.890000
  2023     23.609000     23.609000      0.000000     47.218000
  2024     23.760000     23.760000      0.000000     47.520000
  2025     23.924000     23.924000      0.000000     47.848000
  2026     24.085000     24.085000      0.000000     48.170000
  2027     24.235000     24.235000      0.000000     48.470000
  2028     24.396000     24.396000      0.000000     48.792000
  2029     24.561000     24.561000      0.000000     49.122000
  2030     24.711000     24.711000     -0.000000     49.422000
  2031     24.872000     24.872000      0.000000     49.744000
  2032     25.033000     25.033000      0.000000     50.066000
  2033     25.184000     25.184000      0.000000     50.368000
  2034     25.345000     25.345000      0.000000     50.690000
  2035     25.495000     25.495000      0.000000     50.990000
  2036     25.656000     25.656000      0.000000     51.312000
  2037     25.818000     25.818000      0.000000     51.636000
  2038     25.968000     25.968000      0.000000     51.936000
  2039     26.129000     26.129000      0.000000     52.258000
  2040     26.280000     26.280000      0.000000     52.560000
  2041     26.441000     26.441000      0.000000     52.882000
  2042     26.591000     26.591000      0.000000     53.182000
  2043     26.752000     26.752000      0.000000     53.504000
  2044     26.903000     26.903000     -0.000000     53.806000
  2045     27.064000     27.064000      0.000000     54.128000
  2046     27.225000     27.225000      0.000000     54.450000
  2047     27.386000     27.386000      0.000000     54.772000
  2048     27.547000     27.547000      0.000000     55.094000
  2049     27.711000     27.711000     -0.000000     55.422000
  2050     27.862000     27.862000     -0.000000     55.724000
  2051     28.026000     28.026000      0.000000     56.052000
  2052     28.187000     28.187000      0.000000     56.374000
  2053     28.351000     28.351000      0.000000     56.702000
  2054     28.512000     28.512000      0.000000     57.024000
  2055     28.663000     28.663000      0.000000     57.326000
  2056     28.827000     28.827000      0.000000     57.654000
  2057     28.988000     28.988000      0.000000     57.976000
  2058     29.152000     29.152000      0.000000     58.304000
  2059     29.316000     29.316000      0.000000     58.632000
  2060     29.477000     29.477000      0.000000     58.954000
  2061     29.641000     29.641000     -0.000000     59.282000
  2062     29.792000     29.792000      0.000000     59.584000
  2063     29.956000     29.956000      0.000000     59.912000
  2064     30.117000     30.117000      0.000000     60.234000
  2065     30.281000     30.281000     -0.000000     60.562000
  2066     30.442000     30.442000      0.000000     60.884000
  2067     30.593000     30.593000      0.000000     61.186000
  2068     30.757000     30.757000      0.000000     61.514000
  2069     30.918000     30.918000      0.000000     61.836000
  2070     31.079000     31.079000      0.000000     62.158000
  2071     31.243000     31.243000     -0.000000     62.486000
  2072     31.404000     31.404000      0.000000     62.808000
  2073     31.566000     31.566000      0.000000     63.132000
  2074     31.730000     31.730000      0.000000     63.460000
  2075     31.891000     31.891000     -0.000000     63.782000
  2076     32.052000     32.052000      0.000000     64.104000
  2077     32.216000     32.216000      0.000000     64.432000
  2078     32.377000     32.377000      0.000000     64.754000
  2079     32.541000     32.541000     -0.000000     65.082000
  2080     32.702000     32.702000      0.000000     65.404000
  2081     32.874000     32.874000      0.000000     65.748000
  2082     33.038000     33.038000     -0.000000     66.076000
  2083     33.199000     33.199000      0.000000     66.398000
  2084     33.360000     33.360000      0.000000     66.720000
  2085     33.514000     33.514000      0.000000     67.028000
  2086     33.675000     33.675000      0.000000     67.350000
  2087     33.839000     33.839000      0.000000     67.678000
  2088     34.000000     34.000000      0.000000     68.000000
  2089     34.164000     34.164000      0.000000     68.328000
  2090     34.325000     34.325000      0.000000     68.650000
  2091     34.479000     34.479000      0.000000     68.958000
  2092     34.643000     34.643000      0.000000     69.286000
  2093     34.804000     34.804000      0.000000     69.608000
  2094     34.968000     34.968000      0.000000     69.936000
  2095     35.119000     35.119000      0.000000     70.238000
  2096     35.283000     35.283000      0.000000     70.566000
  2097     35.447000     35.447000      0.000000     70.894000
  2098     35.600000     35.600000      0.000000     71.200000
  2099     35.761000     35.761000      0.000000     71.522000
  2100     35.926000     35.926000      0.000000     71.852000
  2101     36.076000     36.076000      0.000000     72.152000
  2102     36.240000     36.240000      0.000000     72.480000
  2103     36.394000     36.394000      0.000000     72.788000
  2104     36.555000     36.555000      0.000000     73.110000
  2105     36.716000     36.716000      0.000000     73.432000
  2106     36.869000     36.869000      0.000000     73.738000
  2107     37.030000     37.030000      0.000000     74.060000
  2108     37.184000     37.184000      0.000000     74.368000
  2109     37.345000     37.345000      0.000000     74.690000
  2110     37.498000     37.498000      0.000000     74.996000
  2111     37.660000     37.660000     -0.000000     75.320000
  2112     37.810000     37.810000      0.000000     75.620000
  2113     37.963000     37.963000      0.000000     75.926000
  2114     38.125000     38.125000      0.000000     76.250000
  2115     38.278000     38.278000      0.000000     76.556000
  2116     38.439000     38.439000      0.000000     76.878000
  2117     38.593000     38.593000      0.000000     77.186000
  2118     38.743000     38.743000      0.000000     77.486000
  2119     38.907000     38.907000     -0.000000     77.814000
  2120     39.058000     39.058000      0.000000     78.116000
  2121     39.222000     39.222000      0.000000     78.444000
  2122     39.375000     39.375000      0.000000     78.750000
  2123     39.536000     39.536000      0.000000     79.072000
  2124     39.690000     39.690000      0.000000     79.380000
  2125     39.840000     39.840000      0.000000     79.680000
  2126     40.001000     40.001000      0.000000     80.002000
  2127     40.155000     40.155000      0.000000     80.310000
  2128     40.316000     40.316000      0.000000     80.632000
  2129     40.469000     40.469000      0.000000     80.938000
  2130     40.620000     40.620000      0.000000     81.240000
  2131     40.770000     40.770000      0.000000     81.540000
  2132     40.931000     40.931000      0.000000     81.862000
  2133     41.085000     41.085000      0.000000     82.170000
  2134     41.235000     41.235000      0.000000     82.470000
  2135     41.386000     41.386000      0.000000     82.772000
  2136     41.536000     41.536000      0.000000     83.072000
  2137     41.700000     41.700000      0.000000     83.400000
  2138     41.851000     41.851000      0.000000     83.702000
  2139     42.004000     42.004000      0.000000     84.008000
  2140     42.155000     42.155000      0.000000     84.310000
  2141     42.316000     42.316000      0.000000     84.632000
  2142     42.469000     42.469000      0.000000     84.938000
  2143     42.620000     42.620000      0.000000     85.240000
  2144     42.770000     42.770000      0.000000     85.540000
  2145     42.931000     42.931000      0.000000     85.862000
  2146     43.085000     43.085000      0.000000     86.170000
  2147     43.246000     43.246000      0.000000     86.492000
  2148     43.396000     43.396000      0.000000     86.792000
  2149     43.557000     43.557000      0.000000     87.114000
  2150     43.718000     43.718000      0.000000     87.436000
  2151     43.883000     43.883000      0.000000     87.766000
  2152     44.033000     44.033000      0.000000     88.066000
  2153     44.194000     44.194000      0.000000     88.388000
  2154     44.355000     44.355000     -0.000000     88.710000
  2155     44.509000     44.509000      0.000000     89.018000
  2156     44.670000     44.670000      0.000000     89.340000
  2157     44.820000     44.820000      0.000000     89.640000
  2158     44.981000     44.981000      0.000000     89.962000
  2159     45.132000     45.132000      0.000000     90.264000
  2160     45.296000     45.296000      0.000000     90.592000
  2161     45.446000     45.446000      0.000000     90.892000
  2162     45.607000     45.607000      0.000000     91.214000
  2163     45.758000     45.758000      0.000000     91.516000
  2164     45.919000     45.919000     -0.000000     91.838000
  2165     46.072000     46.072000      0.000000     92.144000
  2166     46.234000     46.234000      0.000000     92.468000
  2167     46.384000     46.384000      0.000000     92.768000
  2168     46.545000     46.545000      0.000000     93.090000
  2169     46.706000     46.706000      0.000000     93.412000
  2170     46.870000     46.870000      0.000000     93.740000
  2171     47.031000     47.031000      0.000000     94.062000
  2172     47.182000     47.182000      0.000000     94.364000
  2173     47.343000     47.343000      0.000000     94.686000
  2174     47.504000     47.504000      0.000000     95.008000
  2175     47.665000     47.665000      0.000000     95.330000
  2176     47.829000     47.829000      0.000000     95.658000
  2177     47.990000     47.990000      0.000000     95.980000
  2178     48.151000     48.151000      0.000000     96.302000
  2179     48.313000     48.313000      0.000000     96.626000
  2180     48.474000     48.474000     -0.000000     96.948000
  2181     48.635000     48.635000      0.000000     97.270000
  2182     48.799000     48.799000      0.000000     97.598000
  2183     48.960000     48.960000      0.000000     97.920000
  2184     49.121000     49.121000      0.000000     98.242000
  2185     49.282000     49.282000     -0.000000     98.564000
  2186     49.443000     49.443000      0.000000     98.886000
  2187     49.604000     49.604000      0.000000     99.208000
  2188     49.766000     49.766000      0.000000     99.532000
  2189     49.930000     49.930000      0.000000     99.860000
  2190     50.091000     50.091000      0.000000    100.182000
  2191     50.252000     50.252000      0.000000    100.504000
  2192     50.413000     50.413000     -0.000000    100.826000
  2193     50.574000     50.574000      0.000000    101.148000
  2194     50.738000     50.738000      0.000000    101.476000
  2195     50.899000     50.899000      0.000000    101.798000
  2196     51.060000     51.060000      0.000000    102.120000
  2197     51.221000     51.221000     -0.000000    102.442000
  2198     51.383000     51.383000      0.000000    102.766000
  2199     51.547000     51.547000     -0.000000    103.094000
  2200     51.708000     51.708000      0.000000    103.416000
  2201     51.858000     51.858000     -0.000000    103.716000
  2202     52.019000     52.019000      0.000000    104.038000
  2203     52.183000     52.183000      0.000000    104.366000
  2204     52.334000     52.334000      0.000000    104.668000
  2205     52.495000     52.495000     -0.000000    104.990000
  2206     52.659000     52.659000      0.000000    105.318000
  2207     52.820000     52.820000      0.000000    105.640000
  2208     52.974000     52.974000     -0.000000    105.948000
  2209     53.138000     53.138000      0.000000    106.276000
  2210     53.302000     53.302000      0.000000    106.604000
  2211     53.463000     53.463000      0.000000    106.926000
  2212     53.627000     53.627000      0.000000    107.254000
  2213     53.780000     53.780000      0.000000    107.560000
  2214     53.945000     53.945000      0.000000    107.890000
  2215     54.109000     54.109000      0.000000    108.218000
  2216     54.273000     54.273000      0.000000    108.546000
  2217     54.437000     54.437000      0.000000    108.874000
  2218     54.601000     54.601000      0.000000    109.202000
  2219     54.765000     54.765000      0.000000    109.530000
  2220     54.918000     54.918000      0.000000    109.836000
  2221     55.083000     55.083000      0.000000    110.166000
  2222     55.244000     55.244000      0.000000    110.488000
  2223     55.408000     55.408000      0.000000    110.816000
  2224     55.572000     55.572000      0.000000    111.144000
  2225     55.733000     55.733000     -0.000000    111.466000
  2226     55.886000     55.886000      0.000000    111.772000
  2227     56.050000     56.050000     -0.000000    112.100000
  2228     56.212000     56.212000      0.000000    112.424000
  2229     56.365000     56.365000      0.000000    112.730000
  2230     56.529000     56.529000      0.000000    113.058000
  2231     56.690000     56.690000      0.000000    113.380000
  2232     56.854000     56.854000      0.000000    113.708000
  2233     57.018000     57.018000      0.000000    114.036000
  2234     57.169000     57.169000     -0.000000    114.338000
  2235     57.333000     57.333000      0.000000    114.666000
  2236     57.494000     57.494000      0.000000    114.988000
  2237     57.647000     57.647000      0.000000    115.294000
  2238     57.809000     57.809000     -0.000000    115.618000
  2239     57.973000     57.973000      0.000000    115.946000
  2240     58.123000     58.123000     -0.000000    116.246000
  2241     58.284000     58.284000      0.000000    116.568000
  2242     58.445000     58.445000      0.000000    116.890000
  2243     58.609000     58.609000      0.000000    117.218000
  2244     58.760000     58.760000      0.000000    117.520000
  2245     58.921000     58.921000      0.000000    117.842000
  2246     59.085000     59.085000      0.000000    118.170000
  2247     59.246000     59.246000      0.000000    118.492000
  2248     59.407000     59.407000     -0.000000    118.814000
  2249     59.568000     59.568000      0.000000    119.136000
  2250     59.732000     59.732000      0.000000    119.464000
  2251     59.893000     59.893000      0.000000    119.786000
  2252     60.055000     60.055000      0.000000    120.110000
  2253     60.216000     60.216000      0.000000    120.432000
  2254     60.377000     60.377000      0.000000    120.754000
  2255     60.538000     60.538000     -0.000000    121.076000
  2256     60.699000     60.699000      0.000000    121.398000
  2257     60.863000     60.863000      0.000000    121.726000
  2258     61.024000     61.024000      0.000000    122.048000
  2259     61.185000     61.185000      0.000000    122.370000
  2260     61.346000     61.346000     -0.000000    122.692000
  2261     61.510000     61.510000      0.000000    123.020000
  2262     61.671000     61.671000      0.000000    123.342000
  2263     61.843000     61.843000      0.000000    123.686000
  2264     62.007000     62.007000      0.000000    124.014000
  2265     62.168000     62.168000      0.000000    124.336000
  2266     62.330000     62.330000      0.000000    124.660000
  2267     62.491000     62.491000      0.000000    124.982000
  2268     62.652000     62.652000      0.000000    125.304000
  2269     62.813000     62.813000      0.000000    125.626000
  2270     62.974000     62.974000     -0.000000    125.948000
  2271     63.132000     63.132000      0.000000    126.264000
  2272     63.296000     63.296000      0.000000    126.592000
  2273     63.460000     63.460000      0.000000    126.920000
  2274     63.617000     63.617000     -0.000000    127.234000
  2275     63.776000     63.776000      0.000000    127.552000
  2276     63.928000     63.928000     -0.000000    127.856000
  2277     64.083000     64.083000      0.000000    128.166000
  2278     64.219000     64.219000     -0.000000    128.438000
  2279     64.362000     64.362000      0.000000    128.724000
  2280     64.491000     64.491000      0.000000    128.982000
  2281     64.616000     64.616000      0.000000    129.232000
  2282     64.723000     64.723000      0.000000    129.446000
  2283     64.830000     64.830000      0.000000    129.660000
  2284     64.916000     64.916000      0.000000    129.832000
  2285     65.012000     65.012000      0.000000    130.024000
  2286     65.091000     65.091000     -0.000000    130.182000
  2287     65.181000     65.181000      0.000000    130.362000
  2288     65.261000     65.261000      0.000000    130.522000
