    30.818    -1.000     0.000         0
     3.881     7.162     0.060        14
     3.881     6.300     0.060         5
     3.881    11.937     0.060        24
     5.706     6.881     0.060        14
     5.706     6.018     0.060         5
     5.706    11.468     0.060        24
     7.628     6.597     0.060        14
     7.628     5.734     0.060         5
     7.628    10.995     0.060        24
     9.590     6.287     0.060        14
     9.590     5.424     0.060         5
     9.590    10.478     0.060        24
    11.208     6.037     0.060        14
    11.208     5.174     0.060         5
    11.208    10.061     0.060        24
    13.027     5.782     0.060        14
    13.027     4.919     0.060         5
    13.027     9.636     0.060        24
    14.304     5.608     0.060        14
    14.304     4.746     0.060         5
    14.304     9.347     0.060        24
    15.922     5.359     0.060        14
    15.922     4.496     0.060         5
    15.922     8.931     0.060        24
    17.558     5.086     0.060        14
    17.558     4.224     0.060         5
    17.558     8.477     0.060        24
    30.818     1.000     0.000         0
    40.305     4.345     0.060        14
    40.305     3.483     0.060         5
    40.305     7.242     0.060        24
    42.418     4.756     0.060        14
    42.418     3.893     0.060         5
    42.418     7.926     0.060        24
    43.650     4.946     0.060        14
    43.650     4.084     0.060         5
    43.650     8.244     0.060        24
    45.226     5.190     0.060        14
    45.226     4.327     0.060         5
    45.226     8.650     0.060        24
    46.798     5.417     0.060        14
    46.798     4.554     0.060         5
    46.798     9.028     0.060        24
    48.217     5.643     0.060        14
    48.217     4.780     0.060         5
    48.217     9.405     0.060        24
    49.632     5.906     0.060        14
    49.632     5.043     0.060         5
    49.632     9.843     0.060        24
    50.739     6.110     0.060        14
    50.739     5.247     0.060         5
    50.739    10.183     0.060        24
    52.906     6.485     0.060        14
    52.906     5.622     0.060         5
    52.906    10.808     0.060        24
    55.035     6.872     0.060        14
    55.035     6.009     0.060         5
    55.035    11.453     0.060        24
    56.722     7.134     0.060        14
    56.722     6.271     0.060         5
    56.722    11.890     0.060        24
    59.643     7.602     0.060        14
    59.643     6.739     0.060         5
    59.643    12.670     0.060        24
    61.772     7.975     0.060        14
    61.772     7.112     0.060         5
    61.772    13.291     0.060        24
    62.989     8.156     0.060        14
    62.989     7.294     0.060         5
    62.989    13.594     0.060        24
    66.167     8.723     0.060        14
    66.167     7.861     0.060         5
    66.167    14.539     0.060        24
    73.929    10.081     0.060        14
    73.929     9.218     0.060         5
    73.929    16.801     0.060        24
    74.693    10.201     0.060        14
    74.693     9.338     0.060         5
    74.693    17.001     0.060        24
    75.602    10.346     0.060        14
    75.602     9.484     0.060         5
    75.602    17.244     0.060        24
    76.372    10.479     0.060        14
    76.372     9.616     0.060         5
    76.372    17.465     0.060        24
    77.142    10.599     0.060        14
    77.142     9.736     0.060         5
    77.142    17.665     0.060        24
    77.912    10.703     0.060        14
    77.912     9.841     0.060         5
    77.912    17.839     0.060        24
    78.697    10.798     0.060        14
    78.697     9.936     0.060         5
    78.697    17.997     0.060        24
    79.468    10.919     0.060        14
    79.468    10.056     0.060         5
    79.468    18.198     0.060        24
    80.232    11.036     0.060        14
    80.232    10.174     0.060         5
    80.232    18.394     0.060        24
    81.014    11.167     0.060        14
    81.014    10.305     0.060         5
    81.014    18.612     0.060        24
    81.940    11.323     0.060        14
    81.940    10.460     0.060         5
    81.940    18.871     0.060        24
    82.722    11.444     0.060        14
    82.722    10.581     0.060         5
    82.722    19.073     0.060        24
    83.507    11.591     0.060        14
    83.507    10.729     0.060         5
    83.507    19.319     0.060        24
    85.237    11.858     0.060        14
    85.237    10.995     0.060         5
    85.237    19.763     0.060        24
    91.028    12.803     0.060        14
    91.028    11.940     0.060         5
    91.028    21.338     0.060        24
    93.399    13.230     0.060        14
    93.399    12.367     0.060         5
    93.399    22.050     0.060        24
    95.777    13.582     0.060        14
    95.777    12.720     0.060         5
    95.777    22.637     0.060        24
    97.827    13.861     0.060        14
    97.827    12.998     0.060         5
    97.827    23.101     0.060        24
   104.152    14.827     0.060        14
   104.152    13.964     0.060         5
   104.152    24.711     0.060        24
   106.042    15.099     0.060        14
   106.042    14.236     0.060         5
   106.042    25.165     0.060        24
   109.167    15.532     0.060        14
   109.167    14.670     0.060         5
   109.167    25.887     0.060        24
   111.816    15.924     0.060        14
   111.816    15.061     0.060         5
   111.816    26.540     0.060        24
   119.241    17.117     0.060        14
   119.241    16.255     0.060         5
   119.241    28.529     0.060        24
   121.344    17.437     0.060        14
   121.344    16.574     0.060         5
   121.344    29.061     0.060        24
   124.367    17.828     0.060        14
   124.367    16.966     0.060         5
   124.367    29.714     0.060        24
   125.785    18.076     0.060        14
   125.785    17.214     0.060         5
   125.785    30.127     0.060        24
   126.560    18.179     0.060        14
   126.560    17.317     0.060         5
   126.560    30.299     0.060        24
   127.342    18.286     0.060        14
   127.342    17.424     0.060         5
   127.342    30.477     0.060        24
   128.119    18.404     0.060        14
   128.119    17.541     0.060         5
   128.119    30.673     0.060        24
   128.921    18.526     0.060        14
   128.921    17.663     0.060         5
   128.921    30.876     0.060        24
   129.736    18.622     0.060        14
   129.736    17.760     0.060         5
   129.736    31.037     0.060        24
   130.527    18.757     0.060        14
   130.527    17.894     0.060         5
   130.527    31.261     0.060        24
   131.330    18.883     0.060        14
   131.330    18.021     0.060         5
   131.330    31.472     0.060        24
   140.614    20.312     0.060        14
   140.614    19.450     0.060         5
   140.614    33.854     0.060        24
   143.016    20.668     0.060        14
   143.016    19.805     0.060         5
   143.016    34.446     0.060        24
    36.848    -1.000     0.000         0
     3.720     8.179     0.060        14
     3.720     7.316     0.060         5
     3.720    13.631     0.060        24
     4.543     8.077     0.060        14
     4.543     7.215     0.060         5
     4.543    13.462     0.060        24
     5.370     7.964     0.060        14
     5.370     7.102     0.060         5
     5.370    13.274     0.060        24
     6.190     7.838     0.060        14
     6.190     6.975     0.060         5
     6.190    13.063     0.060        24
     6.987     7.720     0.060        14
     6.987     6.858     0.060         5
     6.987    12.867     0.060        24
     7.790     7.618     0.060        14
     7.790     6.756     0.060         5
     7.790    12.697     0.060        24
     8.603     7.481     0.060        14
     8.603     6.619     0.060         5
     8.603    12.469     0.060        24
     9.430     7.354     0.060        14
     9.430     6.491     0.060         5
     9.430    12.256     0.060        24
    10.236     7.240     0.060        14
    10.236     6.377     0.060         5
    10.236    12.066     0.060        24
    11.044     7.109     0.060        14
    11.044     6.246     0.060         5
    11.044    11.848     0.060        24
    11.882     6.971     0.060        14
    11.882     6.109     0.060         5
    11.882    11.619     0.060        24
    12.705     6.860     0.060        14
    12.705     5.997     0.060         5
    12.705    11.433     0.060        24
    13.506     6.754     0.060        14
    13.506     5.891     0.060         5
    13.506    11.256     0.060        24
    14.305     6.617     0.060        14
    14.305     5.754     0.060         5
    14.305    11.028     0.060        24
    15.110     6.510     0.060        14
    15.110     5.647     0.060         5
    15.110    10.850     0.060        24
    15.923     6.394     0.060        14
    15.923     5.531     0.060         5
    15.923    10.656     0.060        24
    16.739     6.262     0.060        14
    16.739     5.400     0.060         5
    16.739    10.437     0.060        24
    17.559     6.127     0.060        14
    17.559     5.265     0.060         5
    17.559    10.212     0.060        24
    18.341     5.991     0.060        14
    18.341     5.128     0.060         5
    18.341     9.985     0.060        24
    19.130     5.871     0.060        14
    19.130     5.008     0.060         5
    19.130     9.785     0.060        24
    19.915     5.716     0.060        14
    19.915     4.853     0.060         5
    19.915     9.526     0.060        24
    20.693     5.584     0.060        14
    20.693     4.722     0.060         5
    20.693     9.307     0.060        24
    21.474     5.457     0.060        14
    21.474     4.594     0.060         5
    21.474     9.095     0.060        24
    22.251     5.321     0.060        14
    22.251     4.458     0.060         5
    22.251     8.868     0.060        24
    23.032     5.162     0.060        14
    23.032     4.299     0.060         5
    23.032     8.603     0.060        24
    23.821     5.023     0.060        14
    23.821     4.160     0.060         5
    23.821     8.371     0.060        24
    36.848     1.000     0.000         0
    53.067     5.426     0.060        14
    53.067     4.563     0.060         5
    53.067     9.043     0.060        24
    56.572     6.073     0.060        14
    56.572     5.211     0.060         5
    56.572    10.122     0.060        24
    60.407     6.772     0.060        14
    60.407     5.909     0.060         5
    60.407    11.286     0.060        24
    67.995     8.123     0.060        14
    67.995     7.260     0.060         5
    67.995    13.538     0.060        24
    71.572     8.773     0.060        14
    71.572     7.910     0.060         5
    71.572    14.621     0.060        24
    77.296     9.702     0.060        14
    77.296     8.839     0.060         5
    77.296    16.170     0.060        24
    81.477    10.357     0.060        14
    81.477     9.494     0.060         5
    81.477    17.261     0.060        24
    42.860    -1.000     0.000         0
     7.952     8.467     0.060        14
     7.952     7.605     0.060         5
     7.952    14.112     0.060        24
     8.778     8.336     0.060        14
     8.778     7.474     0.060         5
     8.778    13.894     0.060        24
     9.591     8.207     0.060        14
     9.591     7.345     0.060         5
     9.591    13.679     0.060        24
    10.387     8.104     0.060        14
    10.387     7.241     0.060         5
    10.387    13.506     0.060        24
    11.209     7.991     0.060        14
    11.209     7.129     0.060         5
    11.209    13.319     0.060        24
    12.043     7.878     0.060        14
    12.043     7.015     0.060         5
    12.043    13.130     0.060        24
    12.866     7.748     0.060        14
    12.866     6.885     0.060         5
    12.866    12.913     0.060        24
    13.656     7.599     0.060        14
    13.656     6.736     0.060         5
    13.656    12.665     0.060        24
    14.458     7.496     0.060        14
    14.458     6.633     0.060         5
    14.458    12.493     0.060        24
    15.271     7.375     0.060        14
    15.271     6.513     0.060         5
    15.271    12.292     0.060        24
    16.087     7.258     0.060        14
    16.087     6.396     0.060         5
    16.087    12.097     0.060        24
    16.910     7.126     0.060        14
    16.910     6.263     0.060         5
    16.910    11.876     0.060        24
    17.710     6.989     0.060        14
    17.710     6.126     0.060         5
    17.710    11.648     0.060        24
    18.503     6.867     0.060        14
    18.503     6.004     0.060         5
    18.503    11.445     0.060        24
    19.291     6.738     0.060        14
    19.291     5.875     0.060         5
    19.291    11.230     0.060        24
    20.066     6.609     0.060        14
    20.066     5.746     0.060         5
    20.066    11.015     0.060        24
    20.844     6.468     0.060        14
    20.844     5.605     0.060         5
    20.844    10.780     0.060        24
    21.635     6.329     0.060        14
    21.635     5.467     0.060         5
    21.635    10.549     0.060        24
    22.402     6.201     0.060        14
    22.402     5.338     0.060         5
    22.402    10.335     0.060        24
    23.193     6.092     0.060        14
    23.193     5.229     0.060         5
    23.193    10.153     0.060        24
    23.982     5.975     0.060        14
    23.982     5.113     0.060         5
    23.982     9.959     0.060        24
    24.761     5.872     0.060        14
    24.761     5.010     0.060         5
    24.761     9.787     0.060        24
    25.544     5.728     0.060        14
    25.544     4.866     0.060         5
    25.544     9.547     0.060        24
    26.329     5.600     0.060        14
    26.329     4.737     0.060         5
    26.329     9.333     0.060        24
    27.117     5.461     0.060        14
    27.117     4.598     0.060         5
    27.117     9.101     0.060        24
    27.906     5.314     0.060        14
    27.906     4.451     0.060         5
    27.906     8.856     0.060        24
    28.694     5.160     0.060        14
    28.694     4.297     0.060         5
    28.694     8.600     0.060        24
    29.496     5.011     0.060        14
    29.496     4.148     0.060         5
    29.496     8.351     0.060        24
    30.285     4.847     0.060        14
    30.285     3.984     0.060         5
    30.285     8.078     0.060        24
    31.076     4.699     0.060        14
    31.076     3.836     0.060         5
    31.076     7.831     0.060        24
    31.878     4.591     0.060        14
    31.878     3.728     0.060         5
    31.878     7.651     0.060        24
    42.860     1.000     0.000         0
    59.794     5.696     0.060        14
    59.794     4.833     0.060         5
    59.794     9.493     0.060        24
    63.143     6.289     0.060        14
    63.143     5.427     0.060         5
    63.143    10.482     0.060        24
    65.398     6.682     0.060        14
    65.398     5.820     0.060         5
    65.398    11.137     0.060        24
    68.148     7.115     0.060        14
    68.148     6.252     0.060         5
    68.148    11.858     0.060        24
    70.321     7.480     0.060        14
    70.321     6.618     0.060         5
    70.321    12.467     0.060        24
    72.511     7.852     0.060        14
    72.511     6.990     0.060         5
    72.511    13.087     0.060        24
    74.392     8.212     0.060        14
    74.392     7.350     0.060         5
    74.392    13.687     0.060        24
    76.372     8.621     0.060        14
    76.372     7.759     0.060         5
    76.372    14.369     0.060        24
    78.536     8.984     0.060        14
    78.536     8.121     0.060         5
    78.536    14.973     0.060        24
    80.853     9.371     0.060        14
    80.853     8.508     0.060         5
    80.853    15.618     0.060        24
    82.884     9.712     0.060        14
    82.884     8.850     0.060         5
    82.884    16.187     0.060        24
    84.761    10.034     0.060        14
    84.761     9.171     0.060         5
    84.761    16.723     0.060        24
    86.176    10.262     0.060        14
    86.176     9.399     0.060         5
    86.176    17.103     0.060        24
    88.386    10.634     0.060        14
    88.386     9.771     0.060         5
    88.386    17.723     0.060        24
    48.860    -1.000     0.000         0
     4.543     9.803     0.060        14
     4.543     8.940     0.060         5
     4.543    16.338     0.060        24
     5.370     9.667     0.060        14
     5.370     8.804     0.060         5
     5.370    16.111     0.060        24
     6.190     9.559     0.060        14
     6.190     8.697     0.060         5
     6.190    15.932     0.060        24
     6.986     9.437     0.060        14
     6.986     8.574     0.060         5
     6.986    15.728     0.060        24
     7.790     9.292     0.060        14
     7.790     8.429     0.060         5
     7.790    15.486     0.060        24
     8.603     9.193     0.060        14
     8.603     8.331     0.060         5
     8.603    15.322     0.060        24
     9.429     9.065     0.060        14
     9.429     8.203     0.060         5
     9.429    15.109     0.060        24
    10.236     8.952     0.060        14
    10.236     8.089     0.060         5
    10.236    14.920     0.060        24
    11.044     8.822     0.060        14
    11.044     7.960     0.060         5
    11.044    14.704     0.060        24
    11.882     8.692     0.060        14
    11.882     7.830     0.060         5
    11.882    14.487     0.060        24
    12.705     8.555     0.060        14
    12.705     7.693     0.060         5
    12.705    14.259     0.060        24
    13.506     8.446     0.060        14
    13.506     7.584     0.060         5
    13.506    14.077     0.060        24
    14.305     8.305     0.060        14
    14.305     7.443     0.060         5
    14.305    13.842     0.060        24
    15.110     8.199     0.060        14
    15.110     7.336     0.060         5
    15.110    13.665     0.060        24
    15.923     8.104     0.060        14
    15.923     7.242     0.060         5
    15.923    13.507     0.060        24
    16.738     7.969     0.060        14
    16.738     7.107     0.060         5
    16.738    13.282     0.060        24
    17.559     7.845     0.060        14
    17.559     6.982     0.060         5
    17.559    13.075     0.060        24
    18.341     7.704     0.060        14
    18.341     6.841     0.060         5
    18.341    12.840     0.060        24
    19.130     7.586     0.060        14
    19.130     6.723     0.060         5
    19.130    12.643     0.060        24
    19.915     7.447     0.060        14
    19.915     6.585     0.060         5
    19.915    12.412     0.060        24
    20.693     7.321     0.060        14
    20.693     6.459     0.060         5
    20.693    12.202     0.060        24
    21.474     7.199     0.060        14
    21.474     6.337     0.060         5
    21.474    11.999     0.060        24
    22.251     7.061     0.060        14
    22.251     6.198     0.060         5
    22.251    11.768     0.060        24
    23.032     6.915     0.060        14
    23.032     6.052     0.060         5
    23.032    11.525     0.060        24
    23.821     6.768     0.060        14
    23.821     5.905     0.060         5
    23.821    11.280     0.060        24
    24.600     6.649     0.060        14
    24.600     5.787     0.060         5
    24.600    11.082     0.060        24
    25.393     6.523     0.060        14
    25.393     5.661     0.060         5
    25.393    10.872     0.060        24
    26.168     6.395     0.060        14
    26.168     5.533     0.060         5
    26.168    10.659     0.060        24
    26.956     6.267     0.060        14
    26.956     5.404     0.060         5
    26.956    10.445     0.060        24
    27.745     6.126     0.060        14
    27.745     5.263     0.060         5
    27.745    10.210     0.060        24
    28.544     5.985     0.060        14
    28.544     5.122     0.060         5
    28.544     9.975     0.060        24
    29.335     5.848     0.060        14
    29.335     4.985     0.060         5
    29.335     9.746     0.060        24
    30.131     5.723     0.060        14
    30.131     4.860     0.060         5
    30.131     9.538     0.060        24
    30.922     5.578     0.060        14
    30.922     4.716     0.060         5
    30.922     9.297     0.060        24
    31.714     5.411     0.060        14
    31.714     4.549     0.060         5
    31.714     9.019     0.060        24
    32.522     5.309     0.060        14
    32.522     4.446     0.060         5
    32.522     8.848     0.060        24
    33.318     5.163     0.060        14
    33.318     4.300     0.060         5
    33.318     8.605     0.060        24
    34.131     5.007     0.060        14
    34.131     4.144     0.060         5
    34.131     8.345     0.060        24
    34.943     4.874     0.060        14
    34.943     4.012     0.060         5
    34.943     8.124     0.060        24
    35.767     4.731     0.060        14
    35.767     3.868     0.060         5
    35.767     7.885     0.060        24
    36.584     4.585     0.060        14
    36.584     3.722     0.060         5
    36.584     7.641     0.060        24
    37.383     4.432     0.060        14
    37.383     3.569     0.060         5
    37.383     7.386     0.060        24
    54.860    -1.000     0.000         0
    14.945     9.383     0.060        14
    14.945     8.520     0.060         5
    14.945    15.638     0.060        24
    15.922     9.211     0.060        14
    15.922     8.348     0.060         5
    15.922    15.351     0.060        24
    16.738     9.124     0.060        14
    16.738     8.261     0.060         5
    16.738    15.206     0.060        24
    17.558     8.975     0.060        14
    17.558     8.113     0.060         5
    17.558    14.959     0.060        24
    18.341     8.871     0.060        14
    18.341     8.008     0.060         5
    18.341    14.785     0.060        24
    19.129     8.738     0.060        14
    19.129     7.876     0.060         5
    19.129    14.564     0.060        24
    19.915     8.611     0.060        14
    19.915     7.749     0.060         5
    19.915    14.352     0.060        24
    20.692     8.478     0.060        14
    20.692     7.615     0.060         5
    20.692    14.130     0.060        24
    21.473     8.342     0.060        14
    21.473     7.479     0.060         5
    21.473    13.903     0.060        24
    22.251     8.202     0.060        14
    22.251     7.339     0.060         5
    22.251    13.670     0.060        24
    23.032     8.101     0.060        14
    23.032     7.239     0.060         5
    23.032    13.502     0.060        24
    23.820     7.958     0.060        14
    23.820     7.096     0.060         5
    23.820    13.264     0.060        24
    24.600     7.816     0.060        14
    24.600     6.953     0.060         5
    24.600    13.026     0.060        24
    25.393     7.721     0.060        14
    25.393     6.858     0.060         5
    25.393    12.868     0.060        24
    26.167     7.579     0.060        14
    26.167     6.717     0.060         5
    26.167    12.632     0.060        24
    26.956     7.458     0.060        14
    26.956     6.595     0.060         5
    26.956    12.430     0.060        24
    27.744     7.353     0.060        14
    27.744     6.490     0.060         5
    27.744    12.255     0.060        24
    28.543     7.186     0.060        14
    28.543     6.323     0.060         5
    28.543    11.976     0.060        24
    29.335     7.087     0.060        14
    29.335     6.224     0.060         5
    29.335    11.811     0.060        24
    30.131     6.938     0.060        14
    30.131     6.075     0.060         5
    30.131    11.563     0.060        24
    30.922     6.757     0.060        14
    30.922     5.895     0.060         5
    30.922    11.262     0.060        24
    31.713     6.665     0.060        14
    31.713     5.802     0.060         5
    31.713    11.108     0.060        24
    32.521     6.496     0.060        14
    32.521     5.634     0.060         5
    32.521    10.827     0.060        24
    33.318     6.376     0.060        14
    33.318     5.513     0.060         5
    33.318    10.626     0.060        24
    34.130     6.218     0.060        14
    34.130     5.355     0.060         5
    34.130    10.363     0.060        24
    34.943     6.070     0.060        14
    34.943     5.207     0.060         5
    34.943    10.116     0.060        24
    35.766     5.920     0.060        14
    35.766     5.057     0.060         5
    35.766     9.866     0.060        24
    36.584     5.779     0.060        14
    36.584     4.916     0.060         5
    36.584     9.631     0.060        24
    37.383     5.618     0.060        14
    37.383     4.755     0.060         5
    37.383     9.363     0.060        24
    38.192     5.454     0.060        14
    38.192     4.591     0.060         5
    38.192     9.090     0.060        24
    39.005     5.325     0.060        14
    39.005     4.462     0.060         5
    39.005     8.875     0.060        24
    39.818     5.171     0.060        14
    39.818     4.309     0.060         5
    39.818     8.619     0.060        24
    40.631     5.027     0.060        14
    40.631     4.164     0.060         5
    40.631     8.378     0.060        24
    54.860     1.000     0.000         0
    75.440     6.532     0.060        14
    75.440     5.669     0.060         5
    75.440    10.886     0.060        24
    77.295     6.820     0.060        14
    77.295     5.957     0.060         5
    77.295    11.366     0.060        24
    78.847     7.078     0.060        14
    78.847     6.215     0.060         5
    78.847    11.796     0.060        24
    81.477     7.512     0.060        14
    81.477     6.649     0.060         5
    81.477    12.520     0.060        24
    84.449     8.010     0.060        14
    84.449     7.147     0.060         5
    84.449    13.350     0.060        24
    86.176     8.313     0.060        14
    86.176     7.450     0.060         5
    86.176    13.855     0.060        24
    88.070     8.610     0.060        14
    88.070     7.747     0.060         5
    88.070    14.350     0.060        24
    92.764     9.335     0.060        14
    92.764     8.473     0.060         5
    92.764    15.559     0.060        24
    95.451     9.713     0.060        14
    95.451     8.851     0.060         5
    95.451    16.189     0.060        24
   111.192    12.019     0.060        14
   111.192    11.157     0.060         5
   111.192    20.032     0.060        24
   115.279    12.781     0.060        14
   115.279    11.919     0.060         5
   115.279    21.302     0.060        24
   116.875    13.093     0.060        14
   116.875    12.230     0.060         5
   116.875    21.821     0.060        24
   117.657    13.225     0.060        14
   117.657    12.363     0.060         5
   117.657    22.042     0.060        24
   118.443    13.369     0.060        14
   118.443    12.506     0.060         5
   118.443    22.281     0.060        24
   119.241    13.492     0.060        14
   119.241    12.630     0.060         5
   119.241    22.487     0.060        24
   120.051    13.635     0.060        14
   120.051    12.772     0.060         5
   120.051    22.725     0.060        24
   120.857    13.747     0.060        14
   120.857    12.885     0.060         5
   120.857    22.912     0.060        24
   124.521    14.243     0.060        14
   124.521    13.381     0.060         5
   124.521    23.739     0.060        24
   130.213    15.072     0.060        14
   130.213    14.209     0.060         5
   130.213    25.120     0.060        24
    60.860    -1.000     0.000         0
     8.278    11.478     0.060        14
     8.278    10.615     0.060         5
     8.278    19.130     0.060        24
     9.104    11.333     0.060        14
     9.104    10.470     0.060         5
     9.104    18.888     0.060        24
     9.914    11.221     0.060        14
     9.914    10.358     0.060         5
     9.914    18.701     0.060        24
    10.716    11.087     0.060        14
    10.716    10.224     0.060         5
    10.716    18.478     0.060        24
    11.545    10.964     0.060        14
    11.545    10.102     0.060         5
    11.545    18.274     0.060        24
    12.380    10.850     0.060        14
    12.380     9.988     0.060         5
    12.380    18.084     0.060        24
    13.186    10.752     0.060        14
    13.186     9.889     0.060         5
    13.186    17.920     0.060        24
    13.979    10.620     0.060        14
    13.979     9.757     0.060         5
    13.979    17.700     0.060        24
    14.785    10.491     0.060        14
    14.785     9.628     0.060         5
    14.785    17.485     0.060        24
    15.600    10.373     0.060        14
    15.600     9.510     0.060         5
    15.600    17.288     0.060        24
    16.413    10.228     0.060        14
    16.413     9.365     0.060         5
    16.413    17.046     0.060        24
    17.237    10.094     0.060        14
    17.237     9.231     0.060         5
    17.237    16.823     0.060        24
    18.033     9.984     0.060        14
    18.033     9.121     0.060         5
    18.033    16.640     0.060        24
    18.818     9.872     0.060        14
    18.818     9.010     0.060         5
    18.818    16.454     0.060        24
    19.603     9.727     0.060        14
    19.603     8.865     0.060         5
    19.603    16.212     0.060        24
    20.378     9.616     0.060        14
    20.378     8.753     0.060         5
    20.378    16.026     0.060        24
    21.159     9.470     0.060        14
    21.159     8.607     0.060         5
    21.159    15.783     0.060        24
    21.947     9.361     0.060        14
    21.947     8.498     0.060         5
    21.947    15.601     0.060        24
    22.717     9.229     0.060        14
    22.717     8.366     0.060         5
    22.717    15.381     0.060        24
    23.506     9.099     0.060        14
    23.506     8.236     0.060         5
    23.506    15.165     0.060        24
    24.291     8.960     0.060        14
    24.291     8.097     0.060         5
    24.291    14.933     0.060        24
    25.074     8.837     0.060        14
    25.074     7.975     0.060         5
    25.074    14.729     0.060        24
    25.856     8.709     0.060        14
    25.856     7.846     0.060         5
    25.856    14.515     0.060        24
    26.641     8.594     0.060        14
    26.641     7.732     0.060         5
    26.641    14.324     0.060        24
    27.433     8.464     0.060        14
    27.433     7.602     0.060         5
    27.433    14.107     0.060        24
    28.218     8.323     0.060        14
    28.218     7.461     0.060         5
    28.218    13.872     0.060        24
    29.020     8.216     0.060        14
    29.020     7.354     0.060         5
    29.020    13.694     0.060        24
    29.822     8.100     0.060        14
    29.822     7.237     0.060         5
    29.822    13.500     0.060        24
    30.611     7.986     0.060        14
    30.611     7.123     0.060         5
    30.611    13.310     0.060        24
    31.388     7.860     0.060        14
    31.388     6.997     0.060         5
    31.388    13.100     0.060        24
    32.197     7.728     0.060        14
    32.197     6.865     0.060         5
    32.197    12.880     0.060        24
    33.006     7.623     0.060        14
    33.006     6.760     0.060         5
    33.006    12.705     0.060        24
    33.808     7.477     0.060        14
    33.808     6.615     0.060         5
    33.808    12.462     0.060        24
    34.618     7.352     0.060        14
    34.618     6.490     0.060         5
    34.618    12.254     0.060        24
    35.444     7.197     0.060        14
    35.444     6.334     0.060         5
    35.444    11.995     0.060        24
    36.254     7.057     0.060        14
    36.254     6.194     0.060         5
    36.254    11.761     0.060        24
    37.058     6.930     0.060        14
    37.058     6.067     0.060         5
    37.058    11.550     0.060        24
    37.871     6.779     0.060        14
    37.871     5.916     0.060         5
    37.871    11.298     0.060        24
    38.680     6.634     0.060        14
    38.680     5.772     0.060         5
    38.680    11.057     0.060        24
    39.493     6.472     0.060        14
    39.493     5.609     0.060         5
    39.493    10.786     0.060        24
    40.306     6.341     0.060        14
    40.306     5.478     0.060         5
    40.306    10.568     0.060        24
    41.129     6.197     0.060        14
    41.129     5.334     0.060         5
    41.129    10.328     0.060        24
    41.922     6.059     0.060        14
    41.922     5.197     0.060         5
    41.922    10.099     0.060        24
    42.732     5.932     0.060        14
    42.732     5.069     0.060         5
    42.732     9.886     0.060        24
    43.500     5.804     0.060        14
    43.500     4.942     0.060         5
    43.500     9.674     0.060        24
    44.289     5.683     0.060        14
    44.289     4.820     0.060         5
    44.289     9.471     0.060        24
    45.066     5.540     0.060        14
    45.066     4.678     0.060         5
    45.066     9.234     0.060        24
    45.858     5.416     0.060        14
    45.858     4.553     0.060         5
    45.858     9.026     0.060        24
    60.860     1.000     0.000         0
    82.561     7.019     0.060        14
    82.561     6.157     0.060         5
    82.561    11.699     0.060        24
    86.341     7.669     0.060        14
    86.341     6.806     0.060         5
    86.341    12.781     0.060        24
    90.878     8.373     0.060        14
    90.878     7.510     0.060         5
    90.878    13.955     0.060        24
    93.550     8.764     0.060        14
    93.550     7.901     0.060         5
    93.550    14.606     0.060        24
    96.090     9.137     0.060        14
    96.090     8.274     0.060         5
    96.090    15.228     0.060        24
    98.919     9.565     0.060        14
    98.919     8.702     0.060         5
    98.919    15.941     0.060        24
   107.923    10.941     0.060        14
   107.923    10.078     0.060         5
   107.923    18.235     0.060        24
   109.006    11.108     0.060        14
   109.006    10.246     0.060         5
   109.006    18.514     0.060        24
   109.953    11.246     0.060        14
   109.953    10.384     0.060         5
   109.953    18.744     0.060        24
   111.193    11.433     0.060        14
   111.193    10.570     0.060         5
   111.193    19.055     0.060        24
   112.588    11.659     0.060        14
   112.588    10.797     0.060         5
   112.588    19.432     0.060        24
   116.086    12.181     0.060        14
   116.086    11.319     0.060         5
   116.086    20.302     0.060        24
   118.605    12.592     0.060        14
   118.605    11.729     0.060         5
   118.605    20.986     0.060        24
   120.213    12.835     0.060        14
   120.213    11.973     0.060         5
   120.213    21.392     0.060        24
   121.345    13.039     0.060        14
   121.345    12.176     0.060         5
   121.345    21.731     0.060        24
   122.634    13.241     0.060        14
   122.634    12.379     0.060         5
   122.634    22.069     0.060        24
   124.046    13.432     0.060        14
   124.046    12.570     0.060         5
   124.046    22.387     0.060        24
   125.786    13.664     0.060        14
   125.786    12.802     0.060         5
   125.786    22.774     0.060        24
   127.031    13.849     0.060        14
   127.031    12.986     0.060         5
   127.031    23.081     0.060        24
   128.607    14.063     0.060        14
   128.607    13.201     0.060         5
   128.607    23.439     0.060        24
   131.169    14.443     0.060        14
   131.169    13.580     0.060         5
   131.169    24.071     0.060        24
   134.400    14.986     0.060        14
   134.400    14.124     0.060         5
   134.400    24.977     0.060        24
   137.424    15.445     0.060        14
   137.424    14.582     0.060         5
   137.424    25.741     0.060        24
   140.776    16.004     0.060        14
   140.776    15.141     0.060         5
   140.776    26.673     0.060        24
    72.860    -1.000     0.000         0
     4.705    14.023     0.060        14
     4.705    13.160     0.060         5
     4.705    23.371     0.060        24
     7.148    13.632     0.060        14
     7.148    12.769     0.060         5
     7.148    22.720     0.060        24
     8.116    13.489     0.060        14
     8.116    12.627     0.060         5
     8.116    22.482     0.060        24
     8.940    13.383     0.060        14
     8.940    12.520     0.060         5
     8.940    22.305     0.060        24
     9.914    13.231     0.060        14
     9.914    12.369     0.060         5
     9.914    22.052     0.060        24
    10.716    13.119     0.060        14
    10.716    12.256     0.060         5
    10.716    21.865     0.060        24
    11.545    12.979     0.060        14
    11.545    12.117     0.060         5
    11.545    21.632     0.060        24
    12.380    12.853     0.060        14
    12.380    11.991     0.060         5
    12.380    21.422     0.060        24
    13.348    12.715     0.060        14
    13.348    11.853     0.060         5
    13.348    21.192     0.060        24
    14.144    12.600     0.060        14
    14.144    11.737     0.060         5
    14.144    21.000     0.060        24
    14.946    12.490     0.060        14
    14.946    11.627     0.060         5
    14.946    20.816     0.060        24
    15.751    12.342     0.060        14
    15.751    11.479     0.060         5
    15.751    20.570     0.060        24
    16.574    12.227     0.060        14
    16.574    11.365     0.060         5
    16.574    20.379     0.060        24
    17.398    12.101     0.060        14
    17.398    11.239     0.060         5
    17.398    20.169     0.060        24
    18.183    11.988     0.060        14
    18.183    11.125     0.060         5
    18.183    19.980     0.060        24
    18.979    11.843     0.060        14
    18.979    10.981     0.060         5
    18.979    19.739     0.060        24
    19.754    11.716     0.060        14
    19.754    10.854     0.060         5
    19.754    19.527     0.060        24
    20.532    11.599     0.060        14
    20.532    10.737     0.060         5
    20.532    19.332     0.060        24
    21.320    11.485     0.060        14
    21.320    10.622     0.060         5
    21.320    19.141     0.060        24
    22.101    11.359     0.060        14
    22.101    10.496     0.060         5
    22.101    18.931     0.060        24
    22.879    11.232     0.060        14
    22.879    10.369     0.060         5
    22.879    18.720     0.060        24
    23.656    11.101     0.060        14
    23.656    10.239     0.060         5
    23.656    18.502     0.060        24
    24.442    10.973     0.060        14
    24.442    10.110     0.060         5
    24.442    18.288     0.060        24
    25.232    10.852     0.060        14
    25.232     9.989     0.060         5
    25.232    18.086     0.060        24
    26.017    10.739     0.060        14
    26.017     9.877     0.060         5
    26.017    17.899     0.060        24
    26.795    10.610     0.060        14
    26.795     9.748     0.060         5
    26.795    17.684     0.060        24
    27.594    10.462     0.060        14
    27.594     9.600     0.060         5
    27.594    17.437     0.060        24
    28.380    10.351     0.060        14
    28.380     9.488     0.060         5
    28.380    17.251     0.060        24
    29.185    10.214     0.060        14
    29.185     9.352     0.060         5
    29.185    17.024     0.060        24
    29.973    10.092     0.060        14
    29.973     9.229     0.060         5
    29.973    16.820     0.060        24
    30.761     9.988     0.060        14
    30.761     9.126     0.060         5
    30.761    16.647     0.060        24
    31.553     9.839     0.060        14
    31.553     8.977     0.060         5
    31.553    16.399     0.060        24
    32.358     9.706     0.060        14
    32.358     8.843     0.060         5
    32.358    16.176     0.060        24
    33.157     9.579     0.060        14
    33.157     8.716     0.060         5
    33.157    15.965     0.060        24
    33.970     9.449     0.060        14
    33.970     8.586     0.060         5
    33.970    15.748     0.060        24
    34.782     9.314     0.060        14
    34.782     8.452     0.060         5
    34.782    15.524     0.060        24
    35.767     9.176     0.060        14
    35.767     8.314     0.060         5
    35.767    15.294     0.060        24
    36.584     9.016     0.060        14
    36.584     8.153     0.060         5
    36.584    15.026     0.060        24
    37.383     8.885     0.060        14
    37.383     8.022     0.060         5
    37.383    14.808     0.060        24
    38.193     8.756     0.060        14
    38.193     7.893     0.060         5
    38.193    14.593     0.060        24
    39.006     8.615     0.060        14
    39.006     7.752     0.060         5
    39.006    14.358     0.060        24
    39.819     8.496     0.060        14
    39.819     7.633     0.060         5
    39.819    14.160     0.060        24
    40.631     8.372     0.060        14
    40.631     7.510     0.060         5
    40.631    13.954     0.060        24
    41.449     8.248     0.060        14
    41.449     7.386     0.060         5
    41.449    13.747     0.060        24
    42.245     8.101     0.060        14
    42.245     7.238     0.060         5
    42.245    13.501     0.060        24
    43.030     7.952     0.060        14
    43.030     7.089     0.060         5
    43.030    13.253     0.060        24
    43.812     7.811     0.060        14
    43.812     6.948     0.060         5
    43.812    13.018     0.060        24
    44.601     7.675     0.060        14
    44.601     6.812     0.060         5
    44.601    12.791     0.060        24
    45.392     7.527     0.060        14
    45.392     6.664     0.060         5
    45.392    12.545     0.060        24
    46.173     7.417     0.060        14
    46.173     6.555     0.060         5
    46.173    12.362     0.060        24
    46.964     7.276     0.060        14
    46.964     6.413     0.060         5
    46.964    12.126     0.060        24
    47.752     7.156     0.060        14
    47.752     6.293     0.060         5
    47.752    11.926     0.060        24
    72.860     1.000     0.000         0
   109.006     9.092     0.060        14
   109.006     8.230     0.060         5
   109.006    15.154     0.060        24
   111.354     9.458     0.060        14
   111.354     8.596     0.060         5
   111.354    15.764     0.060        24
   114.309     9.909     0.060        14
   114.309     9.046     0.060         5
   114.309    16.515     0.060        24
   118.293    10.606     0.060        14
   118.293     9.744     0.060         5
   118.293    17.677     0.060        24
   121.670    11.209     0.060        14
   121.670    10.346     0.060         5
   121.670    18.681     0.060        24
   125.786    11.876     0.060        14
   125.786    11.013     0.060         5
   125.786    19.793     0.060        24
   130.213    12.566     0.060        14
   130.213    11.704     0.060         5
   130.213    20.944     0.060        24
   132.621    12.944     0.060        14
   132.621    12.081     0.060         5
   132.621    21.573     0.060        24
   135.530    13.403     0.060        14
   135.530    12.540     0.060         5
   135.530    22.338     0.060        24
   139.168    13.988     0.060        14
   139.168    13.125     0.060         5
   139.168    23.313     0.060        24
   142.225    14.431     0.060        14
   142.225    13.568     0.060         5
   142.225    24.051     0.060        24
    78.859    -1.000     0.000         0
     6.190    14.555     0.060        14
     6.190    13.693     0.060         5
     6.190    24.259     0.060        24
     7.147    14.423     0.060        14
     7.147    13.561     0.060         5
     7.147    24.039     0.060        24
     7.951    14.296     0.060        14
     7.951    13.433     0.060         5
     7.951    23.826     0.060        24
     8.778    14.191     0.060        14
     8.778    13.329     0.060         5
     8.778    23.652     0.060        24
     9.590    14.069     0.060        14
     9.590    13.207     0.060         5
     9.590    23.449     0.060        24
    10.386    13.942     0.060        14
    10.386    13.079     0.060         5
    10.386    23.236     0.060        24
    11.208    13.819     0.060        14
    11.208    12.957     0.060         5
    11.208    23.032     0.060        24
    12.042    13.686     0.060        14
    12.042    12.823     0.060         5
    12.042    22.810     0.060        24
    12.866    13.552     0.060        14
    12.866    12.690     0.060         5
    12.866    22.587     0.060        24
    13.656    13.466     0.060        14
    13.656    12.603     0.060         5
    13.656    22.443     0.060        24
    14.458    13.335     0.060        14
    14.458    12.472     0.060         5
    14.458    22.225     0.060        24
    15.271    13.228     0.060        14
    15.271    12.365     0.060         5
    15.271    22.046     0.060        24
    16.087    13.096     0.060        14
    16.087    12.233     0.060         5
    16.087    21.826     0.060        24
    16.910    12.962     0.060        14
    16.910    12.099     0.060         5
    16.910    21.603     0.060        24
    17.709    12.838     0.060        14
    17.709    11.976     0.060         5
    17.709    21.397     0.060        24
    18.502    12.725     0.060        14
    18.502    11.862     0.060         5
    18.502    21.208     0.060        24
    19.291    12.587     0.060        14
    19.291    11.724     0.060         5
    19.291    20.978     0.060        24
    20.065    12.473     0.060        14
    20.065    11.611     0.060         5
    20.065    20.789     0.060        24
    20.843    12.339     0.060        14
    20.843    11.476     0.060         5
    20.843    20.565     0.060        24
    21.635    12.239     0.060        14
    21.635    11.376     0.060         5
    21.635    20.398     0.060        24
    22.402    12.115     0.060        14
    22.402    11.252     0.060         5
    22.402    20.191     0.060        24
    23.193    11.990     0.060        14
    23.193    11.127     0.060         5
    23.193    19.983     0.060        24
    23.981    11.870     0.060        14
    23.981    11.007     0.060         5
    23.981    19.783     0.060        24
    24.761    11.746     0.060        14
    24.761    10.884     0.060         5
    24.761    19.577     0.060        24
    25.543    11.615     0.060        14
    25.543    10.753     0.060         5
    25.543    19.359     0.060        24
    26.329    11.500     0.060        14
    26.329    10.637     0.060         5
    26.329    19.166     0.060        24
    27.117    11.377     0.060        14
    27.117    10.515     0.060         5
    27.117    18.962     0.060        24
    27.905    11.261     0.060        14
    27.905    10.399     0.060         5
    27.905    18.769     0.060        24
    28.694    11.130     0.060        14
    28.694    10.267     0.060         5
    28.694    18.550     0.060        24
    29.496    11.008     0.060        14
    29.496    10.145     0.060         5
    29.496    18.346     0.060        24
    30.284    10.877     0.060        14
    30.284    10.015     0.060         5
    30.284    18.129     0.060        24
    31.076    10.752     0.060        14
    31.076     9.889     0.060         5
    31.076    17.920     0.060        24
    31.878    10.610     0.060        14
    31.878     9.748     0.060         5
    31.878    17.684     0.060        24
    32.683    10.463     0.060        14
    32.683     9.600     0.060         5
    32.683    17.438     0.060        24
    33.482    10.323     0.060        14
    33.482     9.460     0.060         5
    33.482    17.205     0.060        24
    34.292    10.195     0.060        14
    34.292     9.332     0.060         5
    34.292    16.991     0.060        24
    35.107    10.056     0.060        14
    35.107     9.193     0.060         5
    35.107    16.760     0.060        24
    35.931     9.950     0.060        14
    35.931     9.087     0.060         5
    35.931    16.583     0.060        24
    36.745     9.836     0.060        14
    36.745     8.973     0.060         5
    36.745    16.393     0.060        24
    37.544     9.708     0.060        14
    37.544     8.845     0.060         5
    37.544    16.180     0.060        24
    38.357     9.560     0.060        14
    38.357     8.697     0.060         5
    38.357    15.933     0.060        24
    39.169     9.439     0.060        14
    39.169     8.576     0.060         5
    39.169    15.731     0.060        24
    39.982     9.311     0.060        14
    39.982     8.449     0.060         5
    39.982    15.519     0.060        24
    40.792     9.181     0.060        14
    40.792     8.318     0.060         5
    40.792    15.301     0.060        24
    41.599     9.058     0.060        14
    41.599     8.195     0.060         5
    41.599    15.096     0.060        24
    42.419     8.911     0.060        14
    42.419     8.049     0.060         5
    42.419    14.852     0.060        24
    43.191     8.805     0.060        14
    43.191     7.942     0.060         5
    43.191    14.675     0.060        24
    43.973     8.659     0.060        14
    43.973     7.797     0.060         5
    43.973    14.432     0.060        24
    44.761     8.545     0.060        14
    44.761     7.682     0.060         5
    44.761    14.241     0.060        24
    45.542     8.416     0.060        14
    45.542     7.554     0.060         5
    45.542    14.027     0.060        24
    78.859     1.000     0.000         0
    92.288     5.573     0.060        14
    92.288     4.711     0.060         5
    92.288     9.289     0.060        24
    93.076     5.680     0.060        14
    93.076     4.817     0.060         5
    93.076     9.466     0.060        24
    93.875     5.798     0.060        14
    93.875     4.935     0.060         5
    93.875     9.663     0.060        24
    94.663     5.925     0.060        14
    94.663     5.062     0.060         5
    94.663     9.875     0.060        24
    95.451     6.049     0.060        14
    95.451     5.187     0.060         5
    95.451    10.082     0.060        24
    96.250     6.166     0.060        14
    96.250     5.303     0.060         5
    96.250    10.276     0.060        24
    97.041     6.289     0.060        14
    97.041     5.426     0.060         5
    97.041    10.481     0.060        24
    97.827     6.369     0.060        14
    97.827     5.506     0.060         5
    97.827    10.615     0.060        24
    98.606     6.456     0.060        14
    98.606     5.593     0.060         5
    98.606    10.760     0.060        24
    99.377     6.556     0.060        14
    99.377     5.693     0.060         5
    99.377    10.926     0.060        24
   100.152     6.661     0.060        14
   100.152     5.798     0.060         5
   100.152    11.101     0.060        24
   100.926     6.776     0.060        14
   100.926     5.913     0.060         5
   100.926    11.293     0.060        24
   101.689     6.892     0.060        14
   101.689     6.030     0.060         5
   101.689    11.487     0.060        24
   102.461     7.015     0.060        14
   102.461     6.153     0.060         5
   102.461    11.692     0.060        24
   103.218     7.135     0.060        14
   103.218     6.273     0.060         5
   103.218    11.892     0.060        24
   103.987     7.247     0.060        14
   103.987     6.385     0.060         5
   103.987    12.079     0.060        24
   104.792     7.387     0.060        14
   104.792     6.525     0.060         5
   104.792    12.312     0.060        24
   105.573     7.509     0.060        14
   105.573     6.646     0.060         5
   105.573    12.515     0.060        24
   106.367     7.603     0.060        14
   106.367     6.741     0.060         5
   106.367    12.672     0.060        24
   107.145     7.747     0.060        14
   107.145     6.884     0.060         5
   107.145    12.911     0.060        24
   107.922     7.883     0.060        14
   107.922     7.021     0.060         5
   107.922    13.139     0.060        24
   108.694     8.026     0.060        14
   108.694     7.164     0.060         5
   108.694    13.377     0.060        24
   109.479     8.166     0.060        14
   109.479     7.303     0.060         5
   109.479    13.610     0.060        24
   110.264     8.326     0.060        14
   110.264     7.463     0.060         5
   110.264    13.876     0.060        24
   111.041     8.444     0.060        14
   111.041     7.581     0.060         5
   111.041    14.073     0.060        24
   111.816     8.593     0.060        14
   111.816     7.731     0.060         5
   111.816    14.322     0.060        24
   112.587     8.714     0.060        14
   112.587     7.852     0.060         5
   112.587    14.524     0.060        24
   113.351     8.846     0.060        14
   113.351     7.983     0.060         5
   113.351    14.743     0.060        24
   114.147     8.985     0.060        14
   114.147     8.122     0.060         5
   114.147    14.975     0.060        24
   114.956     9.115     0.060        14
   114.956     8.253     0.060         5
   114.956    15.192     0.060        24
   115.763     9.278     0.060        14
   115.763     8.416     0.060         5
   115.763    15.464     0.060        24
   116.556     9.413     0.060        14
   116.556     8.551     0.060         5
   116.556    15.689     0.060        24
   117.345     9.533     0.060        14
   117.345     8.671     0.060         5
   117.345    15.889     0.060        24
   118.131     9.670     0.060        14
   118.131     8.807     0.060         5
   118.131    16.116     0.060        24
   118.929     9.790     0.060        14
   118.929     8.928     0.060         5
   118.929    16.317     0.060        24
   119.728     9.937     0.060        14
   119.728     9.075     0.060         5
   119.728    16.562     0.060        24
   120.535    10.065     0.060        14
   120.535     9.202     0.060         5
   120.535    16.775     0.060        24
   121.344    10.204     0.060        14
   121.344     9.342     0.060         5
   121.344    17.007     0.060        24
   122.146    10.340     0.060        14
   122.146     9.477     0.060         5
   122.146    17.233     0.060        24
   122.958    10.493     0.060        14
   122.958     9.630     0.060         5
   122.958    17.488     0.060        24
   123.733    10.584     0.060        14
   123.733     9.721     0.060         5
   123.733    17.640     0.060        24
   124.521    10.669     0.060        14
   124.521     9.806     0.060         5
   124.521    17.781     0.060        24
   125.312    10.784     0.060        14
   125.312     9.922     0.060         5
   125.312    17.974     0.060        24
   126.097    10.889     0.060        14
   126.097    10.027     0.060         5
   126.097    18.149     0.060        24
   126.872    10.996     0.060        14
   126.872    10.134     0.060         5
   126.872    18.327     0.060        24
   127.654    11.109     0.060        14
   127.654    10.246     0.060         5
   127.654    18.515     0.060        24
   128.445    11.245     0.060        14
   128.445    10.382     0.060         5
   128.445    18.741     0.060        24
   129.250    11.365     0.060        14
   129.250    10.503     0.060         5
   129.250    18.942     0.060        24
   130.051    11.474     0.060        14
   130.051    10.611     0.060         5
   130.051    19.123     0.060        24
   130.853    11.578     0.060        14
   130.853    10.716     0.060         5
   130.853    19.297     0.060        24
   131.655    11.735     0.060        14
   131.655    10.873     0.060         5
   131.655    19.559     0.060        24
   132.456    11.870     0.060        14
   132.456    11.007     0.060         5
   132.456    19.783     0.060        24
   133.261    11.994     0.060        14
   133.261    11.131     0.060         5
   133.261    19.990     0.060        24
   134.077    12.110     0.060        14
   134.077    11.247     0.060         5
   134.077    20.183     0.060        24
   134.889    12.238     0.060        14
   134.889    11.376     0.060         5
   134.889    20.397     0.060        24
   135.680    12.367     0.060        14
   135.680    11.505     0.060         5
   135.680    20.612     0.060        24
   136.471    12.508     0.060        14
   136.471    11.646     0.060         5
   136.471    20.847     0.060        24
   137.262    12.652     0.060        14
   137.262    11.789     0.060         5
   137.262    21.086     0.060        24
   138.050    12.804     0.060        14
   138.050    11.941     0.060         5
   138.050    21.340     0.060        24
   138.852    12.922     0.060        14
   138.852    12.059     0.060         5
   138.852    21.536     0.060        24
   139.654    13.033     0.060        14
   139.654    12.170     0.060         5
   139.654    21.721     0.060        24
   140.452    13.185     0.060        14
   140.452    12.322     0.060         5
   140.452    21.975     0.060        24
   141.251    13.325     0.060        14
   141.251    12.462     0.060         5
   141.251    22.208     0.060        24
   142.063    13.473     0.060        14
   142.063    12.610     0.060         5
   142.063    22.455     0.060        24
   142.865    13.579     0.060        14
   142.865    12.717     0.060         5
   142.865    22.632     0.060        24
   143.664    13.694     0.060        14
   143.664    12.831     0.060         5
   143.664    22.823     0.060        24
   144.946    13.882     0.060        14
   144.946    13.019     0.060         5
   144.946    23.136     0.060        24
   147.840    14.311     0.060        14
   147.840    13.448     0.060         5
   147.840    23.851     0.060        24
   150.851    14.674     0.060        14
   150.851    13.812     0.060         5
   150.851    24.457     0.060        24
    84.860    -1.000     0.000         0
     8.116    15.386     0.060        14
     8.116    14.523     0.060         5
     8.116    25.643     0.060        24
     8.939    15.239     0.060        14
     8.939    14.377     0.060         5
     8.939    25.399     0.060        24
     9.752    15.135     0.060        14
     9.752    14.272     0.060         5
     9.752    25.225     0.060        24
    10.548    14.986     0.060        14
    10.548    14.123     0.060         5
    10.548    24.976     0.060        24
    11.380    14.870     0.060        14
    11.380    14.007     0.060         5
    11.380    24.783     0.060        24
    12.207    14.738     0.060        14
    12.207    13.875     0.060         5
    12.207    24.563     0.060        24
    13.027    14.610     0.060        14
    13.027    13.747     0.060         5
    13.027    24.350     0.060        24
    13.817    14.510     0.060        14
    13.817    13.647     0.060         5
    13.817    24.183     0.060        24
    14.619    14.401     0.060        14
    14.619    13.538     0.060         5
    14.619    24.001     0.060        24
    15.435    14.268     0.060        14
    15.435    13.405     0.060         5
    15.435    23.780     0.060        24
    16.248    14.148     0.060        14
    16.248    13.285     0.060         5
    16.248    23.580     0.060        24
    17.074    14.000     0.060        14
    17.074    13.137     0.060         5
    17.074    23.333     0.060        24
    17.870    13.885     0.060        14
    17.870    13.022     0.060         5
    17.870    23.141     0.060        24
    18.656    13.758     0.060        14
    18.656    12.895     0.060         5
    18.656    22.930     0.060        24
    19.441    13.626     0.060        14
    19.441    12.763     0.060         5
    19.441    22.710     0.060        24
    20.216    13.497     0.060        14
    20.216    12.634     0.060         5
    20.216    22.495     0.060        24
    21.008    13.352     0.060        14
    21.008    12.490     0.060         5
    21.008    22.254     0.060        24
    21.785    13.225     0.060        14
    21.785    12.363     0.060         5
    21.785    22.042     0.060        24
    22.566    13.072     0.060        14
    22.566    12.210     0.060         5
    22.566    21.787     0.060        24
    23.344    12.969     0.060        14
    23.344    12.106     0.060         5
    23.344    21.615     0.060        24
    24.129    12.817     0.060        14
    24.129    11.955     0.060         5
    24.129    21.362     0.060        24
    24.922    12.684     0.060        14
    24.922    11.821     0.060         5
    24.922    21.140     0.060        24
    25.705    12.553     0.060        14
    25.705    11.690     0.060         5
    25.705    20.921     0.060        24
    26.479    12.437     0.060        14
    26.479    11.575     0.060         5
    26.479    20.729     0.060        24
    27.268    12.329     0.060        14
    27.268    11.467     0.060         5
    27.268    20.549     0.060        24
    28.067    12.199     0.060        14
    28.067    11.337     0.060         5
    28.067    20.332     0.060        24
    28.858    12.081     0.060        14
    28.858    11.218     0.060         5
    28.858    20.135     0.060        24
    29.660    11.963     0.060        14
    29.660    11.100     0.060         5
    29.660    19.938     0.060        24
    30.446    11.837     0.060        14
    30.446    10.975     0.060         5
    30.446    19.729     0.060        24
    31.388    11.695     0.060        14
    31.388    10.832     0.060         5
    31.388    19.491     0.060        24
    43.029     9.757     0.060        14
    43.029     8.894     0.060         5
    43.029    16.261     0.060        24
    43.812     9.638     0.060        14
    43.812     8.776     0.060         5
    43.812    16.064     0.060        24
    44.600     9.518     0.060        14
    44.600     8.656     0.060         5
    44.600    15.864     0.060        24
    45.391     9.379     0.060        14
    45.391     8.517     0.060         5
    45.391    15.632     0.060        24
    46.172     9.274     0.060        14
    46.172     8.412     0.060         5
    46.172    15.457     0.060        24
    49.633     8.725     0.060        14
    49.633     7.862     0.060         5
    49.633    14.541     0.060        24
    54.885     7.921     0.060        14
    54.885     7.059     0.060         5
    54.885    13.202     0.060        24
    56.422     7.713     0.060        14
    56.422     6.850     0.060         5
    56.422    12.855     0.060        24
    57.344     7.582     0.060        14
    57.344     6.719     0.060         5
    57.344    12.636     0.060        24
    58.108     7.484     0.060        14
    58.108     6.621     0.060         5
    58.108    12.473     0.060        24
    58.869     7.363     0.060        14
    58.869     6.501     0.060         5
    58.869    12.272     0.060        24
    59.643     7.267     0.060        14
    59.643     6.404     0.060         5
    59.643    12.111     0.060        24
    60.407     7.153     0.060        14
    60.407     6.291     0.060         5
    60.407    11.922     0.060        24
    61.171     7.062     0.060        14
    61.171     6.199     0.060         5
    61.171    11.770     0.060        24
    61.923     6.943     0.060        14
    61.923     6.080     0.060         5
    61.923    11.571     0.060        24
    62.685     6.832     0.060        14
    62.685     5.969     0.060         5
    62.685    11.386     0.060        24
    63.440     6.709     0.060        14
    63.440     5.847     0.060         5
    63.440    11.182     0.060        24
    64.181     6.601     0.060        14
    64.181     5.738     0.060         5
    64.181    11.001     0.060        24
    64.942     6.497     0.060        14
    64.942     5.635     0.060         5
    64.942    10.829     0.060        24
    84.860     1.000     0.000         0
   105.422     6.490     0.060        14
   105.422     5.628     0.060         5
   105.422    10.817     0.060        24
   106.203     6.621     0.060        14
   106.203     5.758     0.060         5
   106.203    11.035     0.060        24
   106.991     6.731     0.060        14
   106.991     5.868     0.060         5
   106.991    11.218     0.060        24
   107.768     6.844     0.060        14
   107.768     5.982     0.060         5
   107.768    11.407     0.060        24
   108.543     6.970     0.060        14
   108.543     6.107     0.060         5
   108.543    11.616     0.060        24
   109.314     7.066     0.060        14
   109.314     6.204     0.060         5
   109.314    11.777     0.060        24
   110.103     7.217     0.060        14
   110.103     6.355     0.060         5
   110.103    12.029     0.060        24
   110.880     7.337     0.060        14
   110.880     6.474     0.060         5
   110.880    12.228     0.060        24
   111.665     7.453     0.060        14
   111.665     6.590     0.060         5
   111.665    12.421     0.060        24
   112.440     7.579     0.060        14
   112.440     6.717     0.060         5
   112.440    12.632     0.060        24
   113.671     7.772     0.060        14
   113.671     6.910     0.060         5
   113.671    12.954     0.060        24
   115.440     8.070     0.060        14
   115.440     7.207     0.060         5
   115.440    13.450     0.060        24
   116.244     8.215     0.060        14
   116.244     7.352     0.060         5
   116.244    13.691     0.060        24
   117.026     8.334     0.060        14
   117.026     7.471     0.060         5
   117.026    13.890     0.060        24
   119.080     8.659     0.060        14
   119.080     7.796     0.060         5
   119.080    14.431     0.060        24
   119.890     8.796     0.060        14
   119.890     7.933     0.060         5
   119.890    14.660     0.060        24
   120.696     8.924     0.060        14
   120.696     8.062     0.060         5
   120.696    14.874     0.060        24
   122.472     9.218     0.060        14
   122.472     8.355     0.060         5
   122.472    15.363     0.060        24
   123.582     9.398     0.060        14
   123.582     8.536     0.060         5
   123.582    15.664     0.060        24
   124.367     9.554     0.060        14
   124.367     8.691     0.060         5
   124.367    15.923     0.060        24
   125.161     9.687     0.060        14
   125.161     8.824     0.060         5
   125.161    16.145     0.060        24
   125.947     9.817     0.060        14
   125.947     8.954     0.060         5
   125.947    16.361     0.060        24
   126.721     9.932     0.060        14
   126.721     9.070     0.060         5
   126.721    16.554     0.060        24
   127.493    10.045     0.060        14
   127.493     9.183     0.060         5
   127.493    16.742     0.060        24
   129.250    10.308     0.060        14
   129.250     9.445     0.060         5
   129.250    17.180     0.060        24
   130.051    10.447     0.060        14
   130.051     9.584     0.060         5
   130.051    17.411     0.060        24
   131.168    10.621     0.060        14
   131.168     9.759     0.060         5
   131.168    17.702     0.060        24
   132.621    10.875     0.060        14
   132.621    10.012     0.060         5
   132.621    18.125     0.060        24
   133.425    10.996     0.060        14
   133.425    10.134     0.060         5
   133.425    18.327     0.060        24
   134.889    11.264     0.060        14
   134.889    10.402     0.060         5
   134.889    18.774     0.060        24
   136.947    11.597     0.060        14
   136.947    10.735     0.060         5
   136.947    19.329     0.060        24
   139.328    11.986     0.060        14
   139.328    11.123     0.060         5
   139.328    19.976     0.060        24
   140.127    12.113     0.060        14
   140.127    11.250     0.060         5
   140.127    20.188     0.060        24
   141.090    12.282     0.060        14
   141.090    11.419     0.060         5
   141.090    20.470     0.060        24
   143.825    12.723     0.060        14
   143.825    11.860     0.060         5
   143.825    21.205     0.060        24
   147.679    13.325     0.060        14
   147.679    12.462     0.060         5
   147.679    22.208     0.060        24
   150.060    13.676     0.060        14
   150.060    12.813     0.060         5
   150.060    22.793     0.060        24
    90.860    -1.000     0.000         0
    16.087    15.042     0.060        14
    16.087    14.179     0.060         5
    16.087    25.070     0.060        24
    19.441    14.528     0.060        14
    19.441    13.666     0.060         5
    19.441    24.214     0.060        24
    23.505    13.883     0.060        14
    23.505    13.021     0.060         5
    23.505    23.139     0.060        24
    28.067    13.153     0.060        14
    28.067    12.291     0.060         5
    28.067    21.922     0.060        24
    37.705    11.602     0.060        14
    37.705    10.739     0.060         5
    37.705    19.336     0.060        24
    42.244    10.900     0.060        14
    42.244    10.038     0.060         5
    42.244    18.167     0.060        24
    46.333    10.272     0.060        14
    46.333     9.409     0.060         5
    46.333    17.120     0.060        24
    51.518     9.530     0.060        14
    51.518     8.668     0.060         5
    51.518    15.884     0.060        24
    56.881     8.742     0.060        14
    56.881     7.879     0.060         5
    56.881    14.570     0.060        24
    90.860     1.000     0.000         0
   103.987     5.239     0.060        14
   103.987     4.376     0.060         5
   103.987     8.731     0.060        24
   107.295     5.768     0.060        14
   107.295     4.905     0.060         5
   107.295     9.613     0.060        24
   110.103     6.232     0.060        14
   110.103     5.369     0.060         5
   110.103    10.386     0.060        24
   112.899     6.691     0.060        14
   112.899     5.828     0.060         5
   112.899    11.151     0.060        24
   115.279     7.067     0.060        14
   115.279     6.204     0.060         5
   115.279    11.778     0.060        24
   117.496     7.441     0.060        14
   117.496     6.579     0.060         5
   117.496    12.402     0.060        24
   119.889     7.879     0.060        14
   119.889     7.017     0.060         5
   119.889    13.132     0.060        24
   122.310     8.291     0.060        14
   122.310     7.428     0.060         5
   122.310    13.818     0.060        24
   124.836     8.700     0.060        14
   124.836     7.837     0.060         5
   124.836    14.500     0.060        24
   132.295     9.887     0.060        14
   132.295     9.025     0.060         5
   132.295    16.479     0.060        24
   134.725    10.274     0.060        14
   134.725     9.412     0.060         5
   134.725    17.124     0.060        24
    96.859    -1.000     0.000         0
     7.951    17.073     0.060        14
     7.951    16.210     0.060         5
     7.951    28.455     0.060        24
    14.620    16.079     0.060        14
    14.620    15.217     0.060         5
    14.620    26.799     0.060        24
    15.750    15.925     0.060        14
    15.750    15.062     0.060         5
    15.750    26.541     0.060        24
    18.032    15.601     0.060        14
    18.032    14.738     0.060         5
    18.032    26.001     0.060        24
    21.473    15.034     0.060        14
    21.473    14.172     0.060         5
    21.473    25.057     0.060        24
    22.251    14.915     0.060        14
    22.251    14.053     0.060         5
    22.251    24.859     0.060        24
    23.032    14.791     0.060        14
    23.032    13.928     0.060         5
    23.032    24.651     0.060        24
    23.820    14.651     0.060        14
    23.820    13.788     0.060         5
    23.820    24.418     0.060        24
    24.600    14.520     0.060        14
    24.600    13.657     0.060         5
    24.600    24.200     0.060        24
    25.393    14.401     0.060        14
    25.393    13.538     0.060         5
    25.393    24.001     0.060        24
    26.167    14.287     0.060        14
    26.167    13.424     0.060         5
    26.167    23.811     0.060        24
    32.196    13.382     0.060        14
    32.196    12.519     0.060         5
    32.196    22.303     0.060        24
    34.943    12.910     0.060        14
    34.943    12.048     0.060         5
    34.943    21.517     0.060        24
    55.956     9.706     0.060        14
    55.956     8.844     0.060         5
    55.956    16.177     0.060        24
    59.178     9.268     0.060        14
    59.178     8.406     0.060         5
    59.178    15.447     0.060        24
    66.167     8.237     0.060        14
    66.167     7.375     0.060         5
    66.167    13.729     0.060        24
    96.859     1.000     0.000         0
   117.808     6.764     0.060        14
   117.808     5.902     0.060         5
   117.808    11.274     0.060        24
   118.604     6.933     0.060        14
   118.604     6.070     0.060         5
   118.604    11.555     0.060        24
   119.406     7.081     0.060        14
   119.406     6.218     0.060         5
   119.406    11.801     0.060        24
   120.212     7.212     0.060        14
   120.212     6.349     0.060         5
   120.212    12.020     0.060        24
   121.022     7.359     0.060        14
   121.022     6.496     0.060         5
   121.022    12.265     0.060        24
   121.831     7.498     0.060        14
   121.831     6.636     0.060         5
   121.831    12.497     0.060        24
   122.633     7.643     0.060        14
   122.633     6.780     0.060         5
   122.633    12.738     0.060        24
   123.421     7.755     0.060        14
   123.421     6.892     0.060         5
   123.421    12.925     0.060        24
   124.206     7.883     0.060        14
   124.206     7.020     0.060         5
   124.206    13.138     0.060        24
   124.997     8.014     0.060        14
   124.997     7.152     0.060         5
   124.997    13.357     0.060        24
   125.785     8.157     0.060        14
   125.785     7.294     0.060         5
   125.785    13.595     0.060        24
   126.560     8.243     0.060        14
   126.560     7.381     0.060         5
   126.560    13.739     0.060        24
   127.342     8.369     0.060        14
   127.342     7.506     0.060         5
   127.342    13.948     0.060        24
   128.119     8.527     0.060        14
   128.119     7.664     0.060         5
   128.119    14.211     0.060        24
   128.921     8.653     0.060        14
   128.921     7.791     0.060         5
   128.921    14.422     0.060        24
   129.737     8.786     0.060        14
   129.737     7.924     0.060         5
   129.737    14.644     0.060        24
   130.528     8.925     0.060        14
   130.528     8.062     0.060         5
   130.528    14.875     0.060        24
   131.329     9.066     0.060        14
   131.329     8.203     0.060         5
   131.329    15.110     0.060        24
   132.131     9.252     0.060        14
   132.131     8.389     0.060         5
   132.131    15.420     0.060        24
   141.899    11.062     0.060        14
   141.899    10.199     0.060         5
   141.899    18.436     0.060        24
   144.473    11.441     0.060        14
   144.473    10.578     0.060         5
   144.473    19.068     0.060        24
   146.565    11.828     0.060        14
   146.565    10.965     0.060         5
   146.565    19.713     0.060        24
   148.316    12.098     0.060        14
   148.316    11.236     0.060         5
   148.316    20.164     0.060        24
   108.860    -1.000     0.000         0
     8.277    18.928     0.060        14
     8.277    18.066     0.060         5
     8.277    31.547     0.060        24
    12.379    18.292     0.060        14
    12.379    17.429     0.060         5
    12.379    30.486     0.060        24
    15.600    17.743     0.060        14
    15.600    16.881     0.060         5
    15.600    29.572     0.060        24
    17.075    17.513     0.060        14
    17.075    16.650     0.060         5
    17.075    29.188     0.060        24
    19.442    17.119     0.060        14
    19.442    16.256     0.060         5
    19.442    28.531     0.060        24
    22.878    16.558     0.060        14
    22.878    15.696     0.060         5
    22.878    27.597     0.060        24
    25.705    16.115     0.060        14
    25.705    15.253     0.060         5
    25.705    26.859     0.060        24
    28.067    15.707     0.060        14
    28.067    14.844     0.060         5
    28.067    26.178     0.060        24
    30.131    15.380     0.060        14
    30.131    14.518     0.060         5
    30.131    25.634     0.060        24
    32.683    15.026     0.060        14
    32.683    14.163     0.060         5
    32.683    25.043     0.060        24
    36.745    14.312     0.060        14
    36.745    13.449     0.060         5
    36.745    23.853     0.060        24
    41.922    13.544     0.060        14
    41.922    12.681     0.060         5
    41.922    22.573     0.060        24
    45.066    13.051     0.060        14
    45.066    12.189     0.060         5
    45.066    21.752     0.060        24
    46.964    12.754     0.060        14
    46.964    11.891     0.060         5
    46.964    21.256     0.060        24
    48.533    12.519     0.060        14
    48.533    11.656     0.060         5
    48.533    20.865     0.060        24
    50.887    12.185     0.060        14
    50.887    11.323     0.060         5
    50.887    20.309     0.060        24
    54.581    11.640     0.060        14
    54.581    10.777     0.060         5
    54.581    19.400     0.060        24
    56.882    11.285     0.060        14
    56.882    10.423     0.060         5
    56.882    18.809     0.060        24
    58.568    11.059     0.060        14
    58.568    10.196     0.060         5
    58.568    18.431     0.060        24
    60.257    10.807     0.060        14
    60.257     9.944     0.060         5
    60.257    18.011     0.060        24
    61.773    10.601     0.060        14
    61.773     9.738     0.060         5
    61.773    17.668     0.060        24
    63.287    10.358     0.060        14
    63.287     9.495     0.060         5
    63.287    17.263     0.060        24
    64.942    10.124     0.060        14
    64.942     9.262     0.060         5
    64.942    16.874     0.060        24
    66.474     9.916     0.060        14
    66.474     9.054     0.060         5
    66.474    16.527     0.060        24
    67.995     9.697     0.060        14
    67.995     8.835     0.060         5
    67.995    16.162     0.060        24
    71.732     9.165     0.060        14
    71.732     8.302     0.060         5
    71.732    15.275     0.060        24
    75.442     8.606     0.060        14
    75.442     7.743     0.060         5
    75.442    14.343     0.060        24
    78.536     8.099     0.060        14
    78.536     7.237     0.060         5
    78.536    13.499     0.060        24
    81.016     7.780     0.060        14
    81.016     6.917     0.060         5
    81.016    12.966     0.060        24
    84.450     7.199     0.060        14
    84.450     6.336     0.060         5
    84.450    11.998     0.060        24
    87.133     6.754     0.060        14
    87.133     5.891     0.060         5
    87.133    11.256     0.060        24
   108.860     1.000     0.000         0
   119.567     4.375     0.060        14
   119.567     3.512     0.060         5
   119.567     7.291     0.060        24
   121.345     4.753     0.060        14
   121.345     3.890     0.060         5
   121.345     7.921     0.060        24
   123.271     5.225     0.060        14
   123.271     4.362     0.060         5
   123.271     8.708     0.060        24
   129.086     6.518     0.060        14
   129.086     5.656     0.060         5
   129.086    10.864     0.060        24
   134.889     7.535     0.060        14
   134.889     6.672     0.060         5
   134.889    12.558     0.060        24
   137.900     8.047     0.060        14
   137.900     7.185     0.060         5
   137.900    13.412     0.060        24
   142.701     8.874     0.060        14
   142.701     8.011     0.060         5
   142.701    14.790     0.060        24
   145.272     9.292     0.060        14
   145.272     8.429     0.060         5
   145.272    15.486     0.060        24
   150.375    10.093     0.060        14
   150.375     9.230     0.060         5
   150.375    16.821     0.060        24
   222.204    21.342     0.060        14
   222.204    20.479     0.060         5
   222.204    35.570     0.060        24
   226.414    21.928     0.060        14
   226.414    21.066     0.060         5
   226.414    36.547     0.060        24
   230.993    22.605     0.060        14
   230.993    21.742     0.060         5
   230.993    37.675     0.060        24
   114.812    -1.000     0.000         0
    14.620    18.696     0.060        14
    14.620    17.833     0.060         5
    14.620    31.160     0.060        24
    18.183    18.167     0.060        14
    18.183    17.304     0.060         5
    18.183    30.278     0.060        24
    22.567    17.482     0.060        14
    22.567    16.619     0.060         5
    22.567    29.136     0.060        24
    26.480    16.894     0.060        14
    26.480    16.031     0.060         5
    26.480    28.156     0.060        24
    31.076    16.258     0.060        14
    31.076    15.395     0.060         5
    31.076    27.096     0.060        24
    34.618    15.770     0.060        14
    34.618    14.908     0.060         5
    34.618    26.284     0.060        24
    38.844    15.077     0.060        14
    38.844    14.215     0.060         5
    38.844    25.129     0.060        24
    42.419    14.519     0.060        14
    42.419    13.656     0.060         5
    42.419    24.198     0.060        24
    45.228    14.122     0.060        14
    45.228    13.259     0.060         5
    45.228    23.536     0.060        24
    48.533    13.610     0.060        14
    48.533    12.747     0.060         5
    48.533    22.683     0.060        24
    51.358    13.199     0.060        14
    51.358    12.336     0.060         5
    51.358    21.998     0.060        24
    54.581    12.719     0.060        14
    54.581    11.857     0.060         5
    54.581    21.199     0.060        24
    57.032    12.365     0.060        14
    57.032    11.503     0.060         5
    57.032    20.609     0.060        24
    59.644    11.984     0.060        14
    59.644    11.121     0.060         5
    59.644    19.973     0.060        24
    63.734    11.399     0.060        14
    63.734    10.537     0.060         5
    63.734    18.999     0.060        24
    66.621    10.984     0.060        14
    66.621    10.121     0.060         5
    66.621    18.306     0.060        24
    70.007    10.468     0.060        14
    70.007     9.606     0.060         5
    70.007    17.447     0.060        24
    72.827     9.986     0.060        14
    72.827     9.124     0.060         5
    72.827    16.644     0.060        24
    76.222     9.438     0.060        14
    76.222     8.575     0.060         5
    76.222    15.730     0.060        24
    78.848     9.005     0.060        14
    78.848     8.142     0.060         5
    78.848    15.008     0.060        24
    82.102     8.429     0.060        14
    82.102     7.566     0.060         5
    82.102    14.048     0.060        24
    85.238     7.901     0.060        14
    85.238     7.039     0.060         5
    85.238    13.169     0.060        24
    88.852     7.298     0.060        14
    88.852     6.436     0.060         5
    88.852    12.164     0.060        24
   114.812     1.000     0.000         0
   130.213     5.669     0.060        14
   130.213     4.807     0.060         5
   130.213     9.449     0.060        24
   132.947     6.292     0.060        14
   132.947     5.429     0.060         5
   132.947    10.486     0.060        24
   137.099     7.123     0.060        14
   137.099     6.261     0.060         5
   137.099    11.872     0.060        24
   141.578     7.972     0.060        14
   141.578     7.109     0.060         5
   141.578    13.286     0.060        24
   144.786     8.509     0.060        14
   144.786     7.646     0.060         5
   144.786    14.181     0.060        24
   147.354     9.020     0.060        14
   147.354     8.158     0.060         5
   147.354    15.034     0.060        24
   120.860    -1.000     0.000         0
    48.053    14.536     0.060        14
    48.053    13.673     0.060         5
    48.053    24.226     0.060        24
    50.887    14.113     0.060        14
    50.887    13.251     0.060         5
    50.887    23.522     0.060        24
    54.276    13.598     0.060        14
    54.276    12.735     0.060         5
    54.276    22.663     0.060        24
    56.723    13.187     0.060        14
    56.723    12.325     0.060         5
    56.723    21.979     0.060        24
    68.310    11.435     0.060        14
    68.310    10.573     0.060         5
    68.310    19.059     0.060        24
    72.043    10.850     0.060        14
    72.043     9.987     0.060         5
    72.043    18.083     0.060        24
    92.916     7.361     0.060        14
    92.916     6.498     0.060         5
    92.916    12.268     0.060        24
   104.947     5.191     0.060        14
   104.947     4.328     0.060         5
   104.947     8.651     0.060        24
   109.953     4.072     0.060        14
   109.953     3.209     0.060         5
   109.953     6.786     0.060        24
   113.051     3.404     0.060        14
   113.051     2.542     0.060         5
   113.051     5.674     0.060        24
   120.860     1.000     0.000         0
   133.261     4.590     0.060        14
   133.261     3.727     0.060         5
   133.261     7.650     0.060        24
   136.786     5.408     0.060        14
   136.786     4.545     0.060         5
   136.786     9.013     0.060        24
   139.490     6.108     0.060        14
   139.490     5.245     0.060         5
   139.490    10.180     0.060        24
   142.540     6.708     0.060        14
   142.540     5.845     0.060         5
   142.540    11.180     0.060        24
   145.756     7.279     0.060        14
   145.756     6.416     0.060         5
   145.756    12.131     0.060        24
   148.002     7.670     0.060        14
   148.002     6.807     0.060         5
   148.002    12.783     0.060        24
   150.060     7.989     0.060        14
   150.060     7.126     0.060         5
   150.060    13.315     0.060        24
   138.753    -1.000     0.000         0
    10.074    23.297     0.060        14
    10.074    22.434     0.060         5
    10.074    38.828     0.060        24
    13.027    22.816     0.060        14
    13.027    21.953     0.060         5
    13.027    38.026     0.060        24
    15.750    22.435     0.060        14
    15.750    21.572     0.060         5
    15.750    37.391     0.060        24
    18.341    22.005     0.060        14
    18.341    21.142     0.060         5
    18.341    36.675     0.060        24
    21.473    21.505     0.060        14
    21.473    20.642     0.060         5
    21.473    35.841     0.060        24
    24.290    21.076     0.060        14
    24.290    20.214     0.060         5
    24.290    35.127     0.060        24
    26.640    20.656     0.060        14
    26.640    19.794     0.060         5
    26.640    34.427     0.060        24
    29.496    20.245     0.060        14
    29.496    19.382     0.060         5
    29.496    33.741     0.060        24
    57.032    16.268     0.060        14
    57.032    15.405     0.060         5
    57.032    27.113     0.060        24
    59.794    15.829     0.060        14
    59.794    14.966     0.060         5
    59.794    26.381     0.060        24
    62.381    15.419     0.060        14
    62.381    14.557     0.060         5
    62.381    25.699     0.060        24
    65.399    14.941     0.060        14
    65.399    14.079     0.060         5
    65.399    24.902     0.060        24
    67.995    14.527     0.060        14
    67.995    13.665     0.060         5
    67.995    24.212     0.060        24
    70.637    14.105     0.060        14
    70.637    13.242     0.060         5
    70.637    23.508     0.060        24
    74.242    13.574     0.060        14
    74.242    12.711     0.060         5
    74.242    22.623     0.060        24
    78.697    12.892     0.060        14
    78.697    12.029     0.060         5
    78.697    21.486     0.060        24
    81.790    12.465     0.060        14
    81.790    11.602     0.060         5
    81.790    20.775     0.060        24
    84.135    12.082     0.060        14
    84.135    11.220     0.060         5
    84.135    20.137     0.060        24
    86.177    11.734     0.060        14
    86.177    10.872     0.060         5
    86.177    19.557     0.060        24
    90.410    11.072     0.060        14
    90.410    10.209     0.060         5
    90.410    18.453     0.060        24
    93.238    10.624     0.060        14
    93.238     9.762     0.060         5
    93.238    17.707     0.060        24
    95.778    10.246     0.060        14
    95.778     9.384     0.060         5
    95.778    17.077     0.060        24
   105.423     8.660     0.060        14
   105.423     7.798     0.060         5
   105.423    14.434     0.060        24
   110.103     7.923     0.060        14
   110.103     7.060     0.060         5
   110.103    13.205     0.060        24
   144.754    -1.000     0.000         0
    23.655    21.956     0.060        14
    23.655    21.094     0.060         5
    23.655    36.594     0.060        24
    28.543    21.195     0.060        14
    28.543    20.332     0.060         5
    28.543    35.325     0.060        24
    51.672    17.794     0.060        14
    51.672    16.931     0.060         5
    51.672    29.656     0.060        24
    55.956    17.059     0.060        14
    55.956    16.197     0.060         5
    55.956    28.432     0.060        24
    57.495    16.834     0.060        14
    57.495    15.971     0.060         5
    57.495    28.056     0.060        24
    59.644    16.565     0.060        14
    59.644    15.702     0.060         5
    59.644    27.608     0.060        24
    64.942    15.862     0.060        14
    64.942    15.000     0.060         5
    64.942    26.437     0.060        24
    66.782    15.613     0.060        14
    66.782    14.751     0.060         5
    66.782    26.022     0.060        24
    67.844    15.463     0.060        14
    67.844    14.600     0.060         5
    67.844    25.771     0.060        24
    70.007    15.165     0.060        14
    70.007    14.302     0.060         5
    70.007    25.275     0.060        24
    72.207    14.836     0.060        14
    72.207    13.973     0.060         5
    72.207    24.726     0.060        24
    73.769    14.599     0.060        14
    73.769    13.737     0.060         5
    73.769    24.332     0.060        24
    75.602    14.296     0.060        14
    75.602    13.433     0.060         5
    75.602    23.826     0.060        24
    76.992    14.077     0.060        14
    76.992    13.214     0.060         5
    76.992    23.461     0.060        24
    77.761    13.969     0.060        14
    77.761    13.107     0.060         5
    77.761    23.282     0.060        24
    78.536    13.867     0.060        14
    78.536    13.004     0.060         5
    78.536    23.111     0.060        24
    79.318    13.730     0.060        14
    79.318    12.868     0.060         5
    79.318    22.884     0.060        24
    81.015    13.489     0.060        14
    81.015    12.626     0.060         5
    81.015    22.481     0.060        24
    83.984    13.042     0.060        14
    83.984    12.180     0.060         5
    83.984    21.737     0.060        24
    87.756    12.428     0.060        14
    87.756    11.565     0.060         5
    87.756    20.713     0.060        24
    89.944    12.076     0.060        14
    89.944    11.213     0.060         5
    89.944    20.126     0.060        24
    92.289    11.699     0.060        14
    92.289    10.836     0.060         5
    92.289    19.498     0.060        24
   107.607     9.203     0.060        14
   107.607     8.340     0.060         5
   107.607    15.338     0.060        24
   112.749     8.446     0.060        14
   112.749     7.583     0.060         5
   112.749    14.076     0.060        24
   115.764     7.985     0.060        14
   115.764     7.122     0.060         5
   115.764    13.308     0.060        24
   117.970     7.599     0.060        14
   117.970     6.736     0.060         5
   117.970    12.665     0.060        24
   120.697     7.193     0.060        14
   120.697     6.330     0.060         5
   120.697    11.988     0.060        24
   123.110     6.740     0.060        14
   123.110     5.877     0.060         5
   123.110    11.233     0.060        24
   125.947     6.228     0.060        14
   125.947     5.365     0.060         5
   125.947    10.380     0.060        24
   127.805     5.908     0.060        14
   127.805     5.046     0.060         5
   127.805     9.847     0.060        24
   129.576     5.582     0.060        14
   129.576     4.719     0.060         5
   129.576     9.303     0.060        24
   150.731    -1.000     0.000         0
    79.009    14.566     0.060        14
    79.009    13.703     0.060         5
    79.009    24.276     0.060        24
    84.285    13.742     0.060        14
    84.285    12.880     0.060         5
    84.285    22.904     0.060        24
    88.852    13.030     0.060        14
    88.852    12.167     0.060         5
    88.852    21.716     0.060        24
   105.892    10.352     0.060        14
   105.892     9.489     0.060         5
   105.892    17.253     0.060        24
   110.580     9.638     0.060        14
   110.580     8.775     0.060         5
   110.580    16.063     0.060        24
   113.833     9.142     0.060        14
   113.833     8.279     0.060         5
   113.833    15.236     0.060        24
   119.242     8.348     0.060        14
   119.242     7.485     0.060         5
   119.242    13.913     0.060        24
   122.959     7.720     0.060        14
   122.959     6.858     0.060         5
   122.959    12.867     0.060        24
   125.786     7.213     0.060        14
   125.786     6.351     0.060         5
   125.786    12.022     0.060        24
   126.560     7.065     0.060        14
   126.560     6.202     0.060         5
   126.560    11.775     0.060        24
   127.342     6.928     0.060        14
   127.342     6.066     0.060         5
   127.342    11.547     0.060        24
   128.120     6.793     0.060        14
   128.120     5.931     0.060         5
   128.120    11.322     0.060        24
   128.921     6.666     0.060        14
   128.921     5.803     0.060         5
   128.921    11.110     0.060        24
   129.737     6.511     0.060        14
   129.737     5.648     0.060         5
   129.737    10.851     0.060        24
   134.077     5.782     0.060        14
   134.077     4.919     0.060         5
   134.077     9.636     0.060        24
   156.702    -1.000     0.000         0
    76.526    16.256     0.060        14
    76.526    15.393     0.060         5
    76.526    27.093     0.060        24
    82.261    15.328     0.060        14
    82.261    14.465     0.060         5
    82.261    25.546     0.060        24
   118.931     9.672     0.060        14
   118.931     8.809     0.060         5
   118.931    16.120     0.060        24
   122.147     9.146     0.060        14
   122.147     8.284     0.060         5
   122.147    15.244     0.060        24
   129.888     7.814     0.060        14
   129.888     6.952     0.060         5
   129.888    13.024     0.060        24
   156.702     1.000     0.000         0
   220.680    13.642     0.060        14
   220.680    12.780     0.060         5
   220.680    22.737     0.060        24
   222.344    13.973     0.060        14
   222.344    13.111     0.060         5
   222.344    23.289     0.060        24
   223.786    14.293     0.060        14
   223.786    13.430     0.060         5
   223.786    23.821     0.060        24
   233.972    16.166     0.060        14
   233.972    15.304     0.060         5
   233.972    26.944     0.060        24
   235.669    16.430     0.060        14
   235.669    15.568     0.060         5
   235.669    27.384     0.060        24
   238.423    16.940     0.060        14
   238.423    16.078     0.060         5
   238.423    28.234     0.060        24
   241.507    17.522     0.060        14
   241.507    16.659     0.060         5
   241.507    29.203     0.060        24
   222.699    -1.000     0.000         0
   122.311    19.699     0.060        14
   122.311    18.837     0.060         5
   122.311    32.832     0.060        24
   125.948    19.129     0.060        14
   125.948    18.266     0.060         5
   125.948    31.881     0.060        24
   129.412    18.590     0.060        14
   129.412    17.727     0.060         5
   129.412    30.983     0.060        24
   132.458    18.134     0.060        14
   132.458    17.271     0.060         5
   132.458    30.223     0.060        24
   135.681    17.667     0.060        14
   135.681    16.804     0.060         5
   135.681    29.445     0.060        24
   139.655    17.050     0.060        14
   139.655    16.187     0.060         5
   139.655    28.416     0.060        24
   222.699     1.000     0.000         0
   276.886    11.798     0.060        14
   276.886    10.935     0.060         5
   276.886    19.663     0.060        24
   279.447    12.228     0.060        14
   279.447    11.365     0.060         5
   279.447    20.380     0.060        24
   296.662    14.895     0.060        14
   296.662    14.032     0.060         5
   296.662    24.825     0.060        24
   301.382    15.666     0.060        14
   301.382    14.803     0.060         5
   301.382    26.110     0.060        24
   304.060    16.094     0.060        14
   304.060    15.231     0.060         5
   304.060    26.823     0.060        24
   306.731    16.498     0.060        14
   306.731    15.635     0.060         5
   306.731    27.496     0.060        24
   234.665    -1.000     0.000         0
   121.985    22.356     0.060        14
   121.985    21.493     0.060         5
   121.985    37.260     0.060        24
   234.665     1.000     0.000         0
   256.121     7.413     0.060        14
   256.121     6.550     0.060         5
   256.121    12.355     0.060        24
   260.067     7.934     0.060        14
   260.067     7.071     0.060         5
   260.067    13.223     0.060        24
   263.744     8.390     0.060        14
   263.744     7.527     0.060         5
   263.744    13.983     0.060        24
   271.519     9.423     0.060        14
   271.519     8.560     0.060         5
   271.519    15.705     0.060        24
   279.286    10.508     0.060        14
   279.286     9.646     0.060         5
   279.286    17.514     0.060        24
   284.890    11.252     0.060        14
   284.890    10.389     0.060         5
   284.890    18.753     0.060        24
   292.308    12.305     0.060        14
   292.308    11.443     0.060         5
   292.308    20.509     0.060        24
   299.114    13.416     0.060        14
   299.114    12.553     0.060         5
   299.114    22.360     0.060        24
   305.782    14.543     0.060        14
   305.782    13.681     0.060         5
   305.782    24.239     0.060        24
   312.204    15.629     0.060        14
   312.204    14.766     0.060         5
   312.204    26.048     0.060        24
   316.240    16.294     0.060        14
   316.240    15.432     0.060         5
   316.240    27.157     0.060        24
   321.138    17.131     0.060        14
   321.138    16.269     0.060         5
   321.138    28.552     0.060        24
   326.071    17.961     0.060        14
   326.071    17.098     0.060         5
   326.071    29.935     0.060        24
   331.054    18.746     0.060        14
   331.054    17.883     0.060         5
   331.054    31.243     0.060        24
   240.757    -1.000     0.000         0
   121.022    23.524     0.060        14
   121.022    22.662     0.060         5
   121.022    39.207     0.060        24
   123.583    23.149     0.060        14
   123.583    22.286     0.060         5
   123.583    38.581     0.060        24
   240.757     1.000     0.000         0
   260.863     6.918     0.060        14
   260.863     6.055     0.060         5
   260.863    11.530     0.060        24
   277.206     9.118     0.060        14
   277.206     8.256     0.060         5
   277.206    15.197     0.060        24
   281.055     9.547     0.060        14
   281.055     8.685     0.060         5
   281.055    15.912     0.060        24
   286.012    10.151     0.060        14
   286.012     9.288     0.060         5
   286.012    16.918     0.060        24
   295.277    11.362     0.060        14
   295.277    10.499     0.060         5
   295.277    18.936     0.060        24
   299.268    12.129     0.060        14
   299.268    11.266     0.060         5
   299.268    20.215     0.060        24
   303.597    12.856     0.060        14
   303.597    11.994     0.060         5
   303.597    21.427     0.060        24
   310.944    14.221     0.060        14
   310.944    13.359     0.060         5
   310.944    23.702     0.060        24
   312.978    14.555     0.060        14
   312.978    13.692     0.060         5
   312.978    24.258     0.060        24
   315.466    14.950     0.060        14
   315.466    14.087     0.060         5
   315.466    24.916     0.060        24
   318.159    15.425     0.060        14
   318.159    14.562     0.060         5
   318.159    25.708     0.060        24
   321.139    15.956     0.060        14
   321.139    15.093     0.060         5
   321.139    26.593     0.060        24
   324.056    16.454     0.060        14
   324.056    15.592     0.060         5
   324.056    27.424     0.060        24
   326.383    16.864     0.060        14
   326.383    16.002     0.060         5
   326.383    28.107     0.060        24
   328.585    17.241     0.060        14
   328.585    16.378     0.060         5
   328.585    28.735     0.060        24
   331.371    17.683     0.060        14
   331.371    16.820     0.060         5
   331.371    29.471     0.060        24
   246.787    -1.000     0.000         0
   134.564    22.361     0.060        14
   134.564    21.499     0.060         5
   134.564    37.269     0.060        24
   135.530    22.265     0.060        14
   135.530    21.403     0.060         5
   135.530    37.109     0.060        24
   136.472    22.115     0.060        14
   136.472    21.253     0.060         5
   136.472    36.859     0.060        24
   137.901    21.933     0.060        14
   137.901    21.070     0.060         5
   137.901    36.555     0.060        24
   138.689    21.782     0.060        14
   138.689    20.920     0.060         5
   138.689    36.304     0.060        24
   139.490    21.644     0.060        14
   139.490    20.781     0.060         5
   139.490    36.073     0.060        24
   140.292    21.542     0.060        14
   140.292    20.680     0.060         5
   140.292    35.904     0.060        24
   141.416    21.346     0.060        14
   141.416    20.484     0.060         5
   141.416    35.577     0.060        24
   142.379    21.158     0.060        14
   142.379    20.295     0.060         5
   142.379    35.263     0.060        24
   143.987    20.868     0.060        14
   143.987    20.005     0.060         5
   143.987    34.780     0.060        24
   144.947    20.680     0.060        14
   144.947    19.817     0.060         5
   144.947    34.466     0.060        24
   246.787     1.000     0.000         0
   293.099    10.087     0.060        14
   293.099     9.224     0.060         5
   293.099    16.811     0.060        24
   295.277    10.460     0.060        14
   295.277     9.598     0.060         5
   295.277    17.434     0.060        24
   301.084    11.389     0.060        14
   301.084    10.527     0.060         5
   301.084    18.982     0.060        24
   303.128    11.783     0.060        14
   303.128    10.921     0.060         5
   303.128    19.639     0.060        24
   306.570    12.357     0.060        14
   306.570    11.494     0.060         5
   306.570    20.595     0.060        24
   308.444    12.685     0.060        14
   308.444    11.823     0.060         5
   308.444    21.142     0.060        24
   315.155    13.841     0.060        14
   315.155    12.979     0.060         5
   315.155    23.069     0.060        24
   317.200    14.193     0.060        14
   317.200    13.330     0.060         5
   317.200    23.655     0.060        24
   332.297    16.938     0.060        14
   332.297    16.075     0.060         5
   332.297    28.230     0.060        24
   334.741    17.333     0.060        14
   334.741    16.470     0.060         5
   334.741    28.888     0.060        24
   338.407    17.969     0.060        14
   338.407    17.106     0.060         5
   338.407    29.948     0.060        24
   341.882    18.559     0.060        14
   341.882    17.696     0.060         5
   341.882    30.931     0.060        24
   344.133    18.971     0.060        14
   344.133    18.109     0.060         5
   344.133    31.619     0.060        24
   346.203    19.308     0.060        14
   346.203    18.445     0.060         5
   346.203    32.180     0.060        24
   252.812    -1.000     0.000         0
   138.216    22.704     0.060        14
   138.216    21.841     0.060         5
   138.216    37.840     0.060        24
   224.368     8.354     0.060        14
   224.368     7.492     0.060         5
   224.368    13.924     0.060        24
   226.565     7.966     0.060        14
   226.565     7.104     0.060         5
   226.565    13.277     0.060        24
   228.609     7.639     0.060        14
   228.609     6.776     0.060         5
   228.609    12.731     0.060        24
   230.300     7.358     0.060        14
   230.300     6.496     0.060         5
   230.300    12.264     0.060        24
   231.701     7.118     0.060        14
   231.701     6.255     0.060         5
   231.701    11.863     0.060        24
   233.553     6.778     0.060        14
   233.553     5.916     0.060         5
   233.553    11.297     0.060        24
   252.812     1.000     0.000         0
   261.812     4.442     0.060        14
   261.812     3.580     0.060         5
   261.812     7.404     0.060        24
   264.562     4.881     0.060        14
   264.562     4.018     0.060         5
   264.562     8.135     0.060        24
   268.802     5.635     0.060        14
   268.802     4.773     0.060         5
   268.802     9.392     0.060        24
   271.519     6.088     0.060        14
   271.519     5.225     0.060         5
   271.519    10.146     0.060        24
   293.882     9.080     0.060        14
   293.882     8.217     0.060         5
   293.882    15.133     0.060        24
   297.278     9.551     0.060        14
   297.278     8.688     0.060         5
   297.278    15.918     0.060        24
   299.575     9.978     0.060        14
   299.575     9.115     0.060         5
   299.575    16.630     0.060        24
   301.544    10.298     0.060        14
   301.544     9.435     0.060         5
   301.544    17.163     0.060        24
   303.598    10.659     0.060        14
   303.598     9.796     0.060         5
   303.598    17.765     0.060        24
   306.420    11.086     0.060        14
   306.420    10.223     0.060         5
   306.420    18.476     0.060        24
   309.224    11.560     0.060        14
   309.224    10.697     0.060         5
   309.224    19.266     0.060        24
   311.731    11.986     0.060        14
   311.731    11.124     0.060         5
   311.731    19.977     0.060        24
   264.830    -1.000     0.000         0
   228.889     9.446     0.060        14
   228.889     8.584     0.060         5
   228.889    15.744     0.060        24
   231.424     9.082     0.060        14
   231.424     8.219     0.060         5
   231.424    15.136     0.060        24
   234.113     8.716     0.060        14
   234.113     7.853     0.060         5
   234.113    14.526     0.060        24
   237.101     8.264     0.060        14
   237.101     7.402     0.060         5
   237.101    13.774     0.060        24
   239.344     7.915     0.060        14
   239.344     7.053     0.060         5
   239.344    13.192     0.060        24
   241.508     7.546     0.060        14
   241.508     6.683     0.060         5
   241.508    12.576     0.060        24
   243.419     7.168     0.060        14
   243.419     6.306     0.060         5
   243.419    11.947     0.060        24
   245.538     6.752     0.060        14
   245.538     5.889     0.060         5
   245.538    11.253     0.060        24
   247.367     6.331     0.060        14
   247.367     5.469     0.060         5
   247.367    10.552     0.060        24
   264.830     1.000     0.000         0
   301.383     8.293     0.060        14
   301.383     7.430     0.060         5
   301.383    13.821     0.060        24
   305.320     8.953     0.060        14
   305.320     8.091     0.060         5
   305.320    14.922     0.060        24
   310.159     9.826     0.060        14
   310.159     8.963     0.060         5
   310.159    16.376     0.060        24
   314.532    10.618     0.060        14
   314.532     9.756     0.060         5
   314.532    17.697     0.060        24
   319.115    11.388     0.060        14
   319.115    10.525     0.060         5
   319.115    18.980     0.060        24
   323.300    12.115     0.060        14
   323.300    11.252     0.060         5
   323.300    20.191     0.060        24
   327.476    12.838     0.060        14
   327.476    11.976     0.060         5
   327.476    21.397     0.060        24
   339.833    15.026     0.060        14
   339.833    14.163     0.060         5
   339.833    25.043     0.060        24
   346.203    16.015     0.060        14
   346.203    15.152     0.060         5
   346.203    26.691     0.060        24
   349.680    16.576     0.060        14
   349.680    15.713     0.060         5
   349.680    27.626     0.060        24
   270.805    -1.000     0.000         0
   234.252     9.414     0.060        14
   234.252     8.551     0.060         5
   234.252    15.690     0.060        24
   237.100     8.977     0.060        14
   237.100     8.114     0.060         5
   237.100    14.961     0.060        24
   239.190     8.675     0.060        14
   239.190     7.813     0.060         5
   239.190    14.459     0.060        24
   241.354     8.309     0.060        14
   241.354     7.447     0.060         5
   241.354    13.849     0.060        24
   244.313     7.904     0.060        14
   244.313     7.042     0.060         5
   244.313    13.174     0.060        24
   246.430     7.577     0.060        14
   246.430     6.715     0.060         5
   246.430    12.629     0.060        24
   248.609     7.174     0.060        14
   248.609     6.311     0.060         5
   248.609    11.956     0.060        24
   250.785     6.647     0.060        14
   250.785     5.785     0.060         5
   250.785    11.079     0.060        24
   252.363     6.211     0.060        14
   252.363     5.348     0.060         5
   252.363    10.351     0.060        24
   270.805     1.000     0.000         0
   297.889     6.620     0.060        14
   297.889     5.757     0.060         5
   297.889    11.033     0.060        24
   306.569     8.162     0.060        14
   306.569     7.299     0.060         5
   306.569    13.603     0.060        24
   309.847     8.721     0.060        14
   309.847     7.858     0.060         5
   309.847    14.535     0.060        24
   322.055    10.938     0.060        14
   322.055    10.075     0.060         5
   322.055    18.230     0.060        24
   327.003    11.813     0.060        14
   327.003    10.950     0.060         5
   327.003    19.688     0.060        24
   329.669    12.341     0.060        14
   329.669    11.479     0.060         5
   329.669    20.569     0.060        24
   332.146    12.755     0.060        14
   332.146    11.893     0.060         5
   332.146    21.259     0.060        24
   335.687    13.367     0.060        14
   335.687    12.504     0.060         5
   335.687    22.278     0.060        24
   338.406    13.834     0.060        14
   338.406    12.971     0.060         5
   338.406    23.056     0.060        24
   367.015    18.802     0.060        14
   367.015    17.939     0.060         5
   367.015    31.336     0.060        24
   371.906    19.637     0.060        14
   371.906    18.775     0.060         5
   371.906    32.729     0.060        24
   375.583    20.230     0.060        14
   375.583    19.368     0.060         5
   375.583    33.717     0.060        24
   276.757    -1.000     0.000         0
   228.889    11.264     0.060        14
   228.889    10.402     0.060         5
   228.889    18.774     0.060        24
   231.701    10.825     0.060        14
   231.701     9.962     0.060         5
   231.701    18.041     0.060        24
   233.973    10.449     0.060        14
   233.973     9.586     0.060         5
   233.973    17.415     0.060        24
   235.670    10.172     0.060        14
   235.670     9.310     0.060         5
   235.670    16.954     0.060        24
   237.542     9.856     0.060        14
   237.542     8.994     0.060         5
   237.542    16.427     0.060        24
   239.658     9.517     0.060        14
   239.658     8.654     0.060         5
   239.658    15.861     0.060        24
   241.354     9.231     0.060        14
   241.354     8.368     0.060         5
   241.354    15.385     0.060        24
   243.132     8.941     0.060        14
   243.132     8.079     0.060         5
   243.132    14.902     0.060        24
   245.825     8.459     0.060        14
   245.825     7.596     0.060         5
   245.825    14.098     0.060        24
   248.298     7.946     0.060        14
   248.298     7.084     0.060         5
   248.298    13.244     0.060        24
   251.574     7.268     0.060        14
   251.574     6.406     0.060         5
   251.574    12.114     0.060        24
   255.036     6.598     0.060        14
   255.036     5.736     0.060         5
   255.036    10.997     0.060        24
   294.793    -1.000     0.000         0
   249.709     9.807     0.060        14
   249.709     8.944     0.060         5
   249.709    16.345     0.060        24
   251.881     9.398     0.060        14
   251.881     8.536     0.060         5
   251.881    15.664     0.060        24
   254.258     9.031     0.060        14
   254.258     8.168     0.060         5
   254.258    15.051     0.060        24
   255.811     8.737     0.060        14
   255.811     7.875     0.060         5
   255.811    14.562     0.060        24
   258.479     8.299     0.060        14
   258.479     7.436     0.060         5
   258.479    13.831     0.060        24
   261.014     7.810     0.060        14
   261.014     6.948     0.060         5
   261.014    13.017     0.060        24
   263.434     7.465     0.060        14
   263.434     6.602     0.060         5
   263.434    12.441     0.060        24
   265.882     7.066     0.060        14
   265.882     6.203     0.060         5
   265.882    11.776     0.060        24
   267.347     6.761     0.060        14
   267.347     5.899     0.060         5
   267.347    11.269     0.060        24
   269.119     6.395     0.060        14
   269.119     5.532     0.060         5
   269.119    10.658     0.060        24
   272.163     5.790     0.060        14
   272.163     4.927     0.060         5
   272.163     9.650     0.060        24
   275.412     5.144     0.060        14
   275.412     4.281     0.060         5
   275.412     8.573     0.060        24
   294.793     1.000     0.000         0
   309.697     4.774     0.060        14
   309.697     3.911     0.060         5
   309.697     7.956     0.060        24
   311.731     5.122     0.060        14
   311.731     4.259     0.060         5
   311.731     8.536     0.060        24
   313.755     5.471     0.060        14
   313.755     4.608     0.060         5
   313.755     9.118     0.060        24
   318.793     6.474     0.060        14
   318.793     5.611     0.060         5
   318.793    10.790     0.060        24
   320.835     6.862     0.060        14
   320.835     6.000     0.060         5
   320.835    11.437     0.060        24
   322.835     7.182     0.060        14
   322.835     6.319     0.060         5
   322.835    11.970     0.060        24
   324.975     7.576     0.060        14
   324.975     6.713     0.060         5
   324.975    12.626     0.060        24
   326.853     7.880     0.060        14
   326.853     7.018     0.060         5
   326.853    13.134     0.060        24
   328.266     8.138     0.060        14
   328.266     7.276     0.060         5
   328.266    13.564     0.060        24
   330.750     8.572     0.060        14
   330.750     7.710     0.060         5
   330.750    14.287     0.060        24
   332.451     8.905     0.060        14
   332.451     8.043     0.060         5
   332.451    14.842     0.060        24
   334.133     9.161     0.060        14
   334.133     8.298     0.060         5
   334.133    15.268     0.060        24
   344.926    11.083     0.060        14
   344.926    10.220     0.060         5
   344.926    18.471     0.060        24
   346.990    11.385     0.060        14
   346.990    10.522     0.060         5
   346.990    18.975     0.060        24
   300.793    -1.000     0.000         0
   249.397    11.719     0.060        14
   249.397    10.857     0.060         5
   249.397    19.532     0.060        24
   253.796    10.861     0.060        14
   253.796     9.999     0.060         5
   253.796    18.102     0.060        24
   300.793     1.000     0.000         0
   323.755     6.431     0.060        14
   323.755     5.569     0.060         5
   323.755    10.719     0.060        24
   326.384     6.917     0.060        14
   326.384     6.055     0.060         5
   326.384    11.529     0.060        24
   329.198     7.344     0.060        14
   329.198     6.481     0.060         5
   329.198    12.240     0.060        24
   331.055     7.649     0.060        14
   331.055     6.786     0.060         5
   331.055    12.748     0.060        24
   333.826     8.093     0.060        14
   333.826     7.230     0.060         5
   333.826    13.488     0.060        24
   380.431    16.385     0.060        14
   380.431    15.523     0.060         5
   380.431    27.309     0.060        24
   387.942    17.531     0.060        14
   387.942    16.669     0.060         5
   387.942    29.219     0.060        24
   306.784    -1.000     0.000         0
   240.295    13.979     0.060        14
   240.295    13.116     0.060         5
   240.295    23.298     0.060        24
   248.459    12.355     0.060        14
   248.459    11.493     0.060         5
   248.459    20.592     0.060        24
   251.574    11.781     0.060        14
   251.574    10.918     0.060         5
   251.574    19.635     0.060        24
   306.784     1.000     0.000         0
   333.072     7.063     0.060        14
   333.072     6.200     0.060         5
   333.072    11.771     0.060        24
   336.645     7.672     0.060        14
   336.645     6.809     0.060         5
   336.645    12.786     0.060        24
   340.772     8.419     0.060        14
   340.772     7.556     0.060         5
   340.772    14.031     0.060        24
   345.878     9.317     0.060        14
   345.878     8.454     0.060         5
   345.878    15.528     0.060        24
   349.841     9.928     0.060        14
   349.841     9.065     0.060         5
   349.841    16.546     0.060        24
   363.825    12.280     0.060        14
   363.825    11.418     0.060         5
   363.825    20.467     0.060        24
   330.766    -1.000     0.000         0
   243.569    17.040     0.060        14
   243.569    16.177     0.060         5
   243.569    28.400     0.060        24
   252.681    15.305     0.060        14
   252.681    14.442     0.060         5
   252.681    25.508     0.060        24
   260.863    13.921     0.060        14
   260.863    13.059     0.060         5
   260.863    23.202     0.060        24
   342.678    -1.000     0.000         0
   250.317    18.014     0.060        14
   250.317    17.151     0.060         5
   250.317    30.023     0.060        24
   254.258    17.342     0.060        14
   254.258    16.479     0.060         5
   254.258    28.903     0.060        24
   291.021    11.063     0.060        14
   291.021    10.201     0.060         5
   291.021    18.439     0.060        24
   345.626    -1.000     0.000         0
   252.045    18.266     0.060        14
   252.045    17.403     0.060         5
   252.045    30.443     0.060        24
   255.348    17.704     0.060        14
   255.348    16.842     0.060         5
   255.348    29.507     0.060        24
   258.801    17.068     0.060        14
   258.801    16.205     0.060         5
   258.801    28.446     0.060        24
   348.590    -1.000     0.000         0
   318.160     8.007     0.060        14
   318.160     7.144     0.060         5
   318.160    13.345     0.060        24
   351.584    -1.000     0.000         0
   253.010    19.443     0.060        14
   253.010    18.580     0.060         5
   253.010    32.405     0.060        24
   256.273    18.903     0.060        14
   256.273    18.040     0.060         5
   256.273    31.505     0.060        24
   272.163    16.212     0.060        14
   272.163    15.349     0.060         5
   272.163    27.020     0.060        24
   275.738    15.516     0.060        14
   275.738    14.653     0.060         5
   275.738    25.860     0.060        24
   280.413    14.653     0.060        14
   280.413    13.790     0.060         5
   280.413    24.421     0.060        24
   297.432    11.920     0.060        14
   297.432    11.058     0.060         5
   297.432    19.867     0.060        24
   303.598    11.036     0.060        14
   303.598    10.173     0.060         5
   303.598    18.393     0.060        24
   354.535    -1.000     0.000         0
   248.921    20.096     0.060        14
   248.921    19.233     0.060         5
   248.921    33.493     0.060        24
   255.499    18.937     0.060        14
   255.499    18.075     0.060         5
   255.499    31.562     0.060        24
   266.377    17.203     0.060        14
   266.377    16.341     0.060         5
   266.377    28.672     0.060        24
   271.999    16.193     0.060        14
   271.999    15.331     0.060         5
   271.999    26.989     0.060        24
   283.127    14.367     0.060        14
   283.127    13.504     0.060         5
   283.127    23.945     0.060        24
   357.449     1.000     0.000         0
   397.334    10.002     0.060        14
   397.334     9.139     0.060         5
   397.334    16.670     0.060        24
   399.899    10.412     0.060        14
   399.899     9.549     0.060         5
   399.899    17.353     0.060        24
   401.677    10.837     0.060        14
   401.677     9.974     0.060         5
   401.677    18.061     0.060        24
   403.910    11.345     0.060        14
   403.910    10.482     0.060         5
   403.910    18.908     0.060        24
   360.428    -1.000     0.000         0
   239.657    21.814     0.060        14
   239.657    20.951     0.060         5
   239.657    36.356     0.060        24
   244.769    21.013     0.060        14
   244.769    20.151     0.060         5
   244.769    35.022     0.060        24
   258.479    18.825     0.060        14
   258.479    17.962     0.060         5
   258.479    31.375     0.060        24
   269.596    17.098     0.060        14
   269.596    16.236     0.060         5
   269.596    28.497     0.060        24
   281.217    15.418     0.060        14
   281.217    14.555     0.060         5
   281.217    25.696     0.060        24
   286.173    14.578     0.060        14
   286.173    13.715     0.060         5
   286.173    24.296     0.060        24
   366.483    -1.000     0.000         0
   322.987    10.150     0.060        14
   322.987     9.288     0.060         5
   322.987    16.917     0.060        24
   327.004     9.548     0.060        14
   327.004     8.685     0.060         5
   327.004    15.913     0.060        24
   331.372     8.858     0.060        14
   331.372     7.996     0.060         5
   331.372    14.764     0.060        24
   335.535     8.249     0.060        14
   335.535     7.387     0.060         5
   335.535    13.749     0.060        24
   340.145     7.573     0.060        14
   340.145     6.710     0.060         5
   340.145    12.621     0.060        24
   343.166     7.133     0.060        14
   343.166     6.271     0.060         5
   343.166    11.889     0.060        24
   369.535    -1.000     0.000         0
   331.207     9.556     0.060        14
   331.207     8.693     0.060         5
   331.207    15.926     0.060        24
   340.453     8.143     0.060        14
   340.453     7.280     0.060         5
   340.453    13.571     0.060        24
   345.252     7.292     0.060        14
   345.252     6.430     0.060         5
   345.252    12.154     0.060        24
     0.000     0.000     0.000        -1
