    30.818    -1.000     0.000         0
    27.117     2.952     0.050         1
    27.593     2.706     0.050         1
    28.066     2.484     0.050         1
    28.542     2.269     0.050         1
    29.018     2.099     0.050         1
    29.494     1.940     0.050         1
    29.969     1.845     0.050         1
    30.439     1.792     0.050         1
    28.378     2.641     0.050         2
    28.857     2.490     0.050         2
    29.333     2.359     0.050         2
    29.819     2.277     0.050         2
    30.279     2.215     0.050         2
    30.720     2.203     0.050         2
    28.217     2.896     0.050         3
    28.693     2.768     0.050         3
    29.182     2.669     0.050         3
    29.658     2.588     0.050         3
    30.128     2.553     0.050         3
    30.595     2.551     0.050         3
     3.558     7.529     0.050         5
     4.056     7.487     0.050         5
     4.543     7.420     0.050         5
     5.041     7.353     0.050         5
     5.541     7.267     0.050         5
     6.028     7.217     0.050         5
     6.505     7.153     0.050         5
     6.986     7.081     0.050         5
     7.467     7.026     0.050         5
     7.951     6.957     0.050         5
     8.441     6.875     0.050         5
     8.939     6.794     0.050         5
     9.429     6.729     0.050         5
     9.913     6.651     0.050         5
    10.387     6.585     0.050         5
    10.879     6.504     0.050         5
    11.380     6.430     0.050         5
    11.881     6.348     0.050         5
    12.379     6.270     0.050         5
    12.866     6.209     0.050         5
    13.347     6.121     0.050         5
    13.817     6.039     0.050         5
    14.304     5.952     0.050         5
    14.784     5.882     0.050         5
    15.271     5.794     0.050         5
    15.750     5.721     0.050         5
    16.248     5.648     0.050         5
    16.738     5.564     0.050         5
    17.235     5.482     0.050         5
    17.709     5.397     0.050         5
    18.182     5.313     0.050         5
    18.656     5.224     0.050         5
    19.129     5.136     0.050         5
    19.602     5.044     0.050         5
    20.065     4.953     0.050         5
    20.531     4.862     0.050         5
    21.007     4.769     0.050         5
    21.473     4.669     0.050         5
    21.946     4.573     0.050         5
    22.401     4.468     0.050         5
    22.877     4.362     0.050         5
    23.343     4.252     0.050         5
    23.819     4.145     0.050         5
    24.290     4.028     0.050         5
    24.760     3.893     0.050         5
    25.231     3.732     0.050         5
    25.704     3.600     0.050         5
     3.881     8.247     0.050        14
     4.879     8.083     0.050        14
     5.541     8.008     0.050        14
     6.028     7.969     0.050        14
     6.505     7.890     0.050        14
     6.986     7.838     0.050        14
     7.628     7.709     0.050        14
     8.116     7.679     0.050        14
     8.603     7.595     0.050        14
     9.103     7.528     0.050        14
     9.590     7.439     0.050        14
    10.074     7.384     0.050        14
    10.548     7.280     0.050        14
    11.044     7.224     0.050        14
    11.544     7.140     0.050        14
    12.042     7.056     0.050        14
    12.543     6.968     0.050        14
    13.027     6.892     0.050        14
    13.505     6.816     0.050        14
    13.979     6.725     0.050        14
    14.458     6.658     0.050        14
    14.945     6.588     0.050        14
    15.435     6.506     0.050        14
    15.922     6.419     0.050        14
    16.412     6.332     0.050        14
    16.910     6.241     0.050        14
    17.397     6.152     0.050        14
    17.870     6.073     0.050        14
    18.341     5.991     0.050        14
    18.817     5.906     0.050        14
    19.290     5.820     0.050        14
    19.753     5.730     0.050        14
    20.216     5.649     0.050        14
    20.692     5.564     0.050        14
    21.158     5.467     0.050        14
    21.634     5.370     0.050        14
    22.100     5.274     0.050        14
    22.565     5.177     0.050        14
    23.031     5.083     0.050        14
    23.504     4.942     0.050        14
    23.981     4.824     0.050        14
    24.440     4.700     0.050        14
    24.922     4.594     0.050        14
     3.096    12.125     0.050        24
     4.217    11.840     0.050        24
     5.369    11.554     0.050        24
     6.505    11.266     0.050        24
     7.628    10.995     0.050        24
     8.778    10.675     0.050        24
     9.913    10.384     0.050        24
    10.879    10.146     0.050        24
    12.042     9.855     0.050        24
    13.027     9.636     0.050        24
    13.817     9.472     0.050        24
    14.458     9.302     0.050        24
    15.435     9.072     0.050        24
    16.573     8.744     0.050        24
    17.558     8.477     0.050        24
    18.341     8.275     0.050        24
    30.818     1.000     0.000         0
    30.947     1.796     0.050         1
    31.393     1.844     0.050         1
    31.881     1.957     0.050         1
    32.360     2.105     0.050         1
    32.846     2.281     0.050         1
    33.319     2.492     0.050         1
    33.809     2.721     0.050         1
    34.292     2.971     0.050         1
    30.947     2.204     0.050         2
    31.393     2.235     0.050         2
    31.881     2.319     0.050         2
    32.360     2.433     0.050         2
    32.846     2.583     0.050         2
    33.319     2.758     0.050         2
    31.245     2.570     0.050         3
    31.717     2.623     0.050         3
    32.200     2.692     0.050         3
    33.007     2.869     0.050         3
    35.606     3.584     0.050         5
    36.093     3.760     0.050         5
    36.584     3.890     0.050         5
    37.057     4.007     0.050         5
    37.544     4.109     0.050         5
    38.031     4.183     0.050         5
    38.518     4.290     0.050         5
    39.005     4.386     0.050         5
    39.492     4.474     0.050         5
    39.982     4.552     0.050         5
    40.469     4.629     0.050         5
    40.967     4.704     0.050         5
    41.447     4.772     0.050         5
    41.921     4.844     0.050         5
    42.418     4.907     0.050         5
    42.881     4.972     0.050         5
    43.338     5.046     0.050         5
    43.811     5.112     0.050         5
    44.287     5.181     0.050         5
    44.761     5.259     0.050         5
    45.226     5.332     0.050         5
    45.706     5.401     0.050         5
    46.171     5.477     0.050         5
    46.648     5.540     0.050         5
    47.113     5.615     0.050         5
    47.590     5.694     0.050         5
    48.052     5.747     0.050         5
    48.532     5.813     0.050         5
    49.159     5.898     0.050         5
    49.632     5.995     0.050         5
    50.098     6.061     0.050         5
    50.574     6.163     0.050         5
    51.047     6.297     0.050         5
    51.671     6.437     0.050         5
    52.145     6.552     0.050         5
    52.604     6.669     0.050         5
    53.067     6.768     0.050         5
    53.519     6.869     0.050         5
    53.974     6.945     0.050         5
    54.429     7.038     0.050         5
    54.884     7.110     0.050         5
    55.339     7.190     0.050         5
    55.805     7.267     0.050         5
    56.260     7.350     0.050         5
    56.722     7.451     0.050         5
    57.343     7.546     0.050         5
    57.806     7.608     0.050         5
    58.258     7.706     0.050         5
    58.718     7.797     0.050         5
    59.177     7.855     0.050         5
    59.643     7.951     0.050         5
    60.105     8.001     0.050         5
    60.565     8.071     0.050         5
    61.020     8.167     0.050         5
    61.467     8.264     0.050         5
    61.922     8.334     0.050         5
    62.381     8.399     0.050         5
    62.839     8.489     0.050         5
    63.286     8.575     0.050         5
    63.733     8.659     0.050         5
    64.181     8.707     0.050         5
    64.636     8.759     0.050         5
    65.089     8.826     0.050         5
    65.707     8.992     0.050         5
    66.167     9.035     0.050         5
    66.620     9.070     0.050         5
    67.077     9.172     0.050         5
    67.532     9.283     0.050         5
    67.994     9.338     0.050         5
    68.460     9.378     0.050         5
    68.920     9.453     0.050         5
    69.393     9.563     0.050         5
    69.859     9.593     0.050         5
    70.321     9.733     0.050         5
    70.798     9.786     0.050         5
    71.260     9.862     0.050         5
    72.672    10.074     0.050         5
    74.091    10.281     0.050         5
    75.293    10.477     0.050         5
    76.991    10.742     0.050         5
    78.697    11.011     0.050         5
    80.082    11.229     0.050         5
    81.940    11.517     0.050         5
    83.983    11.827     0.050         5
    85.073    12.001     0.050         5
    86.491    12.237     0.050         5
    87.594    12.393     0.050         5
    88.536    12.528     0.050         5
    89.632    12.679     0.050         5
    90.724    12.857     0.050         5
    92.765    13.092     0.050         5
    94.664    13.342     0.050         5
    96.415    13.436     0.050         5
    97.827    13.548     0.050         5
   100.001    13.718     0.050         5
   101.842    13.935     0.050         5
   104.313    14.298     0.050         5
   106.367    14.584     0.050         5
   109.006    14.925     0.050         5
   110.264    15.108     0.050         5
   111.977    15.351     0.050         5
   114.308    15.706     0.050         5
   116.714    16.094     0.050         5
   118.765    16.442     0.050         5
   120.696    16.782     0.050         5
   122.958    17.175     0.050         5
   124.997    17.531     0.050         5
    67.693     9.691     0.050         7
    70.948    10.191     0.050         7
    73.768    10.607     0.050         7
    78.073    11.229     0.050         7
    81.628    11.752     0.050         7
   113.050    16.292     0.050         8
   113.671    16.400     0.050         8
   114.308    16.500     0.050         8
   114.957    16.601     0.050         8
   115.602    16.687     0.050         8
   116.394    16.792     0.050         8
   116.875    16.862     0.050         8
   117.496    16.942     0.050         8
   117.969    17.013     0.050         8
   118.604    17.105     0.050         8
   119.241    17.196     0.050         8
   119.728    17.256     0.050         8
   120.373    17.339     0.050         8
   121.183    17.446     0.050         8
    35.280     4.185     0.050        14
    36.093     4.404     0.050        14
    36.745     4.594     0.050        14
    37.221     4.707     0.050        14
    37.705     4.798     0.050        14
    38.192     4.895     0.050        14
    38.679     4.987     0.050        14
    39.169     5.075     0.050        14
    39.656     5.167     0.050        14
    40.143     5.257     0.050        14
    40.630     5.347     0.050        14
    41.128     5.428     0.050        14
    41.598     5.486     0.050        14
    42.082     5.543     0.050        14
    42.569     5.612     0.050        14
    43.029     5.696     0.050        14
    43.499     5.776     0.050        14
    43.972     5.852     0.050        14
    44.449     5.927     0.050        14
    44.911     5.998     0.050        14
    45.391     6.061     0.050        14
    45.856     6.133     0.050        14
    46.333     6.193     0.050        14
    46.798     6.266     0.050        14
    47.278     6.355     0.050        14
    47.751     6.429     0.050        14
    48.217     6.486     0.050        14
    48.683     6.532     0.050        14
    49.159     6.598     0.050        14
    49.632     6.705     0.050        14
    50.098     6.793     0.050        14
    50.574     6.902     0.050        14
    51.047     7.011     0.050        14
    51.518     7.124     0.050        14
    51.983     7.217     0.050        14
    52.443     7.316     0.050        14
    52.906     7.431     0.050        14
    53.368     7.534     0.050        14
    53.820     7.631     0.050        14
    54.275     7.695     0.050        14
    54.733     7.786     0.050        14
    55.185     7.868     0.050        14
    55.651     7.947     0.050        14
    56.106     8.016     0.050        14
    56.572     8.103     0.050        14
    57.031     8.193     0.050        14
    57.494     8.252     0.050        14
    57.957     8.321     0.050        14
    58.409     8.405     0.050        14
    58.868     8.500     0.050        14
    59.331     8.584     0.050        14
    59.794     8.692     0.050        14
    60.256     8.757     0.050        14
    60.716     8.827     0.050        14
    61.171     8.909     0.050        14
    61.618     8.983     0.050        14
    62.076     9.057     0.050        14
    62.531     9.151     0.050        14
    62.989     9.233     0.050        14
    63.440     9.292     0.050        14
    63.887     9.366     0.050        14
    64.335     9.442     0.050        14
    64.794     9.513     0.050        14
    65.251     9.602     0.050        14
    65.707     9.678     0.050        14
    66.167     9.760     0.050        14
    66.620     9.840     0.050        14
    67.077     9.895     0.050        14
    67.532     9.979     0.050        14
    67.994    10.066     0.050        14
    68.460    10.152     0.050        14
    68.920    10.234     0.050        14
    69.393    10.318     0.050        14
    69.859    10.402     0.050        14
    70.321    10.475     0.050        14
    70.798    10.549     0.050        14
    71.260    10.618     0.050        14
    71.730    10.702     0.050        14
    72.207    10.780     0.050        14
    72.672    10.855     0.050        14
    73.138    10.929     0.050        14
    73.614    10.994     0.050        14
    74.091    11.047     0.050        14
    74.543    11.134     0.050        14
    74.991    11.208     0.050        14
    75.440    11.292     0.050        14
    40.305     7.242     0.050        24
    41.921     7.796     0.050        24
    42.569     7.955     0.050        24
    43.029     8.084     0.050        24
    44.449     8.460     0.050        24
    45.226     8.650     0.050        24
    46.333     8.915     0.050        24
    46.963     9.090     0.050        24
    47.902     9.312     0.050        24
    48.998     9.653     0.050        24
    49.632     9.843     0.050        24
    50.413    10.075     0.050        24
    51.518    10.411     0.050        24
    52.604    10.719     0.050        24
    54.125    11.210     0.050        24
    55.035    11.453     0.050        24
    55.955    11.704     0.050        24
    57.031    11.966     0.050        24
    59.177    12.554     0.050        24
    60.256    12.875     0.050        24
    61.772    13.291     0.050        24
    62.531    13.480     0.050        24
    63.440    13.723     0.050        24
    65.089    14.204     0.050        24
    73.450    16.648     0.050        24
    73.929    16.801     0.050        24
    74.392    16.938     0.050        24
    74.991    17.063     0.050        24
    75.440    17.220     0.050        24
    75.906    17.318     0.050        24
    76.372    17.465     0.050        24
    76.830    17.553     0.050        24
    77.295    17.696     0.050        24
    77.761    17.795     0.050        24
    78.224    17.898     0.050        24
    78.697    17.997     0.050        24
    79.156    18.111     0.050        24
    79.619    18.233     0.050        24
    80.082    18.351     0.050        24
    80.541    18.484     0.050        24
    81.014    18.612     0.050        24
    81.628    18.767     0.050        24
    82.101    18.915     0.050        24
    82.561    19.064     0.050        24
    83.045    19.203     0.050        24
    83.507    19.319     0.050        24
   109.315    26.034     0.050        24
   109.791    26.132     0.050        24
   110.264    26.250     0.050        24
   125.312    30.038     0.050        24
   125.785    30.127     0.050        24
   126.248    30.251     0.050        24
   126.721    30.339     0.050        24
   127.181    30.439     0.050        24
   127.654    30.559     0.050        24
   128.119    30.673     0.050        24
   128.606    30.787     0.050        24
   129.085    30.895     0.050        24
   129.575    31.017     0.050        24
   130.051    31.133     0.050        24
   130.527    31.261     0.050        24
   131.018    31.366     0.050        24
   131.491    31.510     0.050        24
   131.970    31.623     0.050        24
   142.064    34.311     0.050        25
   142.540    34.479     0.050        25
   143.016    34.586     0.050        25
   143.503    34.684     0.050        25
   143.987    34.773     0.050        25
    36.848    -1.000     0.000         0
    33.006     2.984     0.050         1
    33.482     2.741     0.050         1
    33.969     2.488     0.050         1
    34.456     2.252     0.050         1
    34.943     2.055     0.050         1
    35.605     1.868     0.050         1
    36.092     1.771     0.050         1
    36.584     1.738     0.050         1
    33.157     3.110     0.050         2
    33.644     2.897     0.050         2
    34.131     2.685     0.050         2
    34.618     2.522     0.050         2
    35.108     2.387     0.050         2
    35.605     2.270     0.050         2
    36.092     2.186     0.050         2
    36.584     2.156     0.050         2
     3.881     8.457     0.050         5
     4.379     8.389     0.050         5
     4.880     8.326     0.050         5
     5.370     8.254     0.050         5
     5.868     8.178     0.050         5
     6.341     8.123     0.050         5
     6.825     8.052     0.050         5
     7.309     7.983     0.050         5
     7.790     7.918     0.050         5
     8.277     7.853     0.050         5
     8.778     7.768     0.050         5
     9.268     7.693     0.050         5
     9.752     7.627     0.050         5
    10.236     7.553     0.050         5
    10.716     7.478     0.050         5
    11.209     7.414     0.050         5
    11.707     7.333     0.050         5
    12.207     7.254     0.050         5
    12.705     7.174     0.050         5
    13.186     7.107     0.050         5
    13.657     7.031     0.050         5
    14.144     6.961     0.050         5
    14.620     6.875     0.050         5
    15.110     6.795     0.050         5
    15.600     6.725     0.050         5
    16.087     6.652     0.050         5
    16.574     6.571     0.050         5
    17.075     6.496     0.050         5
    17.559     6.416     0.050         5
    18.032     6.344     0.050         5
    18.503     6.264     0.050         5
    18.979     6.184     0.050         5
    19.442     6.109     0.050         5
    19.915     6.028     0.050         5
    20.378     5.950     0.050         5
    20.844     5.865     0.050         5
    21.320     5.778     0.050         5
    21.786     5.714     0.050         5
    22.251     5.636     0.050         5
    22.717     5.560     0.050         5
    23.194     5.484     0.050         5
    23.656     5.394     0.050         5
    24.130     5.316     0.050         5
    24.600     5.227     0.050         5
    25.073     5.146     0.050         5
    25.544     5.058     0.050         5
    26.017     4.971     0.050         5
    26.480     4.880     0.050         5
    26.956     4.777     0.050         5
    27.433     4.694     0.050         5
    27.906     4.595     0.050         5
    28.379     4.496     0.050         5
    28.859     4.403     0.050         5
    29.335     4.297     0.050         5
    29.822     4.192     0.050         5
    30.285     4.098     0.050         5
    30.761     3.964     0.050         5
     3.881     9.323     0.050        14
     4.379     9.251     0.050        14
     4.880     9.202     0.050        14
     5.370     9.149     0.050        14
     5.868     9.079     0.050        14
     6.341     9.009     0.050        14
     6.825     8.936     0.050        14
     7.309     8.883     0.050        14
     7.790     8.810     0.050        14
     8.277     8.716     0.050        14
     8.778     8.658     0.050        14
     9.268     8.587     0.050        14
     9.752     8.511     0.050        14
    10.236     8.435     0.050        14
    10.716     8.383     0.050        14
    11.209     8.302     0.050        14
    11.707     8.234     0.050        14
    12.207     8.157     0.050        14
    12.705     8.080     0.050        14
    13.186     8.012     0.050        14
    13.657     7.924     0.050        14
    14.144     7.824     0.050        14
    14.620     7.756     0.050        14
    15.110     7.679     0.050        14
    15.600     7.600     0.050        14
    16.087     7.533     0.050        14
    16.574     7.451     0.050        14
    17.075     7.374     0.050        14
    17.559     7.314     0.050        14
    18.032     7.236     0.050        14
    18.503     7.155     0.050        14
    18.979     7.070     0.050        14
    19.442     6.984     0.050        14
    19.915     6.891     0.050        14
    20.378     6.783     0.050        14
    20.844     6.706     0.050        14
    21.320     6.646     0.050        14
    21.786     6.562     0.050        14
    22.251     6.482     0.050        14
    22.717     6.402     0.050        14
    23.194     6.321     0.050        14
    23.656     6.219     0.050        14
    24.130     6.132     0.050        14
    24.600     6.044     0.050        14
    25.073     5.964     0.050        14
    25.544     5.884     0.050        14
    26.017     5.794     0.050        14
    26.480     5.696     0.050        14
    26.956     5.600     0.050        14
    27.433     5.507     0.050        14
    27.906     5.419     0.050        14
    28.379     5.329     0.050        14
    28.859     5.214     0.050        14
     3.881    13.584     0.050        24
     4.379    13.493     0.050        24
     4.880    13.375     0.050        24
     5.370    13.274     0.050        24
     5.868    13.146     0.050        24
     6.341    13.034     0.050        24
     6.825    12.916     0.050        24
     7.309    12.796     0.050        24
     7.790    12.697     0.050        24
     8.277    12.555     0.050        24
     8.778    12.424     0.050        24
     9.268    12.305     0.050        24
     9.752    12.189     0.050        24
    10.236    12.066     0.050        24
    10.716    11.933     0.050        24
    11.209    11.827     0.050        24
    11.707    11.701     0.050        24
    12.207    11.543     0.050        24
    12.705    11.433     0.050        24
    13.186    11.312     0.050        24
    13.657    11.225     0.050        24
    14.144    11.069     0.050        24
    14.620    10.974     0.050        24
    15.110    10.850     0.050        24
    15.600    10.743     0.050        24
    16.087    10.607     0.050        24
    16.574    10.487     0.050        24
    17.075    10.350     0.050        24
    17.559    10.212     0.050        24
    18.032    10.078     0.050        24
    18.503     9.941     0.050        24
    18.979     9.820     0.050        24
    19.442     9.683     0.050        24
    19.915     9.526     0.050        24
    20.378     9.410     0.050        24
    20.844     9.264     0.050        24
    21.320     9.142     0.050        24
    21.786     9.005     0.050        24
    22.251     8.868     0.050        24
    22.717     8.710     0.050        24
    23.194     8.548     0.050        24
    23.656     8.412     0.050        24
    36.848     1.000     0.000         0
    37.382     1.773     0.050         1
    37.869     1.880     0.050         1
    38.356     2.023     0.050         1
    38.843     2.213     0.050         1
    39.330     2.429     0.050         1
    39.817     2.669     0.050         1
    40.304     2.978     0.050         1
    37.057     2.162     0.050         2
    37.544     2.220     0.050         2
    38.031     2.320     0.050         2
    38.518     2.447     0.050         2
    39.005     2.599     0.050         2
    39.492     2.773     0.050         2
    39.982     2.970     0.050         2
    42.244     3.690     0.050         5
    42.731     3.792     0.050         5
    43.190     3.895     0.050         5
    43.650     3.996     0.050         5
    44.126     4.084     0.050         5
    44.600     4.172     0.050         5
    45.065     4.268     0.050         5
    45.542     4.364     0.050         5
    46.018     4.455     0.050         5
    46.484     4.531     0.050         5
    46.963     4.617     0.050         5
    47.429     4.700     0.050         5
    47.902     4.773     0.050         5
    48.371     4.845     0.050         5
    48.847     4.895     0.050         5
    49.320     4.990     0.050         5
    49.794     5.084     0.050         5
    50.259     5.182     0.050         5
    50.739     5.279     0.050         5
    51.206     5.380     0.050         5
    51.672     5.505     0.050         5
    52.145     5.629     0.050         5
    52.605     5.739     0.050         5
    53.067     5.839     0.050         5
    53.519     5.946     0.050         5
    53.974     6.044     0.050         5
    54.429     6.130     0.050         5
    54.884     6.216     0.050         5
    55.339     6.302     0.050         5
    55.805     6.376     0.050         5
    56.260     6.450     0.050         5
    56.723     6.539     0.050         5
    57.182     6.635     0.050         5
    57.656     6.709     0.050         5
    58.108     6.784     0.050         5
    58.567     6.859     0.050         5
    59.016     6.951     0.050         5
    59.482     7.028     0.050         5
    59.944     7.089     0.050         5
    60.407     7.168     0.050         5
    60.867     7.259     0.050         5
    61.314     7.335     0.050         5
    61.772     7.407     0.050         5
    62.227     7.487     0.050         5
    62.685     7.567     0.050         5
    63.143     7.641     0.050         5
    63.590     7.711     0.050         5
    64.041     7.788     0.050         5
    64.485     7.850     0.050         5
    64.942     7.914     0.050         5
    65.398     7.983     0.050         5
    65.858     8.070     0.050         5
    66.314     8.154     0.050         5
    66.782     8.211     0.050         5
    67.228     8.299     0.050         5
    67.693     8.375     0.050         5
    68.148     8.451     0.050         5
    68.619     8.531     0.050         5
    69.081     8.609     0.050         5
    69.544     8.670     0.050         5
    70.007     8.747     0.050         5
    70.483     8.836     0.050         5
    70.948     8.923     0.050         5
    71.422     8.993     0.050         5
    71.892     9.067     0.050         5
    72.358     9.145     0.050         5
    72.826     9.215     0.050         5
    73.300     9.295     0.050         5
    73.768     9.375     0.050         5
    74.241     9.443     0.050         5
    74.693     9.521     0.050         5
    75.142     9.591     0.050         5
    75.602     9.661     0.050         5
    76.057     9.729     0.050         5
    76.526     9.801     0.050         5
    77.142     9.896     0.050         5
    77.761     9.977     0.050         5
    78.697    10.111     0.050         5
    79.318    10.204     0.050         5
    80.233    10.326     0.050         5
    81.015    10.439     0.050         5
    81.940    10.586     0.050         5
    82.722    10.706     0.050         5
    83.354    10.807     0.050         5
    84.134    10.928     0.050         5
    66.009     8.549     0.050         7
    69.859     9.060     0.050         7
    73.930     9.700     0.050         7
    76.526    10.080     0.050         7
    79.770    10.573     0.050         7
    83.354    11.144     0.050         7
    87.283    11.717     0.050         7
    89.478    12.035     0.050         7
   108.694    14.896     0.050         8
   110.730    15.178     0.050         8
   113.050    15.517     0.050         8
   114.796    15.751     0.050         8
   116.395    15.974     0.050         8
   118.443    16.252     0.050         8
   120.051    16.495     0.050         8
   121.509    16.718     0.050         8
   123.109    16.970     0.050         8
   124.368    17.174     0.050         8
    44.288     4.849     0.050        14
    44.761     4.947     0.050        14
    45.227     5.051     0.050        14
    45.706     5.148     0.050        14
    46.172     5.240     0.050        14
    46.648     5.326     0.050        14
    47.114     5.417     0.050        14
    47.590     5.501     0.050        14
    48.053     5.565     0.050        14
    48.532     5.649     0.050        14
    48.998     5.718     0.050        14
    49.471     5.797     0.050        14
    49.944     5.907     0.050        14
    50.413     6.001     0.050        14
    50.886     6.122     0.050        14
    51.357     6.250     0.050        14
    51.833     6.349     0.050        14
    52.293     6.479     0.050        14
    52.755     6.589     0.050        14
    53.218     6.687     0.050        14
    53.670     6.794     0.050        14
    54.125     6.888     0.050        14
    54.580     6.977     0.050        14
    55.035     7.066     0.050        14
    55.501     7.145     0.050        14
    55.956     7.211     0.050        14
    56.421     7.286     0.050        14
    56.881     7.393     0.050        14
    57.344     7.483     0.050        14
    57.806     7.557     0.050        14
    58.258     7.627     0.050        14
    58.718     7.705     0.050        14
    59.177     7.788     0.050        14
    59.643     7.863     0.050        14
    60.106     7.942     0.050        14
    60.565     8.016     0.050        14
    61.020     8.099     0.050        14
    61.468     8.165     0.050        14
    61.923     8.252     0.050        14
    62.381     8.336     0.050        14
    62.839     8.416     0.050        14
    63.286     8.488     0.050        14
    63.733     8.568     0.050        14
    64.181     8.648     0.050        14
    64.636     8.711     0.050        14
    65.089     8.807     0.050        14
    65.546     8.875     0.050        14
    66.009     8.987     0.050        14
    66.473     9.021     0.050        14
    66.929     9.080     0.050        14
    67.381     9.166     0.050        14
    67.844     9.230     0.050        14
    68.310     9.314     0.050        14
    68.769     9.407     0.050        14
    69.232     9.484     0.050        14
    69.698     9.529     0.050        14
    70.171     9.624     0.050        14
    70.636     9.704     0.050        14
    71.110     9.777     0.050        14
    71.572     9.851     0.050        14
    72.043     9.930     0.050        14
    72.511     9.993     0.050        14
    72.988    10.072     0.050        14
    73.450    10.134     0.050        14
    73.930    10.234     0.050        14
    74.392    10.326     0.050        14
    74.844    10.398     0.050        14
    75.293    10.469     0.050        14
    75.753    10.520     0.050        14
    76.221    10.583     0.050        14
    76.676    10.620     0.050        14
    52.755     8.931     0.050        24
    53.974     9.343     0.050        24
    56.572    10.122     0.050        24
    59.016    10.886     0.050        24
    60.716    11.388     0.050        24
    67.693    13.587     0.050        24
    68.920    13.979     0.050        24
    71.731    14.784     0.050        24
    73.138    15.198     0.050        24
    76.830    16.200     0.050        24
    78.224    16.511     0.050        24
    79.469    16.838     0.050        24
    80.703    17.141     0.050        24
    82.722    17.659     0.050        24
    84.285    18.058     0.050        24
    42.860    -1.000     0.000         0
    39.331     2.720     0.050         1
    39.818     2.466     0.050         1
    40.305     2.228     0.050         1
    40.792     2.020     0.050         1
    41.286     1.827     0.050         1
    41.759     1.700     0.050         1
    42.241     1.606     0.050         1
    42.718     1.568     0.050         1
    41.128     2.237     0.050         2
    41.598     2.129     0.050         2
    42.081     2.041     0.050         2
    42.564     2.028     0.050         2
     3.097     9.448     0.050         5
     3.559     9.385     0.050         5
     4.056     9.313     0.050         5
     4.543     9.245     0.050         5
     5.041     9.186     0.050         5
     5.542     9.125     0.050         5
     6.029     9.051     0.050         5
     6.505     8.989     0.050         5
     6.986     8.928     0.050         5
     7.467     8.866     0.050         5
     7.952     8.772     0.050         5
     8.442     8.684     0.050         5
     8.939     8.621     0.050         5
     9.429     8.545     0.050         5
     9.914     8.502     0.050         5
    10.387     8.406     0.050         5
    10.880     8.331     0.050         5
    11.381     8.266     0.050         5
    11.881     8.190     0.050         5
    12.379     8.121     0.050         5
    12.866     8.055     0.050         5
    13.347     7.977     0.050         5
    13.818     7.904     0.050         5
    14.305     7.820     0.050         5
    14.784     7.744     0.050         5
    15.271     7.680     0.050         5
    15.751     7.583     0.050         5
    16.248     7.532     0.050         5
    16.738     7.461     0.050         5
    17.236     7.383     0.050         5
    17.710     7.313     0.050         5
    18.183     7.235     0.050         5
    18.656     7.155     0.050         5
    19.130     7.081     0.050         5
    19.603     7.004     0.050         5
    20.066     6.928     0.050         5
    20.532     6.860     0.050         5
    21.008     6.793     0.050         5
    21.474     6.713     0.050         5
    21.947     6.647     0.050         5
    22.402     6.582     0.050         5
    22.878     6.501     0.050         5
    23.344     6.414     0.050         5
    23.821     6.331     0.050         5
    24.291     6.251     0.050         5
    24.761     6.175     0.050         5
    25.232     6.096     0.050         5
    25.705     6.022     0.050         5
    26.168     5.939     0.050         5
    26.641     5.850     0.050         5
    27.117     5.770     0.050         5
    27.594     5.690     0.050         5
    28.067     5.620     0.050         5
    28.543     5.538     0.050         5
    29.020     5.450     0.050         5
    29.496     5.370     0.050         5
    29.973     5.292     0.050         5
    30.446     5.217     0.050         5
    30.922     5.131     0.050         5
    31.388     5.046     0.050         5
    31.878     4.944     0.050         5
    32.358     4.840     0.050         5
    32.845     4.723     0.050         5
    33.318     4.633     0.050         5
    33.808     4.529     0.050         5
    34.292     4.421     0.050         5
    34.782     4.307     0.050         5
    35.280     4.196     0.050         5
    35.767     4.089     0.050         5
    36.254     3.957     0.050         5
    36.745     3.827     0.050         5
    14.784     8.158     0.050        14
    15.271     8.096     0.050        14
    15.751     8.024     0.050        14
    16.248     7.931     0.050        14
    16.738     7.860     0.050        14
    17.236     7.769     0.050        14
    17.710     7.728     0.050        14
    18.183     7.667     0.050        14
    18.656     7.610     0.050        14
    19.130     7.544     0.050        14
    19.603     7.479     0.050        14
    20.066     7.405     0.050        14
    20.532     7.343     0.050        14
    21.159     7.239     0.050        14
    21.635     7.167     0.050        14
    22.101     7.079     0.050        14
    22.566     7.011     0.050        14
    23.032     6.942     0.050        14
    23.506     6.853     0.050        14
    23.982     6.788     0.050        14
    24.442     6.703     0.050        14
    24.923     6.609     0.050        14
    25.393     6.540     0.050        14
    25.856     6.471     0.050        14
    26.329     6.387     0.050        14
    26.795     6.293     0.050        14
    27.268     6.214     0.050        14
    27.744     6.144     0.050        14
    28.218     6.062     0.050        14
    28.694     5.960     0.050        14
    29.184     5.866     0.050        14
    29.661     5.791     0.050        14
    30.131     5.715     0.050        14
    30.610     5.635     0.050        14
    31.076     5.555     0.050        14
    31.552     5.466     0.050        14
    32.032     5.365     0.050        14
    32.522     5.251     0.050        14
    33.006     5.153     0.050        14
    33.482     5.064     0.050        14
    33.969     4.980     0.050        14
     7.467    14.200     0.050        24
     8.116    14.070     0.050        24
     8.603    13.980     0.050        24
     9.104    13.834     0.050        24
     9.591    13.679     0.050        24
    10.075    13.569     0.050        24
    10.548    13.452     0.050        24
    11.044    13.397     0.050        24
    11.545    13.210     0.050        24
    12.043    13.130     0.050        24
    12.544    12.983     0.050        24
    13.028    12.843     0.050        24
    13.506    12.730     0.050        24
    13.979    12.614     0.050        24
    14.458    12.493     0.050        24
    14.946    12.353     0.050        24
    15.436    12.261     0.050        24
    15.923    12.145     0.050        24
    16.413    12.016     0.050        24
    16.910    11.876     0.050        24
    17.398    11.737     0.050        24
    17.871    11.599     0.050        24
    18.341    11.486     0.050        24
    18.818    11.364     0.050        24
    19.291    11.230     0.050        24
    19.754    11.114     0.050        24
    20.216    10.982     0.050        24
    20.693    10.828     0.050        24
    21.159    10.701     0.050        24
    21.635    10.549     0.050        24
    22.101    10.420     0.050        24
    22.566    10.291     0.050        24
    23.032    10.198     0.050        24
    23.506    10.072     0.050        24
    23.982     9.959     0.050        24
    24.442     9.859     0.050        24
    24.923     9.747     0.050        24
    25.393     9.594     0.050        24
    25.856     9.467     0.050        24
    26.329     9.333     0.050        24
    26.795     9.170     0.050        24
    27.268     9.057     0.050        24
    27.744     8.901     0.050        24
    28.218     8.740     0.050        24
    28.694     8.600     0.050        24
    29.184     8.454     0.050        24
    29.661     8.347     0.050        24
    30.131     8.121     0.050        24
    30.610     8.002     0.050        24
    31.076     7.831     0.050        24
    31.552     7.692     0.050        24
    32.032     7.604     0.050        24
    42.860     1.000     0.000         0
    43.345     1.626     0.050         1
    43.815     1.724     0.050         1
    44.290     1.868     0.050         1
    44.763     2.064     0.050         1
    45.228     2.284     0.050         1
    45.707     2.507     0.050         1
    43.345     2.072     0.050         2
    43.815     2.124     0.050         2
    44.290     2.240     0.050         2
    44.763     2.388     0.050         2
    45.228     2.546     0.050         2
    48.683     3.631     0.050         5
    49.159     3.737     0.050         5
    49.632     3.845     0.050         5
    50.098     3.974     0.050         5
    50.574     4.098     0.050         5
    51.048     4.214     0.050         5
    51.518     4.316     0.050         5
    51.984     4.460     0.050         5
    52.443     4.601     0.050         5
    52.906     4.744     0.050         5
    53.369     4.861     0.050         5
    53.821     4.970     0.050         5
    54.276     5.071     0.050         5
    54.734     5.172     0.050         5
    55.186     5.265     0.050         5
    55.651     5.353     0.050         5
    56.106     5.429     0.050         5
    56.572     5.517     0.050         5
    57.031     5.615     0.050         5
    57.494     5.702     0.050         5
    57.957     5.779     0.050         5
    58.409     5.874     0.050         5
    58.868     5.950     0.050         5
    59.331     6.028     0.050         5
    59.794     6.095     0.050         5
    60.256     6.165     0.050         5
    60.716     6.266     0.050         5
    61.171     6.351     0.050         5
    61.618     6.443     0.050         5
    62.076     6.522     0.050         5
    62.531     6.608     0.050         5
    62.989     6.678     0.050         5
    63.440     6.748     0.050         5
    63.887     6.827     0.050         5
    64.334     6.905     0.050         5
    64.794     6.982     0.050         5
    65.250     7.064     0.050         5
    65.707     7.136     0.050         5
    66.167     7.231     0.050         5
    66.620     7.297     0.050         5
    67.077     7.398     0.050         5
    67.532     7.464     0.050         5
    67.995     7.532     0.050         5
    68.460     7.608     0.050         5
    68.920     7.688     0.050         5
    69.393     7.768     0.050         5
    69.859     7.844     0.050         5
    70.321     7.922     0.050         5
    70.798     8.012     0.050         5
    71.260     8.093     0.050         5
    71.731     8.169     0.050         5
    72.207     8.237     0.050         5
    72.673     8.300     0.050         5
    73.138     8.370     0.050         5
    73.614     8.477     0.050         5
    74.091     8.545     0.050         5
    74.543     8.624     0.050         5
    74.992     8.691     0.050         5
    75.441     8.762     0.050         5
    75.906     8.841     0.050         5
    76.372     8.907     0.050         5
    76.830     8.975     0.050         5
    77.295     9.039     0.050         5
    77.912     9.131     0.050         5
    78.374     9.182     0.050         5
    78.848     9.257     0.050         5
    79.318     9.310     0.050         5
    79.931     9.406     0.050         5
    80.853     9.540     0.050         5
    81.628     9.678     0.050         5
    82.101     9.758     0.050         5
    82.561     9.845     0.050         5
    83.045     9.933     0.050         5
    83.819    10.067     0.050         5
    84.285    10.135     0.050         5
    84.761    10.219     0.050         5
    85.550    10.332     0.050         5
    86.176    10.420     0.050         5
    86.656    10.487     0.050         5
    87.132    10.547     0.050         5
    87.595    10.610     0.050         5
    88.071    10.684     0.050         5
    88.536    10.766     0.050         5
    89.013    10.846     0.050         5
   106.367    13.970     0.050         8
   108.855    14.303     0.050         8
   111.666    14.681     0.050         8
   113.832    14.966     0.050         8
   116.244    15.321     0.050         8
   118.443    15.644     0.050         8
   120.535    15.934     0.050         8
   122.959    16.313     0.050         8
   125.786    16.686     0.050         8
   127.805    16.915     0.050         8
   129.887    17.213     0.050         8
   131.491    17.415     0.050         8
   140.614    18.754     0.050         8
   141.738    18.917     0.050         8
   143.826    19.191     0.050         8
    49.320     4.524     0.050        14
    49.794     4.645     0.050        14
    50.259     4.754     0.050        14
    51.048     4.931     0.050        14
    51.518     5.060     0.050        14
    51.984     5.161     0.050        14
    52.443     5.299     0.050        14
    52.906     5.446     0.050        14
    53.369     5.565     0.050        14
    53.821     5.674     0.050        14
    54.276     5.796     0.050        14
    54.734     5.895     0.050        14
    55.186     5.978     0.050        14
    55.651     6.070     0.050        14
    56.106     6.145     0.050        14
    56.572     6.230     0.050        14
    57.031     6.326     0.050        14
    57.494     6.395     0.050        14
    57.957     6.486     0.050        14
    58.409     6.570     0.050        14
    58.868     6.661     0.050        14
    59.331     6.751     0.050        14
    59.794     6.814     0.050        14
    60.256     6.889     0.050        14
    60.716     6.979     0.050        14
    61.171     7.046     0.050        14
    61.618     7.131     0.050        14
    62.076     7.224     0.050        14
    62.531     7.308     0.050        14
    62.989     7.376     0.050        14
    63.440     7.440     0.050        14
    63.887     7.536     0.050        14
    64.334     7.600     0.050        14
    64.794     7.668     0.050        14
    65.250     7.765     0.050        14
    65.707     7.836     0.050        14
    66.167     7.893     0.050        14
    66.620     7.965     0.050        14
    67.077     8.041     0.050        14
    67.532     8.111     0.050        14
    67.995     8.179     0.050        14
    68.460     8.243     0.050        14
    68.920     8.324     0.050        14
    69.393     8.428     0.050        14
    69.859     8.487     0.050        14
    70.321     8.587     0.050        14
    70.798     8.655     0.050        14
    71.260     8.731     0.050        14
    71.731     8.827     0.050        14
    72.207     8.887     0.050        14
    72.673     8.952     0.050        14
    73.138     9.018     0.050        14
    73.614     9.122     0.050        14
    74.091     9.174     0.050        14
    74.543     9.242     0.050        14
    74.992     9.330     0.050        14
    75.441     9.398     0.050        14
    75.906     9.462     0.050        14
    76.372     9.554     0.050        14
    76.830     9.626     0.050        14
    77.295     9.710     0.050        14
    87.595    11.420     0.050        14
    89.013    11.646     0.050        14
    89.632    11.720     0.050        14
    90.409    11.826     0.050        14
    91.193    11.907     0.050        14
    59.331     9.307     0.050        24
    61.020     9.879     0.050        24
    63.143    10.482     0.050        24
    64.334    10.839     0.050        24
    66.314    11.353     0.050        24
    67.532    11.706     0.050        24
    68.769    12.079     0.050        24
    70.321    12.467     0.050        24
    71.572    12.856     0.050        24
    72.826    13.191     0.050        24
    73.929    13.566     0.050        24
    75.142    13.956     0.050        24
    76.372    14.369     0.050        24
    77.761    14.774     0.050        24
    79.009    15.112     0.050        24
    80.394    15.483     0.050        24
    81.628    15.836     0.050        24
    82.884    16.187     0.050        24
    83.984    16.516     0.050        24
    84.923    16.752     0.050        24
    85.864    17.006     0.050        24
    87.132    17.383     0.050        24
    88.386    17.723     0.050        24
    89.317    17.961     0.050        24
   116.086    26.246     0.050        28
   118.766    26.886     0.050        28
   120.696    27.316     0.050        28
   122.311    27.684     0.050        28
   123.421    27.937     0.050        28
   125.312    28.363     0.050        28
   127.805    28.930     0.050        28
   129.887    29.494     0.050        28
    48.860    -1.000     0.000         0
    44.449     3.267     0.050         1
    44.912     3.003     0.050         1
    45.391     2.745     0.050         1
    45.857     2.501     0.050         1
    46.333     2.267     0.050         1
    46.799     2.052     0.050         1
    47.278     1.856     0.050         1
    47.751     1.692     0.050         1
    48.217     1.598     0.050         1
    48.680     1.553     0.050         1
    46.484     2.372     0.050         2
    46.963     2.189     0.050         2
    47.429     2.025     0.050         2
    47.902     1.897     0.050         2
    48.371     1.821     0.050         2
    48.830     1.806     0.050         2
    47.429     2.177     0.050         3
    47.902     2.091     0.050         3
    48.371     2.034     0.050         3
    48.830     2.026     0.050         3
     3.720    10.211     0.050         5
     4.218    10.153     0.050         5
     4.705    10.093     0.050         5
     5.206    10.013     0.050         5
     5.706     9.958     0.050         5
     6.190     9.916     0.050         5
     6.664     9.842     0.050         5
     7.148     9.792     0.050         5
     7.629     9.710     0.050         5
     8.116     9.617     0.050         5
     8.603     9.526     0.050         5
     9.104     9.475     0.050         5
     9.591     9.398     0.050         5
    10.075     9.276     0.050         5
    10.548     9.265     0.050         5
    11.044     9.183     0.050         5
    11.545     9.091     0.050         5
    12.043     9.032     0.050         5
    12.544     8.968     0.050         5
    13.028     8.888     0.050         5
    13.506     8.804     0.050         5
    14.143     8.692     0.050         5
    14.620     8.629     0.050         5
    15.110     8.566     0.050         5
    15.600     8.479     0.050         5
    16.087     8.412     0.050         5
    16.574     8.329     0.050         5
    17.075     8.255     0.050         5
    17.559     8.180     0.050         5
    18.032     8.114     0.050         5
    18.503     8.039     0.050         5
    18.979     7.961     0.050         5
    19.442     7.894     0.050         5
    19.915     7.816     0.050         5
    20.378     7.721     0.050         5
    20.844     7.663     0.050         5
    21.320     7.584     0.050         5
    21.786     7.506     0.050         5
    22.251     7.434     0.050         5
    22.717     7.366     0.050         5
    23.194     7.285     0.050         5
    23.656     7.192     0.050         5
    24.130     7.135     0.050         5
    24.600     7.054     0.050         5
    25.073     6.993     0.050         5
    25.544     6.914     0.050         5
    26.017     6.846     0.050         5
    26.480     6.762     0.050         5
    26.956     6.683     0.050         5
    27.432     6.600     0.050         5
    27.906     6.537     0.050         5
    28.379     6.466     0.050         5
    28.859     6.387     0.050         5
    29.335     6.303     0.050         5
    29.822     6.227     0.050         5
    30.285     6.143     0.050         5
    30.761     6.067     0.050         5
    31.237     5.995     0.050         5
    31.714     5.919     0.050         5
    32.196     5.839     0.050         5
    32.683     5.751     0.050         5
    33.318     5.640     0.050         5
    33.808     5.533     0.050         5
    34.292     5.444     0.050         5
    34.782     5.359     0.050         5
    35.280     5.269     0.050         5
    35.767     5.169     0.050         5
    36.254     5.071     0.050         5
    36.745     4.973     0.050         5
    37.222     4.871     0.050         5
    37.706     4.763     0.050         5
    38.193     4.663     0.050         5
    38.680     4.570     0.050         5
    39.170     4.464     0.050         5
    39.657     4.340     0.050         5
    40.144     4.243     0.050         5
    40.631     4.146     0.050         5
    41.129     4.039     0.050         5
    41.599     3.942     0.050         5
    42.083     3.812     0.050         5
     6.986    10.140     0.050         7
     8.442     9.982     0.050         7
     9.591     9.823     0.050         7
    11.882     9.538     0.050         7
    14.143     9.253     0.050         7
    16.087     9.011     0.050         7
    12.379     9.573     0.050        14
    12.866     9.500     0.050        14
    13.347     9.424     0.050        14
    13.818     9.329     0.050        14
    14.305     9.258     0.050        14
    14.784     9.183     0.050        14
    15.271     9.101     0.050        14
    15.751     9.034     0.050        14
    16.248     8.960     0.050        14
    16.738     8.886     0.050        14
    17.236     8.809     0.050        14
    17.710     8.727     0.050        14
    18.183     8.658     0.050        14
    18.656     8.585     0.050        14
    19.130     8.517     0.050        14
    19.603     8.449     0.050        14
    20.066     8.380     0.050        14
    20.532     8.303     0.050        14
    21.008     8.243     0.050        14
    21.474     8.163     0.050        14
    21.947     8.083     0.050        14
    22.402     8.019     0.050        14
    22.878     7.939     0.050        14
    23.344     7.855     0.050        14
    23.821     7.759     0.050        14
    24.291     7.683     0.050        14
    24.761     7.611     0.050        14
    25.232     7.531     0.050        14
    25.705     7.471     0.050        14
    26.168     7.383     0.050        14
    26.641     7.309     0.050        14
    27.117     7.231     0.050        14
    27.594     7.158     0.050        14
    28.067     7.088     0.050        14
    28.544     7.019     0.050        14
    29.020     6.939     0.050        14
    29.496     6.861     0.050        14
    29.973     6.779     0.050        14
    30.446     6.710     0.050        14
    30.922     6.636     0.050        14
    31.388     6.554     0.050        14
    31.878     6.468     0.050        14
    32.358     6.378     0.050        14
    32.845     6.285     0.050        14
    33.318     6.194     0.050        14
    33.808     6.099     0.050        14
    34.292     6.011     0.050        14
    34.782     5.928     0.050        14
    35.280     5.836     0.050        14
    35.767     5.741     0.050        14
    36.254     5.645     0.050        14
    36.745     5.554     0.050        14
    37.222     5.463     0.050        14
    37.706     5.366     0.050        14
    38.193     5.265     0.050        14
    38.680     5.164     0.050        14
    39.170     5.050     0.050        14
    39.657     4.929     0.050        14
     4.705    16.333     0.050        24
     5.206    16.147     0.050        24
     5.706    16.101     0.050        24
     6.190    15.932     0.050        24
     6.664    15.812     0.050        24
     7.148    15.703     0.050        24
     7.629    15.533     0.050        24
     8.116    15.428     0.050        24
     8.603    15.322     0.050        24
     9.104    15.191     0.050        24
     9.591    15.079     0.050        24
    10.075    14.946     0.050        24
    10.548    14.834     0.050        24
    11.044    14.704     0.050        24
    11.545    14.589     0.050        24
    12.043    14.457     0.050        24
    12.544    14.281     0.050        24
    13.028    14.209     0.050        24
    13.506    14.077     0.050        24
    13.979    13.990     0.050        24
    14.459    13.814     0.050        24
    14.946    13.725     0.050        24
    15.436    13.596     0.050        24
    15.923    13.507     0.050        24
    16.413    13.347     0.050        24
    16.910    13.242     0.050        24
    17.398    13.118     0.050        24
    17.871    12.983     0.050        24
    18.341    12.840     0.050        24
    18.818    12.722     0.050        24
    19.291    12.595     0.050        24
    19.754    12.469     0.050        24
    20.217    12.328     0.050        24
    20.693    12.202     0.050        24
    21.159    12.088     0.050        24
    21.635    11.970     0.050        24
    22.101    11.828     0.050        24
    22.566    11.667     0.050        24
    23.032    11.525     0.050        24
    23.506    11.406     0.050        24
    23.982    11.241     0.050        24
    24.442    11.133     0.050        24
    24.923    10.988     0.050        24
    25.393    10.872     0.050        24
    25.856    10.772     0.050        24
    26.329    10.611     0.050        24
    26.795    10.487     0.050        24
    27.268    10.330     0.050        24
    27.745    10.210     0.050        24
    28.218    10.057     0.050        24
    28.694     9.933     0.050        24
    29.184     9.779     0.050        24
    29.661     9.647     0.050        24
    30.131     9.538     0.050        24
    30.610     9.371     0.050        24
    31.076     9.264     0.050        24
    31.552     9.052     0.050        24
    32.032     8.973     0.050        24
    32.522     8.848     0.050        24
    33.006     8.703     0.050        24
    33.482     8.551     0.050        24
    33.969     8.385     0.050        24
    34.456     8.258     0.050        24
    34.943     8.124     0.050        24
    35.444     7.990     0.050        24
    35.931     7.831     0.050        24
    36.415     7.679     0.050        24
    36.907     7.546     0.050        24
    37.383     7.386     0.050        24
    48.860     1.000     0.000         0
    49.321     1.620     0.050         1
    49.794     1.722     0.050         1
    50.260     1.877     0.050         1
    50.739     2.062     0.050         1
    51.206     2.284     0.050         1
    51.672     2.508     0.050         1
    52.145     2.754     0.050         1
    52.756     3.098     0.050         1
    53.218     3.358     0.050         1
    49.160     1.832     0.050         2
    49.633     1.913     0.050         2
    50.098     2.038     0.050         2
    50.574     2.200     0.050         2
    51.048     2.393     0.050         2
    49.000     2.050     0.050         3
    49.472     2.104     0.050         3
    49.945     2.198     0.050         3
    50.413     2.311     0.050         3
    55.035     4.007     0.050         5
    55.500     4.113     0.050         5
    55.955     4.222     0.050         5
    56.421     4.328     0.050         5
    56.881     4.433     0.050         5
    57.343     4.547     0.050         5
    57.806     4.640     0.050         5
    58.258     4.733     0.050         5
    58.718     4.812     0.050         5
    59.178     4.912     0.050         5
    59.643     4.999     0.050         5
    60.106     5.085     0.050         5
    60.566     5.174     0.050         5
    61.020     5.267     0.050         5
    61.468     5.343     0.050         5
    61.923     5.443     0.050         5
    62.381     5.540     0.050         5
    62.839     5.636     0.050         5
    63.286     5.723     0.050         5
    63.733     5.803     0.050         5
    64.181     5.883     0.050         5
    64.636     5.976     0.050         5
    65.089     6.049     0.050         5
    65.546     6.126     0.050         5
    66.008     6.228     0.050         5
    66.473     6.287     0.050         5
    66.929     6.382     0.050         5
    67.381     6.467     0.050         5
    67.844     6.535     0.050         5
    68.310     6.619     0.050         5
    68.769     6.698     0.050         5
    69.232     6.776     0.050         5
    69.697     6.859     0.050         5
    70.483     7.005     0.050         5
    70.948     7.075     0.050         5
    71.572     7.189     0.050         5
    72.043     7.265     0.050         5
    72.511     7.345     0.050         5
    72.988     7.421     0.050         5
    73.450     7.474     0.050         5
    74.091     7.587     0.050         5
    74.543     7.663     0.050         5
    74.992     7.735     0.050         5
    75.441     7.795     0.050         5
    75.906     7.864     0.050         5
    76.372     7.949     0.050         5
    76.830     8.017     0.050         5
    77.295     8.097     0.050         5
    77.761     8.168     0.050         5
    78.224     8.222     0.050         5
    78.697     8.308     0.050         5
    79.318     8.384     0.050         5
    79.770     8.427     0.050         5
    80.232     8.507     0.050         5
    80.703     8.571     0.050         5
    81.165     8.654     0.050         5
    81.628     8.726     0.050         5
    82.260     8.832     0.050         5
    82.722     8.900     0.050         5
    83.196     8.982     0.050         5
    83.984     9.100     0.050         5
    84.449     9.174     0.050         5
    85.073     9.263     0.050         5
    85.550     9.336     0.050         5
    86.026     9.405     0.050         5
    86.491     9.488     0.050         5
    86.968     9.543     0.050         5
    87.444     9.624     0.050         5
    87.920     9.697     0.050         5
    88.698     9.819     0.050         5
    89.163     9.896     0.050         5
    89.632     9.968     0.050         5
    90.259    10.061     0.050         5
    90.724    10.137     0.050         5
   107.922    14.162     0.050        12
   111.977    14.682     0.050        12
   114.795    15.098     0.050        12
   116.876    15.358     0.050        12
   119.406    15.704     0.050        12
   122.146    16.068     0.050        12
   124.368    16.358     0.050        12
   126.872    16.634     0.050        12
   129.086    16.928     0.050        12
   131.491    17.235     0.050        12
   133.587    17.498     0.050        12
   136.157    17.901     0.050        12
   138.215    18.201     0.050        12
   140.775    18.566     0.050        12
    55.186     4.560     0.050        14
    55.651     4.678     0.050        14
    56.106     4.794     0.050        14
    56.572     4.887     0.050        14
    57.031     4.982     0.050        14
    57.494     5.103     0.050        14
    57.957     5.201     0.050        14
    58.409     5.286     0.050        14
    58.868     5.379     0.050        14
    59.331     5.482     0.050        14
    60.106     5.626     0.050        14
    61.020     5.820     0.050        14
    61.923     5.980     0.050        14
    62.839     6.148     0.050        14
    63.733     6.310     0.050        14
    64.181     6.406     0.050        14
    64.636     6.482     0.050        14
    65.089     6.569     0.050        14
    65.546     6.630     0.050        14
    66.008     6.715     0.050        14
    66.473     6.805     0.050        14
    67.532     6.985     0.050        14
    68.310     7.121     0.050        14
    69.232     7.273     0.050        14
    70.321     7.457     0.050        14
    71.422     7.649     0.050        14
    72.358     7.809     0.050        14
    73.614     8.021     0.050        14
    74.543     8.169     0.050        14
    75.753     8.369     0.050        14
    77.295     8.602     0.050        14
    78.697     8.815     0.050        14
    79.157     8.877     0.050        14
    79.931     8.999     0.050        14
    80.394     9.058     0.050        14
    80.853     9.125     0.050        14
    81.316     9.197     0.050        14
    81.789     9.265     0.050        14
    82.410     9.369     0.050        14
    83.354     9.530     0.050        14
    83.820     9.596     0.050        14
    84.285     9.681     0.050        14
    84.761     9.749     0.050        14
    85.238     9.842     0.050        14
    85.714     9.907     0.050        14
    86.176     9.965     0.050        14
    86.656    10.052     0.050        14
    87.132    10.116     0.050        14
    87.595    10.179     0.050        14
    88.071    10.253     0.050        14
    88.536    10.330     0.050        14
    89.013    10.387     0.050        14
    89.478    10.466     0.050        14
    89.944    10.538     0.050        14
    90.409    10.591     0.050        14
    54.860    -1.000     0.000         0
    51.206     2.926     0.050         1
    51.672     2.680     0.050         1
    52.145     2.433     0.050         1
    52.604     2.202     0.050         1
    53.067     2.036     0.050         1
    53.518     1.935     0.050         1
    53.973     1.834     0.050         1
    54.428     1.790     0.050         1
    54.823     1.739     0.050         1
    51.984     2.853     0.050         2
    52.443     2.698     0.050         2
    52.906     2.601     0.050         2
    53.368     2.501     0.050         2
    53.819     2.392     0.050         2
    54.274     2.349     0.050         2
    54.731     2.333     0.050         2
     3.558    11.249     0.050         5
     4.056    11.184     0.050         5
     4.543    11.112     0.050         5
     5.041    11.054     0.050         5
     5.541    10.976     0.050         5
     6.029    10.906     0.050         5
     6.505    10.841     0.050         5
     6.986    10.773     0.050         5
     7.467    10.704     0.050         5
     7.951    10.627     0.050         5
     8.441    10.552     0.050         5
     8.939    10.474     0.050         5
     9.429    10.404     0.050         5
     9.913    10.323     0.050         5
    10.387    10.233     0.050         5
    10.880    10.176     0.050         5
    11.380    10.095     0.050         5
    11.881    10.018     0.050         5
    12.379     9.945     0.050         5
    12.866     9.871     0.050         5
    13.347     9.793     0.050         5
    13.817     9.716     0.050         5
    14.304     9.637     0.050         5
    14.784     9.577     0.050         5
    15.271     9.500     0.050         5
    15.750     9.429     0.050         5
    16.248     9.343     0.050         5
    16.738     9.274     0.050         5
    17.236     9.191     0.050         5
    17.709     9.120     0.050         5
    18.183     9.063     0.050         5
    18.656     8.987     0.050         5
    19.129     8.916     0.050         5
    19.603     8.837     0.050         5
    20.065     8.774     0.050         5
    20.531     8.697     0.050         5
    21.008     8.628     0.050         5
    21.473     8.546     0.050         5
    21.947     8.481     0.050         5
    22.402     8.415     0.050         5
    22.878     8.332     0.050         5
    23.344     8.254     0.050         5
    23.820     8.176     0.050         5
    24.291     8.099     0.050         5
    24.761     8.024     0.050         5
    25.231     7.949     0.050         5
    25.705     7.874     0.050         5
    26.167     7.804     0.050         5
    26.641     7.734     0.050         5
    27.117     7.672     0.050         5
    27.593     7.589     0.050         5
    28.067     7.509     0.050         5
    28.543     7.439     0.050         5
    29.020     7.365     0.050         5
    29.496     7.285     0.050         5
    29.972     7.213     0.050         5
    30.446     7.140     0.050         5
    30.922     7.062     0.050         5
    31.388     6.982     0.050         5
    31.878     6.904     0.050         5
    32.357     6.807     0.050         5
    32.844     6.717     0.050         5
    33.318     6.626     0.050         5
    33.808     6.542     0.050         5
    34.292     6.472     0.050         5
    34.782     6.397     0.050         5
    35.279     6.311     0.050         5
    35.766     6.222     0.050         5
    36.253     6.126     0.050         5
    36.745     6.044     0.050         5
    37.221     5.963     0.050         5
    37.705     5.884     0.050         5
    38.192     5.800     0.050         5
    38.679     5.715     0.050         5
    39.169     5.614     0.050         5
    39.656     5.508     0.050         5
    40.144     5.403     0.050         5
    40.631     5.307     0.050         5
    41.128     5.211     0.050         5
    41.599     5.135     0.050         5
    42.082     5.055     0.050         5
    42.570     4.968     0.050         5
    43.029     4.882     0.050         5
    43.499     4.805     0.050         5
    43.973     4.716     0.050         5
    44.449     4.622     0.050         5
    44.912     4.529     0.050         5
    45.391     4.430     0.050         5
    45.857     4.315     0.050         5
    46.333     4.204     0.050         5
    46.799     4.109     0.050         5
    47.278     4.013     0.050         5
    47.752     3.926     0.050         5
    48.217     3.863     0.050         5
    18.032     9.414     0.050         7
    18.502     9.346     0.050         7
    18.979     9.271     0.050         7
    19.441     9.187     0.050         7
    19.915     9.123     0.050         7
    20.377     9.058     0.050         7
    20.843     8.972     0.050         7
    21.320     8.907     0.050         7
    21.785     8.835     0.050         7
    22.402     8.747     0.050         7
    22.878     8.677     0.050         7
    23.344     8.618     0.050         7
    23.820     8.557     0.050         7
    24.291     8.478     0.050         7
    24.761     8.430     0.050         7
    25.231     8.372     0.050         7
    25.705     8.299     0.050         7
    26.167     8.229     0.050         7
    26.641     8.170     0.050         7
    27.117     8.108     0.050         7
     8.778    11.353     0.050        14
     9.268    11.280     0.050        14
     9.752    11.215     0.050        14
    10.236    11.146     0.050        14
    10.715    11.081     0.050        14
    11.208    10.996     0.050        14
    11.706    10.916     0.050        14
    12.207    10.831     0.050        14
    12.705    10.749     0.050        14
    13.186    10.665     0.050        14
    13.656    10.597     0.050        14
    14.143    10.536     0.050        14
    14.619    10.464     0.050        14
    15.109    10.427     0.050        14
    15.600    10.331     0.050        14
    16.087    10.254     0.050        14
    16.574    10.182     0.050        14
    17.074    10.114     0.050        14
    17.558    10.035     0.050        14
    18.032     9.964     0.050        14
    18.502     9.901     0.050        14
    18.979     9.810     0.050        14
    19.441     9.747     0.050        14
    19.915     9.668     0.050        14
    20.377     9.617     0.050        14
    20.843     9.529     0.050        14
    21.320     9.454     0.050        14
    21.785     9.388     0.050        14
    22.251     9.321     0.050        14
    22.717     9.262     0.050        14
    23.193     9.192     0.050        14
    23.656     9.109     0.050        14
    24.129     9.040     0.050        14
    24.600     8.970     0.050        14
    25.073     8.903     0.050        14
    25.543     8.825     0.050        14
    26.017     8.758     0.050        14
    26.479     8.684     0.050        14
    26.956     8.587     0.050        14
    27.432     8.516     0.050        14
    27.905     8.438     0.050        14
    28.379     8.363     0.050        14
    28.858     8.289     0.050        14
    29.335     8.220     0.050        14
    29.822     8.147     0.050        14
    30.284     8.077     0.050        14
    30.761     8.004     0.050        14
    31.237     7.926     0.050        14
    31.713     7.854     0.050        14
    32.196     7.773     0.050        14
    32.683     7.691     0.050        14
    33.156     7.605     0.050        14
    33.643     7.524     0.050        14
    34.130     7.445     0.050        14
    34.617     7.366     0.050        14
    35.107     7.278     0.050        14
    35.605     7.194     0.050        14
    36.092     7.098     0.050        14
    36.584     7.000     0.050        14
    37.057     6.907     0.050        14
    37.544     6.818     0.050        14
    38.031     6.726     0.050        14
    38.518     6.645     0.050        14
    39.005     6.552     0.050        14
    39.492     6.455     0.050        14
    39.982     6.358     0.050        14
    40.469     6.257     0.050        14
    40.967     6.171     0.050        14
    41.448     6.091     0.050        14
    41.921     6.002     0.050        14
    42.419     5.917     0.050        14
    42.881     5.813     0.050        14
    43.338     5.733     0.050        14
    43.811     5.649     0.050        14
    44.288     5.544     0.050        14
    44.761     5.450     0.050        14
    45.227     5.351     0.050        14
    45.706     5.264     0.050        14
    46.172     5.154     0.050        14
    33.643     9.419     0.050        23
    34.292     9.169     0.050        23
    35.107     8.903     0.050        23
    35.605     8.757     0.050        23
    36.092     8.576     0.050        23
    36.584     8.453     0.050        23
    37.057     8.286     0.050        23
    37.544     8.179     0.050        23
    38.031     8.036     0.050        23
    38.518     7.886     0.050        23
    39.005     7.711     0.050        23
    39.492     7.573     0.050        23
    39.982     7.394     0.050        23
    40.469     7.267     0.050        23
    40.967     7.112     0.050        23
    41.448     6.930     0.050        23
    41.921     6.818     0.050        23
    42.419     6.652     0.050        23
    42.881     6.535     0.050        23
    43.338     6.368     0.050        23
    43.811     6.218     0.050        23
    44.288     6.092     0.050        23
    44.761     5.935     0.050        23
    45.227     5.758     0.050        23
    14.458    15.769     0.050        24
    14.945    15.638     0.050        24
    15.600    15.435     0.050        24
    16.087    15.309     0.050        24
    16.574    15.235     0.050        24
    17.074    15.053     0.050        24
    17.558    14.959     0.050        24
    18.032    14.806     0.050        24
    18.502    14.750     0.050        24
    18.979    14.594     0.050        24
    19.441    14.471     0.050        24
    19.915    14.352     0.050        24
    20.377    14.201     0.050        24
    20.843    14.103     0.050        24
    21.320    13.938     0.050        24
    21.785    13.850     0.050        24
    22.251    13.670     0.050        24
    22.717    13.586     0.050        24
    23.193    13.458     0.050        24
    23.656    13.296     0.050        24
    24.129    13.202     0.050        24
    24.600    13.026     0.050        24
    25.073    12.938     0.050        24
    25.543    12.830     0.050        24
    26.017    12.674     0.050        24
    26.479    12.551     0.050        24
    26.956    12.430     0.050        24
    27.432    12.305     0.050        24
    27.905    12.159     0.050        24
    28.379    12.008     0.050        24
    28.858    11.909     0.050        24
    29.335    11.811     0.050        24
    29.822    11.617     0.050        24
    30.284    11.532     0.050        24
    30.761    11.298     0.050        24
    31.237    11.219     0.050        24
    31.713    11.108     0.050        24
    32.196    10.903     0.050        24
    32.683    10.787     0.050        24
    33.156    10.668     0.050        24
    33.643    10.515     0.050        24
    34.130    10.363     0.050        24
    34.617    10.252     0.050        24
    35.107    10.058     0.050        24
    35.605     9.914     0.050        24
    36.092     9.788     0.050        24
    36.584     9.631     0.050        24
    37.057     9.475     0.050        24
    37.544     9.323     0.050        24
    38.031     9.154     0.050        24
    38.518     9.005     0.050        24
    39.005     8.875     0.050        24
    39.492     8.710     0.050        24
    39.982     8.573     0.050        24
    40.469     8.429     0.050        24
    40.967     8.257     0.050        24
    54.860     1.000     0.000         0
    55.037     1.747     0.050         1
    55.500     1.835     0.050         1
    55.955     1.924     0.050         1
    56.421     2.081     0.050         1
    56.880     2.265     0.050         1
    57.343     2.465     0.050         1
    57.806     2.685     0.050         1
    58.258     2.926     0.050         1
    55.339     2.382     0.050         2
    55.804     2.433     0.050         2
    56.259     2.534     0.050         2
    56.722     2.670     0.050         2
    57.182     2.726     0.050         2
    59.944     3.689     0.050         5
    60.407     3.833     0.050         5
    60.866     3.996     0.050         5
    61.314     4.144     0.050         5
    61.771     4.298     0.050         5
    62.226     4.449     0.050         5
    62.684     4.581     0.050         5
    63.142     4.691     0.050         5
    63.590     4.792     0.050         5
    64.040     4.890     0.050         5
    64.485     4.991     0.050         5
    64.941     5.079     0.050         5
    65.398     5.163     0.050         5
    65.857     5.245     0.050         5
    66.314     5.359     0.050         5
    66.781     5.423     0.050         5
    67.227     5.512     0.050         5
    67.693     5.593     0.050         5
    68.148     5.675     0.050         5
    68.618     5.766     0.050         5
    69.081     5.849     0.050         5
    69.543     5.938     0.050         5
    70.006     6.028     0.050         5
    70.482     6.123     0.050         5
    70.948     6.215     0.050         5
    71.421     6.295     0.050         5
    71.892     6.375     0.050         5
    72.357     6.451     0.050         5
    72.826     6.519     0.050         5
    73.299     6.590     0.050         5
    73.768     6.675     0.050         5
    74.241     6.758     0.050         5
    74.693     6.834     0.050         5
    75.142     6.916     0.050         5
    75.602     6.980     0.050         5
    76.057     7.059     0.050         5
    76.525     7.116     0.050         5
    76.991     7.192     0.050         5
    77.456     7.253     0.050         5
    77.911     7.342     0.050         5
    78.374     7.410     0.050         5
    78.847     7.470     0.050         5
    79.317     7.533     0.050         5
    79.769     7.621     0.050         5
    80.232     7.693     0.050         5
    80.702     7.765     0.050         5
    81.165     7.838     0.050         5
    81.628     7.910     0.050         5
    82.101     7.982     0.050         5
    82.561     8.066     0.050         5
    83.044     8.128     0.050         5
    83.507     8.206     0.050         5
    83.983     8.280     0.050         5
    84.449     8.372     0.050         5
    84.922     8.423     0.050         5
    85.398     8.512     0.050         5
    85.864     8.582     0.050         5
    86.340     8.672     0.050         5
    86.806     8.737     0.050         5
    87.282     8.814     0.050         5
    87.755     8.905     0.050         5
    88.232     8.979     0.050         5
    88.697     9.047     0.050         5
    89.163     9.107     0.050         5
    89.631     9.174     0.050         5
    90.097     9.242     0.050         5
    90.563     9.293     0.050         5
    91.028     9.353     0.050         5
    91.507     9.408     0.050         5
    91.973     9.439     0.050         5
    92.449     9.514     0.050         5
    92.915     9.541     0.050         5
    93.399     9.581     0.050         5
    93.875     9.643     0.050         5
    94.351     9.726     0.050         5
    94.825     9.754     0.050         5
    95.301     9.815     0.050         5
    95.777     9.837     0.050         5
    96.250     9.892     0.050         5
    96.727     9.932     0.050         5
    97.203    10.003     0.050         5
    97.676    10.048     0.050         5
    98.146    10.091     0.050         5
    98.606    10.117     0.050         5
    99.840    10.250     0.050         5
   100.927    10.357     0.050         5
   102.147    10.492     0.050         5
   103.522    10.654     0.050         5
   104.946    10.851     0.050         5
   106.518    11.072     0.050         5
   107.922    11.288     0.050         5
   109.314    11.510     0.050         5
   110.579    11.708     0.050         5
    70.948     6.628     0.050         7
    72.207     6.793     0.050         7
    73.768     7.011     0.050         7
    75.293     7.221     0.050         7
    76.829     7.423     0.050         7
   107.295    12.794     0.050         8
   109.479    13.084     0.050         8
   112.440    13.465     0.050         8
   114.956    13.802     0.050         8
   116.875    14.077     0.050         8
   118.929    14.338     0.050         8
   120.696    14.556     0.050         8
   122.146    14.726     0.050         8
   124.045    14.951     0.050         8
   125.635    15.141     0.050         8
   127.804    15.389     0.050         8
   130.377    15.718     0.050         8
   131.970    15.920     0.050         8
   134.077    16.219     0.050         8
   135.841    16.470     0.050         8
   138.215    16.837     0.050         8
   140.291    17.139     0.050         8
   124.521    15.945     0.050        12
   129.085    16.491     0.050        12
   133.587    17.123     0.050        12
   137.423    17.714     0.050        12
    66.472     6.298     0.050        14
    66.929     6.387     0.050        14
    67.381     6.483     0.050        14
    67.844     6.556     0.050        14
    68.309     6.632     0.050        14
    68.769     6.715     0.050        14
    69.231     6.797     0.050        14
    69.697     6.884     0.050        14
    70.170     6.973     0.050        14
    70.636     7.057     0.050        14
    71.109     7.143     0.050        14
    71.572     7.229     0.050        14
    72.042     7.305     0.050        14
    72.511     7.377     0.050        14
    72.987     7.457     0.050        14
    73.450     7.535     0.050        14
    73.929     7.619     0.050        14
    74.392     7.697     0.050        14
    74.844     7.780     0.050        14
    75.293     7.850     0.050        14
    75.752     7.926     0.050        14
    76.221     7.996     0.050        14
    76.676     8.076     0.050        14
    77.141     8.157     0.050        14
    77.607     8.218     0.050        14
    78.073     8.296     0.050        14
    78.535     8.370     0.050        14
    79.008     8.434     0.050        14
    79.468     8.510     0.050        14
    79.931     8.570     0.050        14
    80.393     8.640     0.050        14
    80.853     8.713     0.050        14
    81.316     8.783     0.050        14
    81.789     8.858     0.050        14
    82.259     8.943     0.050        14
    82.722     9.031     0.050        14
    83.195     9.075     0.050        14
    83.668     9.179     0.050        14
    84.134     9.257     0.050        14
    84.610     9.322     0.050        14
    85.073     9.386     0.050        14
    85.549     9.478     0.050        14
    86.025     9.552     0.050        14
    86.491     9.630     0.050        14
    86.967     9.706     0.050        14
    87.443     9.796     0.050        14
    87.920     9.870     0.050        14
    88.385     9.935     0.050        14
    88.851    10.004     0.050        14
    89.316    10.069     0.050        14
    89.793    10.130     0.050        14
    90.258    10.186     0.050        14
    90.724    10.237     0.050        14
    91.193    10.286     0.050        14
    91.658    10.336     0.050        14
    92.134    10.382     0.050        14
    92.603    10.419     0.050        14
    93.076    10.472     0.050        14
    93.549    10.545     0.050        14
    94.036    10.600     0.050        14
    94.513    10.629     0.050        14
    94.978    10.682     0.050        14
    95.451    10.770     0.050        14
    95.938    10.816     0.050        14
    96.415    10.868     0.050        14
    96.880    10.933     0.050        14
    97.353    10.966     0.050        14
    97.827    11.023     0.050        14
    98.297    11.071     0.050        14
    98.767    11.079     0.050        14
    99.227    11.128     0.050        14
    99.689    11.178     0.050        14
   100.152    11.245     0.050        14
   100.615    11.314     0.050        14
   101.080    11.339     0.050        14
   101.535    11.399     0.050        14
   101.993    11.446     0.050        14
   102.461    11.493     0.050        14
   102.916    11.557     0.050        14
   103.371    11.608     0.050        14
   103.837    11.667     0.050        14
   104.313    11.736     0.050        14
   104.792    11.794     0.050        14
   105.258    11.884     0.050        14
   105.726    11.964     0.050        14
   106.203    11.999     0.050        14
   106.679    12.025     0.050        14
   107.145    12.118     0.050        14
   107.607    12.176     0.050        14
   108.083    12.235     0.050        14
   108.543    12.295     0.050        14
   109.005    12.354     0.050        14
   109.479    12.413     0.050        14
   109.952    12.507     0.050        14
   110.417    12.593     0.050        14
   110.880    12.665     0.050        14
   111.353    12.724     0.050        14
   111.816    12.770     0.050        14
   112.289    12.860     0.050        14
   112.749    12.943     0.050        14
   113.200    13.001     0.050        14
   113.671    13.082     0.050        14
   114.147    13.152     0.050        14
   114.634    13.224     0.050        14
   115.118    13.304     0.050        14
   115.602    13.355     0.050        14
    74.991    10.793     0.050        24
    78.223    11.626     0.050        24
    80.541    12.269     0.050        24
    82.101    12.694     0.050        24
    84.449    13.350     0.050        24
    86.025    13.792     0.050        24
    88.070    14.350     0.050        24
    91.973    15.320     0.050        24
    93.399    15.709     0.050        24
    95.140    16.112     0.050        24
   116.085    21.633     0.050        24
   116.556    21.740     0.050        24
   117.026    21.896     0.050        24
   117.496    22.023     0.050        24
   117.969    22.162     0.050        24
   118.443    22.281     0.050        24
   118.929    22.402     0.050        24
   119.406    22.534     0.050        24
   119.890    22.683     0.050        24
   120.373    22.795     0.050        24
   120.857    22.912     0.050        24
   121.344    23.037     0.050        24
    60.860    -1.000     0.000         0
    57.345     2.761     0.050         1
    57.807     2.513     0.050         1
    58.259     2.301     0.050         1
    58.719     2.102     0.050         1
    59.178     1.954     0.050         1
    59.644     1.840     0.050         1
    60.106     1.755     0.050         1
    60.561     1.702     0.050         1
    58.719     2.652     0.050         2
    59.178     2.519     0.050         2
    59.644     2.429     0.050         2
    60.106     2.360     0.050         2
    60.561     2.323     0.050         2
     8.116    11.642     0.050         5
     8.603    11.566     0.050         5
     9.104    11.514     0.050         5
     9.591    11.428     0.050         5
    10.075    11.370     0.050         5
    10.549    11.295     0.050         5
    11.045    11.240     0.050         5
    11.545    11.173     0.050         5
    12.043    11.105     0.050         5
    12.544    11.004     0.050         5
    13.028    10.935     0.050         5
    13.506    10.852     0.050         5
    13.979    10.767     0.050         5
    14.459    10.688     0.050         5
    14.946    10.621     0.050         5
    15.436    10.560     0.050         5
    15.923    10.491     0.050         5
    16.413    10.415     0.050         5
    16.911    10.346     0.050         5
    17.398    10.269     0.050         5
    17.871    10.192     0.050         5
    18.342    10.126     0.050         5
    18.818    10.039     0.050         5
    19.291     9.969     0.050         5
    19.754     9.886     0.050         5
    20.217     9.813     0.050         5
    20.693     9.743     0.050         5
    21.159     9.684     0.050         5
    21.635     9.599     0.050         5
    22.101     9.543     0.050         5
    22.567     9.462     0.050         5
    23.032     9.373     0.050         5
    23.506     9.290     0.050         5
    23.982     9.215     0.050         5
    24.442     9.148     0.050         5
    24.923     9.076     0.050         5
    25.393     8.999     0.050         5
    25.856     8.930     0.050         5
    26.329     8.855     0.050         5
    26.795     8.775     0.050         5
    27.268     8.700     0.050         5
    27.745     8.629     0.050         5
    28.218     8.558     0.050         5
    28.695     8.483     0.050         5
    29.185     8.408     0.050         5
    29.661     8.334     0.050         5
    30.131     8.271     0.050         5
    30.611     8.208     0.050         5
    31.076     8.129     0.050         5
    31.553     8.046     0.050         5
    32.032     7.968     0.050         5
    32.522     7.881     0.050         5
    33.006     7.795     0.050         5
    33.483     7.690     0.050         5
    33.970     7.609     0.050         5
    34.457     7.535     0.050         5
    34.944     7.465     0.050         5
    35.444     7.387     0.050         5
    35.931     7.310     0.050         5
    36.415     7.236     0.050         5
    36.907     7.157     0.050         5
    37.383     7.088     0.050         5
    37.871     7.002     0.050         5
    38.358     6.914     0.050         5
    38.845     6.823     0.050         5
    39.332     6.720     0.050         5
    39.819     6.631     0.050         5
    40.306     6.552     0.050         5
    40.793     6.467     0.050         5
    41.287     6.377     0.050         5
    41.761     6.291     0.050         5
    42.245     6.208     0.050         5
    42.732     6.121     0.050         5
    43.191     6.035     0.050         5
    43.651     5.944     0.050         5
    44.127     5.854     0.050         5
    44.601     5.781     0.050         5
    45.066     5.694     0.050         5
    45.543     5.609     0.050         5
    46.019     5.522     0.050         5
    46.485     5.416     0.050         5
    46.964     5.330     0.050         5
    47.430     5.233     0.050         5
    47.903     5.175     0.050         5
    48.372     5.144     0.050         5
    48.848     5.090     0.050         5
    49.321     5.056     0.050         5
    49.795     5.014     0.050         5
    50.260     4.974     0.050         5
    50.740     4.946     0.050         5
    51.207     4.895     0.050         5
    51.673     4.841     0.050         5
     4.379    12.278     0.050         7
     4.880    12.205     0.050         7
     5.370    12.132     0.050         7
     5.868    12.068     0.050         7
     6.341    12.019     0.050         7
     6.825    11.950     0.050         7
     7.309    11.887     0.050         7
     7.791    11.808     0.050         7
     8.278    11.750     0.050         7
     8.778    11.669     0.050         7
     9.268    11.612     0.050         7
     9.753    11.565     0.050         7
    10.237    11.490     0.050         7
    10.716    11.417     0.050         7
    11.209    11.353     0.050         7
    11.707    11.299     0.050         7
    12.208    11.243     0.050         7
    12.705    11.171     0.050         7
    13.186    11.125     0.050         7
    13.657    11.068     0.050         7
    14.144    10.997     0.050         7
    14.620    10.950     0.050         7
    15.110    10.877     0.050         7
    15.600    10.808     0.050         7
    16.087    10.744     0.050         7
    16.574    10.667     0.050         7
    17.075    10.624     0.050         7
    17.559    10.548     0.050         7
    52.907     4.560     0.050         9
    53.370     4.433     0.050         9
    53.822     4.306     0.050         9
    54.277     4.136     0.050         9
    54.735     3.998     0.050         9
    55.187     3.845     0.050         9
    55.652     3.667     0.050         9
    10.549    12.116     0.050        14
    11.045    12.011     0.050        14
    11.545    11.950     0.050        14
    12.043    11.877     0.050        14
    12.544    11.791     0.050        14
    13.028    11.733     0.050        14
    13.506    11.636     0.050        14
    13.979    11.572     0.050        14
    14.459    11.473     0.050        14
    14.946    11.415     0.050        14
    15.436    11.344     0.050        14
    15.923    11.273     0.050        14
    16.413    11.209     0.050        14
    16.911    11.129     0.050        14
    17.398    11.054     0.050        14
    17.871    10.982     0.050        14
    18.342    10.910     0.050        14
    18.818    10.840     0.050        14
    19.291    10.779     0.050        14
    19.754    10.713     0.050        14
    20.217    10.647     0.050        14
    20.693    10.578     0.050        14
    21.159    10.512     0.050        14
    21.635    10.444     0.050        14
    22.101    10.369     0.050        14
    22.567    10.290     0.050        14
    23.032    10.224     0.050        14
    23.506    10.145     0.050        14
    23.982    10.067     0.050        14
    24.442     9.988     0.050        14
    24.923     9.918     0.050        14
    25.393     9.848     0.050        14
    25.856     9.773     0.050        14
    26.329     9.705     0.050        14
    26.795     9.621     0.050        14
    27.268     9.537     0.050        14
    27.745     9.457     0.050        14
    28.218     9.383     0.050        14
    28.695     9.311     0.050        14
    29.185     9.232     0.050        14
    29.661     9.164     0.050        14
    30.131     9.092     0.050        14
    30.611     9.020     0.050        14
    31.076     8.956     0.050        14
    31.553     8.885     0.050        14
    32.032     8.807     0.050        14
    32.522     8.719     0.050        14
    33.006     8.635     0.050        14
    33.483     8.563     0.050        14
    33.970     8.479     0.050        14
    34.457     8.395     0.050        14
    34.944     8.323     0.050        14
    35.444     8.235     0.050        14
    35.931     8.159     0.050        14
    36.415     8.079     0.050        14
    36.907     7.999     0.050        14
    37.383     7.923     0.050        14
    37.871     7.835     0.050        14
    38.358     7.761     0.050        14
    38.845     7.669     0.050        14
    39.332     7.573     0.050        14
    39.819     7.473     0.050        14
    40.306     7.386     0.050        14
    40.793     7.306     0.050        14
    41.287     7.218     0.050        14
    41.761     7.135     0.050        14
    42.245     7.061     0.050        14
    42.732     6.974     0.050        14
    43.191     6.887     0.050        14
    43.651     6.805     0.050        14
    44.127     6.722     0.050        14
    44.601     6.641     0.050        14
    45.066     6.566     0.050        14
    45.543     6.479     0.050        14
    46.019     6.395     0.050        14
    46.485     6.300     0.050        14
    46.964     6.202     0.050        14
    47.430     6.148     0.050        14
    47.903     6.093     0.050        14
    48.372     6.039     0.050        14
    48.848     5.984     0.050        14
    49.321     5.934     0.050        14
    49.795     5.880     0.050        14
    50.260     5.849     0.050        14
    50.740     5.831     0.050        14
     7.952    19.204     0.050        24
     8.442    19.090     0.050        24
     8.940    18.938     0.050        24
     9.430    18.819     0.050        24
     9.914    18.701     0.050        24
    10.387    18.569     0.050        24
    10.880    18.456     0.050        24
    11.381    18.321     0.050        24
    11.882    18.203     0.050        24
    12.380    18.084     0.050        24
    12.867    17.974     0.050        24
    13.348    17.857     0.050        24
    13.818    17.735     0.050        24
    14.305    17.625     0.050        24
    14.785    17.485     0.050        24
    15.272    17.368     0.050        24
    15.751    17.231     0.050        24
    16.249    17.097     0.050        24
    16.739    16.965     0.050        24
    17.237    16.823     0.050        24
    17.710    16.714     0.050        24
    18.183    16.590     0.050        24
    18.657    16.474     0.050        24
    19.130    16.334     0.050        24
    19.603    16.212     0.050        24
    20.066    16.112     0.050        24
    20.532    15.983     0.050        24
    21.008    15.829     0.050        24
    21.474    15.703     0.050        24
    21.947    15.601     0.050        24
    22.402    15.467     0.050        24
    22.879    15.325     0.050        24
    23.344    15.199     0.050        24
    23.821    15.068     0.050        24
    24.291    14.933     0.050        24
    24.762    14.810     0.050        24
    25.232    14.684     0.050        24
    25.705    14.567     0.050        24
    26.168    14.431     0.050        24
    26.641    14.324     0.050        24
    27.118    14.197     0.050        24
    27.594    14.055     0.050        24
    28.068    13.916     0.050        24
    28.544    13.811     0.050        24
    29.020    13.694     0.050        24
    29.497    13.569     0.050        24
    29.973    13.470     0.050        24
    30.446    13.323     0.050        24
    30.923    13.208     0.050        24
    31.388    13.100     0.050        24
    31.879    12.966     0.050        24
    32.358    12.853     0.050        24
    32.845    12.740     0.050        24
    33.318    12.579     0.050        24
    33.808    12.462     0.050        24
    34.292    12.313     0.050        24
    34.782    12.173     0.050        24
    35.280    12.044     0.050        24
    35.767    11.874     0.050        24
    36.254    11.761     0.050        24
    36.746    11.642     0.050        24
    37.222    11.501     0.050        24
    37.706    11.359     0.050        24
    38.193    11.239     0.050        24
    38.680    11.057     0.050        24
    39.170    10.889     0.050        24
    39.657    10.738     0.050        24
    40.144    10.615     0.050        24
    40.631    10.468     0.050        24
    41.129    10.328     0.050        24
    41.599    10.184     0.050        24
    42.083    10.048     0.050        24
    42.570     9.912     0.050        24
    43.030     9.816     0.050        24
    43.500     9.674     0.050        24
    43.974     9.538     0.050        24
    44.450     9.430     0.050        24
    44.913     9.269     0.050        24
    45.392     9.156     0.050        24
    45.858     9.026     0.050        24
    46.334     8.892     0.050        24
    60.860     1.000     0.000         0
    61.027     1.684     0.050         1
    61.468     1.768     0.050         1
    61.923     1.875     0.050         1
    62.381     2.017     0.050         1
    62.839     2.193     0.050         1
    63.287     2.386     0.050         1
    63.734     2.605     0.050         1
    64.182     2.829     0.050         1
    61.027     2.328     0.050         2
    61.468     2.380     0.050         2
    61.923     2.453     0.050         2
    62.381     2.537     0.050         2
    62.839     2.656     0.050         2
    63.287     2.769     0.050         2
    71.573     5.515     0.050         5
    72.043     5.613     0.050         5
    72.512     5.689     0.050         5
    72.988     5.769     0.050         5
    73.451     5.855     0.050         5
    73.930     5.957     0.050         5
    74.392     6.048     0.050         5
    74.844     6.133     0.050         5
    75.293     6.217     0.050         5
    75.753     6.298     0.050         5
    76.222     6.370     0.050         5
    76.676     6.443     0.050         5
    77.142     6.518     0.050         5
    77.608     6.598     0.050         5
    78.073     6.680     0.050         5
    78.536     6.745     0.050         5
    79.009     6.801     0.050         5
    79.469     6.865     0.050         5
    79.931     6.940     0.050         5
    80.394     7.001     0.050         5
    80.854     7.081     0.050         5
    81.316     7.165     0.050         5
    81.790     7.245     0.050         5
    82.260     7.318     0.050         5
    82.723     7.396     0.050         5
    83.196     7.485     0.050         5
    83.669     7.553     0.050         5
    84.135     7.637     0.050         5
    84.611     7.713     0.050         5
    85.074     7.797     0.050         5
    85.550     7.868     0.050         5
    86.026     7.942     0.050         5
    86.492     8.021     0.050         5
    86.968     8.113     0.050         5
    87.444     8.185     0.050         5
    87.921     8.281     0.050         5
    88.386     8.337     0.050         5
    88.852     8.413     0.050         5
    89.317     8.490     0.050         5
    89.794     8.554     0.050         5
    90.259     8.619     0.050         5
    90.725     8.686     0.050         5
    91.193     8.742     0.050         5
    91.659     8.797     0.050         5
    92.135     8.850     0.050         5
    92.604     8.905     0.050         5
    93.077     8.945     0.050         5
    93.550     9.013     0.050         5
    94.037     9.068     0.050         5
    94.513     9.095     0.050         5
    94.979     9.183     0.050         5
    95.452     9.243     0.050         5
    95.939     9.287     0.050         5
    96.415     9.331     0.050         5
    96.881     9.372     0.050         5
    97.354     9.419     0.050         5
    97.827     9.451     0.050         5
    98.298     9.459     0.050         5
    98.768     9.527     0.050         5
    99.228     9.586     0.050         5
    99.690     9.596     0.050         5
   100.153     9.665     0.050         5
   100.615     9.702     0.050         5
   101.081     9.739     0.050         5
   101.536     9.781     0.050         5
   101.994     9.813     0.050         5
   102.462     9.908     0.050         5
   102.917     9.938     0.050         5
   103.372    10.031     0.050         5
   103.838    10.075     0.050         5
   104.314    10.144     0.050         5
   104.793    10.205     0.050         5
   105.259    10.286     0.050         5
   105.727    10.339     0.050         5
   106.203    10.411     0.050         5
   106.680    10.476     0.050         5
   107.145    10.543     0.050         5
   107.608    10.626     0.050         5
   108.084    10.659     0.050         5
   108.544    10.754     0.050         5
   109.006    10.830     0.050         5
   109.479    10.898     0.050         5
   109.953    10.978     0.050         5
   110.418    11.056     0.050         5
   110.881    11.114     0.050         5
   111.354    11.176     0.050         5
   111.817    11.229     0.050         5
   112.290    11.282     0.050         5
   112.749    11.354     0.050         5
   113.201    11.448     0.050         5
   113.671    11.504     0.050         5
   114.148    11.619     0.050         5
   114.635    11.690     0.050         5
   115.118    11.786     0.050         5
   115.602    11.861     0.050         5
   116.086    11.935     0.050         5
   116.556    12.009     0.050         5
   117.027    12.097     0.050         5
   117.497    12.165     0.050         5
   117.970    12.245     0.050         5
   118.443    12.332     0.050         5
   118.930    12.417     0.050         5
   119.406    12.502     0.050         5
   119.890    12.554     0.050         5
   120.374    12.601     0.050         5
   120.858    12.686     0.050         5
   121.345    12.775     0.050         5
   121.832    12.833     0.050         5
   122.311    12.923     0.050         5
   122.798    13.008     0.050         5
   123.271    13.095     0.050         5
   123.734    13.171     0.050         5
   124.207    13.255     0.050         5
   124.686    13.330     0.050         5
   125.635    13.460     0.050         5
   126.722    13.620     0.050         5
   128.281    13.841     0.050         5
   129.412    13.987     0.050         5
   130.528    14.136     0.050         5
   131.970    14.358     0.050         5
   132.783    14.487     0.050         5
   134.077    14.689     0.050         5
   135.530    14.929     0.050         5
   136.948    15.167     0.050         5
   138.215    15.383     0.050         5
   224.808    28.679     0.050         5
   229.746    29.640     0.050         5
   235.099    30.507     0.050         5
   113.997    13.034     0.050         8
   116.556    13.388     0.050         8
   118.293    13.593     0.050         8
   121.184    13.991     0.050         8
   123.734    14.386     0.050         8
   125.947    14.655     0.050         8
   128.281    14.935     0.050         8
   130.528    15.212     0.050         8
   132.457    15.483     0.050         8
   133.752    15.674     0.050         8
   136.472    16.060     0.050         8
   139.329    16.478     0.050         8
   141.739    16.816     0.050         8
   143.826    17.098     0.050         8
   145.595    17.316     0.050         8
   249.236    33.015     0.050         8
   255.660    33.463     0.050         8
   263.272    34.086     0.050         8
   268.802    34.543     0.050         8
   275.412    35.019     0.050         8
   279.773    35.281     0.050         8
   290.527    36.343     0.050         8
   299.575    37.781     0.050         8
    65.708     3.686     0.050         9
    66.167     3.842     0.050         9
    66.621     3.976     0.050         9
    67.077     4.112     0.050         9
    67.532     4.242     0.050         9
    67.995     4.382     0.050         9
    68.460     4.527     0.050         9
    68.920     4.680     0.050         9
    69.393     4.836     0.050         9
    69.859     4.977     0.050         9
    70.322     5.156     0.050         9
    80.542     8.088     0.050        14
    81.015     8.172     0.050        14
    81.478     8.253     0.050        14
    82.260     8.388     0.050        14
    82.723     8.452     0.050        14
    83.196     8.532     0.050        14
    83.669     8.620     0.050        14
    84.135     8.692     0.050        14
    84.611     8.772     0.050        14
    85.074     8.848     0.050        14
    85.550     8.920     0.050        14
    86.026     8.992     0.050        14
    86.492     9.056     0.050        14
    86.968     9.168     0.050        14
    87.444     9.244     0.050        14
    87.921     9.315     0.050        14
    88.386     9.371     0.050        14
    88.852     9.462     0.050        14
    89.317     9.534     0.050        14
    89.794     9.603     0.050        14
    90.259     9.661     0.050        14
    90.725     9.722     0.050        14
    91.193     9.771     0.050        14
    91.659     9.824     0.050        14
    92.135     9.865     0.050        14
    92.604     9.922     0.050        14
    93.077     9.959     0.050        14
    93.550    10.043     0.050        14
    94.037    10.087     0.050        14
    94.513    10.111     0.050        14
    94.979    10.221     0.050        14
    95.452    10.241     0.050        14
    95.939    10.276     0.050        14
    96.415    10.334     0.050        14
    96.881    10.355     0.050        14
    97.354    10.426     0.050        14
    97.827    10.444     0.050        14
    98.298    10.475     0.050        14
    98.768    10.477     0.050        14
    99.228    10.509     0.050        14
    99.690    10.629     0.050        14
   100.153    10.588     0.050        14
   100.615    10.654     0.050        14
   101.081    10.698     0.050        14
   101.536    10.760     0.050        14
   101.994    10.822     0.050        14
   102.462    10.851     0.050        14
   102.917    10.945     0.050        14
   103.372    10.979     0.050        14
   103.988    11.085     0.050        14
   104.467    11.167     0.050        14
   104.947    11.195     0.050        14
   105.423    11.279     0.050        14
   105.892    11.372     0.050        14
   106.368    11.407     0.050        14
   106.830    11.487     0.050        14
   107.296    11.548     0.050        14
   107.769    11.647     0.050        14
   108.235    11.719     0.050        14
   108.694    11.812     0.050        14
   109.167    11.893     0.050        14
   109.641    11.956     0.050        14
   110.103    12.031     0.050        14
   110.579    12.096     0.050        14
   111.042    12.150     0.050        14
   111.505    12.203     0.050        14
   111.978    12.267     0.050        14
   112.440    12.336     0.050        14
   112.900    12.414     0.050        14
   113.352    12.472     0.050        14
   113.833    12.552     0.050        14
   114.309    12.665     0.050        14
   114.796    12.759     0.050        14
   115.280    12.832     0.050        14
   115.764    12.920     0.050        14
   116.244    12.992     0.050        14
   116.715    13.080     0.050        14
   117.188    13.153     0.050        14
   117.658    13.217     0.050        14
   118.131    13.302     0.050        14
   118.605    13.386     0.050        14
   119.081    13.464     0.050        14
   119.568    13.532     0.050        14
   120.052    13.615     0.050        14
   120.535    13.681     0.050        14
   121.022    13.755     0.050        14
   121.509    13.819     0.050        14
   121.985    13.879     0.050        14
   122.472    13.972     0.050        14
   122.959    14.063     0.050        14
   123.422    14.156     0.050        14
   123.895    14.244     0.050        14
   124.368    14.314     0.050        14
   124.837    14.408     0.050        14
   125.313    14.445     0.050        14
   125.786    14.506     0.050        14
   126.249    14.574     0.050        14
   126.722    14.638     0.050        14
   127.181    14.703     0.050        14
   127.655    14.775     0.050        14
   128.120    14.837     0.050        14
   128.607    14.882     0.050        14
   129.086    14.955     0.050        14
   129.576    15.019     0.050        14
   130.052    15.080     0.050        14
   130.528    15.136     0.050        14
   131.018    15.215     0.050        14
   131.491    15.308     0.050        14
   131.970    15.376     0.050        14
   132.457    15.455     0.050        14
   132.947    15.523     0.050        14
   133.426    15.615     0.050        14
   134.239    15.747     0.050        14
   135.043    15.883     0.050        14
   135.842    16.007     0.050        14
    92.765    14.353     0.050        24
    94.979    14.853     0.050        24
    96.881    15.305     0.050        24
   107.296    18.094     0.050        24
   108.084    18.271     0.050        24
   108.694    18.445     0.050        24
   109.479    18.627     0.050        24
   109.953    18.744     0.050        24
   110.579    18.898     0.050        24
   111.354    19.092     0.050        24
   112.290    19.339     0.050        24
   113.352    19.609     0.050        24
   119.729    21.258     0.050        24
   120.374    21.449     0.050        24
   121.184    21.700     0.050        24
   121.671    21.834     0.050        24
   122.634    22.069     0.050        24
   123.583    22.291     0.050        24
   124.207    22.423     0.050        24
   125.474    22.705     0.050        24
   126.249    22.889     0.050        24
   127.031    23.081     0.050        24
   127.969    23.316     0.050        24
   131.330    24.096     0.050        24
   132.296    24.309     0.050        24
   132.947    24.467     0.050        24
   133.588    24.637     0.050        24
   134.077    24.762     0.050        24
   134.725    24.936     0.050        24
   135.530    25.141     0.050        24
   140.776    26.669     0.050        24
   141.577    26.849     0.050        24
   142.540    27.075     0.050        24
   143.503    27.301     0.050        24
   143.987    27.427     0.050        24
   125.162    15.503     0.050        28
   125.635    15.560     0.050        28
   126.098    15.604     0.050        28
   126.560    15.658     0.050        28
   127.031    15.721     0.050        28
   127.493    15.780     0.050        28
   127.969    15.835     0.050        28
   128.446    15.897     0.050        28
   128.922    15.956     0.050        28
   129.412    16.011     0.050        28
   129.888    16.068     0.050        28
   130.378    16.136     0.050        28
   130.854    16.195     0.050        28
   131.330    16.273     0.050        28
   131.806    16.367     0.050        28
   132.296    16.396     0.050        28
   132.783    16.445     0.050        28
   133.262    16.519     0.050        28
   133.752    16.593     0.050        28
   134.400    16.680     0.050        28
   134.890    16.750     0.050        28
    72.860    -1.000     0.000         0
    68.461     3.372     0.050         1
    68.921     3.113     0.050         1
    69.394     2.847     0.050         1
    69.860     2.610     0.050         1
    70.323     2.404     0.050         1
    70.799     2.231     0.050         1
    71.261     2.093     0.050         1
    71.731     1.984     0.050         1
    72.207     1.909     0.050         1
    72.672     1.891     0.050         1
    70.484     2.782     0.050         2
    70.949     2.650     0.050         2
    71.423     2.542     0.050         2
    71.892     2.460     0.050         2
    72.358     2.416     0.050         2
    72.823     2.398     0.050         2
     9.914    13.235     0.050         5
    10.387    13.163     0.050         5
    10.880    13.106     0.050         5
    11.381    13.026     0.050         5
    11.882    12.957     0.050         5
    12.380    12.878     0.050         5
    12.867    12.813     0.050         5
    13.348    12.733     0.050         5
    13.818    12.649     0.050         5
    14.305    12.570     0.050         5
    14.784    12.528     0.050         5
    15.272    12.440     0.050         5
    15.751    12.377     0.050         5
    16.249    12.309     0.050         5
    16.739    12.232     0.050         5
    17.236    12.154     0.050         5
    17.710    12.082     0.050         5
    18.183    12.002     0.050         5
    18.657    11.926     0.050         5
    19.130    11.862     0.050         5
    19.603    11.805     0.050         5
    20.066    11.711     0.050         5
    20.532    11.651     0.050         5
    21.008    11.571     0.050         5
    21.474    11.495     0.050         5
    21.947    11.442     0.050         5
    22.402    11.368     0.050         5
    22.879    11.288     0.050         5
    23.344    11.208     0.050         5
    23.821    11.132     0.050         5
    24.291    11.048     0.050         5
    24.762    10.972     0.050         5
    25.232    10.888     0.050         5
    25.705    10.816     0.050         5
    26.168    10.751     0.050         5
    26.641    10.690     0.050         5
    27.118    10.633     0.050         5
    27.594    10.553     0.050         5
    28.068    10.465     0.050         5
    28.544    10.395     0.050         5
    29.020    10.311     0.050         5
    29.497    10.242     0.050         5
    29.973    10.164     0.050         5
    30.446    10.098     0.050         5
    30.923    10.027     0.050         5
    31.388     9.956     0.050         5
    31.878     9.874     0.050         5
    32.358     9.788     0.050         5
    32.845     9.706     0.050         5
    33.318     9.634     0.050         5
    33.808     9.569     0.050         5
    34.292     9.479     0.050         5
    34.782     9.413     0.050         5
    35.280     9.327     0.050         5
    35.767     9.243     0.050         5
    36.254     9.163     0.050         5
    36.746     9.083     0.050         5
    37.222     9.003     0.050         5
    37.706     8.918     0.050         5
    38.193     8.835     0.050         5
    38.680     8.753     0.050         5
    39.170     8.667     0.050         5
    39.657     8.587     0.050         5
    40.144     8.507     0.050         5
    40.631     8.430     0.050         5
    41.129     8.353     0.050         5
    41.599     8.280     0.050         5
    42.083     8.199     0.050         5
    42.570     8.122     0.050         5
    43.030     8.045     0.050         5
    43.500     7.958     0.050         5
    43.974     7.879     0.050         5
    44.450     7.800     0.050         5
    44.913     7.746     0.050         5
    45.392     7.665     0.050         5
    45.858     7.601     0.050         5
    46.334     7.511     0.050         5
    46.800     7.428     0.050         5
    47.279     7.358     0.050         5
    47.752     7.298     0.050         5
    48.218     7.219     0.050         5
    48.684     7.180     0.050         5
    49.160     7.147     0.050         5
    49.633     7.106     0.050         5
    50.260     7.044     0.050         5
    50.740     7.058     0.050         5
    51.207     7.024     0.050         5
    51.673     6.963     0.050         5
    52.146     6.919     0.050         5
    52.606     6.847     0.050         5
    53.068     6.782     0.050         5
    53.520     6.743     0.050         5
    53.975     6.694     0.050         5
    54.430     6.659     0.050         5
    54.885     6.595     0.050         5
    55.340     6.532     0.050         5
    55.806     6.468     0.050         5
    56.261     6.392     0.050         5
    56.724     6.310     0.050         5
    57.183     6.230     0.050         5
    57.657     6.137     0.050         5
    58.109     6.069     0.050         5
    58.568     6.006     0.050         5
    59.017     5.959     0.050         5
    59.483     5.887     0.050         5
    59.945     5.811     0.050         5
    60.408     5.755     0.050         5
    60.868     5.651     0.050         5
     9.430    13.359     0.050         7
     9.914    13.314     0.050         7
    10.387    13.252     0.050         7
    10.880    13.192     0.050         7
    11.381    13.119     0.050         7
    11.882    13.079     0.050         7
    12.380    13.009     0.050         7
    12.867    12.935     0.050         7
    13.348    12.887     0.050         7
    13.818    12.818     0.050         7
    14.305    12.754     0.050         7
    14.784    12.695     0.050         7
    15.272    12.616     0.050         7
    15.751    12.534     0.050         7
    16.249    12.496     0.050         7
    16.739    12.409     0.050         7
    17.236    12.338     0.050         7
    17.710    12.295     0.050         7
    18.183    12.238     0.050         7
    18.657    12.168     0.050         7
    19.130    12.092     0.050         7
    19.603    12.013     0.050         7
    20.066    11.943     0.050         7
    20.532    11.880     0.050         7
    21.008    11.817     0.050         7
    21.474    11.789     0.050         7
    21.947    11.718     0.050         7
    22.402    11.682     0.050         7
    23.032    11.563     0.050         7
    62.990     5.200     0.050         9
    63.440     5.038     0.050         9
    63.888     4.904     0.050         9
    64.335     4.775     0.050         9
    64.794     4.628     0.050         9
    65.251     4.498     0.050         9
    65.708     4.373     0.050         9
    66.168     4.239     0.050         9
    66.622     4.126     0.050         9
    67.078     3.992     0.050         9
    67.533     3.879     0.050         9
    63.287     4.971     0.050        10
    63.734     4.845     0.050        10
    64.181     4.726     0.050        10
    64.636     4.607     0.050        10
    65.090     4.502     0.050        10
    65.547     4.401     0.050        10
    66.009     4.291     0.050        10
    66.474     4.183     0.050        10
     3.394    15.228     0.050        14
     3.882    15.156     0.050        14
     4.379    15.052     0.050        14
     4.880    14.996     0.050        14
     5.370    14.933     0.050        14
     5.868    14.874     0.050        14
     6.341    14.810     0.050        14
     6.825    14.779     0.050        14
     7.309    14.708     0.050        14
     7.791    14.653     0.050        14
     8.278    14.581     0.050        14
     8.778    14.505     0.050        14
     9.268    14.458     0.050        14
     9.752    14.387     0.050        14
    10.237    14.323     0.050        14
    10.716    14.265     0.050        14
    11.209    14.168     0.050        14
    11.707    14.097     0.050        14
    12.207    14.029     0.050        14
    12.705    13.964     0.050        14
    13.186    13.897     0.050        14
    13.657    13.825     0.050        14
    14.144    13.738     0.050        14
    14.620    13.678     0.050        14
    15.110    13.611     0.050        14
    15.600    13.532     0.050        14
    16.087    13.468     0.050        14
    16.574    13.390     0.050        14
    17.075    13.311     0.050        14
    17.559    13.227     0.050        14
    18.033    13.156     0.050        14
    18.503    13.086     0.050        14
    18.979    13.020     0.050        14
    19.442    12.946     0.050        14
    19.915    12.880     0.050        14
    20.378    12.817     0.050        14
    20.844    12.739     0.050        14
    21.320    12.672     0.050        14
    21.786    12.609     0.050        14
    22.252    12.538     0.050        14
    22.717    12.476     0.050        14
    23.194    12.399     0.050        14
    23.656    12.315     0.050        14
    24.130    12.235     0.050        14
    24.600    12.155     0.050        14
    25.074    12.084     0.050        14
    25.544    12.012     0.050        14
    26.017    11.947     0.050        14
    26.480    11.875     0.050        14
    26.956    11.797     0.050        14
    27.433    11.721     0.050        14
    27.906    11.645     0.050        14
    28.380    11.582     0.050        14
    28.859    11.506     0.050        14
    29.335    11.430     0.050        14
    29.822    11.346     0.050        14
    30.285    11.266     0.050        14
    30.761    11.204     0.050        14
    31.238    11.147     0.050        14
    31.714    11.081     0.050        14
    32.196    11.012     0.050        14
    32.684    10.927     0.050        14
    33.157    10.842     0.050        14
    33.644    10.762     0.050        14
    34.131    10.674     0.050        14
    34.618    10.598     0.050        14
    35.108    10.518     0.050        14
    35.606    10.444     0.050        14
    36.093    10.361     0.050        14
    36.584    10.250     0.050        14
    37.058    10.155     0.050        14
    37.545    10.084     0.050        14
    38.032    10.008     0.050        14
    38.519     9.939     0.050        14
    39.006     9.870     0.050        14
    39.493     9.789     0.050        14
    39.983     9.697     0.050        14
    40.470     9.617     0.050        14
    40.968     9.538     0.050        14
    41.449     9.467     0.050        14
    41.922     9.392     0.050        14
    42.420     9.320     0.050        14
    42.882     9.233     0.050        14
    43.339     9.161     0.050        14
    43.812     9.093     0.050        14
    44.289     9.013     0.050        14
    44.762     8.934     0.050        14
    45.228     8.874     0.050        14
    45.707     8.800     0.050        14
    46.173     8.735     0.050        14
    46.649     8.654     0.050        14
    47.115     8.617     0.050        14
    47.591     8.512     0.050        14
    48.054     8.506     0.050        14
    48.533     8.464     0.050        14
    48.999     8.321     0.050        14
    49.472     8.311     0.050        14
    49.945     8.269     0.050        14
    50.414     8.229     0.050        14
    50.887     8.153     0.050        14
    51.358     8.109     0.050        14
    51.834     8.081     0.050        14
    52.294     8.024     0.050        14
    52.756     7.955     0.050        14
    53.219     7.899     0.050        14
    53.671     7.842     0.050        14
    54.126     7.786     0.050        14
    54.581     7.750     0.050        14
    55.036     7.684     0.050        14
    55.502     7.628     0.050        14
    55.957     7.559     0.050        14
    56.422     7.487     0.050        14
    56.882     7.407     0.050        14
    57.345     7.346     0.050        14
    57.807     7.282     0.050        14
    58.259     7.210     0.050        14
    58.719     7.154     0.050        14
    59.178     7.070     0.050        14
    59.644     6.982     0.050        14
     6.987    22.771     0.050        24
     7.468    22.646     0.050        24
     8.116    22.482     0.050        24
     8.603    22.369     0.050        24
     9.104    22.274     0.050        24
     9.752    22.094     0.050        24
    10.237    21.988     0.050        24
    10.716    21.865     0.050        24
    11.209    21.733     0.050        24
    11.707    21.596     0.050        24
    12.207    21.472     0.050        24
    12.867    21.321     0.050        24
    13.348    21.192     0.050        24
    13.818    21.095     0.050        24
    14.305    20.970     0.050        24
    14.784    20.842     0.050        24
    15.272    20.690     0.050        24
    15.751    20.570     0.050        24
    16.249    20.452     0.050        24
    16.739    20.383     0.050        24
    17.236    20.230     0.050        24
    17.710    20.088     0.050        24
    18.183    19.980     0.050        24
    18.657    19.821     0.050        24
    19.130    19.683     0.050        24
    19.603    19.573     0.050        24
    20.066    19.469     0.050        24
    20.532    19.332     0.050        24
    21.008    19.218     0.050        24
    21.474    19.105     0.050        24
    21.947    18.975     0.050        24
    22.402    18.851     0.050        24
    22.879    18.720     0.050        24
    23.344    18.592     0.050        24
    23.821    18.461     0.050        24
    24.291    18.328     0.050        24
    24.762    18.214     0.050        24
    25.232    18.086     0.050        24
    25.705    17.981     0.050        24
    26.168    17.863     0.050        24
    26.641    17.726     0.050        24
    27.118    17.605     0.050        24
    27.594    17.437     0.050        24
    28.068    17.346     0.050        24
    28.544    17.214     0.050        24
    29.020    17.073     0.050        24
    29.497    16.942     0.050        24
    29.973    16.820     0.050        24
    30.446    16.737     0.050        24
    30.923    16.589     0.050        24
    31.388    16.468     0.050        24
    31.878    16.341     0.050        24
    32.358    16.176     0.050        24
    32.845    16.065     0.050        24
    33.318    15.939     0.050        24
    33.808    15.795     0.050        24
    34.292    15.676     0.050        24
    34.782    15.524     0.050        24
    35.444    15.326     0.050        24
    35.931    15.253     0.050        24
    36.415    15.055     0.050        24
    36.907    14.945     0.050        24
    37.383    14.808     0.050        24
    37.870    14.687     0.050        24
    38.357    14.545     0.050        24
    38.845    14.399     0.050        24
    39.332    14.249     0.050        24
    39.819    14.160     0.050        24
    40.306    14.027     0.050        24
    40.793    13.917     0.050        24
    41.287    13.787     0.050        24
    41.761    13.627     0.050        24
    42.245    13.501     0.050        24
    42.732    13.326     0.050        24
    43.191    13.204     0.050        24
    43.651    13.055     0.050        24
    44.127    12.896     0.050        24
    44.601    12.791     0.050        24
    45.066    12.640     0.050        24
    45.543    12.499     0.050        24
    46.019    12.388     0.050        24
    46.485    12.310     0.050        24
    46.964    12.126     0.050        24
    47.430    12.014     0.050        24
    47.903    11.909     0.050        24
    72.860     1.000     0.000         0
    73.139     1.874     0.050         1
    73.615     1.961     0.050         1
    74.091     2.090     0.050         1
    74.543     2.233     0.050         1
    74.992     2.411     0.050         1
    75.441     2.625     0.050         1
    75.907     2.794     0.050         1
    76.372     3.042     0.050         1
    73.139     2.413     0.050         2
    73.615     2.453     0.050         2
    74.091     2.538     0.050         2
    74.543     2.655     0.050         2
    74.992     2.780     0.050         2
    85.550     5.974     0.050         5
    86.026     6.068     0.050         5
    86.492     6.158     0.050         5
    86.968     6.253     0.050         5
    87.444     6.350     0.050         5
    87.920     6.438     0.050         5
    88.386     6.530     0.050         5
    88.852     6.615     0.050         5
    89.317     6.697     0.050         5
    89.793     6.779     0.050         5
    90.259     6.855     0.050         5
    90.725     6.931     0.050         5
    91.193     6.990     0.050         5
    91.659     7.044     0.050         5
    92.135     7.096     0.050         5
    92.604     7.152     0.050         5
    93.077     7.195     0.050         5
    93.550     7.246     0.050         5
    94.037     7.297     0.050         5
    94.513     7.361     0.050         5
    94.979     7.427     0.050         5
    95.452     7.496     0.050         5
    95.939     7.553     0.050         5
    96.415     7.603     0.050         5
    96.881     7.647     0.050         5
    97.354     7.708     0.050         5
    97.827     7.749     0.050         5
    98.298     7.782     0.050         5
    98.768     7.802     0.050         5
    99.228     7.832     0.050         5
    99.690     7.859     0.050         5
   100.153     7.911     0.050         5
   100.615     7.939     0.050         5
   101.081     7.964     0.050         5
   101.536     8.009     0.050         5
   101.994     8.041     0.050         5
   102.462     8.099     0.050         5
   102.917     8.146     0.050         5
   103.372     8.217     0.050         5
   103.838     8.265     0.050         5
   104.314     8.337     0.050         5
   104.793     8.406     0.050         5
   105.259     8.468     0.050         5
   105.727     8.544     0.050         5
   106.203     8.616     0.050         5
   106.680     8.696     0.050         5
   107.145     8.772     0.050         5
   107.608     8.852     0.050         5
   108.084     8.906     0.050         5
   108.544     8.996     0.050         5
   109.006     9.084     0.050         5
   109.479     9.160     0.050         5
   109.953     9.220     0.050         5
   110.418     9.291     0.050         5
   110.881     9.375     0.050         5
   111.354     9.437     0.050         5
   111.816     9.505     0.050         5
   112.290     9.557     0.050         5
   112.749     9.619     0.050         5
   113.201     9.705     0.050         5
   113.671     9.793     0.050         5
   114.148     9.882     0.050         5
   114.634     9.980     0.050         5
   115.118    10.060     0.050         5
   115.602    10.136     0.050         5
   116.086    10.216     0.050         5
   116.556    10.276     0.050         5
   117.027    10.347     0.050         5
   117.497    10.427     0.050         5
   117.970    10.507     0.050         5
   118.443    10.583     0.050         5
   118.930    10.668     0.050         5
   119.406    10.731     0.050         5
   119.890    10.815     0.050         5
   120.374    10.895     0.050         5
   120.858    10.975     0.050         5
   121.345    11.048     0.050         5
   121.832    11.128     0.050         5
   122.311    11.239     0.050         5
   122.798    11.318     0.050         5
   123.271    11.414     0.050         5
   123.734    11.488     0.050         5
   124.207    11.572     0.050         5
   124.686    11.652     0.050         5
   125.162    11.730     0.050         5
   125.635    11.780     0.050         5
   126.098    11.839     0.050         5
   126.560    11.879     0.050         5
   127.031    11.977     0.050         5
   127.493    12.029     0.050         5
   127.969    12.096     0.050         5
   128.446    12.162     0.050         5
   128.922    12.233     0.050         5
   129.412    12.302     0.050         5
   129.888    12.396     0.050         5
   130.378    12.460     0.050         5
   130.854    12.519     0.050         5
   131.330    12.583     0.050         5
   131.806    12.684     0.050         5
   132.296    12.742     0.050         5
   132.783    12.809     0.050         5
   133.262    12.889     0.050         5
   133.752    12.973     0.050         5
   134.239    13.037     0.050         5
   134.725    13.121     0.050         5
   135.205    13.176     0.050         5
   135.681    13.287     0.050         5
   136.157    13.372     0.050         5
   136.633    13.454     0.050         5
   137.099    13.540     0.050         5
   137.575    13.616     0.050         5
   138.051    13.708     0.050         5
   138.527    13.793     0.050         5
   139.003    13.879     0.050         5
   139.490    13.965     0.050         5
   139.966    14.022     0.050         5
   140.453    14.096     0.050         5
   140.929    14.165     0.050         5
   141.416    14.260     0.050         5
   141.900    14.307     0.050         5
   142.379    14.385     0.050         5
   142.866    14.446     0.050         5
   143.339    14.506     0.050         5
   143.826    14.586     0.050         5
   144.310    14.654     0.050         5
   144.786    14.711     0.050         5
   145.273    14.780     0.050         5
   145.757    14.820     0.050         5
   146.243    14.912     0.050         5
   146.717    15.002     0.050         5
   222.775    26.583     0.050         5
   226.124    27.495     0.050         5
   228.168    27.914     0.050         5
   230.856    28.396     0.050         5
   233.972    28.893     0.050         5
   236.383    29.203     0.050         5
   123.271    13.314     0.050         8
   124.998    13.463     0.050         8
   126.098    13.578     0.050         8
   127.343    13.721     0.050         8
   128.607    13.868     0.050         8
   130.052    14.044     0.050         8
   131.806    14.282     0.050         8
   133.587    14.508     0.050         8
   134.890    14.695     0.050         8
   136.787    15.005     0.050         8
   138.527    15.293     0.050         8
   139.966    15.513     0.050         8
   141.416    15.712     0.050         8
   142.540    15.802     0.050         8
   143.665    15.926     0.050         8
   145.434    16.108     0.050         8
   233.693    30.402     0.050         8
   236.100    30.565     0.050         8
   239.343    30.821     0.050         8
   242.274    30.951     0.050         8
   245.387    31.218     0.050         8
   247.835    31.432     0.050         8
   250.632    31.647     0.050         8
   253.174    31.869     0.050         8
   255.972    31.991     0.050         8
   257.842    32.068     0.050         8
   260.864    32.228     0.050         8
   263.745    32.451     0.050         8
   267.511    32.803     0.050         8
   270.238    33.021     0.050         8
   273.133    33.178     0.050         8
   274.748    33.259     0.050         8
   276.887    33.371     0.050         8
   279.125    33.561     0.050         8
   280.892    33.686     0.050         8
   282.812    33.813     0.050         8
   286.653    34.227     0.050         8
   290.688    34.706     0.050         8
   293.568    35.190     0.050         8
   297.890    35.888     0.050         8
   302.172    36.548     0.050         8
   305.160    36.978     0.050         8
   307.977    37.384     0.050         8
    78.375     4.057     0.050         9
    78.848     4.186     0.050         9
    79.318     4.321     0.050         9
    79.770     4.440     0.050         9
    80.233     4.553     0.050         9
    80.703     4.690     0.050         9
    81.166     4.806     0.050         9
    81.628     4.945     0.050         9
    82.102     5.067     0.050         9
    82.561     5.196     0.050         9
    90.563     7.896     0.050        14
    91.029     7.972     0.050        14
    91.508     8.047     0.050        14
    91.974     8.103     0.050        14
    92.450     8.159     0.050        14
    92.916     8.215     0.050        14
    93.400     8.283     0.050        14
    93.876     8.312     0.050        14
    94.352     8.386     0.050        14
    94.825     8.444     0.050        14
    95.302     8.462     0.050        14
    95.778     8.561     0.050        14
    96.251     8.596     0.050        14
    96.727     8.651     0.050        14
    97.204     8.671     0.050        14
    97.677     8.756     0.050        14
    98.147     8.788     0.050        14
    98.607     8.801     0.050        14
    99.069     8.918     0.050        14
    99.539     8.927     0.050        14
   100.002     8.978     0.050        14
   100.465     9.008     0.050        14
   100.927     9.081     0.050        14
   101.385     9.104     0.050        14
   101.843     9.239     0.050        14
   102.298     9.274     0.050        14
   102.763     9.311     0.050        14
   103.218     9.426     0.050        14
   103.684     9.433     0.050        14
   104.153     9.548     0.050        14
   104.629     9.609     0.050        14
   105.108     9.709     0.050        14
   105.574     9.777     0.050        14
   106.042     9.849     0.050        14
   106.518     9.915     0.050        14
   106.992     9.986     0.050        14
   107.457    10.044     0.050        14
   107.923    10.116     0.050        14
   108.396    10.182     0.050        14
   108.856    10.248     0.050        14
   109.315    10.303     0.050        14
   109.791    10.368     0.050        14
   110.265    10.452     0.050        14
   110.730    10.516     0.050        14
   111.193    10.559     0.050        14
   111.666    10.623     0.050        14
   112.128    10.702     0.050        14
   112.588    10.755     0.050        14
   113.051    10.835     0.050        14
   113.510    10.907     0.050        14
   113.997    10.985     0.050        14
   114.470    11.078     0.050        14
   114.957    11.171     0.050        14
   115.441    11.248     0.050        14
   115.925    11.336     0.050        14
   116.395    11.412     0.050        14
   116.876    11.512     0.050        14
   117.346    11.568     0.050        14
   117.809    11.645     0.050        14
   118.293    11.698     0.050        14
   118.766    11.771     0.050        14
   119.242    11.848     0.050        14
   119.729    11.909     0.050        14
   120.213    11.978     0.050        14
   120.697    12.048     0.050        14
   121.184    12.166     0.050        14
   121.670    12.259     0.050        14
   122.147    12.337     0.050        14
   122.634    12.424     0.050        14
   123.110    12.502     0.050        14
   123.583    12.588     0.050        14
   124.045    12.699     0.050        14
   124.522    12.792     0.050        14
   124.998    12.868     0.050        14
   125.474    12.924     0.050        14
   125.947    12.969     0.050        14
   126.410    13.043     0.050        14
   126.872    13.077     0.050        14
   127.343    13.167     0.050        14
   127.805    13.237     0.050        14
   128.281    13.301     0.050        14
   128.771    13.356     0.050        14
   129.250    13.428     0.050        14
   129.737    13.483     0.050        14
   130.213    13.547     0.050        14
   130.692    13.577     0.050        14
   131.169    13.704     0.050        14
   131.655    13.770     0.050        14
   132.132    13.846     0.050        14
   132.621    13.914     0.050        14
   133.101    13.949     0.050        14
   133.587    14.009     0.050        14
   134.077    14.173     0.050        14
   134.564    14.221     0.050        14
   135.043    14.300     0.050        14
   135.530    14.436     0.050        14
   135.996    14.486     0.050        14
   136.472    14.570     0.050        14
   136.948    14.602     0.050        14
   137.424    14.666     0.050        14
   137.900    14.818     0.050        14
   138.366    14.870     0.050        14
   138.853    14.946     0.050        14
   139.329    15.030     0.050        14
   139.805    15.122     0.050        14
   140.292    15.210     0.050        14
   110.881    15.662     0.050        24
   112.588    16.133     0.050        24
   114.309    16.618     0.050        24
   115.925    17.054     0.050        24
   117.658    17.531     0.050        24
   118.766    17.874     0.050        24
   120.213    18.313     0.050        24
   121.184    18.568     0.050        24
   121.832    18.799     0.050        24
   123.110    19.143     0.050        24
   124.837    19.598     0.050        24
   125.947    19.897     0.050        24
   126.872    20.112     0.050        24
   127.969    20.389     0.050        24
   129.086    20.661     0.050        24
   130.692    21.092     0.050        24
   132.621    21.573     0.050        24
   136.157    22.538     0.050        24
   138.366    23.083     0.050        24
   140.453    23.609     0.050        24
   143.178    24.295     0.050        24
    78.859    -1.000     0.000         0
    75.143     3.004     0.050         1
    75.602     2.756     0.050         1
    76.057     2.546     0.050         1
    76.526     2.340     0.050         1
    76.992     2.196     0.050         1
    77.457     2.062     0.050         1
    77.912     1.972     0.050         1
    78.375     1.909     0.050         1
    78.847     1.874     0.050         1
    75.907     3.012     0.050         2
    76.372     2.868     0.050         2
    76.830     2.746     0.050         2
    77.296     2.639     0.050         2
    77.761     2.544     0.050         2
    78.224     2.491     0.050         2
    78.697     2.470     0.050         2
    75.293     3.553     0.050         3
    75.753     3.429     0.050         3
    76.222     3.356     0.050         3
    76.677     3.272     0.050         3
    77.142     3.191     0.050         3
    77.608     3.134     0.050         3
    78.073     3.102     0.050         3
    78.536     3.076     0.050         3
     4.217    14.862     0.050         5
     4.704    14.742     0.050         5
     5.205    14.729     0.050         5
     5.706    14.628     0.050         5
     6.190    14.613     0.050         5
     6.663    14.569     0.050         5
     7.147    14.500     0.050         5
     7.628    14.430     0.050         5
     8.115    14.302     0.050         5
     8.603    14.266     0.050         5
     9.103    14.171     0.050         5
     9.590    14.129     0.050         5
    10.074    14.034     0.050         5
    10.548    13.964     0.050         5
    11.044    13.895     0.050         5
    11.545    13.827     0.050         5
    12.042    13.690     0.050         5
    12.704    13.582     0.050         5
    13.347    13.482     0.050         5
    13.979    13.458     0.050         5
    15.922    13.085     0.050         5
    16.738    13.059     0.050         5
    17.236    12.923     0.050         5
    17.870    12.844     0.050         5
    18.341    12.815     0.050         5
    18.979    12.667     0.050         5
    19.441    12.591     0.050         5
    19.915    12.527     0.050         5
    20.377    12.460     0.050         5
    21.158    12.343     0.050         5
    21.635    12.292     0.050         5
    22.100    12.200     0.050         5
    22.878    12.099     0.050         5
    23.344    12.018     0.050         5
    23.820    11.925     0.050         5
    24.290    11.868     0.050         5
    24.761    11.795     0.050         5
    25.231    11.711     0.050         5
    25.705    11.651     0.050         5
    26.167    11.595     0.050         5
    26.641    11.490     0.050         5
    27.268    11.394     0.050         5
    27.744    11.352     0.050         5
    28.217    11.273     0.050         5
    28.694    11.187     0.050         5
    29.184    11.088     0.050         5
    29.660    10.993     0.050         5
    30.131    10.902     0.050         5
    30.761    10.826     0.050         5
    31.237    10.764     0.050         5
    31.713    10.702     0.050         5
    32.521    10.573     0.050         5
    33.317    10.427     0.050         5
    34.130    10.312     0.050         5
    34.943    10.172     0.050         5
    35.444    10.080     0.050         5
    35.931     9.958     0.050         5
    36.415     9.941     0.050         5
    36.906     9.861     0.050         5
    37.544     9.782     0.050         5
    38.192     9.673     0.050         5
    38.679     9.587     0.050         5
    39.331     9.460     0.050         5
    39.982     9.333     0.050         5
    40.469     9.266     0.050         5
    40.967     9.174     0.050         5
    41.448     9.091     0.050         5
    42.083     8.992     0.050         5
    42.570     8.916     0.050         5
    43.029     8.842     0.050         5
    43.500     8.781     0.050         5
    43.973     8.687     0.050         5
    44.449     8.631     0.050         5
    44.912     8.554     0.050         5
    45.391     8.499     0.050         5
    45.857     8.408     0.050         5
    46.333     8.337     0.050         5
    46.799     8.238     0.050         5
    47.590     8.160     0.050         5
    48.053     8.107     0.050         5
    48.532     8.040     0.050         5
    49.159     7.969     0.050         5
    49.633     7.932     0.050         5
    50.098     7.915     0.050         5
    50.575     7.897     0.050         5
    51.048     7.863     0.050         5
    51.518     7.828     0.050         5
    51.984     7.773     0.050         5
    52.444     7.745     0.050         5
    52.906     7.678     0.050         5
    53.369     7.610     0.050         5
    53.821     7.523     0.050         5
    54.276     7.509     0.050         5
    54.734     7.448     0.050         5
    55.340     7.334     0.050         5
    55.805     7.293     0.050         5
    56.260     7.214     0.050         5
    56.723     7.203     0.050         5
    57.183     7.140     0.050         5
    57.656     7.072     0.050         5
    58.108     7.000     0.050         5
    58.567     6.932     0.050         5
    59.016     6.867     0.050         5
    59.482     6.802     0.050         5
    59.945     6.734     0.050         5
    60.407     6.664     0.050         5
    60.867     6.605     0.050         5
    61.314     6.529     0.050         5
    61.772     6.472     0.050         5
    62.227     6.403     0.050         5
    62.685     6.338     0.050         5
    63.143     6.260     0.050         5
    63.590     6.202     0.050         5
    64.040     6.147     0.050         5
    64.485     6.075     0.050         5
    64.941     6.007     0.050         5
    65.398     5.945     0.050         5
    65.858     5.865     0.050         5
    66.315     5.789     0.050         5
    66.782     5.692     0.050         5
    67.228     5.600     0.050         5
    67.694     5.511     0.050         5
    68.149     5.430     0.050         5
    68.920     5.069     0.050        10
    70.007     4.811     0.050        10
    71.261     4.491     0.050        10
    72.207     4.265     0.050        10
    73.139     4.002     0.050        10
    12.042    14.528     0.050        14
    12.543    14.463     0.050        14
    13.027    14.385     0.050        14
    13.505    14.306     0.050        14
    13.979    14.215     0.050        14
    14.458    14.160     0.050        14
    14.945    14.091     0.050        14
    15.435    14.010     0.050        14
    15.922    13.953     0.050        14
    16.412    13.900     0.050        14
    16.910    13.832     0.050        14
    17.397    13.759     0.050        14
    17.870    13.698     0.050        14
    18.341    13.641     0.050        14
    18.817    13.565     0.050        14
    19.291    13.493     0.050        14
    19.753    13.418     0.050        14
    20.216    13.346     0.050        14
    20.692    13.277     0.050        14
    21.320    13.184     0.050        14
    21.785    13.111     0.050        14
    22.251    13.031     0.050        14
    22.717    12.957     0.050        14
    23.193    12.881     0.050        14
    23.656    12.814     0.050        14
    24.129    12.730     0.050        14
    24.599    12.675     0.050        14
    25.073    12.623     0.050        14
    25.543    12.556     0.050        14
    26.017    12.493     0.050        14
    26.479    12.401     0.050        14
    26.956    12.325     0.050        14
    27.432    12.254     0.050        14
    27.905    12.180     0.050        14
    28.379    12.104     0.050        14
    28.858    12.030     0.050        14
    29.335    11.952     0.050        14
    29.822    11.870     0.050        14
    30.284    11.790     0.050        14
    30.761    11.729     0.050        14
    31.237    11.646     0.050        14
    31.713    11.562     0.050        14
    32.196    11.482     0.050        14
    32.683    11.400     0.050        14
    33.156    11.318     0.050        14
    33.643    11.244     0.050        14
    34.130    11.162     0.050        14
    34.617    11.084     0.050        14
    35.107    11.010     0.050        14
    35.605    10.928     0.050        14
    36.092    10.854     0.050        14
    36.584    10.775     0.050        14
    37.057    10.699     0.050        14
    37.544    10.619     0.050        14
    38.031    10.543     0.050        14
    38.518    10.463     0.050        14
    39.005    10.383     0.050        14
    39.492    10.295     0.050        14
    39.982    10.203     0.050        14
    40.469    10.125     0.050        14
    40.967    10.041     0.050        14
    41.448     9.958     0.050        14
    41.921     9.881     0.050        14
    42.419     9.807     0.050        14
    42.882     9.756     0.050        14
    43.338     9.674     0.050        14
    43.812     9.592     0.050        14
    44.288     9.518     0.050        14
    44.761     9.448     0.050        14
    45.227     9.374     0.050        14
    45.706     9.315     0.050        14
    46.172     9.243     0.050        14
    46.648     9.161     0.050        14
    47.114     9.114     0.050        14
    47.590     9.033     0.050        14
    48.217     8.949     0.050        14
    48.847     8.888     0.050        14
    49.321     8.845     0.050        14
    50.098     8.756     0.050        14
    50.739     8.731     0.050        14
    51.206     8.671     0.050        14
    51.672     8.644     0.050        14
    52.145     8.600     0.050        14
    52.605     8.523     0.050        14
    53.068     8.463     0.050        14
    53.520     8.398     0.050        14
    53.975     8.339     0.050        14
    54.430     8.282     0.050        14
    54.885     8.226     0.050        14
    55.340     8.174     0.050        14
    55.805     8.126     0.050        14
    56.260     8.062     0.050        14
    56.723     7.990     0.050        14
    57.183     7.915     0.050        14
    57.656     7.865     0.050        14
    58.108     7.818     0.050        14
    58.567     7.755     0.050        14
    59.016     7.696     0.050        14
    59.482     7.658     0.050        14
    59.945     7.582     0.050        14
    60.407     7.494     0.050        14
    60.867     7.431     0.050        14
    61.314     7.368     0.050        14
    61.772     7.305     0.050        14
    62.227     7.237     0.050        14
    62.685     7.153     0.050        14
    63.143     7.069     0.050        14
    63.590     7.009     0.050        14
    64.040     6.953     0.050        14
    64.485     6.870     0.050        14
    64.941     6.794     0.050        14
    65.398     6.726     0.050        14
    65.858     6.643     0.050        14
    66.315     6.550     0.050        14
    66.782     6.449     0.050        14
    67.228     6.361     0.050        14
    67.694     6.256     0.050        14
     6.505    24.175     0.050        24
     6.986    24.059     0.050        24
     7.467    23.969     0.050        24
     7.951    23.826     0.050        24
     8.441    23.727     0.050        24
     8.939    23.609     0.050        24
     9.429    23.488     0.050        24
     9.913    23.352     0.050        24
    10.386    23.236     0.050        24
    10.880    23.106     0.050        24
    11.380    22.983     0.050        24
    11.881    22.872     0.050        24
    12.379    22.725     0.050        24
    12.866    22.587     0.050        24
    13.347    22.475     0.050        24
    13.817    22.387     0.050        24
    14.304    22.261     0.050        24
    14.784    22.142     0.050        24
    15.271    22.046     0.050        24
    15.750    21.912     0.050        24
    16.248    21.810     0.050        24
    16.738    21.649     0.050        24
    17.236    21.514     0.050        24
    17.709    21.397     0.050        24
    18.182    21.267     0.050        24
    18.656    21.171     0.050        24
    19.129    21.020     0.050        24
    19.603    20.908     0.050        24
    20.065    20.789     0.050        24
    20.531    20.624     0.050        24
    21.007    20.534     0.050        24
    21.473    20.437     0.050        24
    21.947    20.333     0.050        24
    22.402    20.191     0.050        24
    22.878    20.070     0.050        24
    23.344    19.945     0.050        24
    23.820    19.823     0.050        24
    24.290    19.697     0.050        24
    24.761    19.577     0.050        24
    25.231    19.439     0.050        24
    25.705    19.314     0.050        24
    26.167    19.202     0.050        24
    26.641    19.078     0.050        24
    27.117    18.962     0.050        24
    27.593    18.850     0.050        24
    28.067    18.730     0.050        24
    28.543    18.601     0.050        24
    29.020    18.455     0.050        24
    29.496    18.346     0.050        24
    29.972    18.245     0.050        24
    30.446    18.101     0.050        24
    30.922    17.955     0.050        24
    31.388    17.825     0.050        24
    31.878    17.684     0.050        24
    32.357    17.540     0.050        24
    32.844    17.387     0.050        24
    33.317    17.242     0.050        24
    33.808    17.117     0.050        24
    34.292    16.991     0.050        24
    34.782    16.849     0.050        24
    35.279    16.719     0.050        24
    35.766    16.619     0.050        24
    36.253    16.515     0.050        24
    36.745    16.393     0.050        24
    37.221    16.273     0.050        24
    37.705    16.140     0.050        24
    38.192    16.014     0.050        24
    38.679    15.864     0.050        24
    39.169    15.731     0.050        24
    39.656    15.606     0.050        24
    40.143    15.480     0.050        24
    40.630    15.342     0.050        24
    41.128    15.211     0.050        24
    41.599    15.096     0.050        24
    42.083    14.916     0.050        24
    42.570    14.810     0.050        24
    43.029    14.706     0.050        24
    43.500    14.534     0.050        24
    43.973    14.432     0.050        24
    44.449    14.324     0.050        24
    44.912    14.193     0.050        24
    45.391    14.063     0.050        24
    78.859     1.000     0.000         0
    79.008     1.886     0.050         1
    79.468     1.942     0.050         1
    79.931     2.039     0.050         1
    80.393     2.186     0.050         1
    80.853     2.344     0.050         1
    81.316     2.531     0.050         1
    81.789     2.752     0.050         1
    82.260     2.974     0.050         1
    79.318     2.499     0.050         2
    79.769     2.555     0.050         2
    80.232     2.645     0.050         2
    80.703     2.756     0.050         2
    81.165     2.886     0.050         2
    81.628     3.041     0.050         2
    79.156     3.100     0.050         3
    79.619     3.131     0.050         3
    80.081     3.182     0.050         3
    80.541     3.242     0.050         3
    81.014     3.320     0.050         3
    81.477     3.414     0.050         3
    81.940     3.533     0.050         3
    82.410     3.632     0.050         3
    91.973     6.043     0.050         5
    92.449     6.098     0.050         5
    92.915     6.149     0.050         5
    93.399     6.209     0.050         5
    93.875     6.260     0.050         5
    94.351     6.304     0.050         5
    94.825     6.380     0.050         5
    95.301     6.439     0.050         5
    95.777     6.498     0.050         5
    96.250     6.557     0.050         5
    96.727     6.603     0.050         5
    97.203     6.669     0.050         5
    97.676     6.716     0.050         5
    98.146     6.779     0.050         5
    98.606     6.773     0.050         5
    99.068     6.812     0.050         5
    99.539     6.830     0.050         5
   100.001     6.883     0.050         5
   100.464     6.876     0.050         5
   100.926     6.966     0.050         5
   101.384     6.997     0.050         5
   101.842     7.068     0.050         5
   102.297     7.125     0.050         5
   102.763     7.132     0.050         5
   103.218     7.266     0.050         5
   103.683     7.256     0.050         5
   104.152     7.368     0.050         5
   104.628     7.438     0.050         5
   105.107     7.508     0.050         5
   105.573     7.559     0.050         5
   106.041     7.627     0.050         5
   106.518     7.697     0.050         5
   106.991     7.776     0.050         5
   107.456     7.847     0.050         5
   107.922     7.921     0.050         5
   108.395     8.004     0.050         5
   108.855     8.102     0.050         5
   109.314     8.165     0.050         5
   109.791     8.244     0.050         5
   110.264     8.312     0.050         5
   110.729     8.373     0.050         5
   111.192     8.418     0.050         5
   111.665     8.496     0.050         5
   112.128     8.558     0.050         5
   112.587     8.618     0.050         5
   113.050     8.705     0.050         5
   113.509     8.784     0.050         5
   113.996     8.870     0.050         5
   114.469     8.950     0.050         5
   114.956     9.063     0.050         5
   115.440     9.176     0.050         5
   115.924     9.241     0.050         5
   116.394     9.309     0.050         5
   116.875     9.409     0.050         5
   117.345     9.478     0.050         5
   117.808     9.547     0.050         5
   118.292     9.618     0.050         5
   118.765     9.690     0.050         5
   119.241     9.762     0.050         5
   119.728     9.850     0.050         5
   120.212     9.938     0.050         5
   120.696    10.010     0.050         5
   121.183    10.072     0.050         5
   121.670    10.146     0.050         5
   122.146    10.206     0.050         5
   122.633    10.315     0.050         5
   123.109    10.387     0.050         5
   123.582    10.505     0.050         5
   124.045    10.603     0.050         5
   124.521    10.658     0.050         5
   124.997    10.732     0.050         5
   125.473    10.774     0.050         5
   125.947    10.854     0.050         5
   126.409    10.906     0.050         5
   126.872    10.982     0.050         5
   127.342    11.053     0.050         5
   127.804    11.133     0.050         5
   128.281    11.212     0.050         5
   128.770    11.281     0.050         5
   129.250    11.361     0.050         5
   129.736    11.421     0.050         5
   130.213    11.468     0.050         5
   130.692    11.532     0.050         5
   131.168    11.623     0.050         5
   131.655    11.699     0.050         5
   132.131    11.768     0.050         5
   132.621    11.834     0.050         5
   133.261    11.931     0.050         5
   134.077    12.075     0.050         5
   135.043    12.243     0.050         5
   136.307    12.443     0.050         5
   216.851    24.294     0.050         5
   220.414    25.306     0.050         5
   223.936    26.227     0.050         5
   226.564    26.844     0.050         5
   229.318    27.380     0.050         5
   232.267    27.847     0.050         5
   234.528    28.183     0.050         5
   236.239    28.423     0.050         5
   237.831    28.642     0.050         5
   240.593    28.967     0.050         5
   243.281    29.234     0.050         5
   265.052    31.917     0.050         8
   267.510    32.166     0.050         8
   269.275    32.290     0.050         8
   271.204    32.424     0.050         8
   272.971    32.534     0.050         8
   275.411    32.704     0.050         8
   277.679    32.862     0.050         8
   279.611    33.029     0.050         8
   281.542    33.204     0.050         8
   283.287    33.327     0.050         8
   285.369    33.532     0.050         8
   287.303    33.735     0.050         8
    85.549     4.414     0.050        10
    86.655     4.721     0.050        10
    87.755     4.988     0.050        10
    88.536     5.182     0.050        10
    89.943     5.484     0.050        10
    91.192     5.766     0.050        10
   278.974    33.698     0.050        12
   286.012    34.276     0.050        12
   293.882    35.256     0.050        12
   299.574    36.160     0.050        12
   304.998    37.019     0.050        12
   312.204    38.139     0.050        12
    92.134     6.777     0.050        14
    92.603     6.895     0.050        14
    93.076     6.971     0.050        14
    93.549     7.031     0.050        14
    94.036     7.032     0.050        14
    94.513     7.087     0.050        14
    94.978     7.199     0.050        14
    95.451     7.273     0.050        14
    95.938     7.329     0.050        14
    96.415     7.385     0.050        14
    96.880     7.433     0.050        14
    97.353     7.489     0.050        14
    97.827     7.552     0.050        14
    98.297     7.577     0.050        14
    98.767     7.612     0.050        14
    99.227     7.608     0.050        14
    99.689     7.590     0.050        14
   100.152     7.634     0.050        14
   100.615     7.676     0.050        14
   101.080     7.729     0.050        14
   101.535     7.783     0.050        14
   101.993     7.848     0.050        14
   102.461     7.905     0.050        14
   102.916     7.947     0.050        14
   103.371     8.010     0.050        14
   103.837     8.064     0.050        14
   104.313     8.137     0.050        14
   104.792     8.214     0.050        14
   105.258     8.288     0.050        14
   105.727     8.354     0.050        14
   106.203     8.428     0.050        14
   106.679     8.494     0.050        14
   107.145     8.569     0.050        14
   107.607     8.635     0.050        14
   108.083     8.702     0.050        14
   108.543     8.765     0.050        14
   109.005     8.844     0.050        14
   109.479     8.927     0.050        14
   109.952     9.005     0.050        14
   110.417     9.080     0.050        14
   110.880     9.144     0.050        14
   111.353     9.204     0.050        14
   111.816     9.272     0.050        14
   112.289     9.347     0.050        14
   112.749     9.407     0.050        14
   113.200     9.506     0.050        14
   113.671     9.582     0.050        14
   114.147     9.677     0.050        14
   114.634     9.769     0.050        14
   115.118     9.841     0.050        14
   115.601     9.951     0.050        14
   116.085    10.061     0.050        14
   116.556    10.127     0.050        14
   117.026    10.209     0.050        14
   117.496    10.257     0.050        14
   117.969    10.356     0.050        14
   118.443    10.434     0.050        14
   118.929    10.515     0.050        14
   119.406    10.591     0.050        14
   119.890    10.664     0.050        14
   120.373    10.740     0.050        14
   120.857    10.819     0.050        14
   121.344    10.898     0.050        14
   121.831    10.978     0.050        14
   122.310    11.060     0.050        14
   122.797    11.132     0.050        14
   123.270    11.219     0.050        14
   123.733    11.319     0.050        14
   124.206    11.407     0.050        14
   124.685    11.480     0.050        14
   125.161    11.549     0.050        14
   125.635    11.609     0.050        14
   126.097    11.670     0.050        14
   126.560    11.730     0.050        14
   127.030    11.788     0.050        14
   127.492    11.850     0.050        14
   127.969    11.924     0.050        14
   128.445    11.994     0.050        14
   128.921    12.055     0.050        14
   129.411    12.118     0.050        14
   129.887    12.196     0.050        14
   130.377    12.250     0.050        14
   130.853    12.293     0.050        14
   131.329    12.380     0.050        14
   131.805    12.444     0.050        14
   132.295    12.529     0.050        14
   132.782    12.662     0.050        14
   133.261    12.735     0.050        14
   133.751    12.806     0.050        14
   134.238    12.878     0.050        14
   134.725    12.958     0.050        14
   135.204    13.046     0.050        14
   135.680    13.129     0.050        14
   136.156    13.225     0.050        14
   136.632    13.284     0.050        14
   137.098    13.392     0.050        14
   137.574    13.471     0.050        14
   138.050    13.559     0.050        14
   138.526    13.650     0.050        14
   139.003    13.744     0.050        14
   139.489    13.842     0.050        14
   139.966    13.890     0.050        14
   140.452    13.989     0.050        14
   140.929    14.056     0.050        14
   141.415    14.141     0.050        14
   141.899    14.222     0.050        14
   142.378    14.268     0.050        14
   142.865    14.326     0.050        14
   143.338    14.386     0.050        14
   143.825    14.459     0.050        14
   219.045    25.849     0.050        14
   223.205    26.919     0.050        14
   228.608    28.021     0.050        14
   234.252    28.821     0.050        14
    91.819     9.204     0.050        24
    92.288     9.289     0.050        24
    92.764     9.395     0.050        24
    93.237     9.510     0.050        24
    93.714     9.621     0.050        24
    94.187     9.753     0.050        24
    94.663     9.875     0.050        24
    95.139     9.989     0.050        24
    95.616    10.129     0.050        24
    96.089    10.210     0.050        24
    96.565    10.357     0.050        24
    97.041    10.481     0.050        24
    97.515    10.569     0.050        24
    97.988    10.640     0.050        24
    98.458    10.722     0.050        24
    98.918    10.828     0.050        24
    99.377    10.926     0.050        24
    99.840    11.013     0.050        24
   100.313    11.123     0.050        24
   100.776    11.251     0.050        24
   101.231    11.382     0.050        24
   101.689    11.487     0.050        24
   102.147    11.609     0.050        24
   102.612    11.738     0.050        24
   103.067    11.855     0.050        24
   103.522    11.975     0.050        24
   103.987    12.079     0.050        24
   104.467    12.241     0.050        24
   104.946    12.339     0.050        24
   105.422    12.488     0.050        24
   105.891    12.568     0.050        24
   106.367    12.672     0.050        24
   106.830    12.818     0.050        24
   107.295    12.972     0.050        24
   107.768    13.100     0.050        24
   108.234    13.240     0.050        24
   108.694    13.377     0.050        24
   109.167    13.511     0.050        24
   109.640    13.676     0.050        24
   110.102    13.837     0.050        24
   110.579    13.966     0.050        24
   111.041    14.073     0.050        24
   111.504    14.205     0.050        24
   111.977    14.358     0.050        24
   112.440    14.484     0.050        24
   112.899    14.603     0.050        24
   113.351    14.743     0.050        24
   113.832    14.879     0.050        24
   114.308    15.037     0.050        24
   114.795    15.136     0.050        24
   115.279    15.315     0.050        24
   115.763    15.464     0.050        24
   116.244    15.582     0.050        24
   116.714    15.722     0.050        24
   117.187    15.847     0.050        24
   117.657    15.973     0.050        24
   118.131    16.116     0.050        24
   118.604    16.243     0.050        24
   119.080    16.387     0.050        24
   119.567    16.515     0.050        24
   120.051    16.647     0.050        24
   120.535    16.775     0.050        24
   121.022    16.920     0.050        24
   121.508    17.048     0.050        24
   121.985    17.187     0.050        24
   122.471    17.337     0.050        24
   122.958    17.488     0.050        24
   123.421    17.554     0.050        24
   123.894    17.679     0.050        24
   124.367    17.770     0.050        24
   124.836    17.865     0.050        24
   125.312    17.974     0.050        24
   125.785    18.073     0.050        24
   126.248    18.183     0.050        24
   126.721    18.289     0.050        24
   127.181    18.404     0.050        24
   127.654    18.515     0.050        24
   128.119    18.637     0.050        24
   128.606    18.770     0.050        24
   129.085    18.895     0.050        24
   129.575    19.016     0.050        24
   130.051    19.123     0.050        24
   130.527    19.220     0.050        24
   131.017    19.361     0.050        24
   131.490    19.532     0.050        24
   131.970    19.643     0.050        24
   132.456    19.783     0.050        24
   132.946    19.908     0.050        24
   133.425    20.013     0.050        24
   133.912    20.128     0.050        24
   134.399    20.264     0.050        24
   134.889    20.397     0.050        24
   135.365    20.523     0.050        24
   135.841    20.669     0.050        24
   136.307    20.781     0.050        24
   136.786    20.978     0.050        24
   137.262    21.086     0.050        24
   137.738    21.221     0.050        24
   138.214    21.403     0.050        24
   138.688    21.505     0.050        24
   139.167    21.579     0.050        24
   139.654    21.721     0.050        24
   140.127    21.884     0.050        24
   140.614    21.994     0.050        24
   141.090    22.143     0.050        24
   141.577    22.289     0.050        24
   142.063    22.455     0.050        24
   142.540    22.568     0.050        24
   143.016    22.699     0.050        24
   143.503    22.815     0.050        24
   143.986    22.924     0.050        24
    84.860    -1.000     0.000         0
    80.703     3.233     0.050         1
    81.166     3.032     0.050         1
    81.628     2.800     0.050         1
    82.101     2.593     0.050         1
    82.561     2.380     0.050         1
    83.044     2.228     0.050         1
    83.506     2.111     0.050         1
    83.982     2.015     0.050         1
    84.445     1.953     0.050         1
    84.769     1.948     0.050         1
    82.561     2.841     0.050         2
    83.044     2.719     0.050         2
    83.506     2.620     0.050         2
    83.982     2.543     0.050         2
    84.445     2.508     0.050         2
    84.769     2.495     0.050         2
     8.116    15.136     0.050         5
     8.603    15.097     0.050         5
     9.103    15.026     0.050         5
     9.590    14.969     0.050         5
    10.074    14.912     0.050         5
    10.548    14.846     0.050         5
    11.044    14.754     0.050         5
    11.545    14.704     0.050         5
    12.042    14.610     0.050         5
    12.543    14.535     0.050         5
    13.027    14.460     0.050         5
    13.505    14.392     0.050         5
    13.979    14.336     0.050         5
    14.458    14.272     0.050         5
    14.945    14.208     0.050         5
    15.435    14.120     0.050         5
    15.922    14.036     0.050         5
    16.574    13.945     0.050         5
    17.074    13.876     0.050         5
    17.558    13.806     0.050         5
    18.032    13.750     0.050         5
    18.502    13.674     0.050         5
    18.979    13.595     0.050         5
    19.441    13.528     0.050         5
    19.915    13.465     0.050         5
    20.377    13.366     0.050         5
    20.843    13.310     0.050         5
    21.320    13.235     0.050         5
    21.785    13.164     0.050         5
    22.251    13.088     0.050         5
    22.717    13.036     0.050         5
    23.193    12.965     0.050         5
    23.656    12.891     0.050         5
    24.129    12.821     0.050         5
    24.600    12.766     0.050         5
    25.073    12.698     0.050         5
    25.543    12.616     0.050         5
    26.017    12.548     0.050         5
    26.479    12.477     0.050         5
    26.956    12.407     0.050         5
    27.432    12.329     0.050         5
    27.905    12.265     0.050         5
    28.379    12.197     0.050         5
    28.858    12.128     0.050         5
    29.335    12.053     0.050         5
    29.822    11.986     0.050         5
    30.284    11.910     0.050         5
    30.761    11.847     0.050         5
    31.237    11.773     0.050         5
    31.713    11.707     0.050         5
    32.196    11.631     0.050         5
    32.683    11.554     0.050         5
    33.156    11.507     0.050         5
    33.643    11.427     0.050         5
    34.292    11.306     0.050         5
    34.782    11.245     0.050         5
    35.279    11.138     0.050         5
    35.766    11.066     0.050         5
    36.253    10.984     0.050         5
    36.745    10.902     0.050         5
    37.221    10.813     0.050         5
    37.870    10.691     0.050         5
    38.357    10.597     0.050         5
    38.844    10.530     0.050         5
    39.818    10.366     0.050         5
    40.469    10.262     0.050         5
    41.128    10.139     0.050         5
    41.599    10.061     0.050         5
    42.419     9.936     0.050         5
    43.191     9.812     0.050         5
    43.650     9.735     0.050         5
    44.127     9.664     0.050         5
    44.600     9.586     0.050         5
    45.066     9.516     0.050         5
    45.542     9.434     0.050         5
    46.018     9.346     0.050         5
    46.484     9.279     0.050         5
    46.963     9.214     0.050         5
    47.590     9.113     0.050         5
    48.053     9.036     0.050         5
    48.532     8.969     0.050         5
    49.159     8.892     0.050         5
    49.633     8.827     0.050         5
    50.098     8.773     0.050         5
    50.575     8.751     0.050         5
    51.048     8.719     0.050         5
    51.518     8.691     0.050         5
    51.984     8.656     0.050         5
    52.444     8.592     0.050         5
    52.906     8.536     0.050         5
    53.369     8.486     0.050         5
    53.821     8.423     0.050         5
    54.276     8.383     0.050         5
    54.734     8.327     0.050         5
    55.186     8.271     0.050         5
    55.652     8.216     0.050         5
    56.107     8.164     0.050         5
    56.572     8.107     0.050         5
    57.032     8.040     0.050         5
    57.495     7.975     0.050         5
    57.957     7.902     0.050         5
    58.409     7.822     0.050         5
    58.869     7.773     0.050         5
    59.331     7.735     0.050         5
    59.794     7.657     0.050         5
    60.257     7.601     0.050         5
    60.716     7.536     0.050         5
    61.171     7.491     0.050         5
    61.619     7.422     0.050         5
    62.077     7.342     0.050         5
    62.532     7.319     0.050         5
    62.990     7.232     0.050         5
    63.440     7.177     0.050         5
    63.887     7.102     0.050         5
    64.334     7.056     0.050         5
    64.794     6.989     0.050         5
    65.251     6.906     0.050         5
    65.707     6.842     0.050         5
    66.167     6.765     0.050         5
    66.621     6.697     0.050         5
    67.077     6.629     0.050         5
    67.532     6.569     0.050         5
    67.995     6.517     0.050         5
    68.461     6.444     0.050         5
    68.920     6.362     0.050         5
    69.394     6.284     0.050         5
    69.859     6.212     0.050         5
    70.322     6.128     0.050         5
    70.798     6.033     0.050         5
    71.261     5.948     0.050         5
    71.731     5.859     0.050         5
    72.207     5.763     0.050         5
    72.673     5.668     0.050         5
    73.139     5.574     0.050         5
    73.615     5.485     0.050         5
    74.091     5.405     0.050         5
     3.719    16.155     0.050         8
     4.217    16.104     0.050         8
     4.704    16.044     0.050         8
     5.205    15.991     0.050         8
     5.706    15.918     0.050         8
     6.190    15.867     0.050         8
     6.663    15.799     0.050         8
     7.147    15.745     0.050         8
     7.628    15.686     0.050         8
     8.116    15.662     0.050         8
     8.603    15.619     0.050         8
     9.103    15.573     0.050         8
     9.590    15.517     0.050         8
    10.074    15.471     0.050         8
    10.548    15.407     0.050         8
    11.044    15.347     0.050         8
    11.545    15.301     0.050         8
    12.042    15.221     0.050         8
    12.543    15.170     0.050         8
    13.027    15.125     0.050         8
    13.505    15.076     0.050         8
    13.979    15.008     0.050         8
    14.458    14.949     0.050         8
    14.945    14.881     0.050         8
    15.435    14.834     0.050         8
    15.922    14.785     0.050         8
    16.412    14.732     0.050         8
    16.910    14.664     0.050         8
    17.397    14.621     0.050         8
    17.870    14.550     0.050         8
    18.341    14.512     0.050         8
    18.817    14.460     0.050         8
    19.291    14.385     0.050         8
    19.753    14.323     0.050         8
    20.216    14.288     0.050         8
    20.692    14.243     0.050         8
    21.158    14.179     0.050         8
    75.143     5.091     0.050        10
    76.057     4.857     0.050        10
    76.992     4.610     0.050        10
    78.073     4.323     0.050        10
     5.369    16.661     0.050        14
     5.867    16.577     0.050        14
     6.341    16.518     0.050        14
     6.825    16.461     0.050        14
     7.309    16.394     0.050        14
     7.790    16.329     0.050        14
     8.277    16.261     0.050        14
     8.778    16.179     0.050        14
     9.268    16.101     0.050        14
     9.752    16.034     0.050        14
    10.236    15.950     0.050        14
    10.715    15.907     0.050        14
    11.208    15.839     0.050        14
    11.706    15.776     0.050        14
    12.207    15.718     0.050        14
    12.705    15.639     0.050        14
    13.186    15.587     0.050        14
    13.656    15.528     0.050        14
    14.143    15.434     0.050        14
    14.619    15.358     0.050        14
    15.109    15.274     0.050        14
    15.600    15.174     0.050        14
    16.087    15.101     0.050        14
    16.574    15.040     0.050        14
    17.074    14.971     0.050        14
    17.558    14.911     0.050        14
    18.032    14.836     0.050        14
    18.502    14.765     0.050        14
    18.979    14.708     0.050        14
    19.441    14.640     0.050        14
    19.915    14.565     0.050        14
    20.377    14.513     0.050        14
    20.843    14.409     0.050        14
    21.320    14.323     0.050        14
    21.785    14.255     0.050        14
    22.251    14.179     0.050        14
    22.717    14.088     0.050        14
    23.193    14.016     0.050        14
    23.656    13.927     0.050        14
    24.129    13.847     0.050        14
    24.600    13.771     0.050        14
    25.073    13.682     0.050        14
    25.543    13.598     0.050        14
    26.017    13.553     0.050        14
    26.479    13.473     0.050        14
    26.956    13.401     0.050        14
    27.432    13.322     0.050        14
    27.905    13.273     0.050        14
    28.379    13.208     0.050        14
    28.858    13.128     0.050        14
    29.335    13.067     0.050        14
    29.822    12.997     0.050        14
    30.284    12.924     0.050        14
    30.761    12.867     0.050        14
    31.237    12.770     0.050        14
    31.713    12.684     0.050        14
    32.196    12.612     0.050        14
    32.683    12.515     0.050        14
    33.156    12.430     0.050        14
    33.643    12.338     0.050        14
    34.130    12.260     0.050        14
    34.617    12.197     0.050        14
    35.107    12.126     0.050        14
    35.605    12.006     0.050        14
    36.092    11.914     0.050        14
    36.584    11.849     0.050        14
    37.057    11.773     0.050        14
    37.705    11.665     0.050        14
    38.192    11.598     0.050        14
    38.679    11.510     0.050        14
    39.169    11.437     0.050        14
    39.656    11.347     0.050        14
    40.144    11.282     0.050        14
    40.631    11.205     0.050        14
    41.128    11.122     0.050        14
    41.599    11.072     0.050        14
    42.083    10.981     0.050        14
    42.570    10.903     0.050        14
    43.029    10.845     0.050        14
    43.500    10.773     0.050        14
    43.973    10.689     0.050        14
    44.449    10.599     0.050        14
    44.912    10.508     0.050        14
    45.391    10.446     0.050        14
    45.857    10.375     0.050        14
    46.333    10.295     0.050        14
    46.799    10.178     0.050        14
    47.278    10.118     0.050        14
    47.752    10.038     0.050        14
    48.217    10.014     0.050        14
    48.683     9.951     0.050        14
    49.159     9.897     0.050        14
    49.633     9.793     0.050        14
    50.098     9.738     0.050        14
    50.575     9.739     0.050        14
    51.048     9.713     0.050        14
    51.518     9.689     0.050        14
    51.984     9.650     0.050        14
    52.444     9.598     0.050        14
    52.906     9.557     0.050        14
    53.369     9.469     0.050        14
    53.821     9.413     0.050        14
    54.276     9.365     0.050        14
    54.734     9.298     0.050        14
    55.186     9.243     0.050        14
    55.652     9.204     0.050        14
    56.107     9.150     0.050        14
    56.572     9.084     0.050        14
    57.032     9.018     0.050        14
    57.495     8.957     0.050        14
    57.957     8.895     0.050        14
    58.409     8.836     0.050        14
    58.869     8.772     0.050        14
    59.331     8.709     0.050        14
    59.794     8.648     0.050        14
    60.257     8.579     0.050        14
    60.716     8.506     0.050        14
    61.171     8.444     0.050        14
    61.619     8.370     0.050        14
    62.077     8.305     0.050        14
    62.532     8.261     0.050        14
    62.990     8.187     0.050        14
    63.440     8.121     0.050        14
    63.887     8.065     0.050        14
    64.334     8.014     0.050        14
    64.794     7.942     0.050        14
    65.251     7.881     0.050        14
    65.707     7.830     0.050        14
    66.167     7.763     0.050        14
    66.621     7.696     0.050        14
    67.077     7.616     0.050        14
    67.532     7.547     0.050        14
    67.995     7.491     0.050        14
    68.461     7.409     0.050        14
    68.920     7.333     0.050        14
    69.394     7.257     0.050        14
    69.859     7.172     0.050        14
    70.322     7.087     0.050        14
    70.798     7.006     0.050        14
    71.261     6.932     0.050        14
    71.731     6.844     0.050        14
    72.207     6.757     0.050        14
    72.673     6.663     0.050        14
    73.139     6.562     0.050        14
    73.615     6.441     0.050        14
    74.091     6.323     0.050        14
     7.951    25.655     0.050        24
     8.441    25.547     0.050        24
     8.939    25.399     0.050        24
     9.429    25.300     0.050        24
     9.913    25.157     0.050        24
    10.387    25.016     0.050        24
    10.880    24.890     0.050        24
    11.380    24.783     0.050        24
    11.881    24.664     0.050        24
    12.379    24.537     0.050        24
    12.866    24.390     0.050        24
    13.347    24.292     0.050        24
    13.817    24.183     0.050        24
    14.304    24.047     0.050        24
    14.784    23.969     0.050        24
    15.271    23.811     0.050        24
    15.750    23.696     0.050        24
    16.248    23.580     0.050        24
    16.738    23.426     0.050        24
    17.236    23.299     0.050        24
    17.709    23.186     0.050        24
    18.183    23.049     0.050        24
    18.656    22.930     0.050        24
    19.129    22.814     0.050        24
    19.603    22.654     0.050        24
    20.065    22.534     0.050        24
    20.531    22.386     0.050        24
    21.008    22.254     0.050        24
    21.473    22.129     0.050        24
    21.947    21.999     0.050        24
    22.402    21.865     0.050        24
    22.878    21.730     0.050        24
    23.344    21.615     0.050        24
    23.820    21.451     0.050        24
    24.290    21.311     0.050        24
    24.761    21.223     0.050        24
    25.231    21.058     0.050        24
    25.705    20.921     0.050        24
    26.167    20.842     0.050        24
    26.641    20.676     0.050        24
    27.117    20.583     0.050        24
    27.593    20.469     0.050        24
    28.067    20.332     0.050        24
    28.543    20.242     0.050        24
    29.020    20.121     0.050        24
    29.496    19.963     0.050        24
    29.972    19.880     0.050        24
    30.446    19.729     0.050        24
    30.922    19.617     0.050        24
    31.878    19.365     0.050        24
    42.882    16.281     0.050        24
    43.338    16.208     0.050        24
    43.812    16.064     0.050        24
    44.288    15.938     0.050        24
    44.761    15.815     0.050        24
    45.227    15.685     0.050        24
    45.706    15.526     0.050        24
    46.172    15.457     0.050        24
    49.321    14.621     0.050        24
    49.794    14.490     0.050        24
    50.413    14.322     0.050        24
    55.652    13.041     0.050        24
    56.422    12.855     0.050        24
    57.032    12.713     0.050        24
    57.495    12.604     0.050        24
    57.957    12.502     0.050        24
    58.409    12.391     0.050        24
    58.869    12.272     0.050        24
    59.331    12.172     0.050        24
    59.794    12.052     0.050        24
    60.257    11.957     0.050        24
    60.716    11.869     0.050        24
    61.171    11.770     0.050        24
    61.619    11.635     0.050        24
    62.077    11.527     0.050        24
    62.532    11.422     0.050        24
    62.990    11.313     0.050        24
    63.440    11.182     0.050        24
    63.887    11.078     0.050        24
    64.334    10.973     0.050        24
    64.794    10.866     0.050        24
    65.251    10.746     0.050        24
    84.860     1.000     0.000         0
    85.402     2.002     0.050         1
    85.866     2.096     0.050         1
    86.341     2.225     0.050         1
    86.806     2.375     0.050         1
    87.282     2.566     0.050         1
    87.756     2.796     0.050         1
    88.232     2.990     0.050         1
    88.697     3.213     0.050         1
    85.083     2.501     0.050         2
    85.552     2.550     0.050         2
    86.027     2.615     0.050         2
    86.492     2.732     0.050         2
    86.968     2.833     0.050         2
    94.825     5.331     0.050         5
    95.301     5.395     0.050         5
    95.777     5.472     0.050         5
    96.250     5.510     0.050         5
    96.727     5.579     0.050         5
    97.203     5.632     0.050         5
    97.676     5.682     0.050         5
    98.146     5.709     0.050         5
    98.606     5.754     0.050         5
    99.068     5.749     0.050         5
    99.539     5.772     0.050         5
   100.001     5.823     0.050         5
   100.464     5.871     0.050         5
   100.927     5.932     0.050         5
   101.384     5.954     0.050         5
   101.842     5.979     0.050         5
   102.297     6.037     0.050         5
   102.763     6.118     0.050         5
   103.218     6.172     0.050         5
   103.683     6.239     0.050         5
   104.152     6.311     0.050         5
   104.628     6.385     0.050         5
   105.107     6.447     0.050         5
   105.573     6.510     0.050         5
   106.042     6.590     0.050         5
   106.518     6.654     0.050         5
   106.991     6.717     0.050         5
   107.457     6.794     0.050         5
   107.922     6.865     0.050         5
   108.395     6.945     0.050         5
   108.855     7.029     0.050         5
   109.314     7.112     0.050         5
   109.791     7.195     0.050         5
   110.264     7.278     0.050         5
   110.729     7.345     0.050         5
   111.192     7.413     0.050         5
   111.665     7.475     0.050         5
   112.128     7.550     0.050         5
   112.587     7.621     0.050         5
   113.050     7.692     0.050         5
   113.509     7.760     0.050         5
   113.996     7.839     0.050         5
   114.469     7.954     0.050         5
   114.956     8.019     0.050         5
   115.440     8.098     0.050         5
   115.924     8.197     0.050         5
   116.394     8.269     0.050         5
   116.875     8.353     0.050         5
   117.345     8.433     0.050         5
   117.808     8.513     0.050         5
   118.292     8.599     0.050         5
   118.765     8.684     0.050         5
   119.241     8.778     0.050         5
   119.728     8.855     0.050         5
   120.212     8.937     0.050         5
   120.696     8.998     0.050         5
   121.183     9.073     0.050         5
   121.670     9.152     0.050         5
   122.146     9.241     0.050         5
   122.633     9.332     0.050         5
   123.109     9.430     0.050         5
   123.582     9.523     0.050         5
   124.045     9.616     0.050         5
   124.521     9.686     0.050         5
   124.997     9.761     0.050         5
   125.473     9.814     0.050         5
   125.947     9.871     0.050         5
   126.409     9.935     0.050         5
   126.872    10.008     0.050         5
   127.342    10.080     0.050         5
   127.804    10.165     0.050         5
   128.281    10.241     0.050         5
   128.770    10.325     0.050         5
   129.250    10.394     0.050         5
   129.736    10.458     0.050         5
   130.213    10.516     0.050         5
   130.692    10.587     0.050         5
   131.168    10.666     0.050         5
   131.655    10.774     0.050         5
   132.131    10.819     0.050         5
   132.621    10.885     0.050         5
   133.100    10.940     0.050         5
   133.587    11.032     0.050         5
   134.077    11.104     0.050         5
   134.563    11.192     0.050         5
   135.043    11.272     0.050         5
   135.529    11.352     0.050         5
   135.995    11.428     0.050         5
   136.471    11.526     0.050         5
   136.947    11.597     0.050         5
   137.423    11.665     0.050         5
   137.900    11.765     0.050         5
   138.365    11.843     0.050         5
   138.852    11.949     0.050         5
   139.328    12.004     0.050         5
   139.804    12.104     0.050         5
   140.291    12.160     0.050         5
   140.775    12.236     0.050         5
   216.356    23.378     0.050         5
   216.712    23.468     0.050         5
   217.121    23.578     0.050         5
   217.542    23.677     0.050         5
   217.999    23.799     0.050         5
   218.455    23.885     0.050         5
   218.902    23.999     0.050         5
   219.325    24.108     0.050         5
   219.731    24.199     0.050         5
   220.148    24.319     0.050         5
   220.554    24.438     0.050         5
   220.957    24.525     0.050         5
   221.363    24.660     0.050         5
   221.787    24.753     0.050         5
   222.204    24.840     0.050         5
   222.634    24.940     0.050         5
   223.065    25.076     0.050         5
   223.495    25.197     0.050         5
   223.936    25.320     0.050         5
   224.367    25.420     0.050         5
   224.808    25.600     0.050         5
   225.238    25.709     0.050         5
   225.679    25.828     0.050         5
   226.123    25.904     0.050         5
   226.564    26.013     0.050         5
   227.005    26.127     0.050         5
   227.435    26.189     0.050         5
   227.876    26.293     0.050         5
   228.317    26.372     0.050         5
   228.748    26.466     0.050         5
   229.178    26.551     0.050         5
   229.595    26.623     0.050         5
   230.576    26.754     0.050         5
   231.987    26.958     0.050         5
   233.552    27.205     0.050         5
   234.948    27.390     0.050         5
   236.812    27.664     0.050         5
   248.297    29.519     0.050         8
   250.631    29.769     0.050         8
   252.680    29.895     0.050         8
   254.096    30.048     0.050         8
   255.498    30.105     0.050         8
   257.207    30.271     0.050         8
   259.592    30.469     0.050         8
   261.651    30.674     0.050         8
   264.242    30.948     0.050         8
   267.024    31.233     0.050         8
   269.275    31.491     0.050         8
   272.648    31.734     0.050         8
   274.911    31.876     0.050         8
   278.488    32.116     0.050         8
   281.056    32.287     0.050         8
   283.452    32.528     0.050         8
   286.012    32.695     0.050         8
   288.904    33.001     0.050         8
   291.994    33.338     0.050         8
   295.732    33.939     0.050         8
   299.874    34.591     0.050         8
   302.332    35.019     0.050         8
   305.320    35.479     0.050         8
    90.724     4.150     0.050        10
    91.819     4.405     0.050        10
    92.764     4.651     0.050        10
    93.399     4.842     0.050        10
    93.875     4.963     0.050        10
    94.351     5.090     0.050        10
    94.825     5.209     0.050        10
    96.250     6.459     0.050        14
    96.727     6.508     0.050        14
    97.203     6.571     0.050        14
    97.676     6.638     0.050        14
    98.146     6.669     0.050        14
    98.606     6.682     0.050        14
    99.068     6.700     0.050        14
    99.539     6.725     0.050        14
   100.001     6.775     0.050        14
   100.464     6.813     0.050        14
   100.927     6.872     0.050        14
   101.384     6.911     0.050        14
   101.842     6.922     0.050        14
   102.297     6.969     0.050        14
   102.763     7.033     0.050        14
   103.218     7.113     0.050        14
   103.683     7.172     0.050        14
   104.152     7.248     0.050        14
   104.628     7.327     0.050        14
   105.107     7.393     0.050        14
   105.573     7.465     0.050        14
   106.042     7.531     0.050        14
   106.518     7.592     0.050        14
   106.991     7.674     0.050        14
   107.457     7.754     0.050        14
   107.922     7.826     0.050        14
   108.395     7.906     0.050        14
   108.855     7.995     0.050        14
   109.314     8.041     0.050        14
   109.791     8.102     0.050        14
   110.264     8.183     0.050        14
   110.729     8.267     0.050        14
   111.192     8.339     0.050        14
   111.665     8.411     0.050        14
   112.128     8.482     0.050        14
   112.587     8.542     0.050        14
   113.050     8.622     0.050        14
   113.509     8.685     0.050        14
   113.996     8.788     0.050        14
   114.469     8.879     0.050        14
   114.956     8.977     0.050        14
   115.440     9.067     0.050        14
   115.924     9.142     0.050        14
   116.394     9.232     0.050        14
   116.875     9.318     0.050        14
   117.345     9.394     0.050        14
   117.808     9.474     0.050        14
   118.292     9.543     0.050        14
   118.765     9.624     0.050        14
   119.241     9.697     0.050        14
   119.728     9.765     0.050        14
   120.212     9.827     0.050        14
   120.696     9.906     0.050        14
   121.183     9.989     0.050        14
   121.670    10.076     0.050        14
   122.146    10.176     0.050        14
   122.633    10.234     0.050        14
   123.109    10.347     0.050        14
   123.582    10.426     0.050        14
   124.045    10.514     0.050        14
   124.521    10.593     0.050        14
   124.997    10.684     0.050        14
   125.473    10.742     0.050        14
   125.947    10.803     0.050        14
   126.409    10.867     0.050        14
   126.872    10.936     0.050        14
   127.342    10.994     0.050        14
   127.804    11.047     0.050        14
   128.281    11.121     0.050        14
   128.770    11.197     0.050        14
   129.250    11.280     0.050        14
   129.736    11.354     0.050        14
   130.213    11.424     0.050        14
   130.692    11.495     0.050        14
   131.168    11.571     0.050        14
   131.655    11.653     0.050        14
   132.131    11.748     0.050        14
   132.621    11.810     0.050        14
   133.100    11.852     0.050        14
   133.587    11.921     0.050        14
   134.077    11.988     0.050        14
   134.563    12.057     0.050        14
   135.043    12.148     0.050        14
   135.529    12.280     0.050        14
   135.995    12.340     0.050        14
   136.471    12.416     0.050        14
   136.947    12.496     0.050        14
   137.423    12.575     0.050        14
   137.900    12.618     0.050        14
   138.365    12.705     0.050        14
   138.852    12.801     0.050        14
   139.328    12.898     0.050        14
   139.804    12.973     0.050        14
   141.415    13.248     0.050        14
   143.016    13.467     0.050        14
   144.148    13.630     0.050        14
   145.917    13.877     0.050        14
   105.107    10.756     0.050        24
   105.573    10.869     0.050        24
   106.042    10.967     0.050        24
   106.518    11.089     0.050        24
   106.991    11.218     0.050        24
   107.457    11.334     0.050        24
   107.922    11.451     0.050        24
   108.395    11.572     0.050        24
   108.855    11.677     0.050        24
   109.314    11.777     0.050        24
   109.791    11.918     0.050        24
   110.264    12.063     0.050        24
   110.729    12.196     0.050        24
   111.192    12.297     0.050        24
   111.665    12.421     0.050        24
   112.128    12.538     0.050        24
   112.587    12.674     0.050        24
   113.050    12.755     0.050        24
   113.509    12.928     0.050        24
   113.996    13.050     0.050        24
   114.469    13.167     0.050        24
   114.956    13.324     0.050        24
   115.440    13.489     0.050        24
   115.924    13.601     0.050        24
   116.394    13.715     0.050        24
   116.875    13.852     0.050        24
   117.345    13.946     0.050        24
   117.808    14.083     0.050        24
   118.292    14.207     0.050        24
   118.765    14.390     0.050        24
   119.241    14.465     0.050        24
   119.728    14.594     0.050        24
   120.212    14.742     0.050        24
   120.696    14.874     0.050        24
   121.183    15.066     0.050        24
   121.670    15.190     0.050        24
   122.146    15.310     0.050        24
   122.633    15.418     0.050        24
   123.109    15.525     0.050        24
   123.582    15.664     0.050        24
   124.045    15.789     0.050        24
   124.521    15.956     0.050        24
   124.997    16.110     0.050        24
   125.473    16.227     0.050        24
   125.947    16.361     0.050        24
   126.409    16.481     0.050        24
   126.872    16.598     0.050        24
   127.342    16.686     0.050        24
   127.804    16.822     0.050        24
   128.281    16.899     0.050        24
   128.770    17.055     0.050        24
   129.250    17.180     0.050        24
   129.736    17.326     0.050        24
   130.213    17.418     0.050        24
   130.692    17.564     0.050        24
   131.168    17.661     0.050        24
   131.655    17.794     0.050        24
   132.131    17.981     0.050        24
   132.621    18.125     0.050        24
   133.100    18.211     0.050        24
   133.587    18.391     0.050        24
   134.077    18.576     0.050        24
   134.563    18.739     0.050        24
   135.043    18.879     0.050        24
   135.529    19.000     0.050        24
   135.995    19.146     0.050        24
   136.471    19.265     0.050        24
   136.947    19.386     0.050        24
   137.423    19.499     0.050        24
   137.900    19.639     0.050        24
   138.365    19.744     0.050        24
   138.852    19.884     0.050        24
   139.328    19.976     0.050        24
   139.804    20.092     0.050        24
   140.291    20.253     0.050        24
   140.775    20.398     0.050        24
   141.251    20.567     0.050        24
   141.738    20.677     0.050        24
   142.225    20.785     0.050        24
   142.701    20.890     0.050        24
   143.177    21.031     0.050        24
   143.664    21.120     0.050        24
   144.148    21.217     0.050        24
   144.624    21.338     0.050        24
   145.111    21.479     0.050        24
   145.917    21.641     0.050        24
   146.404    21.743     0.050        24
   146.880    21.855     0.050        24
   147.353    21.966     0.050        24
   147.840    22.084     0.050        24
   148.316    22.201     0.050        24
   148.792    22.278     0.050        24
   149.266    22.395     0.050        24
   149.745    22.514     0.050        24
   150.224    22.596     0.050        24
   150.689    22.694     0.050        24
   151.155    22.782     0.050        24
    90.860    -1.000     0.000         0
    87.283     2.943     0.050         1
    87.756     2.724     0.050         1
    88.232     2.530     0.050         1
    88.698     2.336     0.050         1
    89.163     2.190     0.050         1
    89.632     2.068     0.050         1
    90.098     1.976     0.050         1
    90.563     1.942     0.050         1
    87.756     3.124     0.050         2
    88.232     2.982     0.050         2
    88.698     2.842     0.050         2
    89.163     2.710     0.050         2
    89.632     2.609     0.050         2
    90.098     2.558     0.050         2
    90.563     2.539     0.050         2
     4.056    16.633     0.050         5
     6.190    16.319     0.050         5
     7.790    16.092     0.050         5
    10.880    15.658     0.050         5
    13.347    15.312     0.050         5
    15.750    14.970     0.050         5
    17.709    14.679     0.050         5
    20.377    14.301     0.050         5
    22.100    14.030     0.050         5
    23.981    13.763     0.050         5
    25.543    13.528     0.050         5
    27.593    13.221     0.050         5
    29.660    12.918     0.050         5
    31.552    12.643     0.050         5
    33.005    12.416     0.050         5
    35.279    12.056     0.050         5
    36.906    11.776     0.050         5
    38.844    11.394     0.050         5
    40.792    11.013     0.050         5
    43.029    10.649     0.050         5
    44.912    10.374     0.050         5
    46.648    10.127     0.050         5
    48.683     9.895     0.050         5
    49.794     9.801     0.050         5
    52.145     9.557     0.050         5
    52.605     9.510     0.050         5
    53.068     9.454     0.050         5
    53.520     9.399     0.050         5
    53.975     9.339     0.050         5
    54.430     9.289     0.050         5
    55.035     9.203     0.050         5
    55.501     9.150     0.050         5
    55.956     9.091     0.050         5
    56.422     9.027     0.050         5
    56.881     8.982     0.050         5
    57.344     8.917     0.050         5
    57.806     8.859     0.050         5
    58.258     8.797     0.050         5
    58.718     8.739     0.050         5
    59.178     8.681     0.050         5
    59.643     8.618     0.050         5
    60.106     8.551     0.050         5
    60.566     8.481     0.050         5
    61.021     8.429     0.050         5
    61.468     8.386     0.050         5
    61.923     8.325     0.050         5
    62.381     8.260     0.050         5
    62.839     8.177     0.050         5
    63.286     8.115     0.050         5
    63.733     8.045     0.050         5
    64.181     7.996     0.050         5
    64.635     7.935     0.050         5
    65.089     7.860     0.050         5
    65.546     7.812     0.050         5
    66.009     7.741     0.050         5
    66.473     7.698     0.050         5
    66.930     7.630     0.050         5
    67.382     7.561     0.050         5
    67.844     7.503     0.050         5
    68.310     7.438     0.050         5
    68.770     7.379     0.050         5
    69.232     7.309     0.050         5
    69.698     7.238     0.050         5
    70.171     7.172     0.050         5
    70.637     7.090     0.050         5
    71.110     7.017     0.050         5
    71.573     6.960     0.050         5
    72.043     6.887     0.050         5
    72.512     6.810     0.050         5
    72.988     6.745     0.050         5
    73.451     6.672     0.050         5
    73.930     6.582     0.050         5
    74.543     6.502     0.050         5
    74.992     6.437     0.050         5
    75.441     6.341     0.050         5
    75.907     6.263     0.050         5
    76.372     6.181     0.050         5
    76.830     6.096     0.050         5
    77.296     6.011     0.050         5
    77.761     5.923     0.050         5
    78.224     5.810     0.050         5
    80.854     5.097     0.050        10
    81.790     4.862     0.050        10
    82.884     4.629     0.050        10
    83.819     4.398     0.050        10
    84.611     4.213     0.050        10
     5.541    17.659     0.050        14
     6.341    17.544     0.050        14
     7.628    17.344     0.050        14
     8.778    17.169     0.050        14
     9.913    17.010     0.050        14
    11.208    16.814     0.050        14
    11.881    16.711     0.050        14
    13.027    16.539     0.050        14
    14.143    16.368     0.050        14
    15.109    16.228     0.050        14
    16.574    16.009     0.050        14
    17.870    15.830     0.050        14
    19.129    15.655     0.050        14
    20.843    15.392     0.050        14
    22.402    15.177     0.050        14
    23.981    14.959     0.050        14
    25.543    14.748     0.050        14
    26.794    14.590     0.050        14
    28.217    14.407     0.050        14
    29.184    14.309     0.050        14
    29.660    14.246     0.050        14
    30.131    14.183     0.050        14
    30.761    14.085     0.050        14
    31.237    13.980     0.050        14
    31.713    13.931     0.050        14
    32.196    13.862     0.050        14
    32.683    13.782     0.050        14
    33.156    13.698     0.050        14
    33.643    13.634     0.050        14
    34.130    13.554     0.050        14
    34.617    13.478     0.050        14
    55.652    10.084     0.050        14
    56.107    10.007     0.050        14
    56.572     9.956     0.050        14
    57.032     9.886     0.050        14
    57.494     9.825     0.050        14
    57.957     9.761     0.050        14
    58.409     9.698     0.050        14
    58.869     9.638     0.050        14
    59.331     9.576     0.050        14
    59.794     9.517     0.050        14
    60.257     9.448     0.050        14
    60.716     9.394     0.050        14
    61.171     9.335     0.050        14
    61.619     9.281     0.050        14
    62.077     9.222     0.050        14
    62.532     9.160     0.050        14
    62.990     9.097     0.050        14
    63.440     9.033     0.050        14
    63.887     8.969     0.050        14
    64.334     8.916     0.050        14
    64.942     8.824     0.050        14
    65.398     8.756     0.050        14
    65.858     8.693     0.050        14
    66.315     8.633     0.050        14
    66.782     8.570     0.050        14
    67.228     8.511     0.050        14
    67.694     8.457     0.050        14
    68.149     8.385     0.050        14
    68.619     8.311     0.050        14
    69.082     8.260     0.050        14
    69.544     8.186     0.050        14
    70.007     8.129     0.050        14
    70.483     8.055     0.050        14
    70.949     7.983     0.050        14
    71.422     7.905     0.050        14
    71.892     7.846     0.050        14
    72.358     7.771     0.050        14
    72.827     7.687     0.050        14
     3.097    28.448     0.050        24
     6.028    27.696     0.050        24
     7.790    27.202     0.050        24
     9.752    26.660     0.050        24
    10.880    26.332     0.050        24
    11.380    26.206     0.050        24
    11.881    26.098     0.050        24
    12.379    25.961     0.050        24
    12.866    25.864     0.050        24
    13.347    25.743     0.050        24
    13.817    25.650     0.050        24
    14.304    25.554     0.050        24
    14.784    25.446     0.050        24
    15.271    25.338     0.050        24
    15.750    25.189     0.050        24
    16.248    25.096     0.050        24
    16.910    24.897     0.050        24
    17.397    24.749     0.050        24
    17.870    24.638     0.050        24
    18.341    24.515     0.050        24
    18.817    24.380     0.050        24
    19.291    24.218     0.050        24
    19.753    24.134     0.050        24
    20.216    23.989     0.050        24
    20.692    23.884     0.050        24
    21.158    23.748     0.050        24
    21.635    23.643     0.050        24
    22.100    23.528     0.050        24
    22.566    23.419     0.050        24
    23.032    23.283     0.050        24
    23.505    23.170     0.050        24
    23.981    23.046     0.050        24
    24.441    22.954     0.050        24
    24.922    22.831     0.050        24
    25.393    22.684     0.050        24
    43.650    17.943     0.050        24
    45.066    17.525     0.050        24
    55.805    14.962     0.050        24
    57.344    14.554     0.050        24
    62.077    13.155     0.050        24
    64.485    12.524     0.050        24
    90.860     1.000     0.000         0
    91.028     1.942     0.050         1
    91.508     2.001     0.050         1
    91.973     2.096     0.050         1
    92.449     2.236     0.050         1
    92.915     2.398     0.050         1
    93.399     2.582     0.050         1
    93.875     2.806     0.050         1
    94.351     3.038     0.050         1
    91.354     2.565     0.050         2
    91.819     2.613     0.050         2
    92.288     2.700     0.050         2
    92.764     2.814     0.050         2
    93.238     2.949     0.050         2
    93.714     3.089     0.050         2
    98.458     4.752     0.050         5
    98.918     4.796     0.050         5
    99.377     4.801     0.050         5
    99.840     4.840     0.050         5
   100.313     4.871     0.050         5
   100.776     4.939     0.050         5
   101.231     4.997     0.050         5
   101.689     5.034     0.050         5
   102.146     5.075     0.050         5
   102.612     5.130     0.050         5
   103.067     5.191     0.050         5
   103.522     5.259     0.050         5
   103.987     5.323     0.050         5
   104.467     5.403     0.050         5
   104.946     5.468     0.050         5
   105.422     5.532     0.050         5
   105.891     5.602     0.050         5
   106.367     5.664     0.050         5
   106.830     5.726     0.050         5
   107.295     5.819     0.050         5
   107.768     5.891     0.050         5
   108.234     5.984     0.050         5
   108.694     6.044     0.050         5
   109.167     6.126     0.050         5
   109.640     6.203     0.050         5
   110.103     6.298     0.050         5
   110.579     6.388     0.050         5
   111.041     6.430     0.050         5
   111.665     6.537     0.050         5
   112.128     6.609     0.050         5
   112.587     6.675     0.050         5
   113.050     6.751     0.050         5
   113.509     6.837     0.050         5
   113.996     6.927     0.050         5
   114.469     7.017     0.050         5
   114.956     7.102     0.050         5
   115.440     7.201     0.050         5
   115.924     7.270     0.050         5
   116.394     7.347     0.050         5
   116.875     7.453     0.050         5
   117.345     7.528     0.050         5
   117.808     7.592     0.050         5
   118.292     7.680     0.050         5
   118.765     7.749     0.050         5
   119.241     7.826     0.050         5
   119.728     7.910     0.050         5
   120.212     8.002     0.050         5
   120.696     8.053     0.050         5
   121.183     8.151     0.050         5
   121.670     8.231     0.050         5
   122.146     8.304     0.050         5
   122.633     8.392     0.050         5
   123.109     8.478     0.050         5
   123.582     8.564     0.050         5
   124.045     8.646     0.050         5
   124.521     8.734     0.050         5
   124.997     8.821     0.050         5
   125.473     8.881     0.050         5
   125.947     8.942     0.050         5
   126.409     9.008     0.050         5
   126.872     9.099     0.050         5
   127.492     9.188     0.050         5
   127.969     9.255     0.050         5
   128.445     9.327     0.050         5
   128.921     9.397     0.050         5
   129.411     9.471     0.050         5
    96.250     4.114     0.050        10
    97.041     4.308     0.050        10
    97.827     4.506     0.050        10
    98.297     4.636     0.050        10
   101.080     6.188     0.050        14
   101.535     6.219     0.050        14
   101.993     6.258     0.050        14
   102.461     6.313     0.050        14
   102.916     6.373     0.050        14
   103.371     6.449     0.050        14
   103.837     6.514     0.050        14
   104.313     6.588     0.050        14
   104.792     6.660     0.050        14
   105.258     6.736     0.050        14
   105.727     6.814     0.050        14
   106.203     6.889     0.050        14
   106.679     6.951     0.050        14
   107.145     7.018     0.050        14
   107.607     7.095     0.050        14
   108.083     7.184     0.050        14
   108.543     7.265     0.050        14
   109.005     7.361     0.050        14
   109.479     7.442     0.050        14
   109.952     7.521     0.050        14
   110.417     7.602     0.050        14
   110.880     7.671     0.050        14
   111.353     7.728     0.050        14
   111.816     7.797     0.050        14
   112.289     7.866     0.050        14
   112.748     7.930     0.050        14
   113.200     7.998     0.050        14
   113.671     8.066     0.050        14
   114.147     8.174     0.050        14
   114.634     8.257     0.050        14
   115.118     8.348     0.050        14
   115.601     8.443     0.050        14
   116.085     8.532     0.050        14
   116.556     8.603     0.050        14
   117.026     8.696     0.050        14
   117.496     8.759     0.050        14
   117.969     8.827     0.050        14
   118.443     8.907     0.050        14
   118.929     8.987     0.050        14
   119.406     9.071     0.050        14
   119.889     9.147     0.050        14
   120.373     9.223     0.050        14
   120.857     9.311     0.050        14
   121.344     9.391     0.050        14
   121.831     9.479     0.050        14
   122.310     9.569     0.050        14
   122.797     9.649     0.050        14
   123.270     9.743     0.050        14
   124.367     9.920     0.050        14
   125.785    10.119     0.050        14
   127.030    10.302     0.050        14
   127.804    10.418     0.050        14
   128.606    10.545     0.050        14
   216.712    24.418     0.050        14
   218.302    24.814     0.050        14
   220.011    25.263     0.050        14
   222.067    25.756     0.050        14
   223.936    26.150     0.050        14
   226.273    26.621     0.050        14
   228.460    27.067     0.050        14
   230.716    27.443     0.050        14
   233.692    27.939     0.050        14
   236.382    28.371     0.050        14
   239.343    28.768     0.050        14
   241.206    29.076     0.050        14
   244.015    29.461     0.050        14
   103.522     8.758     0.050        24
   103.987     8.920     0.050        24
   104.467     9.036     0.050        24
   104.946     9.171     0.050        24
   105.422     9.307     0.050        24
   105.891     9.439     0.050        24
   106.367     9.600     0.050        24
   106.830     9.752     0.050        24
   107.295     9.850     0.050        24
   107.768     9.983     0.050        24
   108.234    10.118     0.050        24
   108.694    10.194     0.050        24
   109.167    10.318     0.050        24
   109.640    10.503     0.050        24
   110.103    10.618     0.050        24
   110.579    10.771     0.050        24
   111.041    10.862     0.050        24
   111.504    10.991     0.050        24
   111.977    11.158     0.050        24
   112.440    11.283     0.050        24
   112.899    11.431     0.050        24
   113.351    11.573     0.050        24
   113.832    11.711     0.050        24
   114.308    11.884     0.050        24
   114.795    12.049     0.050        24
   115.279    12.129     0.050        24
   115.763    12.296     0.050        24
   116.244    12.458     0.050        24
   116.714    12.558     0.050        24
   117.187    12.723     0.050        24
   117.657    12.825     0.050        24
   118.131    12.988     0.050        24
   118.604    13.050     0.050        24
   119.241    13.224     0.050        24
   119.728    13.356     0.050        24
   120.212    13.456     0.050        24
   120.696    13.601     0.050        24
   121.183    13.710     0.050        24
   121.670    13.843     0.050        24
   122.146    13.973     0.050        24
   122.633    14.096     0.050        24
   124.685    14.623     0.050        24
   128.119    15.573     0.050        24
   131.168    16.477     0.050        24
   133.100    16.983     0.050        24
   136.156    17.821     0.050        24
    96.859    -1.000     0.000         0
    92.765     3.144     0.050         1
    93.238     2.911     0.050         1
    93.715     2.685     0.050         1
    94.188     2.485     0.050         1
    94.664     2.299     0.050         1
    95.140     2.131     0.050         1
    95.616     1.999     0.050         1
    96.089     1.908     0.050         1
    96.564     1.865     0.050         1
    93.550     3.167     0.050         3
    94.188     2.980     0.050         3
    94.825     2.805     0.050         3
    95.452     2.665     0.050         3
    96.414     2.513     0.050         3
     8.603    16.673     0.050         5
     9.103    16.601     0.050         5
     9.590    16.525     0.050         5
    10.075    16.458     0.050         5
    10.548    16.374     0.050         5
    11.044    16.302     0.050         5
    11.545    16.247     0.050         5
    12.042    16.171     0.050         5
    12.543    16.091     0.050         5
    13.186    15.993     0.050         5
    13.656    15.928     0.050         5
    14.143    15.849     0.050         5
    14.620    15.772     0.050         5
    15.110    15.692     0.050         5
    15.600    15.641     0.050         5
    16.087    15.579     0.050         5
    16.574    15.493     0.050         5
    17.074    15.434     0.050         5
    17.709    15.322     0.050         5
    18.183    15.273     0.050         5
    18.656    15.195     0.050         5
    19.129    15.143     0.050         5
    19.603    15.047     0.050         5
    20.065    14.984     0.050         5
    20.531    14.932     0.050         5
    21.008    14.870     0.050         5
    21.473    14.785     0.050         5
    21.947    14.713     0.050         5
    22.402    14.637     0.050         5
    22.878    14.565     0.050         5
    23.820    14.417     0.050         5
    24.441    14.334     0.050         5
    24.922    14.249     0.050         5
    25.393    14.174     0.050         5
    26.017    14.094     0.050         5
    26.479    14.015     0.050         5
    26.956    13.951     0.050         5
    27.432    13.868     0.050         5
    27.906    13.807     0.050         5
    28.379    13.748     0.050         5
    28.858    13.681     0.050         5
    29.335    13.590     0.050         5
    29.822    13.528     0.050         5
    30.284    13.461     0.050         5
    30.761    13.411     0.050         5
    31.237    13.338     0.050         5
    31.714    13.276     0.050         5
    32.357    13.166     0.050         5
    32.844    13.119     0.050         5
    33.318    13.035     0.050         5
    33.808    12.959     0.050         5
    34.292    12.879     0.050         5
    36.253    12.602     0.050         5
    39.005    12.179     0.050         5
    41.448    11.804     0.050         5
    44.288    11.377     0.050         5
    54.734     9.924     0.050         5
    55.501     9.814     0.050         5
    55.956     9.780     0.050         5
    56.422     9.705     0.050         5
    56.881     9.652     0.050         5
    57.344     9.599     0.050         5
    58.108     9.493     0.050         5
    58.568     9.426     0.050         5
    59.017     9.354     0.050         5
    59.482     9.318     0.050         5
    59.945     9.249     0.050         5
    60.408     9.186     0.050         5
    60.867     9.125     0.050         5
    61.314     9.057     0.050         5
    61.772     9.003     0.050         5
    62.381     8.910     0.050         5
    62.839     8.854     0.050         5
    63.286     8.787     0.050         5
    63.734     8.723     0.050         5
    64.181     8.655     0.050         5
    64.636     8.611     0.050         5
    65.089     8.536     0.050         5
    65.546     8.473     0.050         5
    66.009     8.427     0.050         5
    66.473     8.344     0.050         5
    66.930     8.312     0.050         5
    67.382     8.239     0.050         5
    67.844     8.194     0.050         5
    68.310     8.115     0.050         5
    68.770     8.061     0.050         5
    69.232     8.002     0.050         5
    70.007     7.880     0.050         5
    70.483     7.811     0.050         5
    70.949     7.742     0.050         5
    71.422     7.682     0.050         5
    71.892     7.638     0.050         5
    72.358     7.553     0.050         5
    72.827     7.483     0.050         5
    73.300     7.427     0.050         5
    73.769     7.341     0.050         5
    74.242     7.270     0.050         5
    74.694     7.210     0.050         5
    75.143     7.149     0.050         5
    75.602     7.091     0.050         5
    76.057     7.014     0.050         5
    76.526     6.935     0.050         5
    76.992     6.873     0.050         5
    77.457     6.787     0.050         5
    77.912     6.717     0.050         5
    78.375     6.660     0.050         5
    78.848     6.595     0.050         5
    79.318     6.510     0.050         5
    79.770     6.440     0.050         5
    80.233     6.384     0.050         5
    80.703     6.312     0.050         5
    81.166     6.232     0.050         5
    81.628     6.152     0.050         5
    82.102     6.056     0.050         5
    82.561     5.965     0.050         5
    83.045     5.890     0.050         5
    83.508     5.793     0.050         5
    83.984     5.711     0.050         5
    84.450     5.624     0.050         5
    84.923     5.531     0.050         5
    85.399     5.447     0.050         5
    85.865     5.366     0.050         5
    86.341     5.276     0.050         5
    86.807     5.199     0.050         5
    87.283     5.116     0.050         5
    14.620    16.665     0.050        14
    15.110    16.591     0.050        14
    15.600    16.526     0.050        14
    16.087    16.455     0.050        14
    16.574    16.392     0.050        14
    17.074    16.316     0.050        14
    17.559    16.246     0.050        14
    18.032    16.179     0.050        14
    18.502    16.106     0.050        14
    18.979    16.039     0.050        14
    19.441    15.957     0.050        14
    19.915    15.900     0.050        14
    20.378    15.831     0.050        14
    20.843    15.754     0.050        14
    21.320    15.675     0.050        14
    21.785    15.605     0.050        14
    22.251    15.519     0.050        14
    22.717    15.460     0.050        14
    23.193    15.386     0.050        14
    23.656    15.313     0.050        14
    24.129    15.242     0.050        14
    24.600    15.172     0.050        14
    25.073    15.102     0.050        14
    25.543    15.040     0.050        14
    26.017    15.003     0.050        14
    26.479    14.919     0.050        14
    26.956    14.863     0.050        14
    27.432    14.761     0.050        14
    27.906    14.704     0.050        14
    28.379    14.626     0.050        14
    28.858    14.557     0.050        14
    29.335    14.513     0.050        14
    29.822    14.431     0.050        14
    30.284    14.371     0.050        14
    30.761    14.297     0.050        14
    31.237    14.256     0.050        14
    31.714    14.199     0.050        14
    32.196    14.121     0.050        14
    32.683    14.037     0.050        14
    33.156    13.976     0.050        14
    33.643    13.931     0.050        14
    34.130    13.855     0.050        14
    34.617    13.789     0.050        14
    35.107    13.728     0.050        14
    35.605    13.647     0.050        14
    36.092    13.565     0.050        14
    36.584    13.468     0.050        14
    37.057    13.392     0.050        14
    37.544    13.325     0.050        14
    57.495    10.408     0.050        14
    58.409    10.305     0.050        14
    59.482    10.167     0.050        14
    60.257    10.076     0.050        14
    61.468     9.909     0.050        14
    62.227     9.797     0.050        14
    63.286     9.658     0.050        14
    64.334     9.515     0.050        14
    64.794     9.468     0.050        14
    65.251     9.429     0.050        14
    66.167     9.298     0.050        14
    66.621     9.221     0.050        14
    67.078     9.152     0.050        14
    67.532     9.087     0.050        14
    67.995     9.042     0.050        14
    68.461     8.990     0.050        14
    68.920     8.934     0.050        14
    69.394     8.862     0.050        14
    69.859     8.801     0.050        14
    70.322     8.728     0.050        14
    70.798     8.676     0.050        14
    71.261     8.611     0.050        14
    71.731     8.551     0.050        14
    72.207     8.463     0.050        14
    72.673     8.419     0.050        14
    73.139     8.338     0.050        14
    73.615     8.274     0.050        14
    74.091     8.197     0.050        14
    74.543     8.148     0.050        14
    74.992     8.065     0.050        14
    75.441     7.997     0.050        14
    75.907     7.938     0.050        14
    76.372     7.858     0.050        14
    76.830     7.831     0.050        14
    77.296     7.689     0.050        14
    77.762     7.663     0.050        14
    78.224     7.575     0.050        14
    78.697     7.519     0.050        14
    79.157     7.453     0.050        14
    79.620     7.359     0.050        14
    80.082     7.273     0.050        14
    80.542     7.187     0.050        14
    81.015     7.108     0.050        14
    81.478     7.038     0.050        14
    15.271    26.650     0.050        24
    15.750    26.541     0.050        24
    16.412    26.388     0.050        24
    18.656    25.854     0.050        24
    21.785    24.982     0.050        24
    22.251    24.859     0.050        24
    22.717    24.742     0.050        24
    23.193    24.604     0.050        24
    23.656    24.471     0.050        24
    24.129    24.324     0.050        24
    24.600    24.200     0.050        24
    25.073    24.085     0.050        24
    25.543    23.957     0.050        24
    26.017    23.847     0.050        24
    26.479    23.742     0.050        24
    96.859     1.000     0.000         0
    97.205     1.876     0.050         1
    97.677     1.959     0.050         1
    98.146     2.080     0.050         1
    98.606     2.230     0.050         1
    99.069     2.390     0.050         1
    99.539     2.596     0.050         1
   100.001     2.846     0.050         1
   100.464     3.080     0.050         1
    97.205     2.488     0.050         3
    97.827     2.553     0.050         3
    98.458     2.688     0.050         3
   102.612     3.781     0.050         5
   103.067     3.876     0.050         5
   103.522     3.955     0.050         5
   103.988     4.066     0.050         5
   104.467     4.169     0.050         5
   104.946     4.265     0.050         5
   105.423     4.345     0.050         5
   105.891     4.433     0.050         5
   106.367     4.539     0.050         5
   106.830     4.630     0.050         5
   107.296     4.729     0.050         5
   107.769     4.827     0.050         5
   108.234     4.930     0.050         5
   108.694     5.019     0.050         5
   109.167     5.128     0.050         5
   109.640     5.224     0.050         5
   110.103     5.321     0.050         5
   110.579     5.406     0.050         5
   111.041     5.489     0.050         5
   111.504     5.565     0.050         5
   111.977     5.637     0.050         5
   112.440     5.719     0.050         5
   112.899     5.793     0.050         5
   113.509     5.914     0.050         5
   114.147     6.017     0.050         5
   114.795     6.134     0.050         5
   115.279     6.243     0.050         5
   115.763     6.334     0.050         5
   116.244     6.438     0.050         5
   116.714     6.537     0.050         5
   117.187     6.623     0.050         5
   117.658     6.706     0.050         5
   118.131     6.793     0.050         5
   118.604     6.889     0.050         5
   119.080     6.965     0.050         5
   119.567     7.049     0.050         5
   120.051     7.134     0.050         5
   120.535     7.218     0.050         5
   121.183     7.342     0.050         5
   121.670     7.432     0.050         5
   122.146     7.503     0.050         5
   122.633     7.590     0.050         5
   123.109     7.680     0.050         5
   123.582     7.751     0.050         5
   124.045     7.837     0.050         5
   124.521     7.914     0.050         5
   124.997     7.988     0.050         5
   125.473     8.042     0.050         5
   125.947     8.115     0.050         5
   126.409     8.185     0.050         5
   126.872     8.306     0.050         5
   127.342     8.367     0.050         5
   127.805     8.476     0.050         5
   128.281     8.542     0.050         5
   128.771     8.608     0.050         5
   129.250     8.680     0.050         5
   129.737     8.756     0.050         5
   130.213     8.798     0.050         5
   130.692     8.861     0.050         5
   131.168     8.948     0.050         5
   131.655     9.037     0.050         5
   132.131     9.104     0.050         5
   132.621     9.180     0.050         5
   133.100     9.264     0.050         5
   133.587     9.353     0.050         5
   134.077     9.409     0.050         5
   134.564     9.497     0.050         5
   135.043     9.558     0.050         5
   135.529     9.680     0.050         5
   135.995     9.753     0.050         5
   136.471     9.829     0.050         5
   136.947     9.904     0.050         5
   137.424     9.986     0.050         5
   137.900    10.082     0.050         5
   138.365    10.176     0.050         5
   138.852    10.240     0.050         5
   139.328    10.341     0.050         5
   139.804    10.413     0.050         5
   140.291    10.475     0.050         5
   140.929    10.581     0.050         5
   141.577    10.681     0.050         5
   142.064    10.756     0.050         5
   142.701    10.852     0.050         5
   143.503    10.951     0.050         5
   144.473    11.100     0.050         5
   145.433    11.221     0.050         5
   146.243    11.338     0.050         5
   147.353    11.505     0.050         5
   148.478    11.662     0.050         5
   149.745    11.821     0.050         5
   150.536    11.914     0.050         5
   151.623    12.036     0.050         5
   229.028    24.904     0.050         5
   231.423    25.279     0.050         5
   235.099    25.791     0.050         5
   238.573    26.302     0.050         5
   242.994    26.864     0.050         5
   245.239    27.144     0.050         5
   247.835    27.430     0.050         5
   251.256    27.764     0.050         5
   233.832    27.182     0.050         8
   238.573    27.531     0.050         8
   242.843    27.832     0.050         8
   246.129    28.062     0.050         8
   249.708    28.395     0.050         8
   253.795    28.705     0.050         8
   258.006    28.985     0.050         8
   261.976    29.201     0.050         8
   265.221    29.473     0.050         8
   270.073    29.883     0.050         8
   273.454    30.142     0.050         8
   277.840    30.574     0.050         8
   282.172    30.949     0.050         8
   285.848    31.178     0.050         8
   291.021    31.645     0.050         8
   294.963    32.318     0.050         8
   299.421    33.006     0.050         8
   303.286    33.639     0.050         8
   306.570    34.212     0.050         8
   106.991     5.471     0.050        14
   107.457     5.556     0.050        14
   107.922     5.637     0.050        14
   108.396     5.711     0.050        14
   108.855     5.816     0.050        14
   109.315     5.905     0.050        14
   109.791     5.996     0.050        14
   110.264     6.086     0.050        14
   110.730     6.185     0.050        14
   111.192     6.267     0.050        14
   111.665     6.342     0.050        14
   112.128     6.420     0.050        14
   112.587     6.518     0.050        14
   113.050     6.602     0.050        14
   113.509     6.644     0.050        14
   113.996     6.731     0.050        14
   114.470     6.834     0.050        14
   114.956     6.953     0.050        14
   115.440     7.045     0.050        14
   115.924     7.121     0.050        14
   116.394     7.205     0.050        14
   116.875     7.290     0.050        14
   117.346     7.373     0.050        14
   117.808     7.459     0.050        14
   118.292     7.554     0.050        14
   118.765     7.637     0.050        14
   119.241     7.719     0.050        14
   119.728     7.803     0.050        14
   120.212     7.875     0.050        14
   120.696     7.951     0.050        14
   121.183     8.039     0.050        14
   121.670     8.122     0.050        14
   122.146     8.219     0.050        14
   122.633     8.306     0.050        14
   123.109     8.401     0.050        14
   123.582     8.499     0.050        14
   124.045     8.562     0.050        14
   124.521     8.621     0.050        14
   124.997     8.692     0.050        14
   125.473     8.765     0.050        14
   125.947     8.806     0.050        14
   126.409     8.955     0.050        14
   126.872     9.020     0.050        14
   127.342     9.086     0.050        14
   127.805     9.158     0.050        14
   128.281     9.246     0.050        14
   128.771     9.316     0.050        14
   129.250     9.390     0.050        14
   129.737     9.468     0.050        14
   130.213     9.542     0.050        14
   130.692     9.612     0.050        14
   131.168     9.683     0.050        14
   131.655     9.767     0.050        14
   132.131     9.839     0.050        14
   132.621     9.935     0.050        14
   133.100    10.007     0.050        14
   133.587    10.091     0.050        14
   134.077    10.175     0.050        14
   134.564    10.243     0.050        14
   135.043    10.335     0.050        14
   135.529    10.427     0.050        14
   135.995    10.499     0.050        14
   136.471    10.567     0.050        14
   136.947    10.647     0.050        14
   137.424    10.719     0.050        14
   137.900    10.807     0.050        14
   138.365    10.899     0.050        14
   138.852    10.971     0.050        14
   139.328    11.047     0.050        14
   139.804    11.142     0.050        14
   140.291    11.210     0.050        14
   140.775    11.302     0.050        14
   141.251    11.401     0.050        14
   141.738    11.434     0.050        14
   142.225    11.502     0.050        14
   142.701    11.545     0.050        14
   143.177    11.592     0.050        14
   143.664    11.675     0.050        14
   144.148    11.731     0.050        14
   144.624    11.835     0.050        14
   145.111    11.857     0.050        14
   145.595    11.939     0.050        14
   146.081    12.048     0.050        14
   146.565    12.096     0.050        14
   147.041    12.131     0.050        14
   147.515    12.191     0.050        14
   148.001    12.254     0.050        14
   148.478    12.405     0.050        14
   148.954    12.477     0.050        14
   149.430    12.440     0.050        14
   149.906    12.600     0.050        14
   150.374    12.660     0.050        14
   117.346    11.145     0.050        24
   117.969    11.383     0.050        24
   118.443    11.507     0.050        24
   118.930    11.620     0.050        24
   119.406    11.801     0.050        24
   119.890    11.918     0.050        24
   120.374    12.057     0.050        24
   120.857    12.197     0.050        24
   121.344    12.354     0.050        24
   121.831    12.497     0.050        24
   122.310    12.633     0.050        24
   122.797    12.791     0.050        24
   123.270    12.898     0.050        24
   123.733    13.012     0.050        24
   124.206    13.138     0.050        24
   124.685    13.280     0.050        24
   125.162    13.367     0.050        24
   125.635    13.464     0.050        24
   126.097    13.643     0.050        24
   126.560    13.739     0.050        24
   127.030    13.870     0.050        24
   127.493    13.995     0.050        24
   127.969    14.171     0.050        24
   128.445    14.280     0.050        24
   128.921    14.422     0.050        24
   129.411    14.555     0.050        24
   129.887    14.701     0.050        24
   130.377    14.814     0.050        24
   130.853    14.966     0.050        24
   131.329    15.110     0.050        24
   131.805    15.294     0.050        24
   132.295    15.477     0.050        24
   102.860    -1.000     0.000         0
    99.228     2.936     0.050         1
    99.691     2.708     0.050         1
   100.153     2.476     0.050         1
   100.616     2.276     0.050         1
   101.082     2.063     0.050         1
   101.537     1.950     0.050         1
   101.995     1.851     0.050         1
   102.462     1.794     0.050         1
   102.794     1.777     0.050         1
    28.380    14.499     0.050         5
    30.761    14.104     0.050         5
    33.318    13.784     0.050         5
    35.606    13.385     0.050         5
    38.357    12.975     0.050         5
    56.573    10.398     0.050         5
    59.332    10.036     0.050         5
    60.107     9.948     0.050         5
    61.021     9.831     0.050         5
    61.619     9.755     0.050         5
    62.077     9.696     0.050         5
    62.532     9.634     0.050         5
    63.441     9.501     0.050         5
    64.181     9.391     0.050         5
    64.795     9.297     0.050         5
    65.399     9.264     0.050         5
    65.859     9.166     0.050         5
    66.315     9.100     0.050         5
    66.783     9.047     0.050         5
    67.229     9.001     0.050         5
    67.694     8.926     0.050         5
    68.149     8.858     0.050         5
    68.620     8.799     0.050         5
    69.082     8.758     0.050         5
    69.545     8.665     0.050         5
    70.008     8.644     0.050         5
    70.484     8.568     0.050         5
    70.949     8.516     0.050         5
    71.423     8.393     0.050         5
    71.893     8.352     0.050         5
    72.359     8.290     0.050         5
    72.827     8.221     0.050         5
    73.301     8.151     0.050         5
    73.769     8.075     0.050         5
    74.243     8.013     0.050         5
    74.694     7.947     0.050         5
    75.143     7.861     0.050         5
    75.603     7.791     0.050         5
    76.058     7.731     0.050         5
    76.527     7.710     0.050         5
    76.992     7.565     0.050         5
    77.458     7.499     0.050         5
    77.913     7.441     0.050         5
    78.375     7.379     0.050         5
    78.849     7.322     0.050         5
    79.319     7.237     0.050         5
    79.771     7.161     0.050         5
    80.234     7.105     0.050         5
    80.704     7.029     0.050         5
    81.166     6.945     0.050         5
    81.629     6.866     0.050         5
    82.102     6.782     0.050         5
    82.562     6.718     0.050         5
    83.046     6.640     0.050         5
    83.508     6.561     0.050         5
    83.985     6.444     0.050         5
    84.450     6.377     0.050         5
    84.924     6.284     0.050         5
    85.400     6.204     0.050         5
    85.865     6.136     0.050         5
    86.342     6.077     0.050         5
    86.807     5.994     0.050         5
    87.284     5.899     0.050         5
    87.757     5.831     0.050         5
    88.233     5.755     0.050         5
    88.699     5.679     0.050         5
    89.164     5.620     0.050         5
    89.633     5.546     0.050         5
    90.099     5.490     0.050         5
    90.879     5.340     0.050         5
    91.975     5.131     0.050         5
    93.400     4.838     0.050        10
    93.877     4.689     0.050        10
    94.353     4.510     0.050        10
    94.826     4.367     0.050        10
    95.302     4.225     0.050        10
    95.779     4.077     0.050        10
    96.252     3.919     0.050        10
    96.728     3.773     0.050        10
    97.204     3.641     0.050        10
    97.678     3.482     0.050        10
   102.860     1.000     0.000         0
   103.220     1.796     0.050         1
   103.685     1.890     0.050         1
   104.154     2.025     0.050         1
   104.630     2.199     0.050         1
   105.109     2.401     0.050         1
   105.575     2.595     0.050         1
   111.978     4.361     0.050         5
   112.440     4.454     0.050         5
   112.900     4.551     0.050         5
   113.352     4.657     0.050         5
   113.833     4.756     0.050         5
   114.309     4.859     0.050         5
   114.796     4.948     0.050         5
   115.280     5.033     0.050         5
   115.763     5.141     0.050         5
   116.244     5.242     0.050         5
   116.715     5.350     0.050         5
   117.188     5.435     0.050         5
   117.658     5.526     0.050         5
   118.131     5.616     0.050         5
   118.605     5.688     0.050         5
   119.081     5.767     0.050         5
   119.568     5.853     0.050         5
   120.052     5.931     0.050         5
   120.536     6.015     0.050         5
   121.022     6.106     0.050         5
   121.509     6.198     0.050         5
   121.985     6.285     0.050         5
   122.472     6.373     0.050         5
   122.959     6.469     0.050         5
   124.046     6.690     0.050         5
   125.162     6.899     0.050         5
   126.560     7.139     0.050         5
   127.969     7.367     0.050         5
   129.250     7.562     0.050         5
   130.213     7.702     0.050         5
   131.169     7.833     0.050         5
   132.296     8.008     0.050         5
   133.587     8.212     0.050         5
   134.564     8.380     0.050         5
   135.996     8.649     0.050         5
   137.739     8.958     0.050         5
   138.853     9.154     0.050         5
   139.654     9.298     0.050         5
   140.614     9.442     0.050         5
   141.577     9.577     0.050         5
   142.540     9.708     0.050         5
   143.339     9.811     0.050         5
   144.474     9.991     0.050         5
   146.082    10.222     0.050         5
   147.042    10.365     0.050         5
   148.642    10.584     0.050         5
   150.690    10.846     0.050         5
   225.529    22.765     0.050         5
   227.296    23.149     0.050         5
   229.028    23.525     0.050         5
   230.440    23.761     0.050         5
   231.851    24.007     0.050         5
   233.553    24.281     0.050         5
   235.670    24.633     0.050         5
   237.692    24.910     0.050         5
   245.079    27.406     0.050         8
   248.921    27.693     0.050         8
   252.363    27.889     0.050         8
   256.273    28.162     0.050         8
   259.278    28.323     0.050         8
   262.786    28.486     0.050         8
   265.552    28.702     0.050         8
   268.802    28.975     0.050         8
   271.998    29.127     0.050         8
   275.412    29.356     0.050         8
   279.448    29.499     0.050         8
   283.127    29.681     0.050         8
   286.653    29.971     0.050         8
   290.040    30.372     0.050         8
   292.785    30.733     0.050         8
   297.117    31.254     0.050         8
   106.681     3.052     0.050        10
   107.146     3.169     0.050        10
   107.609     3.286     0.050        10
   108.085     3.404     0.050        10
   108.544     3.529     0.050        10
   109.007     3.642     0.050        10
   109.480     3.751     0.050        10
   109.953     3.871     0.050        10
   110.418     3.981     0.050        10
   110.881     4.090     0.050        10
   111.354     4.224     0.050        10
   108.860    -1.000     0.000         0
   105.423     2.660     0.050         1
   105.890     2.415     0.050         1
   106.366     2.209     0.050         1
   106.828     2.022     0.050         1
   107.293     1.832     0.050         1
   107.765     1.715     0.050         1
   108.227     1.632     0.050         1
   108.672     1.604     0.050         1
   106.202     2.681     0.050         2
   106.678     2.472     0.050         2
   107.143     2.336     0.050         2
   107.604     2.212     0.050         2
   108.078     2.140     0.050         2
   108.531     2.099     0.050         2
    11.706    18.023     0.050         5
    12.207    17.936     0.050         5
    12.705    17.864     0.050         5
    13.186    17.808     0.050         5
    13.656    17.718     0.050         5
    14.143    17.645     0.050         5
    14.620    17.579     0.050         5
    15.110    17.510     0.050         5
    15.600    17.427     0.050         5
    16.087    17.360     0.050         5
    16.738    17.255     0.050         5
    17.236    17.184     0.050         5
    17.871    17.111     0.050         5
    18.341    17.025     0.050         5
    18.979    16.898     0.050         5
    19.442    16.868     0.050         5
    20.217    16.766     0.050         5
    20.693    16.680     0.050         5
    21.159    16.609     0.050         5
    21.635    16.523     0.050         5
    22.101    16.451     0.050         5
    22.566    16.370     0.050         5
    23.032    16.316     0.050         5
    23.506    16.241     0.050         5
    23.982    16.156     0.050         5
    24.600    16.070     0.050         5
    25.393    15.945     0.050         5
    25.856    15.853     0.050         5
    26.329    15.791     0.050         5
    26.795    15.729     0.050         5
    27.268    15.681     0.050         5
    28.067    15.548     0.050         5
    28.544    15.472     0.050         5
    29.020    15.396     0.050         5
    29.496    15.314     0.050         5
    29.973    15.270     0.050         5
    30.610    15.154     0.050         5
    31.076    15.092     0.050         5
    31.553    15.049     0.050         5
    32.032    14.961     0.050         5
    32.522    14.909     0.050         5
    33.006    14.850     0.050         5
    33.482    14.751     0.050         5
    33.969    14.707     0.050         5
    34.456    14.626     0.050         5
    34.943    14.561     0.050         5
    35.444    14.473     0.050         5
    35.931    14.392     0.050         5
    36.907    14.244     0.050         5
    38.680    13.904     0.050         5
    39.983    13.682     0.050         5
    41.599    13.445     0.050         5
    42.731    13.264     0.050         5
    43.973    13.046     0.050         5
    45.542    12.776     0.050         5
    47.591    12.503     0.050         5
    49.321    12.254     0.050         5
    51.519    12.039     0.050         5
    52.605    11.913     0.050         5
    53.520    11.802     0.050         5
    54.126    11.731     0.050         5
    55.036    11.616     0.050         5
    56.261    11.451     0.050         5
    56.723    11.390     0.050         5
    57.183    11.324     0.050         5
    57.656    11.267     0.050         5
    58.108    11.229     0.050         5
    58.568    11.169     0.050         5
    59.017    11.104     0.050         5
    59.483    11.049     0.050         5
    59.945    10.994     0.050         5
    60.408    10.929     0.050         5
    60.868    10.852     0.050         5
    61.315    10.798     0.050         5
    61.773    10.745     0.050         5
    62.228    10.674     0.050         5
    62.686    10.611     0.050         5
    63.144    10.564     0.050         5
    63.591    10.493     0.050         5
    64.041    10.434     0.050         5
    64.485    10.373     0.050         5
    64.942    10.324     0.050         5
    65.399    10.267     0.050         5
    65.859    10.195     0.050         5
    66.315    10.142     0.050         5
    66.783    10.080     0.050         5
    67.382     9.978     0.050         5
    67.845     9.923     0.050         5
    68.310     9.868     0.050         5
    68.770     9.812     0.050         5
    69.233     9.760     0.050         5
    69.698     9.688     0.050         5
    70.172     9.629     0.050         5
    70.637     9.554     0.050         5
    71.111     9.484     0.050         5
    71.573     9.421     0.050         5
    72.043     9.358     0.050         5
    72.512     9.284     0.050         5
    72.988     9.214     0.050         5
    73.451     9.144     0.050         5
    73.930     9.070     0.050         5
    74.393     9.008     0.050         5
    74.845     8.939     0.050         5
    75.294     8.873     0.050         5
    75.753     8.803     0.050         5
    76.222     8.729     0.050         5
    76.677     8.661     0.050         5
    77.143     8.596     0.050         5
    77.608     8.515     0.050         5
    78.074     8.449     0.050         5
    78.536     8.395     0.050         5
    79.010     8.326     0.050         5
    79.469     8.258     0.050         5
    79.932     8.183     0.050         5
    80.395     8.119     0.050         5
    80.854     8.052     0.050         5
    81.317     7.970     0.050         5
    82.102     7.850     0.050         5
    82.562     7.769     0.050         5
    83.046     7.681     0.050         5
    83.508     7.601     0.050         5
    83.985     7.505     0.050         5
    84.450     7.433     0.050         5
    84.923     7.361     0.050         5
    85.400     7.281     0.050         5
    85.865     7.205     0.050         5
    86.342     7.129     0.050         5
    86.807     7.038     0.050         5
    87.283     6.975     0.050         5
    87.757     6.900     0.050         5
    88.233     6.818     0.050         5
    88.699     6.740     0.050         5
    89.164     6.674     0.050         5
    89.633     6.610     0.050         5
    90.098     6.558     0.050         5
    90.564     6.490     0.050         5
    91.030     6.416     0.050         5
    91.509     6.339     0.050         5
    91.974     6.253     0.050         5
    92.451     6.161     0.050         5
    93.077     6.059     0.050         5
    93.876     5.944     0.050         5
     4.879    19.025     0.050         8
     5.541    18.954     0.050         8
     6.341    18.873     0.050         8
     6.825    18.824     0.050         8
     7.309    18.781     0.050         8
     7.790    18.721     0.050         8
     8.277    18.667     0.050         8
     8.778    18.611     0.050         8
     9.268    18.554     0.050         8
     9.752    18.521     0.050         8
    10.236    18.467     0.050         8
    10.716    18.407     0.050         8
    11.209    18.356     0.050         8
    11.706    18.300     0.050         8
    12.207    18.226     0.050         8
    12.705    18.161     0.050         8
    13.186    18.099     0.050         8
    13.656    18.044     0.050         8
    14.143    17.988     0.050         8
    14.620    17.937     0.050         8
    15.110    17.866     0.050         8
    15.600    17.798     0.050         8
    16.087    17.739     0.050         8
    16.574    17.679     0.050         8
    17.075    17.628     0.050         8
    17.559    17.561     0.050         8
    18.183    17.498     0.050         8
    18.656    17.430     0.050         8
    19.130    17.387     0.050         8
    19.603    17.324     0.050         8
    20.066    17.273     0.050         8
    20.532    17.225     0.050         8
    21.008    17.162     0.050         8
    21.474    17.099     0.050         8
    21.947    17.051     0.050         8
    22.878    16.916     0.050         8
    23.656    16.809     0.050         8
    24.761    16.658     0.050         8
    25.393    16.566     0.050         8
    26.017    16.479     0.050         8
    27.118    16.328     0.050         8
    28.067    16.205     0.050         8
    29.184    16.054     0.050         8
    29.973    15.951     0.050         8
    30.922    15.828     0.050         8
    32.196    15.649     0.050         8
    33.482    15.453     0.050         8
    34.943    15.234     0.050         8
    35.931    15.115     0.050         8
    37.383    14.892     0.050         8
    38.680    14.705     0.050         8
    40.305    14.482     0.050         8
    41.129    14.375     0.050         8
    42.570    14.172     0.050         8
    43.973    13.986     0.050         8
    95.141     5.666     0.050        10
    95.617     5.538     0.050        10
    96.090     5.413     0.050        10
    96.567     5.281     0.050        10
    97.043     5.150     0.050        10
    97.516     5.022     0.050        10
    97.989     4.870     0.050        10
    98.460     4.746     0.050        10
    98.919     4.643     0.050        10
    99.379     4.531     0.050        10
    99.841     4.422     0.050        10
   100.315     4.293     0.050        10
   100.777     4.167     0.050        10
   101.232     4.060     0.050        10
   101.690     3.953     0.050        10
   102.148     3.842     0.050        10
   102.613     3.742     0.050        10
   103.068     3.636     0.050        10
   103.523     3.540     0.050        10
     8.939    19.470     0.050        12
    11.209    19.190     0.050        12
    13.186    18.984     0.050        12
    15.923    18.648     0.050        12
    18.656    18.300     0.050        12
    20.217    18.120     0.050        12
    22.101    17.868     0.050        12
    24.291    17.596     0.050        12
    25.856    17.416     0.050        12
    27.745    17.180     0.050        12
    30.131    16.913     0.050        12
    33.482    16.477     0.050        12
    37.383    15.894     0.050        12
    40.470    15.382     0.050        12
    42.731    15.032     0.050        12
    12.207    18.781     0.050        14
    12.705    18.725     0.050        14
    13.506    18.585     0.050        14
    13.979    18.543     0.050        14
    14.946    18.342     0.050        14
    15.436    18.265     0.050        14
    15.923    18.192     0.050        14
    16.413    18.106     0.050        14
    16.910    18.022     0.050        14
    17.398    17.984     0.050        14
    17.871    17.945     0.050        14
    18.341    17.844     0.050        14
    18.818    17.755     0.050        14
    19.291    17.698     0.050        14
    19.754    17.600     0.050        14
    20.217    17.466     0.050        14
    20.693    17.455     0.050        14
    21.159    17.378     0.050        14
    21.635    17.312     0.050        14
    22.101    17.244     0.050        14
    22.566    17.166     0.050        14
    23.032    17.093     0.050        14
    23.506    17.106     0.050        14
    23.982    16.946     0.050        14
    24.442    16.885     0.050        14
    24.923    16.792     0.050        14
    25.393    16.738     0.050        14
    25.856    16.669     0.050        14
    26.329    16.584     0.050        14
    26.795    16.526     0.050        14
    27.268    16.438     0.050        14
    27.745    16.352     0.050        14
    28.218    16.297     0.050        14
    28.694    16.246     0.050        14
    29.184    16.164     0.050        14
    29.661    16.059     0.050        14
    30.131    15.978     0.050        14
    30.610    15.948     0.050        14
    31.076    15.859     0.050        14
    31.553    15.760     0.050        14
    32.032    15.705     0.050        14
    32.522    15.608     0.050        14
    33.006    15.533     0.050        14
    33.482    15.474     0.050        14
    33.969    15.415     0.050        14
    34.456    15.342     0.050        14
    36.092    15.102     0.050        14
    37.870    14.853     0.050        14
    40.470    14.421     0.050        14
    43.030    13.960     0.050        14
    45.066    13.678     0.050        14
    47.429    13.319     0.050        14
    49.633    13.042     0.050        14
    51.672    12.809     0.050        14
    53.975    12.557     0.050        14
    55.036    12.455     0.050        14
    56.422    12.315     0.050        14
    56.882    12.229     0.050        14
    57.344    12.189     0.050        14
    57.807    12.085     0.050        14
    58.259    12.110     0.050        14
    58.719    12.057     0.050        14
    59.178    11.997     0.050        14
    59.644    11.936     0.050        14
    60.107    11.867     0.050        14
    60.566    11.838     0.050        14
    61.021    11.756     0.050        14
    61.469    11.713     0.050        14
    61.923    11.666     0.050        14
    62.381    11.616     0.050        14
    62.839    11.558     0.050        14
    63.287    11.522     0.050        14
    63.734    11.452     0.050        14
    64.181    11.395     0.050        14
    64.636    11.274     0.050        14
    65.090    11.253     0.050        14
    65.547    11.164     0.050        14
    66.009    11.095     0.050        14
    66.474    11.031     0.050        14
    66.930    10.978     0.050        14
    67.382    10.908     0.050        14
    67.845    10.849     0.050        14
    68.310    10.774     0.050        14
    68.770    10.692     0.050        14
    69.233    10.621     0.050        14
    69.698    10.559     0.050        14
    70.172    10.502     0.050        14
    70.637    10.448     0.050        14
    71.111    10.382     0.050        14
    71.573    10.328     0.050        14
    72.043    10.261     0.050        14
    72.512    10.178     0.050        14
    72.988    10.095     0.050        14
    73.451    10.016     0.050        14
    73.930     9.940     0.050        14
    74.393     9.893     0.050        14
    74.845     9.836     0.050        14
    75.294     9.740     0.050        14
    75.753     9.704     0.050        14
    76.222     9.650     0.050        14
    76.677     9.547     0.050        14
    77.143     9.502     0.050        14
    77.608     9.449     0.050        14
    78.074     9.387     0.050        14
    78.536     9.333     0.050        14
    79.010     9.264     0.050        14
    79.469     9.182     0.050        14
    79.932     9.107     0.050        14
    80.395     9.034     0.050        14
    80.854     8.961     0.050        14
    81.317     8.884     0.050        14
    81.790     8.796     0.050        14
    82.260     8.723     0.050        14
    82.723     8.639     0.050        14
    83.196     8.568     0.050        14
    83.670     8.480     0.050        14
    84.135     8.407     0.050        14
    84.611     8.332     0.050        14
    85.074     8.256     0.050        14
    85.550     8.179     0.050        14
    86.027     8.090     0.050        14
    86.492     8.007     0.050        14
    86.968     7.933     0.050        14
    87.445     7.866     0.050        14
    87.921     7.790     0.050        14
    88.387     7.714     0.050        14
    88.852     7.650     0.050        14
    89.318     7.594     0.050        14
    89.794     7.510     0.050        14
    90.260     7.446     0.050        14
    90.725     7.381     0.050        14
    91.194     7.288     0.050        14
    91.659     7.207     0.050        14
     5.706    32.232     0.050        24
     8.277    31.547     0.050        24
    10.716    30.901     0.050        24
    13.028    30.299     0.050        24
    15.271    29.666     0.050        24
    16.087    29.456     0.050        24
    17.075    29.188     0.050        24
    18.183    28.871     0.050        24
    20.217    28.310     0.050        24
    21.786    27.874     0.050        24
    23.982    27.306     0.050        24
    25.705    26.859     0.050        24
    27.118    26.460     0.050        24
    28.859    25.975     0.050        24
    29.973    25.690     0.050        24
    30.761    25.485     0.050        24
    32.683    25.043     0.050        24
    35.444    24.227     0.050        24
    37.706    23.594     0.050        24
    40.792    22.820     0.050        24
    43.030    22.270     0.050        24
    45.066    21.752     0.050        24
    46.334    21.410     0.050        24
    47.591    21.109     0.050        24
    48.371    20.923     0.050        24
    49.633    20.607     0.050        24
    50.887    20.309     0.050        24
    52.605    19.888     0.050        24
    55.036    19.292     0.050        24
    56.422    18.944     0.050        24
    57.495    18.671     0.050        24
    58.568    18.431     0.050        24
    59.795    18.111     0.050        24
    60.566    17.943     0.050        24
    61.619    17.707     0.050        24
    62.228    17.564     0.050        24
    63.287    17.263     0.050        24
    64.181    17.053     0.050        24
    65.399    16.767     0.050        24
    66.168    16.581     0.050        24
    67.078    16.373     0.050        24
    67.995    16.162     0.050        24
    70.484    15.584     0.050        24
    72.512    15.066     0.050        24
    74.694    14.524     0.050        24
    76.526    14.025     0.050        24
    78.536    13.499     0.050        24
    81.016    12.966     0.050        24
    84.450    11.998     0.050        24
    87.595    11.111     0.050        24
    13.656    31.138     0.050        28
    14.143    31.057     0.050        28
    14.620    30.889     0.050        28
    15.110    30.799     0.050        28
    15.600    30.625     0.050        28
    16.087    30.513     0.050        28
    16.574    30.405     0.050        28
    17.075    30.314     0.050        28
    17.559    30.209     0.050        28
    18.032    30.068     0.050        28
    18.503    29.961     0.050        28
    18.979    29.853     0.050        28
    19.442    29.745     0.050        28
    19.915    29.657     0.050        28
    20.378    29.553     0.050        28
    20.844    29.449     0.050        28
    21.320    29.337     0.050        28
    21.786    29.233     0.050        28
    22.251    29.122     0.050        28
    22.717    29.007     0.050        28
    23.193    28.883     0.050        28
    23.656    28.795     0.050        28
    24.130    28.702     0.050        28
    24.600    28.613     0.050        28
    25.073    28.505     0.050        28
    25.544    28.394     0.050        28
    26.017    28.255     0.050        28
    26.480    28.165     0.050        28
    26.956    28.057     0.050        28
    27.433    27.923     0.050        28
    27.906    27.807     0.050        28
    28.379    27.690     0.050        28
    28.859    27.594     0.050        28
    29.335    27.480     0.050        28
    29.822    27.356     0.050        28
    30.285    27.272     0.050        28
    30.761    27.168     0.050        28
    31.237    27.060     0.050        28
    31.714    26.948     0.050        28
    32.196    26.844     0.050        28
    32.683    26.736     0.050        28
   108.860     1.000     0.000         0
   109.321     1.640     0.050         1
   109.794     1.741     0.050         1
   110.266     1.878     0.050         1
   110.731     2.053     0.050         1
   111.193     2.285     0.050         1
   111.666     2.544     0.050         1
   109.030     2.126     0.050         2
   109.484     2.143     0.050         2
   109.955     2.226     0.050         2
   110.420     2.328     0.050         2
   110.882     2.467     0.050         2
   118.604     4.783     0.050         5
   119.406     4.931     0.050         5
   119.890     5.023     0.050         5
   120.374     5.116     0.050         5
   120.858     5.216     0.050         5
   121.345     5.298     0.050         5
   121.832     5.395     0.050         5
   122.311     5.510     0.050         5
   122.798     5.588     0.050         5
   123.271     5.679     0.050         5
   123.733     5.779     0.050         5
   124.207     5.875     0.050         5
   124.686     5.970     0.050         5
   125.162     6.052     0.050         5
   125.635     6.133     0.050         5
   126.098     6.212     0.050         5
   126.560     6.281     0.050         5
   127.343     6.410     0.050         5
   129.411     6.743     0.050         5
   131.330     7.052     0.050         5
   132.621     7.268     0.050         5
   134.564     7.608     0.050         5
   136.472     7.956     0.050         5
   137.574     8.169     0.050         5
   138.688     8.390     0.050         5
   139.490     8.514     0.050         5
   140.614     8.690     0.050         5
   141.900     8.893     0.050         5
   143.016     9.057     0.050         5
   143.987     9.184     0.050         5
   145.434     9.370     0.050         5
   147.354     9.636     0.050         5
   148.954     9.851     0.050         5
   150.851    10.105     0.050         5
   224.808    21.703     0.050         5
   226.855    22.150     0.050         5
   228.748    22.513     0.050         5
   230.716    22.879     0.050         5
   232.985    23.270     0.050         5
   234.809    23.574     0.050         5
   237.251    23.936     0.050         5
   239.343    24.253     0.050         5
   240.744    24.451     0.050         5
   242.274    24.661     0.050         5
   244.015    24.873     0.050         5
   245.976    25.117     0.050         5
   247.052    25.272     0.050         5
   249.236    25.567     0.050         5
   250.939    25.775     0.050         5
   252.199    25.931     0.050         5
   254.566    26.181     0.050         5
   256.735    26.453     0.050         5
   258.479    26.575     0.050         5
   259.753    26.649     0.050         5
   261.014    26.711     0.050         5
   262.947    26.904     0.050         5
   239.504    25.780     0.050         8
   241.354    25.937     0.050         8
   244.015    26.174     0.050         8
   247.671    26.504     0.050         8
   250.317    26.777     0.050         8
   252.681    26.932     0.050         8
   255.187    27.105     0.050         8
   257.208    27.299     0.050         8
   260.863    27.531     0.050         8
   264.400    27.814     0.050         8
   266.863    28.029     0.050         8
   268.955    28.235     0.050         8
   270.712    28.296     0.050         8
   274.422    28.550     0.050         8
   277.529    28.676     0.050         8
   279.773    28.763     0.050         8
   282.021    28.890     0.050         8
   284.404    29.051     0.050         8
   286.173    29.179     0.050         8
   288.421    29.405     0.050         8
   290.688    29.624     0.050         8
   293.718    29.976     0.050         8
   296.348    30.379     0.050         8
   299.114    30.791     0.050         8
   302.021    31.266     0.050         8
   304.060    31.568     0.050         8
   306.420    31.935     0.050         8
   308.445    32.224     0.050         8
   311.105    32.664     0.050         8
   314.070    33.136     0.050         8
   316.405    33.476     0.050         8
   318.632    33.867     0.050         8
   320.685    34.272     0.050         8
   324.511    34.964     0.050         8
   113.997     3.595     0.050        10
   114.470     3.740     0.050        10
   114.957     3.864     0.050        10
   115.441     4.005     0.050        10
   115.924     4.142     0.050        10
   116.395     4.269     0.050        10
   116.876     4.394     0.050        10
   117.346     4.517     0.050        10
   229.746    26.271     0.050        12
   235.099    26.741     0.050        12
   239.970    27.102     0.050        12
   245.688    27.620     0.050        12
   250.317    27.936     0.050        12
   253.795    28.162     0.050        12
   256.434    28.320     0.050        12
   259.915    28.575     0.050        12
   263.745    28.820     0.050        12
   267.511    29.069     0.050        12
   270.074    29.257     0.050        12
   274.422    29.554     0.050        12
   277.529    29.727     0.050        12
   281.381    29.960     0.050        12
   286.813    30.326     0.050        12
   292.785    30.885     0.050        12
   298.040    31.615     0.050        12
   304.060    32.573     0.050        12
   311.105    33.750     0.050        12
   315.779    34.565     0.050        12
   320.523    35.326     0.050        12
   324.825    36.068     0.050        12
   329.358    36.843     0.050        12
   333.072    37.480     0.050        12
   338.719    38.407     0.050        12
   346.354    39.486     0.050        12
   120.374     5.948     0.050        14
   121.509     6.163     0.050        14
   122.798     6.424     0.050        14
   123.733     6.624     0.050        14
   125.162     6.829     0.050        14
   126.560     7.113     0.050        14
   135.204     8.700     0.050        14
   137.424     9.101     0.050        14
   139.654     9.473     0.050        14
   141.577     9.752     0.050        14
   143.664    10.042     0.050        14
   144.624    10.169     0.050        14
   146.082    10.405     0.050        14
   147.841    10.648     0.050        14
   149.581    10.857     0.050        14
   151.005    11.035     0.050        14
   227.296    23.398     0.050        14
   230.160    23.964     0.050        14
   232.558    24.429     0.050        14
   235.379    24.938     0.050        14
   237.982    25.394     0.050        14
   241.507    25.842     0.050        14
   245.976    26.353     0.050        14
   252.681    27.156     0.050        14
   258.801    27.635     0.050        14
   264.081    28.130     0.050        14
   269.750    28.681     0.050        14
   274.586    29.104     0.050        14
   278.810    29.475     0.050        14
   283.288    29.911     0.050        14
   303.437    32.239     0.050        15
   309.848    33.152     0.050        15
   315.005    33.853     0.050        15
   119.242     7.155     0.050        24
   120.213     7.503     0.050        24
   121.345     7.921     0.050        24
   122.798     8.458     0.050        24
   140.775    14.879     0.050        24
   144.148    15.897     0.050        24
   145.272    16.250     0.050        24
   146.716    16.641     0.050        24
   114.812    -1.000     0.000         0
   111.035     2.933     0.050         1
   111.497     2.685     0.050         1
   111.970     2.465     0.050         1
   112.431     2.259     0.050         1
   112.889     2.051     0.050         1
   113.338     1.906     0.050         1
   113.816     1.810     0.050         1
   114.275     1.747     0.050         1
   114.622     1.717     0.050         1
    27.745    16.420     0.050         5
    29.973    16.098     0.050         5
    32.683    15.712     0.050         5
    35.280    15.313     0.050         5
    38.032    14.844     0.050         5
    40.305    14.518     0.050         5
    54.885    12.457     0.050         5
    56.573    12.251     0.050         5
    58.568    11.977     0.050         5
    59.178    11.900     0.050         5
    59.644    11.839     0.050         5
    60.107    11.793     0.050         5
    60.566    11.740     0.050         5
    61.021    11.667     0.050         5
    61.469    11.600     0.050         5
    61.923    11.551     0.050         5
    62.381    11.488     0.050         5
    62.839    11.430     0.050         5
    63.286    11.353     0.050         5
    63.734    11.286     0.050         5
    64.181    11.239     0.050         5
    64.942    11.152     0.050         5
    65.399    11.071     0.050         5
    65.858    11.001     0.050         5
    66.315    10.937     0.050         5
    66.782    10.871     0.050         5
    67.228    10.819     0.050         5
    67.694    10.778     0.050         5
    68.149    10.693     0.050         5
    68.619    10.655     0.050         5
    69.082    10.596     0.050         5
    69.545    10.535     0.050         5
    70.007    10.458     0.050         5
    70.484    10.392     0.050         5
    70.949    10.326     0.050         5
    71.423    10.256     0.050         5
    71.893    10.239     0.050         5
    72.358    10.148     0.050         5
    72.827    10.081     0.050         5
    73.300    10.013     0.050         5
    73.769     9.942     0.050         5
    74.242     9.874     0.050         5
    74.694     9.805     0.050         5
    75.143     9.719     0.050         5
    75.603     9.669     0.050         5
    76.222     9.575     0.050         5
    76.831     9.491     0.050         5
    77.296     9.429     0.050         5
    77.762     9.360     0.050         5
    78.224     9.286     0.050         5
    78.698     9.208     0.050         5
    79.157     9.161     0.050         5
    79.620     9.087     0.050         5
    80.083     9.015     0.050         5
    80.542     8.951     0.050         5
    81.016     8.882     0.050         5
    81.478     8.802     0.050         5
    81.941     8.727     0.050         5
    82.411     8.630     0.050         5
    82.884     8.565     0.050         5
    83.355     8.481     0.050         5
    83.820     8.378     0.050         5
    84.286     8.318     0.050         5
    84.762     8.254     0.050         5
    85.238     8.155     0.050         5
    85.715     8.094     0.050         5
    86.177     8.022     0.050         5
    86.968     7.873     0.050         5
    87.445     7.806     0.050         5
    87.921     7.734     0.050         5
    88.386     7.654     0.050         5
    88.852     7.582     0.050         5
    89.318     7.484     0.050         5
    89.794     7.423     0.050         5
    90.259     7.383     0.050         5
    90.725     7.337     0.050         5
    91.193     7.264     0.050         5
    91.659     7.200     0.050         5
    92.135     7.104     0.050         5
    92.603     7.020     0.050         5
    93.077     6.944     0.050         5
    93.550     6.857     0.050         5
    94.037     6.804     0.050         5
    94.513     6.765     0.050         5
    94.979     6.694     0.050         5
    95.452     6.636     0.050         5
    18.183    18.158     0.050         8
    18.656    18.149     0.050         8
    19.130    18.061     0.050         8
    19.603    18.004     0.050         8
    20.066    17.991     0.050         8
    20.532    17.886     0.050         8
    21.008    17.847     0.050         8
    21.474    17.775     0.050         8
    21.947    17.707     0.050         8
    22.402    17.654     0.050         8
    22.879    17.580     0.050         8
    23.344    17.544     0.050         8
    23.821    17.481     0.050         8
    24.291    17.404     0.050         8
    24.761    17.357     0.050         8
    25.232    17.280     0.050         8
    25.705    17.162     0.050         8
    26.168    17.188     0.050         8
    26.641    17.091     0.050         8
    27.118    17.029     0.050         8
    27.594    16.957     0.050         8
    28.067    16.937     0.050         8
    28.544    16.825     0.050         8
    29.020    16.809     0.050         8
    29.497    16.711     0.050         8
    29.973    16.648     0.050         8
    30.446    16.586     0.050         8
    30.923    16.515     0.050         8
    31.388    16.462     0.050         8
    31.878    16.407     0.050         8
    32.358    16.331     0.050         8
    32.845    16.312     0.050         8
    33.318    16.236     0.050         8
    33.808    16.181     0.050         8
    34.292    16.074     0.050         8
    34.782    15.998     0.050         8
    35.280    15.924     0.050         8
    35.767    15.845     0.050         8
    36.254    15.809     0.050         8
    36.746    15.733     0.050         8
    37.222    15.673     0.050         8
    37.706    15.609     0.050         8
    38.193    15.524     0.050         8
    38.680    15.493     0.050         8
    39.170    15.440     0.050         8
    39.657    15.368     0.050         8
    40.144    15.295     0.050         8
    40.631    15.229     0.050         8
    41.129    15.156     0.050         8
    41.599    15.085     0.050         8
    42.083    15.014     0.050         8
    42.570    14.954     0.050         8
    93.077     7.126     0.050        10
    93.550     7.008     0.050        10
    94.037     6.895     0.050        10
    94.513     6.778     0.050        10
    94.979     6.661     0.050        10
    95.452     6.523     0.050        10
    95.939     6.390     0.050        10
    96.415     6.281     0.050        10
    96.881     6.155     0.050        10
    97.354     6.036     0.050        10
    97.827     5.902     0.050        10
    98.298     5.796     0.050        10
    98.768     5.699     0.050        10
    99.228     5.602     0.050        10
    99.690     5.516     0.050        10
   100.153     5.424     0.050        10
   100.615     5.346     0.050        10
   101.081     5.253     0.050        10
   101.536     5.173     0.050        10
   101.993     5.089     0.050        10
   102.462     5.004     0.050        10
   102.916     4.928     0.050        10
   103.371     4.848     0.050        10
   103.836     4.772     0.050        10
   104.312     4.683     0.050        10
   104.791     4.588     0.050        10
   105.256     4.487     0.050        10
   105.724     4.387     0.050        10
   106.200     4.294     0.050        10
   106.676     4.190     0.050        10
   107.141     4.092     0.050        10
   107.604     4.000     0.050        10
   108.079     3.895     0.050        10
    67.845    11.720     0.050        14
    69.394    11.496     0.050        14
    70.799    11.303     0.050        14
    71.732    11.165     0.050        14
    72.988    10.989     0.050        14
    74.543    10.754     0.050        14
    76.058    10.549     0.050        14
    77.912    10.269     0.050        14
    79.932     9.987     0.050        14
    81.790     9.689     0.050        14
    85.074     9.141     0.050        14
    88.386     8.604     0.050        14
    90.259     8.338     0.050        14
    93.238     7.874     0.050        14
    95.778     7.465     0.050        14
    48.533    22.683     0.050        24
    55.036    21.109     0.050        24
    61.021    19.679     0.050        24
    65.399    18.599     0.050        24
    68.149    17.928     0.050        24
    72.827    16.644     0.050        24
    74.694    16.110     0.050        24
    76.831    15.574     0.050        24
    78.848    15.008     0.050        24
    80.854    14.405     0.050        24
    82.411    13.951     0.050        24
    84.450    13.377     0.050        24
    86.492    12.816     0.050        24
    88.852    12.164     0.050        24
   114.812     1.000     0.000         0
   115.169     1.741     0.050         1
   115.621     1.821     0.050         1
   116.096     1.953     0.050         1
   116.562     2.121     0.050         1
   117.030     2.315     0.050         1
   117.499     2.538     0.050         1
   117.972     2.780     0.050         1
   118.444     3.021     0.050         1
   122.959     4.608     0.050         5
   123.422     4.726     0.050         5
   123.895     4.843     0.050         5
   124.368     4.951     0.050         5
   124.837     5.056     0.050         5
   125.313     5.117     0.050         5
   125.786     5.203     0.050         5
   126.249     5.309     0.050         5
   126.722     5.388     0.050         5
   127.181     5.484     0.050         5
   127.654     5.531     0.050         5
   128.120     5.624     0.050         5
   128.607     5.691     0.050         5
   129.086     5.787     0.050         5
   129.576     5.861     0.050         5
   130.052     5.918     0.050         5
   130.528     6.003     0.050         5
   131.018     6.095     0.050         5
   131.491     6.159     0.050         5
   131.970     6.219     0.050         5
   132.457     6.305     0.050         5
   132.947     6.380     0.050         5
   133.426     6.499     0.050         5
   133.913     6.639     0.050         5
   134.400     6.734     0.050         5
   134.890     6.776     0.050         5
   135.366     6.850     0.050         5
   135.842     6.964     0.050         5
   136.308     7.033     0.050         5
   136.787     7.183     0.050         5
   137.263     7.234     0.050         5
   137.740     7.321     0.050         5
   138.216     7.423     0.050         5
   138.689     7.520     0.050         5
   139.168     7.591     0.050         5
   139.655     7.678     0.050         5
   140.128     7.751     0.050         5
   140.615     7.823     0.050         5
   141.091     7.889     0.050         5
   141.578     7.969     0.050         5
   142.065     8.051     0.050         5
   142.541     8.128     0.050         5
   143.017     8.190     0.050         5
   143.504     8.255     0.050         5
   143.988     8.323     0.050         5
   144.474     8.382     0.050         5
   144.947     8.444     0.050         5
   145.434     8.536     0.050         5
   145.918     8.608     0.050         5
   146.405     8.716     0.050         5
   146.881     8.790     0.050         5
   147.354     8.832     0.050         5
   147.841     8.891     0.050         5
   148.317     8.990     0.050         5
   148.793     9.051     0.050         5
   149.266     9.086     0.050         5
   149.746     9.149     0.050         5
   150.225     9.217     0.050         5
   150.690     9.272     0.050         5
   151.156     9.350     0.050         5
   151.778     9.435     0.050         5
   226.274    21.338     0.050         5
   227.737    21.582     0.050         5
   230.716    22.153     0.050         5
   233.125    22.520     0.050         5
   276.399    27.726     0.050         8
   279.934    27.941     0.050         8
   283.452    28.183     0.050         8
   285.531    28.325     0.050         8
   288.743    28.632     0.050         8
   292.309    29.120     0.050         8
   295.883    29.577     0.050         8
   299.422    30.074     0.050         8
   302.172    30.523     0.050         8
   305.321    30.995     0.050         8
   307.046    31.250     0.050         8
   135.366     7.696     0.050        14
   138.528     8.277     0.050        14
   142.702     8.932     0.050        14
   146.717     9.501     0.050        14
   149.581     9.915     0.050        14
   120.860    -1.000     0.000         0
   117.809     2.691     0.050         1
   118.292     2.431     0.050         1
   118.765     2.256     0.050         1
   119.241     2.085     0.050         1
   119.727     1.968     0.050         1
   120.209     1.889     0.050         1
   120.676     1.862     0.050         1
   118.292     2.706     0.050         2
   118.765     2.568     0.050         2
   119.241     2.439     0.050         2
   119.727     2.346     0.050         2
   120.209     2.291     0.050         2
   120.676     2.265     0.050         2
    27.594    17.270     0.050         5
    29.822    16.943     0.050         5
    31.552    16.693     0.050         5
    32.844    16.497     0.050         5
    34.130    16.306     0.050         5
    36.092    15.994     0.050         5
    38.193    15.663     0.050         5
    39.492    15.480     0.050         5
    40.967    15.273     0.050         5
    57.495    12.954     0.050         5
    58.869    12.784     0.050         5
    60.408    12.608     0.050         5
    62.381    12.326     0.050         5
    65.090    11.993     0.050         5
    67.533    11.651     0.050         5
    68.149    11.571     0.050         5
    69.232    11.425     0.050         5
    70.007    11.313     0.050         5
    70.637    11.226     0.050         5
    71.422    11.105     0.050         5
    72.043    11.036     0.050         5
    72.512    10.951     0.050         5
    72.988    10.895     0.050         5
    73.451    10.817     0.050         5
    73.930    10.763     0.050         5
    74.393    10.709     0.050         5
    74.845    10.629     0.050         5
    75.294    10.566     0.050         5
    75.753    10.509     0.050         5
    76.222    10.455     0.050         5
    76.677    10.370     0.050         5
    77.142    10.314     0.050         5
    77.608    10.242     0.050         5
    78.074    10.162     0.050         5
    78.536    10.116     0.050         5
    79.010    10.038     0.050         5
    79.469     9.988     0.050         5
    79.932     9.913     0.050         5
    80.394     9.849     0.050         5
    80.854     9.787     0.050         5
    81.317     9.718     0.050         5
    81.790     9.636     0.050         5
    82.260     9.593     0.050         5
    82.723     9.511     0.050         5
    83.196     9.441     0.050         5
    83.669     9.352     0.050         5
    84.135     9.286     0.050         5
    84.611     9.194     0.050         5
    85.074     9.134     0.050         5
    85.550     9.054     0.050         5
    86.026     8.974     0.050         5
    86.492     8.865     0.050         5
    86.968     8.818     0.050         5
    87.445     8.744     0.050         5
    87.921     8.632     0.050         5
    88.386     8.563     0.050         5
    88.852     8.591     0.050         5
    89.318     8.452     0.050         5
    89.794     8.407     0.050         5
    90.259     8.344     0.050         5
    90.725     8.278     0.050         5
    91.194     8.203     0.050         5
    91.659     8.133     0.050         5
    92.135     8.085     0.050         5
    92.604     7.962     0.050         5
    93.077     7.912     0.050         5
    93.551     7.817     0.050         5
    94.037     7.747     0.050         5
    94.514     7.734     0.050         5
    94.979     7.585     0.050         5
    95.453     7.510     0.050         5
    95.939     7.450     0.050         5
    96.416     7.280     0.050         5
    96.881     7.144     0.050         5
    97.355     7.052     0.050         5
    97.828     6.915     0.050         5
    98.298     6.814     0.050         5
    98.768     6.729     0.050         5
    99.228     6.632     0.050         5
    99.690     6.499     0.050         5
   100.153     6.404     0.050         5
   100.616     6.302     0.050         5
   101.081     6.229     0.050         5
   101.536     6.156     0.050         5
   101.994     6.095     0.050         5
   102.463     6.006     0.050         5
   102.917     5.936     0.050         5
   103.372     5.867     0.050         5
   103.838     5.823     0.050         5
   104.314     5.727     0.050         5
   104.793     5.642     0.050         5
   105.259     5.569     0.050         5
   105.727     5.489     0.050         5
   106.203     5.419     0.050         5
   106.680     5.349     0.050         5
   107.145     5.271     0.050         5
   107.608     5.215     0.050         5
   108.084     5.087     0.050         5
   108.544     5.011     0.050         5
   109.006     4.947     0.050         5
   109.479     4.871     0.050         5
   109.953     4.803     0.050         5
   110.418     4.716     0.050         5
   110.881     4.630     0.050         5
   111.354     4.558     0.050         5
   111.817     4.479     0.050         5
   112.290     4.413     0.050         5
    12.866    19.633     0.050         8
    13.347    19.578     0.050         8
    13.817    19.524     0.050         8
    14.304    19.509     0.050         8
    14.784    19.393     0.050         8
    15.271    19.372     0.050         8
    15.750    19.333     0.050         8
    16.248    19.228     0.050         8
    16.738    19.160     0.050         8
    17.236    19.082     0.050         8
    17.709    19.038     0.050         8
    18.182    18.990     0.050         8
    18.656    18.939     0.050         8
    19.129    18.888     0.050         8
    19.602    18.854     0.050         8
    20.065    18.751     0.050         8
    20.531    18.721     0.050         8
    21.008    18.614     0.050         8
    21.473    18.560     0.050         8
    21.947    18.500     0.050         8
    22.402    18.449     0.050         8
    22.878    18.377     0.050         8
    23.344    18.305     0.050         8
    23.820    18.242     0.050         8
    24.291    18.187     0.050         8
    24.761    18.129     0.050         8
    25.231    18.068     0.050         8
    25.705    17.991     0.050         8
    26.168    17.964     0.050         8
    26.641    17.867     0.050         8
    27.117    17.768     0.050         8
    27.594    17.719     0.050         8
    28.067    17.636     0.050         8
    28.543    17.582     0.050         8
    29.020    17.528     0.050         8
    29.496    17.428     0.050         8
    29.973    17.371     0.050         8
    30.446    17.354     0.050         8
    30.922    17.274     0.050         8
    31.388    17.206     0.050         8
    31.878    17.132     0.050         8
    32.357    17.078     0.050         8
    32.844    17.001     0.050         8
    33.318    16.914     0.050         8
    33.808    16.878     0.050         8
    34.292    16.806     0.050         8
    34.782    16.736     0.050         8
    35.280    16.625     0.050         8
    35.767    16.615     0.050         8
    36.254    16.532     0.050         8
    36.745    16.450     0.050         8
    37.222    16.364     0.050         8
    37.706    16.322     0.050         8
    38.193    16.250     0.050         8
    38.680    16.190     0.050         8
    39.170    16.135     0.050         8
    39.657    16.073     0.050         8
    40.144    16.000     0.050         8
    40.631    15.933     0.050         8
    41.128    15.828     0.050         8
    41.599    15.793     0.050         8
    42.083    15.712     0.050         8
    42.570    15.672     0.050         8
    57.032    14.128     0.050         8
    59.794    13.863     0.050         8
    62.839    13.648     0.050         8
    65.546    13.493     0.050         8
   113.510     4.185     0.050        10
   114.148     4.035     0.050        10
   114.796     3.855     0.050        10
    66.167    12.452     0.050        14
    67.995    12.208     0.050        14
    69.698    11.944     0.050        14
    71.573    11.740     0.050        14
    72.512    11.597     0.050        14
    73.300    11.481     0.050        14
    74.091    11.362     0.050        14
    74.694    11.277     0.050        14
    75.143    11.210     0.050        14
    75.603    11.140     0.050        14
    76.058    11.104     0.050        14
    76.526    11.016     0.050        14
    76.992    10.973     0.050        14
    77.457    10.901     0.050        14
    77.912    10.833     0.050        14
    78.375    10.777     0.050        14
    78.848    10.732     0.050        14
    79.319    10.653     0.050        14
    79.770    10.563     0.050        14
    80.233    10.476     0.050        14
    80.703    10.413     0.050        14
    81.166    10.338     0.050        14
    81.629    10.260     0.050        14
    82.102    10.185     0.050        14
    82.562    10.107     0.050        14
    83.045    10.035     0.050        14
    83.508     9.975     0.050        14
    83.984     9.879     0.050        14
    84.450     9.787     0.050        14
    84.923     9.719     0.050        14
    85.399     9.627     0.050        14
    85.865     9.570     0.050        14
    86.341     9.493     0.050        14
    86.807     9.404     0.050        14
    87.283     9.351     0.050        14
    87.756     9.300     0.050        14
    88.233     9.228     0.050        14
    88.698     9.148     0.050        14
    89.164     9.083     0.050        14
    89.633     9.013     0.050        14
    90.098     8.923     0.050        14
    90.564     8.895     0.050        14
    91.029     8.803     0.050        14
    91.509     8.734     0.050        14
    91.974     8.671     0.050        14
    92.450     8.599     0.050        14
    93.077     8.470     0.050        14
    93.551     8.431     0.050        14
    94.037     8.339     0.050        14
    94.514     8.267     0.050        14
    94.979     8.208     0.050        14
    95.617     8.080     0.050        14
    96.251     8.028     0.050        14
    96.728     7.896     0.050        14
    97.516     7.670     0.050        14
    97.989     7.570     0.050        14
    98.459     7.494     0.050        14
    98.919     7.378     0.050        14
    99.379     7.182     0.050        14
    99.841     7.076     0.050        14
   100.314     6.990     0.050        14
   100.777     6.901     0.050        14
   101.232     6.825     0.050        14
   101.690     6.769     0.050        14
   102.148     6.713     0.050        14
   102.613     6.652     0.050        14
   103.068     6.584     0.050        14
   103.523     6.489     0.050        14
   103.988     6.429     0.050        14
   104.468     6.325     0.050        14
   104.947     6.258     0.050        14
   105.423     6.174     0.050        14
   105.891     6.098     0.050        14
   106.368     6.040     0.050        14
   106.830     5.960     0.050        14
   107.296     5.892     0.050        14
   107.769     5.828     0.050        14
   108.235     5.728     0.050        14
   108.694     5.641     0.050        14
   109.167     5.544     0.050        14
   109.641     5.495     0.050        14
   110.103     5.396     0.050        14
   110.579     5.309     0.050        14
   111.042     5.207     0.050        14
   111.505     5.112     0.050        14
   111.978     5.033     0.050        14
   112.441     4.959     0.050        14
    67.845    20.320     0.050        24
    69.698    19.813     0.050        24
    72.512    19.087     0.050        24
    74.543    18.349     0.050        24
    76.830    17.652     0.050        24
    78.698    17.081     0.050        24
    81.015    16.419     0.050        24
    83.508    15.665     0.050        24
    88.386    14.213     0.050        24
    90.725    13.527     0.050        24
   104.947     8.651     0.050        24
   107.457     7.699     0.050        24
   110.579     6.563     0.050        24
   112.290     5.977     0.050        24
   114.309     5.184     0.050        24
   106.992     6.924     0.050        30
   107.457     6.774     0.050        30
   107.923     6.597     0.050        30
   108.396     6.446     0.050        30
   108.855     6.284     0.050        30
   109.315     6.118     0.050        30
   109.791     5.953     0.050        30
   110.265     5.796     0.050        30
   110.730     5.633     0.050        30
   111.193     5.461     0.050        30
   111.666     5.299     0.050        30
   112.129     5.135     0.050        30
   112.588     4.960     0.050        30
   113.051     4.805     0.050        30
   113.510     4.614     0.050        30
   113.997     4.437     0.050        30
   114.471     4.258     0.050        30
   120.860     1.000     0.000         0
   121.352     1.915     0.050         1
   121.835     2.017     0.050         1
   122.312     2.155     0.050         1
   122.799     2.335     0.050         1
   123.272     2.517     0.050         1
   123.734     2.718     0.050         1
   121.352     2.300     0.050         2
   121.835     2.376     0.050         2
   122.312     2.489     0.050         2
   129.250     4.672     0.050         5
   129.737     4.757     0.050         5
   130.213     4.832     0.050         5
   130.692     4.911     0.050         5
   131.168     5.000     0.050         5
   131.655     5.088     0.050         5
   132.131     5.178     0.050         5
   132.621     5.273     0.050         5
   133.100     5.342     0.050         5
   133.587     5.433     0.050         5
   134.077     5.525     0.050         5
   134.564     5.621     0.050         5
   135.043     5.707     0.050         5
   135.530     5.817     0.050         5
   135.995     5.899     0.050         5
   136.471     5.985     0.050         5
   136.947     6.075     0.050         5
   137.424     6.182     0.050         5
   137.900     6.274     0.050         5
   138.365     6.370     0.050         5
   138.852     6.478     0.050         5
   139.328     6.562     0.050         5
   139.804     6.653     0.050         5
   140.291     6.740     0.050         5
   140.775     6.813     0.050         5
   141.251     6.901     0.050         5
   141.738     7.000     0.050         5
   142.225     7.074     0.050         5
   142.701     7.142     0.050         5
   143.177     7.206     0.050         5
   143.664     7.268     0.050         5
   144.148     7.328     0.050         5
   144.624     7.415     0.050         5
   145.111     7.486     0.050         5
   145.595     7.579     0.050         5
   146.082     7.662     0.050         5
   146.565     7.734     0.050         5
   147.042     7.811     0.050         5
   147.515     7.864     0.050         5
   148.002     7.931     0.050         5
   148.478     8.004     0.050         5
   148.954     8.079     0.050         5
   149.430     8.144     0.050         5
   149.906     8.185     0.050         5
   150.375     8.241     0.050         5
   150.851     8.308     0.050         5
   151.309     8.372     0.050         5
   151.777     8.448     0.050         5
   152.246     8.494     0.050         5
   153.021     8.602     0.050         5
   153.479     8.639     0.050         5
   249.547    25.056     0.050         8
   251.103    25.125     0.050         8
   252.845    25.204     0.050         8
   255.187    25.348     0.050         8
   257.369    25.488     0.050         8
   258.801    25.553     0.050         8
   261.178    25.684     0.050         8
   263.584    25.889     0.050         8
   266.376    26.162     0.050         8
   269.750    26.500     0.050         8
   272.162    26.672     0.050         8
   273.777    26.732     0.050         8
   275.573    26.791     0.050         8
   278.001    26.905     0.050         8
   281.056    27.099     0.050         8
   282.973    27.236     0.050         8
   284.089    27.318     0.050         8
   127.182     4.207     0.050        10
   127.805     4.346     0.050        10
   128.281     4.451     0.050        10
   128.922     4.586     0.050        10
   252.527    26.068     0.050        12
   253.009    26.081     0.050        12
   253.480    26.095     0.050        12
   253.946    26.112     0.050        12
   254.727    26.192     0.050        12
   255.187    26.179     0.050        12
   255.810    26.219     0.050        12
   256.272    26.243     0.050        12
   256.735    26.277     0.050        12
   257.208    26.322     0.050        12
   257.680    26.296     0.050        12
   258.167    26.333     0.050        12
   258.640    26.312     0.050        12
   259.116    26.303     0.050        12
   259.592    26.327     0.050        12
   260.068    26.343     0.050        12
   260.551    26.359     0.050        12
   261.014    26.405     0.050        12
   261.490    26.424     0.050        12
   261.976    26.451     0.050        12
   262.460    26.507     0.050        12
   262.946    26.538     0.050        12
   263.433    26.569     0.050        12
   263.906    26.567     0.050        12
   264.400    26.641     0.050        12
   264.892    26.669     0.050        12
   265.383    26.738     0.050        12
   265.882    26.799     0.050        12
   266.376    26.832     0.050        12
   266.863    26.898     0.050        12
   267.346    26.971     0.050        12
   267.833    27.014     0.050        12
   268.319    27.055     0.050        12
   268.801    27.111     0.050        12
   269.275    27.131     0.050        12
   269.750    27.178     0.050        12
   270.237    27.218     0.050        12
   270.712    27.267     0.050        12
   271.204    27.290     0.050        12
   271.683    27.305     0.050        12
   272.162    27.357     0.050        12
   272.649    27.384     0.050        12
   273.132    27.408     0.050        12
   273.616    27.444     0.050        12
   274.099    27.432     0.050        12
   274.586    27.472     0.050        12
   275.072    27.493     0.050        12
   275.573    27.528     0.050        12
   276.062    27.550     0.050        12
   276.556    27.587     0.050        12
   277.048    27.610     0.050        12
   277.679    27.656     0.050        12
   278.162    27.688     0.050        12
   278.649    27.713     0.050        12
   279.125    27.750     0.050        12
   279.611    27.803     0.050        12
   280.098    27.832     0.050        12
   280.577    27.877     0.050        12
   281.056    27.896     0.050        12
   281.542    27.927     0.050        12
   282.021    27.952     0.050        12
   282.497    27.978     0.050        12
   283.452    28.050     0.050        12
   285.684    28.244     0.050        12
   287.789    28.421     0.050        12
   290.365    28.667     0.050        12
   294.648    29.157     0.050        12
   299.728    29.748     0.050        12
   128.446     4.852     0.050        14
   128.922     4.995     0.050        14
   129.411     5.090     0.050        14
   129.888     5.189     0.050        14
   130.377     5.272     0.050        14
   130.853     5.393     0.050        14
   131.330     5.471     0.050        14
   131.806     5.486     0.050        14
   132.296     5.685     0.050        14
   132.782     5.729     0.050        14
   133.261     5.820     0.050        14
   133.751     5.912     0.050        14
   134.238     6.006     0.050        14
   134.725     6.103     0.050        14
   135.204     6.225     0.050        14
   135.680     6.306     0.050        14
   136.156     6.381     0.050        14
   136.633     6.454     0.050        14
   137.098     6.569     0.050        14
   137.574     6.659     0.050        14
   138.050     6.760     0.050        14
   138.527     6.844     0.050        14
   139.003     6.927     0.050        14
   139.490     7.051     0.050        14
   139.966     7.130     0.050        14
   140.453     7.210     0.050        14
   140.929     7.289     0.050        14
   141.416     7.369     0.050        14
   141.899     7.447     0.050        14
   142.379     7.558     0.050        14
   142.865     7.601     0.050        14
   143.339     7.734     0.050        14
   143.825     7.755     0.050        14
   144.309     7.842     0.050        14
   144.785     7.903     0.050        14
   145.272     7.988     0.050        14
   145.756     8.073     0.050        14
   146.243     8.151     0.050        14
   146.716     8.216     0.050        14
   147.203     8.288     0.050        14
   147.679     8.351     0.050        14
   148.152     8.411     0.050        14
   148.642     8.481     0.050        14
   149.115     8.559     0.050        14
   149.581     8.626     0.050        14
   150.060     8.693     0.050        14
   150.536     8.750     0.050        14
   151.004     8.823     0.050        14
   151.470     8.912     0.050        14
   151.931     8.949     0.050        14
   152.399     9.016     0.050        14
   152.871     9.075     0.050        14
   153.329     9.128     0.050        14
   153.786     9.178     0.050        14
   227.586    22.079     0.050        14
   230.022    22.416     0.050        14
   231.987    22.730     0.050        14
   234.112    23.027     0.050        14
   237.251    23.534     0.050        14
   238.885    23.771     0.050        14
   131.491     6.976     0.050        24
   133.913     7.977     0.050        24
   135.995     8.682     0.050        24
   137.900     9.495     0.050        24
   140.291    10.491     0.050        24
   141.899    11.097     0.050        24
   144.148    11.851     0.050        24
   145.272    12.178     0.050        24
   146.716    12.656     0.050        24
   148.954    13.326     0.050        24
   150.536    13.729     0.050        24
   153.021    14.340     0.050        24
   131.018     6.113     0.050        30
   131.491     6.265     0.050        30
   131.970     6.425     0.050        30
   132.457     6.601     0.050        30
   132.947     6.770     0.050        30
   133.426     6.985     0.050        30
   133.913     7.152     0.050        30
   134.399     7.351     0.050        30
   134.889     7.493     0.050        30
   135.365     7.679     0.050        30
   135.842     7.849     0.050        30
   136.307     8.067     0.050        30
   136.786     8.305     0.050        30
   137.262     8.453     0.050        30
   137.739     8.623     0.050        30
   138.215     8.818     0.050        30
   138.688     9.066     0.050        30
   139.167     9.249     0.050        30
   139.654     9.434     0.050        30
   140.127     9.613     0.050        30
   140.614     9.864     0.050        30
   141.090    10.020     0.050        30
   141.577    10.210     0.050        30
   142.064    10.429     0.050        30
   126.796    -1.000     0.000         0
   123.582     2.735     0.050         1
   124.044     2.527     0.050         1
   124.520     2.296     0.050         1
   124.996     2.104     0.050         1
   125.471     1.972     0.050         1
   125.941     1.861     0.050         1
   126.395     1.803     0.050         1
   124.044     3.082     0.050         3
   124.520     2.991     0.050         3
   124.996     2.892     0.050         3
   125.471     2.821     0.050         3
   125.941     2.787     0.050         3
   126.395     2.758     0.050         3
    25.543    18.576     0.050         5
    27.433    18.278     0.050         5
    29.020    18.046     0.050         5
    30.923    17.746     0.050         5
    32.522    17.515     0.050         5
    33.808    17.311     0.050         5
    35.606    17.041     0.050         5
    59.017    13.873     0.050         5
    60.408    13.682     0.050         5
    61.924    13.480     0.050         5
    62.990    13.333     0.050         5
    64.636    13.110     0.050         5
    66.315    12.842     0.050         5
    67.694    12.673     0.050         5
    69.082    12.504     0.050         5
    70.799    12.286     0.050         5
    71.573    12.157     0.050         5
    73.615    11.866     0.050         5
    75.603    11.568     0.050         5
    77.608    11.282     0.050         5
    79.158    11.068     0.050         5
    79.771    10.988     0.050         5
    80.704    10.835     0.050         5
    81.941    10.647     0.050         5
    83.670    10.366     0.050         5
    84.762    10.192     0.050         5
    86.342     9.946     0.050         5
    87.921     9.700     0.050         5
    89.479     9.483     0.050         5
    91.509     9.185     0.050         5
    93.239     8.939     0.050         5
    95.302     8.625     0.050         5
    96.728     8.293     0.050         5
    98.769     7.838     0.050         5
   100.616     7.499     0.050         5
   102.918     7.085     0.050         5
   105.109     6.764     0.050         5
   106.519     6.534     0.050         5
   109.007     6.130     0.050         5
   111.505     5.723     0.050         5
   112.750     5.568     0.050         5
   113.672     5.471     0.050         5
   114.471     5.372     0.050         5
   115.280     5.225     0.050         5
   116.087     5.077     0.050         5
   116.877     4.933     0.050         5
   117.659     4.761     0.050         5
   118.605     4.542     0.050         5
   119.729     4.330     0.050         5
     4.056    21.640     0.050         8
     7.951    21.120     0.050         8
    10.880    20.761     0.050         8
    13.656    20.411     0.050         8
    15.110    20.235     0.050         8
    16.574    20.090     0.050         8
    17.709    19.932     0.050         8
    18.656    19.825     0.050         8
    19.915    19.663     0.050         8
    21.008    19.516     0.050         8
    22.251    19.319     0.050         8
    23.032    19.204     0.050         8
    23.982    19.092     0.050         8
    25.073    18.930     0.050         8
    26.479    18.748     0.050         8
    27.594    18.604     0.050         8
    29.020    18.391     0.050         8
    30.611    18.160     0.050         8
    31.553    18.027     0.050         8
    32.358    17.929     0.050         8
    33.644    17.768     0.050         8
    34.782    17.619     0.050         8
    36.093    17.454     0.050         8
    37.706    17.241     0.050         8
    38.844    17.092     0.050         8
    40.470    16.859     0.050         8
    42.244    16.640     0.050         8
    44.127    16.395     0.050         8
    45.543    16.203     0.050         8
    46.800    16.063     0.050         8
    48.054    15.927     0.050         8
    49.633    15.784     0.050         8
    50.414    15.750     0.050         8
    51.985    15.636     0.050         8
    52.444    15.566     0.050         8
    52.907    15.529     0.050         8
    53.370    15.464     0.050         8
    53.822    15.418     0.050         8
    54.277    15.392     0.050         8
    54.734    15.320     0.050         8
    55.186    15.293     0.050         8
    55.652    15.238     0.050         8
    56.107    15.191     0.050         8
    56.573    15.148     0.050         8
    57.032    15.105     0.050         8
    57.807    15.018     0.050         8
    58.259    14.963     0.050         8
    58.719    14.895     0.050         8
    59.178    14.861     0.050         8
    59.644    14.817     0.050         8
    60.107    14.774     0.050         8
    60.566    14.749     0.050         8
    61.021    14.705     0.050         8
    61.469    14.669     0.050         8
    61.924    14.613     0.050         8
    62.382    14.558     0.050         8
    62.840    14.536     0.050         8
    63.287    14.497     0.050         8
    63.734    14.429     0.050         8
    64.181    14.436     0.050         8
    64.636    14.405     0.050         8
    65.090    14.356     0.050         8
    65.547    14.320     0.050         8
    66.009    14.284     0.050         8
    66.474    14.225     0.050         8
    66.930    14.202     0.050         8
    67.382    14.174     0.050         8
    67.845    14.099     0.050         8
    68.311    14.092     0.050         8
    68.770    14.066     0.050         8
    69.233    14.035     0.050         8
    69.698    13.984     0.050         8
    70.172    13.957     0.050         8
    70.637    13.979     0.050         8
    71.111    13.893     0.050         8
    71.573    13.826     0.050         8
    72.044    13.806     0.050         8
    72.512    13.772     0.050         8
   126.796     1.000     0.000         0
   127.202     1.832     0.050         1
   127.665     1.912     0.050         1
   128.126     2.043     0.050         1
   128.611     2.220     0.050         1
   129.089     2.420     0.050         1
   129.578     2.594     0.050         1
   130.053     2.846     0.050         1
   127.063     2.752     0.050         3
   127.505     2.799     0.050         3
   127.976     2.856     0.050         3
   128.450     2.953     0.050         3
   128.925     3.033     0.050         3
   132.783     4.162     0.050         5
   133.262     4.274     0.050         5
   133.752     4.396     0.050         5
   134.239     4.522     0.050         5
   134.725     4.657     0.050         5
   135.204     4.788     0.050         5
   135.681     4.912     0.050         5
   136.157     5.030     0.050         5
   136.633     5.145     0.050         5
   137.098     5.250     0.050         5
   137.575     5.352     0.050         5
   138.051     5.456     0.050         5
   138.527     5.565     0.050         5
   139.003     5.655     0.050         5
   139.490     5.749     0.050         5
   139.966     5.831     0.050         5
   140.453     5.912     0.050         5
   140.929     5.996     0.050         5
   141.416     6.060     0.050         5
   141.900     6.144     0.050         5
   142.379     6.232     0.050         5
   142.866     6.315     0.050         5
   143.339     6.381     0.050         5
   143.826     6.454     0.050         5
   144.310     6.527     0.050         5
   144.786     6.609     0.050         5
   145.273     6.691     0.050         5
   145.756     6.771     0.050         5
   146.243     6.853     0.050         5
   146.716     6.911     0.050         5
   147.203     6.990     0.050         5
   147.679     7.072     0.050         5
   148.153     7.143     0.050         5
   148.642     7.226     0.050         5
   149.116     7.292     0.050         5
   149.581     7.382     0.050         5
   150.060     7.453     0.050         5
   150.536     7.517     0.050         5
   151.005     7.574     0.050         5
   151.470     7.639     0.050         5
   151.931     7.692     0.050         5
   152.399     7.751     0.050         5
   152.871     7.802     0.050         5
   153.329     7.828     0.050         5
   153.787     7.882     0.050         5
   154.245     7.900     0.050         5
   154.695     7.897     0.050         5
   155.156     7.911     0.050         5
   155.617     7.946     0.050         5
   156.082     7.992     0.050         5
   156.545     8.039     0.050         5
   157.000     8.090     0.050         5
   157.449     8.146     0.050         5
   157.896     8.164     0.050         5
   158.333     8.178     0.050         5
   158.758     8.226     0.050         5
   159.159     8.306     0.050         5
   159.546     8.353     0.050         5
   159.900     8.376     0.050         5
   236.382    23.488     0.050         8
   238.273    23.654     0.050         8
   240.593    23.780     0.050         8
   242.995    23.937     0.050         8
   245.387    24.100     0.050         8
   247.986    24.339     0.050         8
   249.859    24.502     0.050         8
   251.574    24.636     0.050         8
   253.327    24.620     0.050         8
   255.187    24.745     0.050         8
   256.896    24.832     0.050         8
   258.640    24.886     0.050         8
   259.753    24.916     0.050         8
   262.299    25.134     0.050         8
   264.081    25.262     0.050         8
   267.511    25.647     0.050         8
   270.074    25.850     0.050         8
   271.519    25.950     0.050         8
   272.971    25.979     0.050         8
   275.412    26.130     0.050         8
   277.840    26.221     0.050         8
   279.934    26.391     0.050         8
   282.333    26.660     0.050         8
   284.404    26.864     0.050         8
   285.531    26.865     0.050         8
   293.718    27.864     0.050         8
   295.114    28.096     0.050         8
   296.348    28.276     0.050         8
   298.040    28.547     0.050         8
   299.422    28.741     0.050         8
   300.633    28.932     0.050         8
   302.172    29.141     0.050         8
   303.286    29.283     0.050         8
   132.785    -1.000     0.000         0
   129.411     2.746     0.050         1
   129.887     2.518     0.050         1
   130.376     2.314     0.050         1
   130.852     2.129     0.050         1
   131.327     1.989     0.050         1
   131.801     1.895     0.050         1
   132.283     1.848     0.050         1
   132.670     1.822     0.050         1
   129.737     2.942     0.050         2
   130.212     2.796     0.050         2
   130.691     2.674     0.050         2
   131.166     2.557     0.050         2
   131.651     2.481     0.050         2
   132.123     2.430     0.050         2
   132.584     2.396     0.050         2
   129.737     3.288     0.050         3
   130.212     3.204     0.050         3
   130.691     3.124     0.050         3
   131.166     3.028     0.050         3
   131.651     2.985     0.050         3
   132.123     2.971     0.050         3
   132.584     2.944     0.050         3
    66.315    13.713     0.050         5
    67.845    13.490     0.050         5
    69.545    13.263     0.050         5
    70.949    13.073     0.050         5
    72.673    12.809     0.050         5
    74.694    12.531     0.050         5
    76.222    12.341     0.050         5
    78.074    12.066     0.050         5
    79.771    11.807     0.050         5
    81.941    11.513     0.050         5
    84.135    11.198     0.050         5
    86.656    10.811     0.050         5
    87.757    10.628     0.050         5
    89.318    10.387     0.050         5
    90.879    10.187     0.050         5
    92.289     9.981     0.050         5
    93.550     9.875     0.050         5
    95.140     9.478     0.050         5
    96.881     9.027     0.050         5
    99.540     8.491     0.050         5
   101.536     8.169     0.050         5
   103.837     7.799     0.050         5
   106.367     7.404     0.050         5
   108.395     7.121     0.050         5
   110.579     6.786     0.050         5
   112.128     6.559     0.050         5
   113.510     6.413     0.050         5
   115.118     6.212     0.050         5
   115.602     6.128     0.050         5
   116.086     6.053     0.050         5
   116.556     5.967     0.050         5
   117.027     5.899     0.050         5
   117.497     5.799     0.050         5
   117.970     5.722     0.050         5
   118.444     5.613     0.050         5
   118.930     5.542     0.050         5
   119.407     5.455     0.050         5
   119.890     5.397     0.050         5
   120.374     5.334     0.050         5
   120.858     5.280     0.050         5
   121.345     5.222     0.050         5
   121.832     5.173     0.050         5
   122.311     5.103     0.050         5
     4.056    22.447     0.050         8
     4.543    22.384     0.050         8
     5.041    22.335     0.050         8
     5.541    22.273     0.050         8
     6.029    22.225     0.050         8
     6.505    22.168     0.050         8
     6.986    22.109     0.050         8
     7.467    22.063     0.050         8
     7.951    21.976     0.050         8
     8.441    21.931     0.050         8
     8.939    21.873     0.050         8
     9.429    21.794     0.050         8
     9.913    21.745     0.050         8
    10.387    21.664     0.050         8
    11.044    21.568     0.050         8
    11.545    21.531     0.050         8
    12.207    21.445     0.050         8
    12.705    21.365     0.050         8
    13.186    21.328     0.050         8
    13.656    21.256     0.050         8
    14.143    21.214     0.050         8
    14.620    21.150     0.050         8
    15.110    21.075     0.050         8
    15.600    21.026     0.050         8
    16.087    20.970     0.050         8
    16.574    20.915     0.050         8
    17.074    20.859     0.050         8
    17.558    20.784     0.050         8
    18.032    20.719     0.050         8
    18.502    20.662     0.050         8
    18.979    20.594     0.050         8
    19.441    20.538     0.050         8
    19.915    20.458     0.050         8
    20.378    20.395     0.050         8
    20.843    20.339     0.050         8
    21.320    20.272     0.050         8
    21.785    20.204     0.050         8
    22.251    20.119     0.050         8
    22.717    20.077     0.050         8
    23.193    20.005     0.050         8
    23.656    19.931     0.050         8
    24.129    19.878     0.050         8
    24.600    19.795     0.050         8
    25.073    19.743     0.050         8
    25.543    19.679     0.050         8
    26.017    19.625     0.050         8
    26.479    19.561     0.050         8
    26.956    19.514     0.050         8
    27.432    19.461     0.050         8
    27.906    19.394     0.050         8
    28.379    19.306     0.050         8
    51.519    16.330     0.050         8
    51.984    16.279     0.050         8
    52.756    16.195     0.050         8
    53.219    16.137     0.050         8
    53.671    16.092     0.050         8
    54.126    16.055     0.050         8
    54.581    16.035     0.050         8
    55.036    15.973     0.050         8
    55.501    15.935     0.050         8
    55.956    15.887     0.050         8
    56.422    15.832     0.050         8
    56.882    15.785     0.050         8
    57.344    15.732     0.050         8
    57.807    15.691     0.050         8
    58.410    15.630     0.050         8
    58.869    15.578     0.050         8
    59.332    15.556     0.050         8
    59.795    15.520     0.050         8
    60.257    15.476     0.050         8
    60.717    15.401     0.050         8
    61.172    15.368     0.050         8
    61.619    15.350     0.050         8
    62.077    15.301     0.050         8
    62.532    15.265     0.050         8
    62.990    15.209     0.050         8
    63.591    15.164     0.050         8
    64.041    15.135     0.050         8
    64.485    15.094     0.050         8
    65.251    15.016     0.050         8
   122.959     5.010     0.050        10
   123.422     4.901     0.050        10
   123.895     4.780     0.050        10
   124.368     4.663     0.050        10
   124.837     4.548     0.050        10
   125.313     4.424     0.050        10
   125.786     4.302     0.050        10
   126.249     4.178     0.050        10
   132.785     1.000     0.000         0
   133.279     1.854     0.050         1
   133.761     1.965     0.050         1
   134.245     2.121     0.050         1
   134.730     2.303     0.050         1
   135.209     2.483     0.050         1
   135.685     2.709     0.050         1
   133.127     2.415     0.050         2
   133.761     2.484     0.050         2
   134.245     2.570     0.050         2
   134.730     2.704     0.050         2
   135.209     2.821     0.050         2
   133.127     2.969     0.050         3
   133.761     3.027     0.050         3
   134.245     3.103     0.050         3
   134.730     3.199     0.050         3
   135.209     3.291     0.050         3
   139.492     4.466     0.050         5
   139.968     4.598     0.050         5
   140.455     4.732     0.050         5
   140.931     4.812     0.050         5
   141.418     4.925     0.050         5
   141.901     5.030     0.050         5
   142.381     5.139     0.050         5
   142.867     5.245     0.050         5
   143.340     5.340     0.050         5
   143.827     5.426     0.050         5
   144.311     5.490     0.050         5
   144.787     5.578     0.050         5
   145.274     5.660     0.050         5
   145.757     5.742     0.050         5
   146.244     5.829     0.050         5
   146.717     5.913     0.050         5
   147.204     5.989     0.050         5
   147.680     6.065     0.050         5
   148.153     6.145     0.050         5
   148.643     6.225     0.050         5
   149.116     6.309     0.050         5
   149.582     6.379     0.050         5
   150.061     6.461     0.050         5
   150.537     6.533     0.050         5
   151.006     6.583     0.050         5
   151.471     6.663     0.050         5
   151.932     6.719     0.050         5
   152.401     6.756     0.050         5
   152.873     6.801     0.050         5
   153.331     6.875     0.050         5
   153.789     6.938     0.050         5
   154.247     6.972     0.050         5
   154.697     6.968     0.050         5
   155.159     6.946     0.050         5
   155.620     6.988     0.050         5
   156.085     7.037     0.050         5
   156.548     7.105     0.050         5
   157.003     7.155     0.050         5
   157.452     7.203     0.050         5
   157.901     7.242     0.050         5
   158.339     7.275     0.050         5
   158.766     7.297     0.050         5
   159.169     7.372     0.050         5
   227.877    21.974     0.050         8
   230.022    22.105     0.050         8
   232.127    22.299     0.050         8
   233.693    22.404     0.050         8
   235.669    22.579     0.050         8
   237.541    22.754     0.050         8
   239.658    22.935     0.050         8
   241.819    23.174     0.050         8
   243.857    23.407     0.050         8
   245.538    23.489     0.050         8
   247.986    23.666     0.050         8
   250.163    23.789     0.050         8
   251.574    23.933     0.050         8
   275.902    25.213     0.050         8
   277.367    25.329     0.050         8
   278.811    25.446     0.050         8
   280.738    25.599     0.050         8
   282.812    25.784     0.050         8
   295.883    27.259     0.050         8
   297.583    27.489     0.050         8
   141.253     5.639     0.050        14
   141.740     5.793     0.050        14
   142.227     5.905     0.050        14
   142.703     5.989     0.050        14
   143.179     6.072     0.050        14
   143.666     6.170     0.050        14
   144.150     6.252     0.050        14
   144.626     6.345     0.050        14
   145.113     6.439     0.050        14
   145.596     6.523     0.050        14
   146.083     6.599     0.050        14
   146.567     6.679     0.050        14
   147.043     6.775     0.050        14
   147.516     6.847     0.050        14
   148.003     6.916     0.050        14
   148.479     6.991     0.050        14
   148.955     7.062     0.050        14
   149.431     7.136     0.050        14
   149.907     7.199     0.050        14
   150.376     7.257     0.050        14
   150.852     7.313     0.050        14
   151.310     7.385     0.050        14
   151.779     7.444     0.050        14
   152.247     7.502     0.050        14
   152.719     7.536     0.050        14
   153.177     7.622     0.050        14
   153.635     7.686     0.050        14
   154.093     7.742     0.050        14
   154.544     7.753     0.050        14
   155.005     7.847     0.050        14
   155.466     7.842     0.050        14
   138.753    -1.000     0.000         0
   135.204     2.970     0.050         1
   135.681     2.757     0.050         1
   136.157     2.540     0.050         1
   136.633     2.385     0.050         1
   137.098     2.242     0.050         1
   137.574     2.145     0.050         1
   138.050     2.080     0.050         1
   138.525     2.049     0.050         1
    21.785    20.686     0.050         5
    23.820    20.388     0.050         5
    26.016    20.032     0.050         5
    28.543    19.649     0.050         5
    30.445    19.407     0.050         5
    32.844    19.032     0.050         5
    34.943    18.684     0.050         5
    36.253    18.481     0.050         5
    37.705    18.253     0.050         5
    39.657    17.979     0.050         5
    41.287    17.731     0.050         5
    43.191    17.473     0.050         5
    44.912    17.226     0.050         5
    46.648    16.996     0.050         5
    47.902    16.838     0.050         5
    49.471    16.640     0.050         5
    51.357    16.394     0.050         5
    53.821    16.089     0.050         5
    56.422    15.739     0.050         5
    58.869    15.504     0.050         5
    60.717    15.238     0.050         5
    62.381    15.007     0.050         5
    63.734    14.857     0.050         5
    65.546    14.611     0.050         5
    67.382    14.390     0.050         5
    69.082    14.155     0.050         5
    70.171    14.016     0.050         5
    71.731    13.814     0.050         5
    73.139    13.611     0.050         5
    74.845    13.377     0.050         5
    76.830    13.094     0.050         5
    78.536    12.860     0.050         5
    81.015    12.514     0.050         5
    83.508    12.122     0.050         5
    85.550    11.799     0.050         5
    87.756    11.431     0.050         5
    89.632    11.152     0.050         5
    91.508    10.889     0.050         5
    94.664    10.518     0.050         5
    95.140    10.380     0.050         5
    95.617    10.279     0.050         5
    96.090    10.165     0.050         5
    96.566    10.067     0.050         5
    97.042     9.951     0.050         5
    97.516     9.834     0.050         5
    97.989     9.745     0.050         5
    98.459     9.656     0.050         5
    98.919     9.521     0.050         5
    99.378     9.420     0.050         5
    99.841     9.324     0.050         5
   100.314     9.265     0.050         5
   100.777     9.174     0.050         5
   101.232     9.107     0.050         5
   101.690     9.044     0.050         5
   102.148     8.971     0.050         5
   102.613     8.891     0.050         5
   103.068     8.836     0.050         5
   103.523     8.756     0.050         5
   103.988     8.709     0.050         5
   104.468     8.631     0.050         5
   104.947     8.556     0.050         5
   105.423     8.485     0.050         5
   105.892     8.423     0.050         5
   106.368     8.358     0.050         5
   106.830     8.281     0.050         5
   107.296     8.209     0.050         5
   107.769     8.125     0.050         5
   108.235     8.053     0.050         5
   108.694     7.977     0.050         5
   109.168     7.897     0.050         5
   109.641     7.821     0.050         5
   110.103     7.769     0.050         5
   110.580     7.685     0.050         5
   111.042     7.635     0.050         5
   111.505     7.580     0.050         5
   111.978     7.529     0.050         5
   112.441     7.460     0.050         5
   112.900     7.413     0.050         5
   113.352     7.386     0.050         5
   113.833     7.308     0.050         5
   114.309     7.263     0.050         5
   114.796     7.198     0.050         5
   115.280     7.111     0.050         5
   115.764     7.053     0.050         5
   116.245     6.965     0.050         5
   116.715     6.885     0.050         5
   117.188     6.805     0.050         5
   117.658     6.715     0.050         5
   118.131     6.613     0.050         5
   118.605     6.529     0.050         5
   119.081     6.460     0.050         5
   119.568     6.422     0.050         5
   120.051     6.342     0.050         5
   120.535     6.304     0.050         5
   121.022     6.247     0.050         5
   121.509     6.187     0.050         5
   121.985     6.132     0.050         5
   122.472     6.074     0.050         5
   122.959     6.003     0.050         5
   123.421     5.920     0.050         5
   123.895     5.832     0.050         5
   124.368     5.756     0.050         5
   124.836     5.665     0.050         5
   125.313     5.572     0.050         5
   125.786     5.488     0.050         5
   126.248     5.405     0.050         5
   126.721     5.310     0.050         5
   127.181     5.220     0.050         5
   127.654     5.125     0.050         5
   128.119     5.049     0.050         5
   128.606     4.969     0.050         5
   129.085     4.889     0.050         5
   129.575     4.791     0.050         5
   130.377     4.598     0.050         5
   131.329     4.389     0.050         5
     3.393    23.330     0.050         8
     5.040    23.140     0.050         8
     7.308    22.831     0.050         8
     8.777    22.663     0.050         8
    11.208    22.384     0.050         8
    13.027    22.165     0.050         8
    14.619    21.964     0.050         8
    15.922    21.825     0.050         8
    17.235    21.624     0.050         8
    19.290    21.379     0.050         8
    20.843    21.208     0.050         8
    22.716    20.960     0.050         8
    24.290    20.773     0.050         8
    26.167    20.556     0.050         8
    27.744    20.414     0.050         8
    30.760    20.042     0.050         8
    33.005    19.712     0.050         8
    34.943    19.500     0.050         8
    36.906    19.179     0.050         8
    38.679    18.921     0.050         8
    49.471    17.423     0.050         8
    51.357    17.211     0.050         8
    53.068    16.995     0.050         8
    55.186    16.757     0.050         8
    57.032    16.520     0.050         8
    58.409    16.393     0.050         8
    60.257    16.194     0.050         8
    62.381    16.014     0.050         8
    64.636    15.758     0.050         8
    66.167    15.654     0.050         8
    67.532    15.565     0.050         8
    69.394    15.404     0.050         8
    70.949    15.244     0.050         8
    72.988    15.076     0.050         8
    74.543    14.970     0.050         8
    76.677    14.832     0.050         8
    79.009    14.661     0.050         8
    20.843    21.624     0.050        14
    22.566    21.380     0.050        14
    24.761    21.082     0.050        14
    27.117    20.756     0.050        14
    30.760    20.258     0.050        14
    33.969    19.722     0.050        14
    37.382    19.198     0.050        14
    39.818    18.834     0.050        14
    57.957    16.455     0.050        14
    60.867    16.070     0.050        14
    63.591    15.746     0.050        14
    67.228    15.241     0.050        14
    70.637    14.797     0.050        14
    73.769    14.389     0.050        14
    76.992    13.952     0.050        14
    81.015    13.362     0.050        14
    84.285    12.852     0.050        14
    86.807    12.432     0.050        14
    89.632    12.030     0.050        14
    91.974    11.616     0.050        14
    95.778    11.160     0.050        14
    98.459    10.558     0.050        14
   100.615    10.154     0.050        14
   102.462     9.890     0.050        14
   104.629     9.552     0.050        14
   107.608     9.078     0.050        14
   109.791     8.692     0.050        14
   112.290     8.276     0.050        14
    10.074    38.828     0.050        24
    13.978    37.815     0.050        24
    17.397    36.873     0.050        24
    20.692    36.032     0.050        24
    22.878    35.543     0.050        24
    26.016    34.619     0.050        24
    28.858    33.905     0.050        24
    31.552    33.281     0.050        24
    57.957    26.832     0.050        24
    61.772    25.891     0.050        24
    64.794    25.101     0.050        24
    67.532    24.362     0.050        24
    70.637    23.508     0.050        24
    74.242    22.623     0.050        24
    77.912    21.710     0.050        24
    82.884    20.413     0.050        24
    86.177    19.557     0.050        24
    88.698    18.895     0.050        24
    91.355    18.187     0.050        24
    93.715    17.619     0.050        24
   102.462    15.090     0.050        24
   106.042    14.243     0.050        24
   109.641    13.288     0.050        24
   116.395    11.240     0.050        29
   116.876    11.086     0.050        29
   117.346    10.873     0.050        29
   117.809    10.656     0.050        29
   118.293    10.473     0.050        29
   118.766    10.283     0.050        29
   119.242    10.076     0.050        29
   119.729     9.863     0.050        29
   120.213     9.682     0.050        29
   120.697     9.468     0.050        29
   121.183     9.249     0.050        29
   121.670     9.032     0.050        29
   122.146     8.863     0.050        29
   122.633     8.650     0.050        29
   123.110     8.474     0.050        29
   123.583     8.263     0.050        29
   124.045     8.056     0.050        29
   124.521     7.930     0.050        29
   124.998     7.742     0.050        29
   125.474     7.552     0.050        29
   125.947     7.374     0.050        29
   126.409     7.207     0.050        29
   126.872     7.039     0.050        29
   127.342     6.875     0.050        29
   127.804     6.728     0.050        29
   128.280     6.563     0.050        29
   128.770     6.380     0.050        29
   129.250     6.148     0.050        29
   129.737     5.945     0.050        29
   130.213     5.789     0.050        29
   130.692     5.637     0.050        29
   131.168     5.509     0.050        29
   131.655     5.350     0.050        29
   132.131     5.188     0.050        29
   132.621     5.063     0.050        29
   115.119    10.975     0.050        30
   116.395    10.459     0.050        30
   117.346    10.105     0.050        30
   118.605     9.604     0.050        30
   119.081     9.360     0.050        30
   119.568     9.171     0.050        30
   120.051     8.967     0.050        30
   120.535     8.797     0.050        30
   121.022     8.579     0.050        30
   121.509     8.377     0.050        30
   121.985     8.210     0.050        30
   122.472     8.039     0.050        30
   122.959     7.830     0.050        30
   123.421     7.620     0.050        30
   123.895     7.478     0.050        30
   124.368     7.250     0.050        30
   124.836     7.124     0.050        30
   125.313     6.937     0.050        30
   125.786     6.782     0.050        30
   126.248     6.591     0.050        30
   126.721     6.425     0.050        30
   127.181     6.266     0.050        30
   127.654     6.075     0.050        30
   128.119     5.902     0.050        30
   128.606     5.730     0.050        30
   129.085     5.566     0.050        30
   129.575     5.395     0.050        30
   138.753     1.000     0.000         0
   139.167     2.079     0.050         1
   139.654     2.178     0.050         1
   140.127     2.311     0.050         1
   140.614     2.473     0.050         1
   141.090     2.665     0.050         1
   141.577     2.900     0.050         1
   144.785     4.260     0.050         5
   145.272     4.376     0.050         5
   145.756     4.498     0.050         5
   146.243     4.596     0.050         5
   146.716     4.691     0.050         5
   147.203     4.786     0.050         5
   147.679     4.888     0.050         5
   148.152     4.976     0.050         5
   148.642     5.062     0.050         5
   149.115     5.155     0.050         5
   149.581     5.248     0.050         5
   150.060     5.327     0.050         5
   150.536     5.407     0.050         5
   151.004     5.479     0.050         5
   151.470     5.564     0.050         5
   151.931     5.640     0.050         5
   152.399     5.707     0.050         5
   152.871     5.752     0.050         5
   153.328     5.835     0.050         5
   153.786     5.902     0.050         5
   154.244     5.932     0.050         5
   154.695     5.954     0.050         5
   155.156     5.952     0.050         5
   155.617     5.949     0.050         5
   156.082     6.005     0.050         5
   156.545     6.083     0.050         5
   157.000     6.138     0.050         5
   157.449     6.205     0.050         5
   157.897     6.250     0.050         5
   158.335     6.247     0.050         5
   158.762     6.282     0.050         5
   159.166     6.357     0.050         5
   159.557     6.415     0.050         5
   159.917     6.473     0.050         5
   160.236     6.497     0.050         5
   160.533     6.503     0.050         5
   217.398    15.088     0.050         5
   219.045    15.501     0.050         5
   220.147    15.852     0.050         5
   221.639    16.224     0.050         5
   223.064    16.698     0.050         5
   224.657    17.176     0.050         5
   225.528    17.438     0.050         5
   227.145    17.821     0.050         5
   229.882    18.373     0.050         5
   232.557    18.830     0.050         5
   234.251    19.084     0.050         5
   236.963    19.474     0.050         5
   240.894    20.033     0.050         5
   228.167    21.328     0.050         8
   231.987    21.629     0.050         8
   235.238    21.756     0.050         8
   237.831    21.871     0.050         8
   241.055    22.164     0.050         8
   244.460    22.385     0.050         8
   247.202    22.581     0.050         8
   250.470    22.826     0.050         8
   253.009    22.881     0.050         8
   255.659    23.083     0.050         8
   258.640    23.253     0.050         8
   262.460    23.493     0.050         8
   265.383    23.726     0.050         8
   267.346    23.852     0.050         8
   271.355    24.177     0.050         8
   273.938    24.283     0.050         8
   277.048    24.465     0.050         8
   280.098    24.586     0.050         8
   282.497    24.748     0.050         8
   286.173    25.008     0.050         8
   288.420    25.173     0.050         8
   292.948    25.770     0.050         8
   297.278    26.570     0.050         8
   303.286    27.442     0.050         8
   308.130    28.078     0.050         8
   313.755    28.851     0.050         8
   357.264    35.145     0.050         8
   359.818    35.601     0.050         8
   362.208    36.096     0.050         8
   364.470    36.515     0.050         8
   216.713    15.998     0.050        14
   218.455    16.488     0.050        14
   220.147    16.944     0.050        14
   222.204    17.552     0.050        14
   224.366    18.154     0.050        14
   226.854    18.724     0.050        14
   229.745    19.248     0.050        14
   232.267    19.668     0.050        14
   231.132    22.477     0.050        25
   233.832    22.691     0.050        25
   238.121    22.981     0.050        25
   241.668    23.309     0.050        25
   245.078    23.560     0.050        25
   250.012    23.962     0.050        25
   253.480    24.010     0.050        25
   257.207    24.264     0.050        25
   260.551    24.398     0.050        25
   264.891    24.673     0.050        25
   269.275    25.032     0.050        25
   274.422    25.258     0.050        25
   279.934    25.545     0.050        25
   285.044    25.970     0.050        25
   290.688    26.597     0.050        25
   297.582    27.640     0.050        25
   304.221    28.506     0.050        25
   308.130    29.132     0.050        25
   311.416    29.574     0.050        25
   144.754    -1.000     0.000         0
   141.089     3.005     0.050         1
   141.575     2.773     0.050         1
   142.062     2.561     0.050         1
   142.537     2.366     0.050         1
   143.012     2.183     0.050         1
   143.497     2.080     0.050         1
   143.978     2.008     0.050         1
   144.448     1.970     0.050         1
   141.089     3.278     0.050         2
   141.575     3.118     0.050         2
   142.062     2.957     0.050         2
   142.537     2.824     0.050         2
   143.012     2.715     0.050         2
   143.497     2.635     0.050         2
   143.978     2.573     0.050         2
   144.448     2.541     0.050         2
    12.378    22.982     0.050         5
    14.458    22.686     0.050         5
    16.248    22.427     0.050         5
    18.656    22.101     0.050         5
    21.946    21.603     0.050         5
    23.655    21.339     0.050         5
    26.167    20.948     0.050         5
    28.858    20.541     0.050         5
    31.237    20.170     0.050         5
    33.317    19.839     0.050         5
    34.456    19.663     0.050         5
    36.414    19.356     0.050         5
    38.031    19.108     0.050         5
    56.107    16.748     0.050         5
    58.259    16.466     0.050         5
    60.106    16.224     0.050         5
    62.381    15.927     0.050         5
    64.636    15.650     0.050         5
    66.167    15.476     0.050         5
    67.694    15.295     0.050         5
    69.082    15.124     0.050         5
    71.422    14.773     0.050         5
    73.139    14.522     0.050         5
    75.143    14.252     0.050         5
    77.457    13.934     0.050         5
    79.318    13.647     0.050         5
    81.629    13.304     0.050         5
    82.884    13.138     0.050         5
    84.286    12.935     0.050         5
   101.536    10.000     0.050         5
   101.994     9.922     0.050         5
   102.462     9.865     0.050         5
   102.917     9.803     0.050         5
   103.372     9.732     0.050         5
   103.837     9.675     0.050         5
   104.314     9.595     0.050         5
   104.793     9.515     0.050         5
   105.258     9.449     0.050         5
   105.727     9.388     0.050         5
   106.203     9.315     0.050         5
   106.679     9.254     0.050         5
   107.145     9.166     0.050         5
   107.607     9.095     0.050         5
   108.084     9.024     0.050         5
   108.543     8.958     0.050         5
   109.006     8.870     0.050         5
   109.479     8.816     0.050         5
   109.952     8.736     0.050         5
   110.418     8.683     0.050         5
   110.880     8.618     0.050         5
   111.354     8.556     0.050         5
   111.816     8.502     0.050         5
   112.289     8.466     0.050         5
   112.749     8.397     0.050         5
   113.201     8.347     0.050         5
   113.671     8.308     0.050         5
   114.147     8.257     0.050         5
   114.634     8.207     0.050         5
   115.118     8.123     0.050         5
   115.602     8.041     0.050         5
   116.086     7.979     0.050         5
   116.556     7.911     0.050         5
   117.027     7.834     0.050         5
   117.497     7.761     0.050         5
   117.970     7.665     0.050         5
   118.443     7.581     0.050         5
   118.930     7.501     0.050         5
   119.407     7.435     0.050         5
   119.890     7.393     0.050         5
   120.374     7.348     0.050         5
   120.858     7.299     0.050         5
   121.345     7.250     0.050         5
   121.832     7.206     0.050         5
   122.311     7.149     0.050         5
   122.798     7.088     0.050         5
   123.271     7.006     0.050         5
   123.734     6.919     0.050         5
   124.207     6.836     0.050         5
   124.686     6.745     0.050         5
   125.162     6.660     0.050         5
   125.636     6.572     0.050         5
   126.098     6.483     0.050         5
   126.561     6.390     0.050         5
   127.031     6.299     0.050         5
   127.493     6.247     0.050         5
   127.970     6.163     0.050         5
   128.446     6.074     0.050         5
   128.922     6.002     0.050         5
   129.412     5.929     0.050         5
   129.888     5.856     0.050         5
   130.378     5.783     0.050         5
   130.854     5.707     0.050         5
   131.330     5.631     0.050         5
   131.806     5.552     0.050         5
   132.296     5.475     0.050         5
   132.783     5.398     0.050         5
   133.262     5.325     0.050         5
   133.752     5.238     0.050         5
   134.239     5.130     0.050         5
   134.725     5.041     0.050         5
   135.204     4.955     0.050         5
   135.681     4.875     0.050         5
   136.157     4.777     0.050         5
    50.575    18.066     0.050         8
    51.984    17.945     0.050         8
    53.520    17.790     0.050         8
    55.186    17.584     0.050         8
    56.723    17.498     0.050         8
    58.718    17.311     0.050         8
    60.566    17.089     0.050         8
    62.839    16.880     0.050         8
    64.636    16.723     0.050         8
    66.782    16.553     0.050         8
    69.394    16.260     0.050         8
    71.261    16.064     0.050         8
    72.827    15.960     0.050         8
    74.992    15.771     0.050         8
    77.608    15.507     0.050         8
    80.542    15.244     0.050         8
    83.669    14.938     0.050         8
    12.206    23.538     0.050        14
    14.783    23.238     0.050        14
    18.978    22.674     0.050        14
    23.981    21.937     0.050        14
    27.744    21.391     0.050        14
    31.237    20.877     0.050        14
    33.482    20.534     0.050        14
    36.414    20.046     0.050        14
    57.032    17.270     0.050        14
    59.794    16.942     0.050        14
    62.839    16.533     0.050        14
    65.858    16.194     0.050        14
    69.232    15.717     0.050        14
    72.988    15.171     0.050        14
    75.753    14.777     0.050        14
    79.770    14.175     0.050        14
    82.411    13.834     0.050        14
   100.314    10.740     0.050        14
   100.777    10.664     0.050        14
   101.232    10.603     0.050        14
   101.689    10.542     0.050        14
   102.147    10.481     0.050        14
   102.613    10.408     0.050        14
   103.068    10.346     0.050        14
   103.523    10.275     0.050        14
   103.988    10.227     0.050        14
   104.467    10.157     0.050        14
   104.946    10.085     0.050        14
   105.423    10.020     0.050        14
   105.891     9.954     0.050        14
   106.367     9.876     0.050        14
   106.991     9.803     0.050        14
   107.457     9.738     0.050        14
   107.922     9.673     0.050        14
   108.395     9.607     0.050        14
   108.855     9.557     0.050        14
   109.315     9.481     0.050        14
   109.791     9.425     0.050        14
   110.264     9.358     0.050        14
   110.730     9.287     0.050        14
   111.192     9.225     0.050        14
   111.666     9.172     0.050        14
   112.289     9.103     0.050        14
   112.749     9.028     0.050        14
   113.201     8.986     0.050        14
   113.671     8.912     0.050        14
   114.147     8.849     0.050        14
   114.634     8.799     0.050        14
   115.118     8.738     0.050        14
   115.602     8.675     0.050        14
   116.086     8.620     0.050        14
   116.556     8.546     0.050        14
   117.027     8.469     0.050        14
   117.497     8.389     0.050        14
   117.970     8.298     0.050        14
   118.443     8.204     0.050        14
   118.930     8.125     0.050        14
   119.407     8.086     0.050        14
   119.890     8.022     0.050        14
   120.374     7.984     0.050        14
   120.858     7.936     0.050        14
   121.345     7.881     0.050        14
   121.832     7.826     0.050        14
   122.311     7.762     0.050        14
   122.798     7.679     0.050        14
   123.271     7.605     0.050        14
   123.734     7.533     0.050        14
   124.207     7.453     0.050        14
   124.686     7.355     0.050        14
   125.162     7.264     0.050        14
   125.636     7.182     0.050        14
   126.098     7.098     0.050        14
   126.561     7.001     0.050        14
   127.031     6.913     0.050        14
   127.493     6.849     0.050        14
   127.970     6.768     0.050        14
   128.446     6.701     0.050        14
   128.922     6.618     0.050        14
   129.412     6.548     0.050        14
   129.888     6.490     0.050        14
   130.378     6.462     0.050        14
   130.854     6.352     0.050        14
   131.330     6.267     0.050        14
   131.806     6.191     0.050        14
   132.296     6.103     0.050        14
   132.783     6.023     0.050        14
   133.262     5.943     0.050        14
    56.422    28.311     0.050        24
    57.495    28.056     0.050        24
    58.869    27.758     0.050        24
    59.945    27.520     0.050        24
    61.172    27.274     0.050        24
    65.707    26.268     0.050        24
    66.782    26.022     0.050        24
    67.532    25.861     0.050        24
    68.310    25.683     0.050        24
    69.544    25.380     0.050        24
    71.261    24.968     0.050        24
    72.207    24.726     0.050        24
    73.300    24.430     0.050        24
    73.930    24.269     0.050        24
    74.992    23.998     0.050        24
    76.222    23.666     0.050        24
    76.992    23.461     0.050        24
    77.457    23.368     0.050        24
    77.912    23.258     0.050        24
    78.375    23.141     0.050        24
    78.848    23.011     0.050        24
    79.318    22.884     0.050        24
    79.770    22.788     0.050        24
    83.984    21.737     0.050        24
    86.807    20.985     0.050        24
    89.632    20.220     0.050        24
    93.238    19.257     0.050        24
   109.952    15.034     0.050        24
   112.588    14.231     0.050        24
   115.118    13.547     0.050        24
   119.242    12.446     0.050        24
   121.832    11.684     0.050        24
   124.046    10.953     0.050        24
   126.722    10.142     0.050        24
   128.771     9.588     0.050        24
   130.214     9.150     0.050        24
    60.257    18.413     0.050        28
    62.077    18.208     0.050        28
    63.590    18.074     0.050        28
    65.398    17.883     0.050        28
    66.621    17.778     0.050        28
    68.310    17.593     0.050        28
    70.171    17.414     0.050        28
    71.573    17.257     0.050        28
    72.673    17.156     0.050        28
    73.769    17.042     0.050        28
    75.441    16.861     0.050        28
   134.725     5.633     0.050        30
   135.204     5.477     0.050        30
   135.681     5.320     0.050        30
   136.157     5.183     0.050        30
   136.633     5.024     0.050        30
   137.098     4.870     0.050        30
   137.574     4.697     0.050        30
   138.050     4.566     0.050        30
   144.754     1.000     0.000         0
   145.131     1.987     0.050         1
   145.602     2.078     0.050         1
   146.086     2.212     0.050         1
   146.568     2.346     0.050         1
   147.044     2.552     0.050         1
   147.516     2.762     0.050         1
   144.979     2.562     0.050         2
   145.443     2.605     0.050         2
   145.922     2.673     0.050         2
   146.407     2.802     0.050         2
   147.044     2.960     0.050         2
   147.516     3.097     0.050         2
   150.852     4.150     0.050         5
   151.310     4.260     0.050         5
   151.779     4.375     0.050         5
   152.248     4.452     0.050         5
   152.719     4.522     0.050         5
   153.178     4.605     0.050         5
   153.636     4.672     0.050         5
   154.094     4.763     0.050         5
   154.545     4.748     0.050         5
   155.006     4.760     0.050         5
   155.468     4.812     0.050         5
   155.933     4.858     0.050         5
   156.388     4.920     0.050         5
   156.850     4.989     0.050         5
   157.304     5.035     0.050         5
   157.751     5.100     0.050         5
   158.191     5.153     0.050         5
   158.628     5.193     0.050         5
   159.053     5.252     0.050         5
   159.454     5.320     0.050         5
   159.832     5.378     0.050         5
   160.168     5.406     0.050         5
   160.487     5.445     0.050         5
   227.005    20.501     0.050         8
   230.855    20.829     0.050         8
   235.948    21.281     0.050         8
   239.342    21.508     0.050         8
   242.843    21.775     0.050         8
   246.430    22.039     0.050         8
   249.397    22.253     0.050         8
   251.410    22.332     0.050         8
   253.327    22.414     0.050         8
   255.971    22.597     0.050         8
   258.167    22.704     0.050         8
   259.753    22.734     0.050         8
   263.272    22.942     0.050         8
   266.376    23.145     0.050         8
   268.637    23.204     0.050         8
   270.712    23.331     0.050         8
   273.616    23.498     0.050         8
   275.573    23.568     0.050         8
   277.840    23.707     0.050         8
   281.056    23.985     0.050         8
   284.089    24.236     0.050         8
   287.464    24.473     0.050         8
   291.021    24.834     0.050         8
   296.498    25.651     0.050         8
   299.874    26.151     0.050         8
   303.128    26.636     0.050         8
   227.435    21.702     0.050        28
   229.882    21.905     0.050        28
   232.267    22.095     0.050        28
   235.669    22.364     0.050        28
   238.272    22.538     0.050        28
   241.668    22.653     0.050        28
   243.281    22.790     0.050        28
   245.975    23.074     0.050        28
   248.770    23.202     0.050        28
   250.316    23.233     0.050        28
   254.096    23.529     0.050        28
   255.971    23.597     0.050        28
   258.640    23.724     0.050        28
   260.551    23.801     0.050        28
   263.272    24.009     0.050        28
   265.383    24.156     0.050        28
   269.119    24.331     0.050        28
   271.998    24.493     0.050        28
   273.777    24.583     0.050        28
   276.062    24.664     0.050        28
   278.488    24.788     0.050        28
   281.381    25.029     0.050        28
   286.977    25.605     0.050        28
   291.182    25.950     0.050        28
   294.032    26.295     0.050        28
   298.654    27.011     0.050        28
   300.633    27.245     0.050        28
   302.655    27.507     0.050        28
   305.159    27.842     0.050        28
   307.815    28.198     0.050        28
   310.632    28.577     0.050        28
   312.978    28.894     0.050        28
   315.155    29.207     0.050        28
   317.511    29.552     0.050        28
   150.731    -1.000     0.000         0
   147.203     2.919     0.050         1
   147.679     2.687     0.050         1
   148.152     2.468     0.050         1
   148.642     2.288     0.050         1
   149.265     2.102     0.050         1
   149.744     2.018     0.050         1
   150.224     1.933     0.050         1
   150.681     1.899     0.050         1
    22.401    22.386     0.050         5
    25.392    21.965     0.050         5
    29.019    21.426     0.050         5
    32.682    20.921     0.050         5
   102.298    10.770     0.050         5
   104.629    10.426     0.050         5
   106.042    10.217     0.050         5
   107.145    10.066     0.050         5
   108.084     9.927     0.050         5
   109.315     9.745     0.050         5
   110.418     9.588     0.050         5
   111.505     9.449     0.050         5
   112.290     9.365     0.050         5
   113.352     9.251     0.050         5
   114.470     9.111     0.050         5
   115.441     8.980     0.050         5
   116.557     8.812     0.050         5
   117.346     8.697     0.050         5
   118.131     8.559     0.050         5
   118.930     8.433     0.050         5
   119.729     8.334     0.050         5
   120.697     8.237     0.050         5
   121.183     8.195     0.050         5
   121.670     8.152     0.050         5
   122.147     8.095     0.050         5
   122.633     8.040     0.050         5
   123.110     7.966     0.050         5
   123.583     7.889     0.050         5
   124.045     7.809     0.050         5
   124.522     7.726     0.050         5
   124.998     7.652     0.050         5
   125.474     7.568     0.050         5
   125.947     7.492     0.050         5
   126.410     7.404     0.050         5
   126.872     7.345     0.050         5
   127.342     7.257     0.050         5
   127.805     7.191     0.050         5
   128.281     7.088     0.050         5
   128.771     7.004     0.050         5
   129.250     6.945     0.050         5
   129.737     6.841     0.050         5
   130.213     6.798     0.050         5
   130.692     6.728     0.050         5
   131.169     6.668     0.050         5
   131.655     6.584     0.050         5
   132.132     6.504     0.050         5
   132.621     6.423     0.050         5
   133.101     6.376     0.050         5
   133.587     6.288     0.050         5
   134.077     6.221     0.050         5
   134.564     6.154     0.050         5
   135.043     6.093     0.050         5
   135.530     6.030     0.050         5
   135.996     5.974     0.050         5
   136.472     5.903     0.050         5
   136.948     5.811     0.050         5
   137.424     5.729     0.050         5
   137.900     5.609     0.050         5
   138.366     5.503     0.050         5
   138.853     5.420     0.050         5
   139.329     5.322     0.050         5
   139.805     5.223     0.050         5
   140.292     5.132     0.050         5
   140.776     5.052     0.050         5
   141.252     4.944     0.050         5
   142.379     4.709     0.050        10
   142.866     4.588     0.050        10
   143.339     4.475     0.050        10
   143.826     4.324     0.050        10
   144.310     4.177     0.050        10
     3.880    25.773     0.050        12
     9.103    25.102     0.050        12
    15.109    24.270     0.050        12
    21.319    23.475     0.050        12
    26.016    22.788     0.050        12
     8.115    24.909     0.050        14
    11.544    24.402     0.050        14
    15.270    23.874     0.050        14
    19.129    23.275     0.050        14
    23.505    22.609     0.050        14
    27.267    22.057     0.050        14
    32.031    21.323     0.050        14
    35.107    20.820     0.050        14
   102.147    11.094     0.050        14
   103.988    10.829     0.050        14
   105.574    10.577     0.050        14
   106.830    10.413     0.050        14
   108.396    10.188     0.050        14
   109.479    10.030     0.050        14
   110.730     9.839     0.050        14
   112.129     9.667     0.050        14
   113.201     9.559     0.050        14
   114.470     9.430     0.050        14
   115.764     9.258     0.050        14
   116.876     9.086     0.050        14
   118.605     8.798     0.050        14
   119.729     8.607     0.050        14
   120.213     8.561     0.050        14
   120.697     8.527     0.050        14
   121.183     8.478     0.050        14
   121.670     8.430     0.050        14
   122.147     8.389     0.050        14
   122.633     8.345     0.050        14
   123.110     8.269     0.050        14
   123.583     8.186     0.050        14
   124.045     8.104     0.050        14
   124.522     8.014     0.050        14
   124.998     7.930     0.050        14
   125.474     7.858     0.050        14
   125.947     7.778     0.050        14
   126.410     7.698     0.050        14
   126.872     7.618     0.050        14
   127.342     7.535     0.050        14
   127.805     7.477     0.050        14
   128.281     7.395     0.050        14
   128.771     7.309     0.050        14
   129.250     7.236     0.050        14
   129.737     7.155     0.050        14
   130.213     7.082     0.050        14
   130.692     7.010     0.050        14
   131.169     6.928     0.050        14
   131.655     6.875     0.050        14
   132.132     6.801     0.050        14
   132.621     6.744     0.050        14
   133.101     6.679     0.050        14
   133.587     6.610     0.050        14
   134.077     6.544     0.050        14
   134.564     6.473     0.050        14
   135.043     6.404     0.050        14
   135.530     6.341     0.050        14
   135.996     6.270     0.050        14
   136.472     6.196     0.050        14
   136.948     6.119     0.050        14
   137.424     6.046     0.050        14
   137.900     5.963     0.050        14
   138.366     5.846     0.050        14
   138.853     5.757     0.050        14
   139.329     5.662     0.050        14
   139.805     5.573     0.050        14
   140.292     5.476     0.050        14
   140.776     5.371     0.050        14
   141.252     5.281     0.050        14
    74.694    25.385     0.050        24
    76.372    24.920     0.050        24
    78.848    24.324     0.050        24
    82.102    23.506     0.050        24
    83.984    22.975     0.050        24
    87.444    22.075     0.050        24
    89.164    21.649     0.050        24
   104.629    17.687     0.050        24
   106.368    17.179     0.050        24
   108.235    16.733     0.050        24
   111.193    15.929     0.050        24
   112.900    15.475     0.050        24
   114.470    15.061     0.050        24
   119.890    13.811     0.050        24
   120.374    13.667     0.050        24
   120.858    13.584     0.050        24
   121.345    13.448     0.050        24
   121.832    13.282     0.050        24
   122.311    13.134     0.050        24
   122.798    12.971     0.050        24
   123.271    12.837     0.050        24
   123.733    12.706     0.050        24
   124.207    12.510     0.050        24
   124.686    12.374     0.050        24
   125.162    12.215     0.050        24
   125.635    12.047     0.050        24
   126.098    11.916     0.050        24
   126.560    11.775     0.050        24
   127.030    11.607     0.050        24
   127.493    11.500     0.050        24
   127.969    11.354     0.050        24
   128.445    11.235     0.050        24
   128.921    11.110     0.050        24
   129.411    10.969     0.050        24
   129.887    10.797     0.050        24
   132.947     9.958     0.050        24
   135.842     9.119     0.050        24
   138.689     6.609     0.050        29
   139.168     6.459     0.050        29
   139.655     6.262     0.050        29
   140.128     6.067     0.050        29
   140.615     5.876     0.050        29
   141.091     5.735     0.050        29
   137.739     6.528     0.050        30
   138.215     6.346     0.050        30
   138.689     6.178     0.050        30
   139.168     6.002     0.050        30
   139.655     5.841     0.050        30
   140.128     5.659     0.050        30
   140.615     5.474     0.050        30
   141.091     5.302     0.050        30
   141.578     5.150     0.050        30
   150.731     1.000     0.000         0
   150.855     1.931     0.050         1
   151.309     2.013     0.050         1
   151.777     2.083     0.050         1
   152.245     2.209     0.050         1
   152.717     2.418     0.050         1
   153.175     2.600     0.050         1
   156.848     3.645     0.050         5
   157.302     3.720     0.050         5
   157.749     3.788     0.050         5
   158.191     3.860     0.050         5
   158.631     3.915     0.050         5
   159.060     4.005     0.050         5
   159.468     4.097     0.050         5
   159.857     4.183     0.050         5
   160.207     4.248     0.050         5
   161.078     4.393     0.050         5
   161.364     4.429     0.050         5
   218.455    13.490     0.050         5
   219.871    13.894     0.050         5
   221.096    14.210     0.050         5
   222.344    14.605     0.050         5
   223.355    15.063     0.050         5
   224.517    15.423     0.050         5
   226.123    15.822     0.050         5
   227.586    16.150     0.050         5
   228.887    16.423     0.050         5
   230.992    16.784     0.050         5
   252.680    21.558     0.050         8
   254.257    21.613     0.050         8
   255.971    21.726     0.050         8
   257.519    21.824     0.050         8
   258.640    21.806     0.050         8
   259.438    21.827     0.050         8
   260.551    21.830     0.050         8
   261.490    21.788     0.050         8
   263.745    21.963     0.050         8
   266.537    22.240     0.050         8
   267.833    22.316     0.050         8
   269.119    22.411     0.050         8
   270.394    22.473     0.050         8
   271.837    22.517     0.050         8
   274.260    22.665     0.050         8
   275.573    22.717     0.050         8
   277.367    22.810     0.050         8
   278.974    22.882     0.050         8
   281.056    22.996     0.050         8
   282.812    23.148     0.050         8
   284.729    23.328     0.050         8
   286.813    23.526     0.050         8
   288.262    23.663     0.050         8
   289.879    23.814     0.050         8
   293.252    24.308     0.050         8
   295.277    24.602     0.050         8
   297.735    24.990     0.050         8
   302.332    25.612     0.050         8
   305.943    26.083     0.050         8
   309.697    26.555     0.050         8
   313.131    26.999     0.050         8
   154.543     3.116     0.050        10
   155.312     3.360     0.050        10
   155.770     3.491     0.050        10
   251.727    22.568     0.050        12
   253.327    22.638     0.050        12
   255.036    22.724     0.050        12
   255.971    22.770     0.050        12
   258.479    22.882     0.050        12
   259.753    22.896     0.050        12
   261.812    22.928     0.050        12
   263.583    22.916     0.050        12
   265.053    22.940     0.050        12
   267.185    23.054     0.050        12
   269.596    23.216     0.050        12
   272.162    23.336     0.050        12
   274.260    23.464     0.050        12
   276.728    23.546     0.050        12
   279.447    23.712     0.050        12
   281.381    23.860     0.050        12
   284.565    24.124     0.050        12
   288.743    24.402     0.050        12
   293.099    24.976     0.050        12
   296.662    25.590     0.050        12
   300.178    26.156     0.050        12
   216.977    13.960     0.050        14
   219.465    14.706     0.050        14
   221.223    15.328     0.050        14
   222.774    15.984     0.050        14
   224.517    16.514     0.050        14
   227.145    17.196     0.050        14
   229.745    17.694     0.050        14
   156.702    -1.000     0.000         0
   153.931     2.094     0.050         1
   154.377     1.884     0.050         1
   154.831     1.668     0.050         1
   155.281     1.503     0.050         1
   155.719     1.388     0.050         1
   156.140     1.312     0.050         1
   156.396     1.298     0.050         1
   102.764    11.839     0.050         5
   105.423    11.436     0.050         5
   106.831    11.237     0.050         5
   109.315    10.870     0.050         5
   111.978    10.525     0.050         5
   113.511    10.368     0.050         5
   115.925    10.043     0.050         5
   118.132     9.675     0.050         5
   119.568     9.487     0.050         5
   120.213     9.434     0.050         5
   120.859     9.375     0.050         5
   121.345     9.379     0.050         5
   121.832     9.320     0.050         5
   122.312     9.238     0.050         5
   122.798     9.180     0.050         5
   123.272     9.098     0.050         5
   123.734     9.028     0.050         5
   124.207     8.948     0.050         5
   124.687     8.868     0.050         5
   125.163     8.777     0.050         5
   125.636     8.698     0.050         5
   126.098     8.624     0.050         5
   126.561     8.540     0.050         5
   127.031     8.464     0.050         5
   127.494     8.400     0.050         5
   127.970     8.342     0.050         5
   128.446     8.279     0.050         5
   128.922     8.195     0.050         5
   129.412     8.133     0.050         5
   129.888     8.054     0.050         5
   130.378     7.988     0.050         5
   130.854     7.908     0.050         5
   131.331     7.849     0.050         5
   131.807     7.782     0.050         5
   132.297     7.699     0.050         5
   132.783     7.616     0.050         5
   133.263     7.545     0.050         5
   133.752     7.492     0.050         5
   134.239     7.433     0.050         5
   134.726     7.378     0.050         5
   135.205     7.295     0.050         5
   135.681     7.256     0.050         5
   136.158     7.174     0.050         5
   136.634     7.124     0.050         5
   137.099     7.057     0.050         5
   137.575     6.987     0.050         5
   138.052     6.902     0.050         5
   138.528     6.827     0.050         5
   139.004     6.735     0.050         5
   139.491     6.660     0.050         5
   139.967     6.578     0.050         5
   140.454     6.490     0.050         5
   140.930     6.403     0.050         5
   141.417     6.278     0.050         5
   141.900     6.169     0.050         5
   142.380     6.061     0.050         5
   142.866     5.974     0.050         5
   143.340     5.868     0.050         5
   143.826     5.782     0.050         5
   144.310     5.693     0.050         5
   144.786     5.590     0.050         5
   145.273     5.482     0.050         5
   145.757     5.365     0.050         5
   146.244     5.263     0.050         5
   146.717     5.173     0.050         5
   147.841     4.844     0.050        10
   148.318     4.719     0.050        10
   148.794     4.576     0.050        10
   149.267     4.428     0.050        10
   149.746     4.307     0.050        10
   119.407     9.797     0.050        14
   120.213     9.746     0.050        14
   121.345     9.639     0.050        14
   122.634     9.488     0.050        14
   123.584     9.330     0.050        14
   124.046     9.243     0.050        14
   124.522     9.155     0.050        14
   124.998     9.079     0.050        14
   125.475     9.005     0.050        14
   125.948     8.926     0.050        14
   126.410     8.839     0.050        14
   126.873     8.773     0.050        14
   127.343     8.708     0.050        14
   127.806     8.639     0.050        14
   128.282     8.566     0.050        14
   128.772     8.482     0.050        14
   129.251     8.418     0.050        14
   129.738     8.367     0.050        14
   130.214     8.278     0.050        14
   130.693     8.204     0.050        14
   131.169     8.154     0.050        14
   131.656     8.054     0.050        14
   132.132     7.998     0.050        14
   132.622     7.939     0.050        14
   133.101     7.877     0.050        14
   133.588     7.818     0.050        14
   134.078     7.748     0.050        14
   134.565     7.674     0.050        14
   135.044     7.611     0.050        14
   135.531     7.529     0.050        14
   135.996     7.465     0.050        14
   136.472     7.434     0.050        14
   136.949     7.348     0.050        14
   137.425     7.307     0.050        14
   137.901     7.211     0.050        14
   138.366     7.119     0.050        14
   138.853     7.020     0.050        14
   139.329     6.927     0.050        14
   139.805     6.841     0.050        14
   140.292     6.752     0.050        14
   140.776     6.666     0.050        14
   141.252     6.587     0.050        14
   141.739     6.513     0.050        14
   142.226     6.410     0.050        14
   142.702     6.315     0.050        14
   143.178     6.221     0.050        14
   143.665     6.078     0.050        14
   144.948     5.785     0.050        14
   114.471    17.485     0.050        24
   115.280    17.251     0.050        24
   116.087    17.018     0.050        24
   117.189    16.694     0.050        24
   117.971    16.441     0.050        24
   119.243    16.020     0.050        24
   120.213    15.759     0.050        24
   121.671    15.407     0.050        24
   123.272    14.972     0.050        24
   127.806    13.673     0.050        24
   128.607    13.430     0.050        24
   129.087    13.266     0.050        24
   156.702     1.000     0.000         0
   157.135     1.308     0.050         1
   157.539     1.415     0.050         1
   157.987     1.591     0.050         1
   158.441     1.753     0.050         1
   158.897     1.974     0.050         1
   217.121    12.401     0.050         5
   218.455    12.723     0.050         5
   219.465    12.999     0.050         5
   220.414    13.244     0.050         5
   221.223    13.483     0.050         5
   222.067    13.753     0.050         5
   222.925    14.061     0.050         5
   223.786    14.373     0.050         5
   224.808    14.658     0.050         5
   225.679    14.890     0.050         5
   226.855    15.185     0.050         5
   228.027    15.418     0.050         5
   229.028    15.615     0.050         5
   230.022    15.787     0.050         5
   230.993    15.966     0.050         5
   232.127    16.167     0.050         5
   233.692    16.432     0.050         5
   234.528    16.572     0.050         5
   236.099    16.813     0.050         5
   237.691    16.998     0.050         5
   239.189    17.184     0.050         5
   240.295    17.340     0.050         5
   162.784    -1.000     0.000         0
    76.372    16.998     0.050         5
    78.848    16.591     0.050         5
    81.790    16.125     0.050         5
    83.669    15.831     0.050         5
    85.714    15.534     0.050         5
    88.071    15.184     0.050         5
    90.725    14.794     0.050         5
    93.400    14.409     0.050         5
    95.616    14.017     0.050         5
    97.515    13.666     0.050         5
   100.002    13.231     0.050         5
   101.232    13.052     0.050         5
   102.462    12.881     0.050         5
   103.684    12.722     0.050         5
   105.258    12.487     0.050         5
   106.991    12.216     0.050         5
   108.543    11.984     0.050         5
   110.264    11.725     0.050         5
   112.440    11.444     0.050         5
   113.671    11.331     0.050         5
   115.441    11.129     0.050         5
   116.876    10.939     0.050         5
   118.930    10.653     0.050         5
   120.374    10.474     0.050         5
   122.634    10.249     0.050         5
   123.110    10.153     0.050         5
   123.583    10.088     0.050         5
   124.046    10.007     0.050         5
   124.522     9.926     0.050         5
   124.998     9.846     0.050         5
   125.474     9.771     0.050         5
   125.947     9.700     0.050         5
   126.410     9.620     0.050         5
   126.873     9.545     0.050         5
   127.343     9.477     0.050         5
   127.805     9.403     0.050         5
   128.281     9.336     0.050         5
   128.771     9.271     0.050         5
   129.250     9.217     0.050         5
   129.737     9.148     0.050         5
   130.213     9.077     0.050         5
   130.693     9.009     0.050         5
   131.169     8.937     0.050         5
   131.656     8.870     0.050         5
   132.132     8.809     0.050         5
   132.622     8.736     0.050         5
   133.101     8.683     0.050         5
   133.588     8.611     0.050         5
   134.077     8.546     0.050         5
   134.564     8.497     0.050         5
   135.043     8.441     0.050         5
   135.530     8.374     0.050         5
   135.996     8.305     0.050         5
   136.472     8.244     0.050         5
   136.948     8.178     0.050         5
   137.424     8.112     0.050         5
   137.900     8.043     0.050         5
   138.366     7.967     0.050         5
   138.852     7.887     0.050         5
   139.328     7.803     0.050         5
   139.805     7.728     0.050         5
   140.291     7.647     0.050         5
   140.775     7.571     0.050         5
   141.251     7.491     0.050         5
   141.738     7.392     0.050         5
   142.225     7.297     0.050         5
   142.701     7.206     0.050         5
   143.177     7.128     0.050         5
    93.400    14.633     0.050         7
    95.616    14.329     0.050         7
    97.515    14.093     0.050         7
    99.690    13.812     0.050         7
   102.147    13.504     0.050         7
   103.988    13.309     0.050         7
   106.203    13.066     0.050         7
   107.922    12.900     0.050         7
   110.103    12.694     0.050         7
   112.588    12.407     0.050         7
   114.957    12.185     0.050         7
     4.056    27.176     0.050         8
     7.628    26.732     0.050         8
    10.879    26.324     0.050         8
    15.435    25.740     0.050         8
    19.602    25.216     0.050         8
    23.820    24.626     0.050         8
    28.217    24.024     0.050         8
   149.430     5.750     0.050         9
   149.906     5.571     0.050         9
   150.374     5.421     0.050         9
   150.850     5.275     0.050         9
   151.308     5.120     0.050         9
   151.776     4.928     0.050         9
   152.244     4.779     0.050         9
   152.715     4.616     0.050         9
   153.172     4.433     0.050         9
   153.629     4.241     0.050         9
   154.086     4.060     0.050         9
   154.534     3.899     0.050         9
   154.993     3.749     0.050         9
   155.452     3.579     0.050         9
   155.916     3.449     0.050         9
   156.369     3.256     0.050         9
   156.831     3.120     0.050         9
   157.280     2.979     0.050         9
   143.825     6.952     0.050        10
   144.309     6.874     0.050        10
   144.785     6.773     0.050        10
   145.272     6.677     0.050        10
   145.756     6.579     0.050        10
   146.243     6.490     0.050        10
   146.716     6.406     0.050        10
   147.203     6.301     0.050        10
   147.679     6.195     0.050        10
   148.152     6.081     0.050        10
   148.642     5.975     0.050        10
   162.784     1.000     0.000         0
   215.745    11.104     0.050         5
   215.989    11.124     0.050         5
   216.259    11.233     0.050         5
   216.584    11.293     0.050         5
   216.976    11.410     0.050         5
   217.398    11.510     0.050         5
   217.842    11.621     0.050         5
   218.301    11.734     0.050         5
   218.762    11.816     0.050         5
   219.185    11.971     0.050         5
   219.871    12.151     0.050         5
   220.277    12.287     0.050         5
   220.680    12.424     0.050         5
   221.097    12.499     0.050         5
   221.500    12.633     0.050         5
   221.927    12.771     0.050         5
   222.344    12.944     0.050         5
   222.774    13.084     0.050         5
   223.205    13.257     0.050         5
   223.646    13.405     0.050         5
   224.076    13.504     0.050         5
   224.517    13.694     0.050         5
   224.947    13.793     0.050         5
   225.388    13.885     0.050         5
   225.829    14.000     0.050         5
   226.273    14.122     0.050         5
   226.714    14.221     0.050         5
   227.145    14.327     0.050         5
   227.586    14.444     0.050         5
   228.027    14.516     0.050         5
   228.460    14.599     0.050         5
   228.888    14.674     0.050         5
   229.318    14.770     0.050         5
   229.745    14.816     0.050         5
   230.159    14.920     0.050         5
   230.576    14.998     0.050         5
   230.992    15.035     0.050         5
   231.423    15.166     0.050         5
   231.987    15.231     0.050         5
   232.407    15.339     0.050         5
   232.845    15.397     0.050         5
   233.264    15.516     0.050         5
   233.692    15.547     0.050         5
   234.111    15.658     0.050         5
   234.948    15.766     0.050         5
   235.809    15.906     0.050         5
   236.522    16.008     0.050         5
   237.390    16.137     0.050         5
   238.272    16.263     0.050         5
   238.885    16.349     0.050         5
   222.699    -1.000     0.000         0
   221.221     2.254     0.050         1
   221.637     2.167     0.050         1
   222.062     2.094     0.050         1
   222.481     2.064     0.050         1
   100.314    22.286     0.050         5
   102.763    21.962     0.050         5
   105.727    21.713     0.050         5
   109.640    21.317     0.050         5
   112.289    20.976     0.050         5
   114.309    20.748     0.050         5
   115.602    20.631     0.050         5
   117.346    20.400     0.050         5
   119.406    20.155     0.050         5
   121.345    19.963     0.050         5
   123.895    19.663     0.050         5
   126.249    19.354     0.050         5
   128.771    19.043     0.050         5
   130.693    18.808     0.050         5
   132.783    18.542     0.050         5
   135.044    18.207     0.050         5
   137.263    17.839     0.050         5
   139.490    17.467     0.050         5
   141.091    17.208     0.050         5
   142.379    17.020     0.050         5
   144.149    16.741     0.050         5
   145.757    16.489     0.050         5
   147.204    16.249     0.050         5
   149.581    15.771     0.050         5
   151.471    15.372     0.050         5
   153.787    14.813     0.050         5
   216.694     2.701     0.050         5
   217.115     2.691     0.050         5
   217.542     2.672     0.050         5
   218.000     2.644     0.050         5
   218.456     2.615     0.050         5
   218.902     2.580     0.050         5
   219.324     2.557     0.050         5
   219.730     2.506     0.050         5
    17.709    34.396     0.050         8
    19.915    34.087     0.050         8
    22.401    33.725     0.050         8
    24.922    33.446     0.050         8
    26.641    33.131     0.050         8
    28.858    32.855     0.050         8
    30.284    32.626     0.050         8
    33.482    32.176     0.050         8
    36.253    31.779     0.050         8
    39.169    31.382     0.050         8
    42.244    30.965     0.050         8
    45.066    30.464     0.050         8
    48.371    30.036     0.050         8
    50.886    29.868     0.050         8
    53.369    29.659     0.050         8
    55.651    29.371     0.050         8
    58.567    29.024     0.050         8
    62.531    28.594     0.050         8
    65.250    28.270     0.050         8
    68.148    27.974     0.050         8
    71.110    27.668     0.050         8
    73.768    27.388     0.050         8
    76.221    27.120     0.050         8
    79.619    26.774     0.050         8
    83.196    26.339     0.050         8
    87.132    25.847     0.050         8
    56.723    28.473     0.050        16
    62.076    27.801     0.050        16
    64.941    27.476     0.050        16
    69.698    26.864     0.050        16
    73.768    26.372     0.050        16
    76.057    26.134     0.050        16
    80.082    25.630     0.050        16
    83.354    25.212     0.050        16
    87.595    24.711     0.050        16
    91.354    24.283     0.050        16
    94.513    23.899     0.050        16
    97.354    23.551     0.050        16
   100.465    23.206     0.050        16
   102.147    23.030     0.050        16
   104.314    22.835     0.050        16
   222.699     1.000     0.000         0
   222.811     2.071     0.050         1
   223.212     2.129     0.050         1
   223.650     2.201     0.050         1
   224.079     2.312     0.050         1
   224.519     2.437     0.050         1
   224.949     2.596     0.050         1
   225.390     2.823     0.050         1
   239.970     7.119     0.050         5
   241.507     7.345     0.050         5
   242.553     7.487     0.050         5
   243.419     7.655     0.050         5
   244.460     7.827     0.050         5
   245.537     8.017     0.050         5
   247.202     8.263     0.050         5
   248.770     8.477     0.050         5
   249.708     8.574     0.050         5
   251.102     8.736     0.050         5
   252.045     8.852     0.050         5
   253.173     9.010     0.050         5
   254.097     9.072     0.050         5
   255.348     9.274     0.050         5
   282.171    12.003     0.050         5
   284.239    12.201     0.050         5
   285.848    12.346     0.050         5
   287.464    12.490     0.050         5
   300.783    14.407     0.050         5
   303.128    14.799     0.050         5
   304.998    15.100     0.050         5
   308.129    15.564     0.050         5
   310.320    15.909     0.050         5
   312.978    16.338     0.050         5
   314.843    16.628     0.050         5
   317.511    17.049     0.050         5
   319.427    17.392     0.050         5
   321.450    17.761     0.050         5
   330.124    19.360     0.050         5
   332.147    19.753     0.050         5
   333.675    20.038     0.050         5
   335.534    20.375     0.050         5
   337.288    20.653     0.050         5
   338.719    20.884     0.050         5
   340.453    21.080     0.050         5
   342.046    21.249     0.050         5
   343.818    21.508     0.050         5
   345.252    21.737     0.050         5
   227.738     3.865     0.050         9
   228.168     4.074     0.050         9
   228.609     4.248     0.050         9
   229.029     4.420     0.050         9
   229.459     4.605     0.050        10
   229.883     4.744     0.050        10
   230.300     4.857     0.050        10
   230.716     4.986     0.050        10
   231.133     5.111     0.050        10
   231.560     5.236     0.050        10
   231.988     5.362     0.050        10
   232.407     5.446     0.050        10
   232.845     5.570     0.050        10
   233.265     5.695     0.050        10
   233.692     5.809     0.050        10
   234.112     5.923     0.050        10
   234.529     6.053     0.050        10
   234.948     6.161     0.050        10
   240.593    11.375     0.050        19
   241.055    11.409     0.050        19
   241.507    11.483     0.050        19
   241.969    11.560     0.050        19
   242.413    11.660     0.050        19
   242.844    11.715     0.050        19
   243.282    11.766     0.050        19
   243.717    11.826     0.050        19
   244.162    11.894     0.050        19
   244.621    12.002     0.050        19
   245.078    12.090     0.050        19
   245.537    12.134     0.050        19
   245.975    12.262     0.050        19
   246.430    12.322     0.050        19
   246.887    12.358     0.050        19
   247.366    12.442     0.050        19
   247.835    12.518     0.050        19
   248.297    12.602     0.050        19
   248.770    12.662     0.050        19
   249.235    12.722     0.050        19
   249.708    12.754     0.050        19
   250.163    12.822     0.050        19
   250.631    12.890     0.050        19
   251.102    12.955     0.050        19
   251.574    13.008     0.050        19
   252.045    13.069     0.050        19
   252.527    13.105     0.050        19
   253.009    13.153     0.050        19
   253.481    13.229     0.050        19
   253.946    13.294     0.050        19
   254.416    13.242     0.050        19
   254.878    13.295     0.050        19
   255.348    13.335     0.050        19
   255.810    13.462     0.050        19
   256.272    13.418     0.050        19
   256.735    13.445     0.050        19
   257.208    13.499     0.050        19
   257.680    13.529     0.050        19
   258.167    13.580     0.050        19
   258.640    13.634     0.050        19
   259.116    13.729     0.050        19
   259.592    13.763     0.050        19
   260.068    13.749     0.050        19
   260.551    13.836     0.050        19
   261.014    13.838     0.050        19
   261.490    13.846     0.050        19
   261.976    13.927     0.050        19
   262.460    13.983     0.050        19
   262.946    14.022     0.050        19
   263.433    14.105     0.050        19
   263.906    14.171     0.050        19
   264.400    14.231     0.050        19
   264.891    14.279     0.050        19
   265.382    14.347     0.050        19
   265.881    14.443     0.050        19
   266.376    14.458     0.050        19
   266.862    14.612     0.050        19
   267.346    14.611     0.050        19
   267.832    14.675     0.050        19
   268.319    14.751     0.050        19
   268.801    14.807     0.050        19
   269.275    14.883     0.050        19
   269.916    14.982     0.050        19
   270.394    15.018     0.050        19
   270.876    15.062     0.050        19
   271.355    15.093     0.050        19
   271.837    15.099     0.050        19
   272.323    15.184     0.050        19
   272.810    15.197     0.050        19
   273.293    15.194     0.050        19
   273.777    15.220     0.050        19
   274.260    15.368     0.050        19
   274.747    15.391     0.050        19
   275.236    15.401     0.050        19
   275.737    15.387     0.050        19
   276.226    15.411     0.050        19
   276.728    15.498     0.050        19
   277.206    15.488     0.050        19
   277.679    15.591     0.050        19
   278.162    15.644     0.050        19
   278.649    15.655     0.050        19
   280.412    15.838     0.050        19
   282.973    16.105     0.050        19
   284.890    16.296     0.050        19
   286.488    16.492     0.050        19
   289.065    16.734     0.050        19
   291.343    17.014     0.050        19
   294.347    17.486     0.050        19
   296.662    17.894     0.050        19
   299.114    18.306     0.050        19
   300.783    18.572     0.050        19
   302.021    18.780     0.050        19
   303.597    19.020     0.050        19
   304.998    19.247     0.050        19
   306.731    19.528     0.050        19
   308.129    19.786     0.050        19
   309.847    20.041     0.050        19
   311.416    20.262     0.050        19
   313.131    20.503     0.050        19
   314.531    20.735     0.050        19
   317.199    21.251     0.050        19
   319.588    21.694     0.050        19
   321.450    22.042     0.050        19
   322.835    22.258     0.050        19
   324.511    22.554     0.050        19
   326.383    22.869     0.050        19
   328.733    23.275     0.050        19
   330.285    23.544     0.050        19
   331.676    23.824     0.050        19
   333.675    24.199     0.050        19
   335.852    24.606     0.050        19
   337.606    24.884     0.050        19
   339.675    25.156     0.050        19
   342.046    25.438     0.050        19
   343.980    25.715     0.050        19
   346.840    26.095     0.050        19
   349.044    26.430     0.050        19
   234.665    -1.000     0.000         0
   230.300     3.646     0.050         1
   230.716     3.467     0.050         1
   231.133     3.277     0.050         1
   231.560     3.082     0.050         1
   231.988     2.919     0.050         1
   232.408     2.764     0.050         1
   232.845     2.636     0.050         1
   233.265     2.534     0.050         1
   233.692     2.441     0.050         1
   234.112     2.381     0.050         1
   234.528     2.354     0.050         1
   230.300     4.306     0.050         3
   230.716     4.214     0.050         3
   231.133     4.133     0.050         3
   231.560     4.038     0.050         3
   231.988     3.972     0.050         3
   232.408     3.908     0.050         3
   232.845     3.857     0.050         3
   233.265     3.796     0.050         3
   233.692     3.748     0.050         3
   234.112     3.713     0.050         3
   234.528     3.703     0.050         3
    99.690    24.196     0.050         5
   101.385    23.962     0.050         5
   102.917    23.742     0.050         5
   104.629    23.471     0.050         5
   106.679    23.172     0.050         5
   109.640    22.767     0.050         5
   111.816    22.495     0.050         5
   113.510    22.342     0.050         5
   115.441    22.119     0.050         5
   117.970    21.814     0.050         5
   120.374    21.503     0.050         5
   122.472    21.228     0.050         5
   124.207    20.969     0.050         5
   127.030    20.530     0.050         5
   128.922    20.261     0.050         5
   131.330    19.915     0.050         5
   133.426    19.609     0.050         5
   135.205    19.398     0.050         5
   137.099    19.167     0.050         5
   139.329    18.866     0.050         5
   141.416    18.570     0.050         5
   144.149    18.146     0.050         5
   146.405    17.757     0.050         5
   148.153    17.388     0.050         5
    17.074    35.972     0.050         8
    21.319    35.357     0.050         8
    26.167    34.621     0.050         8
    31.713    33.694     0.050         8
    35.930    33.084     0.050         8
    41.128    32.337     0.050         8
    44.761    31.749     0.050         8
    48.847    31.224     0.050         8
    51.518    30.967     0.050         8
    53.067    30.814     0.050         8
    54.429    30.642     0.050         8
    56.260    30.428     0.050         8
    58.409    30.184     0.050         8
    59.331    30.090     0.050         8
    60.257    29.994     0.050         8
    61.772    29.825     0.050         8
    62.839    29.709     0.050         8
    64.180    29.561     0.050         8
    65.546    29.400     0.050         8
    66.473    29.346     0.050         8
    66.929    29.284     0.050         8
    67.381    29.239     0.050         8
    67.844    29.159     0.050         8
    68.310    29.107     0.050         8
    68.769    29.053     0.050         8
    69.232    29.017     0.050         8
    69.698    28.964     0.050         8
    70.171    28.883     0.050         8
    70.637    28.826     0.050         8
    71.110    28.770     0.050         8
    71.572    28.728     0.050         8
    72.043    28.680     0.050         8
    72.511    28.610     0.050         8
    72.988    28.561     0.050         8
    73.450    28.460     0.050         8
    73.930    28.440     0.050         8
    74.392    28.356     0.050         8
    74.844    28.318     0.050         8
    75.293    28.276     0.050         8
    75.753    28.212     0.050         8
    76.221    28.172     0.050         8
    76.830    28.062     0.050         8
    77.296    28.031     0.050         8
    77.761    27.981     0.050         8
    78.224    27.896     0.050         8
    78.697    27.866     0.050         8
    79.157    27.780     0.050         8
    79.619    27.747     0.050         8
    80.082    27.712     0.050         8
    80.542    27.604     0.050         8
    81.015    27.572     0.050         8
    81.478    27.514     0.050         8
    81.940    27.467     0.050         8
    82.410    27.415     0.050         8
    82.884    27.330     0.050         8
    83.354    27.282     0.050         8
    83.820    27.220     0.050         8
    84.285    27.177     0.050         8
    84.761    27.133     0.050         8
    85.238    27.052     0.050         8
    85.714    27.028     0.050         8
    86.177    26.968     0.050         8
    86.656    26.903     0.050         8
    87.132    26.870     0.050         8
    87.595    26.789     0.050         8
    88.071    26.750     0.050         8
    88.698    26.663     0.050         8
    89.163    26.629     0.050         8
    89.632    26.536     0.050         8
    90.098    26.477     0.050         8
    90.563    26.471     0.050         8
    91.029    26.412     0.050         8
    91.508    26.345     0.050         8
    91.974    26.300     0.050         8
    92.450    26.234     0.050         8
   122.959    23.235     0.050         8
   125.313    22.985     0.050         8
   127.493    22.673     0.050         8
   129.737    22.404     0.050         8
   131.806    22.215     0.050         8
   133.752    22.081     0.050         8
   136.157    21.810     0.050         8
   139.168    21.503     0.050         8
   224.227     5.618     0.050        10
   224.658     5.522     0.050        10
   225.099     5.406     0.050        10
   225.529     5.308     0.050        10
   225.973     5.211     0.050        10
   226.414     5.104     0.050        10
   226.855     4.993     0.050        10
   227.296     4.886     0.050        10
   227.737     4.760     0.050        10
     6.190    38.819     0.050        14
    13.347    37.838     0.050        14
    18.032    37.160     0.050        14
    24.761    36.110     0.050        14
    33.005    34.791     0.050        14
    41.598    33.373     0.050        14
    49.320    32.511     0.050        14
    55.501    31.901     0.050        14
    63.143    31.034     0.050        14
    71.110    30.076     0.050        14
    77.296    29.290     0.050        14
    86.026    28.257     0.050        14
    90.410    27.705     0.050        14
    98.768    26.027     0.050        14
   106.518    24.682     0.050        14
   114.957    23.525     0.050        14
   121.832    22.641     0.050        14
   126.248    22.169     0.050        14
   138.216    20.370     0.050        14
   147.204    18.888     0.050        14
   153.633    17.446     0.050        14
    99.378    24.230     0.050        16
   103.684    23.651     0.050        16
   106.991    23.239     0.050        16
   110.103    22.871     0.050        16
   113.510    22.522     0.050        16
   118.443    22.025     0.050        16
   122.633    21.738     0.050        16
   125.635    21.402     0.050        16
   129.250    20.989     0.050        16
   132.296    20.669     0.050        16
   135.996    20.343     0.050        16
   139.805    19.927     0.050        16
   234.665     1.000     0.000         0
   234.808     2.367     0.050         1
   235.238     2.410     0.050         1
   235.669     2.473     0.050         1
   236.099     2.579     0.050         1
   236.522     2.688     0.050         1
   236.963     2.809     0.050         1
   237.390     3.009     0.050         1
   237.831     3.187     0.050         1
   238.272     3.403     0.050         1
   238.724     3.634     0.050         1
   234.948     3.704     0.050         3
   235.378     3.713     0.050         3
   235.808     3.739     0.050         3
   236.239     3.774     0.050         3
   236.672     3.818     0.050         3
   237.099     3.867     0.050         3
   237.540     3.945     0.050         3
   237.981     4.011     0.050         3
   238.422     4.101     0.050         3
   248.458     6.231     0.050         5
   249.547     6.438     0.050         5
   250.316     6.570     0.050         5
   250.784     6.638     0.050         5
   251.256     6.716     0.050         5
   251.727     6.776     0.050         5
   252.198     6.841     0.050         5
   252.680     6.903     0.050         5
   253.173     6.962     0.050         5
   253.634     7.025     0.050         5
   254.096     7.098     0.050         5
   254.566     7.152     0.050         5
   255.036     7.207     0.050         5
   255.498     7.257     0.050         5
   255.971     7.295     0.050         5
   256.433     7.366     0.050         5
   256.895     7.407     0.050         5
   257.368     7.452     0.050         5
   257.841     7.475     0.050         5
   258.328     7.520     0.050         5
   258.801     7.565     0.050         5
   259.277     7.606     0.050         5
   259.753     7.653     0.050         5
   260.229     7.693     0.050         5
   260.702     7.759     0.050         5
   262.137     7.912     0.050         5
   263.433     8.099     0.050         5
   264.561     8.257     0.050         5
   265.881     8.457     0.050         5
   267.024     8.615     0.050         5
   267.994     8.740     0.050         5
   269.596     8.925     0.050         5
   270.558     9.029     0.050         5
   271.683     9.144     0.050         5
   273.938     9.311     0.050         5
   276.398     9.517     0.050         5
   278.323     9.692     0.050         5
   280.891     9.975     0.050         5
   283.451    10.209     0.050         5
   286.813    10.552     0.050         5
   289.387    10.883     0.050         5
   291.504    11.186     0.050         5
   294.182    11.575     0.050         5
   296.347    11.963     0.050         5
   299.114    12.455     0.050         5
   301.382    12.810     0.050         5
   303.909    13.230     0.050         5
   306.731    13.678     0.050         5
   309.073    14.018     0.050         5
   311.881    14.498     0.050         5
   315.154    15.058     0.050         5
   317.994    15.518     0.050         5
   322.520    16.298     0.050         5
   325.598    16.858     0.050         5
   327.326    17.127     0.050         5
   329.357    17.450     0.050         5
   332.297    17.919     0.050         5
   335.223    18.468     0.050         5
   337.770    18.931     0.050         5
   340.614    19.316     0.050         5
   343.654    19.696     0.050         5
   347.469    20.286     0.050         5
   350.483    20.720     0.050         5
   353.330    21.133     0.050         5
   356.939    21.570     0.050         5
   360.445    22.111     0.050         5
   302.966    13.530     0.050         8
   304.371    13.730     0.050         8
   305.631    13.899     0.050         8
   306.884    14.063     0.050         8
   308.290    14.254     0.050         8
   309.385    14.408     0.050         8
   310.320    14.541     0.050         8
   311.255    14.690     0.050         8
   312.816    14.919     0.050         8
   314.219    15.101     0.050         8
   315.154    15.269     0.050         8
   316.404    15.443     0.050         8
   317.672    15.626     0.050         8
   318.954    15.794     0.050         8
   319.907    15.946     0.050         8
   320.834    16.113     0.050         8
   322.055    16.316     0.050         8
   323.450    16.530     0.050         8
   324.825    16.746     0.050         8
   242.119     4.971     0.050        10
   242.553     5.053     0.050        10
   242.994     5.120     0.050        10
   243.418     5.204     0.050        10
   243.856     5.303     0.050        10
   244.312     5.398     0.050        10
   244.769     5.473     0.050        10
   245.239     5.562     0.050        10
   245.688     5.672     0.050        10
   246.129     5.815     0.050        10
   246.583     5.894     0.050        10
   247.051     6.005     0.050        10
   244.312     6.742     0.050        14
   246.269     7.128     0.050        14
   248.458     7.496     0.050        14
   250.316     7.825     0.050        14
   251.880     8.066     0.050        14
   254.096     8.371     0.050        14
   255.498     8.513     0.050        14
   256.895     8.630     0.050        14
   258.965     8.870     0.050        14
   261.013     9.109     0.050        14
   263.433     9.342     0.050        14
   265.551     9.615     0.050        14
   267.185     9.824     0.050        14
   269.275    10.109     0.050        14
   271.354    10.328     0.050        14
   273.132    10.482     0.050        14
   275.072    10.634     0.050        14
   277.205    10.855     0.050        14
   279.124    11.028     0.050        14
   281.055    11.216     0.050        14
   282.171    11.317     0.050        14
   284.239    11.462     0.050        14
   286.326    11.685     0.050        14
   288.101    11.876     0.050        14
   290.201    12.187     0.050        14
   292.144    12.511     0.050        14
   295.578    13.114     0.050        14
   297.116    13.464     0.050        14
   298.357    13.672     0.050        14
   300.482    13.972     0.050        14
   301.862    14.193     0.050        14
   303.909    14.481     0.050        14
   305.470    14.699     0.050        14
   306.884    14.914     0.050        14
   308.444    15.174     0.050        14
   310.320    15.486     0.050        14
   312.042    15.733     0.050        14
   314.069    16.069     0.050        14
   315.928    16.360     0.050        14
   317.833    16.707     0.050        14
   319.907    17.093     0.050        14
   321.754    17.411     0.050        14
   323.149    17.679     0.050        14
   325.287    18.035     0.050        14
   327.798    18.451     0.050        14
   330.285    18.814     0.050        14
   332.604    19.265     0.050        14
   334.436    19.590     0.050        14
   336.492    19.924     0.050        14
   338.880    20.267     0.050        14
   340.453    20.458     0.050        14
   342.046    20.701     0.050        14
   343.654    20.865     0.050        14
   345.402    21.115     0.050        14
   346.840    21.303     0.050        14
   348.573    21.538     0.050        14
   349.842    21.719     0.050        14
   351.745    21.993     0.050        14
   353.642    22.278     0.050        14
   355.834    22.579     0.050        14
   357.417    22.791     0.050        14
   359.179    23.066     0.050        14
   361.259    23.452     0.050        14
   254.566    12.031     0.050        24
   256.895    12.504     0.050        24
   259.277    13.064     0.050        24
   261.976    13.730     0.050        24
   264.733    14.342     0.050        24
   267.833    15.007     0.050        24
   270.558    15.631     0.050        24
   273.454    16.291     0.050        24
   276.886    17.061     0.050        24
   279.286    17.626     0.050        24
   282.332    18.266     0.050        24
   284.239    18.685     0.050        24
   286.487    19.236     0.050        24
   288.420    19.662     0.050        24
   291.829    20.555     0.050        24
   293.717    21.034     0.050        24
   295.427    21.511     0.050        24
   298.653    22.360     0.050        24
   300.331    22.766     0.050        24
   301.862    23.314     0.050        24
   303.748    23.871     0.050        24
   306.731    24.586     0.050        24
   309.535    25.451     0.050        24
   310.320    25.752     0.050        24
   313.443    26.558     0.050        24
   316.089    27.316     0.050        24
   319.427    28.227     0.050        24
   321.754    28.887     0.050        24
   325.598    29.958     0.050        24
   328.732    30.815     0.050        24
   332.146    31.862     0.050        24
   336.328    33.028     0.050        24
   338.718    33.637     0.050        24
   240.757    -1.000     0.000         0
   236.813     3.341     0.050         1
   237.251     3.143     0.050         1
   237.692     2.978     0.050         1
   238.122     2.815     0.050         1
   238.574     2.664     0.050         1
   239.039     2.540     0.050         1
   239.504     2.447     0.050         1
   239.969     2.381     0.050         1
   240.442     2.345     0.050         1
    97.354    25.338     0.050         5
    99.540    25.081     0.050         5
   102.147    24.722     0.050         5
   104.314    24.428     0.050         5
   106.680    24.103     0.050         5
   109.479    23.722     0.050         5
   112.128    23.367     0.050         5
   115.280    23.016     0.050         5
   117.658    22.759     0.050         5
   121.345    22.291     0.050         5
   125.786    21.689     0.050         5
   129.086    21.200     0.050         5
   131.330    20.963     0.050         5
   133.588    20.639     0.050         5
   135.681    20.388     0.050         5
   137.739    20.104     0.050         5
   140.128    19.808     0.050         5
   142.065    19.536     0.050         5
   144.787    19.148     0.050         5
   218.302     6.816     0.050         5
   219.326     6.813     0.050         5
   220.012     6.872     0.050         5
   220.821     6.921     0.050         5
   221.224     6.932     0.050         5
   221.641     6.925     0.050         5
   222.068     6.906     0.050         5
   222.495     6.915     0.050         5
   222.926     6.892     0.050         5
   223.356     6.863     0.050         5
   223.786     6.832     0.050         5
   224.228     6.789     0.050         5
   224.658     6.729     0.050         5
   225.099     6.679     0.050         5
   225.529     6.596     0.050         5
   225.973     6.540     0.050         5
   226.414     6.487     0.050         5
   226.855     6.427     0.050         5
   227.296     6.370     0.050         5
   227.737     6.282     0.050         5
   228.168     6.222     0.050         5
    32.031    34.750     0.050         8
    35.279    34.249     0.050         8
    40.792    33.467     0.050         8
    46.172    32.680     0.050         8
    51.833    31.825     0.050         8
    54.885    31.504     0.050         8
    59.331    30.997     0.050         8
    62.227    30.685     0.050         8
    65.089    30.353     0.050         8
    68.920    29.945     0.050         8
    72.827    29.490     0.050         8
    78.224    28.817     0.050         8
    80.854    28.510     0.050         8
   103.988    25.693     0.050         8
   105.574    25.495     0.050         8
   106.830    25.369     0.050         8
   108.235    25.207     0.050         8
   110.730    24.882     0.050         8
   112.440    24.705     0.050         8
   114.148    24.520     0.050         8
   117.188    24.161     0.050         8
   119.081    23.985     0.050         8
   120.858    23.796     0.050         8
   122.798    23.629     0.050         8
   124.837    23.372     0.050         8
   126.722    23.156     0.050         8
   128.446    22.953     0.050         8
   130.052    22.802     0.050         8
   131.970    22.581     0.050         8
   133.262    22.504     0.050         8
   135.043    22.333     0.050         8
   228.028     5.941     0.050        10
   228.461     5.865     0.050        10
   228.889     5.798     0.050        10
   229.319     5.728     0.050        10
   229.746     5.635     0.050        10
   230.160     5.530     0.050        10
   230.577     5.439     0.050        10
   230.993     5.350     0.050        10
   231.424     5.245     0.050        10
   231.851     5.146     0.050        10
   232.268     5.059     0.050        10
   232.698     4.977     0.050        10
   233.126     4.866     0.050        10
   233.553     4.751     0.050        10
   233.973     4.626     0.050        10
   234.389     4.512     0.050        10
   240.757     1.000     0.000         0
   240.896     2.333     0.050         1
   241.353     2.380     0.050         1
   241.819     2.460     0.050         1
   242.273     2.577     0.050         1
   242.704     2.716     0.050         1
   243.131     2.859     0.050         1
   243.569     3.026     0.050         1
   244.015     3.220     0.050         1
   252.199     5.653     0.050         5
   252.681     5.734     0.050         5
   253.173     5.806     0.050         5
   253.634     5.868     0.050         5
   254.096     5.938     0.050         5
   254.566     6.004     0.050         5
   255.036     6.069     0.050         5
   255.498     6.101     0.050         5
   255.971     6.174     0.050         5
   256.433     6.237     0.050         5
   256.896     6.267     0.050         5
   257.369     6.324     0.050         5
   257.841     6.359     0.050         5
   258.328     6.398     0.050         5
   258.801     6.440     0.050         5
   259.277     6.494     0.050         5
   259.753     6.539     0.050         5
   260.229     6.588     0.050         5
   260.702     6.642     0.050         5
   261.178     6.697     0.050         5
   261.651     6.755     0.050         5
   262.137     6.805     0.050         5
   262.624     6.850     0.050         5
   263.110     6.909     0.050         5
   263.583     6.974     0.050         5
   264.081     7.042     0.050         5
   264.561     7.102     0.050         5
   265.053     7.176     0.050         5
   265.552     7.251     0.050         5
   266.043     7.326     0.050         5
   266.537     7.400     0.050         5
   267.024     7.428     0.050         5
   267.510     7.487     0.050         5
   267.994     7.554     0.050         5
   268.473     7.616     0.050         5
   268.955     7.677     0.050         5
   269.917     7.825     0.050         5
   270.711     7.902     0.050         5
   271.837     7.994     0.050         5
   272.971     8.130     0.050         5
   275.072     8.362     0.050         5
   276.728     8.520     0.050         5
   278.001     8.639     0.050         5
   279.125     8.753     0.050         5
   280.098     8.844     0.050         5
   281.055     8.901     0.050         5
   282.171     9.003     0.050         5
   282.973     9.096     0.050         5
   284.565     9.261     0.050         5
   285.369     9.346     0.050         5
   286.173     9.401     0.050         5
   286.813     9.446     0.050         5
   288.101     9.588     0.050         5
   289.226     9.680     0.050         5
   290.687     9.861     0.050         5
   292.308    10.064     0.050         5
   293.413    10.232     0.050         5
   295.277    10.594     0.050         5
   296.662    10.900     0.050         5
   299.575    11.401     0.050         5
   303.128    11.980     0.050         5
   306.258    12.492     0.050         5
   308.759    12.859     0.050         5
   311.731    13.297     0.050         5
   314.531    13.715     0.050         5
   317.038    14.107     0.050         5
   319.588    14.564     0.050         5
   322.206    15.066     0.050         5
   324.209    15.410     0.050         5
   326.544    15.831     0.050         5
   329.049    16.276     0.050         5
   331.675    16.720     0.050         5
   296.963    11.661     0.050         8
   298.500    11.891     0.050         8
   300.332    12.145     0.050         8
   302.966    12.518     0.050         8
   304.683    12.801     0.050         8
   306.731    13.072     0.050         8
   308.291    13.249     0.050         8
   310.159    13.515     0.050         8
   311.731    13.741     0.050         8
   313.292    13.997     0.050         8
   315.316    14.286     0.050         8
   317.200    14.545     0.050         8
   318.954    14.862     0.050         8
   320.684    15.160     0.050         8
   322.206    15.416     0.050         8
   323.755    15.702     0.050         8
   325.287    15.923     0.050         8
   327.476    16.266     0.050         8
   332.768    17.031     0.050         8
   337.931    17.837     0.050         8
   343.490    18.644     0.050         8
   349.044    19.445     0.050         8
   354.586    20.164     0.050         8
   358.861    20.717     0.050         8
   362.044    21.439     0.050         8
   363.825    22.033     0.050         8
   245.976     4.232     0.050         9
   246.430     4.380     0.050         9
   246.888     4.482     0.050         9
   247.366     4.603     0.050         9
   247.835     4.736     0.050         9
   248.297     4.836     0.050         9
   248.770     4.945     0.050         9
   249.235     5.098     0.050        10
   249.708     5.197     0.050        10
   250.163     5.277     0.050        10
   250.631     5.373     0.050        10
   251.102     5.467     0.050        10
   252.527     6.529     0.050        14
   254.878     6.867     0.050        14
   256.734     7.113     0.050        14
   258.965     7.374     0.050        14
   260.863     7.570     0.050        14
   262.624     7.730     0.050        14
   265.053     8.016     0.050        14
   282.333    10.003     0.050        14
   284.239    10.195     0.050        14
   286.012    10.277     0.050        14
   288.101    10.551     0.050        14
   290.201    10.761     0.050        14
   292.469    11.125     0.050        14
   294.963    11.521     0.050        14
   297.431    11.880     0.050        14
   299.421    12.204     0.050        14
   302.171    12.655     0.050        14
   304.533    13.056     0.050        14
   307.511    13.527     0.050        14
   310.159    13.971     0.050        14
   312.505    14.338     0.050        14
   315.004    14.774     0.050        14
   318.320    15.326     0.050        14
   321.450    15.917     0.050        14
   324.056    16.420     0.050        14
   327.004    16.928     0.050        14
   330.285    17.438     0.050        14
   333.522    17.965     0.050        14
   336.002    18.381     0.050        14
   338.557    18.802     0.050        14
   340.305    19.097     0.050        14
   342.522    19.412     0.050        14
   344.612    19.690     0.050        14
   346.515    19.979     0.050        14
   356.463    21.328     0.050        14
   358.861    21.651     0.050        14
   361.582    22.093     0.050        14
   363.664    22.589     0.050        14
   259.438    11.388     0.050        24
   261.489    11.930     0.050        24
   263.583    12.429     0.050        24
   266.376    13.131     0.050        24
   267.994    13.519     0.050        24
   294.183    19.885     0.050        24
   296.963    20.525     0.050        24
   298.961    21.033     0.050        24
   300.783    21.540     0.050        24
   302.655    21.979     0.050        24
   306.258    22.953     0.050        24
   309.385    23.737     0.050        24
   313.131    24.607     0.050        24
   315.929    25.313     0.050        24
   318.632    26.020     0.050        24
   320.835    26.705     0.050        24
   323.150    27.287     0.050        24
   326.383    28.399     0.050        24
   328.891    29.079     0.050        24
   331.207    29.581     0.050        24
   334.437    30.421     0.050        24
   337.605    31.279     0.050        24
   346.039    33.598     0.050        24
   348.091    34.155     0.050        24
   350.164    34.695     0.050        24
   246.787    -1.000     0.000         0
   243.419     3.159     0.050         1
   243.857     2.952     0.050         1
   244.313     2.763     0.050         1
   244.770     2.610     0.050         1
   245.240     2.498     0.050         1
   245.688     2.402     0.050         1
   246.129     2.334     0.050         1
   246.584     2.302     0.050         1
    93.400    27.044     0.050         5
    95.617    26.726     0.050         5
    97.989    26.379     0.050         5
   100.153    26.145     0.050         5
   102.613    25.813     0.050         5
   104.793    25.540     0.050         5
   106.518    25.329     0.050         5
   108.544    25.056     0.050         5
   109.791    24.906     0.050         5
   110.730    24.769     0.050         5
   112.290    24.587     0.050         5
   113.510    24.471     0.050         5
   114.957    24.285     0.050         5
   116.086    24.162     0.050         5
   117.346    24.009     0.050         5
   118.605    23.851     0.050         5
   120.858    23.598     0.050         5
   122.147    23.430     0.050         5
   123.422    23.295     0.050         5
   124.998    23.088     0.050         5
   126.722    22.886     0.050         5
   128.281    22.684     0.050         5
   130.213    22.401     0.050         5
   132.296    22.121     0.050         5
   133.752    21.945     0.050         5
   135.366    21.739     0.050         5
   137.263    21.473     0.050         5
   139.490    21.162     0.050         5
   142.064    20.813     0.050         5
   144.625    20.395     0.050         5
   146.405    20.153     0.050         5
   148.003    19.892     0.050         5
   151.310    19.322     0.050         5
   224.948     7.674     0.050         5
   225.389     7.620     0.050         5
   225.830     7.555     0.050         5
   226.274     7.499     0.050         5
   226.715     7.436     0.050         5
   227.146     7.385     0.050         5
   227.587     7.302     0.050         5
   228.028     7.207     0.050         5
   228.461     7.156     0.050         5
   228.889     7.087     0.050         5
   229.319     7.011     0.050         5
   229.746     6.943     0.050         5
   230.160     6.866     0.050         5
   230.577     6.773     0.050         5
   230.993     6.676     0.050         5
   231.424     6.591     0.050         5
   231.851     6.517     0.050         5
   232.268     6.420     0.050         5
   232.698     6.304     0.050         5
   233.126     6.202     0.050         5
   233.693     6.085     0.050         5
   234.112     5.999     0.050         5
   234.529     5.903     0.050         5
   234.949     5.817     0.050         5
   235.379     5.716     0.050         5
   235.809     5.629     0.050         5
   236.240     5.513     0.050         5
   236.673     5.399     0.050         5
   237.100     5.306     0.050         5
   237.541     5.198     0.050         5
   237.982     5.089     0.050         5
   238.423     4.967     0.050         5
    59.644    32.521     0.050         8
    60.106    32.463     0.050         8
    60.566    32.414     0.050         8
    61.021    32.372     0.050         8
    61.468    32.306     0.050         8
    61.923    32.264     0.050         8
    62.381    32.207     0.050         8
    62.839    32.162     0.050         8
    63.286    32.105     0.050         8
    63.733    32.039     0.050         8
    64.181    31.986     0.050         8
    64.636    31.943     0.050         8
    65.089    31.876     0.050         8
    65.546    31.821     0.050         8
    66.009    31.793     0.050         8
    66.473    31.698     0.050         8
    66.930    31.661     0.050         8
    67.382    31.617     0.050         8
    67.844    31.561     0.050         8
    68.310    31.517     0.050         8
    68.770    31.459     0.050         8
    69.232    31.388     0.050         8
    69.698    31.326     0.050         8
    70.171    31.260     0.050         8
    70.637    31.206     0.050         8
    71.110    31.149     0.050         8
    71.573    31.107     0.050         8
    72.043    31.051     0.050         8
    72.512    30.987     0.050         8
    72.988    30.935     0.050         8
    73.451    30.870     0.050         8
    73.930    30.801     0.050         8
    74.393    30.739     0.050         8
    74.844    30.704     0.050         8
    75.293    30.633     0.050         8
    75.753    30.575     0.050         8
    76.222    30.501     0.050         8
    76.677    30.442     0.050         8
    77.142    30.404     0.050         8
    77.608    30.314     0.050         8
    78.073    30.228     0.050         8
    78.536    30.173     0.050         8
    79.009    30.148     0.050         8
    79.469    30.105     0.050         8
    79.932    30.049     0.050         8
    80.394    29.982     0.050         8
    80.854    29.975     0.050         8
    82.561    29.710     0.050         8
    85.399    29.294     0.050         8
    87.921    28.953     0.050         8
    90.098    28.613     0.050         8
    92.135    28.332     0.050         8
    94.664    27.995     0.050         8
    96.881    27.644     0.050         8
    99.540    27.192     0.050         8
   101.994    26.886     0.050         8
   104.153    26.605     0.050         8
   105.891    26.408     0.050         8
   108.235    26.098     0.050         8
   110.265    25.883     0.050         8
   112.588    25.576     0.050         8
   114.148    25.382     0.050         8
   116.395    25.160     0.050         8
   118.766    24.854     0.050         8
   121.184    24.540     0.050         8
   123.895    24.270     0.050         8
   125.313    24.149     0.050         8
   126.410    24.077     0.050         8
   128.281    23.855     0.050         8
   130.213    23.663     0.050         8
   131.971    23.534     0.050         8
   133.588    23.355     0.050         8
   135.842    23.140     0.050         8
   137.739    22.981     0.050         8
   139.490    22.788     0.050         8
   141.252    22.607     0.050         8
   143.178    22.427     0.050         8
   144.474    22.286     0.050         8
   101.690    26.917     0.050        14
   105.259    26.519     0.050        14
   109.167    26.065     0.050        14
   112.900    25.560     0.050        14
   117.346    24.998     0.050        14
   121.671    24.476     0.050        14
   124.998    24.122     0.050        14
   129.888    23.454     0.050        14
   133.588    23.003     0.050        14
   137.739    22.394     0.050        14
   141.091    21.867     0.050        14
   223.496     8.772     0.050        14
   225.239     8.537     0.050        14
   227.436     8.195     0.050        14
   232.986     7.166     0.050        14
   235.670     6.573     0.050        14
   246.787     1.000     0.000         0
   246.888     2.291     0.050         1
   247.366     2.355     0.050         1
   247.835     2.436     0.050         1
   248.297     2.550     0.050         1
   248.770     2.694     0.050         1
   249.235     2.856     0.050         1
   249.708     3.040     0.050         1
   250.163     3.285     0.050         1
   255.499     4.911     0.050         5
   255.972     4.977     0.050         5
   256.434     5.038     0.050         5
   256.896     5.104     0.050         5
   257.369     5.174     0.050         5
   257.842     5.236     0.050         5
   258.328     5.288     0.050         5
   258.801     5.338     0.050         5
   259.277     5.384     0.050         5
   259.753     5.449     0.050         5
   260.229     5.489     0.050         5
   260.702     5.553     0.050         5
   261.178     5.608     0.050         5
   261.651     5.665     0.050         5
   262.137     5.728     0.050         5
   262.624     5.800     0.050         5
   263.111     5.871     0.050         5
   263.583     5.948     0.050         5
   264.081     6.025     0.050         5
   264.561     6.122     0.050         5
   265.053     6.209     0.050         5
   265.551     6.298     0.050         5
   266.043     6.390     0.050         5
   266.537     6.468     0.050         5
   267.024     6.544     0.050         5
   278.162     7.688     0.050         5
   280.738     7.927     0.050         5
   282.812     8.167     0.050         5
   284.729     8.338     0.050         5
   286.327     8.483     0.050         5
   288.262     8.689     0.050         5
   290.849     8.992     0.050         5
   293.882     9.446     0.050         5
   296.194     9.860     0.050         5
   299.874    10.555     0.050         5
   301.702    10.893     0.050         5
   303.748    11.239     0.050         5
   305.944    11.635     0.050         5
   307.976    11.936     0.050         5
   309.697    12.197     0.050         5
   311.105    12.407     0.050         5
   313.292    12.769     0.050         5
   315.466    13.131     0.050         5
   317.511    13.488     0.050         5
   315.466    13.637     0.050         8
   317.200    13.842     0.050         8
   319.115    14.183     0.050         8
   321.754    14.583     0.050         8
   324.209    14.932     0.050         8
   326.853    15.286     0.050         8
   329.820    15.771     0.050         8
   332.450    16.211     0.050         8
   334.905    16.594     0.050         8
   337.931    17.098     0.050         8
   340.933    17.530     0.050         8
   343.329    17.864     0.050         8
   345.878    18.236     0.050         8
   349.359    18.740     0.050         8
   256.896     6.104     0.050        14
   260.229     6.511     0.050        14
   263.111     6.922     0.050        14
   265.383     7.301     0.050        14
   268.319     7.780     0.050        14
   271.040     8.143     0.050        14
   273.293     8.351     0.050        14
   275.411     8.577     0.050        14
   278.488     8.937     0.050        14
   281.381     9.243     0.050        14
   283.928     9.449     0.050        14
   285.684     9.623     0.050        14
   288.904     9.990     0.050        14
   291.182    10.271     0.050        14
   294.648    10.857     0.050        14
   297.431    11.365     0.050        14
   300.934    11.938     0.050        14
   303.436    12.354     0.050        14
   306.094    12.798     0.050        14
   309.074    13.265     0.050        14
   312.505    13.800     0.050        14
   315.778    14.361     0.050        14
   319.115    14.937     0.050        14
   322.370    15.501     0.050        14
   325.599    16.067     0.050        14
   328.266    16.554     0.050        14
   333.225    17.428     0.050        14
   336.645    18.000     0.050        14
   341.092    18.661     0.050        14
   344.612    19.160     0.050        14
   347.623    19.620     0.050        14
   350.792    20.151     0.050        14
   353.806    20.668     0.050        14
   252.812    -1.000     0.000         0
   249.397     3.083     0.050         1
   249.859     2.840     0.050         1
   250.317     2.618     0.050         1
   250.785     2.442     0.050         1
   251.257     2.332     0.050         1
   251.728     2.219     0.050         1
   252.199     2.148     0.050         1
   252.673     2.119     0.050         1
   250.163     3.306     0.050         2
   250.632     3.194     0.050         2
   251.103     3.101     0.050         2
   251.575     3.019     0.050         2
   252.046     2.959     0.050         2
   252.526     2.909     0.050         2
   250.013     3.968     0.050         3
   250.471     3.897     0.050         3
   250.939     3.819     0.050         3
   251.411     3.756     0.050         3
   251.882     3.684     0.050         3
    90.410    28.859     0.050         5
    95.778    28.194     0.050         5
    98.919    27.673     0.050         5
   102.148    27.183     0.050         5
   104.794    26.837     0.050         5
   107.923    26.492     0.050         5
   110.580    26.224     0.050         5
   112.750    25.988     0.050         5
   115.280    25.715     0.050         5
   118.605    25.220     0.050         5
   122.798    24.761     0.050         5
   125.948    24.357     0.050         5
   128.282    24.037     0.050         5
   130.378    23.762     0.050         5
   133.752    23.367     0.050         5
   136.787    23.027     0.050         5
   140.128    22.635     0.050         5
   142.541    22.314     0.050         5
   146.881    21.706     0.050         5
   150.225    21.168     0.050         5
   153.023    20.530     0.050         5
   225.831     8.567     0.050         5
   227.297     8.338     0.050         5
   229.029     8.066     0.050         5
   229.884     7.922     0.050         5
   230.857     7.758     0.050         5
   231.701     7.629     0.050         5
   232.699     7.429     0.050         5
   233.833     7.233     0.050         5
   234.949     7.004     0.050         5
   236.100     6.758     0.050         5
   237.391     6.494     0.050         5
   238.725     6.223     0.050         5
   239.820     6.019     0.050         5
   240.745     5.797     0.050         5
   241.820     5.576     0.050         5
    35.444    36.134     0.050         8
    38.357    35.700     0.050         8
    40.631    35.370     0.050         8
    43.030    35.001     0.050         8
    46.172    34.592     0.050         8
    48.848    34.283     0.050         8
    53.068    33.828     0.050         8
    57.495    33.297     0.050         8
    61.773    32.785     0.050         8
    65.858    32.271     0.050         8
    68.149    32.014     0.050         8
    70.637    31.706     0.050         8
    73.769    31.324     0.050         8
    76.677    30.948     0.050         8
    78.848    30.676     0.050         8
    84.135    29.971     0.050         8
    89.164    29.265     0.050         8
    95.617    28.493     0.050         8
   100.315    27.840     0.050         8
   105.259    27.203     0.050         8
   111.817    26.440     0.050         8
   117.971    25.794     0.050         8
   123.271    25.315     0.050         8
   125.948    25.065     0.050         8
    55.036    33.164     0.050        13
    58.568    32.731     0.050        13
    62.228    32.282     0.050        13
    65.858    31.826     0.050        13
    68.619    31.490     0.050        13
    73.300    30.934     0.050        13
    76.373    30.572     0.050        13
    79.157    30.245     0.050        13
    82.723    29.840     0.050        13
    87.283    29.272     0.050        13
   224.658     9.553     0.050        14
   227.437     9.188     0.050        14
   230.300     8.696     0.050        14
   233.126     8.174     0.050        14
   235.380     7.699     0.050        14
   238.273     7.120     0.050        14
   241.207     6.467     0.050        14
   227.878    12.977     0.050        24
   230.023    12.357     0.050        24
   231.988    11.749     0.050        24
   234.390     7.684     0.050        30
   234.809     7.571     0.050        30
   235.240     7.466     0.050        30
   235.670     7.349     0.050        30
   236.100     7.235     0.050        30
   236.523     7.126     0.050        30
   236.964     7.008     0.050        30
   237.391     6.920     0.050        30
   237.832     6.819     0.050        30
   238.273     6.698     0.050        30
   238.725     6.573     0.050        30
   252.812     1.000     0.000         0
   253.018     2.135     0.050         1
   253.486     2.191     0.050         1
   253.949     2.290     0.050         1
   254.417     2.407     0.050         1
   254.879     2.565     0.050         1
   255.348     2.749     0.050         1
   255.810     2.998     0.050         1
   256.273     3.228     0.050         1
   256.735     3.453     0.050         1
   253.332     2.902     0.050         2
   253.799     2.964     0.050         2
   258.801     3.921     0.050         5
   259.277     3.996     0.050         5
   259.753     4.067     0.050         5
   260.229     4.150     0.050         5
   260.702     4.221     0.050         5
   261.178     4.282     0.050         5
   261.651     4.352     0.050         5
   262.138     4.436     0.050         5
   262.624     4.529     0.050         5
   263.111     4.610     0.050         5
   263.584     4.690     0.050         5
   264.081     4.781     0.050         5
   264.562     4.866     0.050         5
   265.053     4.955     0.050         5
   265.552     5.049     0.050         5
   266.044     5.141     0.050         5
   266.538     5.236     0.050         5
   267.025     5.314     0.050         5
   267.511     5.397     0.050         5
   267.995     5.488     0.050         5
   268.474     5.561     0.050         5
   268.955     5.661     0.050         5
   269.429     5.739     0.050         5
   269.917     5.807     0.050         5
   270.394     5.868     0.050         5
   270.876     5.911     0.050         5
   271.355     5.958     0.050         5
   271.837     5.991     0.050         5
   272.323     6.037     0.050         5
   272.810     6.075     0.050         5
   273.294     6.134     0.050         5
   273.777     6.178     0.050         5
   274.261     6.196     0.050         5
   274.747     6.230     0.050         5
   275.237     6.265     0.050         5
   275.737     6.316     0.050         5
   276.227     6.366     0.050         5
   276.728     6.410     0.050         5
   277.206     6.451     0.050         5
   277.679     6.507     0.050         5
   278.163     6.596     0.050         5
   278.649     6.668     0.050         5
   279.125     6.720     0.050         5
   279.612     6.754     0.050         5
   280.098     6.798     0.050         5
   280.577     6.862     0.050         5
   281.056     6.918     0.050         5
   281.542     6.963     0.050         5
   282.021     7.003     0.050         5
   282.497     7.034     0.050         5
   282.973     7.085     0.050         5
   283.452     7.141     0.050         5
   283.928     7.194     0.050         5
   284.404     7.232     0.050         5
   284.890     7.270     0.050         5
   285.369     7.327     0.050         5
   285.848     7.390     0.050         5
   286.327     7.446     0.050         5
   286.813     7.483     0.050         5
   287.303     7.536     0.050         5
   287.789     7.590     0.050         5
   288.262     7.638     0.050         5
   288.743     7.679     0.050         5
   289.226     7.747     0.050         5
   289.718     7.796     0.050         5
   290.201     7.848     0.050         5
   290.688     7.933     0.050         5
   291.182     8.008     0.050         5
   291.830     8.070     0.050         5
   292.784     8.202     0.050         5
   293.414     8.317     0.050         5
   294.183     8.448     0.050         5
   294.963     8.593     0.050         5
   295.732     8.754     0.050         5
   296.498     8.939     0.050         5
   297.278     9.067     0.050         5
   298.040     9.187     0.050         5
   299.268     9.392     0.050         5
   299.874     9.495     0.050         5
   300.482     9.582     0.050         5
   301.232     9.693     0.050         5
   302.172     9.856     0.050         5
   303.128    10.034     0.050         5
   303.910    10.154     0.050         5
   304.533    10.255     0.050         5
   305.632    10.439     0.050         5
   306.420    10.571     0.050         5
   307.350    10.696     0.050         5
   308.130    10.815     0.050         5
   309.074    10.994     0.050         5
   309.697    11.092     0.050         5
   310.482    11.207     0.050         5
   311.567    11.358     0.050         5
   312.355    11.496     0.050         5
   313.132    11.627     0.050         5
   313.905    11.759     0.050         5
   314.532    11.854     0.050         5
   315.628    12.034     0.050         5
   316.555    12.186     0.050         5
   317.673    12.374     0.050         5
   318.482    12.510     0.050         5
   319.427    12.683     0.050         5
   319.908    12.769     0.050         5
   320.685    12.927     0.050         5
   321.905    13.166     0.050         5
   323.301    13.426     0.050         5
   324.056    13.546     0.050         5
   324.976    13.709     0.050         5
   325.760    13.850     0.050         5
   326.545    13.999     0.050         5
   327.799    14.227     0.050         5
   328.585    14.382     0.050         5
   329.506    14.544     0.050         5
   330.436    14.726     0.050         5
   309.536    11.923     0.050         8
   310.482    12.056     0.050         8
   311.567    12.229     0.050         8
   312.505    12.364     0.050         8
   313.604    12.502     0.050         8
   314.381    12.595     0.050         8
   315.316    12.701     0.050         8
   316.241    12.825     0.050         8
   317.350    12.952     0.050         8
   318.320    13.107     0.050         8
   319.427    13.218     0.050         8
   320.523    13.375     0.050         8
   321.604    13.553     0.050         8
   322.986    13.738     0.050         8
   324.210    13.928     0.050         8
   325.599    14.160     0.050         8
   326.692    14.356     0.050         8
   327.477    14.492     0.050         8
   329.820    14.876     0.050         8
   331.054    15.068     0.050         8
   332.147    15.245     0.050         8
   332.922    15.375     0.050         8
   334.437    15.615     0.050         8
   335.534    15.789     0.050         8
   336.492    15.959     0.050         8
   337.770    16.168     0.050         8
   338.557    16.291     0.050         8
   339.675    16.457     0.050         8
   340.934    16.617     0.050         8
   341.882    16.703     0.050         8
   343.001    16.829     0.050         8
   343.819    16.935     0.050         8
   344.612    17.050     0.050         8
   345.402    17.182     0.050         8
   346.840    17.389     0.050         8
   347.787    17.532     0.050         8
   349.044    17.744     0.050         8
   350.164    17.928     0.050         8
   351.434    18.140     0.050         8
   260.863     4.980     0.050        14
   265.222     5.725     0.050        14
   268.638     6.293     0.050        14
   271.040     6.594     0.050        14
   275.573     7.020     0.050        14
   278.975     7.340     0.050        14
   282.648     7.754     0.050        14
   286.652     8.191     0.050        14
   289.557     8.527     0.050        14
   293.414     9.121     0.050        14
   297.117     9.754     0.050        14
   262.947     7.852     0.050        24
   265.714     8.746     0.050        24
   268.474     9.580     0.050        24
   272.488    10.641     0.050        24
   301.084    17.069     0.050        24
   304.060    17.883     0.050        24
   308.913    19.368     0.050        24
   311.882    20.178     0.050        24
   335.688    27.399     0.050        24
   338.095    28.061     0.050        24
   348.726    30.955     0.050        24
   264.830    -1.000     0.000         0
   262.624     2.025     0.050         1
   263.110     1.800     0.050         1
   263.583     1.640     0.050         1
   264.079     1.542     0.050         1
   264.560     1.486     0.050         1
   261.976     2.672     0.050         3
   262.460     2.547     0.050         3
   262.946     2.438     0.050         3
   263.432     2.364     0.050         3
   263.905     2.302     0.050         3
   264.399     2.268     0.050         3
   264.766     2.259     0.050         3
   103.838    27.973     0.050         5
   105.892    27.698     0.050         5
   108.084    27.393     0.050         5
   110.265    27.093     0.050         5
   112.440    26.788     0.050         5
   114.470    26.519     0.050         5
   116.245    26.283     0.050         5
   135.205    23.770     0.050         5
   137.099    23.576     0.050         5
   138.527    23.391     0.050         5
   140.776    23.058     0.050         5
   142.064    22.858     0.050         5
   143.178    22.671     0.050         5
   144.474    22.458     0.050         5
   224.658    10.569     0.050         5
   225.099    10.549     0.050         5
   225.529    10.497     0.050         5
   225.973    10.409     0.050         5
   226.414    10.372     0.050         5
   226.855    10.255     0.050         5
   227.296    10.226     0.050         5
   227.737    10.134     0.050         5
   228.168    10.126     0.050         5
   228.609    10.026     0.050         5
   229.028     9.941     0.050         5
   229.459     9.899     0.050         5
   229.883     9.840     0.050         5
   230.300     9.748     0.050         5
   230.717     9.696     0.050         5
   231.133     9.636     0.050         5
   231.561     9.569     0.050         5
   231.988     9.516     0.050         5
   232.408     9.436     0.050         5
   232.846     9.368     0.050         5
   233.266     9.296     0.050         5
   233.693     9.240     0.050         5
   234.113     9.148     0.050         5
   234.529     9.084     0.050         5
   234.949     9.012     0.050         5
   235.379     8.964     0.050         5
   235.810     8.874     0.050         5
   236.240     8.772     0.050         5
   236.673     8.701     0.050         5
   237.101     8.586     0.050         5
   237.542     8.490     0.050         5
   237.983     8.374     0.050         5
   238.424     8.352     0.050         5
   238.886     8.288     0.050         5
   239.344     8.212     0.050         5
   239.819     8.136     0.050         5
   240.295     8.040     0.050         5
   240.744     7.960     0.050         5
   241.206     7.888     0.050         5
   241.669     7.812     0.050         5
   242.120     7.736     0.050         5
   242.554     7.664     0.050         5
   242.995     7.604     0.050         5
   243.419     7.524     0.050         5
   243.857     7.446     0.050         5
   244.314     7.368     0.050         5
   244.770     7.278     0.050         5
   245.240     7.172     0.050         5
   245.689     7.077     0.050         5
   246.130     6.957     0.050         5
   246.584     6.860     0.050         5
   247.053     6.757     0.050         5
   247.521     6.663     0.050         5
   247.986     6.555     0.050         5
   248.459     6.437     0.050         5
   248.921     6.327     0.050         5
   249.397     6.229     0.050         5
   249.860     6.121     0.050         5
   250.317     6.012     0.050         5
   250.785     5.886     0.050         5
   251.257     5.771     0.050         5
   251.728     5.684     0.050         5
   252.199     5.542     0.050         5
   252.680     5.403     0.050         5
   253.173     5.279     0.050         5
   253.633     5.137     0.050         5
   254.095     4.988     0.050         5
   254.565     4.839     0.050         5
   255.036     4.694     0.050         5
   255.498     4.528     0.050         5
   255.971     4.409     0.050         5
   256.433     4.259     0.050         5
   256.896     4.105     0.050         5
   257.369     3.943     0.050         5
   257.842     3.770     0.050         5
   258.328     3.618     0.050         5
   258.801     3.480     0.050         5
   259.277     3.358     0.050         5
    31.076    38.294     0.050         8
    35.107    37.658     0.050         8
    38.031    37.196     0.050         8
    41.128    36.715     0.050         8
    45.227    36.075     0.050         8
    48.847    35.568     0.050         8
    50.739    35.507     0.050         8
    53.369    35.291     0.050         8
    57.495    34.779     0.050         8
    60.867    34.347     0.050         8
    64.041    33.960     0.050         8
    66.473    33.670     0.050         8
    69.544    33.299     0.050         8
    72.207    32.987     0.050         8
    75.907    32.512     0.050         8
    79.469    32.065     0.050         8
    82.723    31.605     0.050         8
    86.177    31.117     0.050         8
    90.098    30.593     0.050         8
    92.604    30.251     0.050         8
   225.973    11.103     0.050        14
   226.565    11.028     0.050        14
   227.296    10.924     0.050        14
   228.168    10.809     0.050        14
   229.028    10.694     0.050        14
   229.883    10.558     0.050        14
   230.857    10.433     0.050        14
   232.408    10.184     0.050        14
   233.833     9.936     0.050        14
   235.379     9.655     0.050        14
   237.101     9.293     0.050        14
   238.574     8.933     0.050        14
   240.134     8.632     0.050        14
   241.970     8.320     0.050        14
   242.554     8.244     0.050        14
   243.419     8.108     0.050        14
   245.079     7.779     0.050        14
   246.130     7.578     0.050        14
   247.521     7.260     0.050        14
   248.459     7.050     0.050        14
   249.397     6.840     0.050        14
   250.317     6.589     0.050        14
   250.939     6.407     0.050        14
   251.881     6.175     0.050        14
   252.845     5.901     0.050        14
   253.794     5.626     0.050        14
   255.036     5.306     0.050        14
   255.810     5.100     0.050        14
   256.433     4.905     0.050        14
   229.179    15.680     0.050        24
   230.717    15.308     0.050        24
   232.128    14.997     0.050        24
   234.113    14.526     0.050        24
   235.949    14.065     0.050        24
   237.542    13.665     0.050        24
   238.886    13.309     0.050        24
   240.134    13.002     0.050        24
   241.508    12.576     0.050        24
   242.554    12.228     0.050        24
   244.015    11.781     0.050        24
   244.931    11.421     0.050        24
   246.431    10.922     0.050        24
   247.367    10.552     0.050        24
   248.771    10.028     0.050        24
   264.830     1.000     0.000         0
   265.221     1.539     0.050         1
   265.713     1.666     0.050         1
   266.205     1.827     0.050         1
   266.699     2.016     0.050         1
   265.053     2.249     0.050         3
   265.552     2.306     0.050         3
   266.044     2.382     0.050         3
   266.538     2.497     0.050         3
   271.355     3.520     0.050         5
   272.163     3.638     0.050         5
   272.972     3.774     0.050         5
   273.616     3.904     0.050         5
   274.100     3.974     0.050         5
   274.586     4.023     0.050         5
   275.073     4.061     0.050         5
   275.573     4.112     0.050         5
   276.063     4.168     0.050         5
   276.557     4.252     0.050         5
   277.048     4.320     0.050         5
   277.528     4.381     0.050         5
   278.001     4.442     0.050         5
   278.488     4.516     0.050         5
   278.974     4.604     0.050         5
   279.447     4.662     0.050         5
   279.934     4.736     0.050         5
   280.413     4.792     0.050         5
   280.891     4.847     0.050         5
   281.381     4.917     0.050         5
   281.857     4.963     0.050         5
   282.333     5.025     0.050         5
   282.812     5.084     0.050         5
   283.288     5.129     0.050         5
   283.763     5.187     0.050         5
   284.239     5.243     0.050         5
   284.729     5.294     0.050         5
   285.205     5.370     0.050         5
   285.684     5.438     0.050         5
   286.173     5.491     0.050         5
   286.652     5.551     0.050         5
   287.139     5.593     0.050         5
   287.625     5.666     0.050         5
   288.101     5.724     0.050         5
   288.582     5.769     0.050         5
   289.065     5.814     0.050         5
   289.556     5.894     0.050         5
   290.040     5.965     0.050         5
   290.526     6.036     0.050         5
   291.020     6.099     0.050         5
   291.504     6.162     0.050         5
   291.994     6.236     0.050         5
   292.469     6.309     0.050         5
   292.948     6.377     0.050         5
   293.413     6.473     0.050         5
   293.882     6.550     0.050         5
   294.347     6.647     0.050         5
   294.812     6.751     0.050         5
   295.277     6.820     0.050         5
   295.732     6.917     0.050         5
   296.194     7.022     0.050         5
   296.662     7.118     0.050         5
   297.117     7.214     0.050         5
   297.582     7.300     0.050         5
   298.040     7.385     0.050         5
   298.500     7.466     0.050         5
   298.961     7.542     0.050         5
   299.421     7.626     0.050         5
   299.875     7.698     0.050         5
   300.332     7.758     0.050         5
   300.784     7.822     0.050         5
   301.232     7.874     0.050         5
   301.702     7.950     0.050         5
   302.172     8.033     0.050         5
   302.655     8.132     0.050         5
   303.128     8.214     0.050         5
   303.598     8.306     0.050         5
   304.060     8.384     0.050         5
   304.533     8.466     0.050         5
   304.998     8.546     0.050         5
   305.471     8.610     0.050         5
   305.944     8.715     0.050         5
   306.419     8.770     0.050         5
   306.885     8.830     0.050         5
   307.350     8.906     0.050         5
   307.815     8.986     0.050         5
   308.291     9.078     0.050         5
   308.759     9.175     0.050         5
   309.224     9.256     0.050         5
   309.697     9.306     0.050         5
   310.159     9.369     0.050         5
   310.632     9.458     0.050         5
   311.105     9.548     0.050         5
   311.567     9.608     0.050         5
   312.043     9.673     0.050         5
   312.666     9.792     0.050         5
   313.131     9.876     0.050         5
   313.604     9.936     0.050         5
   314.069    10.003     0.050         5
   314.532    10.091     0.050         5
   315.004    10.196     0.050         5
   315.466    10.272     0.050         5
   315.929    10.340     0.050         5
   316.404    10.396     0.050         5
   316.877    10.468     0.050         5
   317.350    10.568     0.050         5
   317.834    10.652     0.050         5
   318.320    10.747     0.050         5
   318.793    10.815     0.050         5
   319.276    10.902     0.050         5
   319.746    10.984     0.050         5
   320.219    11.072     0.050         5
   320.684    11.161     0.050         5
   321.139    11.245     0.050         5
   321.604    11.330     0.050         5
   322.055    11.419     0.050         5
   322.521    11.500     0.050         5
   322.986    11.585     0.050         5
   323.451    11.660     0.050         5
   323.905    11.739     0.050         5
   324.360    11.830     0.050         5
   324.825    11.928     0.050         5
   325.287    11.998     0.050         5
   325.760    12.083     0.050         5
   326.233    12.175     0.050         5
   326.853    12.285     0.050         5
   327.326    12.396     0.050         5
   327.799    12.478     0.050         5
   328.266    12.566     0.050         5
   328.732    12.654     0.050         5
   329.196    12.721     0.050         5
   329.820    12.823     0.050         5
   330.750    12.956     0.050         5
   331.829    13.142     0.050         5
   332.922    13.341     0.050         5
   333.979    13.546     0.050         5
   335.373    13.796     0.050         5
   336.327    13.960     0.050         5
   337.288    14.118     0.050         5
   338.095    14.265     0.050         5
   339.202    14.432     0.050         5
   340.453    14.599     0.050         5
   342.046    14.793     0.050         5
   343.329    14.963     0.050         5
   344.612    15.161     0.050         5
   345.727    15.330     0.050         5
   347.623    15.620     0.050         5
   349.358    15.905     0.050         5
   350.644    16.142     0.050         5
   351.745    16.334     0.050         5
   305.159     9.633     0.050         8
   308.759    10.223     0.050         8
   311.882    10.668     0.050         8
   313.905    11.034     0.050         8
   316.404    11.390     0.050         8
   318.481    11.699     0.050         8
   321.604    12.149     0.050         8
   324.209    12.561     0.050         8
   326.072    12.877     0.050         8
   327.799    13.141     0.050         8
   329.505    13.375     0.050         8
   331.054    13.619     0.050         8
   332.922    13.924     0.050         8
   335.058    14.291     0.050         8
   336.970    14.590     0.050         8
   338.557    14.825     0.050         8
   340.305    15.028     0.050         8
   341.718    15.194     0.050         8
   343.165    15.375     0.050         8
   345.252    15.669     0.050         8
   346.990    15.902     0.050         8
   348.726    16.145     0.050         8
   350.644    16.435     0.050         8
   352.228    16.676     0.050         8
   354.586    17.071     0.050         8
   356.148    17.328     0.050         8
   359.179    17.845     0.050         8
   360.770    18.146     0.050         8
   363.500    18.664     0.050         8
   365.750    19.225     0.050         8
   367.177    19.518     0.050         8
   369.072    19.843     0.050         8
   271.999     4.185     0.050        14
   275.412     4.688     0.050        14
   278.001     5.038     0.050        14
   280.262     5.333     0.050        14
   282.497     5.614     0.050        14
   285.205     5.991     0.050        14
   287.139     6.205     0.050        14
   289.717     6.503     0.050        14
   292.308     6.910     0.050        14
   295.578     7.511     0.050        14
   297.582     7.928     0.050        14
   300.025     8.402     0.050        14
   302.333     8.834     0.050        14
   305.159     9.321     0.050        14
   307.815     9.779     0.050        14
   310.793    10.275     0.050        14
   313.905    10.804     0.050        14
   316.240    11.192     0.050        14
   318.954    11.644     0.050        14
   320.988    11.995     0.050        14
   323.150    12.361     0.050        14
   324.671    12.619     0.050        14
   326.853    13.023     0.050        14
   329.049    13.416     0.050        14
   331.993    13.937     0.050        14
   334.437    14.385     0.050        14
   335.852    14.650     0.050        14
   338.246    15.073     0.050        14
   340.614    15.409     0.050        14
   343.165    15.761     0.050        14
   346.679    16.298     0.050        14
   350.644    16.934     0.050        14
   353.806    17.459     0.050        14
   356.463    17.903     0.050        14
   359.014    18.360     0.050        14
   362.208    19.019     0.050        14
   364.470    19.641     0.050        14
   277.367     7.696     0.050        24
   279.286     8.230     0.050        24
   281.696     8.853     0.050        24
   295.113    12.379     0.050        24
   297.278    12.954     0.050        24
   299.268    13.479     0.050        24
   301.232    13.975     0.050        24
   302.655    14.398     0.050        24
   304.372    14.861     0.050        24
   306.094    15.327     0.050        24
   307.661    15.781     0.050        24
   314.532    17.808     0.050        24
   316.555    18.401     0.050        24
   318.954    19.078     0.050        24
   320.835    19.623     0.050        24
   324.056    20.515     0.050        24
   326.072    21.112     0.050        24
   327.326    21.501     0.050        24
   328.732    21.868     0.050        24
   330.285    22.309     0.050        24
   331.525    22.687     0.050        24
   333.675    23.374     0.050        24
   270.805    -1.000     0.000         0
   267.182     2.663     0.050         1
   267.668     2.405     0.050         1
   268.154     2.110     0.050         1
   268.633     1.862     0.050         1
   269.115     1.658     0.050         1
   269.594     1.512     0.050         1
   270.073     1.407     0.050         1
   270.559     1.368     0.050         1
   268.154     2.396     0.050         2
   268.633     2.205     0.050         2
   269.115     2.038     0.050         2
   269.594     1.927     0.050         2
   270.073     1.859     0.050         2
   270.711     1.786     0.050         2
   268.951     2.396     0.050         3
   269.426     2.296     0.050         3
   269.916     2.175     0.050         3
   270.394     2.115     0.050         3
   270.732     2.062     0.050         3
    94.979    30.529     0.050         5
    96.089    30.339     0.050         5
    97.677    30.069     0.050         5
    99.539    29.759     0.050         5
   101.993    29.389     0.050         5
   104.152    29.100     0.050         5
   106.679    28.780     0.050         5
   108.396    28.572     0.050         5
   110.579    28.242     0.050         5
   112.289    28.022     0.050         5
   113.671    27.871     0.050         5
   115.118    27.715     0.050         5
   116.395    27.531     0.050         5
   117.658    27.324     0.050         5
   118.604    27.180     0.050         5
   119.081    27.133     0.050         5
   119.567    27.069     0.050         5
   120.051    27.035     0.050         5
   120.535    26.993     0.050         5
   121.022    26.950     0.050         5
   121.509    26.922     0.050         5
   121.985    26.875     0.050         5
   122.472    26.821     0.050         5
   122.959    26.773     0.050         5
   123.421    26.702     0.050         5
   123.895    26.643     0.050         5
   124.368    26.580     0.050         5
   124.836    26.509     0.050         5
   125.312    26.441     0.050         5
   125.786    26.373     0.050         5
   126.248    26.291     0.050         5
   126.721    26.219     0.050         5
   127.181    26.161     0.050         5
   127.654    26.093     0.050         5
   128.120    26.027     0.050         5
   128.607    25.967     0.050         5
   129.086    25.912     0.050         5
   129.576    25.841     0.050         5
   130.052    25.785     0.050         5
   131.018    25.661     0.050         5
   132.131    25.525     0.050         5
   133.262    25.390     0.050         5
   134.400    25.263     0.050         5
   135.681    25.119     0.050         5
   136.948    24.970     0.050         5
   138.051    24.856     0.050         5
   139.805    24.618     0.050         5
   141.090    24.454     0.050         5
   141.577    24.380     0.050         5
   142.064    24.279     0.050         5
   142.540    24.188     0.050         5
   143.016    24.130     0.050         5
   143.503    24.059     0.050         5
   143.987    23.985     0.050         5
   144.474    23.917     0.050         5
   144.947    23.864     0.050         5
   145.434    23.778     0.050         5
   145.918    23.693     0.050         5
   146.404    23.620     0.050         5
   146.881    23.537     0.050         5
   147.354    23.466     0.050         5
   147.841    23.387     0.050         5
   148.317    23.308     0.050         5
   148.793    23.233     0.050         5
   149.266    23.158     0.050         5
   149.745    23.075     0.050         5
   150.224    22.981     0.050         5
   151.005    22.813     0.050         5
   151.470    22.687     0.050         5
   151.931    22.589     0.050         5
   152.399    22.502     0.050         5
   152.871    22.407     0.050         5
   153.329    22.313     0.050         5
   153.786    22.195     0.050         5
   154.244    22.082     0.050         5
   154.694    21.977     0.050         5
   155.155    21.839     0.050         5
   223.496    11.550     0.050         5
   223.937    11.497     0.050         5
   224.367    11.437     0.050         5
   224.808    11.385     0.050         5
   225.238    11.333     0.050         5
   225.679    11.286     0.050         5
   226.124    11.238     0.050         5
   226.565    11.157     0.050         5
   227.006    11.091     0.050         5
   227.436    11.030     0.050         5
   227.877    10.978     0.050         5
   228.318    10.918     0.050         5
   228.748    10.858     0.050         5
   229.179    10.788     0.050         5
   229.595    10.738     0.050         5
   230.023    10.676     0.050         5
   230.439    10.609     0.050         5
   230.856    10.549     0.050         5
   231.284    10.482     0.050         5
   231.700    10.428     0.050         5
   232.128    10.364     0.050         5
   232.558    10.296     0.050         5
   232.985    10.219     0.050         5
   233.416    10.150     0.050         5
   233.832    10.068     0.050         5
   234.252    10.001     0.050         5
   234.669     9.924     0.050         5
   235.099     9.835     0.050         5
   235.529     9.752     0.050         5
   235.949     9.640     0.050         5
   236.382     9.593     0.050         5
   236.813     9.518     0.050         5
   237.251     9.437     0.050         5
   237.692     9.314     0.050         5
   238.122     9.280     0.050         5
   238.574     9.193     0.050         5
   239.190     9.100     0.050         5
   239.658     9.033     0.050         5
   240.134     8.982     0.050         5
   240.593     8.924     0.050         5
   241.056     8.826     0.050         5
   241.507     8.758     0.050         5
   241.970     8.677     0.050         5
   242.414     8.609     0.050         5
   242.844     8.548     0.050         5
   243.282     8.459     0.050         5
   243.717     8.397     0.050         5
   244.163     8.298     0.050         5
   244.622     8.203     0.050         5
   245.078     8.122     0.050         5
   245.537     8.049     0.050         5
   245.975     7.973     0.050         5
   246.430     7.908     0.050         5
   246.888     7.815     0.050         5
   247.367     7.705     0.050         5
   247.835     7.625     0.050         5
   248.297     7.539     0.050         5
   248.770     7.385     0.050         5
   249.236     7.307     0.050         5
   249.709     7.215     0.050         5
   250.163     7.116     0.050         5
   250.632     7.023     0.050         5
   251.103     6.906     0.050         5
   251.574     6.797     0.050         5
   252.045     6.693     0.050         5
   252.527     6.596     0.050         5
   253.009     6.477     0.050         5
   253.480     6.367     0.050         5
   253.945     6.247     0.050         5
   254.416     6.130     0.050         5
   254.878     6.009     0.050         5
   255.348     5.891     0.050         5
   255.810     5.782     0.050         5
   256.273     5.683     0.050         5
   256.735     5.560     0.050         5
   257.208     5.412     0.050         5
   257.681     5.270     0.050         5
   258.167     5.118     0.050         5
   258.640     4.990     0.050         5
   259.116     4.863     0.050         5
   259.592     4.736     0.050         5
   260.068     4.611     0.050         5
   260.552     4.501     0.050         5
   261.014     4.393     0.050         5
   261.490     4.259     0.050         5
   261.977     4.127     0.050         5
   262.460     4.026     0.050         5
   262.947     3.864     0.050         5
   263.433     3.763     0.050         5
   263.906     3.658     0.050         5
   264.401     3.541     0.050         5
   264.892     3.433     0.050         5
   265.383     3.296     0.050         5
   265.881     3.184     0.050         5
    58.409    35.234     0.050         8
    60.256    35.033     0.050         8
    62.839    34.745     0.050         8
    64.334    34.577     0.050         8
    66.008    34.374     0.050         8
    69.859    33.916     0.050         8
    72.358    33.639     0.050         8
    73.930    33.454     0.050         8
    75.142    33.299     0.050         8
    76.372    33.150     0.050         8
    77.912    32.974     0.050         8
    79.157    32.796     0.050         8
    79.619    32.734     0.050         8
    80.082    32.680     0.050         8
    80.542    32.633     0.050         8
    81.015    32.578     0.050         8
    81.477    32.518     0.050         8
    81.940    32.468     0.050         8
    82.410    32.399     0.050         8
    82.884    32.331     0.050         8
    83.354    32.264     0.050         8
    83.819    32.201     0.050         8
    84.285    32.137     0.050         8
    84.761    32.074     0.050         8
    85.238    32.006     0.050         8
    85.714    31.929     0.050         8
    86.176    31.868     0.050         8
    86.656    31.797     0.050         8
    87.132    31.726     0.050         8
    87.595    31.647     0.050         8
    88.071    31.573     0.050         8
    88.536    31.510     0.050         8
    89.013    31.449     0.050         8
    89.478    31.397     0.050         8
    89.944    31.338     0.050         8
    90.409    31.284     0.050         8
    90.878    31.244     0.050         8
    91.354    31.183     0.050         8
    91.820    31.130     0.050         8
    92.288    31.088     0.050         8
    92.765    31.031     0.050         8
    93.238    30.984     0.050         8
    93.714    30.943     0.050         8
    94.187    30.883     0.050         8
    94.664    30.808     0.050         8
    95.140    30.750     0.050         8
    95.616    30.694     0.050         8
    96.089    30.639     0.050         8
    96.566    30.568     0.050         8
    97.042    30.492     0.050         8
    97.515    30.417     0.050         8
    97.989    30.333     0.050         8
    98.459    30.283     0.050         8
    98.918    30.203     0.050         8
    99.378    30.141     0.050         8
    99.841    30.080     0.050         8
   100.314    30.018     0.050         8
   100.776    29.950     0.050         8
   101.231    29.892     0.050         8
   101.689    29.855     0.050         8
   102.147    29.781     0.050         8
   102.613    29.711     0.050         8
   103.068    29.657     0.050         8
   103.522    29.609     0.050         8
   103.988    29.541     0.050         8
   104.467    29.485     0.050         8
   104.946    29.437     0.050         8
   105.423    29.373     0.050         8
   105.891    29.313     0.050         8
   106.367    29.247     0.050         8
   106.830    29.187     0.050         8
   107.296    29.143     0.050         8
   107.769    29.081     0.050         8
   108.234    29.044     0.050         8
   108.694    28.992     0.050         8
   109.167    28.932     0.050         8
   109.640    28.896     0.050         8
   110.103    28.867     0.050         8
   110.579    28.826     0.050         8
   111.042    28.760     0.050         8
   111.504    28.706     0.050         8
   111.978    28.660     0.050         8
   112.440    28.623     0.050         8
   115.118    28.322     0.050         8
    63.733    34.116     0.050        13
    67.693    33.763     0.050        13
    72.511    33.284     0.050        13
    77.761    32.694     0.050        13
    57.032    36.382     0.050        14
    64.334    35.503     0.050        14
    73.300    34.466     0.050        14
    81.789    33.356     0.050        14
    90.409    32.111     0.050        14
    97.515    30.960     0.050        14
   106.042    29.747     0.050        14
   112.900    28.858     0.050        14
   121.831    27.788     0.050        14
   131.168    26.558     0.050        14
   140.614    25.291     0.050        14
   148.478    24.031     0.050        14
   155.462    22.577     0.050        14
   227.877    11.694     0.050        14
   229.746    11.370     0.050        14
   232.558    10.947     0.050        14
   234.669    10.584     0.050        14
   237.541    10.115     0.050        14
   239.970     9.684     0.050        14
   242.274     9.353     0.050        14
   245.239     8.854     0.050        14
   247.367     8.378     0.050        14
   250.470     7.749     0.050        14
   253.009     7.146     0.050        14
   255.187     6.549     0.050        14
   257.681     5.897     0.050        14
   260.068     5.262     0.050        14
   262.460     4.684     0.050        14
   264.242     4.228     0.050        14
   234.669    15.561     0.050        24
   236.382    15.121     0.050        24
   238.423    14.688     0.050        24
   240.295    14.141     0.050        24
   241.970    13.713     0.050        24
   243.569    13.338     0.050        24
   245.239    12.928     0.050        24
   247.367    12.326     0.050        24
   249.547    11.580     0.050        24
   251.728    10.666     0.050        24
   253.634     9.886     0.050        24
   270.805     1.000     0.000         0
   271.355     1.433     0.050         1
   271.998     1.605     0.050         1
   272.488     1.786     0.050         1
   272.971     2.046     0.050         1
   273.454     2.295     0.050         1
   273.938     2.616     0.050         1
   271.355     1.846     0.050         2
   271.837     1.937     0.050         2
   272.323     2.068     0.050         2
   271.205     2.094     0.050         3
   271.684     2.181     0.050         3
   272.163     2.283     0.050         3
   274.099     2.602     0.050         5
   274.585     2.669     0.050         5
   275.072     2.710     0.050         5
   275.572     2.756     0.050         5
   276.062     2.825     0.050         5
   276.556     2.924     0.050         5
   277.047     3.019     0.050         5
   277.528     3.123     0.050         5
   278.001     3.225     0.050         5
   278.487     3.301     0.050         5
   278.974     3.401     0.050         5
   279.447     3.441     0.050         5
   279.933     3.514     0.050         5
   280.412     3.589     0.050         5
   280.891     3.654     0.050         5
   281.381     3.735     0.050         5
   281.856     3.812     0.050         5
   282.332     3.881     0.050         5
   282.811     3.946     0.050         5
   283.287     4.009     0.050         5
   283.763     4.067     0.050         5
   284.239     4.136     0.050         5
   284.728     4.188     0.050         5
   285.204     4.260     0.050         5
   285.683     4.335     0.050         5
   286.173     4.419     0.050         5
   286.652     4.492     0.050         5
   287.138     4.554     0.050         5
   287.625     4.641     0.050         5
   288.100     4.687     0.050         5
   288.581     4.726     0.050         5
   289.065     4.768     0.050         5
   289.556     4.824     0.050         5
   290.039     4.886     0.050         5
   290.526     4.953     0.050         5
   291.020     5.047     0.050         5
   291.504     5.125     0.050         5
   291.993     5.193     0.050         5
   292.469     5.269     0.050         5
   292.948     5.342     0.050         5
   293.413     5.415     0.050         5
   293.881     5.514     0.050         5
   294.346     5.642     0.050         5
   294.812     5.740     0.050         5
   295.277     5.816     0.050         5
   295.731     5.911     0.050         5
   296.194     6.020     0.050         5
   296.662     6.130     0.050         5
   297.116     6.218     0.050         5
   297.582     6.306     0.050         5
   298.039     6.390     0.050         5
   298.500     6.474     0.050         5
   298.960     6.550     0.050         5
   299.421     6.646     0.050         5
   299.874     6.730     0.050         5
   300.331     6.822     0.050         5
   300.783     6.905     0.050         5
   301.231     6.933     0.050         5
   301.701     7.013     0.050         5
   302.171     7.089     0.050         5
   302.654     7.177     0.050         5
   303.127     7.238     0.050         5
   303.597     7.368     0.050         5
   304.059     7.463     0.050         5
   304.532     7.517     0.050         5
   304.997     7.581     0.050         5
   305.470     7.651     0.050         5
   305.943     7.772     0.050         5
   306.419     7.843     0.050         5
   306.884     7.880     0.050         5
   307.349     7.952     0.050         5
   307.814     8.038     0.050         5
   308.290     8.103     0.050         5
   308.758     8.191     0.050         5
   309.224     8.278     0.050         5
   309.696     8.352     0.050         5
   310.159     8.422     0.050         5
   310.631     8.485     0.050         5
   311.104     8.568     0.050         5
   311.567     8.636     0.050         5
   312.042     8.735     0.050         5
   312.505     8.797     0.050         5
   312.977     8.906     0.050         5
   313.443     8.952     0.050         5
   313.905     9.025     0.050         5
   314.381     9.095     0.050         5
   314.843     9.194     0.050         5
   315.316     9.273     0.050         5
   315.778     9.327     0.050         5
   316.240     9.409     0.050         5
   316.716     9.454     0.050         5
   317.199     9.539     0.050         5
   317.672     9.612     0.050         5
   318.159     9.697     0.050         5
   318.631     9.818     0.050         5
   319.115     9.880     0.050         5
   319.588     9.982     0.050         5
   320.058    10.068     0.050         5
   320.523    10.181     0.050         5
   320.988    10.252     0.050         5
   321.450    10.338     0.050         5
   321.905    10.420     0.050         5
   322.370    10.504     0.050         5
   322.835    10.564     0.050         5
   323.300    10.684     0.050         5
   323.754    10.736     0.050         5
   324.209    10.808     0.050         5
   324.671    10.901     0.050         5
   325.126    10.983     0.050         5
   325.598    11.109     0.050         5
   326.071    11.188     0.050         5
   326.544    11.250     0.050         5
   327.003    11.360     0.050         5
   327.476    11.421     0.050         5
   327.946    11.521     0.050         5
   328.423    11.604     0.050         5
   328.890    11.686     0.050         5
   329.357    11.776     0.050         5
   329.820    11.852     0.050         5
   330.285    11.932     0.050         5
   330.750    11.984     0.050         5
   331.207    12.080     0.050         5
   331.675    12.158     0.050         5
   332.146    12.244     0.050         5
   332.604    12.339     0.050         5
   333.072    12.429     0.050         5
   333.521    12.516     0.050         5
   333.979    12.595     0.050         5
   334.436    12.675     0.050         5
   334.904    12.766     0.050         5
   335.372    12.853     0.050         5
   335.851    12.958     0.050         5
   336.327    13.035     0.050         5
   336.806    13.110     0.050         5
   337.288    13.197     0.050         5
   337.769    13.256     0.050         5
   338.245    13.335     0.050         5
   338.718    13.390     0.050         5
   339.201    13.449     0.050         5
   339.674    13.528     0.050         5
   340.144    13.586     0.050         5
   340.614    13.647     0.050         5
   341.091    13.713     0.050         5
   341.567    13.789     0.050         5
   342.046    13.835     0.050         5
   342.521    13.873     0.050         5
   343.000    13.938     0.050         5
   343.490    14.064     0.050         5
   343.979    14.113     0.050         5
   344.458    14.185     0.050         5
   344.926    14.249     0.050         5
   345.402    14.327     0.050         5
   345.877    14.419     0.050         5
   346.353    14.490     0.050         5
   346.840    14.553     0.050         5
   347.308    14.633     0.050         5
   347.786    14.706     0.050         5
   348.254    14.790     0.050         5
   305.943     9.336     0.050         8
   309.847     9.758     0.050         8
   312.666    10.181     0.050         8
   313.131    10.237     0.050         8
   313.604    10.275     0.050         8
   314.069    10.336     0.050         8
   314.531    10.400     0.050         8
   315.004    10.511     0.050         8
   315.466    10.540     0.050         8
   315.928    10.570     0.050         8
   316.404    10.626     0.050         8
   316.877    10.655     0.050         8
   317.350    10.724     0.050         8
   317.833    10.824     0.050         8
   318.320    10.915     0.050         8
   318.793    10.998     0.050         8
   319.276    11.068     0.050         8
   319.746    11.106     0.050         8
   320.219    11.184     0.050         8
   320.684    11.307     0.050         8
   321.138    11.307     0.050         8
   321.604    11.379     0.050         8
   322.055    11.436     0.050         8
   322.671    11.512     0.050         8
   323.300    11.626     0.050         8
   323.754    11.689     0.050         8
   324.209    11.741     0.050         8
   324.671    11.812     0.050         8
   325.287    11.890     0.050         8
   325.760    11.958     0.050         8
   326.232    11.995     0.050         8
   326.692    12.053     0.050         8
   327.164    12.114     0.050         8
   327.637    12.159     0.050         8
   328.107    12.253     0.050         8
   328.585    12.315     0.050         8
   329.049    12.386     0.050         8
   329.505    12.465     0.050         8
   329.970    12.523     0.050         8
   330.435    12.613     0.050         8
   330.903    12.663     0.050         8
   331.371    12.719     0.050         8
   331.829    12.792     0.050         8
   332.297    12.876     0.050         8
   332.768    12.952     0.050         8
   333.225    13.021     0.050         8
   333.675    13.094     0.050         8
   334.132    13.180     0.050         8
   334.590    13.257     0.050         8
   335.058    13.357     0.050         8
   335.534    13.413     0.050         8
   336.002    13.496     0.050         8
   336.491    13.559     0.050         8
   336.970    13.615     0.050         8
   337.452    13.692     0.050         8
   337.930    13.772     0.050         8
   338.406    13.849     0.050         8
   338.879    13.905     0.050         8
   339.352    13.974     0.050         8
   339.832    14.020     0.050         8
   340.305    14.092     0.050         8
   340.772    14.177     0.050         8
   341.252    14.205     0.050         8
   341.717    14.248     0.050         8
   342.196    14.272     0.050         8
   342.686    14.351     0.050         8
   343.164    14.427     0.050         8
   343.654    14.481     0.050         8
   344.132    14.531     0.050         8
   344.611    14.599     0.050         8
   345.090    14.654     0.050         8
   345.563    14.725     0.050         8
   346.038    14.791     0.050         8
   346.514    14.889     0.050         8
   346.990    14.888     0.050         8
   347.469    14.966     0.050         8
   347.937    15.028     0.050         8
   348.408    15.098     0.050         8
   348.890    15.181     0.050         8
   349.358    15.249     0.050         8
   349.841    15.315     0.050         8
   350.322    15.392     0.050         8
   350.791    15.470     0.050         8
   351.272    15.575     0.050         8
   351.745    15.650     0.050         8
   352.228    15.734     0.050         8
   355.215    16.255     0.050         8
   357.742    16.653     0.050         8
   360.444    17.171     0.050         8
   363.005    17.659     0.050         8
   364.469    18.053     0.050         8
   366.386    18.542     0.050         8
   368.606    18.870     0.050         8
   319.276    11.994     0.050        12
   326.071    12.957     0.050        12
   330.435    13.534     0.050        12
   336.166    14.386     0.050        12
   340.614    15.041     0.050        12
   346.203    15.737     0.050        12
   352.228    16.654     0.050        12
   359.014    17.836     0.050        12
   363.338    18.673     0.050        12
   371.444    19.292     0.050        13
   373.338    19.493     0.050        13
   375.268    19.714     0.050        13
   377.517    19.958     0.050        13
   380.105    20.299     0.050        13
   385.163    20.937     0.050        13
   387.631    21.221     0.050        13
   390.447    21.553     0.050        13
   393.131    21.852     0.050        13
   395.070    22.041     0.050        13
   396.365    22.207     0.050        13
   279.124     4.251     0.050        14
   281.695     4.621     0.050        14
   284.403     4.961     0.050        14
   288.262     5.511     0.050        14
   292.308     6.163     0.050        14
   295.731     6.806     0.050        14
   298.357     7.266     0.050        14
   300.933     7.668     0.050        14
   303.436     8.166     0.050        14
   305.159     8.415     0.050        14
   307.661     8.842     0.050        14
   310.159     9.253     0.050        14
   313.443     9.876     0.050        14
   316.555    10.400     0.050        14
   319.276    10.872     0.050        14
   321.905    11.332     0.050        14
   324.510    11.854     0.050        14
   326.544    12.275     0.050        14
   329.669    12.762     0.050        14
   332.768    13.381     0.050        14
   336.166    13.908     0.050        14
   340.453    14.638     0.050        14
   343.818    15.078     0.050        14
   346.203    15.440     0.050        14
   348.725    15.822     0.050        14
   351.583    16.244     0.050        14
   354.585    16.736     0.050        14
   358.057    17.403     0.050        14
   360.769    17.904     0.050        14
   363.166    18.451     0.050        14
   370.337    20.090     0.050        15
   374.943    20.534     0.050        15
   377.843    20.832     0.050        15
   382.342    21.313     0.050        15
   389.184    22.215     0.050        15
   394.100    22.946     0.050        15
   398.122    23.599     0.050        15
   401.838    24.310     0.050        15
   276.757    -1.000     0.000         0
   274.261     1.836     0.050         1
   274.748     1.572     0.050         1
   275.237     1.363     0.050         1
   275.737     1.167     0.050         1
   276.226     1.047     0.050         1
   276.727     0.992     0.050         1
   276.556     1.736     0.050         2
    55.501    36.185     0.050         5
    60.407    35.644     0.050         5
    64.485    35.132     0.050         5
    68.310    34.656     0.050         5
    73.615    33.974     0.050         5
    76.677    33.590     0.050         5
    79.770    33.224     0.050         5
    85.238    32.487     0.050         5
    90.098    31.808     0.050         5
    94.352    31.206     0.050         5
    97.204    30.604     0.050         5
   100.002    29.988     0.050         5
   102.764    29.604     0.050         5
   103.988    29.421     0.050         5
   104.467    29.350     0.050         5
   104.947    29.299     0.050         5
   105.423    29.230     0.050         5
   105.891    29.171     0.050         5
   106.368    29.112     0.050         5
   106.830    29.040     0.050         5
   107.296    28.984     0.050         5
   107.769    28.926     0.050         5
   108.235    28.836     0.050         5
   108.694    28.788     0.050         5
   109.167    28.713     0.050         5
   109.641    28.655     0.050         5
   110.103    28.606     0.050         5
   110.579    28.536     0.050         5
   111.042    28.498     0.050         5
   111.505    28.452     0.050         5
   111.978    28.396     0.050         5
   112.440    28.360     0.050         5
   112.900    28.287     0.050         5
   113.352    28.258     0.050         5
   113.833    28.205     0.050         5
   114.309    28.180     0.050         5
   114.796    28.160     0.050         5
   115.280    28.228     0.050         5
   115.764    28.175     0.050         5
   116.245    28.103     0.050         5
   116.715    28.060     0.050         5
   117.188    27.988     0.050         5
   117.658    27.910     0.050         5
   118.131    27.817     0.050         5
   118.605    27.737     0.050         5
   119.081    27.710     0.050         5
   119.568    27.685     0.050         5
   120.052    27.646     0.050         5
   120.535    27.609     0.050         5
   121.022    27.547     0.050         5
   121.509    27.533     0.050         5
   121.985    27.469     0.050         5
   122.472    27.427     0.050         5
   122.959    27.375     0.050         5
   123.422    27.311     0.050         5
   123.895    27.218     0.050         5
   124.368    27.147     0.050         5
   124.837    27.076     0.050         5
   125.313    26.987     0.050         5
   125.786    26.927     0.050         5
   126.249    26.847     0.050         5
   126.722    26.774     0.050         5
   127.181    26.674     0.050         5
   128.281    26.587     0.050         5
   129.737    26.407     0.050         5
   131.491    26.192     0.050         5
   132.622    26.043     0.050         5
   133.752    25.897     0.050         5
   134.890    25.768     0.050         5
   136.472    25.585     0.050         5
   137.739    25.434     0.050         5
   139.168    25.254     0.050         5
   140.453    25.078     0.050         5
   141.900    24.877     0.050         5
   143.178    24.672     0.050         5
   144.149    24.509     0.050         5
   145.434    24.316     0.050         5
   146.881    24.103     0.050         5
   148.002    23.925     0.050         5
   149.266    23.710     0.050         5
   150.375    23.508     0.050         5
   152.093    23.198     0.050         5
   153.175    22.991     0.050         5
   154.091    22.774     0.050         5
   224.658    12.181     0.050         5
   225.099    12.121     0.050         5
   225.529    12.069     0.050         5
   225.973    12.023     0.050         5
   226.414    11.967     0.050         5
   226.855    11.911     0.050         5
   227.296    11.857     0.050         5
   227.737    11.772     0.050         5
   228.168    11.716     0.050         5
   228.609    11.664     0.050         5
   229.028    11.640     0.050         5
   229.459    11.556     0.050         5
   229.883    11.500     0.050         5
   230.300    11.456     0.050         5
   230.717    11.386     0.050         5
   231.133    11.301     0.050         5
   231.561    11.234     0.050         5
   231.988    11.147     0.050         5
   232.408    11.085     0.050         5
   232.846    11.003     0.050         5
   233.265    10.941     0.050         5
   233.693    10.861     0.050         5
   234.112    10.809     0.050         5
   234.529    10.747     0.050         5
   234.949    10.655     0.050         5
   235.379    10.592     0.050         5
   235.810    10.475     0.050         5
   236.240    10.417     0.050         5
   236.673    10.326     0.050         5
   237.101    10.203     0.050         5
   237.542    10.142     0.050         5
   237.983    10.071     0.050         5
   238.424     9.978     0.050         5
   238.886     9.907     0.050         5
   239.344     9.847     0.050         5
   239.820     9.775     0.050         5
   240.296     9.710     0.050         5
   240.744     9.635     0.050         5
   241.207     9.555     0.050         5
   241.669     9.484     0.050         5
   242.121     9.374     0.050         5
   242.554     9.350     0.050         5
   242.995     9.290     0.050         5
   243.419     9.232     0.050         5
   243.857     9.138     0.050         5
   244.314     9.087     0.050         5
   244.770     8.998     0.050         5
   245.240     8.939     0.050         5
   245.688     8.812     0.050         5
   246.129     8.724     0.050         5
   246.584     8.660     0.050         5
   247.052     8.572     0.050         5
   247.521     8.527     0.050         5
   247.986     8.473     0.050         5
   248.459     8.359     0.050         5
   248.921     8.292     0.050         5
   249.397     8.146     0.050         5
   249.859     8.045     0.050         5
   250.317     7.946     0.050         5
   250.785     7.857     0.050         5
   251.257     7.759     0.050         5
   251.728     7.651     0.050         5
   252.199     7.536     0.050         5
   252.681     7.431     0.050         5
   253.174     7.327     0.050         5
   253.634     7.227     0.050         5
   254.096     7.114     0.050         5
   254.566     7.008     0.050         5
   255.036     6.904     0.050         5
   255.499     6.801     0.050         5
   255.972     6.697     0.050         5
   256.434     6.582     0.050         5
   256.896     6.462     0.050         5
   257.369     6.333     0.050         5
   257.842     6.203     0.050         5
   258.329     6.080     0.050         5
   258.802     5.955     0.050         5
   259.278     5.833     0.050         5
   259.754     5.711     0.050         5
   260.230     5.601     0.050         5
   260.703     5.490     0.050         5
   261.179     5.396     0.050         5
   261.651     5.309     0.050         5
   262.138     5.202     0.050         5
   262.625     5.099     0.050         5
   263.111     5.013     0.050         5
   263.584     4.915     0.050         5
   264.081     4.820     0.050         5
   264.562     4.709     0.050         5
   265.053     4.597     0.050         5
   265.552     4.496     0.050         5
   266.043     4.397     0.050         5
   266.537     4.263     0.050         5
   267.023     4.166     0.050         5
   267.510     4.040     0.050         5
   267.993     3.895     0.050         5
   268.472     3.748     0.050         5
   268.955     3.621     0.050         5
   269.429     3.483     0.050         5
   269.917     3.357     0.050         5
   270.395     3.230     0.050         5
   270.877     3.060     0.050         5
   271.355     2.938     0.050         5
   271.837     2.805     0.050         5
   272.324     2.676     0.050         5
   272.810     2.483     0.050         5
    33.482    39.702     0.050         8
    36.584    39.255     0.050         8
    38.844    38.925     0.050         8
    41.599    38.542     0.050         8
    44.127    38.206     0.050         8
    46.648    37.875     0.050         8
    48.847    37.624     0.050         8
    50.739    37.408     0.050         8
    57.344    36.651     0.050         8
    59.945    36.347     0.050         8
    62.077    36.096     0.050         8
    66.009    35.653     0.050         8
    68.920    35.299     0.050         8
    71.731    34.959     0.050         8
    74.242    34.684     0.050         8
    77.761    34.250     0.050         8
    79.932    33.973     0.050         8
    83.045    33.556     0.050         8
    84.923    33.299     0.050         8
    86.656    33.047     0.050         8
   225.973    12.620     0.050        14
   227.877    12.373     0.050        14
   230.440    12.012     0.050        14
   232.986    11.624     0.050        14
   234.669    11.336     0.050        14
   237.101    10.904     0.050        14
   239.190    10.524     0.050        14
   241.056    10.173     0.050        14
   242.995     9.804     0.050        14
   245.688     9.326     0.050        14
   248.609     8.710     0.050        14
   250.632     8.305     0.050        14
   252.199     7.989     0.050        14
   253.634     7.667     0.050        14
   255.187     7.318     0.050        14
   257.047     6.802     0.050        14
   259.439     6.189     0.050        14
   261.977     5.607     0.050        14
   264.081     5.223     0.050        14
   266.204     4.773     0.050        14
   268.319     4.148     0.050        14
   270.877     3.435     0.050        14
   230.300    18.414     0.050        24
   231.701    18.041     0.050        24
   233.126    17.644     0.050        24
   234.389    17.278     0.050        24
   236.383    16.721     0.050        24
   238.123    16.260     0.050        24
   240.443    15.654     0.050        24
   242.414    15.126     0.050        24
   244.461    14.622     0.050        24
   246.129    14.117     0.050        24
   248.147    13.585     0.050        24
   250.785    12.683     0.050        24
   252.199    12.208     0.050        24
   253.481    11.729     0.050        24
   254.878    11.250     0.050        24
   256.735    10.583     0.050        24
   276.757     1.000     0.000         0
   277.048     1.049     0.050         1
   277.529     1.202     0.050         1
   278.002     1.349     0.050         1
   278.488     1.594     0.050         1
   278.974     1.806     0.050         1
   277.367     1.774     0.050         2
   281.542     2.442     0.050         5
   282.021     2.517     0.050         5
   282.497     2.592     0.050         5
   282.973     2.663     0.050         5
   283.452     2.741     0.050         5
   283.927     2.808     0.050         5
   284.403     2.884     0.050         5
   284.890     2.947     0.050         5
   285.369     3.035     0.050         5
   285.848     3.107     0.050         5
   286.326     3.195     0.050         5
   286.813     3.263     0.050         5
   287.303     3.346     0.050         5
   287.789     3.402     0.050         5
   288.262     3.467     0.050         5
   288.743     3.520     0.050         5
   289.226     3.601     0.050         5
   289.717     3.676     0.050         5
   290.201     3.760     0.050         5
   290.687     3.838     0.050         5
   291.182     3.920     0.050         5
   291.668     4.014     0.050         5
   292.144     4.090     0.050         5
   292.623     4.158     0.050         5
   293.099     4.223     0.050         5
   293.567     4.316     0.050         5
   294.032     4.415     0.050         5
   294.497     4.534     0.050         5
   294.963     4.657     0.050         5
   295.428     4.748     0.050         5
   295.882     4.844     0.050         5
   296.347     4.957     0.050         5
   296.813     5.049     0.050         5
   297.278     5.143     0.050         5
   297.735     5.265     0.050         5
   298.193     5.340     0.050         5
   298.653     5.432     0.050         5
   299.114     5.521     0.050         5
   299.575     5.629     0.050         5
   300.025     5.693     0.050         5
   300.482     5.769     0.050         5
   300.934     5.839     0.050         5
   301.382     5.901     0.050         5
   301.863     5.989     0.050         5
   302.333     6.069     0.050         5
   302.816     6.155     0.050         5
   303.286     6.213     0.050         5
   303.748     6.311     0.050         5
   304.221     6.376     0.050         5
   304.683     6.474     0.050         5
   305.159     6.559     0.050         5
   305.632     6.638     0.050         5
   306.094     6.732     0.050         5
   306.570     6.782     0.050         5
   307.046     6.840     0.050         5
   307.511     6.942     0.050         5
   307.976     7.005     0.050         5
   308.444     7.095     0.050         5
   308.912     7.187     0.050         5
   309.385     7.263     0.050         5
   309.847     7.327     0.050         5
   310.320     7.375     0.050         5
   310.793     7.460     0.050         5
   311.255     7.558     0.050         5
   311.731     7.630     0.050         5
   312.204     7.687     0.050         5
   312.666     7.776     0.050         5
   313.131     7.864     0.050         5
   313.604     7.919     0.050         5
   314.069     7.998     0.050         5
   314.531     8.088     0.050         5
   315.004     8.189     0.050         5
   315.466     8.268     0.050         5
   315.929     8.347     0.050         5
   316.404     8.403     0.050         5
   316.877     8.460     0.050         5
   317.350     8.554     0.050         5
   317.834     8.636     0.050         5
   318.320     8.721     0.050         5
   318.793     8.816     0.050         5
   319.276     8.907     0.050         5
   319.746     8.995     0.050         5
   320.219     9.094     0.050         5
   320.684     9.196     0.050         5
   321.139     9.264     0.050         5
   321.604     9.362     0.050         5
   322.055     9.441     0.050         5
   322.520     9.519     0.050         5
   322.986     9.601     0.050         5
   323.451     9.675     0.050         5
   323.905     9.774     0.050         5
   324.360     9.851     0.050         5
   324.825     9.946     0.050         5
   325.287    10.038     0.050         5
   325.760    10.119     0.050         5
   326.233    10.219     0.050         5
   326.692    10.279     0.050         5
   327.165    10.358     0.050         5
   327.638    10.456     0.050         5
   328.107    10.552     0.050         5
   328.585    10.636     0.050         5
   329.049    10.684     0.050         5
   329.505    10.776     0.050         5
   329.970    10.852     0.050         5
   330.435    10.930     0.050         5
   330.904    11.026     0.050         5
   331.372    11.104     0.050         5
   331.993    11.220     0.050         5
   332.451    11.279     0.050         5
   332.922    11.389     0.050         5
   333.368    11.461     0.050         5
   333.826    11.558     0.050         5
   334.283    11.626     0.050         5
   334.741    11.730     0.050         5
   335.222    11.803     0.050         5
   335.687    11.915     0.050         5
   336.166    11.987     0.050         5
   336.645    12.072     0.050         5
   337.134    12.155     0.050         5
   337.605    12.231     0.050         5
   338.095    12.325     0.050         5
   338.557    12.385     0.050         5
   339.040    12.467     0.050         5
   339.513    12.538     0.050         5
   339.983    12.594     0.050         5
   340.453    12.660     0.050         5
   340.933    12.713     0.050         5
   341.403    12.778     0.050         5
   341.882    12.829     0.050         5
   342.361    12.889     0.050         5
   342.839    12.967     0.050         5
   343.329    13.020     0.050         5
   343.818    13.071     0.050         5
   344.294    13.145     0.050         5
   344.773    13.179     0.050         5
   345.251    13.275     0.050         5
   345.727    13.348     0.050         5
   346.203    13.425     0.050         5
   346.679    13.481     0.050         5
   347.154    13.572     0.050         5
   347.623    13.627     0.050         5
   348.091    13.699     0.050         5
   348.572    13.820     0.050         5
   349.043    13.875     0.050         5
   349.519    13.920     0.050         5
   350.003    13.975     0.050         5
   350.483    14.082     0.050         5
   350.953    14.161     0.050         5
   351.433    14.250     0.050         5
   359.504    16.031     0.050         5
   361.732    16.464     0.050         5
   363.986    16.968     0.050         5
   366.539    17.487     0.050         5
   370.187    18.090     0.050         5
   375.582    18.741     0.050         5
   379.627    19.144     0.050         5
   324.975    11.029     0.050         8
   325.448    11.081     0.050         8
   325.921    11.141     0.050         8
   326.383    11.205     0.050         8
   326.853    11.262     0.050         8
   327.326    11.341     0.050         8
   327.799    11.407     0.050         8
   328.266    11.461     0.050         8
   328.733    11.508     0.050         8
   329.197    11.580     0.050         8
   329.669    11.624     0.050         8
   330.124    11.695     0.050         8
   330.589    11.780     0.050         8
   331.054    11.844     0.050         8
   331.525    11.903     0.050         8
   332.147    12.009     0.050         8
   332.604    12.075     0.050         8
   333.072    12.174     0.050         8
   333.522    12.268     0.050         8
   333.979    12.344     0.050         8
   334.590    12.431     0.050         8
   335.222    12.550     0.050         8
   335.687    12.644     0.050         8
   336.166    12.716     0.050         8
   336.645    12.771     0.050         8
   337.134    12.835     0.050         8
   337.605    12.913     0.050         8
   338.095    12.997     0.050         8
   338.557    13.077     0.050         8
   339.040    13.141     0.050         8
   339.513    13.197     0.050         8
   339.983    13.228     0.050         8
   340.453    13.280     0.050         8
   340.933    13.318     0.050         8
   341.403    13.354     0.050         8
   341.882    13.438     0.050         8
   342.361    13.498     0.050         8
   342.839    13.548     0.050         8
   343.818    13.646     0.050         8
   344.294    13.703     0.050         8
   345.090    13.807     0.050         8
   345.878    13.904     0.050         8
   346.840    14.049     0.050         8
   347.623    14.156     0.050         8
   348.255    14.249     0.050         8
   348.890    14.326     0.050         8
   279.611     2.106     0.050        10
   280.098     2.216     0.050        10
   280.577     2.338     0.050        10
   325.126    11.535     0.050        12
   328.266    11.977     0.050        12
   331.993    12.532     0.050        12
   336.645    13.256     0.050        12
   340.933    13.817     0.050        12
   344.926    14.267     0.050        12
   281.055     2.847     0.050        14
   281.542     2.945     0.050        14
   282.021     3.022     0.050        14
   282.497     3.097     0.050        14
   282.973     3.168     0.050        14
   283.452     3.235     0.050        14
   283.927     3.314     0.050        14
   284.403     3.391     0.050        14
   284.890     3.455     0.050        14
   285.369     3.529     0.050        14
   285.848     3.606     0.050        14
   286.326     3.675     0.050        14
   286.813     3.737     0.050        14
   287.303     3.805     0.050        14
   287.789     3.903     0.050        14
   288.262     3.976     0.050        14
   288.743     4.033     0.050        14
   289.226     4.100     0.050        14
   289.717     4.166     0.050        14
   290.201     4.243     0.050        14
   290.687     4.317     0.050        14
   291.182     4.423     0.050        14
   291.668     4.504     0.050        14
   292.144     4.565     0.050        14
   292.623     4.639     0.050        14
   293.099     4.724     0.050        14
   293.567     4.800     0.050        14
   294.032     4.880     0.050        14
   294.497     4.981     0.050        14
   294.963     5.077     0.050        14
   295.428     5.168     0.050        14
   295.882     5.275     0.050        14
   296.347     5.404     0.050        14
   296.813     5.544     0.050        14
   297.278     5.636     0.050        14
   297.735     5.731     0.050        14
   298.193     5.826     0.050        14
   298.653     5.912     0.050        14
   299.114     5.999     0.050        14
   299.575     6.098     0.050        14
   300.025     6.168     0.050        14
   300.482     6.246     0.050        14
   300.934     6.344     0.050        14
   301.382     6.402     0.050        14
   301.863     6.493     0.050        14
   302.333     6.592     0.050        14
   302.816     6.679     0.050        14
   303.286     6.760     0.050        14
   303.748     6.881     0.050        14
   304.221     6.963     0.050        14
   304.683     7.033     0.050        14
   305.159     7.105     0.050        14
   305.632     7.205     0.050        14
   306.094     7.288     0.050        14
   306.570     7.368     0.050        14
   307.046     7.404     0.050        14
   307.511     7.515     0.050        14
   307.976     7.525     0.050        14
   308.444     7.588     0.050        14
   308.912     7.687     0.050        14
   309.385     7.766     0.050        14
   309.847     7.845     0.050        14
   310.320     7.896     0.050        14
   310.793     7.971     0.050        14
   311.255     8.061     0.050        14
   311.731     8.140     0.050        14
   312.204     8.237     0.050        14
   312.666     8.313     0.050        14
   313.131     8.398     0.050        14
   313.604     8.487     0.050        14
   314.069     8.555     0.050        14
   314.531     8.664     0.050        14
   315.004     8.729     0.050        14
   315.466     8.821     0.050        14
   315.929     8.905     0.050        14
   316.404     8.988     0.050        14
   316.877     9.050     0.050        14
   317.350     9.161     0.050        14
   317.834     9.212     0.050        14
   318.320     9.306     0.050        14
   318.793     9.368     0.050        14
   319.276     9.442     0.050        14
   319.746     9.527     0.050        14
   320.219     9.610     0.050        14
   320.684     9.709     0.050        14
   321.139     9.796     0.050        14
   321.604     9.883     0.050        14
   322.055     9.973     0.050        14
   322.520    10.052     0.050        14
   322.986    10.132     0.050        14
   323.451    10.223     0.050        14
   323.905    10.273     0.050        14
   324.360    10.370     0.050        14
   324.825    10.415     0.050        14
   325.287    10.525     0.050        14
   325.760    10.623     0.050        14
   326.233    10.672     0.050        14
   326.692    10.834     0.050        14
   327.165    10.911     0.050        14
   327.638    10.999     0.050        14
   328.107    11.127     0.050        14
   328.585    11.200     0.050        14
   329.049    11.298     0.050        14
   329.505    11.343     0.050        14
   329.970    11.432     0.050        14
   330.435    11.511     0.050        14
   330.904    11.591     0.050        14
   331.372    11.611     0.050        14
   331.829    11.729     0.050        14
   332.297    11.804     0.050        14
   332.768    11.888     0.050        14
   333.226    11.979     0.050        14
   333.675    12.026     0.050        14
   334.133    12.144     0.050        14
   334.590    12.235     0.050        14
   335.058    12.314     0.050        14
   335.534    12.422     0.050        14
   336.002    12.514     0.050        14
   336.491    12.588     0.050        14
   336.970    12.652     0.050        14
   337.452    12.729     0.050        14
   337.931    12.797     0.050        14
   338.407    12.870     0.050        14
   338.879    12.946     0.050        14
   339.352    12.996     0.050        14
   339.833    13.098     0.050        14
   340.305    13.144     0.050        14
   340.772    13.237     0.050        14
   341.253    13.279     0.050        14
   341.718    13.373     0.050        14
   342.197    13.389     0.050        14
   342.686    13.449     0.050        14
   343.165    13.549     0.050        14
   343.654    13.592     0.050        14
   344.133    13.656     0.050        14
   344.612    13.740     0.050        14
   345.090    13.797     0.050        14
   345.563    13.845     0.050        14
   346.039    13.957     0.050        14
   346.515    14.014     0.050        14
   346.990    14.134     0.050        14
   347.469    14.171     0.050        14
   347.937    14.245     0.050        14
   348.408    14.307     0.050        14
   348.890    14.373     0.050        14
   349.358    14.451     0.050        14
   282.729    -1.000     0.000         0
   281.057     1.190     0.050         1
   281.543     0.939     0.050         1
   282.022     0.764     0.050         1
   282.498     0.662     0.050         1
   281.382     1.689     0.050         3
   281.858     1.588     0.050         3
   282.334     1.513     0.050         3
    94.188    31.783     0.050         5
    97.828    31.221     0.050         5
   100.777    30.792     0.050         5
   103.523    30.426     0.050         5
   230.994    12.368     0.050         5
   231.424    12.304     0.050         5
   231.851    12.227     0.050         5
   232.268    12.142     0.050         5
   232.698    12.074     0.050         5
   233.126    12.008     0.050         5
   233.553    11.923     0.050         5
   233.973    11.848     0.050         5
   234.390    11.746     0.050         5
   234.809    11.691     0.050         5
   235.240    11.619     0.050         5
   235.670    11.523     0.050         5
   236.100    11.468     0.050         5
   236.523    11.388     0.050         5
   236.964    11.314     0.050         5
   237.391    11.230     0.050         5
   237.832    11.166     0.050         5
   238.273    11.089     0.050         5
   238.725    11.040     0.050         5
   239.190    10.970     0.050         5
   239.659    10.894     0.050         5
   240.135    10.808     0.050         5
   240.594    10.719     0.050         5
   241.056    10.631     0.050         5
   241.508    10.571     0.050         5
   241.970    10.494     0.050         5
   242.414    10.438     0.050         5
   242.844    10.376     0.050         5
   243.282    10.301     0.050         5
   243.718    10.235     0.050         5
   244.163    10.148     0.050         5
   244.623    10.064     0.050         5
   245.079    10.000     0.050         5
   245.538     9.913     0.050         5
   245.976     9.831     0.050         5
   246.431     9.739     0.050         5
   246.888     9.658     0.050         5
   247.367     9.548     0.050         5
   247.836     9.452     0.050         5
   248.298     9.346     0.050         5
   248.771     9.266     0.050         5
   249.236     9.160     0.050         5
   249.709     9.094     0.050         5
   250.164     9.005     0.050         5
   250.632     8.926     0.050         5
   251.103     8.799     0.050         5
   251.575     8.697     0.050         5
   252.046     8.598     0.050         5
   252.681     8.490     0.050         5
   253.174     8.355     0.050         5
   253.634     8.259     0.050         5
   254.097     8.155     0.050         5
   254.567     8.055     0.050         5
   255.037     7.955     0.050         5
   255.499     7.851     0.050         5
   255.972     7.748     0.050         5
   256.434     7.646     0.050         5
   256.897     7.524     0.050         5
   257.370     7.405     0.050         5
   257.843     7.286     0.050         5
   258.329     7.170     0.050         5
   258.802     7.056     0.050         5
   259.278     6.950     0.050         5
   259.754     6.844     0.050         5
   260.230     6.740     0.050         5
   260.703     6.639     0.050         5
   261.179     6.546     0.050         5
   261.652     6.461     0.050         5
   262.138     6.370     0.050         5
   262.625     6.272     0.050         5
   263.111     6.185     0.050         5
   263.584     6.098     0.050         5
   264.082     6.005     0.050         5
   264.562     5.909     0.050         5
   265.054     5.807     0.050         5
   265.552     5.719     0.050         5
   266.043     5.619     0.050         5
   266.538     5.521     0.050         5
   267.024     5.420     0.050         5
   267.511     5.291     0.050         5
   267.994     5.163     0.050         5
   268.473     5.044     0.050         5
   268.955     4.927     0.050         5
   269.430     4.818     0.050         5
   269.918     4.713     0.050         5
   270.395     4.529     0.050         5
   270.877     4.407     0.050         5
   271.356     4.280     0.050         5
   271.837     4.195     0.050         5
   272.324     4.031     0.050         5
   272.810     3.904     0.050         5
   273.294     3.763     0.050         5
   273.778     3.626     0.050         5
   274.261     3.487     0.050         5
   274.748     3.347     0.050         5
   275.237     3.201     0.050         5
   275.738     3.073     0.050         5
   276.227     2.965     0.050         5
   276.729     2.862     0.050         5
   277.207     2.760     0.050         5
    62.990    36.388     0.050         8
    66.782    35.881     0.050         8
    71.110    35.360     0.050         8
    74.694    34.952     0.050         8
    76.992    34.725     0.050         8
    81.629    34.162     0.050         8
    85.074    33.669     0.050         8
    88.537    33.177     0.050         8
    91.508    32.869     0.050         8
    93.550    32.644     0.050         8
    96.566    32.192     0.050         8
   100.928    31.527     0.050         8
   105.259    30.901     0.050         8
   282.729     1.000     0.000         0
   283.126     0.762     0.050         1
   283.602     0.933     0.050         1
   284.089     1.171     0.050         1
   283.126     1.526     0.050         3
   287.303     2.200     0.050         5
   288.582     2.412     0.050         5
   290.526     2.765     0.050         5
   292.144     3.083     0.050         5
   293.414     3.332     0.050         5
   294.498     3.565     0.050         5
   295.428     3.787     0.050         5
   296.194     3.998     0.050         5
   298.040     4.388     0.050         5
   300.179     4.814     0.050         5
   301.863     5.107     0.050         5
   303.909     5.500     0.050         5
   306.258     5.913     0.050         5
   307.662     6.133     0.050         5
   310.009     6.541     0.050         5
   311.567     6.809     0.050         5
   312.978     7.033     0.050         5
   314.381     7.277     0.050         5
   315.778     7.526     0.050         5
   318.159     7.909     0.050         5
   319.908     8.255     0.050         5
   321.451     8.556     0.050         5
   322.986     8.821     0.050         5
   324.360     9.088     0.050         5
   325.760     9.367     0.050         5
   327.326     9.638     0.050         5
   328.585     9.846     0.050         5
   329.820    10.048     0.050         5
   331.372    10.310     0.050         5
   332.297    10.482     0.050         5
   333.979    10.804     0.050         5
   335.852    11.153     0.050         5
   338.095    11.536     0.050         5
   339.983    11.804     0.050         5
   341.882    12.062     0.050         5
   343.654    12.256     0.050         5
   345.402    12.533     0.050         5
   323.150    10.118     0.050         8
   324.510    10.310     0.050         8
   326.383    10.568     0.050         8
   328.266    10.831     0.050         8
   329.505    10.986     0.050         8
   331.054    11.178     0.050         8
   332.147    11.346     0.050         8
   333.226    11.526     0.050         8
   334.590    11.750     0.050         8
   335.373    11.882     0.050         8
   336.970    12.150     0.050         8
   338.095    12.292     0.050         8
   339.513    12.468     0.050         8
   340.453    12.555     0.050         8
   342.046    12.728     0.050         8
   343.165    12.847     0.050         8
   343.818    12.928     0.050         8
   345.090    13.076     0.050         8
   346.039    13.201     0.050         8
   347.155    13.373     0.050         8
   351.272    14.016     0.050         8
   356.624    14.900     0.050         8
   360.130    15.550     0.050         8
   363.167    16.223     0.050         8
   365.749    16.833     0.050         8
   367.176    17.147     0.050         8
   371.444    17.801     0.050         8
   285.044     1.635     0.050        10
   285.530     1.784     0.050        10
   286.012     1.915     0.050        10
   286.488     2.028     0.050        10
   286.652     2.248     0.050        30
   287.139     2.440     0.050        30
   287.625     2.649     0.050        30
   288.101     2.785     0.050        30
   288.582     2.946     0.050        30
   288.735    -1.000     0.000         0
   286.814     1.221     0.050         1
   287.303     0.929     0.050         1
   287.789     0.643     0.050         1
   288.262     0.456     0.050         1
   288.726     0.381     0.050         1
   287.139     1.481     0.050         3
   287.625     1.322     0.050         3
   288.101     1.154     0.050         3
   288.582     1.048     0.050         3
   100.927    31.728     0.050         5
   103.988    31.319     0.050         5
   106.679    30.937     0.050         5
   109.006    30.615     0.050         5
   110.418    30.445     0.050         5
   113.050    30.148     0.050         5
   115.763    29.850     0.050         5
   119.890    29.338     0.050         5
   123.583    28.788     0.050         5
   127.654    28.222     0.050         5
   238.724    11.829     0.050         5
   239.970    11.647     0.050         5
   241.206    11.461     0.050         5
   242.844    11.220     0.050         5
   243.717    11.096     0.050         5
   244.163    11.027     0.050         5
   244.622    10.936     0.050         5
   245.078    10.848     0.050         5
   245.538    10.792     0.050         5
   245.976    10.718     0.050         5
   246.430    10.654     0.050         5
   246.888    10.574     0.050         5
   247.367    10.465     0.050         5
   248.297    10.277     0.050         5
   248.770    10.179     0.050         5
   249.236    10.099     0.050         5
   249.709     9.992     0.050         5
   250.470     9.842     0.050         5
   250.939     9.767     0.050         5
   251.410     9.653     0.050         5
   251.881     9.549     0.050         5
   252.363     9.428     0.050         5
   252.845     9.339     0.050         5
   253.327     9.231     0.050         5
   253.795     9.127     0.050         5
   254.257     9.028     0.050         5
   254.727     8.920     0.050         5
   255.187     8.797     0.050         5
   255.660     8.685     0.050         5
   256.122     8.574     0.050         5
   256.584     8.476     0.050         5
   257.047     8.372     0.050         5
   257.520     8.275     0.050         5
   258.006     8.182     0.050         5
   258.479     8.065     0.050         5
   258.966     7.947     0.050         5
   259.439     7.821     0.050         5
   259.915     7.737     0.050         5
   261.014     7.550     0.050         5
   261.490     7.484     0.050         5
   261.977     7.402     0.050         5
   262.460     7.300     0.050         5
   262.947     7.208     0.050         5
   263.433     7.128     0.050         5
   263.906     7.048     0.050         5
   264.401     6.964     0.050         5
   264.892     6.894     0.050         5
   265.383     6.790     0.050         5
   265.882     6.715     0.050         5
   266.376     6.623     0.050         5
   266.862     6.511     0.050         5
   267.346     6.400     0.050         5
   267.832     6.293     0.050         5
   268.319     6.166     0.050         5
   268.801     6.056     0.050         5
   269.275     5.942     0.050         5
   269.750     5.816     0.050         5
   270.238     5.684     0.050         5
   270.712     5.563     0.050         5
   271.205     5.453     0.050         5
   271.683     5.344     0.050         5
   272.162     5.238     0.050         5
   272.971     5.040     0.050         5
   273.455     4.902     0.050         5
   273.938     4.780     0.050         5
   274.422     4.649     0.050         5
   274.912     4.509     0.050         5
   275.412     4.388     0.050         5
   275.901     4.281     0.050         5
   276.399     4.167     0.050         5
   276.887     4.064     0.050         5
   277.367     3.956     0.050         5
   277.840     3.827     0.050         5
   278.324     3.701     0.050         5
   278.810     3.572     0.050         5
   279.286     3.456     0.050         5
   279.773     3.343     0.050         5
   280.262     3.242     0.050         5
   280.738     3.124     0.050         5
   281.217     3.001     0.050         5
   281.696     2.882     0.050         5
   282.172     2.747     0.050         5
   282.648     2.624     0.050         5
   283.127     2.462     0.050         5
   283.603     2.337     0.050         5
   284.089     2.209     0.050         5
   284.565     2.089     0.050         5
    54.580    38.152     0.050         8
    57.655    37.818     0.050         8
    60.565    37.480     0.050         8
    64.040    37.068     0.050         8
    68.148    36.572     0.050         8
    71.572    36.156     0.050         8
    74.992    35.756     0.050         8
    77.607    35.466     0.050         8
    81.789    34.958     0.050         8
   288.735     1.000     0.000         0
   289.226     0.576     0.050         1
   289.718     0.821     0.050         1
   290.201     1.035     0.050         1
   290.688     1.239     0.050         1
   289.226     1.208     0.050         3
   289.718     1.352     0.050         3
   291.669     1.654     0.050         5
   292.144     1.766     0.050         5
   292.623     1.890     0.050         5
   293.099     2.007     0.050         5
   293.567     2.134     0.050         5
   294.032     2.234     0.050         5
   294.497     2.350     0.050         5
   294.962     2.474     0.050         5
   295.427     2.614     0.050         5
   295.882     2.755     0.050         5
   296.347     2.887     0.050         5
   296.812     3.004     0.050         5
   297.277     3.108     0.050         5
   297.735     3.245     0.050         5
   298.193     3.347     0.050         5
   298.653     3.449     0.050         5
   299.114     3.553     0.050         5
   299.575     3.668     0.050         5
   300.025     3.783     0.050         5
   300.482     3.869     0.050         5
   300.934     3.962     0.050         5
   301.382     4.062     0.050         5
   301.863     4.144     0.050         5
   302.332     4.210     0.050         5
   302.816     4.311     0.050         5
   303.286     4.396     0.050         5
   303.748     4.521     0.050         5
   304.221     4.618     0.050         5
   304.683     4.698     0.050         5
   305.159     4.797     0.050         5
   305.631     4.906     0.050         5
   306.094     4.978     0.050         5
   306.569     5.090     0.050         5
   307.045     5.137     0.050         5
   307.510     5.210     0.050         5
   307.976     5.297     0.050         5
   308.444     5.392     0.050         5
   308.912     5.484     0.050         5
   309.385     5.584     0.050         5
   309.847     5.680     0.050         5
   310.320     5.756     0.050         5
   310.793     5.844     0.050         5
   311.255     5.917     0.050         5
   311.731     5.990     0.050         5
   312.203     6.087     0.050         5
   312.666     6.163     0.050         5
   313.131     6.243     0.050         5
   334.590    10.118     0.050         5
   336.645    10.495     0.050         5
   339.832    11.004     0.050         5
   342.521    11.323     0.050         5
   344.611    11.639     0.050         5
   347.308    12.055     0.050         5
   349.519    12.418     0.050         5
   292.308     2.045     0.050        30
   292.784     2.245     0.050        30
   293.252     2.435     0.050        30
   293.717     2.582     0.050        30
   294.793    -1.000     0.000         0
   293.253     1.014     0.050         1
   293.718     0.769     0.050         1
   294.184     0.558     0.050         1
   294.649     0.475     0.050         1
   293.568     1.414     0.050         3
   294.033     1.338     0.050         3
   294.498     1.320     0.050         3
   102.764    32.253     0.050         5
   108.694    31.471     0.050         5
   114.635    30.704     0.050         5
   121.985    29.582     0.050         5
   129.250    28.642     0.050         5
   135.366    27.996     0.050         5
   143.826    26.877     0.050         5
   152.400    25.529     0.050         5
   230.577    14.062     0.050         5
   232.128    13.806     0.050         5
   233.265    13.614     0.050         5
   234.809    13.353     0.050         5
   236.964    12.959     0.050         5
   238.574    12.682     0.050         5
   240.134    12.427     0.050         5
   241.207    12.271     0.050         5
   242.995    11.984     0.050         5
   243.570    11.877     0.050         5
   244.015    11.794     0.050         5
   244.461    11.716     0.050         5
   244.931    11.628     0.050         5
   245.387    11.548     0.050         5
   245.825    11.476     0.050         5
   246.269    11.393     0.050         5
   246.735    11.311     0.050         5
   247.203    11.209     0.050         5
   247.671    11.128     0.050         5
   248.459    10.994     0.050         5
   248.921    10.884     0.050         5
   249.397    10.785     0.050         5
   249.860    10.706     0.050         5
   250.317    10.615     0.050         5
   250.785    10.532     0.050         5
   251.257    10.436     0.050         5
   251.728    10.354     0.050         5
   252.199    10.269     0.050         5
   252.681    10.153     0.050         5
   253.174    10.053     0.050         5
   253.634     9.948     0.050         5
   254.096     9.848     0.050         5
   254.566     9.735     0.050         5
   255.036     9.642     0.050         5
   255.499     9.524     0.050         5
   255.972     9.431     0.050         5
   256.434     9.336     0.050         5
   256.896     9.240     0.050         5
   257.369     9.132     0.050         5
   257.842     9.034     0.050         5
   258.329     8.916     0.050         5
   258.802     8.810     0.050         5
   259.278     8.703     0.050         5
   259.754     8.591     0.050         5
   260.230     8.505     0.050         5
   260.703     8.413     0.050         5
   261.179     8.317     0.050         5
   261.651     8.233     0.050         5
   262.138     8.149     0.050         5
   262.625     8.067     0.050         5
   263.111     7.986     0.050         5
   263.584     7.902     0.050         5
   264.081     7.818     0.050         5
   264.562     7.746     0.050         5
   265.053     7.659     0.050         5
   265.552     7.572     0.050         5
   266.043     7.487     0.050         5
   266.538     7.386     0.050         5
   267.024     7.298     0.050         5
   267.511     7.192     0.050         5
   267.994     7.091     0.050         5
   268.473     6.978     0.050         5
   268.955     6.872     0.050         5
   269.430     6.774     0.050         5
   269.917     6.665     0.050         5
   270.395     6.548     0.050         5
   270.876     6.435     0.050         5
   271.355     6.327     0.050         5
   271.837     6.216     0.050         5
   272.324     6.104     0.050         5
   272.810     6.009     0.050         5
   273.294     5.889     0.050         5
   273.778     5.749     0.050         5
   274.261     5.613     0.050         5
   274.748     5.516     0.050         5
   275.237     5.392     0.050         5
   275.737     5.292     0.050         5
   276.227     5.203     0.050         5
   276.729     5.101     0.050         5
   277.207     5.008     0.050         5
   277.679     4.899     0.050         5
   278.163     4.787     0.050         5
   278.650     4.664     0.050         5
   279.126     4.578     0.050         5
   279.612     4.475     0.050         5
   280.099     4.377     0.050         5
   280.577     4.279     0.050         5
   281.056     4.173     0.050         5
   281.543     4.077     0.050         5
   282.022     3.968     0.050         5
   282.498     3.864     0.050         5
   282.974     3.751     0.050         5
   283.452     3.647     0.050         5
   283.928     3.526     0.050         5
   284.404     3.402     0.050         5
   284.891     3.287     0.050         5
   285.370     3.145     0.050         5
   285.848     3.011     0.050         5
    59.016    38.438     0.050         8
    62.381    37.990     0.050         8
    67.532    37.247     0.050         8
    73.615    36.408     0.050         8
    77.608    35.941     0.050         8
    83.045    35.332     0.050         8
    88.233    34.692     0.050         8
    96.881    33.467     0.050         8
   104.467    32.390     0.050         8
   112.749    31.319     0.050         8
   224.367    15.406     0.050         8
   224.948    15.350     0.050         8
   225.529    15.280     0.050         8
   226.565    15.155     0.050         8
   227.587    15.042     0.050         8
   228.609    14.927     0.050         8
   229.596    14.816     0.050         8
   230.577    14.711     0.050         8
   231.851    14.565     0.050         8
   233.973    14.222     0.050         8
   287.626     2.567     0.050        10
   288.743     2.276     0.050        10
   289.879     1.977     0.050        10
   291.830     1.471     0.050        10
   229.596    14.928     0.050        14
   232.268    14.533     0.050        14
   244.015    12.451     0.050        14
   244.461    12.355     0.050        14
   244.931    12.303     0.050        14
   245.387    12.235     0.050        14
   245.825    12.147     0.050        14
   246.269    12.079     0.050        14
   246.735    11.986     0.050        14
   247.203    11.937     0.050        14
   247.671    11.820     0.050        14
   248.147    11.717     0.050        14
   248.610    11.639     0.050        14
   249.085    11.534     0.050        14
   249.548    11.446     0.050        14
   250.013    11.390     0.050        14
   250.471    11.303     0.050        14
   250.939    11.157     0.050        14
   251.410    11.065     0.050        14
   251.881    10.958     0.050        14
   252.363    10.859     0.050        14
   252.845    10.772     0.050        14
   253.327    10.647     0.050        14
   253.795    10.555     0.050        14
   254.258    10.479     0.050        14
   254.728    10.346     0.050        14
   255.187    10.265     0.050        14
   255.660    10.139     0.050        14
   256.122    10.058     0.050        14
   256.585     9.945     0.050        14
   257.047     9.835     0.050        14
   257.520     9.742     0.050        14
   258.006     9.624     0.050        14
   258.479     9.518     0.050        14
   258.966     9.414     0.050        14
   259.439     9.307     0.050        14
   259.915     9.193     0.050        14
   260.391     9.072     0.050        14
   260.864     8.962     0.050        14
   261.340     8.896     0.050        14
   261.813     8.830     0.050        14
   262.299     8.743     0.050        14
   262.786     8.644     0.050        14
   263.272     8.577     0.050        14
   263.745     8.494     0.050        14
   264.243     8.410     0.050        14
   264.734     8.322     0.050        14
   265.222     8.242     0.050        14
   265.713     8.150     0.050        14
   266.205     8.066     0.050        14
   266.699     7.987     0.050        14
   267.185     7.895     0.050        14
   267.672     7.792     0.050        14
   268.159     7.664     0.050        14
   268.637     7.542     0.050        14
   269.119     7.444     0.050        14
   269.597     7.338     0.050        14
   270.074     7.234     0.050        14
   270.559     7.122     0.050        14
   271.041     7.027     0.050        14
   271.519     6.928     0.050        14
   271.998     6.831     0.050        14
   272.488     6.721     0.050        14
   272.971     6.575     0.050        14
   273.455     6.461     0.050        14
   273.939     6.339     0.050        14
   274.422     6.165     0.050        14
   274.912     6.041     0.050        14
   275.412     5.917     0.050        14
   275.902     5.829     0.050        14
   276.399     5.751     0.050        14
   276.887     5.650     0.050        14
   277.368     5.550     0.050        14
   277.841     5.446     0.050        14
   278.324     5.336     0.050        14
   278.811     5.226     0.050        14
   279.287     5.126     0.050        14
   279.773     5.027     0.050        14
   280.263     4.924     0.050        14
   280.739     4.821     0.050        14
   281.218     4.711     0.050        14
   281.696     4.611     0.050        14
   282.172     4.497     0.050        14
   282.648     4.382     0.050        14
   283.127     4.276     0.050        14
   283.603     4.163     0.050        14
   284.090     4.045     0.050        14
   284.565     3.937     0.050        14
   285.044     3.819     0.050        14
   285.531     3.706     0.050        14
   286.013     3.576     0.050        14
   286.488     3.454     0.050        14
   286.978     3.341     0.050        14
   287.464     3.231     0.050        14
   287.940     3.123     0.050        14
   249.709    16.287     0.050        24
   250.785    15.934     0.050        24
   261.014    13.017     0.050        24
   263.907    12.294     0.050        24
   265.882    11.776     0.050        24
   268.955    10.695     0.050        24
   270.876     9.946     0.050        24
   273.939     8.898     0.050        24
   294.793     1.000     0.000         0
   295.277     0.610     0.050         1
   295.732     0.819     0.050         1
   296.194     1.103     0.050         1
   295.428     1.450     0.050         3
   302.817     3.245     0.050         5
   303.286     3.361     0.050         5
   303.748     3.480     0.050         5
   304.221     3.573     0.050         5
   304.683     3.666     0.050         5
   305.159     3.753     0.050         5
   305.632     3.868     0.050         5
   306.094     3.982     0.050         5
   306.570     4.072     0.050         5
   307.046     4.110     0.050         5
   307.511     4.216     0.050         5
   307.976     4.296     0.050         5
   308.444     4.421     0.050         5
   308.913     4.537     0.050         5
   309.385     4.660     0.050         5
   309.848     4.732     0.050         5
   310.320     4.832     0.050         5
   310.793     4.856     0.050         5
   311.255     4.948     0.050         5
   311.731     5.021     0.050         5
   312.204     5.110     0.050         5
   312.666     5.191     0.050         5
   313.131     5.268     0.050         5
   313.604     5.365     0.050         5
   314.069     5.457     0.050         5
   314.843     5.581     0.050         5
   315.316     5.671     0.050         5
   315.778     5.770     0.050         5
   316.240     5.853     0.050         5
   316.716     5.882     0.050         5
   317.511     6.056     0.050         5
   317.995     6.137     0.050         5
   318.481     6.239     0.050         5
   318.954     6.346     0.050         5
   319.427     6.440     0.050         5
   319.907     6.524     0.050         5
   320.370     6.600     0.050         5
   321.300     6.830     0.050         5
   321.754     6.916     0.050         5
   322.206     7.023     0.050         5
   322.671     7.114     0.050         5
   323.150     7.187     0.050         5
   323.604     7.252     0.050         5
   324.209     7.385     0.050         5
   324.671     7.456     0.050         5
   325.126     7.542     0.050         5
   325.599     7.664     0.050         5
   326.071     7.753     0.050         5
   326.544     7.838     0.050         5
   327.004     7.930     0.050         5
   327.476     7.990     0.050         5
   327.946     8.082     0.050         5
   328.424     8.144     0.050         5
   328.891     8.239     0.050         5
   329.358     8.314     0.050         5
   329.820     8.390     0.050         5
   330.285     8.481     0.050         5
   330.750     8.546     0.050         5
   331.208     8.614     0.050         5
   331.676     8.710     0.050         5
   332.147     8.770     0.050         5
   332.604     8.848     0.050         5
   333.072     8.953     0.050         5
   333.522     9.058     0.050         5
   333.979     9.146     0.050         5
   334.437     9.230     0.050         5
   334.905     9.321     0.050         5
   335.373     9.425     0.050         5
   335.852     9.526     0.050         5
   336.327     9.594     0.050         5
   336.806     9.681     0.050         5
   337.288     9.732     0.050         5
   337.770     9.822     0.050         5
   338.245     9.885     0.050         5
   338.718     9.937     0.050         5
   339.202    10.003     0.050         5
   339.674    10.082     0.050         5
   340.144    10.140     0.050         5
   340.614    10.188     0.050         5
   341.253    10.291     0.050         5
   341.718    10.363     0.050         5
   342.196    10.404     0.050         5
   342.686    10.485     0.050         5
   343.165    10.549     0.050         5
   343.654    10.620     0.050         5
   344.133    10.673     0.050         5
   344.612    10.749     0.050         5
   345.090    10.820     0.050         5
   345.563    10.904     0.050         5
   346.039    10.987     0.050         5
   346.515    11.065     0.050         5
   346.990    11.135     0.050         5
   347.469    11.220     0.050         5
   347.937    11.297     0.050         5
   348.408    11.362     0.050         5
   348.890    11.434     0.050         5
   349.358    11.506     0.050         5
   349.841    11.589     0.050         5
   350.322    11.669     0.050         5
   350.792    11.754     0.050         5
   351.272    11.834     0.050         5
   350.792    12.943     0.050         8
   353.642    13.297     0.050         8
   355.683    13.491     0.050         8
   357.742    13.774     0.050         8
   359.665    14.087     0.050         8
   361.732    14.499     0.050         8
   363.825    14.985     0.050         8
   365.910    15.501     0.050         8
   368.606    15.949     0.050         8
   370.499    16.158     0.050         8
   372.529    16.361     0.050         8
   374.139    16.552     0.050         8
   375.744    16.728     0.050         8
   377.031    16.872     0.050         8
   296.498     1.261     0.050         9
   296.963     1.481     0.050         9
   297.432     1.695     0.050         9
   297.889     1.890     0.050         9
   298.358     2.078     0.050        10
   298.808     2.208     0.050        10
   299.269     2.339     0.050        10
   299.730     2.471     0.050        10
   300.181     2.603     0.050        10
   300.635     2.744     0.050        10
   300.635     3.609     0.050        14
   303.437     4.209     0.050        14
   305.944     4.699     0.050        14
   309.074     5.285     0.050        14
   312.666     5.918     0.050        14
   314.843     6.348     0.050        14
   317.995     6.864     0.050        14
   320.988     7.446     0.050        14
   323.451     7.941     0.050        14
   325.448     8.297     0.050        14
   328.266     8.823     0.050        14
   331.525     9.384     0.050        14
   334.437     9.892     0.050        14
   336.970    10.366     0.050        14
   340.453    10.921     0.050        14
   343.165    11.266     0.050        14
   309.697     7.906     0.050        24
   311.105     8.398     0.050        24
   313.755     9.118     0.050        24
   318.481    10.707     0.050        24
   320.219    11.287     0.050        24
   322.370    11.866     0.050        24
   324.360    12.503     0.050        24
   327.004    13.182     0.050        24
   329.820    13.910     0.050        24
   300.793    -1.000     0.000         0
   298.961     1.306     0.050         1
   299.422     1.048     0.050         1
   299.874     0.860     0.050         1
   300.331     0.745     0.050         1
   300.759     0.702     0.050         1
   300.178     1.377     0.050         3
   300.630     1.359     0.050         3
   120.697    30.560     0.050         5
   124.998    29.977     0.050         5
   128.607    29.508     0.050         5
   131.491    29.197     0.050         5
   135.043    28.785     0.050         5
   138.366    28.415     0.050         5
   143.503    27.740     0.050         5
   146.405    27.301     0.050         5
   149.266    26.850     0.050         5
   225.973    15.502     0.050         5
   227.587    15.306     0.050         5
   229.883    15.014     0.050         5
   233.265    14.516     0.050         5
   235.239    14.152     0.050         5
   236.813    13.890     0.050         5
   238.886    13.581     0.050         5
   240.895    13.259     0.050         5
   243.282    12.828     0.050         5
   243.717    12.721     0.050         5
   244.163    12.608     0.050         5
   244.622    12.501     0.050         5
   245.078    12.425     0.050         5
   245.538    12.364     0.050         5
   245.975    12.312     0.050         5
   246.430    12.236     0.050         5
   246.888    12.179     0.050         5
   247.367    12.112     0.050         5
   247.835    11.954     0.050         5
   248.297    11.894     0.050         5
   248.770    11.784     0.050         5
   249.236    11.714     0.050         5
   249.709    11.645     0.050         5
   250.163    11.528     0.050         5
   250.632    11.456     0.050         5
   251.103    11.327     0.050         5
   251.574    11.252     0.050         5
   252.046    11.127     0.050         5
   252.528    11.047     0.050         5
   253.009    10.952     0.050         5
   253.481    10.882     0.050         5
   253.946    10.776     0.050         5
   254.416    10.661     0.050         5
   254.878    10.570     0.050         5
   255.348    10.479     0.050         5
   255.811    10.345     0.050         5
   256.273    10.276     0.050         5
   256.735    10.155     0.050         5
   257.208    10.029     0.050         5
   257.681     9.904     0.050         5
   258.168     9.815     0.050         5
   258.641     9.696     0.050         5
   259.116     9.596     0.050         5
   259.592     9.501     0.050         5
   260.068     9.419     0.050         5
   260.552     9.300     0.050         5
   261.014     9.229     0.050         5
   261.490     9.134     0.050         5
   261.977     9.061     0.050         5
   262.460     8.973     0.050         5
   262.947     8.910     0.050         5
   263.433     8.820     0.050         5
   263.906     8.805     0.050         5
   264.401     8.689     0.050         5
   264.892     8.609     0.050         5
   265.383     8.531     0.050         5
   265.881     8.452     0.050         5
   266.376     8.357     0.050         5
   266.862     8.279     0.050         5
   267.346     8.175     0.050         5
   267.832     8.070     0.050         5
   268.319     7.977     0.050         5
   268.801     7.845     0.050         5
   269.275     7.752     0.050         5
   269.750     7.654     0.050         5
   270.238     7.548     0.050         5
   270.712     7.455     0.050         5
   271.205     7.357     0.050         5
   271.684     7.211     0.050         5
   272.163     7.101     0.050         5
   272.649     6.982     0.050         5
   273.133     6.894     0.050         5
   273.616     6.774     0.050         5
   274.100     6.674     0.050         5
   274.586     6.551     0.050         5
   275.073     6.406     0.050         5
   275.573     6.302     0.050         5
   276.063     6.199     0.050         5
   276.557     6.100     0.050         5
   277.048     6.023     0.050         5
   277.528     5.931     0.050         5
   278.001     5.823     0.050         5
   278.488     5.712     0.050         5
   278.974     5.606     0.050         5
   279.447     5.513     0.050         5
   279.934     5.426     0.050         5
   280.413     5.339     0.050         5
   280.892     5.248     0.050         5
   281.381     5.161     0.050         5
   281.857     5.064     0.050         5
   282.333     4.960     0.050         5
   282.812     4.859     0.050         5
   283.288     4.743     0.050         5
   283.764     4.668     0.050         5
   284.239     4.553     0.050         5
   284.729     4.450     0.050         5
   285.205     4.352     0.050         5
   285.684     4.246     0.050         5
   286.173     4.139     0.050         5
   286.652     4.044     0.050         5
   287.139     3.931     0.050         5
   287.625     3.821     0.050         5
   288.101     3.712     0.050         5
   288.582     3.599     0.050         5
   289.065     3.507     0.050         5
   289.556     3.418     0.050         5
   290.039     3.329     0.050         5
   290.526     3.247     0.050         5
   291.020     3.174     0.050         5
   291.503     3.085     0.050         5
   291.992     2.999     0.050         5
   292.468     2.942     0.050         5
   222.068    16.214     0.050         8
   224.808    16.022     0.050         8
   226.124    16.022     0.050         8
   228.318    15.781     0.050         8
   231.133    15.410     0.050         8
   232.268    15.280     0.050         8
   234.252    14.963     0.050         8
   237.692    14.349     0.050         8
   239.658    14.057     0.050         8
   241.669    13.826     0.050         8
   244.770    13.363     0.050         8
   293.566     2.758     0.050        10
   294.031     2.673     0.050        10
   294.496     2.566     0.050        10
   294.961     2.447     0.050        10
   295.427     2.356     0.050        10
   295.881     2.254     0.050        10
   296.346     2.151     0.050        10
   296.811     2.052     0.050        10
   293.251     3.576     0.050        30
   294.811     2.938     0.050        30
   296.193     2.507     0.050        30
   300.793     1.000     0.000         0
   301.232     0.807     0.050         1
   301.701     0.999     0.050         1
   302.171     1.220     0.050         1
   300.937     1.334     0.050         3
   301.382     1.352     0.050         3
   307.350     2.969     0.050         5
   307.815     3.062     0.050         5
   308.291     3.151     0.050         5
   308.759     3.277     0.050         5
   309.224     3.409     0.050         5
   309.697     3.530     0.050         5
   310.159     3.627     0.050         5
   310.632     3.701     0.050         5
   311.105     3.786     0.050         5
   311.567     3.867     0.050         5
   312.043     3.963     0.050         5
   312.505     4.059     0.050         5
   312.978     4.173     0.050         5
   313.443     4.257     0.050         5
   313.905     4.337     0.050         5
   314.381     4.421     0.050         5
   314.843     4.526     0.050         5
   315.316     4.644     0.050         5
   315.779     4.736     0.050         5
   316.241     4.800     0.050         5
   316.717     4.896     0.050         5
   317.200     4.967     0.050         5
   317.673     5.059     0.050         5
   318.160     5.139     0.050         5
   318.632     5.248     0.050         5
   319.116     5.339     0.050         5
   319.589     5.450     0.050         5
   320.059     5.560     0.050         5
   320.524     5.648     0.050         5
   320.989     5.760     0.050         5
   321.451     5.853     0.050         5
   321.906     5.923     0.050         5
   322.371     6.017     0.050         5
   322.836     6.113     0.050         5
   323.301     6.201     0.050         5
   323.755     6.284     0.050         5
   324.210     6.361     0.050         5
   324.672     6.444     0.050         5
   325.126     6.523     0.050         5
   325.599     6.613     0.050         5
   326.072     6.704     0.050         5
   326.545     6.804     0.050         5
   327.004     6.895     0.050         5
   327.477     6.985     0.050         5
   327.947     7.068     0.050         5
   328.425     7.154     0.050         5
   328.892     7.238     0.050         5
   329.359     7.295     0.050         5
   329.821     7.391     0.050         5
   330.287     7.474     0.050         5
   330.752     7.547     0.050         5
   331.209     7.632     0.050         5
   331.830     7.748     0.050         5
   332.298     7.832     0.050         5
   332.769     7.930     0.050         5
   333.226     8.015     0.050         5
   333.676     8.106     0.050         5
   334.133     8.200     0.050         5
   334.591     8.283     0.050         5
   335.059     8.387     0.050         5
   335.534     8.473     0.050         5
   336.002     8.564     0.050         5
   336.492     8.635     0.050         5
   336.970     8.714     0.050         5
   337.452     8.801     0.050         5
   337.931     8.871     0.050         5
   338.407     8.963     0.050         5
   338.879     9.047     0.050         5
   339.352     9.123     0.050         5
   339.833     9.218     0.050         5
   340.306     9.270     0.050         5
   340.773     9.325     0.050         5
   341.253     9.347     0.050         5
   341.718     9.392     0.050         5
   342.197     9.458     0.050         5
   342.686     9.522     0.050         5
   343.165     9.574     0.050         5
   343.654     9.654     0.050         5
   344.133     9.719     0.050         5
   344.612     9.790     0.050         5
   345.090     9.872     0.050         5
   345.563     9.946     0.050         5
   346.039    10.014     0.050         5
   346.515    10.114     0.050         5
   346.991    10.190     0.050         5
   347.469    10.254     0.050         5
   347.937    10.342     0.050         5
   348.408    10.415     0.050         5
   348.890    10.518     0.050         5
   349.358    10.582     0.050         5
   349.841    10.666     0.050         5
   350.322    10.738     0.050         5
   350.792    10.826     0.050         5
   351.272    10.898     0.050         5
   351.745    11.008     0.050         5
   352.229    11.067     0.050         5
   344.612    10.988     0.050         8
   349.043    11.662     0.050         8
   352.704    12.265     0.050         8
   356.312    12.786     0.050         8
   360.130    13.449     0.050         8
   363.825    14.197     0.050         8
   366.865    14.793     0.050         8
   370.971    15.397     0.050         8
   376.545    16.009     0.050         8
   378.987    15.915     0.050         8
   380.909    15.918     0.050         8
   382.810    16.041     0.050         8
   385.316    16.267     0.050         8
   303.128     1.787     0.050        10
   303.748     2.023     0.050        10
   304.372     2.270     0.050        10
   304.845     2.402     0.050        10
   305.471     2.566     0.050        10
   306.784    -1.000     0.000         0
   304.998     1.351     0.050         1
   305.471     1.133     0.050         1
   305.944     0.949     0.050         1
   306.420     0.838     0.050         1
   306.094     1.497     0.050         2
   306.570     1.490     0.050         2
   232.558    15.383     0.050         5
   235.099    14.944     0.050         5
   237.251    14.538     0.050         5
   239.970    14.090     0.050         5
   242.120    13.762     0.050         5
   244.163    13.450     0.050         5
   246.129    13.112     0.050         5
   247.835    12.799     0.050         5
   249.709    12.437     0.050         5
   251.881    12.013     0.050         5
   253.946    11.581     0.050         5
   255.036    11.340     0.050         5
   256.585    11.016     0.050         5
   257.842    10.723     0.050         5
   260.068    10.248     0.050         5
   261.651     9.953     0.050         5
   262.947     9.750     0.050         5
   263.906     9.581     0.050         5
   264.401     9.506     0.050         5
   264.892     9.403     0.050         5
   265.383     9.321     0.050         5
   265.882     9.250     0.050         5
   266.376     9.179     0.050         5
   266.863     9.107     0.050         5
   267.346     9.008     0.050         5
   267.833     8.908     0.050         5
   268.319     8.811     0.050         5
   268.801     8.715     0.050         5
   269.276     8.608     0.050         5
   269.750     8.507     0.050         5
   270.238     8.384     0.050         5
   270.712     8.289     0.050         5
   271.205     8.191     0.050         5
   271.684     8.042     0.050         5
   272.163     7.981     0.050         5
   272.649     7.867     0.050         5
   273.133     7.758     0.050         5
   273.616     7.649     0.050         5
   274.100     7.524     0.050         5
   274.586     7.391     0.050         5
   275.073     7.270     0.050         5
   275.573     7.157     0.050         5
   276.063     7.080     0.050         5
   276.557     6.999     0.050         5
   277.048     6.922     0.050         5
   277.529     6.854     0.050         5
   278.002     6.749     0.050         5
   278.488     6.636     0.050         5
   278.975     6.545     0.050         5
   279.448     6.454     0.050         5
   279.934     6.363     0.050         5
   280.413     6.272     0.050         5
   280.892     6.177     0.050         5
   281.382     6.069     0.050         5
   281.857     5.963     0.050         5
   282.333     5.876     0.050         5
   282.812     5.781     0.050         5
   283.288     5.682     0.050         5
   283.764     5.604     0.050         5
   284.240     5.506     0.050         5
   284.729     5.412     0.050         5
   285.205     5.302     0.050         5
   285.684     5.200     0.050         5
   286.174     5.098     0.050         5
   286.653     5.016     0.050         5
   287.139     4.898     0.050         5
   287.626     4.795     0.050         5
   288.102     4.706     0.050         5
   288.582     4.600     0.050         5
   289.066     4.523     0.050         5
   289.557     4.450     0.050         5
   290.040     4.396     0.050         5
   290.527     4.315     0.050         5
   291.021     4.230     0.050         5
   291.504     4.161     0.050         5
   291.994     4.067     0.050         5
   292.470     4.002     0.050         5
   292.949     3.900     0.050         5
   293.414     3.836     0.050         5
   293.882     3.778     0.050         5
   294.347     3.748     0.050         5
   294.813     3.690     0.050         5
   295.278     3.612     0.050         5
   295.732     3.549     0.050         5
   296.195     3.489     0.050         5
   296.663     3.421     0.050         5
   297.117     3.313     0.050         5
   297.583     3.257     0.050         5
   298.040     3.198     0.050         5
   298.501     3.128     0.050         5
   298.961     3.035     0.050         5
   299.421     2.948     0.050         5
   299.873     2.833     0.050         5
   300.331     2.738     0.050         5
   102.298    33.717     0.050         8
   105.259    33.372     0.050         8
   109.952    32.718     0.050         8
   114.470    32.236     0.050         8
   118.443    31.791     0.050         8
   122.959    31.367     0.050         8
   127.493    30.919     0.050         8
   131.806    30.403     0.050         8
   134.564    30.035     0.050         8
   139.003    29.403     0.050         8
   143.665    28.727     0.050         8
   151.309    27.536     0.050         8
   223.646    16.827     0.050         8
   225.680    16.601     0.050         8
   228.028    16.303     0.050         8
   230.577    16.004     0.050         8
   232.985    15.682     0.050         8
   235.949    15.186     0.050         8
   239.190    14.666     0.050         8
   241.970    14.284     0.050         8
   244.770    13.936     0.050         8
   301.701     2.403     0.050        10
   302.494     2.189     0.050        10
   302.966     2.062     0.050        10
   303.437     1.932     0.050        10
   303.910     1.779     0.050        10
   123.895    30.918     0.050        13
   128.120    30.333     0.050        13
   132.296    29.775     0.050        13
   136.948    29.217     0.050        13
   140.776    28.759     0.050        13
   145.595    28.034     0.050        13
   149.907    27.318     0.050        13
   153.329    26.746     0.050        13
   254.416    11.989     0.050        14
   260.068    10.797     0.050        14
   263.584    10.230     0.050        14
   267.346     9.536     0.050        14
   271.684     8.597     0.050        14
   276.729     7.427     0.050        14
   281.382     6.486     0.050        14
   286.174     5.509     0.050        14
   291.504     4.588     0.050        14
   296.499     3.838     0.050        14
   306.784     1.000     0.000         0
   306.887     0.818     0.050         1
   307.350     0.919     0.050         1
   307.815     1.088     0.050         1
   308.291     1.329     0.050         1
   307.196     1.595     0.050         2
   307.661     1.703     0.050         2
   312.042     2.626     0.050         5
   312.816     2.793     0.050         5
   313.292     2.913     0.050         5
   313.754     3.009     0.050         5
   314.219     3.097     0.050         5
   314.843     3.260     0.050         5
   315.316     3.366     0.050         5
   315.778     3.481     0.050         5
   316.240     3.567     0.050         5
   316.716     3.650     0.050         5
   317.199     3.735     0.050         5
   317.672     3.842     0.050         5
   318.159     3.951     0.050         5
   318.632     4.068     0.050         5
   319.115     4.156     0.050         5
   319.588     4.261     0.050         5
   320.058     4.371     0.050         5
   320.523     4.488     0.050         5
   320.988     4.593     0.050         5
   321.451     4.694     0.050         5
   321.905     4.796     0.050         5
   322.370     4.895     0.050         5
   322.835     5.007     0.050         5
   323.300     5.121     0.050         5
   323.755     5.188     0.050         5
   324.209     5.268     0.050         5
   324.671     5.370     0.050         5
   325.126     5.465     0.050         5
   325.599     5.561     0.050         5
   326.072     5.645     0.050         5
   326.853     5.778     0.050         5
   327.638     5.977     0.050         5
   328.424     6.148     0.050         5
   329.358     6.371     0.050         5
   330.286     6.586     0.050         5
   331.525     6.841     0.050         5
   332.604     7.051     0.050         5
   333.675     7.241     0.050         5
   334.590     7.431     0.050         5
   335.851     7.678     0.050         5
   336.806     7.847     0.050         5
   338.095     8.065     0.050         5
   339.352     8.258     0.050         5
   340.614     8.447     0.050         5
   342.196     8.660     0.050         5
   343.654     8.893     0.050         5
   344.926     9.070     0.050         5
   346.039     9.243     0.050         5
   347.154     9.436     0.050         5
   348.408     9.654     0.050         5
   349.358     9.811     0.050         5
   309.697     1.985     0.050        10
   310.320     2.184     0.050        10
   311.104     2.403     0.050        10
   317.038     4.342     0.050        14
   321.300     5.285     0.050        14
   325.126     6.168     0.050        14
   330.590     7.278     0.050        14
   336.645     8.402     0.050        14
   341.403     9.062     0.050        14
   345.090     9.628     0.050        14
   349.358    10.291     0.050        14
   318.781    -1.000     0.000         0
   316.241     1.845     0.050         1
   316.717     1.551     0.050         1
   317.200     1.313     0.050         1
   317.673     1.130     0.050         1
   318.159     0.998     0.050         1
   318.632     0.956     0.050         1
   317.834     1.795     0.050         3
   318.321     1.750     0.050         3
   318.765     1.713     0.050         3
   232.986    17.083     0.050         5
   233.416    17.021     0.050         5
   233.833    16.951     0.050         5
   234.253    16.887     0.050         5
   234.669    16.816     0.050         5
   235.100    16.748     0.050         5
   235.530    16.682     0.050         5
   235.950    16.616     0.050         5
   236.383    16.552     0.050         5
   236.813    16.465     0.050         5
   237.251    16.387     0.050         5
   237.692    16.355     0.050         5
   238.123    16.275     0.050         5
   238.574    16.206     0.050         5
   239.040    16.138     0.050         5
   239.505    16.026     0.050         5
   239.970    15.949     0.050         5
   240.443    15.878     0.050         5
   241.056    15.798     0.050         5
   241.508    15.749     0.050         5
   241.970    15.663     0.050         5
   242.414    15.592     0.050         5
   242.844    15.520     0.050         5
   243.282    15.452     0.050         5
   243.717    15.371     0.050         5
   244.314    15.249     0.050         5
   245.079    15.111     0.050         5
   245.538    15.073     0.050         5
   245.976    15.013     0.050         5
   246.584    14.872     0.050         5
   247.053    14.791     0.050         5
   247.521    14.710     0.050         5
   247.986    14.631     0.050         5
   248.459    14.539     0.050         5
   248.921    14.440     0.050         5
   249.397    14.332     0.050         5
   249.860    14.243     0.050         5
   250.317    14.155     0.050         5
   250.786    14.060     0.050         5
   251.257    13.961     0.050         5
   251.728    13.871     0.050         5
   252.199    13.783     0.050         5
   252.681    13.678     0.050         5
   253.174    13.578     0.050         5
   253.634    13.486     0.050         5
   254.097    13.376     0.050         5
   254.567    13.271     0.050         5
   255.037    13.195     0.050         5
   255.499    13.094     0.050         5
   255.972    13.000     0.050         5
   256.434    12.915     0.050         5
   256.896    12.813     0.050         5
   257.369    12.703     0.050         5
   257.842    12.593     0.050         5
   258.329    12.493     0.050         5
   258.802    12.386     0.050         5
   259.278    12.282     0.050         5
   259.754    12.193     0.050         5
   260.230    12.107     0.050         5
   260.703    12.015     0.050         5
   261.179    11.940     0.050         5
   261.652    11.862     0.050         5
   262.138    11.788     0.050         5
   262.625    11.697     0.050         5
   263.111    11.633     0.050         5
   263.584    11.548     0.050         5
   264.082    11.484     0.050         5
   264.562    11.404     0.050         5
   265.053    11.318     0.050         5
   265.552    11.247     0.050         5
   266.044    11.130     0.050         5
   266.538    11.048     0.050         5
   267.024    10.967     0.050         5
   267.511    10.872     0.050         5
   267.995    10.762     0.050         5
   268.474    10.664     0.050         5
   268.955    10.547     0.050         5
   269.430    10.449     0.050         5
   269.918    10.354     0.050         5
   270.395    10.250     0.050         5
   270.877    10.136     0.050         5
   271.355    10.031     0.050         5
   271.837     9.925     0.050         5
   272.324     9.845     0.050         5
   272.810     9.742     0.050         5
   273.294     9.639     0.050         5
   273.778     9.516     0.050         5
   274.261     9.409     0.050         5
   274.748     9.273     0.050         5
   275.237     9.183     0.050         5
   275.738     9.084     0.050         5
   276.227     9.030     0.050         5
   276.729     8.933     0.050         5
   277.207     8.838     0.050         5
   277.680     8.755     0.050         5
   278.163     8.643     0.050         5
   278.650     8.532     0.050         5
   279.126     8.440     0.050         5
   279.612     8.352     0.050         5
   280.099     8.265     0.050         5
   280.578     8.173     0.050         5
   281.057     8.077     0.050         5
   281.543     7.979     0.050         5
   282.022     7.894     0.050         5
   282.498     7.800     0.050         5
   282.974     7.706     0.050         5
   283.453     7.632     0.050         5
   283.928     7.566     0.050         5
   284.404     7.467     0.050         5
   284.891     7.360     0.050         5
   285.370     7.257     0.050         5
   285.849     7.151     0.050         5
   286.327     7.040     0.050         5
   286.814     6.970     0.050         5
   287.303     6.864     0.050         5
   287.790     6.784     0.050         5
   288.263     6.688     0.050         5
   288.744     6.612     0.050         5
   289.227     6.556     0.050         5
   289.718     6.472     0.050         5
   290.202     6.411     0.050         5
   290.688     6.351     0.050         5
   291.183     6.271     0.050         5
   291.669     6.215     0.050         5
   292.145     6.140     0.050         5
   292.624     6.086     0.050         5
   293.100     5.998     0.050         5
   293.568     5.948     0.050         5
   294.033     5.912     0.050         5
   294.498     5.865     0.050         5
   294.964     5.813     0.050         5
   295.429     5.741     0.050         5
   295.883     5.708     0.050         5
   296.348     5.640     0.050         5
   296.814     5.569     0.050         5
   297.279     5.503     0.050         5
   297.736     5.449     0.050         5
   298.194     5.383     0.050         5
   298.654     5.347     0.050         5
   299.114     5.298     0.050         5
   299.575     5.226     0.050         5
   300.024     5.150     0.050         5
   300.481     5.074     0.050         5
   300.933     5.002     0.050         5
   301.382     4.946     0.050         5
   301.862     4.929     0.050         5
   302.333     4.873     0.050         5
   302.816     4.802     0.050         5
   303.286     4.726     0.050         5
   303.748     4.645     0.050         5
   304.221     4.588     0.050         5
   304.684     4.511     0.050         5
   305.159     4.406     0.050         5
   305.632     4.361     0.050         5
   306.095     4.237     0.050         5
   306.570     4.129     0.050         5
   307.046     4.013     0.050         5
   307.511     3.909     0.050         5
   307.976     3.813     0.050         5
   308.444     3.709     0.050         5
   308.912     3.639     0.050         5
   309.385     3.555     0.050         5
   309.848     3.479     0.050         5
   310.320     3.396     0.050         5
   310.793     3.286     0.050         5
   311.256     3.182     0.050         5
   311.731     3.068     0.050         5
   312.204     2.974     0.050         5
   105.892    34.576     0.050         6
   111.042    33.963     0.050         6
   116.557    33.211     0.050         6
   122.472    32.485     0.050         6
   129.576    31.578     0.050         6
   100.777    35.640     0.050         8
   101.232    35.574     0.050         8
   101.690    35.588     0.050         8
   102.148    35.458     0.050         8
   102.613    35.392     0.050         8
   103.068    35.366     0.050         8
   103.523    35.300     0.050         8
   103.988    35.271     0.050         8
   104.468    35.210     0.050         8
   104.947    35.122     0.050         8
   105.423    35.099     0.050         8
   105.892    35.017     0.050         8
   106.368    34.908     0.050         8
   106.830    34.818     0.050         8
   107.296    34.804     0.050         8
   107.769    34.662     0.050         8
   108.235    34.692     0.050         8
   108.694    34.530     0.050         8
   109.168    34.493     0.050         8
   109.641    34.391     0.050         8
   110.103    34.325     0.050         8
   110.580    34.336     0.050         8
   111.042    34.201     0.050         8
   111.505    34.162     0.050         8
   111.978    34.099     0.050         8
   112.441    34.068     0.050         8
   112.900    34.017     0.050         8
   113.352    33.934     0.050         8
   113.833    33.980     0.050         8
   114.309    33.921     0.050         8
   114.796    33.811     0.050         8
   115.280    33.777     0.050         8
   115.764    33.729     0.050         8
   116.245    33.584     0.050         8
   116.715    33.603     0.050         8
   117.188    33.518     0.050         8
   117.658    33.453     0.050         8
   118.132    33.399     0.050         8
   118.605    33.372     0.050         8
   119.081    33.278     0.050         8
   119.568    33.192     0.050         8
   120.052    33.126     0.050         8
   120.536    33.074     0.050         8
   121.023    33.035     0.050         8
   121.509    32.871     0.050         8
   121.986    32.835     0.050         8
   122.472    32.759     0.050         8
   122.959    32.694     0.050         8
   123.422    32.641     0.050         8
   123.895    32.573     0.050         8
   124.368    32.504     0.050         8
   124.837    32.436     0.050         8
   125.313    32.355     0.050         8
   125.786    32.275     0.050         8
   126.249    32.231     0.050         8
   126.722    32.156     0.050         8
   127.181    32.120     0.050         8
   127.655    32.032     0.050         8
   128.120    31.948     0.050         8
   128.607    31.877     0.050         8
   129.086    31.833     0.050         8
   129.576    31.762     0.050         8
   130.052    31.701     0.050         8
   130.528    31.651     0.050         8
   131.018    31.573     0.050         8
   131.491    31.530     0.050         8
   131.971    31.424     0.050         8
   132.457    31.449     0.050         8
   132.947    31.333     0.050         8
   133.426    31.228     0.050         8
   133.913    31.187     0.050         8
   134.400    31.126     0.050         8
   134.890    31.078     0.050         8
   135.366    31.052     0.050         8
   135.842    31.009     0.050         8
   136.308    30.944     0.050         8
   136.787    30.869     0.050         8
   137.263    30.873     0.050         8
   137.739    30.861     0.050         8
   138.215    30.819     0.050         8
   138.689    30.703     0.050         8
   139.168    30.675     0.050         8
   139.655    30.640     0.050         8
   140.128    30.527     0.050         8
   140.615    30.558     0.050         8
   141.091    30.419     0.050         8
   141.578    30.402     0.050         8
   142.064    30.252     0.050         8
   142.541    30.186     0.050         8
   143.017    30.156     0.050         8
   143.504    30.070     0.050         8
   143.987    30.036     0.050         8
   144.474    29.930     0.050         8
   144.947    29.864     0.050         8
   145.434    29.763     0.050         8
   145.918    29.693     0.050         8
   146.405    29.623     0.050         8
   146.881    29.593     0.050         8
   147.354    29.579     0.050         8
   147.841    29.449     0.050         8
   148.317    29.403     0.050         8
   148.793    29.309     0.050         8
   149.267    29.203     0.050         8
   149.746    29.225     0.050         8
   150.225    29.124     0.050         8
   150.690    29.061     0.050         8
   151.156    28.995     0.050         8
   151.624    28.957     0.050         8
   152.093    28.891     0.050         8
   221.928    18.494     0.050         8
   222.345    18.488     0.050         8
   222.775    18.536     0.050         8
   223.206    18.524     0.050         8
   223.647    18.503     0.050         8
   224.077    18.465     0.050         8
   224.518    18.443     0.050         8
   224.948    18.414     0.050         8
   225.390    18.377     0.050         8
   225.831    18.320     0.050         8
   226.275    18.256     0.050         8
   226.716    18.207     0.050         8
   227.146    18.146     0.050         8
   227.587    18.090     0.050         8
   228.028    18.023     0.050         8
   228.461    17.977     0.050         8
   228.889    17.927     0.050         8
   229.319    17.868     0.050         8
   229.746    17.812     0.050         8
   230.160    17.763     0.050         8
   230.577    17.699     0.050         8
   230.994    17.645     0.050         8
   231.424    17.583     0.050         8
   231.851    17.516     0.050         8
   232.268    17.473     0.050         8
   232.698    17.404     0.050         8
   233.126    17.333     0.050         8
   233.553    17.269     0.050         8
   233.973    17.195     0.050         8
   234.389    17.138     0.050         8
   234.809    17.062     0.050         8
   235.239    17.001     0.050         8
   235.670    16.959     0.050         8
   236.100    16.890     0.050         8
   236.523    16.816     0.050         8
   236.964    16.732     0.050         8
   237.391    16.660     0.050         8
   237.832    16.588     0.050         8
   238.273    16.524     0.050         8
   238.725    16.465     0.050         8
   239.190    16.394     0.050         8
   239.658    16.334     0.050         8
   240.134    16.264     0.050         8
   240.594    16.198     0.050         8
   241.056    16.129     0.050         8
   241.508    16.068     0.050         8
   241.970    16.004     0.050         8
   242.414    15.951     0.050         8
   242.844    15.907     0.050         8
   243.282    15.850     0.050         8
   243.717    15.790     0.050         8
   244.163    15.731     0.050         8
   244.622    15.665     0.050         8
   245.079    15.593     0.050         8
   245.538    15.517     0.050         8
   245.976    15.446     0.050         8
   246.431    15.380     0.050         8
   246.888    15.308     0.050         8
   247.367    15.224     0.050         8
   247.836    15.129     0.050         8
   248.298    15.029     0.050         8
   248.771    14.957     0.050         8
   249.236    14.867     0.050         8
   249.709    14.797     0.050         8
   250.164    14.709     0.050         8
   250.632    14.629     0.050         8
   251.103    14.546     0.050         8
   251.575    14.459     0.050         8
   252.046    14.368     0.050         8
   252.528    14.276     0.050         8
   253.010    14.202     0.050         8
   253.481    14.113     0.050         8
   253.946    14.018     0.050         8
   254.416    13.930     0.050         8
   254.878    13.846     0.050         8
   255.348    13.762     0.050         8
   255.811    13.678     0.050         8
   256.273    13.590     0.050         8
   256.735    13.520     0.050         8
   257.208    13.433     0.050         8
   257.681    13.334     0.050         8
   258.168    13.203     0.050         8
   258.641    13.100     0.050         8
   259.117    13.025     0.050         8
   259.593    12.940     0.050         8
   260.069    12.856     0.050         8
   260.552    12.760     0.050         8
   261.014    12.730     0.050         8
   261.490    12.611     0.050         8
   261.977    12.541     0.050         8
   262.461    12.460     0.050         8
   263.273    12.318     0.050         8
   263.746    12.283     0.050         8
   264.243    12.206     0.050         8
   264.734    12.132     0.050         8
   265.222    12.072     0.050         8
   265.714    12.002     0.050         8
   266.205    11.942     0.050         8
   266.699    11.873     0.050         8
   267.186    11.818     0.050         8
   267.672    11.741     0.050         8
   268.159    11.644     0.050         8
   268.638    11.572     0.050         8
   269.120    11.495     0.050         8
   269.597    11.419     0.050         8
   270.074    11.342     0.050         8
   270.559    11.239     0.050         8
   271.041    11.152     0.050         8
   271.520    11.058     0.050         8
   271.999    10.966     0.050         8
   272.488    10.861     0.050         8
   273.133    10.731     0.050         8
   273.939    10.574     0.050         8
   274.587    10.457     0.050         8
   275.073    10.339     0.050         8
   312.817     2.874     0.050        10
   313.293     2.775     0.050        10
   313.755     2.669     0.050        10
   314.220     2.552     0.050        10
   314.693     2.444     0.050        10
   318.781     1.000     0.000         0
   319.276     1.028     0.050         1
   319.746     1.196     0.050         1
   320.219     1.391     0.050         1
   320.684     1.660     0.050         1
   321.139     1.908     0.050         1
   318.954     1.719     0.050         3
   319.427     1.758     0.050         3
   319.908     1.838     0.050         3
   324.360     3.161     0.050         5
   324.825     3.235     0.050         5
   325.287     3.351     0.050         5
   325.760     3.472     0.050         5
   326.233     3.585     0.050         5
   326.692     3.694     0.050         5
   327.165     3.795     0.050         5
   327.638     3.901     0.050         5
   328.108     3.995     0.050         5
   328.585     4.102     0.050         5
   329.050     4.196     0.050         5
   329.506     4.282     0.050         5
   329.971     4.408     0.050         5
   330.436     4.504     0.050         5
   330.904     4.588     0.050         5
   331.372     4.708     0.050         5
   331.829     4.807     0.050         5
   332.297     4.917     0.050         5
   332.768     5.010     0.050         5
   333.226     5.095     0.050         5
   333.675     5.190     0.050         5
   334.133     5.310     0.050         5
   334.590     5.420     0.050         5
   335.373     5.612     0.050         5
   336.328     5.852     0.050         5
   337.452     6.103     0.050         5
   339.202     6.385     0.050         5
   340.772     6.618     0.050         5
   342.686     6.887     0.050         5
   344.773     7.205     0.050         5
   346.990     7.567     0.050         5
   349.208     7.934     0.050         5
   350.953     8.236     0.050         5
   352.067     8.451     0.050         5
   331.525     5.054     0.050         7
   333.368     5.389     0.050         7
   335.852     5.817     0.050         7
   338.246     6.250     0.050         7
   340.306     6.611     0.050         7
   342.522     6.908     0.050         7
   321.905     2.309     0.050        10
   322.370     2.525     0.050        10
   322.835     2.689     0.050        10
   323.300     2.865     0.050        10
   323.755     2.995     0.050        10
   324.769    -1.000     0.000         0
   322.056     2.054     0.050         1
   322.521     1.793     0.050         1
   322.986     1.568     0.050         1
   323.451     1.389     0.050         1
   323.905     1.247     0.050         1
   324.358     1.172     0.050         1
   324.696     1.141     0.050         1
   323.301     1.740     0.050         2
   323.755     1.635     0.050         2
   324.208     1.567     0.050         2
   324.665     1.529     0.050         2
   323.301     1.991     0.050         3
   323.755     1.942     0.050         3
   324.208     1.934     0.050         3
   324.665     1.933     0.050         3
   250.785    15.041     0.050         5
   255.810    14.023     0.050         5
   259.116    13.405     0.050         5
   263.906    12.496     0.050         5
   277.048     9.774     0.050         5
   278.649     9.445     0.050         5
   281.217     8.918     0.050         5
   284.890     8.175     0.050         5
   287.789     7.631     0.050         5
   289.388     7.347     0.050         5
   290.366     7.237     0.050         5
   291.830     7.039     0.050         5
   293.253     6.903     0.050         5
   294.347     6.785     0.050         5
   295.579     6.646     0.050         5
   296.964     6.457     0.050         5
   298.500     6.239     0.050         5
   299.873     6.061     0.050         5
   300.481     5.992     0.050         5
   300.933     5.931     0.050         5
   301.542     5.862     0.050         5
   302.171     5.781     0.050         5
   302.816     5.711     0.050         5
   303.436     5.624     0.050         5
   303.909     5.577     0.050         5
   304.371     5.495     0.050         5
   304.998     5.409     0.050         5
   305.471     5.326     0.050         5
   306.094     5.203     0.050         5
   306.570     5.137     0.050         5
   307.046     5.057     0.050         5
   307.511     4.981     0.050         5
   307.976     4.913     0.050         5
   308.444     4.833     0.050         5
   308.912     4.753     0.050         5
   309.385     4.665     0.050         5
   309.847     4.600     0.050         5
   310.320     4.507     0.050         5
   310.793     4.423     0.050         5
   311.255     4.353     0.050         5
   311.731     4.262     0.050         5
   312.204     4.164     0.050         5
   312.666     4.083     0.050         5
   313.131     4.026     0.050         5
   313.604     3.958     0.050         5
   314.069     3.866     0.050         5
   314.531     3.781     0.050         5
   315.004     3.686     0.050         5
   315.467     3.599     0.050         5
   315.929     3.529     0.050         5
   316.405     3.436     0.050         5
   316.877     3.347     0.050         5
   317.350     3.252     0.050         5
   317.834     3.161     0.050         5
   318.320     3.065     0.050         5
   318.793     2.980     0.050         5
   319.277     2.898     0.050         5
   232.698    18.201     0.050         8
   236.813    17.606     0.050         8
   239.970    17.088     0.050         8
   243.717    16.553     0.050         8
   247.986    15.861     0.050         8
   252.045    15.126     0.050         8
   256.272    14.323     0.050         8
   260.702    13.474     0.050         8
   320.220     2.705     0.050        10
   320.835     2.523     0.050        10
   321.451     2.300     0.050        10
   324.769     1.000     0.000         0
   325.128     1.187     0.050         1
   325.599     1.310     0.050         1
   326.071     1.484     0.050         1
   326.544     1.704     0.050         1
   327.003     1.959     0.050         1
   327.476     2.219     0.050         1
   325.128     1.586     0.050         2
   325.599     1.665     0.050         2
   326.071     1.825     0.050         2
   325.288     1.981     0.050         3
   325.760     2.040     0.050         3
   326.232     2.119     0.050         3
   326.691     2.244     0.050         3
   331.054     3.455     0.050         5
   331.675     3.575     0.050         5
   332.146     3.676     0.050         5
   332.921     3.855     0.050         5
   333.368     3.985     0.050         5
   333.825     4.095     0.050         5
   334.283     4.230     0.050         5
   334.740     4.330     0.050         5
   335.222     4.458     0.050         5
   335.687     4.584     0.050         5
   336.166     4.686     0.050         5
   336.645     4.820     0.050         5
   337.134     4.949     0.050         5
   337.606     5.056     0.050         5
   338.095     5.154     0.050         5
   338.557     5.247     0.050         5
   339.041     5.335     0.050         5
   339.513     5.421     0.050         5
   339.983     5.524     0.050         5
   340.453     5.594     0.050         5
   340.933     5.664     0.050         5
   341.403     5.749     0.050         5
   341.882     5.807     0.050         5
   342.360     5.870     0.050         5
   342.839     5.940     0.050         5
   343.329     6.013     0.050         5
   343.818     6.105     0.050         5
   344.294     6.177     0.050         5
   344.772     6.261     0.050         5
   345.251     6.345     0.050         5
   345.727     6.438     0.050         5
   346.203     6.493     0.050         5
   346.679     6.581     0.050         5
   347.154     6.670     0.050         5
   347.622     6.762     0.050         5
   348.091     6.843     0.050         5
   348.572     6.916     0.050         5
   349.044     6.984     0.050         5
   349.519     7.091     0.050         5
   350.003     7.177     0.050         5
   350.483     7.268     0.050         5
   350.953     7.362     0.050         5
   351.433     7.458     0.050         5
   351.906     7.529     0.050         5
   352.392     7.618     0.050         5
   352.865     7.689     0.050         5
   353.330     7.757     0.050         5
   353.806     7.814     0.050         5
   354.271     7.888     0.050         5
   354.739     7.976     0.050         5
   355.215     8.064     0.050         5
   355.683     8.127     0.050         5
   356.148     8.167     0.050         5
   356.624     8.288     0.050         5
   357.102     8.376     0.050         5
   357.578     8.467     0.050         5
   358.057     8.557     0.050         5
   358.536     8.637     0.050         5
   359.014     8.738     0.050         5
   359.504     8.835     0.050         5
   359.979     8.936     0.050         5
   360.609     9.066     0.050         5
   361.095     9.150     0.050         5
   361.581     9.268     0.050         5
   362.043     9.377     0.050         5
   362.519     9.437     0.050         5
   363.005     9.588     0.050         5
   363.499     9.702     0.050         5
   363.986     9.811     0.050         5
   365.109    10.084     0.050         5
   365.910    10.351     0.050         5
   367.015    10.535     0.050         5
   328.265     2.648     0.050        10
   328.733     2.776     0.050        10
   329.197     2.939     0.050        10
   329.670     3.080     0.050        10
   330.124     3.233     0.050        10
   330.766    -1.000     0.000         0
   325.759     3.441     0.050         1
   326.232     3.143     0.050         1
   326.692     2.877     0.050         1
   327.164     2.590     0.050         1
   327.637     2.349     0.050         1
   328.107     2.146     0.050         1
   328.585     1.938     0.050         1
   329.049     1.746     0.050         1
   329.505     1.581     0.050         1
   329.969     1.462     0.050         1
   330.433     1.407     0.050         1
   329.969     1.754     0.050         2
   330.433     1.731     0.050         2
   328.891     2.189     0.050         3
   329.358     2.084     0.050         3
   329.819     2.004     0.050         3
   330.284     1.969     0.050         3
   330.728     1.947     0.050         3
   244.163    16.959     0.050         5
   245.387    16.752     0.050         5
   246.584    16.585     0.050         5
   247.203    16.491     0.050         5
   247.835    16.353     0.050         5
   248.609    16.189     0.050         5
   249.085    16.094     0.050         5
   250.163    15.908     0.050         5
   251.256    15.710     0.050         5
   252.045    15.552     0.050         5
   253.009    15.366     0.050         5
   254.257    15.104     0.050         5
   255.187    14.905     0.050         5
   255.810    14.765     0.050         5
   256.584    14.601     0.050         5
   257.519    14.408     0.050         5
   258.006    14.298     0.050         5
   258.479    14.188     0.050         5
   258.966    14.093     0.050         5
   259.439    14.001     0.050         5
   259.914    13.915     0.050         5
   260.702    13.768     0.050         5
   261.178    13.666     0.050         5
   261.651    13.560     0.050         5
   262.138    13.470     0.050         5
   262.624    13.390     0.050         5
   263.111    13.307     0.050         5
   263.584    13.251     0.050         5
   264.081    13.179     0.050         5
   264.562    13.108     0.050         5
   265.053    13.047     0.050         5
   265.552    12.950     0.050         5
   266.043    12.880     0.050         5
   266.538    12.812     0.050         5
   267.024    12.726     0.050         5
   267.511    12.609     0.050         5
   267.994    12.498     0.050         5
   268.473    12.375     0.050         5
   268.955    12.292     0.050         5
   269.429    12.204     0.050         5
   269.917    12.105     0.050         5
   270.394    12.009     0.050         5
   270.876    11.915     0.050         5
   271.355    11.829     0.050         5
   271.837    11.709     0.050         5
   272.323    11.605     0.050         5
   272.810    11.513     0.050         5
   273.293    11.408     0.050         5
   273.777    11.294     0.050         5
   274.261    11.196     0.050         5
   274.747    11.068     0.050         5
   275.237    10.939     0.050         5
   275.737    10.816     0.050         5
   276.226    10.684     0.050         5
   276.728    10.593     0.050         5
   277.206    10.507     0.050         5
   277.679    10.422     0.050         5
   278.163    10.327     0.050         5
   278.649    10.207     0.050         5
   279.125    10.119     0.050         5
   279.612    10.037     0.050         5
   280.098     9.935     0.050         5
   280.577     9.866     0.050         5
   281.217     9.761     0.050         5
   281.696     9.669     0.050         5
   282.172     9.586     0.050         5
   282.648     9.470     0.050         5
   283.127     9.381     0.050         5
   283.602     9.309     0.050         5
   284.089     9.223     0.050         5
   284.565     9.111     0.050         5
   285.369     8.938     0.050         5
   285.848     8.870     0.050         5
   286.327     8.758     0.050         5
   286.813     8.668     0.050         5
   287.303     8.590     0.050         5
   287.789     8.502     0.050         5
   288.262     8.419     0.050         5
   288.743     8.340     0.050         5
   289.226     8.274     0.050         5
   290.040     8.156     0.050         5
   290.527     8.104     0.050         5
   291.021     8.031     0.050         5
   291.505     7.958     0.050         5
   291.994     7.877     0.050         5
   292.470     7.831     0.050         5
   292.949     7.769     0.050         5
   293.414     7.717     0.050         5
   293.882     7.655     0.050         5
   294.347     7.597     0.050         5
   294.812     7.562     0.050         5
   295.278     7.504     0.050         5
   295.732     7.467     0.050         5
   296.194     7.398     0.050         5
   296.662     7.346     0.050         5
   297.117     7.282     0.050         5
   297.582     7.221     0.050         5
   298.039     7.174     0.050         5
   298.500     7.111     0.050         5
   298.960     7.065     0.050         5
   299.420     7.031     0.050         5
   299.873     6.963     0.050         5
   300.330     6.900     0.050         5
   300.782     6.848     0.050         5
   301.230     6.810     0.050         5
   301.700     6.748     0.050         5
   302.170     6.744     0.050         5
   302.654     6.688     0.050         5
   303.127     6.643     0.050         5
   303.597     6.545     0.050         5
   304.059     6.493     0.050         5
   304.532     6.422     0.050         5
   304.997     6.367     0.050         5
   305.470     6.293     0.050         5
   305.943     6.229     0.050         5
   306.419     6.113     0.050         5
   306.884     6.033     0.050         5
   307.349     5.956     0.050         5
   307.814     5.889     0.050         5
   308.290     5.814     0.050         5
   308.758     5.730     0.050         5
   309.223     5.635     0.050         5
   309.696     5.594     0.050         5
   310.158     5.557     0.050         5
   310.631     5.486     0.050         5
   311.104     5.398     0.050         5
   311.566     5.318     0.050         5
   312.042     5.242     0.050         5
   312.504     5.181     0.050         5
   312.977     5.095     0.050         5
   313.442     5.022     0.050         5
   314.069     4.930     0.050         5
   314.531     4.858     0.050         5
   315.004     4.762     0.050         5
   315.466     4.690     0.050         5
   315.928     4.608     0.050         5
   316.404     4.515     0.050         5
   316.877     4.420     0.050         5
   317.350     4.325     0.050         5
   317.833     4.256     0.050         5
   318.320     4.163     0.050         5
   318.793     4.083     0.050         5
   319.276     4.030     0.050         5
   319.746     3.948     0.050         5
   320.219     3.829     0.050         5
   320.684     3.759     0.050         5
   321.139     3.697     0.050         5
   321.604     3.618     0.050         5
   322.055     3.558     0.050         5
   322.520     3.474     0.050         5
   322.986     3.380     0.050         5
   323.451     3.296     0.050         5
   323.905     3.215     0.050         5
   324.359     3.100     0.050         5
   324.824     2.996     0.050         5
   228.167    19.623     0.050         8
   231.423    19.153     0.050         8
   234.252    18.722     0.050         8
   236.522    18.338     0.050         8
   239.504    17.846     0.050         8
   242.704    17.438     0.050         8
   246.734    16.766     0.050         8
   250.317    16.137     0.050         8
   253.795    15.474     0.050         8
   256.735    14.892     0.050         8
   258.640    14.534     0.050         8
   261.812    13.957     0.050         8
   265.222    13.488     0.050         8
   269.596    12.809     0.050         8
   274.099    11.950     0.050         8
   278.649    11.149     0.050         8
   282.812    10.457     0.050         8
   330.766     1.000     0.000         0
   330.905     1.408     0.050         1
   331.371     1.486     0.050         1
   331.828     1.613     0.050         1
   332.297     1.787     0.050         1
   332.768     1.987     0.050         1
   333.226     2.202     0.050         1
   333.676     2.466     0.050         1
   334.134     2.690     0.050         1
   334.592     2.938     0.050         1
   335.060     3.249     0.050         1
   335.536     3.554     0.050         1
   330.905     1.736     0.050         2
   331.055     1.962     0.050         3
   331.525     2.042     0.050         3
   331.993     2.172     0.050         3
   346.204     5.399     0.050         5
   346.679     5.471     0.050         5
   347.155     5.560     0.050         5
   348.256     5.735     0.050         5
   349.520     6.005     0.050         5
   350.645     6.217     0.050         5
   351.906     6.433     0.050         5
   353.016     6.630     0.050         5
   354.271     6.846     0.050         5
   355.683     7.070     0.050         5
   356.939     7.315     0.050         5
   358.057     7.503     0.050         5
   359.819     7.906     0.050         5
   361.096     8.175     0.050         5
   362.208     8.404     0.050         5
   363.167     8.634     0.050         5
   364.631     8.973     0.050         5
   365.749     9.297     0.050         5
   366.865     9.555     0.050         5
   368.292     9.840     0.050         5
   369.236    10.000     0.050         5
   370.338    10.147     0.050         5
   371.595    10.343     0.050         5
   372.852    10.497     0.050         5
   373.814    10.600     0.050         5
   375.418    10.769     0.050         5
   376.706    10.911     0.050         5
   377.678    11.026     0.050         5
   378.501    11.112     0.050         5
   379.466    11.219     0.050         5
   380.431    11.272     0.050         5
   381.552    11.353     0.050         5
   382.657    11.392     0.050         5
   334.592     2.809     0.050        10
   335.060     2.988     0.050        10
   335.536     3.123     0.050        10
   336.004     3.232     0.050        10
   336.493     3.338     0.050        10
   336.972     3.462     0.050        10
   337.454     3.542     0.050        10
   337.933     3.662     0.050        10
   338.409     3.752     0.050        10
   338.881     3.876     0.050        10
   339.354     3.953     0.050        10
   340.145     4.141     0.050        10
   340.615     4.225     0.050        10
   334.906     3.104     0.050        30
   335.375     3.284     0.050        30
   335.854     3.451     0.050        30
   336.329     3.628     0.050        30
   336.808     3.793     0.050        30
   337.290     3.952     0.050        30
   337.772     4.107     0.050        30
   338.248     4.263     0.050        30
   336.632    -1.000     0.000         0
   333.071     2.693     0.050         1
   333.521     2.476     0.050         1
   333.979     2.235     0.050         1
   334.437     1.993     0.050         1
   334.905     1.795     0.050         1
   335.373     1.662     0.050         1
   335.852     1.562     0.050         1
   336.327     1.486     0.050         1
   335.223     2.126     0.050         2
   335.688     1.986     0.050         2
   336.167     1.955     0.050         2
   336.618     1.965     0.050         2
   334.905     2.299     0.050         3
   335.373     2.202     0.050         3
   335.852     2.163     0.050         3
   336.327     2.144     0.050         3
   262.786    14.380     0.050         5
   263.745    14.220     0.050         5
   265.053    13.987     0.050         5
   266.205    13.801     0.050         5
   267.185    13.635     0.050         5
   268.637    13.300     0.050         5
   269.750    13.064     0.050         5
   271.205    12.755     0.050         5
   272.488    12.497     0.050         5
   273.294    12.335     0.050         5
   274.422    12.108     0.050         5
   275.412    11.925     0.050         5
   276.399    11.715     0.050         5
   277.206    11.565     0.050         5
   278.002    11.415     0.050         5
   278.975    11.199     0.050         5
   280.263    10.958     0.050         5
   281.217    10.781     0.050         5
   282.172    10.597     0.050         5
   283.127    10.412     0.050         5
   284.089    10.227     0.050         5
   285.044    10.009     0.050         5
   286.013     9.825     0.050         5
   287.139     9.624     0.050         5
   287.790     9.503     0.050         5
   288.743     9.343     0.050         5
   289.388     9.235     0.050         5
   290.040     9.179     0.050         5
   291.182     8.998     0.050         5
   291.994     8.862     0.050         5
   293.253     8.708     0.050         5
   294.183     8.634     0.050         5
   295.114     8.537     0.050         5
   296.044     8.426     0.050         5
   296.663     8.347     0.050         5
   297.117     8.346     0.050         5
   297.583     8.268     0.050         5
   298.040     8.231     0.050         5
   298.501     8.182     0.050         5
   298.961     8.124     0.050         5
   299.421     8.051     0.050         5
   299.874     7.979     0.050         5
   300.332     7.881     0.050         5
   300.783     7.846     0.050         5
   301.232     7.803     0.050         5
   301.702     7.768     0.050         5
   302.172     7.735     0.050         5
   302.655     7.665     0.050         5
   303.128     7.616     0.050         5
   303.598     7.563     0.050         5
   304.060     7.510     0.050         5
   304.533     7.428     0.050         5
   304.998     7.395     0.050         5
   305.471     7.316     0.050         5
   305.944     7.250     0.050         5
   306.420     7.173     0.050         5
   306.885     7.091     0.050         5
   307.350     7.023     0.050         5
   307.815     6.953     0.050         5
   308.291     6.916     0.050         5
   308.759     6.852     0.050         5
   309.225     6.779     0.050         5
   309.697     6.707     0.050         5
   310.160     6.643     0.050         5
   310.632     6.600     0.050         5
   311.105     6.551     0.050         5
   311.568     6.476     0.050         5
   312.043     6.406     0.050         5
   312.506     6.328     0.050         5
   312.978     6.271     0.050         5
   313.444     6.218     0.050         5
   313.906     6.158     0.050         5
   314.382     6.088     0.050         5
   314.844     6.008     0.050         5
   315.317     5.901     0.050         5
   315.779     5.817     0.050         5
   316.241     5.754     0.050         5
   316.717     5.677     0.050         5
   317.200     5.616     0.050         5
   317.673     5.539     0.050         5
   318.160     5.464     0.050         5
   318.632     5.392     0.050         5
   319.116     5.324     0.050         5
   319.589     5.254     0.050         5
   320.058     5.199     0.050         5
   320.524     5.114     0.050         5
   320.989     5.032     0.050         5
   321.451     4.981     0.050         5
   321.905     4.902     0.050         5
   322.371     4.821     0.050         5
   322.836     4.765     0.050         5
   323.301     4.661     0.050         5
   323.755     4.573     0.050         5
   324.210     4.486     0.050         5
   324.672     4.395     0.050         5
   325.126     4.318     0.050         5
   325.599     4.200     0.050         5
   326.072     4.109     0.050         5
   326.545     4.031     0.050         5
   327.004     3.969     0.050         5
   327.477     3.846     0.050         5
   327.946     3.748     0.050         5
   328.423     3.661     0.050         5
   328.889     3.579     0.050         5
   329.355     3.491     0.050         5
   329.817     3.417     0.050         5
   330.282     3.333     0.050         5
   330.747     3.260     0.050         5
   331.205     3.191     0.050         5
   240.895    18.457     0.050         8
   242.120    18.273     0.050         8
   243.132    18.150     0.050         8
   244.313    17.974     0.050         8
   245.387    17.826     0.050         8
   246.430    17.657     0.050         8
   247.203    17.522     0.050         8
   249.236    17.167     0.050         8
   250.471    16.920     0.050         8
   251.410    16.751     0.050         8
   252.199    16.606     0.050         8
   252.845    16.485     0.050         8
   253.946    16.268     0.050         8
   255.187    16.032     0.050         8
   255.810    15.902     0.050         8
   256.434    15.772     0.050         8
   257.369    15.622     0.050         8
   258.006    15.482     0.050         8
   258.641    15.345     0.050         8
   259.278    15.237     0.050         8
   259.915    15.120     0.050         8
   260.864    14.954     0.050         8
   261.977    14.802     0.050         8
   262.625    14.720     0.050         8
   263.434    14.604     0.050         8
   264.734    14.445     0.050         8
   265.552    14.330     0.050         8
   266.376    14.209     0.050         8
   267.185    14.103     0.050         8
   268.320    13.898     0.050         8
   269.276    13.716     0.050         8
   270.394    13.496     0.050         8
   271.998    13.189     0.050         8
   272.971    12.990     0.050         8
   274.261    12.696     0.050         8
   275.573    12.417     0.050         8
   276.729    12.219     0.050         8
   277.679    12.059     0.050         8
   278.649    11.899     0.050         8
   279.612    11.745     0.050         8
   280.577    11.585     0.050         8
   281.543    11.452     0.050         8
   282.333    11.309     0.050         8
   283.452    11.151     0.050         8
   285.044    10.893     0.050         8
   293.718     9.912     0.050         8
   295.278     9.784     0.050         8
   296.964     9.724     0.050         8
   329.967     3.682     0.050        30
   330.432     3.540     0.050        30
   330.900     3.409     0.050        30
   331.369     3.273     0.050        30
   331.827     3.131     0.050        30
   336.632     1.000     0.000         0
   337.134     1.552     0.050         1
   337.606     1.668     0.050         1
   338.095     1.830     0.050         1
   338.557     2.013     0.050         1
   339.040     2.231     0.050         1
   339.513     2.479     0.050         1
   337.134     2.021     0.050         2
   337.606     2.129     0.050         2
   336.970     2.150     0.050         3
   337.452     2.223     0.050         3
   343.329     3.916     0.050         5
   343.818     4.004     0.050         5
   344.294     4.071     0.050         5
   344.773     4.151     0.050         5
   345.251     4.240     0.050         5
   345.727     4.320     0.050         5
   346.203     4.390     0.050         5
   346.679     4.484     0.050         5
   347.154     4.561     0.050         5
   347.622     4.634     0.050         5
   348.090     4.729     0.050         5
   348.572     4.817     0.050         5
   349.043     4.887     0.050         5
   349.519     4.976     0.050         5
   350.003     5.090     0.050         5
   350.483     5.160     0.050         5
   350.953     5.235     0.050         5
   351.433     5.311     0.050         5
   351.906     5.444     0.050         5
   352.392     5.551     0.050         5
   352.865     5.639     0.050         5
   353.330     5.738     0.050         5
   353.806     5.834     0.050         5
   354.271     5.932     0.050         5
   354.739     6.025     0.050         5
   355.215     6.090     0.050         5
   355.683     6.184     0.050         5
   356.148     6.265     0.050         5
   356.624     6.344     0.050         5
   357.102     6.431     0.050         5
   357.578     6.559     0.050         5
   358.057     6.653     0.050         5
   358.535     6.779     0.050         5
   359.014     6.856     0.050         5
   359.504     6.977     0.050         5
   359.979     7.104     0.050         5
   360.444     7.203     0.050         5
   360.934     7.303     0.050         5
   361.420     7.394     0.050         5
   361.893     7.520     0.050         5
   362.358     7.613     0.050         5
   362.841     7.722     0.050         5
   363.338     7.848     0.050         5
   363.825     7.951     0.050         5
   364.308     8.145     0.050         5
   364.794     8.246     0.050         5
   365.270     8.414     0.050         5
   365.749     8.568     0.050         5
   366.225     8.744     0.050         5
   366.700     8.847     0.050         5
   367.176     8.932     0.050         5
   367.655     9.044     0.050         5
   368.130     9.131     0.050         5
   368.606     9.217     0.050         5
   369.071     9.313     0.050         5
   369.550     9.384     0.050         5
   370.023     9.469     0.050         5
   370.498     9.543     0.050         5
   370.971     9.572     0.050         5
   371.444     9.669     0.050         5
   371.906     9.715     0.050         5
   372.379     9.810     0.050         5
   373.174     9.851     0.050         5
   374.289     9.965     0.050         5
   375.104    10.057     0.050         5
   375.743    10.117     0.050         5
   376.544    10.222     0.050         5
   377.356    10.293     0.050         5
   378.167    10.348     0.050         5
   379.465    10.434     0.050         5
   380.430    10.519     0.050         5
   381.227    10.564     0.050         5
   381.866    10.554     0.050         5
   382.496    10.592     0.050         5
   383.125    10.632     0.050         5
   383.751    10.692     0.050         5
   342.678    -1.000     0.000         0
   338.718     2.891     0.050         1
   339.202     2.608     0.050         1
   339.674     2.335     0.050         1
   340.145     2.065     0.050         1
   340.615     1.849     0.050         1
   341.092     1.637     0.050         1
   341.568     1.478     0.050         1
   342.047     1.336     0.050         1
   342.522     1.269     0.050         1
   341.092     2.271     0.050         2
   341.568     2.173     0.050         2
   342.047     2.111     0.050         2
   342.522     2.051     0.050         2
   339.352     2.885     0.050         3
   339.833     2.723     0.050         3
   340.306     2.573     0.050         3
   340.773     2.467     0.050         3
   341.254     2.425     0.050         3
   341.719     2.362     0.050         3
   342.197     2.323     0.050         3
   342.656     2.270     0.050         3
   253.795    17.133     0.050         5
   254.878    16.917     0.050         5
   256.434    16.598     0.050         5
   257.842    16.304     0.050         5
   259.278    15.982     0.050         5
   260.391    15.798     0.050         5
   261.652    15.586     0.050         5
   262.947    15.378     0.050         5
   264.734    15.110     0.050         5
   266.699    14.755     0.050         5
   268.638    14.405     0.050         5
   269.918    14.094     0.050         5
   271.837    13.684     0.050         5
   273.133    13.418     0.050         5
   274.587    13.122     0.050         5
   276.227    12.803     0.050         5
   277.680    12.518     0.050         5
   279.287    12.242     0.050         5
   281.056    11.875     0.050         5
   282.498    11.602     0.050         5
   284.240    11.228     0.050         5
   286.174    10.863     0.050         5
   288.421    10.404     0.050         5
   288.905    10.329     0.050         5
   289.388    10.263     0.050         5
   289.879    10.198     0.050         5
   290.366    10.158     0.050         5
   290.850    10.074     0.050         5
   291.344    10.020     0.050         5
   291.830     9.967     0.050         5
   292.309     9.918     0.050         5
   292.785     9.875     0.050         5
   293.253     9.792     0.050         5
   293.718     9.717     0.050         5
   294.184     9.678     0.050         5
   294.649     9.631     0.050         5
   295.114     9.596     0.050         5
   295.579     9.527     0.050         5
   296.044     9.483     0.050         5
   296.499     9.456     0.050         5
   296.964     9.398     0.050         5
   297.432     9.328     0.050         5
   297.890     9.271     0.050         5
   298.358     9.186     0.050         5
   298.808     9.166     0.050         5
   299.268     9.121     0.050         5
   299.728     9.059     0.050         5
   300.178     9.030     0.050         5
   300.633     8.993     0.050         5
   301.084     8.925     0.050         5
   301.543     8.863     0.050         5
   302.021     8.836     0.050         5
   302.494     8.815     0.050         5
   302.967     8.750     0.050         5
   303.437     8.678     0.050         5
   303.910     8.618     0.050         5
   304.372     8.562     0.050         5
   304.845     8.520     0.050         5
   305.321     8.458     0.050         5
   305.783     8.394     0.050         5
   306.259     8.309     0.050         5
   306.732     8.264     0.050         5
   307.197     8.165     0.050         5
   307.662     8.075     0.050         5
   308.130     7.997     0.050         5
   308.598     7.954     0.050         5
   309.074     7.867     0.050         5
   309.536     7.806     0.050         5
   310.009     7.766     0.050         5
   310.482     7.703     0.050         5
   310.944     7.643     0.050         5
   311.417     7.571     0.050         5
   311.882     7.524     0.050         5
   312.355     7.449     0.050         5
   312.817     7.399     0.050         5
   313.293     7.330     0.050         5
   313.755     7.267     0.050         5
   314.220     7.210     0.050         5
   314.693     7.147     0.050         5
   315.156     7.080     0.050         5
   315.628     7.000     0.050         5
   316.091     6.969     0.050         5
   316.556     6.891     0.050         5
   317.039     6.833     0.050         5
   317.512     6.773     0.050         5
   317.996     6.705     0.050         5
   318.794     6.573     0.050         5
   319.277     6.493     0.050         5
   319.747     6.407     0.050         5
   320.220     6.351     0.050         5
   320.685     6.302     0.050         5
   321.140     6.242     0.050         5
   321.605     6.189     0.050         5
   322.056     6.120     0.050         5
   322.521     6.067     0.050         5
   322.987     5.986     0.050         5
   323.452     5.919     0.050         5
   323.906     5.872     0.050         5
   324.361     5.813     0.050         5
   324.826     5.725     0.050         5
   325.288     5.641     0.050         5
   325.761     5.571     0.050         5
   326.234     5.483     0.050         5
   326.693     5.402     0.050         5
   327.166     5.350     0.050         5
   327.638     5.266     0.050         5
   328.108     5.168     0.050         5
   328.585     5.117     0.050         5
   329.049     5.033     0.050         5
   329.505     4.965     0.050         5
   329.970     4.908     0.050         5
   330.435     4.832     0.050         5
   330.903     4.741     0.050         5
   331.372     4.652     0.050         5
   331.829     4.566     0.050         5
   332.298     4.456     0.050         5
   332.769     4.394     0.050         5
   333.226     4.337     0.050         5
   333.676     4.260     0.050         5
   227.005    21.741     0.050         8
   229.028    21.459     0.050         8
   230.856    21.163     0.050         8
   232.845    20.839     0.050         8
   234.669    20.560     0.050         8
   236.382    20.251     0.050         8
   238.273    19.960     0.050         8
   239.970    19.705     0.050         8
   240.593    19.609     0.050         8
   243.419    19.187     0.050         8
   245.689    18.818     0.050         8
   247.986    18.408     0.050         8
   249.236    18.173     0.050         8
   250.939    17.845     0.050         8
   252.845    17.459     0.050         8
   254.416    17.164     0.050         8
   255.972    16.886     0.050         8
   258.802    16.353     0.050         8
   260.864    16.064     0.050         8
   263.745    15.652     0.050         8
   265.882    15.313     0.050         8
   267.995    14.900     0.050         8
   269.918    14.564     0.050         8
   272.488    14.120     0.050         8
   274.912    13.609     0.050         8
   277.368    13.172     0.050         8
   279.773    12.747     0.050         8
   282.648    12.226     0.050         8
   285.205    11.794     0.050         8
   286.814    11.526     0.050         8
   342.678     1.000     0.000         0
   342.842     1.304     0.050         1
   343.330     1.384     0.050         1
   343.819     1.530     0.050         1
   344.295     1.712     0.050         1
   344.773     1.931     0.050         1
   345.252     2.218     0.050         1
   345.728     2.511     0.050         1
   346.204     2.786     0.050         1
   343.001     2.076     0.050         2
   343.491     2.148     0.050         2
   342.842     2.270     0.050         3
   343.330     2.289     0.050         3
   343.819     2.346     0.050         3
   344.295     2.420     0.050         3
   344.773     2.524     0.050         3
   348.256     3.541     0.050         5
   348.727     3.644     0.050         5
   349.209     3.772     0.050         5
   349.682     3.888     0.050         5
   350.165     4.005     0.050         5
   350.645     4.153     0.050         5
   351.114     4.293     0.050         5
   351.584     4.404     0.050         5
   352.067     4.518     0.050         5
   352.554     4.626     0.050         5
   353.016     4.727     0.050         5
   353.491     4.821     0.050         5
   353.957     4.895     0.050         5
   354.425     4.959     0.050         5
   354.900     5.003     0.050         5
   355.369     5.112     0.050         5
   355.834     5.198     0.050         5
   356.312     5.353     0.050         5
   356.788     5.412     0.050         5
   357.264     5.524     0.050         5
   357.743     5.621     0.050         5
   358.211     5.719     0.050         5
   358.700     5.802     0.050         5
   359.179     5.938     0.050         5
   359.665     6.058     0.050         5
   360.130     6.221     0.050         5
   360.609     6.327     0.050         5
   361.096     6.444     0.050         5
   361.582     6.559     0.050         5
   362.044     6.685     0.050         5
   362.520     6.779     0.050         5
   363.006     6.874     0.050         5
   363.500     7.008     0.050         5
   363.986     7.105     0.050         5
   364.470     7.249     0.050         5
   364.945     7.414     0.050         5
   365.424     7.570     0.050         5
   365.910     7.699     0.050         5
   366.386     7.868     0.050         5
   366.865     7.998     0.050         5
   367.341     8.090     0.050         5
   367.816     8.189     0.050         5
   368.292     8.258     0.050         5
   368.760     8.349     0.050         5
   369.236     8.444     0.050         5
   369.711     8.547     0.050         5
   370.187     8.651     0.050         5
   370.660     8.702     0.050         5
   371.122     8.763     0.050         5
   371.595     8.812     0.050         5
   372.067     8.920     0.050         5
   372.529     8.961     0.050         5
   373.013     8.998     0.050         5
   373.488     9.041     0.050         5
   373.978     9.098     0.050         5
   374.453     9.133     0.050         5
   374.943     9.218     0.050         5
   375.418     9.363     0.050         5
   375.908     9.409     0.050         5
   376.384     9.476     0.050         5
   376.870     9.502     0.050         5
   377.356     9.543     0.050         5
   377.843     9.579     0.050         5
   378.329     9.640     0.050         5
   378.826     9.704     0.050         5
   379.302     9.748     0.050         5
   379.791     9.751     0.050         5
   380.270     9.755     0.050         5
   381.388     9.765     0.050         6
   382.342     9.723     0.050         6
   383.905     9.801     0.050         6
   385.467     9.937     0.050         6
   387.327    10.208     0.050         6
   389.345    10.503     0.050         6
   345.626    -1.000     0.000         0
   341.567     2.897     0.050         1
   342.046     2.637     0.050         1
   342.522     2.394     0.050         1
   343.001     2.104     0.050         1
   343.490     1.818     0.050         1
   343.980     1.589     0.050         1
   344.459     1.422     0.050         1
   344.927     1.322     0.050         1
   345.402     1.271     0.050         1
   344.459     2.114     0.050         2
   344.927     2.035     0.050         2
   345.402     2.019     0.050         2
   343.654     2.400     0.050         3
   344.133     2.324     0.050         3
   344.612     2.273     0.050         3
   345.091     2.247     0.050         3
   345.564     2.204     0.050         3
   277.048    13.019     0.050         5
   279.612    12.549     0.050         5
   281.857    12.123     0.050         5
   284.404    11.653     0.050         5
   286.488    11.255     0.050         5
   288.262    10.917     0.050         5
   289.879    10.666     0.050         5
   291.669    10.433     0.050         5
   293.099    10.230     0.050         5
   293.882    10.157     0.050         5
   294.648    10.095     0.050         5
   295.579    10.001     0.050         5
   296.044     9.943     0.050         5
   296.498     9.883     0.050         5
   296.964     9.816     0.050         5
   297.432     9.756     0.050         5
   297.889     9.685     0.050         5
   298.358     9.661     0.050         5
   298.807     9.600     0.050         5
   299.268     9.549     0.050         5
   299.728     9.500     0.050         5
   300.178     9.425     0.050         5
   300.632     9.360     0.050         5
   301.084     9.316     0.050         5
   301.543     9.268     0.050         5
   302.021     9.226     0.050         5
   302.494     9.177     0.050         5
   302.967     9.115     0.050         5
   303.437     9.059     0.050         5
   303.909     9.003     0.050         5
   304.372     8.958     0.050         5
   304.845     8.902     0.050         5
   305.320     8.865     0.050         5
   305.783     8.801     0.050         5
   306.258     8.742     0.050         5
   306.731     8.695     0.050         5
   307.196     8.618     0.050         5
   307.662     8.515     0.050         5
   308.130     8.432     0.050         5
   308.598     8.365     0.050         5
   309.074     8.290     0.050         5
   309.536     8.219     0.050         5
   310.009     8.185     0.050         5
   310.482     8.121     0.050         5
   310.944     8.044     0.050         5
   311.417     7.968     0.050         5
   311.882     7.886     0.050         5
   312.355     7.831     0.050         5
   312.817     7.782     0.050         5
   313.293     7.729     0.050         5
   313.755     7.668     0.050         5
   314.220     7.597     0.050         5
   314.693     7.523     0.050         5
   315.155     7.463     0.050         5
   315.628     7.401     0.050         5
   316.090     7.366     0.050         5
   316.555     7.288     0.050         5
   317.039     7.240     0.050         5
   317.512     7.153     0.050         5
   317.995     7.085     0.050         5
   318.482     7.046     0.050         5
   318.954     6.971     0.050         5
   319.427     6.912     0.050         5
   319.908     6.890     0.050         5
   320.370     6.819     0.050         5
   320.835     6.754     0.050         5
   321.300     6.685     0.050         5
   321.755     6.637     0.050         5
   322.206     6.579     0.050         5
   322.671     6.515     0.050         5
   323.150     6.447     0.050         5
   323.605     6.383     0.050         5
   324.056     6.310     0.050         5
   324.511     6.250     0.050         5
   324.976     6.174     0.050         5
   325.449     6.102     0.050         5
   325.921     6.026     0.050         5
   326.384     5.943     0.050         5
   326.853     5.868     0.050         5
   327.326     5.792     0.050         5
   327.799     5.715     0.050         5
   328.265     5.631     0.050         5
   328.732     5.559     0.050         5
   329.196     5.478     0.050         5
   329.668     5.405     0.050         5
   330.123     5.338     0.050         5
   330.588     5.277     0.050         5
   331.053     5.200     0.050         5
   331.524     5.126     0.050         5
   331.993     5.056     0.050         5
   332.450     5.013     0.050         5
   332.921     4.937     0.050         5
   230.159    21.631     0.050         8
   231.283    21.485     0.050         8
   232.697    21.261     0.050         8
   233.972    21.041     0.050         8
   234.668    20.925     0.050         8
   236.522    20.621     0.050         8
   238.423    20.288     0.050         8
   240.295    20.014     0.050         8
   241.668    19.794     0.050         8
   242.704    19.652     0.050         8
   243.856    19.464     0.050         8
   245.078    19.276     0.050         8
   246.584    19.016     0.050         8
   247.835    18.791     0.050         8
   250.013    18.369     0.050         8
   251.256    18.148     0.050         8
   252.845    17.834     0.050         8
   254.096    17.582     0.050         8
   256.584    17.102     0.050         8
   258.167    16.799     0.050         8
   260.229    16.398     0.050         8
   261.812    16.134     0.050         8
   263.272    15.881     0.050         8
   264.734    15.637     0.050         8
   267.024    15.266     0.050         8
   268.473    15.014     0.050         8
   270.876    14.588     0.050         8
   272.323    14.311     0.050         8
   273.294    14.147     0.050         8
   274.261    13.966     0.050         8
   275.737    13.706     0.050         8
   277.048    13.482     0.050         8
   278.001    13.305     0.050         8
   278.975    13.137     0.050         8
   281.381    12.708     0.050         8
   283.127    12.440     0.050         8
   284.404    12.237     0.050         8
   288.101    11.625     0.050         8
   336.167     4.354     0.050        10
   336.645     4.279     0.050        10
   337.135     4.173     0.050        10
   337.606     4.050     0.050        10
   338.095     3.944     0.050        10
   338.557     3.807     0.050        10
   339.041     3.710     0.050        10
   339.514     3.570     0.050        10
   339.984     3.441     0.050        10
   345.626     1.000     0.000         0
   346.038     1.307     0.050         1
   346.514     1.420     0.050         1
   346.990     1.574     0.050         1
   347.469     1.782     0.050         1
   347.937     2.040     0.050         1
   348.408     2.347     0.050         1
   348.890     2.625     0.050         1
   345.727     2.032     0.050         2
   346.202     2.079     0.050         2
   345.727     2.213     0.050         3
   346.202     2.236     0.050         3
   346.678     2.306     0.050         3
   347.154     2.403     0.050         3
   347.622     2.511     0.050         3
   353.956     4.331     0.050         5
   355.053     4.540     0.050         5
   355.833     4.697     0.050         5
   356.623     4.849     0.050         5
   357.102     4.951     0.050         5
   357.578     5.063     0.050         5
   358.057     5.142     0.050         5
   358.535     5.247     0.050         5
   359.014     5.370     0.050         5
   359.503     5.485     0.050         5
   359.979     5.602     0.050         5
   360.444     5.725     0.050         5
   360.934     5.850     0.050         5
   361.420     5.964     0.050         5
   361.893     6.075     0.050         5
   362.358     6.166     0.050         5
   362.841     6.290     0.050         5
   363.338     6.412     0.050         5
   363.824     6.541     0.050         5
   364.308     6.700     0.050         5
   364.794     6.867     0.050         5
   365.270     7.016     0.050         5
   365.749     7.171     0.050         5
   366.224     7.303     0.050         5
   366.700     7.424     0.050         5
   367.176     7.541     0.050         5
   367.655     7.625     0.050         5
   368.130     7.739     0.050         5
   368.606     7.846     0.050         5
   369.071     7.921     0.050         5
   369.550     8.001     0.050         5
   370.022     8.095     0.050         5
   370.498     8.172     0.050         5
   370.971     8.247     0.050         5
   371.444     8.325     0.050         5
   371.906     8.395     0.050         5
   372.378     8.440     0.050         5
   372.851     8.507     0.050         5
   373.337     8.546     0.050         5
   373.813     8.602     0.050         5
   374.289     8.661     0.050         5
   374.778     8.729     0.050         5
   375.267     8.826     0.050         5
   375.743     8.925     0.050         5
   376.219     8.994     0.050         5
   376.705     9.061     0.050         5
   377.192     9.089     0.050         5
   377.678     9.125     0.050         5
   378.167     9.183     0.050         5
   378.664     9.210     0.050         5
   379.140     9.217     0.050         5
   379.951     9.245     0.050         6
   381.226     9.205     0.050         6
   382.495     9.182     0.050         6
   383.751     9.229     0.050         6
   385.466     9.414     0.050         6
   387.326     9.784     0.050         6
   349.519     2.954     0.050        10
   350.003     3.122     0.050        10
   350.483     3.301     0.050        10
   350.952     3.494     0.050        10
   351.433     3.653     0.050        10
   351.906     3.848     0.050        10
   348.590    -1.000     0.000         0
   345.729     2.230     0.050         1
   346.204     1.994     0.050         1
   346.680     1.784     0.050         1
   347.156     1.580     0.050         1
   347.624     1.428     0.050         1
   348.092     1.359     0.050         1
   348.566     1.316     0.050         1
   347.470     1.913     0.050         2
   347.939     1.837     0.050         2
   348.409     1.819     0.050         2
   346.841     2.449     0.050         3
   347.309     2.404     0.050         3
   347.788     2.411     0.050         3
   348.256     2.411     0.050         3
   261.813    16.383     0.050         5
   262.300    16.311     0.050         5
   262.786    16.226     0.050         5
   263.273    16.151     0.050         5
   263.746    16.085     0.050         5
   264.243    16.012     0.050         5
   264.734    15.939     0.050         5
   265.384    15.869     0.050         5
   266.377    15.712     0.050         5
   267.347    15.533     0.050         5
   267.995    15.406     0.050         5
   268.638    15.270     0.050         5
   269.751    15.042     0.050         5
   270.713    14.806     0.050         5
   271.356    14.653     0.050         5
   271.999    14.518     0.050         5
   272.650    14.377     0.050         5
   273.456    14.202     0.050         5
   273.939    14.117     0.050         5
   274.423    14.019     0.050         5
   274.912    13.908     0.050         5
   275.413    13.799     0.050         5
   275.902    13.709     0.050         5
   276.399    13.624     0.050         5
   276.888    13.537     0.050         5
   277.368    13.457     0.050         5
   277.841    13.367     0.050         5
   278.325    13.276     0.050         5
   278.811    13.169     0.050         5
   279.287    13.077     0.050         5
   279.774    12.995     0.050         5
   280.263    12.907     0.050         5
   280.739    12.807     0.050         5
   281.218    12.718     0.050         5
   281.697    12.630     0.050         5
   282.173    12.531     0.050         5
   282.649    12.428     0.050         5
   283.128    12.344     0.050         5
   283.604    12.250     0.050         5
   284.241    12.134     0.050         5
   285.045    11.978     0.050         5
   286.174    11.755     0.050         5
   287.140    11.553     0.050         5
   288.263    11.337     0.050         5
   289.389    11.144     0.050         5
   289.880    11.075     0.050         5
   290.850    10.935     0.050         5
   291.670    10.820     0.050         5
   292.310    10.736     0.050         5
   292.950    10.656     0.050         5
   293.415    10.615     0.050         5
   293.883    10.557     0.050         5
   294.348    10.525     0.050         5
   294.964    10.472     0.050         5
   295.429    10.412     0.050         5
   295.884    10.364     0.050         5
   296.349    10.294     0.050         5
   296.814    10.223     0.050         5
   297.279    10.184     0.050         5
   297.737    10.132     0.050         5
   298.194    10.065     0.050         5
   298.655    10.023     0.050         5
   299.115    10.002     0.050         5
   299.576     9.939     0.050         5
   300.026     9.882     0.050         5
   300.483     9.829     0.050         5
   300.935     9.781     0.050         5
   301.383     9.706     0.050         5
   301.864     9.695     0.050         5
   302.334     9.655     0.050         5
   302.817     9.587     0.050         5
   303.287     9.538     0.050         5
   303.749     9.462     0.050         5
   304.222     9.385     0.050         5
   304.684     9.333     0.050         5
   305.160     9.306     0.050         5
   305.633     9.243     0.050         5
   306.095     9.177     0.050         5
   306.571     9.122     0.050         5
   307.047     9.055     0.050         5
   307.512     8.964     0.050         5
   307.977     8.886     0.050         5
   308.445     8.806     0.050         5
   308.914     8.726     0.050         5
   309.386     8.673     0.050         5
   309.849     8.618     0.050         5
   310.322     8.572     0.050         5
   310.794     8.520     0.050         5
   311.257     8.457     0.050         5
   311.732     8.369     0.050         5
   312.205     8.296     0.050         5
   312.667     8.232     0.050         5
   313.133     8.180     0.050         5
   313.605     8.157     0.050         5
   314.071     8.089     0.050         5
   314.533     8.019     0.050         5
   315.156     7.921     0.050         5
   315.629     7.875     0.050         5
   316.406     7.754     0.050         5
   317.351     7.619     0.050         5
   318.160     7.512     0.050         5
   318.955     7.409     0.050         5
   319.589     7.341     0.050         5
   320.371     7.245     0.050         5
   320.836     7.193     0.050         5
   321.301     7.134     0.050         5
   322.057     7.050     0.050         5
   322.522     6.990     0.050         5
   323.151     6.902     0.050         5
   323.606     6.834     0.050         5
   324.057     6.793     0.050         5
   324.512     6.732     0.050         5
   324.977     6.667     0.050         5
   325.449     6.615     0.050         5
   326.073     6.534     0.050         5
   326.854     6.422     0.050         5
   327.800     6.285     0.050         5
   328.424     6.196     0.050         5
   329.357     6.054     0.050         5
   330.435     5.901     0.050         5
   331.372     5.764     0.050         5
   230.857    22.029     0.050         8
   231.561    21.927     0.050         8
   232.558    21.763     0.050         8
   233.266    21.650     0.050         8
   234.113    21.514     0.050         8
   235.239    21.324     0.050         8
   235.810    21.213     0.050         8
   236.673    21.053     0.050         8
   238.123    20.804     0.050         8
   239.344    20.611     0.050         8
   240.296    20.475     0.050         8
   241.207    20.346     0.050         8
   241.820    20.259     0.050         8
   242.995    20.079     0.050         8
   244.461    19.835     0.050         8
   245.538    19.661     0.050         8
   246.584    19.483     0.050         8
   247.671    19.287     0.050         8
   248.610    19.112     0.050         8
   249.710    18.901     0.050         8
   250.940    18.673     0.050         8
   252.046    18.456     0.050         8
   253.796    18.131     0.050         8
   255.188    17.849     0.050         8
   256.435    17.594     0.050         8
   257.843    17.316     0.050         8
   259.278    17.050     0.050         8
   260.703    16.795     0.050         8
   262.139    16.567     0.050         8
   263.434    16.384     0.050         8
   264.243    16.294     0.050         8
   335.853     5.030     0.050        10
   336.646     4.903     0.050        10
   337.289     4.782     0.050        10
   337.771     4.678     0.050        10
   338.247     4.576     0.050        10
   338.720     4.475     0.050        10
   339.203     4.374     0.050        10
   339.676     4.255     0.050        10
   340.146     4.152     0.050        10
   340.773     4.001     0.050        10
   341.404     3.844     0.050        10
   341.883     3.733     0.050        10
   342.840     3.499     0.050        29
   343.330     3.284     0.050        29
   343.819     3.053     0.050        29
   344.295     2.853     0.050        29
   344.774     2.696     0.050        29
   339.676     5.262     0.050        30
   340.146     5.065     0.050        30
   340.615     4.835     0.050        30
   341.092     4.628     0.050        30
   341.568     4.426     0.050        30
   342.047     4.239     0.050        30
   342.523     4.002     0.050        30
   348.590     1.000     0.000         0
   349.046     1.366     0.050         1
   349.521     1.496     0.050         1
   350.003     1.622     0.050         1
   350.484     1.837     0.050         1
   350.953     2.113     0.050         1
   348.892     1.833     0.050         2
   349.360     1.893     0.050         2
   349.046     2.397     0.050         3
   349.521     2.454     0.050         3
   350.003     2.548     0.050         3
   354.901     3.743     0.050         5
   355.530     3.943     0.050         5
   356.463     4.183     0.050         5
   357.264     4.423     0.050         5
   357.896     4.599     0.050         5
   358.536     4.776     0.050         5
   359.179     4.937     0.050         5
   359.665     5.067     0.050         5
   360.130     5.183     0.050         5
   360.609     5.301     0.050         5
   361.096     5.413     0.050         5
   361.582     5.529     0.050         5
   362.044     5.648     0.050         5
   362.520     5.768     0.050         5
   363.006     5.889     0.050         5
   363.500     6.014     0.050         5
   363.987     6.156     0.050         5
   364.470     6.296     0.050         5
   364.946     6.452     0.050         5
   365.424     6.625     0.050         5
   365.911     6.800     0.050         5
   366.386     6.931     0.050         5
   366.865     7.045     0.050         5
   367.341     7.131     0.050         5
   367.817     7.237     0.050         5
   368.292     7.338     0.050         5
   369.387     7.594     0.050         5
   370.187     7.744     0.050         5
   370.972     7.837     0.050         5
   371.595     7.935     0.050         5
   372.379     8.026     0.050         5
   372.852     8.073     0.050         5
   373.653     8.150     0.050         5
   374.290     8.204     0.050         5
   374.779     8.305     0.050         5
   375.583     8.416     0.050         5
   376.384     8.565     0.050         5
   377.031     8.626     0.050         5
   377.518     8.681     0.050         5
   378.004     8.732     0.050         5
   378.501     8.783     0.050         5
   379.141     8.851     0.050         5
   380.595     8.833     0.050         5
   382.343     8.795     0.050         5
   384.849     8.902     0.050         5
   387.943     9.335     0.050         5
   352.554     2.877     0.050        29
   353.017     3.056     0.050        29
   353.492     3.261     0.050        29
   353.957     3.448     0.050        29
   355.834     4.352     0.050        30
   356.313     4.540     0.050        30
   356.788     4.716     0.050        30
   357.264     4.886     0.050        30
   357.743     5.050     0.050        30
   358.211     5.214     0.050        30
   358.700     5.454     0.050        30
   359.179     5.639     0.050        30
   359.665     5.843     0.050        30
   360.130     6.045     0.050        30
   360.609     6.211     0.050        30
   361.096     6.392     0.050        30
   361.582     6.555     0.050        30
   362.044     6.695     0.050        30
   362.520     6.911     0.050        30
   363.006     7.102     0.050        30
   363.500     7.288     0.050        30
   363.987     7.455     0.050        30
   351.584    -1.000     0.000         0
   348.092     2.525     0.050         1
   348.573     2.274     0.050         1
   349.044     2.016     0.050         1
   349.519     1.787     0.050         1
   350.003     1.595     0.050         1
   350.484     1.430     0.050         1
   350.954     1.319     0.050         1
   351.433     1.257     0.050         1
   348.573     2.867     0.050         3
   349.208     2.779     0.050         3
   349.680     2.721     0.050         3
   350.164     2.693     0.050         3
   350.645     2.693     0.050         3
   351.115     2.679     0.050         3
   351.566     2.660     0.050         3
   279.126    13.656     0.050         5
   279.612    13.574     0.050         5
   280.099    13.484     0.050         5
   280.578    13.407     0.050         5
   281.056    13.309     0.050         5
   281.858    13.153     0.050         5
   282.334    13.053     0.050         5
   282.812    12.976     0.050         5
   283.288    12.878     0.050         5
   283.764    12.787     0.050         5
   284.240    12.674     0.050         5
   284.730    12.567     0.050         5
   285.206    12.463     0.050         5
   285.684    12.361     0.050         5
   286.174    12.270     0.050         5
   286.653    12.167     0.050         5
   287.139    12.041     0.050         5
   287.626    11.941     0.050         5
   288.102    11.875     0.050         5
   288.582    11.830     0.050         5
   289.066    11.778     0.050         5
   289.557    11.697     0.050         5
   290.041    11.630     0.050         5
   290.527    11.564     0.050         5
   291.021    11.505     0.050         5
   291.505    11.445     0.050         5
   291.994    11.392     0.050         5
   292.470    11.335     0.050         5
   292.949    11.291     0.050         5
   293.414    11.245     0.050         5
   293.883    11.201     0.050         5
   294.348    11.145     0.050         5
   294.813    11.089     0.050         5
   295.278    11.066     0.050         5
   295.733    11.012     0.050         5
   296.195    10.962     0.050         5
   296.663    10.889     0.050         5
   297.279    10.832     0.050         5
   297.736    10.782     0.050         5
   298.194    10.729     0.050         5
   298.808    10.648     0.050         5
   299.268    10.592     0.050         5
   299.729    10.552     0.050         5
   300.179    10.483     0.050         5
   300.784    10.429     0.050         5
   301.232    10.373     0.050         5
   301.702    10.333     0.050         5
   302.172    10.287     0.050         5
   302.656    10.233     0.050         5
   303.128    10.169     0.050         5
   303.598    10.099     0.050         5
   304.061    10.063     0.050         5
   304.533    10.001     0.050         5
   304.999     9.943     0.050         5
   305.471     9.870     0.050         5
   305.944     9.807     0.050         5
   306.420     9.737     0.050         5
   307.047     9.662     0.050         5
   307.512     9.572     0.050         5
   307.977     9.510     0.050         5
   308.445     9.465     0.050         5
   308.913     9.380     0.050         5
   309.386     9.313     0.050         5
   309.848     9.274     0.050         5
   310.321     9.207     0.050         5
   310.794     9.151     0.050         5
   311.256     9.087     0.050         5
   311.732     9.032     0.050         5
   312.205     8.967     0.050         5
   312.667     8.895     0.050         5
   313.132     8.848     0.050         5
   313.605     8.790     0.050         5
   314.070     8.728     0.050         5
   314.532     8.665     0.050         5
   315.005     8.595     0.050         5
   315.467     8.535     0.050         5
   315.930     8.463     0.050         5
   316.405     8.409     0.050         5
   316.878     8.346     0.050         5
   317.351     8.279     0.050         5
   317.835     8.218     0.050         5
   318.321     8.162     0.050         5
   318.794     8.105     0.050         5
   319.277     8.051     0.050         5
   319.747     7.995     0.050         5
   320.220     7.941     0.050         5
   320.685     7.881     0.050         5
   321.140     7.829     0.050         5
   321.605     7.779     0.050         5
   322.056     7.719     0.050         5
   322.521     7.663     0.050         5
   322.987     7.620     0.050         5
   323.452     7.560     0.050         5
   323.906     7.500     0.050         5
   324.361     7.444     0.050         5
   324.826     7.397     0.050         5
   325.288     7.342     0.050         5
   325.761     7.272     0.050         5
   326.234     7.206     0.050         5
   326.693     7.136     0.050         5
   327.165     7.069     0.050         5
   327.638     6.996     0.050         5
   328.108     6.920     0.050         5
   328.585     6.853     0.050         5
   329.049     6.773     0.050         5
   329.505     6.707     0.050         5
   329.970     6.638     0.050         5
   330.589     6.536     0.050         5
   331.675     6.370     0.050         5
   333.226     6.137     0.050         5
   334.133     6.001     0.050         5
   335.535     5.771     0.050         5
   241.206    20.892     0.050         8
   241.669    20.816     0.050         8
   242.120    20.749     0.050         8
   242.553    20.688     0.050         8
   242.994    20.623     0.050         8
   243.419    20.569     0.050         8
   243.857    20.518     0.050         8
   244.313    20.432     0.050         8
   244.770    20.358     0.050         8
   245.240    20.275     0.050         8
   245.688    20.206     0.050         8
   246.129    20.136     0.050         8
   246.584    20.075     0.050         8
   247.052    19.996     0.050         8
   247.520    19.912     0.050         8
   247.986    19.812     0.050         8
   248.459    19.719     0.050         8
   248.921    19.635     0.050         8
   249.397    19.541     0.050         8
   249.859    19.467     0.050         8
   250.317    19.375     0.050         8
   250.785    19.289     0.050         8
   251.256    19.204     0.050         8
   251.728    19.103     0.050         8
   252.199    19.010     0.050         8
   252.681    18.922     0.050         8
   253.174    18.823     0.050         8
   253.634    18.733     0.050         8
   254.097    18.637     0.050         8
   254.567    18.535     0.050         8
   255.037    18.450     0.050         8
   255.499    18.355     0.050         8
   255.972    18.261     0.050         8
   256.434    18.164     0.050         8
   256.897    18.066     0.050         8
   257.369    17.955     0.050         8
   257.842    17.844     0.050         8
   258.329    17.747     0.050         8
   258.802    17.653     0.050         8
   259.278    17.577     0.050         8
   259.754    17.499     0.050         8
   260.230    17.427     0.050         8
   260.703    17.359     0.050         8
   261.179    17.304     0.050         8
   261.652    17.251     0.050         8
   262.138    17.179     0.050         8
   262.625    17.118     0.050         8
   263.111    17.050     0.050         8
   263.584    16.993     0.050         8
   264.082    16.932     0.050         8
   264.562    16.874     0.050         8
   265.053    16.815     0.050         8
   265.552    16.733     0.050         8
   266.044    16.655     0.050         8
   266.538    16.571     0.050         8
   267.024    16.475     0.050         8
   267.511    16.392     0.050         8
   267.995    16.297     0.050         8
   268.473    16.195     0.050         8
   268.955    16.088     0.050         8
   269.430    15.990     0.050         8
   269.918    15.894     0.050         8
   270.395    15.791     0.050         8
   270.877    15.692     0.050         8
   271.356    15.621     0.050         8
   271.837    15.518     0.050         8
   272.324    15.400     0.050         8
   272.811    15.335     0.050         8
   273.294    15.243     0.050         8
   273.778    15.167     0.050         8
   274.261    15.063     0.050         8
   274.748    14.960     0.050         8
   275.237    14.845     0.050         8
   275.738    14.748     0.050         8
   276.557    14.643     0.050         8
   277.048    14.580     0.050         8
   277.841    14.446     0.050         8
   278.975    14.206     0.050         8
   279.448    14.143     0.050         8
   279.935    14.081     0.050         8
   280.413    13.996     0.050         8
   280.892    13.928     0.050         8
   281.382    13.829     0.050         8
   281.858    13.754     0.050         8
   282.334    13.648     0.050         8
   282.812    13.576     0.050         8
   283.288    13.472     0.050         8
   283.764    13.390     0.050         8
   284.240    13.310     0.050         8
   284.891    13.212     0.050         8
   285.370    13.138     0.050         8
   286.327    13.001     0.050         8
   287.139    12.892     0.050         8
   287.790    12.798     0.050         8
   288.263    12.759     0.050         8
   289.227    12.638     0.050         8
   290.366    12.490     0.050         8
   291.344    12.392     0.050         8
   292.309    12.287     0.050         8
   292.949    12.237     0.050         8
   293.718    12.175     0.050         8
   294.348    12.131     0.050         8
   294.964    12.097     0.050         8
   295.579    12.036     0.050         8
   296.195    11.990     0.050         8
   296.663    11.963     0.050         8
   297.118    11.925     0.050         8
   297.736    11.847     0.050         8
   298.501    11.771     0.050         8
   299.575    11.675     0.050         8
   300.179    11.629     0.050         8
   344.927     3.852     0.050         9
   345.564     3.616     0.050         9
   346.040     3.379     0.050         9
   334.437     6.117     0.050        10
   334.906     6.021     0.050        10
   335.374     5.920     0.050        10
   335.853     5.809     0.050        10
   336.328     5.705     0.050        10
   336.807     5.596     0.050        10
   337.289     5.492     0.050        10
   337.771     5.386     0.050        10
   338.246     5.298     0.050        10
   338.719     5.207     0.050        10
   339.203     5.090     0.050        10
   339.675     4.982     0.050        10
   340.145     4.886     0.050        10
   340.615     4.794     0.050        10
   341.092     4.681     0.050        10
   341.568     4.575     0.050        10
   342.047     4.470     0.050        10
   342.523     4.375     0.050        10
   343.001     4.273     0.050        10
   351.584     1.000     0.000         0
   352.068     1.334     0.050         1
   352.554     1.468     0.050         1
   353.016     1.625     0.050         1
   353.492     1.846     0.050         1
   353.957     2.079     0.050         1
   354.425     2.370     0.050         1
   351.907     2.674     0.050         3
   352.393     2.696     0.050         3
   352.866     2.756     0.050         3
   353.331     2.807     0.050         3
   353.806     2.873     0.050         3
   361.259     4.763     0.050         5
   361.732     4.934     0.050         5
   362.208     5.074     0.050         5
   362.680     5.187     0.050         5
   363.167     5.310     0.050         5
   363.664     5.434     0.050         5
   364.147     5.589     0.050         5
   364.631     5.762     0.050         5
   365.109     5.949     0.050         5
   365.585     6.129     0.050         5
   366.064     6.267     0.050         5
   366.539     6.397     0.050         5
   367.015     6.515     0.050         5
   367.491     6.606     0.050         5
   367.967     6.713     0.050         5
   368.445     6.828     0.050         5
   368.921     6.931     0.050         5
   369.386     7.032     0.050         5
   369.862     7.142     0.050         5
   370.338     7.230     0.050         5
   370.810     7.298     0.050         5
   371.283     7.374     0.050         5
   371.756     7.446     0.050         5
   372.218     7.515     0.050         5
   372.690     7.563     0.050         5
   373.174     7.608     0.050         5
   373.652     7.657     0.050         5
   374.139     7.721     0.050         5
   374.615     7.774     0.050         5
   375.418     8.152     0.050         6
   376.706     8.257     0.050         6
   377.678     8.343     0.050         6
   378.826     8.415     0.050         6
   379.952     8.382     0.050         6
   380.595     8.324     0.050         6
   381.388     8.280     0.050         6
   382.181     8.338     0.050         6
   382.971     8.351     0.050         6
   384.066     8.447     0.050         6
   385.163     8.585     0.050         6
   386.096     8.723     0.050         6
   387.163     8.899     0.050         6
   388.558     9.177     0.050         6
   389.821     9.398     0.050         6
   390.758     9.591     0.050         6
   392.011     9.873     0.050         6
   393.617    10.141     0.050         6
   355.530     2.875     0.050        10
   355.998     3.017     0.050        10
   356.463     3.155     0.050        10
   356.938     3.296     0.050        10
   357.417     3.438     0.050        10
   357.896     3.593     0.050        10
   358.375     3.757     0.050        10
   358.861     3.931     0.050        10
   359.340     4.113     0.050        10
   359.819     4.278     0.050        10
   360.294     4.447     0.050        10
   354.535    -1.000     0.000         0
   352.068     1.988     0.050         1
   352.554     1.743     0.050         1
   353.016     1.527     0.050         1
   353.492     1.381     0.050         1
   353.957     1.262     0.050         1
   354.424     1.201     0.050         1
   352.866     2.648     0.050         3
   353.331     2.548     0.050         3
   353.806     2.464     0.050         3
   354.271     2.429     0.050         3
   319.277     8.584     0.050         5
   319.747     8.526     0.050         5
   320.220     8.473     0.050         5
   320.685     8.428     0.050         5
   321.140     8.352     0.050         5
   321.605     8.289     0.050         5
   322.056     8.244     0.050         5
   322.521     8.201     0.050         5
   322.987     8.139     0.050         5
   323.452     8.099     0.050         5
   323.906     8.046     0.050         5
   324.361     7.986     0.050         5
   324.826     7.948     0.050         5
   325.288     7.874     0.050         5
   325.761     7.802     0.050         5
   326.234     7.725     0.050         5
   326.693     7.681     0.050         5
   327.165     7.621     0.050         5
   327.638     7.551     0.050         5
   328.108     7.458     0.050         5
   328.585     7.414     0.050         5
   329.049     7.350     0.050         5
   329.505     7.283     0.050         5
   329.970     7.206     0.050         5
   330.435     7.155     0.050         5
   330.903     7.071     0.050         5
   331.372     7.024     0.050         5
   331.829     6.968     0.050         5
   332.297     6.905     0.050         5
   332.769     6.853     0.050         5
   333.226     6.775     0.050         5
   333.827     6.679     0.050         5
   334.284     6.593     0.050         5
   334.742     6.514     0.050         5
   335.223     6.425     0.050         5
   335.688     6.371     0.050         5
   336.167     6.314     0.050         5
   336.646     6.237     0.050         5
   337.135     6.099     0.050         5
   337.606     6.008     0.050         5
   338.096     5.919     0.050         5
   338.558     5.863     0.050         5
   339.041     5.765     0.050         5
   339.834     5.599     0.050         5
   340.773     5.428     0.050         5
   341.568     5.279     0.050         5
   342.523     5.089     0.050         5
   343.330     4.933     0.050         5
   344.295     4.711     0.050         5
   344.927     4.566     0.050         5
   345.728     4.388     0.050         5
   270.238    16.693     0.050         8
   271.355    16.499     0.050         8
   272.649    16.238     0.050         8
   273.455    16.064     0.050         8
   274.422    15.863     0.050         8
   275.237    15.686     0.050         8
   276.557    15.457     0.050         8
   278.650    15.134     0.050         8
   280.099    14.905     0.050         8
   281.056    14.738     0.050         8
   281.858    14.598     0.050         8
   282.498    14.492     0.050         8
   283.288    14.362     0.050         8
   284.090    14.226     0.050         8
   285.044    14.064     0.050         8
   286.013    13.895     0.050         8
   286.978    13.729     0.050         8
   287.790    13.585     0.050         8
   288.905    13.396     0.050         8
   289.879    13.247     0.050         8
   290.850    13.106     0.050         8
   291.669    12.988     0.050         8
   292.309    12.907     0.050         8
   293.253    12.779     0.050         8
   294.184    12.663     0.050         8
   294.964    12.603     0.050         8
   295.733    12.549     0.050         8
   296.195    12.501     0.050         8
   296.663    12.450     0.050         8
   297.118    12.399     0.050         8
   297.583    12.347     0.050         8
   298.040    12.305     0.050         8
   298.501    12.266     0.050         8
   298.961    12.235     0.050         8
   299.422    12.169     0.050         8
   299.875    12.118     0.050         8
   300.332    12.059     0.050         8
   300.784    12.003     0.050         8
   343.330     5.481     0.050        10
   343.819     5.270     0.050        10
   344.295     5.079     0.050        10
   344.774     4.883     0.050        10
   345.252     4.704     0.050        10
   345.728     4.529     0.050        10
   346.204     4.354     0.050        10
   346.680     4.192     0.050        10
   347.155     4.019     0.050        10
   347.624     3.847     0.050        10
   348.092     3.675     0.050        10
   348.573     3.458     0.050        10
   349.044     3.257     0.050        10
   349.520     3.060     0.050        10
   350.003     2.894     0.050        10
   354.535     1.000     0.000         0
   355.054     1.277     0.050         1
   355.530     1.408     0.050         1
   355.998     1.568     0.050         1
   356.463     1.831     0.050         1
   354.740     2.420     0.050         3
   355.215     2.410     0.050         3
   355.683     2.453     0.050         3
   356.148     2.500     0.050         3
   364.308     4.968     0.050         5
   364.795     5.153     0.050         5
   365.270     5.311     0.050         5
   365.749     5.496     0.050         5
   366.225     5.640     0.050         5
   366.701     5.805     0.050         5
   367.176     5.897     0.050         5
   367.655     6.027     0.050         5
   368.131     6.127     0.050         5
   368.606     6.228     0.050         5
   369.072     6.317     0.050         5
   369.550     6.410     0.050         5
   370.023     6.534     0.050         5
   370.499     6.627     0.050         5
   370.971     6.717     0.050         5
   371.444     6.772     0.050         5
   371.906     6.839     0.050         5
   372.379     6.918     0.050         5
   372.852     6.985     0.050         5
   373.338     7.024     0.050         5
   373.814     7.075     0.050         5
   374.289     7.122     0.050         5
   374.779     7.208     0.050         5
   375.268     7.288     0.050         5
   375.744     7.340     0.050         5
   376.219     7.422     0.050         5
   376.706     7.502     0.050         5
   377.192     7.547     0.050         5
   377.842     7.825     0.050         6
   378.665     7.845     0.050         6
   379.302     7.830     0.050         6
   380.105     7.809     0.050         6
   380.745     7.756     0.050         6
   381.552     7.744     0.050         6
   382.342     7.760     0.050         6
   383.286     7.792     0.050         6
   384.219     7.829     0.050         6
   385.316     7.939     0.050         6
   386.558     8.147     0.050         6
   387.781     8.379     0.050         6
   389.184     8.719     0.050         6
   390.447     8.997     0.050         6
   391.860     9.249     0.050         6
   392.808     9.339     0.050         6
   357.896     2.483     0.050        10
   358.375     2.701     0.050        10
   358.861     2.933     0.050        10
   359.340     3.092     0.050        10
   359.819     3.291     0.050        10
   360.294     3.477     0.050        10
   360.770     3.668     0.050        10
   361.259     3.855     0.050        10
   361.732     4.020     0.050        10
   362.208     4.207     0.050        10
   362.680     4.389     0.050        10
   363.167     4.556     0.050        10
   357.449    -1.000     0.000         0
   354.901     2.032     0.050         1
   355.369     1.812     0.050         1
   355.834     1.637     0.050         1
   356.313     1.470     0.050         1
   356.788     1.336     0.050         1
   357.263     1.285     0.050         1
   355.683     2.044     0.050         3
   356.149     1.946     0.050         3
   357.103     1.849     0.050         3
   306.420    10.578     0.050         5
   308.598    10.293     0.050         5
   311.256     9.985     0.050         5
   313.293     9.724     0.050         5
   314.532     9.573     0.050         5
   315.155     9.522     0.050         5
   316.556     9.356     0.050         5
   317.834     9.153     0.050         5
   318.793     9.072     0.050         5
   320.220     8.898     0.050         5
   321.755     8.703     0.050         5
   323.150     8.537     0.050         5
   324.056     8.407     0.050         5
   325.599     8.170     0.050         5
   326.853     7.991     0.050         5
   327.799     7.874     0.050         5
   328.585     7.796     0.050         5
   329.048     7.732     0.050         5
   329.504     7.660     0.050         5
   329.970     7.575     0.050         5
   330.435     7.517     0.050         5
   330.903     7.453     0.050         5
   331.371     7.408     0.050         5
   331.829     7.338     0.050         5
   332.297     7.290     0.050         5
   332.768     7.240     0.050         5
   333.226     7.171     0.050         5
   333.676     7.107     0.050         5
   334.133     7.053     0.050         5
   334.591     6.963     0.050         5
   335.059     6.899     0.050         5
   335.535     6.833     0.050         5
   336.003     6.768     0.050         5
   336.492     6.704     0.050         5
   336.971     6.626     0.050         5
   337.453     6.536     0.050         5
   337.931     6.430     0.050         5
   338.407     6.337     0.050         5
   338.880     6.251     0.050         5
   339.353     6.142     0.050         5
   339.833     6.026     0.050         5
   340.306     5.944     0.050         5
   340.773     5.819     0.050         5
   341.253     5.728     0.050         5
   341.718     5.647     0.050         5
   342.197     5.577     0.050         5
   342.686     5.491     0.050         5
   343.165     5.407     0.050         5
   343.655     5.331     0.050         5
   344.133     5.284     0.050         5
   344.612     5.194     0.050         5
   345.091     5.105     0.050         5
   345.564     5.020     0.050         5
   346.039     4.941     0.050         5
   346.515     4.870     0.050         5
   239.504    21.975     0.050         8
   241.507    21.664     0.050         8
   244.162    21.286     0.050         8
   245.975    21.019     0.050         8
   248.147    20.671     0.050         8
   250.316    20.311     0.050         8
   252.680    19.878     0.050         8
   254.727    19.427     0.050         8
   256.584    19.011     0.050         8
   258.802    18.540     0.050         8
   259.592    18.371     0.050         8
   261.014    18.115     0.050         8
   262.947    17.877     0.050         8
   264.734    17.618     0.050         8
   266.863    17.283     0.050         8
   268.802    16.926     0.050         8
   270.712    16.540     0.050         8
   272.324    16.173     0.050         8
   273.777    15.916     0.050         8
   275.237    15.648     0.050         8
   277.048    15.344     0.050         8
   279.286    14.939     0.050         8
   281.217    14.619     0.050         8
   283.764    14.174     0.050         8
   286.174    13.716     0.050         8
   287.940    13.429     0.050         8
   290.527    13.091     0.050         8
   292.785    12.880     0.050         8
   294.498    12.766     0.050         8
   297.117    12.519     0.050         8
   299.268    12.324     0.050         8
   300.783    12.221     0.050         8
   302.333    12.179     0.050         8
   303.749    12.075     0.050         8
   348.891     4.245     0.050        10
   349.359     4.090     0.050        10
   349.842     3.899     0.050        10
   350.323     3.741     0.050        10
   350.792     3.590     0.050        10
   351.273     3.436     0.050        10
   351.745     3.257     0.050        10
   352.229     3.066     0.050        10
   352.704     2.902     0.050        10
   353.177     2.737     0.050        10
   353.642     2.553     0.050        10
   225.389    23.784     0.050        13
   229.746    23.208     0.050        13
   233.692    22.734     0.050        13
   236.522    22.377     0.050        13
   357.449     1.000     0.000         0
   357.896     1.338     0.050         1
   358.374     1.442     0.050         1
   358.861     1.605     0.050         1
   359.339     1.846     0.050         1
   359.818     2.078     0.050         1
   357.896     1.890     0.050         3
   358.535     2.053     0.050         3
   368.292     5.512     0.050         5
   368.760     5.647     0.050         5
   369.235     5.752     0.050         5
   369.711     5.845     0.050         5
   370.187     5.938     0.050         5
   370.659     6.043     0.050         5
   371.121     6.120     0.050         5
   371.594     6.199     0.050         5
   372.067     6.262     0.050         5
   372.529     6.322     0.050         5
   373.012     6.402     0.050         5
   373.488     6.455     0.050         5
   373.977     6.498     0.050         5
   374.453     6.576     0.050         5
   375.104     6.676     0.050         5
   376.069     6.827     0.050         5
   376.870     6.950     0.050         5
   378.664     7.290     0.050         6
   379.626     7.310     0.050         6
   380.594     7.326     0.050         6
   381.388     7.334     0.050         6
   382.020     7.359     0.050         6
   383.125     7.428     0.050         6
   384.369     7.487     0.050         6
   385.162     7.558     0.050         6
   386.396     7.712     0.050         6
   387.781     7.919     0.050         6
   388.872     8.116     0.050         6
   390.607     8.437     0.050         6
   392.010     8.730     0.050         6
   362.358     3.408     0.050        10
   362.841     3.611     0.050        10
   363.338     3.863     0.050        10
   363.825     4.043     0.050        10
   364.308     4.247     0.050        10
   364.794     4.414     0.050        10
   365.270     4.578     0.050        10
   365.749     4.737     0.050        10
   366.225     4.958     0.050        10
   366.700     5.121     0.050        10
   367.176     5.269     0.050        10
     0.000     0.000     0.000        -1
