   132.785    -1.000     0.000         0
   129.737     2.608     0.060         1
   130.527     2.236     0.060         1
   131.327     1.989     0.060         1
   132.123     1.851     0.060         1
   129.411     3.043     0.060         2
   130.212     2.796     0.060         2
   131.016     2.598     0.060         2
   131.801     2.463     0.060         2
   132.584     2.396     0.060         2
   130.051     3.240     0.060         3
   130.852     3.092     0.060         3
   131.651     2.985     0.060         3
   132.439     2.954     0.060         3
    66.782    13.637     0.060         5
    69.545    13.263     0.060         5
    72.043    12.905     0.060         5
    74.992    12.500     0.060         5
    78.074    12.066     0.060         5
    81.166    11.608     0.060         5
    85.074    11.047     0.060         5
    87.757    10.628     0.060         5
    90.410    10.243     0.060         5
    92.916     9.886     0.060         5
    95.140     9.478     0.060         5
    98.459     8.695     0.060         5
   102.298     8.046     0.060         5
   106.367     7.404     0.060         5
   109.791     6.903     0.060         5
   112.749     6.488     0.060         5
   115.118     6.212     0.060         5
   115.925     6.076     0.060         5
   116.715     5.952     0.060         5
   117.497     5.799     0.060         5
   118.293     5.665     0.060         5
   119.081     5.505     0.060         5
   119.890     5.397     0.060         5
   120.697     5.301     0.060         5
   121.509     5.202     0.060         5
   122.311     5.103     0.060         5
     4.379    22.390     0.060         8
     5.205    22.328     0.060         8
     6.029    22.225     0.060         8
     6.825    22.137     0.060         8
     7.629    22.041     0.060         8
     8.441    21.931     0.060         8
     9.268    21.822     0.060         8
    10.075    21.720     0.060         8
    11.044    21.568     0.060         8
    12.042    21.466     0.060         8
    12.866    21.362     0.060         8
    13.656    21.256     0.060         8
    14.458    21.159     0.060         8
    15.271    21.066     0.060         8
    16.087    20.970     0.060         8
    16.910    20.880     0.060         8
    17.709    20.758     0.060         8
    18.502    20.662     0.060         8
    19.291    20.558     0.060         8
    20.065    20.447     0.060         8
    20.843    20.339     0.060         8
    21.635    20.224     0.060         8
    22.402    20.115     0.060         8
    23.193    20.005     0.060         8
    23.981    19.892     0.060         8
    24.761    19.789     0.060         8
    25.543    19.679     0.060         8
    26.329    19.579     0.060         8
    27.117    19.481     0.060         8
    27.906    19.394     0.060         8
    51.357    16.354     0.060         8
    52.293    16.235     0.060         8
    53.219    16.137     0.060         8
    53.975    16.067     0.060         8
    54.734    16.001     0.060         8
    55.501    15.935     0.060         8
    56.261    15.852     0.060         8
    57.032    15.765     0.060         8
    57.807    15.691     0.060         8
    58.719    15.597     0.060         8
    59.483    15.520     0.060         8
    60.257    15.476     0.060         8
    61.021    15.386     0.060         8
    61.773    15.315     0.060         8
    62.532    15.265     0.060         8
    63.440    15.178     0.060         8
    64.181    15.135     0.060         8
    65.251    15.016     0.060         8
   123.271     4.940     0.060        10
   124.046     4.740     0.060        10
   124.837     4.548     0.060        10
   125.635     4.335     0.060        10
   126.410     4.119     0.060        10
    13.347    36.911     0.060        28
    18.817    35.589     0.060        28
    24.441    34.306     0.060        28
   132.785     1.000     0.000         0
   132.988     1.808     0.060         1
   133.761     1.965     0.060         1
   134.570     2.250     0.060         1
   135.370     2.572     0.060         1
   133.127     2.415     0.060         2
   134.085     2.542     0.060         2
   134.894     2.753     0.060         2
   133.127     2.969     0.060         3
   134.085     3.077     0.060         3
   134.894     3.223     0.060         3
   139.492     4.466     0.060         5
   140.294     4.696     0.060         5
   141.092     4.851     0.060         5
   141.901     5.030     0.060         5
   142.703     5.213     0.060         5
   143.505     5.369     0.060         5
   144.311     5.490     0.060         5
   145.113     5.638     0.060         5
   145.919     5.771     0.060         5
   146.717     5.913     0.060         5
   147.516     6.041     0.060         5
   148.318     6.173     0.060         5
   149.116     6.309     0.060         5
   149.907     6.431     0.060         5
   150.691     6.557     0.060         5
   151.471     6.663     0.060         5
   152.247     6.746     0.060         5
   153.023     6.817     0.060         5
   153.789     6.938     0.060         5
   154.544     6.978     0.060         5
   155.312     6.955     0.060         5
   156.085     7.037     0.060         5
   156.849     7.141     0.060         5
   157.598     7.212     0.060         5
   158.339     7.275     0.060         5
   159.041     7.347     0.060         5
   275.902    24.740     0.060         5
   279.612    25.064     0.060         5
   282.973    25.432     0.060         5
   286.814    25.766     0.060         5
   290.527    26.310     0.060         5
   293.414    26.780     0.060         5
   298.194    27.583     0.060         5
   261.977    24.408     0.060         8
   271.041    25.062     0.060         8
   281.056    25.720     0.060         8
   308.291    28.955     0.060        13
   311.882    29.431     0.060        13
   318.482    30.231     0.060        13
   328.424    31.707     0.060        13
   338.558    33.137     0.060        13
   141.740     5.793     0.060        14
   142.542     5.961     0.060        14
   143.340     6.110     0.060        14
   144.150     6.252     0.060        14
   144.948     6.411     0.060        14
   145.757     6.547     0.060        14
   146.567     6.679     0.060        14
   147.355     6.827     0.060        14
   148.153     6.930     0.060        14
   148.955     7.062     0.060        14
   149.746     7.177     0.060        14
   150.537     7.285     0.060        14
   151.310     7.385     0.060        14
   152.094     7.482     0.060        14
   152.873     7.595     0.060        14
   153.635     7.686     0.060        14
   154.390     7.761     0.060        14
   155.159     7.831     0.060        14
   228.167    22.048     0.060        16
   233.832    22.393     0.060        16
   239.658    22.890     0.060        16
   246.584    23.524     0.060        16
   250.163    23.790     0.060        16
   138.753    -1.000     0.000         0
   135.530     2.836     0.060         1
   136.307     2.480     0.060         1
   137.098     2.242     0.060         1
   137.900     2.100     0.060         1
   138.680     2.039     0.060         1
    11.208    22.165     0.060         5
    14.945    21.624     0.060         5
    19.129    21.021     0.060         5
    22.251    20.574     0.060         5
    26.328    19.975     0.060         5
    29.019    19.609     0.060         5
    32.844    19.032     0.060         5
    35.766    18.561     0.060         5
    38.192    18.181     0.060         5
    41.287    17.731     0.060         5
    44.449    17.286     0.060         5
    47.114    16.924     0.060         5
    49.471    16.640     0.060         5
    52.906    16.191     0.060         5
    57.495    15.633     0.060         5
    60.717    15.238     0.060         5
    63.440    14.872     0.060         5
    66.009    14.560     0.060         5
    69.082    14.155     0.060         5
    71.110    13.893     0.060         5
    73.769    13.524     0.060         5
    76.830    13.094     0.060         5
    79.932    12.661     0.060         5
    84.135    12.018     0.060         5
    87.756    11.431     0.060         5
    91.029    10.953     0.060         5
    94.826    10.483     0.060         5
    95.617    10.279     0.060         5
    96.416    10.098     0.060         5
    97.204     9.921     0.060         5
    97.989     9.745     0.060         5
    98.768     9.566     0.060         5
    99.540     9.385     0.060         5
   100.314     9.265     0.060         5
   101.081     9.146     0.060         5
   101.843     9.016     0.060         5
   102.613     8.891     0.060         5
   103.372     8.775     0.060         5
   104.153     8.675     0.060         5
   104.947     8.556     0.060         5
   105.727     8.440     0.060         5
   106.518     8.333     0.060         5
   107.296     8.209     0.060         5
   108.084     8.054     0.060         5
   108.856     7.977     0.060         5
   109.641     7.821     0.060         5
   110.418     7.717     0.060         5
   111.193     7.626     0.060         5
   111.978     7.529     0.060         5
   112.749     7.420     0.060         5
   113.510     7.359     0.060         5
   114.309     7.263     0.060         5
   115.119     7.145     0.060         5
   115.925     7.013     0.060         5
   116.715     6.885     0.060         5
   117.497     6.749     0.060         5
   118.293     6.590     0.060         5
   119.081     6.460     0.060         5
   119.890     6.364     0.060         5
   120.697     6.278     0.060         5
   121.509     6.187     0.060         5
   122.311     6.098     0.060         5
   123.110     5.975     0.060         5
   123.895     5.832     0.060         5
   124.686     5.700     0.060         5
   125.474     5.544     0.060         5
   126.248     5.405     0.060         5
   127.030     5.253     0.060         5
   127.804     5.101     0.060         5
   128.606     4.969     0.060         5
   129.411     4.826     0.060         5
   130.528     4.558     0.060         5
     3.393    23.336     0.060         8
     6.340    22.972     0.060         8
     9.429    22.588     0.060         8
    12.378    22.235     0.060         8
    14.783    21.950     0.060         8
    17.235    21.624     0.060         8
    20.216    21.262     0.060         8
    23.193    20.928     0.060         8
    26.794    20.426     0.060         8
    31.075    19.848     0.060         8
    34.943    19.356     0.060         8
    39.170    18.749     0.060         8
    51.357    17.211     0.060         8
    54.734    16.789     0.060         8
    57.344    16.511     0.060         8
    60.257    16.194     0.060         8
    63.734    15.891     0.060         8
    66.621    15.621     0.060         8
    69.394    15.404     0.060         8
    72.207    15.099     0.060         8
    76.372    14.674     0.060         8
    80.703    14.312     0.060         8
     8.777    23.382     0.060        14
    12.704    22.763     0.060        14
    16.412    22.249     0.060        14
    20.065    21.734     0.060        14
    23.193    21.279     0.060        14
    26.167    20.868     0.060        14
    29.660    20.376     0.060        14
    32.844    19.910     0.060        14
    35.766    19.460     0.060        14
    39.818    18.816     0.060        14
    57.957    16.455     0.060        14
    60.106    16.178     0.060        14
    61.772    15.987     0.060        14
    63.591    15.746     0.060        14
    65.708    15.470     0.060        14
    67.532    15.226     0.060        14
    69.544    14.974     0.060        14
    71.261    14.727     0.060        14
    73.139    14.484     0.060        14
    74.845    14.242     0.060        14
    76.992    13.952     0.060        14
    79.009    13.641     0.060        14
    81.015    13.362     0.060        14
    83.354    12.999     0.060        14
    85.238    12.680     0.060        14
    87.283    12.370     0.060        14
    89.013    12.117     0.060        14
    90.564    11.874     0.060        14
    92.604    11.546     0.060        14
    94.979    11.191     0.060        14
    97.828    10.512     0.060        14
   100.465     9.973     0.060        14
   102.917     9.582     0.060        14
   105.727     9.138     0.060        14
   107.769     8.856     0.060        14
   109.953     8.566     0.060        14
   112.290     8.276     0.060        14
    10.074    38.828     0.060        24
    13.027    38.026     0.060        24
    15.750    37.391     0.060        24
    18.341    36.675     0.060        24
    21.473    35.841     0.060        24
    24.290    35.127     0.060        24
    26.640    34.427     0.060        24
    29.496    33.741     0.060        24
    57.032    27.113     0.060        24
    59.794    26.381     0.060        24
    62.381    25.699     0.060        24
    65.399    24.902     0.060        24
    67.995    24.212     0.060        24
    70.637    23.508     0.060        24
    74.242    22.623     0.060        24
    78.697    21.486     0.060        24
    81.790    20.775     0.060        24
    84.135    20.137     0.060        24
    86.177    19.557     0.060        24
    90.410    18.453     0.060        24
    93.238    17.707     0.060        24
    95.778    17.077     0.060        24
   105.423    14.434     0.060        24
   110.103    13.205     0.060        24
   116.715    11.129     0.060        29
   117.497    10.827     0.060        29
   118.293    10.473     0.060        29
   119.081    10.144     0.060        29
   119.890     9.800     0.060        29
   120.697     9.468     0.060        29
   121.509     9.061     0.060        29
   122.311     8.779     0.060        29
   123.110     8.474     0.060        29
   123.895     8.175     0.060        29
   124.686     7.868     0.060        29
   125.474     7.552     0.060        29
   126.248     7.264     0.060        29
   127.030     6.979     0.060        29
   127.804     6.728     0.060        29
   128.606     6.436     0.060        29
   129.411     6.099     0.060        29
   130.213     5.789     0.060        29
   131.018     5.566     0.060        29
   131.806     5.287     0.060        29
   132.621     5.063     0.060        29
   115.925    10.628     0.060        30
   117.658     9.977     0.060        30
   119.081     9.360     0.060        30
   119.890     9.049     0.060        30
   120.697     8.727     0.060        30
   121.509     8.377     0.060        30
   122.311     8.104     0.060        30
   123.110     7.766     0.060        30
   123.895     7.478     0.060        30
   124.686     7.175     0.060        30
   125.474     6.900     0.060        30
   126.248     6.591     0.060        30
   127.030     6.334     0.060        30
   127.804     6.025     0.060        30
   128.606     5.730     0.060        30
   129.411     5.450     0.060        30
   138.753     1.000     0.000         0
   138.856     2.033     0.060         1
   139.654     2.178     0.060         1
   140.453     2.415     0.060         1
   141.251     2.734     0.060         1
   144.785     4.260     0.060         5
   145.595     4.453     0.060         5
   146.404     4.628     0.060         5
   147.203     4.786     0.060         5
   148.002     4.938     0.060         5
   148.793     5.097     0.060         5
   149.581     5.248     0.060         5
   150.375     5.379     0.060         5
   151.155     5.515     0.060         5
   151.931     5.640     0.060         5
   152.717     5.739     0.060         5
   153.479     5.857     0.060         5
   154.244     5.932     0.060         5
   155.002     5.943     0.060         5
   155.767     5.966     0.060         5
   156.545     6.083     0.060         5
   157.300     6.186     0.060         5
   158.039     6.264     0.060         5
   158.897     6.353     0.060         5
   159.684     6.451     0.060         5
   160.533     6.510     0.060         5
   218.455    15.369     0.060         5
   220.820    16.034     0.060         5
   223.064    16.698     0.060         5
   224.807    17.237     0.060         5
   227.005    17.803     0.060         5
   229.027    18.212     0.060         5
   231.987    18.743     0.060         5
   235.098    19.260     0.060         5
   238.885    19.792     0.060         5
   258.965    22.267     0.060         5
   263.745    22.733     0.060         5
   270.712    23.722     0.060         5
   276.226    24.093     0.060         5
   280.891    24.468     0.060         5
   286.488    24.950     0.060         5
   293.718    25.824     0.060         5
   298.357    26.583     0.060         5
   302.816    27.208     0.060         5
   234.808    21.609     0.060         8
   241.507    22.168     0.060         8
   246.269    22.522     0.060         8
   250.470    22.826     0.060         8
   255.186    23.056     0.060         8
   258.640    23.253     0.060         8
   264.561    23.652     0.060         8
   268.473    23.934     0.060         8
   272.810    24.227     0.060         8
   277.679    24.494     0.060         8
   281.217    24.705     0.060         8
   284.890    24.967     0.060         8
   312.043    28.528     0.060        13
   320.219    29.663     0.060        13
   339.675    32.504     0.060        13
   349.208    33.715     0.060        13
   359.340    35.261     0.060        13
   217.843    16.318     0.060        14
   220.680    17.102     0.060        14
   224.366    18.154     0.060        14
   228.608    19.082     0.060        14
   232.697    19.740     0.060        14
   233.832    22.691     0.060        25
   240.743    23.315     0.060        25
   247.202    23.784     0.060        25
   253.480    24.010     0.060        25
   259.116    24.290     0.060        25
   266.376    24.789     0.060        25
   274.422    25.258     0.060        25
   283.126    25.786     0.060        25
   293.252    26.916     0.060        25
   304.221    28.506     0.060        25
   310.632    29.473     0.060        25
   144.754    -1.000     0.000         0
   141.414     2.851     0.060         1
   142.223     2.489     0.060         1
   143.012     2.183     0.060         1
   143.818     2.026     0.060         1
   144.576     1.961     0.060         1
   141.575     3.118     0.060         2
   142.376     2.869     0.060         2
   143.173     2.691     0.060         2
   143.978     2.573     0.060         2
   144.631     2.550     0.060         2
    15.271    22.558     0.060         5
    18.656    22.101     0.060         5
    23.343    21.383     0.060         5
    27.117    20.788     0.060         5
    31.237    20.170     0.060         5
    33.807    19.771     0.060         5
    36.906    19.288     0.060         5
    56.107    16.748     0.060         5
    59.482    16.312     0.060         5
    63.286    15.824     0.060         5
    66.167    15.476     0.060         5
    68.770    15.143     0.060         5
    72.043    14.678     0.060         5
    75.143    14.252     0.060         5
    78.848    13.727     0.060         5
    81.940    13.269     0.060         5
    84.286    12.935     0.060         5
   101.843     9.960     0.060         5
   102.613     9.846     0.060         5
   103.372     9.732     0.060         5
   104.152     9.622     0.060         5
   104.946     9.486     0.060         5
   105.727     9.388     0.060         5
   106.518     9.267     0.060         5
   107.295     9.131     0.060         5
   108.084     9.024     0.060         5
   108.855     8.910     0.060         5
   109.640     8.783     0.060         5
   110.418     8.683     0.060         5
   111.192     8.563     0.060         5
   111.978     8.499     0.060         5
   112.749     8.397     0.060         5
   113.510     8.325     0.060         5
   114.309     8.244     0.060         5
   115.118     8.123     0.060         5
   115.925     7.992     0.060         5
   116.715     7.889     0.060         5
   117.497     7.761     0.060         5
   118.293     7.605     0.060         5
   119.081     7.474     0.060         5
   119.890     7.393     0.060         5
   120.697     7.317     0.060         5
   121.509     7.233     0.060         5
   122.311     7.149     0.060         5
   123.110     7.033     0.060         5
   123.895     6.905     0.060         5
   124.686     6.745     0.060         5
   125.474     6.599     0.060         5
   126.249     6.457     0.060         5
   127.031     6.299     0.060         5
   127.805     6.189     0.060         5
   128.607     6.047     0.060         5
   129.412     5.929     0.060         5
   130.214     5.808     0.060         5
   131.018     5.685     0.060         5
   131.806     5.552     0.060         5
   132.622     5.425     0.060         5
   133.426     5.299     0.060         5
   134.239     5.130     0.060         5
   135.043     4.979     0.060         5
   135.842     4.847     0.060         5
    50.575    18.066     0.060         8
    52.906    17.836     0.060         8
    55.652    17.550     0.060         8
    58.718    17.311     0.060         8
    61.619    16.999     0.060         8
    64.636    16.723     0.060         8
    68.461    16.345     0.060         8
    71.893    15.987     0.060         8
    74.393    15.742     0.060         8
    76.677    15.516     0.060         8
    79.318    15.282     0.060         8
    81.478    15.064     0.060         8
    83.984    14.835     0.060         8
    85.865    14.648     0.060         8
    66.167    17.794     0.060        12
    69.232    17.480     0.060        12
    71.110    17.326     0.060        12
    73.615    17.065     0.060        12
    12.206    23.538     0.060        14
    16.086    23.072     0.060        14
    20.216    22.499     0.060        14
    23.981    21.937     0.060        14
    26.955    21.518     0.060        14
    31.237    20.877     0.060        14
    34.781    20.318     0.060        14
    55.501    17.513     0.060        14
    57.032    17.270     0.060        14
    59.332    17.037     0.060        14
    60.867    16.795     0.060        14
    62.839    16.533     0.060        14
    65.089    16.288     0.060        14
    66.782    16.059     0.060        14
    69.082    15.747     0.060        14
    70.798    15.502     0.060        14
    72.988    15.171     0.060        14
    76.372    14.707     0.060        14
    78.375    14.398     0.060        14
    80.233    14.093     0.060        14
    82.411    13.834     0.060        14
   100.465    10.714     0.060        14
   101.232    10.603     0.060        14
   101.994    10.501     0.060        14
   102.764    10.392     0.060        14
   103.523    10.275     0.060        14
   104.314    10.188     0.060        14
   105.108    10.062     0.060        14
   105.891     9.954     0.060        14
   106.679     9.842     0.060        14
   107.607     9.727     0.060        14
   108.395     9.607     0.060        14
   109.167     9.501     0.060        14
   109.952     9.394     0.060        14
   110.730     9.287     0.060        14
   111.504     9.195     0.060        14
   112.440     9.089     0.060        14
   113.201     8.986     0.060        14
   113.997     8.868     0.060        14
   114.796     8.779     0.060        14
   115.602     8.675     0.060        14
   116.395     8.567     0.060        14
   117.188     8.445     0.060        14
   117.970     8.298     0.060        14
   118.766     8.153     0.060        14
   119.568     8.058     0.060        14
   120.374     7.984     0.060        14
   121.184     7.900     0.060        14
   121.986     7.806     0.060        14
   122.798     7.679     0.060        14
   123.583     7.558     0.060        14
   124.368     7.424     0.060        14
   125.162     7.264     0.060        14
   125.947     7.130     0.060        14
   126.722     6.973     0.060        14
   127.493     6.849     0.060        14
   128.281     6.720     0.060        14
   129.086     6.592     0.060        14
   129.888     6.490     0.060        14
   130.693     6.382     0.060        14
   131.491     6.243     0.060        14
   132.296     6.103     0.060        14
   133.101     5.971     0.060        14
    23.655    36.594     0.060        24
    28.543    35.325     0.060        24
    51.672    29.656     0.060        24
    55.956    28.432     0.060        24
    57.495    28.056     0.060        24
    59.644    27.608     0.060        24
    64.942    26.437     0.060        24
    66.782    26.022     0.060        24
    67.844    25.771     0.060        24
    70.007    25.275     0.060        24
    72.207    24.726     0.060        24
    73.769    24.332     0.060        24
    75.602    23.826     0.060        24
    76.992    23.461     0.060        24
    77.761    23.282     0.060        24
    78.536    23.111     0.060        24
    79.318    22.884     0.060        24
    81.015    22.481     0.060        24
    83.984    21.737     0.060        24
    87.756    20.713     0.060        24
    89.944    20.126     0.060        24
    92.289    19.498     0.060        24
   107.607    15.338     0.060        24
   112.749    14.076     0.060        24
   115.764    13.308     0.060        24
   117.970    12.665     0.060        24
   120.697    11.988     0.060        24
   123.110    11.233     0.060        24
   125.947    10.380     0.060        24
   127.805     9.847     0.060        24
   129.576     9.303     0.060        24
    58.568    29.732     0.060        28
    62.077    29.035     0.060        28
    66.930    28.095     0.060        28
    72.512    27.006     0.060        28
    78.073    25.614     0.060        28
    83.045    24.588     0.060        28
    93.238    22.858     0.060        28
    97.989    21.996     0.060        28
   100.777    21.603     0.060        28
   134.400     5.720     0.060        30
   135.204     5.477     0.060        30
   135.995     5.228     0.060        30
   136.786     4.964     0.060        30
   137.574     4.697     0.060        30
   144.754     1.000     0.000         0
   144.979     1.972     0.060         1
   145.762     2.111     0.060         1
   146.568     2.346     0.060         1
   147.355     2.706     0.060         1
   145.131     2.553     0.060         2
   145.922     2.673     0.060         2
   146.883     2.907     0.060         2
   154.545     4.748     0.060         5
   155.314     4.801     0.060         5
   156.087     4.848     0.060         5
   157.004     4.974     0.060         5
   157.751     5.070     0.060         5
   158.628     5.166     0.060         5
   159.583     5.312     0.060         5
   268.158    22.574     0.060         5
   274.911    23.255     0.060         5
   280.098    23.643     0.060         5
   288.262    24.395     0.060         5
   294.497    25.169     0.060         5
   242.119    21.565     0.060         8
   245.239    21.831     0.060         8
   248.458    22.104     0.060         8
   251.574    22.357     0.060         8
   255.187    22.558     0.060         8
   258.479    22.661     0.060         8
   263.272    22.942     0.060         8
   268.158    23.228     0.060         8
   271.683    23.376     0.060         8
   276.226    23.600     0.060         8
   231.423    22.111     0.060        12
   239.969    22.584     0.060        12
   248.770    23.237     0.060        12
   255.971    23.520     0.060        12
   265.713    24.188     0.060        12
   273.132    24.561     0.060        12
   278.810    24.836     0.060        12
   288.101    25.697     0.060        12
   300.934    27.299     0.060        12
   313.905    29.029     0.060        12
   306.885    27.084     0.060        13
   316.877    28.483     0.060        13
   331.371    30.574     0.060        13
   150.731    -1.000     0.000         0
   147.515     2.758     0.060         1
   148.317     2.424     0.060         1
   149.265     2.102     0.060         1
   150.059     1.959     0.060         1
    13.027    23.757     0.060         5
    16.738    23.211     0.060         5
    20.377    22.697     0.060         5
    24.290    22.117     0.060         5
    28.217    21.535     0.060         5
    33.643    20.768     0.060         5
   104.629    10.426     0.060         5
   106.680    10.137     0.060         5
   108.544     9.856     0.060         5
   110.418     9.588     0.060         5
   112.129     9.372     0.060         5
   113.833     9.165     0.060         5
   115.441     8.980     0.060         5
   117.027     8.749     0.060         5
   118.443     8.502     0.060         5
   119.729     8.334     0.060         5
   121.022     8.205     0.060         5
   121.832     8.131     0.060         5
   122.633     8.040     0.060         5
   123.422     7.916     0.060         5
   124.207     7.779     0.060         5
   124.998     7.652     0.060         5
   125.786     7.520     0.060         5
   126.560     7.387     0.060         5
   127.342     7.257     0.060         5
   128.120     7.116     0.060         5
   128.921     6.992     0.060         5
   129.737     6.841     0.060         5
   130.528     6.749     0.060         5
   131.330     6.628     0.060         5
   132.132     6.504     0.060         5
   132.947     6.389     0.060         5
   133.752     6.258     0.060         5
   134.564     6.154     0.060         5
   135.366     6.056     0.060         5
   136.157     5.953     0.060         5
   136.948     5.811     0.060         5
   137.739     5.652     0.060         5
   138.527     5.474     0.060         5
   139.329     5.322     0.060         5
   140.128     5.165     0.060         5
   140.930     5.015     0.060         5
   142.379     4.709     0.060        10
   143.178     4.514     0.060        10
   143.987     4.276     0.060        10
     3.880    25.773     0.060        12
    13.027    24.530     0.060        12
    23.031    23.223     0.060        12
    15.435    23.025     0.060        13
    19.602    22.496     0.060        13
     8.115    24.909     0.060        14
    13.978    24.038     0.060        14
    20.692    23.000     0.060        14
    27.267    22.057     0.060        14
    33.643    21.044     0.060        14
   102.917    10.989     0.060        14
   105.574    10.577     0.060        14
   108.084    10.229     0.060        14
   110.103     9.931     0.060        14
   112.129     9.667     0.060        14
   113.833     9.511     0.060        14
   116.086     9.206     0.060        14
   118.605     8.798     0.060        14
   120.052     8.584     0.060        14
   120.858     8.527     0.060        14
   121.670     8.430     0.060        14
   122.472     8.369     0.060        14
   123.271     8.237     0.060        14
   124.045     8.104     0.060        14
   124.836     7.962     0.060        14
   125.635     7.826     0.060        14
   126.410     7.698     0.060        14
   127.181     7.567     0.060        14
   127.969     7.445     0.060        14
   128.771     7.309     0.060        14
   129.576     7.190     0.060        14
   130.377     7.055     0.060        14
   131.169     6.928     0.060        14
   131.970     6.826     0.060        14
   132.783     6.715     0.060        14
   133.587     6.610     0.060        14
   134.400     6.494     0.060        14
   135.205     6.386     0.060        14
   135.996     6.270     0.060        14
   136.787     6.145     0.060        14
   137.575     6.021     0.060        14
   138.366     5.846     0.060        14
   139.168     5.692     0.060        14
   139.966     5.543     0.060        14
   140.776     5.371     0.060        14
   141.578     5.202     0.060        14
    79.009    24.276     0.060        24
    84.285    22.904     0.060        24
    88.852    21.716     0.060        24
   105.892    17.253     0.060        24
   110.580    16.063     0.060        24
   113.833    15.236     0.060        24
   119.242    13.913     0.060        24
   122.959    12.867     0.060        24
   125.786    12.022     0.060        24
   126.560    11.775     0.060        24
   127.342    11.547     0.060        24
   128.120    11.322     0.060        24
   128.921    11.110     0.060        24
   129.737    10.851     0.060        24
   134.077     9.636     0.060        24
   138.689     6.609     0.060        29
   139.490     6.318     0.060        29
   140.292     6.009     0.060        29
   141.091     5.735     0.060        29
   138.051     6.409     0.060        30
   138.853     6.118     0.060        30
   139.655     5.841     0.060        30
   140.453     5.534     0.060        30
   141.252     5.253     0.060        30
   150.731     1.000     0.000         0
   150.855     1.931     0.060         1
   151.623     2.065     0.060         1
   152.399     2.279     0.060         1
   153.175     2.600     0.060         1
   218.902    13.627     0.060         5
   221.096    14.210     0.060         5
   222.925    14.879     0.060         5
   225.238    15.609     0.060         5
   227.586    16.150     0.060         5
   230.575    16.716     0.060         5
   234.388    17.343     0.060         5
   250.162    19.736     0.060         5
   254.878    20.204     0.060         5
   253.173    21.574     0.060         8
   255.971    21.726     0.060         8
   258.328    21.835     0.060         8
   259.753    21.817     0.060         8
   261.490    21.788     0.060         8
   265.383    22.133     0.060         8
   268.637    22.396     0.060         8
   270.394    22.473     0.060         8
   273.293    22.592     0.060         8
   276.226    22.735     0.060         8
   278.974    22.882     0.060         8
   282.021    23.081     0.060         8
   285.530    23.413     0.060         8
   288.262    23.663     0.060         8
   291.343    23.972     0.060         8
   296.194    24.698     0.060         8
   303.128    25.693     0.060         8
   154.246     3.027     0.060        10
   155.466     3.393     0.060        10
   251.727    22.568     0.060        12
   254.257    22.662     0.060        12
   256.584    22.786     0.060        12
   259.753    22.896     0.060        12
   262.785    22.894     0.060        12
   265.713    22.986     0.060        12
   269.596    23.216     0.060        12
   273.777    23.428     0.060        12
   277.206    23.560     0.060        12
   281.381    23.860     0.060        12
   287.940    24.358     0.060        12
   293.567    25.052     0.060        12
   300.178    26.156     0.060        12
   218.762    14.040     0.060        14
   220.957    14.709     0.060        14
   223.495    15.566     0.060        14
   227.005    16.419     0.060        14
   156.702    -1.000     0.000         0
   154.236     1.972     0.060         1
   154.982     1.608     0.060         1
   155.719     1.388     0.060         1
   156.358     1.302     0.060         1
   103.523    11.719     0.060         5
   106.831    11.237     0.060         5
   111.354    10.588     0.060         5
   114.309    10.278     0.060         5
   118.132     9.675     0.060         5
   120.052     9.452     0.060         5
   123.422     9.065     0.060         5
   124.369     8.920     0.060         5
   125.163     8.777     0.060         5
   125.948     8.652     0.060         5
   126.722     8.520     0.060         5
   127.494     8.400     0.060         5
   128.282     8.281     0.060         5
   129.087     8.186     0.060         5
   129.888     8.054     0.060         5
   130.693     7.923     0.060         5
   132.132     7.722     0.060         5
   133.263     7.545     0.060         5
   134.078     7.457     0.060         5
   134.890     7.358     0.060         5
   135.681     7.256     0.060         5
   136.472     7.137     0.060         5
   137.263     7.034     0.060         5
   138.052     6.902     0.060         5
   138.853     6.767     0.060         5
   141.252     6.249     0.060         5
   143.988     5.681     0.060         5
   146.244     5.189     0.060         5
   148.003     4.642     0.060        10
   149.582     4.255     0.060        10
    13.027    24.403     0.060        13
    19.441    23.653     0.060        13
    25.855    22.834     0.060        13
   120.213     9.746     0.060        14
   122.312     9.544     0.060        14
   123.734     9.291     0.060        14
   124.522     9.155     0.060        14
   125.313     9.023     0.060        14
   126.098     8.896     0.060        14
   126.873     8.773     0.060        14
   127.655     8.677     0.060        14
   128.446     8.540     0.060        14
   129.251     8.418     0.060        14
   130.053     8.275     0.060        14
   130.854     8.179     0.060        14
   131.656     8.054     0.060        14
   132.458     7.975     0.060        14
   133.263     7.865     0.060        14
   134.078     7.748     0.060        14
   134.890     7.611     0.060        14
   135.681     7.509     0.060        14
   136.472     7.434     0.060        14
   137.263     7.311     0.060        14
   138.052     7.183     0.060        14
   138.853     7.020     0.060        14
   139.655     6.868     0.060        14
   140.454     6.721     0.060        14
   141.252     6.587     0.060        14
   142.065     6.445     0.060        14
   142.866     6.268     0.060        14
   143.665     6.078     0.060        14
   145.596     5.632     0.060        14
    76.526    27.093     0.060        24
    82.261    25.546     0.060        24
   118.931    16.120     0.060        24
   122.147    15.244     0.060        24
   129.888    13.024     0.060        24
   156.702     1.000     0.000         0
   157.392     1.379     0.060         1
   158.136     1.637     0.060         1
   158.897     1.974     0.060         1
   217.999    12.624     0.060         5
   219.731    13.076     0.060         5
   221.223    13.483     0.060         5
   222.774    14.000     0.060         5
   224.076    14.463     0.060         5
   225.679    14.890     0.060         5
   227.737    15.351     0.060         5
   229.458    15.714     0.060         5
   231.423    16.081     0.060         5
   233.692    16.530     0.060         5
   235.809    16.939     0.060         5
   237.982    17.235     0.060         5
   239.969    17.496     0.060         5
   287.464    22.674     0.060        13
   299.268    24.278     0.060        13
   218.762    13.226     0.060        14
   221.640    14.192     0.060        14
   225.389    15.174     0.060        14
   230.159    16.154     0.060        14
   235.099    17.041     0.060        14
   220.680    22.737     0.060        24
   222.344    23.289     0.060        24
   223.786    23.821     0.060        24
   233.972    26.944     0.060        24
   235.669    27.384     0.060        24
   238.423    28.234     0.060        24
   241.507    29.203     0.060        24
   162.784    -1.000     0.000         0
   101.232    13.052     0.060         5
   103.372    12.762     0.060         5
   105.727    12.411     0.060         5
   108.543    11.984     0.060         5
   111.354    11.599     0.060         5
   114.309    11.251     0.060         5
   116.876    10.939     0.060         5
   120.213    10.482     0.060         5
   122.798    10.225     0.060         5
   123.583    10.088     0.060         5
   124.368     9.953     0.060         5
   125.162     9.816     0.060         5
   125.947     9.700     0.060         5
   126.722     9.571     0.060         5
   127.493     9.452     0.060         5
   128.281     9.336     0.060         5
   129.086     9.229     0.060         5
   129.888     9.128     0.060         5
   130.693     9.009     0.060         5
   131.491     8.893     0.060         5
   132.296     8.778     0.060         5
   133.101     8.683     0.060         5
   133.913     8.573     0.060         5
   134.725     8.478     0.060         5
   135.530     8.374     0.060         5
   136.307     8.272     0.060         5
   137.098     8.155     0.060         5
   137.900     8.043     0.060         5
   138.688     7.915     0.060         5
   139.490     7.779     0.060         5
   140.291     7.647     0.060         5
   141.090     7.519     0.060         5
   141.900     7.354     0.060         5
   142.701     7.206     0.060         5
   143.503     7.049     0.060         5
   144.309     6.910     0.060         5
   145.111     6.728     0.060         5
   145.917     6.580     0.060         5
   146.716     6.396     0.060         5
   147.679     6.206     0.060         5
   148.478     6.022     0.060         5
   149.266     5.784     0.060         5
   150.059     5.548     0.060         5
   150.850     5.274     0.060         5
   151.622     4.977     0.060         5
   152.397     4.746     0.060         5
   153.172     4.474     0.060         5
   153.932     4.173     0.060         5
   154.687     3.927     0.060         5
   155.452     3.669     0.060         5
   156.369     3.316     0.060         5
   157.127     3.067     0.060         5
    76.372    16.932     0.060         7
    81.166    16.287     0.060         7
    85.238    15.717     0.060         7
    90.563    14.970     0.060         7
    95.939    14.274     0.060         7
   100.153    13.721     0.060         7
   104.467    13.222     0.060         7
   109.167    12.704     0.060         7
   114.309    12.200     0.060         7
     4.056    27.176     0.060         8
     9.751    26.464     0.060         8
    16.248    25.636     0.060         8
    23.820    24.626     0.060         8
    30.130    23.735     0.060         8
   162.784     1.000     0.000         0
   215.921    11.155     0.060         5
   216.357    11.260     0.060         5
   216.976    11.410     0.060         5
   217.691    11.589     0.060         5
   218.455    11.783     0.060         5
   219.185    11.971     0.060         5
   220.148    12.236     0.060         5
   220.820    12.433     0.060         5
   221.500    12.633     0.060         5
   222.204    12.865     0.060         5
   222.925    13.176     0.060         5
   223.646    13.405     0.060         5
   224.366    13.643     0.060         5
   225.098    13.814     0.060         5
   225.829    14.000     0.060         5
   226.564    14.186     0.060         5
   227.295    14.372     0.060         5
   228.027    14.516     0.060         5
   228.748    14.654     0.060         5
   229.458    14.796     0.060         5
   230.159    14.920     0.060         5
   230.856    15.071     0.060         5
   231.700    15.169     0.060         5
   232.407    15.339     0.060         5
   233.125    15.442     0.060         5
   233.832    15.596     0.060         5
   234.948    15.766     0.060         5
   236.239    15.968     0.060         5
   237.691    16.177     0.060         5
   238.885    16.349     0.060         5
   310.009    24.881     0.060        13
   316.877    25.864     0.060        13
   212.751    -1.000     0.000         0
    89.794    22.310     0.060         5
    94.664    21.574     0.060         5
    98.298    20.879     0.060         5
   103.068    20.163     0.060         5
   109.792    19.288     0.060         5
   113.051    18.826     0.060         5
   115.765    18.449     0.060         5
   119.407    17.931     0.060         5
   122.148    17.558     0.060         5
   124.687    17.192     0.060         5
   127.655    16.790     0.060         5
   130.693    16.373     0.060         5
   132.458    16.164     0.060         5
   134.240    15.960     0.060         5
   135.044    15.847     0.060         5
   135.843    15.752     0.060         5
   136.634    15.674     0.060         5
   137.425    15.575     0.060         5
   138.528    15.407     0.060         5
   139.330    15.288     0.060         5
   140.129    15.184     0.060         5
   140.930    15.069     0.060         5
   141.740    14.953     0.060         5
   142.541    14.785     0.060         5
   143.340    14.668     0.060         5
   144.149    14.541     0.060         5
   144.948    14.417     0.060         5
   145.758    14.261     0.060         5
   146.567    14.129     0.060         5
   147.355    14.005     0.060         5
   148.154    13.841     0.060         5
   148.955    13.741     0.060         5
   149.746    13.613     0.060         5
   150.537    13.473     0.060         5
   151.310    13.260     0.060         5
   152.093    13.122     0.060         5
   152.872    12.944     0.060         5
   153.634    12.730     0.060         5
   154.388    12.505     0.060         5
   155.156    12.314     0.060         5
   155.928    12.105     0.060         5
   156.695    11.935     0.060         5
    35.444    29.613     0.060         8
    40.305    28.933     0.060         8
    43.973    28.360     0.060         8
    47.114    27.972     0.060         8
    50.260    27.642     0.060         8
    52.605    27.412     0.060         8
    55.652    27.076     0.060         8
    57.495    26.834     0.060         8
    61.172    26.470     0.060         8
    65.251    25.983     0.060         8
    68.770    25.603     0.060         8
    72.512    25.187     0.060         8
    75.753    24.793     0.060         8
    79.157    24.356     0.060         8
    82.411    23.970     0.060         8
    84.923    23.688     0.060         8
    86.968    23.441     0.060         8
    89.013    23.178     0.060         8
    90.260    23.031     0.060         8
    91.029    22.944     0.060         8
    91.821    22.860     0.060         8
    92.604    22.783     0.060         8
    93.400    22.713     0.060         8
    94.188    22.636     0.060         8
    94.979    22.514     0.060         8
    95.778    22.481     0.060         8
    80.083    24.778     0.060        12
    86.342    23.978     0.060        12
    93.077    23.204     0.060        12
   100.616    20.867     0.060        14
   105.108    20.261     0.060        14
   129.412    16.958     0.060        14
   132.948    16.513     0.060        14
   135.997    16.149     0.060        14
   139.806    15.652     0.060        14
   144.475    14.915     0.060        14
   147.842    14.343     0.060        14
   212.751     1.000     0.000         0
   234.112     7.993     0.060         5
   237.832     8.525     0.060         5
   240.295     8.864     0.060         5
   242.994     9.177     0.060         5
   249.085     9.956     0.060         5
   254.096    10.608     0.060         5
   216.995     2.295     0.060        10
   217.693     2.500     0.060        10
   218.456     2.774     0.060        10
   219.185     3.034     0.060        10
   219.871     3.259     0.060        10
   220.554     3.498     0.060        10
   221.223     3.774     0.060        10
   221.928     4.002     0.060        10
   222.635     4.331     0.060        10
   223.356     4.585     0.060        10
   224.076     4.872     0.060        10
   224.808     5.144     0.060        10
   225.529     5.413     0.060        10
   226.274     5.644     0.060        10
   227.005     5.852     0.060        10
   227.737     6.008     0.060        10
   228.461     6.159     0.060        10
   229.179     6.304     0.060        10
   229.883     6.419     0.060        10
   230.576     6.548     0.060        10
   231.283     6.689     0.060        10
   231.988     6.800     0.060        10
   234.252     8.861     0.060        14
   239.190     9.585     0.060        14
   243.419    10.162     0.060        14
   247.671    10.718     0.060        14
   251.103    11.142     0.060        14
   216.692    -1.000     0.000         0
   104.152    20.465     0.060         5
   109.640    19.671     0.060         5
   113.510    19.247     0.060         5
   117.027    18.859     0.060         5
   122.472    18.093     0.060         5
   127.655    17.278     0.060         5
   135.366    16.265     0.060         5
   140.128    15.611     0.060         5
   144.149    15.021     0.060         5
    23.343    31.589     0.060        13
    28.543    30.916     0.060        13
   216.692     1.000     0.000         0
   242.273     8.526     0.060         5
   242.994     8.620     0.060         5
   243.716     8.720     0.060         5
   244.460     8.820     0.060         5
   245.239     8.928     0.060         5
   245.975     9.023     0.060         5
   246.734     9.133     0.060         5
   247.520     9.256     0.060         5
   248.608     9.415     0.060         5
   250.316     9.610     0.060         5
   252.045     9.817     0.060         5
   253.795     9.971     0.060         5
   257.680    10.306     0.060         5
   259.914    10.462     0.060         5
   262.137    10.647     0.060         5
   264.733    10.930     0.060         5
   267.510    11.256     0.060         5
   271.040    11.639     0.060         5
   274.747    12.004     0.060         5
   277.528    12.302     0.060         5
   280.576    12.509     0.060         5
   283.126    12.746     0.060         5
   285.530    12.956     0.060         5
   288.420    13.274     0.060         5
   292.469    13.814     0.060         5
   297.582    14.727     0.060         5
   303.285    15.694     0.060         5
   310.159    16.785     0.060         5
   280.097    13.747     0.060         8
   283.602    13.992     0.060         8
   286.652    14.188     0.060         8
   290.039    14.442     0.060         8
   292.948    14.759     0.060         8
   296.498    15.267     0.060         8
   299.728    15.725     0.060         8
   303.597    16.278     0.060         8
   307.814    16.864     0.060         8
   312.505    17.538     0.060         8
   315.627    18.005     0.060         8
   221.640     3.035     0.060         9
   222.344     3.358     0.060         9
   223.065     3.651     0.060         9
   223.785     3.976     0.060         9
   224.517     4.254     0.060        10
   225.238     4.495     0.060        10
   225.972     4.769     0.060        10
   222.699    -1.000     0.000         0
   221.497     2.197     0.060         1
   222.199     2.073     0.060         1
    26.017    32.547     0.060         5
    35.443    31.140     0.060         5
    44.761    29.696     0.060         5
    53.369    28.653     0.060         5
    62.076    27.643     0.060         5
    69.081    26.788     0.060         5
    76.526    25.773     0.060         5
    82.411    24.938     0.060         5
    86.026    24.486     0.060         5
    90.563    23.828     0.060         5
    94.825    23.155     0.060         5
    98.459    22.419     0.060         5
   101.994    21.686     0.060         5
   104.946    21.310     0.060         5
   108.084    20.839     0.060         5
   113.050    20.259     0.060         5
   118.293    19.597     0.060         5
   122.959    18.879     0.060         5
   125.948    18.398     0.060         5
   128.922    17.963     0.060         5
   131.971    17.509     0.060         5
   110.103    21.082     0.060         7
   115.925    20.527     0.060         7
   121.345    19.963     0.060         7
   125.636    19.452     0.060         7
   132.296    18.636     0.060         7
   137.901    17.969     0.060         7
    57.957    28.376     0.060         8
    65.250    27.518     0.060         8
    72.358    26.656     0.060         8
    78.375    25.975     0.060         8
    85.238    25.032     0.060         8
    90.259    24.379     0.060         8
    98.768    23.326     0.060         8
   106.203    22.418     0.060         8
   103.522    22.245     0.060        14
   106.203    21.847     0.060        14
   109.479    21.406     0.060        14
   112.588    21.022     0.060        14
   115.118    20.689     0.060        14
   117.970    20.285     0.060        14
   121.832    19.667     0.060        14
   125.163    19.188     0.060        14
   127.970    18.765     0.060        14
   130.214    18.433     0.060        14
   132.622    18.066     0.060        14
   134.890    17.730     0.060        14
   122.311    32.832     0.060        24
   125.948    31.881     0.060        24
   129.412    30.983     0.060        24
   132.458    30.223     0.060        24
   135.681    29.445     0.060        24
   139.655    28.416     0.060        24
   222.699     1.000     0.000         0
   223.212     2.129     0.060         1
   223.939     2.273     0.060         1
   224.659     2.486     0.060         1
   225.390     2.823     0.060         1
   232.698     5.582     0.060         5
   235.379     6.248     0.060         5
   237.982     6.746     0.060         5
   240.744     7.227     0.060         5
   242.704     7.515     0.060         5
   244.460     7.827     0.060         5
   246.583     8.169     0.060         5
   249.085     8.519     0.060         5
   251.102     8.736     0.060         5
   252.845     8.974     0.060         5
   254.728     9.147     0.060         5
   271.040    10.630     0.060         5
   273.616    10.817     0.060         5
   275.573    10.914     0.060         5
   278.162    11.269     0.060         5
   280.891    11.585     0.060         5
   282.497    11.718     0.060         5
   284.564    11.926     0.060         5
   286.488    12.108     0.060         5
   287.940    12.242     0.060         5
   289.556    12.452     0.060         5
   291.829    12.743     0.060         5
   295.113    13.319     0.060         5
   297.278    13.753     0.060         5
   299.575    14.185     0.060         5
   301.863    14.572     0.060         5
   304.371    14.996     0.060         5
   309.073    15.700     0.060         5
   312.978    16.338     0.060         5
   315.928    16.805     0.060         5
   318.632    17.256     0.060         5
   327.946    18.776     0.060         5
   331.054    19.379     0.060         5
   333.675    19.838     0.060         5
   336.492    20.371     0.060         5
   339.833    20.857     0.060         5
   343.654    21.333     0.060         5
   227.738     3.887     0.060        10
   228.749     4.316     0.060        10
   229.596     4.652     0.060        10
   230.300     4.857     0.060        10
   230.993     5.071     0.060        10
   231.700     5.276     0.060        10
   333.369    19.575     0.060        13
   336.492    20.068     0.060        13
   340.306    20.673     0.060        13
   250.470     9.431     0.060        14
   253.795     9.805     0.060        14
   272.649    11.704     0.060        14
   275.411    11.888     0.060        14
   277.840    12.124     0.060        14
   280.098    12.397     0.060        14
   282.333    12.626     0.060        14
   284.239    12.765     0.060        14
   286.327    12.898     0.060        14
   288.581    13.044     0.060        14
   291.668    13.453     0.060        14
   294.812    14.008     0.060        14
   296.963    14.403     0.060        14
   300.025    14.935     0.060        14
   302.655    15.387     0.060        14
   305.943    15.958     0.060        14
   308.912    16.384     0.060        14
   312.043    16.862     0.060        14
   315.155    17.340     0.060        14
   317.995    17.762     0.060        14
   320.684    18.194     0.060        14
   328.733    19.642     0.060        14
   330.285    19.941     0.060        14
   332.768    20.430     0.060        14
   335.688    21.025     0.060        14
   338.095    21.425     0.060        14
   340.934    21.813     0.060        14
   343.654    22.130     0.060        14
   241.055    11.419     0.060        19
   241.819    11.524     0.060        19
   242.553    11.642     0.060        19
   243.717    11.807     0.060        19
   246.268    12.224     0.060        19
   249.235    12.729     0.060        19
   252.045    13.062     0.060        19
   255.348    13.402     0.060        19
   259.914    13.750     0.060        19
   264.733    14.268     0.060        19
   270.073    14.953     0.060        19
   276.398    15.449     0.060        19
   283.287    16.085     0.060        19
   289.226    16.608     0.060        19
   296.813    17.906     0.060        19
   303.909    19.067     0.060        19
   306.884    19.560     0.060        19
   311.416    20.262     0.060        19
   313.905    20.631     0.060        19
   319.746    21.745     0.060        19
   329.358    23.270     0.060        20
   333.072    23.888     0.060        20
   336.806    24.433     0.060        20
   340.614    24.931     0.060        20
   332.451    24.030     0.060        21
   337.288    24.859     0.060        21
   342.197    25.471     0.060        21
   348.091    26.307     0.060        21
   276.886    19.663     0.060        24
   279.447    20.380     0.060        24
   296.662    24.825     0.060        24
   301.382    26.110     0.060        24
   304.060    26.823     0.060        24
   306.731    27.496     0.060        24
   234.665    -1.000     0.000         0
   230.577     3.523     0.060         1
   231.284     3.204     0.060         1
   231.988     2.919     0.060         1
   232.698     2.678     0.060         1
   233.416     2.505     0.060         1
   234.112     2.381     0.060         1
   230.160     4.331     0.060         3
   230.856     4.201     0.060         3
   231.560     4.038     0.060         3
   232.268     3.935     0.060         3
   232.985     3.844     0.060         3
   233.692     3.748     0.060         3
   234.389     3.698     0.060         3
    19.441    35.758     0.060         5
    29.334    34.258     0.060         5
    37.382    32.887     0.060         5
    45.857    31.662     0.060         5
    57.182    30.312     0.060         5
    65.858    29.311     0.060         5
    74.543    28.260     0.060         5
    82.884    27.282     0.060         5
    88.537    26.475     0.060         5
    92.915    25.720     0.060         5
    96.566    24.994     0.060         5
   100.615    24.166     0.060         5
   103.372    23.692     0.060         5
   106.679    23.172     0.060         5
   111.354    22.555     0.060         5
   114.309    22.252     0.060         5
   117.970    21.814     0.060         5
   121.985    21.292     0.060         5
   125.162    20.838     0.060         5
   128.922    20.261     0.060         5
   132.621    19.699     0.060         5
   135.842    19.348     0.060         5
   139.329    18.866     0.060         5
   143.665    18.219     0.060         5
   146.566    17.714     0.060         5
   102.917    23.899     0.060         7
   107.296    23.319     0.060         7
   113.510    22.608     0.060         7
   118.443    22.057     0.060         7
   122.472    21.704     0.060         7
   129.411    20.836     0.060         7
   133.752    20.368     0.060         7
   138.216    19.844     0.060         7
    18.978    34.888     0.060        13
    30.760    33.390     0.060        13
    40.469    32.114     0.060        13
     6.190    38.819     0.060        14
    16.910    37.348     0.060        14
    27.432    35.666     0.060        14
    41.598    33.373     0.060        14
    53.067    32.151     0.060        14
    65.707    30.712     0.060        14
    77.296    29.290     0.060        14
    89.013    27.937     0.060        14
   102.147    25.432     0.060        14
   107.769    24.463     0.060        14
   112.749    23.805     0.060        14
   117.658    23.198     0.060        14
   121.832    22.641     0.060        14
   126.248    22.169     0.060        14
   130.377    21.488     0.060        14
   136.948    20.545     0.060        14
   142.866    19.612     0.060        14
   149.267    18.491     0.060        14
   156.232    16.750     0.060        14
   121.985    37.260     0.060        24
   133.913    35.688     0.060        28
   143.504    33.662     0.060        28
   234.665     1.000     0.000         0
   234.808     2.367     0.060         1
   235.529     2.447     0.060         1
   236.239     2.612     0.060         1
   236.963     2.809     0.060         1
   237.691     3.128     0.060         1
   238.422     3.491     0.060         1
   234.948     3.704     0.060         3
   235.669     3.727     0.060         3
   236.382     3.784     0.060         3
   237.099     3.867     0.060         3
   237.831     3.980     0.060         3
   243.131     5.151     0.060         5
   244.460     5.422     0.060         5
   245.825     5.763     0.060         5
   247.202     6.067     0.060         5
   248.770     6.342     0.060         5
   250.316     6.600     0.060         5
   252.680     6.929     0.060         5
   255.036     7.237     0.060         5
   256.584     7.375     0.060         5
   257.368     7.452     0.060         5
   258.167     7.505     0.060         5
   258.965     7.581     0.060         5
   259.753     7.653     0.060         5
   260.551     7.720     0.060         5
   262.624     7.992     0.060         5
   264.561     8.257     0.060         5
   266.698     8.573     0.060         5
   268.319     8.786     0.060         5
   270.237     8.983     0.060         5
   272.648     9.232     0.060         5
   275.411     9.462     0.060         5
   278.323     9.692     0.060         5
   281.856    10.050     0.060         5
   285.369    10.384     0.060         5
   288.742    10.711     0.060         5
   293.567    11.402     0.060         5
   296.812    12.054     0.060         5
   300.331    12.625     0.060         5
   304.683    13.358     0.060         5
   309.073    14.018     0.060         5
   312.354    14.527     0.060         5
   315.316    14.994     0.060         5
   318.481    15.515     0.060         5
   321.450    16.084     0.060         5
   324.510    16.678     0.060         5
   328.107    17.266     0.060         5
   332.297    17.919     0.060         5
   336.645    18.749     0.060         5
   341.718    19.452     0.060         5
   347.469    20.286     0.060         5
   352.704    21.042     0.060         5
   303.909    13.632     0.060         8
   305.470    13.841     0.060         8
   307.661    14.110     0.060         8
   309.697    14.399     0.060         8
   312.042    14.737     0.060         8
   314.219    15.055     0.060         8
   316.877    15.426     0.060         8
   319.276    15.847     0.060         8
   320.988    16.137     0.060         8
   322.985    16.494     0.060         8
   325.598    16.939     0.060         8
   329.049    17.464     0.060         8
   327.476    17.051     0.060        13
   331.054    17.596     0.060        13
   334.132    18.078     0.060        13
   336.492    18.506     0.060        13
   339.352    18.982     0.060        13
   357.743    21.550     0.060        13
   360.130    21.969     0.060        13
   362.681    22.429     0.060        13
   245.387     6.963     0.060        14
   248.458     7.496     0.060        14
   251.256     7.973     0.060        14
   254.415     8.396     0.060        14
   256.895     8.630     0.060        14
   260.229     9.009     0.060        14
   264.080     9.408     0.060        14
   267.185     9.824     0.060        14
   270.558    10.238     0.060        14
   273.615    10.488     0.060        14
   277.205    10.855     0.060        14
   280.098    11.130     0.060        14
   282.647    11.345     0.060        14
   286.326    11.685     0.060        14
   289.717    12.107     0.060        14
   292.948    12.643     0.060        14
   297.116    13.464     0.060        14
   299.421    13.838     0.060        14
   302.816    14.318     0.060        14
   305.470    14.699     0.060        14
   308.129    15.122     0.060        14
   310.632    15.538     0.060        14
   314.069    16.069     0.060        14
   317.199    16.593     0.060        14
   320.369    17.183     0.060        14
   323.149    17.679     0.060        14
   326.853    18.316     0.060        14
   331.207    18.966     0.060        14
   334.436    19.590     0.060        14
   337.931    20.128     0.060        14
   341.253    20.590     0.060        14
   343.654    20.865     0.060        14
   346.515    21.278     0.060        14
   348.890    21.580     0.060        14
   351.745    21.993     0.060        14
   355.054    22.451     0.060        14
   358.057    22.889     0.060        14
   361.259    23.452     0.060        14
   256.121    12.355     0.060        24
   260.067    13.223     0.060        24
   263.744    13.983     0.060        24
   271.519    15.705     0.060        24
   279.286    17.514     0.060        24
   284.890    18.753     0.060        24
   292.308    20.509     0.060        24
   299.114    22.360     0.060        24
   305.782    24.239     0.060        24
   312.204    26.048     0.060        24
   316.240    27.157     0.060        24
   321.138    28.552     0.060        24
   326.071    29.935     0.060        24
   331.054    31.243     0.060        24
   240.757    -1.000     0.000         0
   237.101     3.210     0.060         1
   237.832     2.929     0.060         1
   238.574     2.664     0.060         1
   239.343     2.473     0.060         1
   240.133     2.368     0.060         1
    32.196    34.464     0.060         5
    38.357    33.539     0.060         5
    45.542    32.435     0.060         5
    52.605    31.644     0.060         5
    61.021    30.695     0.060         5
    68.619    29.716     0.060         5
    77.142    28.684     0.060         5
    84.762    27.653     0.060         5
    91.974    26.574     0.060         5
    96.881    25.701     0.060         5
   102.462    24.646     0.060         5
   110.730    23.536     0.060         5
   121.345    22.222     0.060         5
   127.969    21.265     0.060         5
   133.262    20.558     0.060         5
   138.366    19.944     0.060         5
   218.903     6.878     0.060         5
   220.149     6.924     0.060         5
   221.224     6.932     0.060         5
   221.928     6.948     0.060         5
   222.926     6.892     0.060         5
   223.647     6.843     0.060         5
   224.367     6.768     0.060         5
   225.099     6.679     0.060         5
   225.830     6.558     0.060         5
   226.565     6.464     0.060         5
   227.296     6.370     0.060         5
   228.028     6.245     0.060         5
    95.939    26.486     0.060         8
   103.372    25.350     0.060         8
   110.730    24.452     0.060         8
   117.658    23.784     0.060         8
   124.207    23.122     0.060         8
   228.168     5.915     0.060        10
   228.889     5.798     0.060        10
   229.596     5.670     0.060        10
   230.300     5.503     0.060        10
   230.993     5.350     0.060        10
   231.701     5.179     0.060        10
   232.408     5.030     0.060        10
   233.126     4.866     0.060        10
   233.833     4.665     0.060        10
   234.529     4.486     0.060        10
    13.656    36.097     0.060        13
    21.635    35.158     0.060        13
    38.679    32.887     0.060        13
    48.371    31.757     0.060        13
    55.186    31.105     0.060        13
    61.314    30.470     0.060        13
   121.022    39.207     0.060        24
   123.583    38.581     0.060        24
   240.757     1.000     0.000         0
   241.353     2.380     0.060         1
   242.120     2.538     0.060         1
   242.844     2.762     0.060         1
   243.569     3.026     0.060         1
   247.052     4.574     0.060         5
   248.297     4.854     0.060         5
   249.547     5.154     0.060         5
   250.938     5.442     0.060         5
   252.199     5.653     0.060         5
   253.009     5.785     0.060         5
   253.795     5.896     0.060         5
   254.566     6.004     0.060         5
   255.348     6.104     0.060         5
   256.122     6.198     0.060         5
   256.896     6.267     0.060         5
   257.680     6.349     0.060         5
   258.479     6.415     0.060         5
   259.277     6.494     0.060         5
   260.068     6.573     0.060         5
   260.863     6.657     0.060         5
   261.651     6.755     0.060         5
   262.460     6.836     0.060         5
   263.272     6.926     0.060         5
   264.081     7.042     0.060         5
   264.891     7.146     0.060         5
   265.713     7.277     0.060         5
   266.537     7.400     0.060         5
   267.346     7.476     0.060         5
   268.158     7.576     0.060         5
   268.955     7.677     0.060         5
   270.558     7.905     0.060         5
   272.162     8.037     0.060         5
   275.072     8.362     0.060         5
   277.528     8.599     0.060         5
   279.447     8.779     0.060         5
   281.055     8.901     0.060         5
   282.812     9.080     0.060         5
   284.729     9.273     0.060         5
   286.173     9.401     0.060         5
   287.625     9.562     0.060         5
   289.717     9.730     0.060         5
   292.308    10.064     0.060         5
   294.648    10.457     0.060         5
   297.431    11.045     0.060         5
   303.128    11.980     0.060         5
   307.815    12.727     0.060         5
   312.666    13.436     0.060         5
   317.038    14.107     0.060         5
   321.300    14.909     0.060         5
   324.825    15.522     0.060         5
   329.049    16.276     0.060         5
   332.768    16.920     0.060         5
   335.534    17.460     0.060         5
   339.833    18.128     0.060         5
   344.294    18.754     0.060         5
   348.091    19.325     0.060         5
   351.906    19.876     0.060         5
   301.084    12.301     0.060         8
   305.632    12.933     0.060         8
   308.291    13.249     0.060         8
   311.255    13.666     0.060         8
   314.220    14.121     0.060         8
   317.200    14.545     0.060         8
   320.219    15.085     0.060         8
   322.520    15.486     0.060         8
   325.287    15.923     0.060         8
   328.266    16.379     0.060         8
   334.905    17.246     0.060        13
   339.674    17.905     0.060        13
   344.294    18.545     0.060        13
   358.536    20.676     0.060        13
   361.421    21.182     0.060        13
   364.309    21.782     0.060        13
   367.341    22.465     0.060        13
   371.444    22.994     0.060        13
   374.615    23.345     0.060        13
   252.527     6.529     0.060        14
   255.971     7.013     0.060        14
   259.438     7.429     0.060        14
   262.624     7.730     0.060        14
   281.542     9.941     0.060        14
   284.565    10.190     0.060        14
   288.101    10.551     0.060        14
   291.668    10.989     0.060        14
   295.732    11.633     0.060        14
   299.421    12.204     0.060        14
   303.748    12.928     0.060        14
   307.511    13.527     0.060        14
   310.159    13.971     0.060        14
   313.755    14.555     0.060        14
   317.200    15.138     0.060        14
   322.206    16.028     0.060        14
   325.921    16.776     0.060        14
   330.285    17.438     0.060        14
   333.522    17.965     0.060        14
   336.645    18.485     0.060        14
   340.305    19.097     0.060        14
   343.980    19.590     0.060        14
   347.787    20.176     0.060        14
   358.861    21.651     0.060        14
   362.842    22.407     0.060        14
   260.863    11.530     0.060        24
   277.206    15.197     0.060        24
   281.055    15.912     0.060        24
   286.012    16.918     0.060        24
   295.277    18.936     0.060        24
   299.268    20.215     0.060        24
   303.597    21.427     0.060        24
   310.944    23.702     0.060        24
   312.978    24.258     0.060        24
   315.466    24.916     0.060        24
   318.159    25.708     0.060        24
   321.139    26.593     0.060        24
   324.056    27.424     0.060        24
   326.383    28.107     0.060        24
   328.585    28.735     0.060        24
   331.371    29.471     0.060        24
   294.347    20.524     0.060        28
   302.332    22.273     0.060        28
   310.320    24.082     0.060        28
   317.511    26.060     0.060        28
   322.520    27.488     0.060        28
   325.448    28.177     0.060        28
   328.424    28.909     0.060        28
   332.297    29.859     0.060        28
   246.787    -1.000     0.000         0
   243.717     3.025     0.060         1
   244.461     2.712     0.060         1
   245.240     2.498     0.060         1
   245.975     2.361     0.060         1
   246.732     2.293     0.060         1
   102.917    25.649     0.060         5
   106.680    25.151     0.060         5
   109.315    24.789     0.060         5
   112.440    24.361     0.060         5
   116.245    23.823     0.060         5
   118.930    23.457     0.060         5
   121.345    23.187     0.060         5
   124.522    22.798     0.060         5
   127.969    22.362     0.060         5
   131.018    22.012     0.060         5
   134.564    21.554     0.060         5
   138.215    21.062     0.060         5
   142.866    20.445     0.060         5
   150.376    19.255     0.060         5
   225.529     7.634     0.060         5
   227.006     7.384     0.060         5
   228.749     7.115     0.060         5
   230.440     6.812     0.060         5
   231.851     6.545     0.060         5
   233.265     6.246     0.060         5
   234.529     5.978     0.060         5
   235.379     5.779     0.060         5
   236.673     5.471     0.060         5
   237.541     5.243     0.060         5
    63.733    31.962     0.060         8
    70.798    31.053     0.060         8
    76.057    30.335     0.060         8
    81.790    29.531     0.060         8
    88.071    28.631     0.060         8
    93.077    27.819     0.060         8
    99.069    26.908     0.060         8
   106.368    25.896     0.060         8
   112.128    25.214     0.060         8
   116.715    24.776     0.060         8
   122.472    24.231     0.060         8
   128.771    23.480     0.060         8
   134.564    23.006     0.060         8
   140.615    22.413     0.060         8
    10.715    37.212     0.060        13
    22.402    35.864     0.060        13
    32.357    34.511     0.060        13
    36.906    33.908     0.060        13
    43.812    33.062     0.060        13
    63.143    31.133     0.060        13
    68.920    30.524     0.060        13
    82.102    28.993     0.060        13
   102.298    26.897     0.060        14
   106.203    26.377     0.060        14
   109.315    25.952     0.060        14
   112.440    25.544     0.060        14
   115.119    25.248     0.060        14
   118.293    24.885     0.060        14
   121.986    24.434     0.060        14
   125.313    23.969     0.060        14
   127.805    23.644     0.060        14
   130.213    23.359     0.060        14
   133.913    22.900     0.060        14
   137.739    22.394     0.060        14
   141.578    21.803     0.060        14
   225.239     8.537     0.060        14
   231.284     7.503     0.060        14
   236.240     6.411     0.060        14
   118.443    25.262     0.060        16
   125.474    24.596     0.060        16
   133.101    24.127     0.060        16
   137.424    23.952     0.060        16
   143.826    23.480     0.060        16
   134.564    37.269     0.060        24
   135.530    37.109     0.060        24
   136.472    36.859     0.060        24
   137.901    36.555     0.060        24
   138.689    36.304     0.060        24
   139.490    36.073     0.060        24
   140.292    35.904     0.060        24
   141.416    35.577     0.060        24
   142.379    35.263     0.060        24
   143.987    34.780     0.060        24
   144.947    34.466     0.060        24
   246.787     1.000     0.000         0
   247.366     2.355     0.060         1
   248.146     2.513     0.060         1
   248.920     2.747     0.060         1
   249.708     3.040     0.060         1
   250.470     3.404     0.060         1
   256.122     4.999     0.060         5
   256.896     5.104     0.060         5
   257.681     5.222     0.060         5
   258.479     5.304     0.060         5
   259.277     5.384     0.060         5
   260.068     5.487     0.060         5
   260.863     5.567     0.060         5
   261.651     5.665     0.060         5
   262.460     5.780     0.060         5
   263.272     5.895     0.060         5
   264.081     6.025     0.060         5
   264.891     6.180     0.060         5
   265.713     6.328     0.060         5
   266.537     6.468     0.060         5
   267.346     6.617     0.060         5
   269.275     6.833     0.060         5
   271.355     7.068     0.060         5
   273.777     7.294     0.060         5
   276.226     7.503     0.060         5
   278.162     7.688     0.060         5
   280.738     7.927     0.060         5
   283.602     8.249     0.060         5
   285.684     8.428     0.060         5
   287.789     8.631     0.060         5
   289.717     8.835     0.060         5
   292.469     9.199     0.060         5
   294.648     9.593     0.060         5
   298.040    10.215     0.060         5
   300.332    10.639     0.060         5
   302.171    10.965     0.060         5
   304.844    11.426     0.060         5
   307.976    11.936     0.060         5
   310.793    12.389     0.060         5
   313.292    12.769     0.060         5
   316.240    13.250     0.060         5
   319.276    13.833     0.060         5
   322.671    14.462     0.060         5
   325.126    14.854     0.060         5
   328.585    15.423     0.060         5
   332.604    16.050     0.060         5
   336.970    16.830     0.060         5
   316.716    13.782     0.060         8
   320.684    14.322     0.060         8
   324.975    14.995     0.060         8
   328.266    15.528     0.060         8
   332.450    16.197     0.060         8
   336.492    16.871     0.060         8
   340.933    17.530     0.060         8
   344.612    18.046     0.060         8
   348.091    18.580     0.060         8
   350.953    19.035     0.060         8
   343.001    17.591     0.060        13
   346.840    18.169     0.060        13
   350.484    18.739     0.060        13
   373.814    22.526     0.060        13
   376.220    22.677     0.060        13
   256.273     6.039     0.060        14
   261.178     6.637     0.060        14
   264.081     7.077     0.060        14
   264.891     7.206     0.060        14
   265.713     7.349     0.060        14
   266.537     7.467     0.060        14
   267.346     7.634     0.060        14
   268.158     7.753     0.060        14
   268.955     7.864     0.060        14
   270.558     8.115     0.060        14
   271.355     8.197     0.060        14
   273.455     8.406     0.060        14
   275.573     8.588     0.060        14
   276.886     8.746     0.060        14
   277.679     8.858     0.060        14
   278.488     8.937     0.060        14
   279.286     9.013     0.060        14
   280.098     9.118     0.060        14
   280.891     9.183     0.060        14
   281.696     9.268     0.060        14
   282.497     9.348     0.060        14
   283.287     9.443     0.060        14
   284.089     9.489     0.060        14
   285.369     9.648     0.060        14
   287.139     9.798     0.060        14
   287.940     9.894     0.060        14
   288.743     9.964     0.060        14
   289.556    10.052     0.060        14
   290.365    10.150     0.060        14
   291.182    10.271     0.060        14
   291.994    10.388     0.060        14
   292.784    10.476     0.060        14
   293.567    10.651     0.060        14
   294.347    10.807     0.060        14
   295.113    10.940     0.060        14
   295.882    11.080     0.060        14
   296.662    11.224     0.060        14
   297.431    11.365     0.060        14
   298.193    11.476     0.060        14
   298.961    11.621     0.060        14
   299.728    11.735     0.060        14
   300.482    11.845     0.060        14
   301.232    11.963     0.060        14
   302.021    12.139     0.060        14
   302.816    12.228     0.060        14
   303.598    12.368     0.060        14
   304.371    12.505     0.060        14
   305.159    12.623     0.060        14
   305.944    12.769     0.060        14
   306.731    12.931     0.060        14
   307.511    13.033     0.060        14
   308.291    13.151     0.060        14
   309.074    13.265     0.060        14
   309.847    13.369     0.060        14
   310.632    13.508     0.060        14
   311.416    13.622     0.060        14
   312.204    13.740     0.060        14
   312.978    13.911     0.060        14
   313.755    14.011     0.060        14
   314.531    14.123     0.060        14
   315.316    14.283     0.060        14
   316.090    14.392     0.060        14
   316.877    14.555     0.060        14
   317.672    14.684     0.060        14
   318.481    14.806     0.060        14
   319.276    14.967     0.060        14
   320.058    15.133     0.060        14
   320.835    15.225     0.060        14
   321.604    15.356     0.060        14
   322.370    15.501     0.060        14
   323.150    15.644     0.060        14
   323.905    15.739     0.060        14
   324.671    15.887     0.060        14
   325.448    16.035     0.060        14
   326.233    16.195     0.060        14
   327.004    16.331     0.060        14
   327.799    16.466     0.060        14
   328.585    16.612     0.060        14
   329.357    16.737     0.060        14
   330.124    16.860     0.060        14
   330.903    16.991     0.060        14
   331.675    17.151     0.060        14
   332.450    17.326     0.060        14
   333.225    17.428     0.060        14
   333.979    17.551     0.060        14
   334.741    17.671     0.060        14
   335.534    17.833     0.060        14
   336.327    17.959     0.060        14
   337.134    18.056     0.060        14
   337.931    18.204     0.060        14
   338.718    18.316     0.060        14
   339.513    18.439     0.060        14
   340.305    18.549     0.060        14
   341.092    18.661     0.060        14
   341.882    18.783     0.060        14
   342.686    18.903     0.060        14
   343.490    19.020     0.060        14
   344.294    19.117     0.060        14
   345.090    19.206     0.060        14
   345.878    19.348     0.060        14
   346.679    19.463     0.060        14
   347.470    19.593     0.060        14
   348.255    19.708     0.060        14
   349.044    19.850     0.060        14
   349.842    19.988     0.060        14
   350.645    20.129     0.060        14
   351.434    20.241     0.060        14
   352.229    20.382     0.060        14
   293.099    16.811     0.060        24
   295.277    17.434     0.060        24
   301.084    18.982     0.060        24
   303.128    19.639     0.060        24
   306.570    20.595     0.060        24
   308.444    21.142     0.060        24
   315.155    23.069     0.060        24
   317.200    23.655     0.060        24
   332.297    28.230     0.060        24
   334.741    28.888     0.060        24
   338.407    29.948     0.060        24
   341.882    30.931     0.060        24
   344.133    31.619     0.060        24
   346.203    32.180     0.060        24
   318.954    25.172     0.060        28
   322.055    25.868     0.060        28
   325.448    26.746     0.060        28
   252.812    -1.000     0.000         0
   249.708     2.934     0.060         1
   250.471     2.565     0.060         1
   251.257     2.332     0.060         1
   252.046     2.168     0.060         1
   252.749     2.125     0.060         1
   250.632     3.194     0.060         2
   251.411     3.035     0.060         2
   252.199     2.943     0.060         2
   250.013     3.968     0.060         3
   250.785     3.843     0.060         3
   251.575     3.724     0.060         3
    55.501    33.073     0.060         5
    61.468    32.325     0.060         5
    70.799    31.177     0.060         5
    76.222    30.530     0.060         5
    81.790    29.837     0.060         5
    87.921    28.959     0.060         5
    94.038    27.962     0.060         5
   100.153    26.973     0.060         5
   105.108    26.190     0.060         5
   110.104    25.500     0.060         5
   115.280    24.876     0.060         5
   120.858    24.295     0.060         5
   125.474    23.714     0.060         5
   225.530     8.660     0.060         5
   227.146     8.431     0.060         5
   229.459     8.061     0.060         5
   231.424     7.726     0.060         5
   233.553     7.359     0.060         5
   234.949     7.059     0.060         5
   236.383     6.788     0.060         5
   238.123     6.424     0.060         5
   239.820     6.076     0.060         5
   241.669     5.683     0.060         5
   242.845     5.419     0.060         5
    69.545    31.674     0.060         8
    74.092    31.106     0.060         8
    78.224    30.562     0.060         8
    83.355    29.862     0.060         8
    89.013    29.076     0.060         8
    95.453    28.192     0.060         8
   104.314    26.923     0.060         8
   109.316    26.361     0.060         8
   117.027    25.447     0.060         8
   124.686    24.540     0.060         8
   130.854    23.669     0.060         8
   137.740    22.928     0.060         8
   142.380    22.340     0.060         8
   146.881    21.731     0.060         8
   151.156    20.968     0.060         8
   223.356     9.978     0.060        14
   225.831     9.695     0.060        14
   228.028     9.376     0.060        14
   230.440     8.937     0.060        14
   233.126     8.460     0.060        14
   235.670     7.979     0.060        14
   238.273     7.436     0.060        14
   241.056     6.824     0.060        14
   242.705     6.356     0.060        14
   138.216    37.840     0.060        24
   224.368    13.924     0.060        24
   226.565    13.277     0.060        24
   228.609    12.731     0.060        24
   230.300    12.264     0.060        24
   231.701    11.863     0.060        24
   233.553    11.297     0.060        24
   234.253     7.717     0.060        30
   234.949     7.540     0.060        30
   235.670     7.349     0.060        30
   236.383     7.163     0.060        30
   237.101     6.985     0.060        30
   237.832     6.819     0.060        30
   238.575     6.613     0.060        30
   252.812     1.000     0.000         0
   253.179     2.155     0.060         1
   253.949     2.290     0.060         1
   254.728     2.501     0.060         1
   255.499     2.836     0.060         1
   256.273     3.228     0.060         1
   253.179     2.897     0.060         2
   253.949     2.989     0.060         2
   259.277     3.996     0.060         5
   260.068     4.119     0.060         5
   260.863     4.243     0.060         5
   261.651     4.352     0.060         5
   262.460     4.494     0.060         5
   263.272     4.638     0.060         5
   264.081     4.781     0.060         5
   264.892     4.928     0.060         5
   265.714     5.081     0.060         5
   266.538     5.236     0.060         5
   267.347     5.368     0.060         5
   268.159     5.517     0.060         5
   268.955     5.661     0.060         5
   269.750     5.773     0.060         5
   270.558     5.882     0.060         5
   271.355     5.958     0.060         5
   272.162     6.018     0.060         5
   272.971     6.093     0.060         5
   273.777     6.178     0.060         5
   274.586     6.222     0.060         5
   275.412     6.281     0.060         5
   276.227     6.366     0.060         5
   277.048     6.441     0.060         5
   277.840     6.543     0.060         5
   278.649     6.668     0.060         5
   279.447     6.744     0.060         5
   280.262     6.817     0.060         5
   281.056     6.918     0.060         5
   281.857     6.990     0.060         5
   282.648     7.040     0.060         5
   283.452     7.141     0.060         5
   284.240     7.209     0.060         5
   285.044     7.282     0.060         5
   285.848     7.390     0.060         5
   286.652     7.466     0.060         5
   287.464     7.559     0.060         5
   288.262     7.638     0.060         5
   289.065     7.723     0.060         5
   289.879     7.825     0.060         5
   290.688     7.933     0.060         5
   291.669     8.048     0.060         5
   292.949     8.230     0.060         5
   294.183     8.448     0.060         5
   295.428     8.689     0.060         5
   296.813     8.973     0.060         5
   298.040     9.187     0.060         5
   299.728     9.471     0.060         5
   300.633     9.597     0.060         5
   302.172     9.856     0.060         5
   303.598    10.112     0.060         5
   304.998    10.327     0.060         5
   306.420    10.571     0.060         5
   307.815    10.770     0.060         5
   309.224    11.012     0.060         5
   310.482    11.207     0.060         5
   312.043    11.444     0.060         5
   313.443    11.679     0.060         5
   314.532    11.854     0.060         5
   316.241    12.134     0.060         5
   317.834    12.398     0.060         5
   319.427    12.683     0.060         5
   320.523    12.896     0.060         5
   322.370    13.263     0.060         5
   324.056    13.546     0.060         5
   325.287    13.768     0.060         5
   327.004    14.078     0.060         5
   328.585    14.382     0.060         5
   330.124    14.679     0.060         5
   310.321    11.926     0.060         8
   313.132    12.320     0.060         8
   315.316    12.608     0.060         8
   317.834    12.982     0.060         8
   320.058    13.305     0.060         8
   322.056    13.611     0.060         8
   324.210    13.928     0.060         8
   326.233    14.270     0.060         8
   328.108    14.606     0.060         8
   331.054    15.068     0.060         8
   332.768    15.339     0.060         8
   334.905    15.689     0.060         8
   336.492    15.959     0.060         8
   338.407    16.269     0.060         8
   340.145    16.518     0.060         8
   341.882    16.703     0.060         8
   344.294    16.950     0.060         8
   346.203    17.219     0.060         8
   347.938    17.488     0.060         8
   350.003    17.819     0.060         8
   344.927    16.930     0.060        13
   355.369    18.528     0.060        13
   361.894    19.618     0.060        13
   260.068     5.010     0.060        14
   263.272     5.585     0.060        14
   265.883     6.049     0.060        14
   268.638     6.495     0.060        14
   272.488     6.991     0.060        14
   276.398     7.397     0.060        14
   280.098     7.778     0.060        14
   282.812     8.008     0.060        14
   286.327     8.407     0.060        14
   288.743     8.710     0.060        14
   291.830     9.143     0.060        14
   294.347     9.551     0.060        14
   297.278    10.072     0.060        14
   301.702    10.792     0.060        14
   304.998    11.293     0.060        14
   308.444    11.890     0.060        14
   311.567    12.439     0.060        14
   314.220    12.850     0.060        14
   317.200    13.325     0.060        14
   319.277    13.696     0.060        14
   323.605    14.485     0.060        14
   328.585    15.389     0.060        14
   333.522    16.220     0.060        14
   261.812     7.404     0.060        24
   264.562     8.135     0.060        24
   268.802     9.392     0.060        24
   271.519    10.146     0.060        24
   293.882    15.133     0.060        24
   297.278    15.918     0.060        24
   299.575    16.630     0.060        24
   301.544    17.163     0.060        24
   303.598    17.765     0.060        24
   306.420    18.476     0.060        24
   309.224    19.266     0.060        24
   311.731    19.977     0.060        24
   264.830    -1.000     0.000         0
   262.946     1.849     0.060         1
   263.744     1.605     0.060         1
   264.560     1.486     0.060         1
   262.298     2.594     0.060         3
   263.110     2.418     0.060         3
   263.905     2.302     0.060         3
   264.729     2.269     0.060         3
    93.400    29.837     0.060         5
    96.251    29.233     0.060         5
    99.540    28.598     0.060         5
   102.462    28.111     0.060         5
   105.892    27.608     0.060         5
   109.953    27.026     0.060         5
   113.997    26.506     0.060         5
   118.293    25.991     0.060         5
   128.120    24.606     0.060         5
   135.205    23.770     0.060         5
   137.901    23.493     0.060         5
   141.252    22.974     0.060         5
   143.178    22.671     0.060         5
   146.082    22.215     0.060         5
   225.239    10.543     0.060         5
   225.973    10.409     0.060         5
   226.715    10.255     0.060         5
   227.436    10.194     0.060         5
   228.168    10.126     0.060         5
   228.889     9.997     0.060         5
   229.596     9.886     0.060         5
   230.300     9.748     0.060         5
   230.993     9.653     0.060         5
   231.701     9.552     0.060         5
   232.408     9.436     0.060         5
   233.126     9.332     0.060         5
   233.833     9.192     0.060         5
   234.529     9.084     0.060         5
   235.239     8.968     0.060         5
   235.949     8.836     0.060         5
   236.673     8.701     0.060         5
   237.391     8.519     0.060         5
   238.122     8.394     0.060         5
   238.886     8.288     0.060         5
   239.658     8.164     0.060         5
   240.443     8.012     0.060         5
   241.206     7.888     0.060         5
   241.970     7.760     0.060         5
   242.704     7.636     0.060         5
   243.419     7.524     0.060         5
   244.163     7.407     0.060         5
   244.931     7.239     0.060         5
   245.689     7.077     0.060         5
   246.431     6.895     0.060         5
   247.203     6.725     0.060         5
   247.986     6.555     0.060         5
   248.771     6.358     0.060         5
   249.548     6.193     0.060         5
   250.317     6.012     0.060         5
   251.103     5.788     0.060         5
   251.881     5.609     0.060         5
   252.680     5.403     0.060         5
   253.480     5.187     0.060         5
   254.256     4.934     0.060         5
   255.036     4.694     0.060         5
   255.810     4.450     0.060         5
   256.584     4.213     0.060         5
   257.369     3.943     0.060         5
   258.167     3.659     0.060         5
   258.965     3.443     0.060         5
    71.110    33.023     0.060         8
    77.296    32.265     0.060         8
    85.399    31.213     0.060         8
    90.878    30.500     0.060         8
    96.416    29.623     0.060         8
   118.766    26.515     0.060         8
   125.313    25.781     0.060         8
   131.169    25.057     0.060         8
   137.575    24.321     0.060         8
   225.973    11.103     0.060        14
   227.146    10.944     0.060        14
   228.609    10.746     0.060        14
   229.883    10.558     0.060        14
   231.561    10.313     0.060        14
   234.252     9.865     0.060        14
   237.101     9.293     0.060        14
   239.819     8.688     0.060        14
   242.120     8.304     0.060        14
   243.419     8.108     0.060        14
   245.689     7.675     0.060        14
   247.836     7.191     0.060        14
   249.397     6.840     0.060        14
   250.785     6.472     0.060        14
   252.199     6.071     0.060        14
   253.794     5.626     0.060        14
   255.347     5.209     0.060        14
   256.734     4.800     0.060        14
    41.448    36.712     0.060        16
    53.975    35.190     0.060        16
    68.770    33.581     0.060        16
   228.889    15.744     0.060        24
   231.424    15.136     0.060        24
   234.113    14.526     0.060        24
   237.101    13.774     0.060        24
   239.344    13.192     0.060        24
   241.508    12.576     0.060        24
   243.419    11.947     0.060        24
   245.538    11.253     0.060        24
   247.367    10.552     0.060        24
   264.830     1.000     0.000         0
   265.053     1.524     0.060         1
   265.883     1.717     0.060         1
   266.699     2.016     0.060         1
   265.383     2.276     0.060         3
   266.205     2.408     0.060         3
   271.355     3.520     0.060         5
   272.811     3.737     0.060         5
   273.777     3.934     0.060         5
   274.586     4.023     0.060         5
   275.412     4.093     0.060         5
   276.227     4.195     0.060         5
   277.048     4.320     0.060         5
   277.840     4.419     0.060         5
   278.649     4.548     0.060         5
   279.447     4.662     0.060         5
   280.262     4.771     0.060         5
   281.056     4.876     0.060         5
   281.857     4.963     0.060         5
   282.647     5.061     0.060         5
   283.452     5.140     0.060         5
   284.239     5.243     0.060         5
   285.044     5.343     0.060         5
   285.848     5.454     0.060         5
   286.652     5.551     0.060         5
   287.464     5.645     0.060         5
   288.262     5.742     0.060         5
   289.065     5.814     0.060         5
   289.879     5.941     0.060         5
   290.687     6.052     0.060         5
   291.504     6.162     0.060         5
   292.308     6.289     0.060         5
   293.099     6.408     0.060         5
   293.882     6.550     0.060         5
   294.648     6.703     0.060         5
   295.428     6.852     0.060         5
   296.194     7.022     0.060         5
   296.963     7.179     0.060         5
   297.736     7.326     0.060         5
   298.500     7.466     0.060         5
   299.268     7.598     0.060         5
   300.025     7.722     0.060         5
   300.784     7.822     0.060         5
   301.544     7.921     0.060         5
   302.333     8.063     0.060         5
   303.128     8.214     0.060         5
   303.909     8.362     0.060         5
   304.683     8.482     0.060         5
   305.471     8.610     0.060         5
   306.258     8.766     0.060         5
   307.046     8.856     0.060         5
   307.815     8.986     0.060         5
   308.598     9.150     0.060         5
   309.385     9.281     0.060         5
   310.159     9.369     0.060         5
   310.944     9.512     0.060         5
   311.731     9.640     0.060         5
   312.666     9.792     0.060         5
   313.443     9.916     0.060         5
   314.220    10.020     0.060         5
   315.004    10.196     0.060         5
   315.778    10.316     0.060         5
   316.555    10.424     0.060         5
   317.350    10.568     0.060         5
   318.159    10.712     0.060         5
   318.954    10.848     0.060         5
   319.746    10.984     0.060         5
   320.523    11.118     0.060         5
   321.300    11.271     0.060         5
   322.055    11.419     0.060         5
   322.835    11.551     0.060         5
   323.604    11.698     0.060         5
   324.360    11.830     0.060         5
   325.126    11.979     0.060         5
   325.921    12.109     0.060         5
   326.853    12.285     0.060         5
   327.638    12.435     0.060         5
   328.424    12.593     0.060         5
   329.196    12.721     0.060         5
   330.435    12.904     0.060         5
   332.146    13.198     0.060         5
   333.979    13.546     0.060         5
   336.002    13.904     0.060         5
   337.606    14.174     0.060         5
   339.202    14.432     0.060         5
   341.403    14.714     0.060         5
   343.818    15.039     0.060         5
   345.727    15.330     0.060         5
   348.890    15.825     0.060         5
   350.953    16.202     0.060         5
   353.642    16.624     0.060         5
   356.938    17.184     0.060         5
   361.095    18.001     0.060         5
   363.825    18.646     0.060         5
   366.540    19.438     0.060         5
   372.068    20.222     0.060         5
   306.570     9.869     0.060         8
   311.417    10.572     0.060         8
   315.929    11.210     0.060         8
   318.632    11.612     0.060         8
   321.905    12.086     0.060         8
   325.599    12.665     0.060         8
   328.424    13.075     0.060         8
   331.207    13.489     0.060         8
   333.072    13.787     0.060         8
   335.688    14.222     0.060         8
   338.557    14.657     0.060         8
   342.839    15.213     0.060         8
   346.039    15.646     0.060         8
   349.680    16.160     0.060         8
   353.330    16.740     0.060         8
   400.228    23.212     0.060        13
   405.034    23.522     0.060        13
   276.063     4.773     0.060        14
   280.262     5.333     0.060        14
   284.239     5.848     0.060        14
   288.262     6.343     0.060        14
   292.308     6.910     0.060        14
   296.813     7.768     0.060        14
   300.934     8.582     0.060        14
   305.159     9.321     0.060        14
   309.536    10.067     0.060        14
   314.381    10.884     0.060        14
   318.954    11.644     0.060        14
   322.206    12.195     0.060        14
   325.448    12.768     0.060        14
   329.049    13.416     0.060        14
   333.522    14.222     0.060        14
   336.492    14.770     0.060        14
   340.614    15.409     0.060        14
   345.563    16.136     0.060        14
   351.584    17.091     0.060        14
   356.463    17.903     0.060        14
   361.259    18.800     0.060        14
   365.110    19.837     0.060        14
   301.383    13.821     0.060        24
   305.320    14.922     0.060        24
   310.159    16.376     0.060        24
   314.532    17.697     0.060        24
   319.115    18.980     0.060        24
   323.300    20.191     0.060        24
   327.476    21.397     0.060        24
   339.833    25.043     0.060        24
   346.203    26.691     0.060        24
   349.680    27.626     0.060        24
   270.805    -1.000     0.000         0
   267.508     2.510     0.060         1
   268.315     2.029     0.060         1
   269.115     1.658     0.060         1
   269.916     1.435     0.060         1
   270.711     1.358     0.060         1
   268.633     2.205     0.060         2
   269.426     1.961     0.060         2
   270.237     1.850     0.060         2
   268.951     2.396     0.060         3
   269.748     2.211     0.060         3
   270.559     2.097     0.060         3
    90.724    31.113     0.060         5
    97.042    29.988     0.060         5
   103.522    28.793     0.060         5
   109.952    27.893     0.060         5
   114.957    27.340     0.060         5
   225.973    11.238     0.060         5
   226.715    11.135     0.060         5
   227.436    11.030     0.060         5
   228.167    10.936     0.060         5
   228.888    10.842     0.060         5
   229.595    10.738     0.060         5
   230.300    10.637     0.060         5
   230.993    10.532     0.060         5
   231.700    10.428     0.060         5
   232.407    10.314     0.060         5
   233.265    10.176     0.060         5
   233.972    10.044     0.060         5
   234.669     9.924     0.060         5
   235.809     9.695     0.060         5
   237.251     9.335     0.060         5
   239.039     9.031     0.060         5
   240.744     8.762     0.060         5
   243.131     8.439     0.060         5
   244.461     8.240     0.060         5
   245.239     8.098     0.060         5
   245.975     7.973     0.060         5
   246.734     7.846     0.060         5
   247.520     7.653     0.060         5
   248.297     7.497     0.060         5
   249.236     7.307     0.060         5
   250.013     7.150     0.060         5
   250.785     6.980     0.060         5
   251.574     6.797     0.060         5
   252.363     6.631     0.060         5
   253.173     6.441     0.060         5
   253.945     6.247     0.060         5
   254.727     6.049     0.060         5
   255.498     5.855     0.060         5
   256.273     5.683     0.060         5
   257.047     5.460     0.060         5
   257.842     5.218     0.060         5
   258.640     4.990     0.060         5
   259.439     4.778     0.060         5
   260.229     4.572     0.060         5
   261.014     4.393     0.060         5
   261.812     4.166     0.060         5
   262.624     3.995     0.060         5
   263.433     3.763     0.060         5
   264.242     3.574     0.060         5
   265.053     3.395     0.060         5
   265.881     3.184     0.060         5
   121.022    26.965     0.060         8
   126.098    26.317     0.060         8
   130.213    25.743     0.060         8
   136.307    25.049     0.060         8
   142.064    24.288     0.060         8
   145.918    23.696     0.060         8
   149.745    23.055     0.060         8
   152.399    22.492     0.060         8
   154.694    21.965     0.060         8
    22.401    38.804     0.060        13
    31.877    37.654     0.060        13
    37.057    36.966     0.060        13
    46.172    35.826     0.060        13
    58.258    34.548     0.060        13
    67.228    33.682     0.060        13
    74.844    32.967     0.060        13
    55.186    36.598     0.060        14
    66.473    35.268     0.060        14
    81.789    33.356     0.060        14
    94.825    31.411     0.060        14
   108.234    29.438     0.060        14
   121.831    27.788     0.060        14
   137.739    25.701     0.060        14
   150.224    23.695     0.060        14
   227.145    11.811     0.060        14
   229.746    11.370     0.060        14
   232.268    11.006     0.060        14
   234.669    10.584     0.060        14
   237.100    10.187     0.060        14
   239.343     9.802     0.060        14
   241.669     9.429     0.060        14
   244.461     8.970     0.060        14
   247.052     8.465     0.060        14
   249.236     7.995     0.060        14
   251.410     7.541     0.060        14
   253.480     7.042     0.060        14
   254.878     6.656     0.060        14
   256.735     6.143     0.060        14
   258.329     5.762     0.060        14
   259.753     5.351     0.060        14
   261.178     5.001     0.060        14
   263.111     4.542     0.060        14
   265.221     4.052     0.060        14
    71.260    33.800     0.060        16
    88.536    31.640     0.060        16
   100.927    29.854     0.060        16
   106.830    29.162     0.060        16
   114.309    28.366     0.060        16
   122.633    27.660     0.060        16
   133.752    27.063     0.060        16
   234.252    15.690     0.060        24
   237.100    14.961     0.060        24
   239.190    14.459     0.060        24
   241.354    13.849     0.060        24
   244.313    13.174     0.060        24
   246.430    12.629     0.060        24
   248.609    11.956     0.060        24
   250.785    11.079     0.060        24
   252.363    10.351     0.060        24
   270.805     1.000     0.000         0
   271.837     1.554     0.060         1
   272.649     1.874     0.060         1
   273.454     2.295     0.060         1
   271.205     1.814     0.060         2
   271.998     1.974     0.060         2
   271.205     2.094     0.060         3
   271.998     2.235     0.060         3
   274.260     2.635     0.060         5
   275.072     2.710     0.060         5
   275.901     2.798     0.060         5
   276.728     2.956     0.060         5
   277.528     3.123     0.060         5
   278.323     3.273     0.060         5
   279.124     3.425     0.060         5
   279.933     3.514     0.060         5
   280.738     3.624     0.060         5
   281.542     3.760     0.060         5
   282.332     3.881     0.060         5
   283.126     3.987     0.060         5
   283.927     4.094     0.060         5
   284.728     4.188     0.060         5
   285.530     4.307     0.060         5
   286.326     4.443     0.060         5
   287.138     4.554     0.060         5
   287.939     4.675     0.060         5
   288.742     4.742     0.060         5
   289.556     4.824     0.060         5
   290.365     4.927     0.060         5
   291.181     5.069     0.060         5
   291.993     5.193     0.060         5
   292.784     5.327     0.060         5
   293.567     5.460     0.060         5
   294.346     5.642     0.060         5
   295.113     5.789     0.060         5
   295.882     5.950     0.060         5
   296.662     6.130     0.060         5
   297.431     6.280     0.060         5
   298.193     6.417     0.060         5
   298.960     6.550     0.060         5
   299.728     6.702     0.060         5
   300.482     6.846     0.060         5
   301.231     6.933     0.060         5
   302.020     7.059     0.060         5
   302.816     7.195     0.060         5
   303.597     7.368     0.060         5
   304.371     7.498     0.060         5
   305.159     7.601     0.060         5
   305.943     7.772     0.060         5
   306.731     7.844     0.060         5
   307.510     7.985     0.060         5
   308.290     8.103     0.060         5
   309.073     8.245     0.060         5
   309.847     8.370     0.060         5
   310.631     8.485     0.060         5
   311.416     8.617     0.060         5
   312.203     8.753     0.060         5
   312.977     8.906     0.060         5
   313.754     8.972     0.060         5
   314.531     9.113     0.060         5
   315.316     9.273     0.060         5
   316.089     9.376     0.060         5
   316.877     9.491     0.060         5
   317.672     9.612     0.060         5
   318.481     9.784     0.060         5
   319.276     9.913     0.060         5
   320.058    10.068     0.060         5
   320.834    10.214     0.060         5
   321.604    10.365     0.060         5
   322.370    10.504     0.060         5
   323.149    10.620     0.060         5
   323.905    10.781     0.060         5
   324.671    10.901     0.060         5
   325.448    11.065     0.060         5
   326.232    11.197     0.060         5
   327.003    11.360     0.060         5
   327.798    11.481     0.060         5
   328.585    11.628     0.060         5
   329.357    11.776     0.060         5
   330.123    11.896     0.060         5
   330.903    12.024     0.060         5
   331.675    12.158     0.060         5
   332.450    12.316     0.060         5
   333.225    12.455     0.060         5
   333.979    12.595     0.060         5
   334.740    12.738     0.060         5
   335.534    12.899     0.060         5
   336.327    13.035     0.060         5
   337.134    13.176     0.060         5
   337.930    13.289     0.060         5
   338.718    13.390     0.060         5
   339.513    13.501     0.060         5
   340.305    13.599     0.060         5
   341.091    13.713     0.060         5
   341.882    13.824     0.060         5
   342.686    13.906     0.060         5
   343.490    14.064     0.060         5
   344.294    14.164     0.060         5
   345.090    14.279     0.060         5
   345.877    14.419     0.060         5
   346.678    14.531     0.060         5
   347.469    14.656     0.060         5
   348.254    14.790     0.060         5
   350.322    15.149     0.060         5
   352.392    15.499     0.060         5
   355.368    15.996     0.060         5
   359.503    16.824     0.060         5
   363.005    17.587     0.060         5
   365.910    18.356     0.060         5
   370.810    19.095     0.060         5
   306.094     9.213     0.060         8
   309.073     9.581     0.060         8
   313.131    10.077     0.060         8
   316.555    10.497     0.060         8
   319.115    10.916     0.060         8
   322.055    11.366     0.060         8
   324.209    11.721     0.060         8
   325.448    11.908     0.060         8
   326.232    11.995     0.060         8
   327.003    12.094     0.060         8
   327.798    12.188     0.060         8
   328.585    12.315     0.060         8
   329.357    12.442     0.060         8
   330.123    12.548     0.060         8
   330.903    12.663     0.060         8
   331.675    12.772     0.060         8
   332.450    12.912     0.060         8
   333.225    13.021     0.060         8
   333.979    13.151     0.060         8
   334.740    13.285     0.060         8
   335.534    13.413     0.060         8
   336.327    13.538     0.060         8
   337.134    13.645     0.060         8
   337.930    13.772     0.060         8
   338.718    13.894     0.060         8
   339.513    13.989     0.060         8
   340.305    14.092     0.060         8
   341.091    14.191     0.060         8
   341.882    14.249     0.060         8
   342.686    14.351     0.060         8
   343.490    14.470     0.060         8
   344.294    14.566     0.060         8
   345.090    14.654     0.060         8
   345.877    14.773     0.060         8
   346.678    14.839     0.060         8
   347.469    14.966     0.060         8
   348.254    15.072     0.060         8
   349.043    15.207     0.060         8
   349.841    15.315     0.060         8
   350.644    15.464     0.060         8
   351.433    15.610     0.060         8
   352.228    15.734     0.060         8
   356.938    16.511     0.060         8
   319.276    11.994     0.060        12
   328.890    13.326     0.060        12
   337.288    14.559     0.060        12
   346.203    15.737     0.060        12
   356.623    17.371     0.060        12
   364.794    19.002     0.060        12
   277.678     4.060     0.060        14
   278.487     4.158     0.060        14
   279.286     4.270     0.060        14
   280.098     4.388     0.060        14
   280.891     4.501     0.060        14
   281.695     4.621     0.060        14
   282.496     4.704     0.060        14
   283.287     4.804     0.060        14
   284.088     4.920     0.060        14
   284.890     5.030     0.060        14
   285.683     5.178     0.060        14
   286.487     5.270     0.060        14
   287.302     5.380     0.060        14
   288.100     5.497     0.060        14
   288.903     5.576     0.060        14
   289.717     5.721     0.060        14
   290.526     5.827     0.060        14
   291.343     5.978     0.060        14
   292.144     6.137     0.060        14
   292.948     6.277     0.060        14
   293.717     6.414     0.060        14
   294.497     6.569     0.060        14
   295.277     6.707     0.060        14
   296.043     6.887     0.060        14
   296.812     6.958     0.060        14
   297.582     7.104     0.060        14
   298.357     7.266     0.060        14
   299.114     7.382     0.060        14
   299.874     7.538     0.060        14
   300.632     7.648     0.060        14
   301.382     7.770     0.060        14
   302.171     7.925     0.060        14
   302.966     8.048     0.060        14
   303.748     8.202     0.060        14
   304.532     8.319     0.060        14
   305.320     8.452     0.060        14
   306.094     8.620     0.060        14
   306.884     8.726     0.060        14
   307.661     8.842     0.060        14
   308.444     8.993     0.060        14
   309.224     9.104     0.060        14
   310.008     9.236     0.060        14
   310.793     9.343     0.060        14
   311.567     9.515     0.060        14
   312.354     9.657     0.060        14
   313.131     9.861     0.060        14
   313.905     9.954     0.060        14
   314.692    10.094     0.060        14
   315.466    10.200     0.060        14
   316.240    10.371     0.060        14
   317.038    10.492     0.060        14
   317.833    10.593     0.060        14
   318.631    10.757     0.060        14
   319.427    10.886     0.060        14
   320.219    11.019     0.060        14
   320.988    11.199     0.060        14
   321.754    11.293     0.060        14
   322.520    11.469     0.060        14
   323.300    11.593     0.060        14
   324.055    11.768     0.060        14
   324.825    11.935     0.060        14
   325.598    12.039     0.060        14
   326.383    12.253     0.060        14
   327.164    12.351     0.060        14
   327.946    12.500     0.060        14
   328.732    12.619     0.060        14
   329.505    12.729     0.060        14
   330.285    12.891     0.060        14
   331.054    13.013     0.060        14
   331.829    13.149     0.060        14
   332.604    13.337     0.060        14
   333.368    13.460     0.060        14
   334.132    13.595     0.060        14
   334.904    13.738     0.060        14
   335.687    13.810     0.060        14
   336.491    13.935     0.060        14
   337.288    14.168     0.060        14
   338.095    14.272     0.060        14
   338.879    14.376     0.060        14
   339.674    14.523     0.060        14
   340.453    14.638     0.060        14
   341.252    14.705     0.060        14
   342.046    14.825     0.060        14
   342.839    14.918     0.060        14
   343.654    15.048     0.060        14
   344.458    15.208     0.060        14
   345.251    15.287     0.060        14
   346.038    15.394     0.060        14
   346.840    15.557     0.060        14
   347.622    15.637     0.060        14
   348.408    15.746     0.060        14
   349.207    15.870     0.060        14
   350.002    16.051     0.060        14
   350.791    16.160     0.060        14
   351.583    16.244     0.060        14
   352.392    16.381     0.060        14
   353.176    16.481     0.060        14
   353.956    16.595     0.060        14
   354.739    16.793     0.060        14
   355.529    16.897     0.060        14
   356.312    17.043     0.060        14
   357.102    17.176     0.060        14
   357.895    17.399     0.060        14
   358.699    17.555     0.060        14
   359.503    17.650     0.060        14
   360.294    17.800     0.060        14
   361.095    17.983     0.060        14
   361.893    18.126     0.060        14
   362.680    18.317     0.060        14
   363.499    18.512     0.060        14
   371.283    20.193     0.060        15
   377.843    20.832     0.060        15
   387.327    21.900     0.060        15
   395.392    23.106     0.060        15
   401.838    24.310     0.060        15
   297.889    11.033     0.060        24
   306.569    13.603     0.060        24
   309.847    14.535     0.060        24
   322.055    18.230     0.060        24
   327.003    19.688     0.060        24
   329.669    20.569     0.060        24
   332.146    21.259     0.060        24
   335.687    22.278     0.060        24
   338.406    23.056     0.060        24
   367.015    31.336     0.060        24
   371.906    32.729     0.060        24
   375.583    33.717     0.060        24
   276.757    -1.000     0.000         0
   274.587     1.690     0.060         1
   275.412     1.295     0.060         1
   276.226     1.047     0.060         1
   276.398     1.753     0.060         2
    89.794    31.870     0.060         5
    96.881    30.706     0.060         5
   100.777    29.872     0.060         5
   103.988    29.421     0.060         5
   104.793    29.310     0.060         5
   105.574    29.201     0.060         5
   106.368    29.112     0.060         5
   107.145    29.000     0.060         5
   107.923    28.907     0.060         5
   108.694    28.788     0.060         5
   109.479    28.656     0.060         5
   110.265    28.596     0.060         5
   140.929    24.557     0.060         5
   146.405    23.710     0.060         5
   224.808    12.137     0.060         5
   225.529    12.069     0.060         5
   226.274    11.983     0.060         5
   227.006    11.910     0.060         5
   227.737    11.772     0.060         5
   228.461    11.672     0.060         5
   229.179    11.588     0.060         5
   229.883    11.500     0.060         5
   230.577    11.416     0.060         5
   231.284    11.281     0.060         5
   231.988    11.147     0.060         5
   232.698    11.027     0.060         5
   233.416    10.910     0.060         5
   234.112    10.809     0.060         5
   234.809    10.695     0.060         5
   235.530    10.534     0.060         5
   236.240    10.417     0.060         5
   236.964    10.260     0.060         5
   237.692    10.104     0.060         5
   238.424     9.978     0.060         5
   239.190     9.851     0.060         5
   239.970     9.759     0.060         5
   240.744     9.635     0.060         5
   241.508     9.510     0.060         5
   242.274     9.385     0.060         5
   242.995     9.290     0.060         5
   243.717     9.200     0.060         5
   244.461     9.059     0.060         5
   245.240     8.939     0.060         5
   245.976     8.756     0.060         5
   246.735     8.636     0.060         5
   247.521     8.527     0.060         5
   248.298     8.423     0.060         5
   249.085     8.254     0.060         5
   249.859     8.045     0.060         5
   250.632     7.894     0.060         5
   251.410     7.722     0.060         5
   252.199     7.536     0.060         5
   253.009     7.367     0.060         5
   253.795     7.203     0.060         5
   254.566     7.008     0.060         5
   255.348     6.832     0.060         5
   256.122     6.661     0.060         5
   256.896     6.462     0.060         5
   257.681     6.250     0.060         5
   258.479     6.039     0.060         5
   259.278     5.833     0.060         5
   260.068     5.633     0.060         5
   260.864     5.461     0.060         5
   261.651     5.309     0.060         5
   262.460     5.136     0.060         5
   263.272     4.981     0.060         5
   264.081     4.820     0.060         5
   264.892     4.631     0.060         5
   265.713     4.465     0.060         5
   266.537     4.263     0.060         5
   267.346     4.099     0.060         5
   268.158     3.853     0.060         5
   268.955     3.621     0.060         5
   269.750     3.405     0.060         5
   270.559     3.179     0.060         5
   271.355     2.938     0.060         5
   272.162     2.725     0.060         5
   272.971     2.440     0.060         5
   120.697    27.611     0.060         8
   126.872    26.831     0.060         8
   137.263    25.473     0.060         8
   146.717    24.137     0.060         8
   153.633    22.885     0.060         8
    67.228    33.980     0.060        13
    75.143    33.061     0.060        13
   225.239    12.714     0.060        14
   227.587    12.426     0.060        14
   229.596    12.135     0.060        14
   232.128    11.743     0.060        14
   233.973    11.440     0.060        14
   236.240    11.066     0.060        14
   238.574    10.644     0.060        14
   240.443    10.298     0.060        14
   242.274     9.963     0.060        14
   244.314     9.563     0.060        14
   246.735     9.121     0.060        14
   248.609     8.710     0.060        14
   250.164     8.385     0.060        14
   252.199     7.989     0.060        14
   254.096     7.571     0.060        14
   255.660     7.186     0.060        14
   257.369     6.726     0.060        14
   259.117     6.300     0.060        14
   261.014     5.792     0.060        14
   263.111     5.390     0.060        14
   265.383     4.988     0.060        14
   267.023     4.553     0.060        14
   228.889    18.774     0.060        24
   231.701    18.041     0.060        24
   233.973    17.415     0.060        24
   235.670    16.954     0.060        24
   237.542    16.427     0.060        24
   239.658    15.861     0.060        24
   241.354    15.385     0.060        24
   243.132    14.902     0.060        24
   245.825    14.098     0.060        24
   248.298    13.244     0.060        24
   251.574    12.114     0.060        24
   255.036    10.997     0.060        24
   276.757     1.000     0.000         0
   277.206     1.091     0.060         1
   278.002     1.349     0.060         1
   278.810     1.736     0.060         1
   281.217     2.372     0.060         5
   282.021     2.517     0.060         5
   282.811     2.642     0.060         5
   283.602     2.758     0.060         5
   284.403     2.884     0.060         5
   285.205     3.015     0.060         5
   286.012     3.143     0.060         5
   286.813     3.263     0.060         5
   287.625     3.378     0.060         5
   288.420     3.481     0.060         5
   289.226     3.601     0.060         5
   290.040     3.736     0.060         5
   290.849     3.860     0.060         5
   291.668     4.014     0.060         5
   292.469     4.135     0.060         5
   293.252     4.254     0.060         5
   294.032     4.415     0.060         5
   294.812     4.627     0.060         5
   295.578     4.776     0.060         5
   296.347     4.957     0.060         5
   297.117     5.108     0.060         5
   297.889     5.297     0.060         5
   298.653     5.432     0.060         5
   299.421     5.585     0.060         5
   300.178     5.717     0.060         5
   300.934     5.839     0.060         5
   301.702     5.956     0.060         5
   302.494     6.098     0.060         5
   303.286     6.213     0.060         5
   304.060     6.367     0.060         5
   304.844     6.511     0.060         5
   305.632     6.638     0.060         5
   306.419     6.775     0.060         5
   307.196     6.871     0.060         5
   307.976     7.005     0.060         5
   308.759     7.155     0.060         5
   309.536     7.283     0.060         5
   310.320     7.375     0.060         5
   311.105     7.526     0.060         5
   311.881     7.665     0.060         5
   312.666     7.776     0.060         5
   313.443     7.905     0.060         5
   314.220     8.030     0.060         5
   315.004     8.189     0.060         5
   315.778     8.330     0.060         5
   316.555     8.430     0.060         5
   317.350     8.554     0.060         5
   318.159     8.691     0.060         5
   318.954     8.847     0.060         5
   319.746     8.995     0.060         5
   320.523     9.160     0.060         5
   321.300     9.305     0.060         5
   322.055     9.441     0.060         5
   322.835     9.573     0.060         5
   323.604     9.720     0.060         5
   324.360     9.851     0.060         5
   325.126     9.994     0.060         5
   325.921    10.165     0.060         5
   326.692    10.279     0.060         5
   327.476    10.427     0.060         5
   328.266    10.576     0.060         5
   329.049    10.684     0.060         5
   329.820    10.820     0.060         5
   330.589    10.964     0.060         5
   331.372    11.104     0.060         5
   332.297    11.260     0.060         5
   333.072    11.415     0.060         5
   333.826    11.558     0.060         5
   334.590    11.698     0.060         5
   335.373    11.855     0.060         5
   336.166    11.987     0.060         5
   336.970    12.119     0.060         5
   337.770    12.254     0.060         5
   338.557    12.385     0.060         5
   339.352    12.507     0.060         5
   340.144    12.620     0.060         5
   340.933    12.713     0.060         5
   341.718    12.808     0.060         5
   342.522    12.907     0.060         5
   343.329    13.020     0.060         5
   344.133    13.117     0.060         5
   344.926    13.224     0.060         5
   345.727    13.348     0.060         5
   346.515    13.451     0.060         5
   347.308    13.575     0.060         5
   348.091    13.699     0.060         5
   348.890    13.826     0.060         5
   349.680    13.946     0.060         5
   350.483    14.082     0.060         5
   351.272    14.221     0.060         5
   324.975    11.029     0.060         8
   325.760    11.113     0.060         8
   326.544    11.225     0.060         8
   327.326    11.341     0.060         8
   328.107    11.454     0.060         8
   328.891    11.528     0.060         8
   329.669    11.624     0.060         8
   330.435    11.764     0.060         8
   331.207    11.860     0.060         8
   332.147    12.009     0.060         8
   332.922    12.142     0.060         8
   333.675    12.293     0.060         8
   334.590    12.431     0.060         8
   335.534    12.609     0.060         8
   336.327    12.735     0.060         8
   337.134    12.835     0.060         8
   337.931    12.977     0.060         8
   338.718    13.101     0.060         8
   339.513    13.197     0.060         8
   340.305    13.277     0.060         8
   341.092    13.326     0.060         8
   341.882    13.438     0.060         8
   342.686    13.538     0.060         8
   343.979    13.670     0.060         8
   345.090    13.807     0.060         8
   346.515    14.000     0.060         8
   347.937    14.198     0.060         8
   348.890    14.326     0.060         8
   361.732    16.521     0.060         8
   365.109    17.242     0.060         8
   370.187    18.092     0.060         8
   376.219    18.795     0.060         8
   279.447     2.062     0.060        10
   280.262     2.259     0.060        10
   325.126    11.535     0.060        12
   330.285    12.262     0.060        12
   337.931    13.441     0.060        12
   344.926    14.267     0.060        12
   281.381     2.917     0.060        14
   282.171     3.049     0.060        14
   282.973     3.168     0.060        14
   283.763     3.290     0.060        14
   284.564     3.411     0.060        14
   285.369     3.529     0.060        14
   286.173     3.652     0.060        14
   286.977     3.756     0.060        14
   287.789     3.903     0.060        14
   288.581     4.013     0.060        14
   289.387     4.122     0.060        14
   290.201     4.243     0.060        14
   291.021     4.397     0.060        14
   291.829     4.526     0.060        14
   292.623     4.639     0.060        14
   293.413     4.775     0.060        14
   294.183     4.914     0.060        14
   294.963     5.077     0.060        14
   295.732     5.249     0.060        14
   296.498     5.446     0.060        14
   297.278     5.636     0.060        14
   298.039     5.795     0.060        14
   298.807     5.951     0.060        14
   299.575     6.111     0.060        14
   300.332     6.242     0.060        14
   301.084     6.357     0.060        14
   301.863     6.493     0.060        14
   302.655     6.652     0.060        14
   303.436     6.818     0.060        14
   304.221     6.963     0.060        14
   304.998     7.079     0.060        14
   305.782     7.234     0.060        14
   306.570     7.368     0.060        14
   307.350     7.458     0.060        14
   308.129     7.559     0.060        14
   308.912     7.710     0.060        14
   309.697     7.843     0.060        14
   310.481     7.968     0.060        14
   311.255     8.089     0.060        14
   312.043     8.216     0.060        14
   312.817     8.349     0.060        14
   313.604     8.487     0.060        14
   314.381     8.608     0.060        14
   315.155     8.761     0.060        14
   315.929     8.889     0.060        14
   316.716     9.014     0.060        14
   317.672     9.175     0.060        14
   318.481     9.328     0.060        14
   319.276     9.442     0.060        14
   320.058     9.586     0.060        14
   320.835     9.727     0.060        14
   321.604     9.883     0.060        14
   322.370    10.037     0.060        14
   323.300    10.172     0.060        14
   324.056    10.308     0.060        14
   324.825    10.432     0.060        14
   325.599    10.598     0.060        14
   326.383    10.754     0.060        14
   327.165    10.911     0.060        14
   327.946    11.080     0.060        14
   328.733    11.226     0.060        14
   329.505    11.343     0.060        14
   330.285    11.493     0.060        14
   331.054    11.593     0.060        14
   331.829    11.712     0.060        14
   332.604    11.878     0.060        14
   333.368    12.019     0.060        14
   334.133    12.161     0.060        14
   334.905    12.298     0.060        14
   335.687    12.454     0.060        14
   336.491    12.588     0.060        14
   337.288    12.717     0.060        14
   338.095    12.835     0.060        14
   338.879    12.958     0.060        14
   339.674    13.068     0.060        14
   340.453    13.182     0.060        14
   341.253    13.279     0.060        14
   342.046    13.388     0.060        14
   342.839    13.479     0.060        14
   343.654    13.592     0.060        14
   344.458    13.700     0.060        14
   345.251    13.824     0.060        14
   346.039    13.947     0.060        14
   346.840    14.088     0.060        14
   347.623    14.200     0.060        14
   348.408    14.307     0.060        14
   349.208    14.444     0.060        14
   282.729    -1.000     0.000         0
   281.382     1.023     0.060         1
   282.173     0.712     0.060         1
   281.382     1.689     0.060         3
   282.173     1.531     0.060         3
    92.765    32.163     0.060         5
    98.607    31.087     0.060         5
   104.468    30.168     0.060         5
   124.837    27.557     0.060         5
   231.284    12.328     0.060         5
   231.988    12.182     0.060         5
   232.698    12.074     0.060         5
   233.416    11.944     0.060         5
   234.113    11.819     0.060         5
   234.809    11.691     0.060         5
   235.530    11.552     0.060         5
   236.240    11.442     0.060         5
   236.964    11.314     0.060         5
   237.692    11.190     0.060         5
   238.424    11.085     0.060         5
   239.190    10.970     0.060         5
   239.970    10.826     0.060         5
   240.744    10.693     0.060         5
   241.508    10.571     0.060         5
   242.274    10.461     0.060         5
   242.995    10.351     0.060         5
   243.718    10.235     0.060         5
   244.461    10.080     0.060         5
   245.240     9.967     0.060         5
   245.976     9.831     0.060         5
   246.735     9.671     0.060         5
   247.521     9.529     0.060         5
   248.298     9.346     0.060         5
   249.086     9.209     0.060         5
   249.860     9.070     0.060         5
   250.632     8.926     0.060         5
   251.410     8.733     0.060         5
   252.364     8.554     0.060         5
   253.174     8.355     0.060         5
   253.946     8.187     0.060         5
   254.728     8.023     0.060         5
   255.499     7.851     0.060         5
   256.273     7.682     0.060         5
   257.047     7.484     0.060         5
   257.843     7.286     0.060         5
   258.641     7.090     0.060         5
   259.439     6.916     0.060         5
   260.230     6.740     0.060         5
   261.015     6.575     0.060         5
   261.813     6.433     0.060         5
   262.625     6.272     0.060         5
   263.434     6.126     0.060         5
   264.243     5.969     0.060         5
   265.054     5.807     0.060         5
   265.882     5.657     0.060         5
   266.699     5.489     0.060         5
   267.511     5.291     0.060         5
   268.320     5.083     0.060         5
   269.119     4.895     0.060         5
   269.918     4.713     0.060         5
   270.713     4.447     0.060         5
   271.520     4.249     0.060         5
   272.324     4.031     0.060         5
   273.133     3.808     0.060         5
   273.939     3.576     0.060         5
   274.748     3.347     0.060         5
   275.573     3.121     0.060         5
   276.399     2.930     0.060         5
   277.207     2.760     0.060         5
   272.324     4.773     0.060        14
   274.261     4.235     0.060        14
   276.399     3.673     0.060        14
   282.729     1.000     0.000         0
   283.288     0.813     0.060         1
   284.089     1.171     0.060         1
   283.452     1.525     0.060         3
   289.065     2.509     0.060         5
   292.144     3.083     0.060         5
   294.032     3.460     0.060         5
   295.732     3.856     0.060         5
   298.040     4.388     0.060         5
   301.085     4.979     0.060         5
   304.998     5.685     0.060         5
   307.662     6.133     0.060         5
   311.105     6.729     0.060         5
   313.443     7.101     0.060         5
   315.778     7.526     0.060         5
   319.277     8.135     0.060         5
   322.056     8.665     0.060         5
   324.360     9.088     0.060         5
   326.853     9.552     0.060         5
   329.197     9.944     0.060         5
   331.372    10.310     0.060         5
   333.369    10.683     0.060         5
   336.645    11.296     0.060         5
   339.983    11.804     0.060         5
   343.001    12.192     0.060         5
   347.308    12.873     0.060         5
   350.953    13.470     0.060         5
   323.604    10.183     0.060         8
   326.383    10.568     0.060         8
   329.358    10.969     0.060         8
   331.372    11.225     0.060         8
   333.226    11.526     0.060         8
   334.905    11.806     0.060         8
   337.288    12.186     0.060         8
   339.513    12.468     0.060         8
   341.403    12.657     0.060         8
   343.329    12.870     0.060         8
   345.090    13.076     0.060         8
   346.679    13.298     0.060         8
   351.272    14.016     0.060         8
   357.896    15.137     0.060         8
   363.167    16.223     0.060         8
   367.176    17.108     0.060         8
   284.890     1.578     0.060        10
   285.684     1.817     0.060        10
   286.488     2.028     0.060        10
   373.338    17.859     0.060        13
   377.031    18.156     0.060        13
   286.327     2.154     0.060        30
   287.139     2.440     0.060        30
   287.940     2.741     0.060        30
     0.000     0.000     0.000        -1
