shot  ray i.angle  f.angle   dist     depth red.time  npts code
***  ray stopped - illegal reflection  ***
  -1   1    2.250   -0.308  347.331    1.99   0.682     5   1.2
  -1   2    5.276   -3.334  314.256    0.00  18.637    71   1.2
  -1   3    8.302   -6.360  330.645    0.00   9.794    38   1.2
  -1   4   11.328   -9.385  336.490    0.00   6.664    27   1.2
  -1   5   14.353  -12.411  339.502    0.00   5.068    20   1.2
  -1   6   17.379  -15.437  341.347    0.00   4.104    17   1.2
  -1   7   20.405  -18.463  342.600    0.00   3.461    15   1.2
  -1   8   23.431  -21.489  343.510    0.00   3.005    12   1.2
  -1   9   26.457  -24.514  344.204    0.00   2.665    11   1.2
  -1  10   29.483  -27.540  344.755    0.00   2.404    10   1.2
  -1  11   32.509  -30.566  345.204    0.00   2.199     9   1.2
  -1  12   35.534  -33.592  345.579    0.00   2.033     9   1.2
  -1  13   38.560  -36.618  345.899    0.00   1.899     8   1.2
  -1  14   41.586  -39.643  346.176    0.00   1.788     7   1.2
  -1  15   44.612  -42.669  346.420    0.00   1.696     7   1.2
  -1  16   47.638  -45.695  346.638    0.00   1.619     6   1.2
  -1  17   50.664  -48.721  346.834    0.00   1.555     6   1.2
  -1  18   53.690  -51.746  347.013    0.00   1.501     5   1.2
  -1  19   56.716  -54.772  347.178    0.00   1.456     5   1.2
  -1  20   59.741  -57.798  347.331    0.00   1.418     5   1.2
  -1  21   62.767  -60.823  347.473    0.00   1.387     5   1.2
  -1  22   65.793  -63.849  347.608    0.00   1.363     4   1.2
  -1  23   68.819  -66.875  347.736    0.00   1.343     4   1.2
  -1  24   71.845  -69.900  347.858   -0.00   1.328     4   1.2
  -1  25   74.871  -72.925  347.976    0.00   1.318     4   1.2
  -1  26   77.897  -75.955  348.090    0.00   1.312     4   1.2
  -1  27   80.922  -78.980  348.200    0.00   1.310     4   1.2
  -1  28   83.948  -82.006  348.309    0.00   1.311     4   1.2
  -1  29   86.974  -85.032  348.416    0.00   1.317     4   1.2
  -1  30   90.000  -88.058  348.522    0.00   1.326     4   1.2
  -1   1   75.495  -72.473  250.854    0.00   6.512    74   7.2
  -1   2   75.513  -73.506  253.159    0.00   6.334    74   7.2
  -1   3   75.564  -69.842  258.118   -0.00   5.916    72   7.2
  -1   4   75.651  -76.616  267.716    0.00   5.596    68   7.2
  -1   5   75.771  -71.075  272.876    0.00   5.369    70   7.2
  -1   6   75.927  -76.812  282.090    0.00   4.924    65   7.2
  -1   7   76.116  -76.671  286.567    0.00   4.760    59   7.2
  -1   8   76.340  -80.269  291.240    0.00   4.729    59   7.2
  -1   9   76.599  -85.595  295.832    0.00   5.006    57   7.2
  -1  10   76.892  -83.439  299.901    0.00   5.232    62   7.2
  -1  11   77.220  -82.523  303.673    0.00   5.400    57   7.2
  -1  12   77.582  -81.831  307.421    0.00   5.527    54   7.2
  -1  13   77.979  -83.918  310.771    0.00   5.699    52   7.2
  -1  14   78.410  -86.377  314.255    0.00   5.928    52   7.2
  -1  15   78.876  -86.522  317.330    0.00   6.181    53   7.2
  -1  16   79.376  -85.326  320.352    0.00   6.400    53   7.2
  -1  17   79.911  -88.721  323.557    0.00   6.702    51   7.2
  -1  18   80.480  -87.870  326.329    0.00   6.999    52   7.2
  -1  19   81.083  -87.689  329.171    0.00   7.250    52   7.2
  -1  20   81.722   89.882  332.325    0.00   7.622    53   7.2
  -1  21   82.394   89.781  335.044    0.00   7.948    50   7.2
  -1  22   83.101  -89.284  337.755    0.00   8.284    50   7.2
  -1  23   83.843  -87.015  340.451    0.00   8.558    50   7.2
  -1  24   84.619   88.027  343.609    0.00   8.919    48   7.2
  -1  25   85.430   88.006  346.486    0.00   9.339    48   7.2
  -1  26   86.275   85.625  349.689    0.00   9.583    50   7.2
  -1  27   87.154   87.018  351.148    0.00   9.455    49   7.2
  -1  28   88.068   89.767  354.295    0.00   9.128    51   7.2
  -1  29   89.017   79.643  359.637    0.00   8.746    51   7.2
***  ray stopped - illegal reflection  ***
  -1  30   90.000  -89.494  348.590    2.39   0.189     7   2.1
  -1   1   68.716  -69.629  345.230    0.00   2.527    28   4.1
  -1   2   68.889  -71.461  341.567   -0.00   2.869    39   4.1
  -1   3   69.062  -67.320  340.143    0.00   3.018    41   4.1
  -1   4   69.234  -67.605  339.474    0.00   3.105    42   4.1
  -1   5   69.407  -67.336  338.829    0.00   3.189    44   4.1
  -1   6   69.580  -68.412  338.291    0.00   3.257    44   4.1
  -1   7   69.753  -68.765  337.763    0.00   3.319    45   4.1
  -1   8   69.925  -73.959  335.749    0.00   3.478    50   4.1
  -1   9   70.098  -74.296  335.236    0.00   3.507    51   4.1
  -1  10   70.271  -75.512  334.782    0.00   3.530    52   4.1
  -1  11   70.444  -75.563  334.279    0.00   3.550    52   4.1
  -1  12   70.616  -74.905  333.752    0.00   3.575    54   4.1
  -1  13   70.789  -74.424  333.255    0.00   3.600    55   4.1
  -1  14   70.962  -74.618  332.798    0.00   3.625    55   4.1
  -1  15   71.135  -75.066  332.350    0.00   3.647    57   4.1
  -1  16   71.307  -77.127  332.000    0.00   3.658    57   4.1
  -1  17   71.480  -77.281  331.495    0.00   3.668    58   4.1
  -1  18   71.653  -78.357  331.050    0.00   3.676    58   4.1
  -1  19   71.826  -78.734  330.569    0.00   3.679    60   4.1
  -1  20   71.998  -77.341  329.986    0.00   3.685    59   4.1
  -1  21   72.171  -76.926  329.491   -0.00   3.697    61   4.1
  -1  22   72.344  -76.858  329.014    0.00   3.710    60   4.1
  -1  23   72.516  -76.555  328.521    0.00   3.724    62   4.1
  -1  24   72.689  -75.990  327.998    0.00   3.743    62   4.1
  -1  25   72.862  -75.851  327.513    0.00   3.761    62   4.1
  -1  26   73.035  -77.290  327.081    0.00   3.777    63   4.1
  -1  27   73.207  -76.327  326.557    0.00   3.795    65   4.1
  -1  28   73.380  -77.554  326.135    0.00   3.805    66   4.1
  -1  29   73.553  -78.459  325.657    0.00   3.811    66   4.1
***  ray stopped - illegal reflection  ***
  -1  30   73.726   -1.556  336.611    7.77   1.383    35   4.2
  -1   1   68.716  -69.629  345.230    0.00   2.527    28   4.1
  -1   2   68.789  -70.426  342.923    0.00   2.753    34   4.1
  -1   3   68.861  -72.285  342.026    0.00   2.830    37   4.1
  -1   4   68.934  -70.284  341.100    0.00   2.914    40   4.1
  -1   5   69.007  -70.373  340.717    0.00   2.952    41   4.1
  -1   6   69.079  -67.479  340.082    0.00   3.026    41   4.1
  -1   7   69.152  -67.574  339.789    0.00   3.064    42   4.1
  -1   8   69.224  -67.599  339.512    0.00   3.100    42   4.1
  -1   9   69.297  -67.647  339.238   -0.00   3.135    42   4.1
  -1  10   69.370  -67.355  338.964    0.00   3.171    43   4.1
  -1  11   69.442  -67.268  338.700    0.00   3.206    44   4.1
  -1  12   69.515  -68.027  338.493    0.00   3.232    45   4.1
  -1  13   69.587  -68.453  338.268   -0.00   3.260    45   4.1
  -1  14   69.660  -68.663  338.059    0.00   3.285    45   4.1
  -1  15   69.733  -68.702  337.826    0.00   3.312    45   4.1
  -1  16   69.805  -70.506  337.744    0.00   3.322    47   4.1
  -1  17   69.878  -71.201  337.517    0.00   3.343    47   4.1
  -1  18   69.950  -74.005  335.677    0.00   3.482    50   4.1
  -1  19   70.023  -74.099  335.458    0.00   3.495    51   4.1
  -1  20   70.096  -74.287  335.244    0.00   3.507    51   4.1
  -1  21   70.168  -74.622  335.054    0.00   3.517    52   4.1
  -1  22   70.241  -75.326  334.866    0.00   3.526    52   4.1
  -1  23   70.313  -75.597  334.665    0.00   3.535    52   4.1
  -1  24   70.386  -75.683  334.459    0.00   3.543    53   4.1
  -1  25   70.459  -75.499  334.232    0.00   3.552    53   4.1
  -1  26   70.531  -74.978  333.993    0.00   3.563    54   4.1
  -1  27   70.604  -74.944  333.789    0.00   3.573    54   4.1
  -1  28   70.676  -74.689  333.569    0.00   3.584    54   4.1
  -1  29   70.749  -74.490  333.368    0.00   3.594    54   4.1
  -1  30   70.822  -74.441  333.166    0.00   3.605    55   4.1
  -1  31   70.894  -74.506  332.973    0.00   3.616    56   4.1
  -1  32   70.967  -74.633  332.785    0.00   3.625    56   4.1
  -1  33   71.039  -74.884  332.599    0.00   3.635    54   4.1
  -1  34   71.112  -74.992  332.408    0.00   3.644    56   4.1
  -1  35   71.185  -75.342  332.229    0.00   3.652    57   4.1
  -1  36   71.257  -76.835  332.136    0.00   3.654    56   4.1
  -1  37   71.330  -77.276  331.937    0.00   3.659    56   4.1
  -1  38   71.402  -77.415  331.764    0.00   3.663    59   4.1
  -1  39   71.475  -77.270  331.508    0.00   3.668    58   4.1
  -1  40   71.548  -77.770  331.329    0.00   3.671    58   4.1
  -1  41   71.620  -77.927  331.122    0.00   3.675    59   4.1
  -1  42   71.693  -78.535  330.975   -0.00   3.676    59   4.1
  -1  43   71.765  -78.635  330.739    0.00   3.678    59   4.1
  -1  44   71.838  -78.726  330.534    0.00   3.679    59   4.1
  -1  45   71.911  -78.472  330.314    0.00   3.680    58   4.1
  -1  46   71.983  -77.375  330.026    0.00   3.684    59   4.1
  -1  47   72.056  -76.995  329.815    0.00   3.689    59   4.1
  -1  48   72.128  -77.007  329.612    0.00   3.694    59   4.1
  -1  49   72.201  -76.873  329.410    0.00   3.699    61   4.1
  -1  50   72.274  -76.804  329.210    0.00   3.705    60   4.1
  -1  51   72.346  -76.852  329.006    0.00   3.710    60   4.1
  -1  52   72.419  -76.524  328.793    0.00   3.716    62   4.1
  -1  53   72.491  -76.537  328.592    0.00   3.722    62   4.1
  -1  54   72.564  -75.824  328.328    0.00   3.731    63   4.1
  -1  55   72.637  -75.956  328.142    0.00   3.737    63   4.1
  -1  56   72.709  -75.978  327.942    0.00   3.745    62   4.1
  -1  57   72.782  -75.849  327.733    0.00   3.753    62   4.1
  -1  58   72.854  -75.869  327.535    0.00   3.760    61   4.1
  -1  59   72.927  -75.998  327.336    0.00   3.768    62   4.1
  -1  60   73.000  -76.181  327.139    0.00   3.774    63   4.1
  -1  61   73.072  -75.922  326.929    0.00   3.782    64   4.1
  -1  62   73.145  -76.235  326.735    0.00   3.789    63   4.1
  -1  63   73.217  -76.257  326.526    0.00   3.796    64   4.1
  -1  64   73.290  -77.189  326.380    0.00   3.800    65   4.1
  -1  65   73.363  -77.521  326.187   -0.00   3.804    65   4.1
  -1  66   73.435  -78.012  325.985    0.00   3.807    68   4.1
  -1  67   73.508  -78.382  325.788    0.00   3.810    66   4.1
  -1  68   73.580  -78.191  325.564    0.00   3.812    66   4.1
  -1  69   73.653  -78.481  325.352    0.00   3.814    67   4.1
***  ray stopped - illegal reflection  ***
  -1  70   73.726   -1.556  336.611    7.77   1.383    35   4.2
  -1   1   73.914  -77.114  326.661   -0.00   3.794    63   5.1
  -1   2   73.927  -79.029  323.993    0.00   3.799    61   5.1
  -1   3   73.940  -79.893  321.444    0.00   3.772    63   5.1
  -1   4   73.954  -77.586  319.762    0.00   3.784    63   5.1
  -1   5   73.967  -77.997  318.073    0.00   3.807    62   5.1
  -1   6   73.980  -80.202  316.916    0.00   3.816    64   5.1
  -1   7   73.994  -79.217  315.471    0.00   3.809    61   5.1
  -1   8   74.007  -79.985  314.166    0.00   3.803    61   5.1
  -1   9   74.020  -79.953  313.139    0.00   3.796    61   5.1
  -1  10   74.034  -78.396  312.148    0.00   3.797    63   5.1
  -1  11   74.047  -77.788  311.122    0.00   3.812    63   5.1
  -1  12   74.061  -78.302  310.180    0.00   3.826    64   5.1
  -1  13   74.074  -78.283  309.348    0.00   3.836    64   5.1
  -1  14   74.087  -78.738  308.506   -0.00   3.844    63   5.1
  -1  15   74.101  -76.269  307.542    0.00   3.858    63   5.1
  -1  16   74.114  -76.088  306.805    0.00   3.883    64   5.1
  -1  17   74.127  -76.799  306.194    0.00   3.901    63   5.1
  -1  18   74.141  -76.864  305.540    0.00   3.918    62   5.1
  -1  19   74.154  -76.540  304.879    0.00   3.936    63   5.1
  -1  20   74.167  -76.919  304.258    0.00   3.953    65   5.1
  -1  21   74.181  -77.525  303.733   -0.00   3.964    64   5.1
  -1  22   74.194  -77.823  303.180    0.00   3.974    65   5.1
  -1  23   74.207  -77.925  302.620    0.00   3.981    64   5.1
  -1  24   74.221  -78.177  302.029    0.00   3.988    63   5.1
  -1  25   74.234  -78.515  301.503    0.00   3.993    64   5.1
  -1  26   74.247  -78.193  301.047    0.00   3.998    65   5.1
  -1  27   74.261  -79.008  300.618    0.00   4.002    69   5.1
  -1  28   74.274  -79.023  300.288    0.00   4.003    67   5.1
  -1  29   74.287  -78.795  299.794    0.00   4.004    68   5.1
  -1  30   74.301  -79.067  299.295    0.00   4.005    67   5.1
  -1  31   74.314  -79.110  298.867    0.00   4.005    68   5.1
  -1  32   74.327  -79.201  298.429    0.00   4.004    68   5.1
  -1  33   74.341  -79.582  297.974    0.00   4.003    68   5.1
  -1  34   74.354  -80.004  297.535    0.00   4.000    67   5.1
  -1  35   74.367  -80.621  297.071   -0.00   3.995    66   5.1
  -1  36   74.381  -81.285  296.651    0.00   3.986    67   5.1
  -1  37   74.394  -81.181  296.212   -0.00   3.975    68   5.1
  -1  38   74.408  -81.244  295.779    0.00   3.965    69   5.1
  -1  39   74.421  -81.916  295.366    0.00   3.953    70   5.1
  -1  40   74.434  -82.779  294.904    0.00   3.935    68   5.1
  -1  41   74.448  -84.162  294.468    0.00   3.913    70   5.1
  -1  42   74.461  -83.944  294.010    0.00   3.886    70   5.1
  -1  43   74.474  -83.567  293.563    0.00   3.863    69   5.1
  -1  44   74.488  -81.692  293.064    0.00   3.846    68   5.1
  -1  45   74.501  -80.170  292.616    0.00   3.839    66   5.1
  -1  46   74.514  -78.116  292.122    0.00   3.839    69   5.1
  -1  47   74.528  -76.725  291.680    0.00   3.849    66   5.1
  -1  48   74.541  -77.392  291.322    0.00   3.859    68   5.1
  -1  49   74.554  -75.943  290.898    0.00   3.869    69   5.1
  -1  50   74.568  -76.230  290.536    0.00   3.881    66   5.1
  -1  51   74.581  -76.135  290.166    0.00   3.894    68   5.1
  -1  52   74.594  -76.442  289.820    0.00   3.906    68   5.1
  -1  53   74.608  -76.392  289.437    0.00   3.918    67   5.1
  -1  54   74.621  -75.079  289.041    0.00   3.936    67   5.1
  -1  55   74.634  -75.601  288.707    0.00   3.950    68   5.1
  -1  56   74.648  -75.858  288.362    0.00   3.963    67   5.1
  -1  57   74.661  -75.544  288.004    0.00   3.977    67   5.1
  -1  58   74.674  -76.303  287.663    0.00   3.990    64   5.1
  -1  59   74.688  -74.490  287.236    0.00   4.005    67   5.1
  -1  60   74.701  -73.874  286.882    0.00   4.026    66   5.1
  -1  61   74.714  -73.814  286.561    0.00   4.045    67   5.1
  -1  62   74.728  -73.076  286.256    0.00   4.064    68   5.1
  -1  63   74.741  -72.361  285.933    0.00   4.088    68   5.1
  -1  64   74.754  -71.830  285.628    0.00   4.112    67   5.1
  -1  65   74.768  -71.763  285.333    0.00   4.137    69   5.1
  -1  66   74.781  -72.730  285.068    0.00   4.158    69   5.1
  -1  67   74.795  -72.730  284.767    0.00   4.180    69   5.1
  -1  68   74.808  -73.239  282.550   -0.00   4.314    73   6.1
  -1  69   74.821  -74.109  280.184    0.00   4.456    71   6.1
  -1  70   74.835  -75.307  277.065    0.00   4.634    70   6.1
  -1   1   74.850  -68.635  274.304   -0.00   4.832    73   6.1
  -1   2   74.853  -68.320  273.821    0.00   4.890    73   6.1
  -1   3   74.857  -68.660  273.350    0.00   4.945    75   6.1
  -1   4   74.860  -68.985  273.006    0.00   4.985    74   6.1
  -1   5   74.863  -71.825  272.799    0.00   5.009    74   6.1
  -1   6   74.866  -72.679  272.448    0.00   5.036    74   6.1
  -1   7   74.869  -72.732  272.145   -0.00   5.058    73   6.1
  -1   8   74.872  -72.771  271.864   -0.00   5.078    74   6.1
  -1   9   74.876  -72.323  271.549    0.00   5.102    76   6.1
  -1  10   74.879  -71.966  271.235    0.00   5.127    75   6.1
  -1  11   74.882  -72.361  270.992    0.00   5.146    74   6.1
  -1  12   74.885  -72.562  270.728    0.00   5.166    74   6.1
  -1  13   74.888  -72.658  270.438    0.00   5.187    76   6.1
  -1  14   74.891  -73.057  270.146   -0.00   5.208    76   6.1
  -1  15   74.895  -73.128  269.881    0.00   5.226    76   6.1
  -1  16   74.898  -74.313  269.661   -0.00   5.240    76   6.1
  -1  17   74.901  -74.444  269.365    0.00   5.256    77   6.1
  -1  18   74.904  -74.538  269.040    0.00   5.273    74   6.1
  -1  19   74.907  -74.968  268.766   -0.00   5.286    74   6.1
  -1  20   74.910  -75.011  268.439    0.00   5.302    75   6.1
  -1  21   74.914  -75.437  268.170    0.00   5.314    72   6.1
  -1  22   74.917  -74.659  267.889    0.00   5.326    73   6.1
  -1  23   74.920  -75.146  267.658    0.00   5.336    73   6.1
  -1  24   74.923  -75.522  267.374    0.00   5.349    74   6.1
  -1  25   74.926  -75.581  267.116    0.00   5.360    73   6.1
  -1  26   74.929  -75.113  266.870   -0.00   5.370    74   6.1
  -1  27   74.933  -75.035  266.647    0.00   5.380    73   6.1
  -1  28   74.936  -75.025  266.395    0.00   5.392    73   6.1
  -1  29   74.939  -75.064  266.157    0.00   5.404    73   6.1
  -1  30   74.942  -75.125  265.934   -0.00   5.414    74   6.1
  -1  31   74.945  -75.529  265.694    0.00   5.424    74   6.1
  -1  32   74.948  -75.588  265.431    0.00   5.435    73   6.1
  -1  33   74.952  -76.122  265.218    0.00   5.443    72   6.1
  -1  34   74.955  -76.314  264.962    0.00   5.451    73   6.1
  -1  35   74.958  -77.618  264.738    0.00   5.457    75   6.1
  -1  36   74.961  -77.682  264.487    0.00   5.461    75   6.1
  -1  37   74.964  -78.869  264.256    0.00   5.464    75   6.1
  -1  38   74.967  -78.693  263.958    0.00   5.465    74   6.1
  -1  39   74.971  -80.001  263.752    0.00   5.462    74   6.1
  -1  40   74.974  -79.164  263.403    0.00   5.461    74   6.1
  -1  41   74.977  -79.204  263.093   -0.00   5.461    72   6.1
  -1  42   74.980  -79.254  262.797    0.00   5.461    73   6.1
  -1  43   74.983  -78.393  262.479    0.00   5.461    73   6.1
  -1  44   74.986  -76.880  262.076    0.00   5.470    73   6.1
  -1  45   74.990  -75.037  261.706   -0.00   5.485    74   6.1
  -1  46   74.993  -75.012  261.445   -0.00   5.497    74   6.1
  -1  47   74.996  -74.187  261.167    0.00   5.512    74   6.1
  -1  48   74.999  -72.851  260.803   -0.00   5.535    75   6.1
  -1  49   75.002  -72.780  260.536    0.00   5.554    73   6.1
  -1  50   75.005  -72.366  260.213    0.00   5.578    73   6.1
  -1  51   75.009  -71.976  259.949   -0.00   5.599    75   6.1
  -1  52   75.012  -71.589  259.695    0.00   5.620    74   6.1
  -1  53   75.015  -71.535  259.435    0.00   5.642    75   6.1
  -1  54   75.018  -71.339  259.190    0.00   5.664    75   6.1
  -1  55   75.021  -69.897  258.828    0.00   5.699    76   6.1
  -1  56   75.024  -69.773  258.571    0.00   5.726    76   6.1
  -1  57   75.028  -68.896  258.297    0.00   5.757    78   6.1
  -1  58   75.031  -68.824  258.072    0.00   5.783    78   6.1
  -1  59   75.034  -68.801  257.817    0.00   5.813    78   6.1
  -1  60   75.037  -68.849  257.544    0.00   5.844    80   6.1
  -1  61   75.040  -68.102  257.266    0.00   5.878    78   6.1
  -1  62   75.043  -68.000  256.988    0.00   5.912    77   6.1
  -1  63   75.047  -67.956  256.735    0.00   5.943    76   6.1
  -1  64   75.050  -67.904  256.471    0.00   5.976    76   6.1
  -1  65   75.053  -69.388  256.301    0.00   5.997    76   6.1
  -1  66   75.056  -69.434  256.174    0.00   6.011    74   6.1
  -1  67   75.059  -71.113  255.890    0.00   6.041    76   6.1
  -1  68   75.062  -72.768  255.822    0.00   6.047    75   6.1
  -1  69   75.066  -72.826  255.603    0.00   6.063    75   6.1
  -1  70   75.069  -72.474  255.338    0.00   6.083    74   6.1
  -1   1   65.513  -69.713  345.067    0.00   3.031    26   4.1
  -1   2   65.597  -71.257  344.076    0.00   3.131    29   4.1
  -1   3   65.680  -70.471  342.948    0.00   3.237    33   4.1
  -1   4   65.764  -71.767  342.281    0.00   3.296    35   4.1
  -1   5   65.848  -70.498  341.448    0.00   3.365    39   4.1
  -1   6   65.932  -70.392  340.949    0.00   3.415    40   4.1
  -1   7   66.015  -67.358  340.245    0.00   3.489    42   4.1
  -1   8   66.099  -67.684  339.986    0.00   3.523    41   4.1
  -1   9   66.183  -67.739  339.704    0.00   3.559    43   4.1
  -1  10   66.266  -67.769  339.439    0.00   3.593    43   4.1
  -1  11   66.350  -67.823  339.166    0.00   3.627    43   4.1
  -1  12   66.434  -67.506  338.896    0.00   3.662    43   4.1
  -1  13   66.517  -67.445  338.638    0.00   3.696    46   4.1
  -1  14   66.601  -68.334  338.432    0.00   3.721    46   4.1
  -1  15   66.685  -68.736  338.209    0.00   3.748    46   4.1
  -1  16   66.769  -68.834  337.983    0.00   3.774    46   4.1
  -1  17   66.852  -68.972  337.746   -0.00   3.801    47   4.1
  -1  18   66.936  -71.030  337.656    0.00   3.810    47   4.1
  -1  19   67.020  -71.646  337.411    0.00   3.831    48   4.1
  -1  20   67.103  -72.256  337.190    0.00   3.849    49   4.1
  -1  21   67.187  -72.362  336.923    0.00   3.870    49   4.1
  -1  22   67.271  -72.440  336.673    0.00   3.889    49   4.1
  -1  23   67.354  -72.560  336.418    0.00   3.908    50   4.1
  -1  24   67.438  -72.886  336.185    0.00   3.925    49   4.1
  -1  25   67.522  -73.117  335.947    0.00   3.942    50   4.1
  -1  26   67.605  -74.116  335.756    0.00   3.954    51   4.1
  -1  27   67.689  -74.237  335.512    0.00   3.967    51   4.1
  -1  28   67.773  -74.426  335.266    0.00   3.981    52   4.1
  -1  29   67.857  -74.792  335.048    0.00   3.992    53   4.1
  -1  30   67.940  -75.593  334.834    0.00   4.002    53   4.1
  -1  31   68.024  -75.783  334.602    0.00   4.011    53   4.1
  -1  32   68.108  -75.793  334.358    0.00   4.021    53   4.1
  -1  33   68.191  -75.131  334.071    0.00   4.033    54   4.1
  -1  34   68.275  -75.148  333.843    0.00   4.043    55   4.1
  -1  35   68.359  -74.852  333.593    0.00   4.055    55   4.1
  -1  36   68.442  -74.634  333.358    0.00   4.067    56   4.1
  -1  37   68.526  -74.607  333.128    0.00   4.079    55   4.1
  -1  38   68.610  -74.700  332.908    0.00   4.090    58   4.1
  -1  39   68.694  -74.982  332.697    0.00   4.101    56   4.1
  -1  40   68.777  -75.117  332.475    0.00   4.111    58   4.1
  -1  41   68.861  -75.430  332.264    0.00   4.120    56   4.1
  -1  42   68.945  -76.979  332.143    0.00   4.123    56   4.1
  -1  43   69.028  -77.462  331.911    0.00   4.129    56   4.1
  -1  44   69.112  -77.594  331.674    0.00   4.133    58   4.1
  -1  45   69.196  -77.569  331.430    0.00   4.138    58   4.1
  -1  46   69.279  -78.022  331.211    0.00   4.141    58   4.1
  -1  47   69.363  -78.651  330.999    0.00   4.144    57   4.1
  -1  48   69.447  -78.767  330.760    0.00   4.145    57   4.1
  -1  49   69.531  -78.853  330.523    0.00   4.146    59   4.1
  -1  50   69.614  -78.586  330.266    0.00   4.147    59   4.1
  -1  51   69.698  -77.426  329.953    0.00   4.152    59   4.1
  -1  52   69.782  -77.130  329.710    0.00   4.157    59   4.1
  -1  53   69.865  -77.050  329.471    0.00   4.163    61   4.1
  -1  54   69.949  -76.939  329.238    0.00   4.169    60   4.1
  -1  55   70.033  -76.985  329.003    0.00   4.175    60   4.1
  -1  56   70.116  -76.655  328.757    0.00   4.181    62   4.1
  -1  57   70.200  -76.688  328.521    0.00   4.188    61   4.1
  -1  58   70.284  -76.062  328.238    0.00   4.197    62   4.1
  -1  59   70.367  -76.123  328.009    0.00   4.205    62   4.1
  -1  60   70.451  -75.981  327.765    0.00   4.214    62   4.1
  -1  61   70.535  -76.000  327.535    0.00   4.223    62   4.1
  -1  62   70.619  -76.241  327.305    0.00   4.231    63   4.1
  -1  63   70.702  -76.329  327.075    0.00   4.238    64   4.1
  -1  64   70.786  -76.171  326.831    0.00   4.247    65   4.1
  -1  65   70.870  -76.431  326.597    0.00   4.254    66   4.1
  -1  66   70.953  -77.277  326.413    0.00   4.260    67   4.1
  -1  67   71.037  -77.639  326.190    0.00   4.265    66   4.1
  -1  68   71.121  -78.191  325.952    0.00   4.268    66   4.1
  -1  69   71.204  -78.538  325.718    0.00   4.270    68   4.1
  -1  70   71.288  -78.403  325.458    0.00   4.272    67   4.1
  -1   1   71.507  -79.645  324.450    0.00   4.261    64   5.1
  -1   2   71.519  -80.341  322.000    0.00   4.237    61   5.1
  -1   3   71.531  -78.674  320.589    0.00   4.230    63   5.1
  -1   4   71.543  -77.925  318.960   -0.00   4.253    63   5.1
  -1   5   71.555  -78.006  317.550    0.00   4.273    65   5.1
  -1   6   71.566  -80.176  316.465    0.00   4.268    63   5.1
  -1   7   71.578  -79.172  315.043    0.00   4.266    63   5.1
  -1   8   71.590  -80.380  313.816   -0.00   4.258    66   5.1
  -1   9   71.602  -79.927  312.991    0.00   4.253    64   5.1
  -1  10   71.613  -78.397  312.075    0.00   4.255    62   5.1
  -1  11   71.625  -77.671  311.221    0.00   4.268    63   5.1
  -1  12   71.637  -77.985  310.410    0.00   4.281    65   5.1
  -1  13   71.649  -78.264  309.708    0.00   4.290    63   5.1
  -1  14   71.660  -78.275  309.043    0.00   4.297    61   5.1
  -1  15   71.672  -78.745  308.376    0.00   4.302    63   5.1
  -1  16   71.684  -76.284  307.572    0.00   4.315    62   5.1
  -1  17   71.696  -76.224  306.929    0.00   4.337    63   5.1
  -1  18   71.707  -76.807  306.361    0.00   4.354    62   5.1
  -1  19   71.719  -76.870  305.798    0.00   4.369    63   5.1
  -1  20   71.731  -76.867  305.243    0.00   4.383    63   5.1
  -1  21   71.743  -76.847  304.696    0.00   4.399    61   5.1
  -1  22   71.754  -77.198  304.211    0.00   4.412    64   5.1
  -1  23   71.766  -77.530  303.777    0.00   4.420    65   5.1
  -1  24   71.778  -77.535  303.319    0.00   4.429    64   5.1
  -1  25   71.790  -78.282  302.847    0.00   4.435    66   5.1
  -1  26   71.801  -78.161  302.403    0.00   4.441    64   5.1
  -1  27   71.813  -78.123  301.871    0.00   4.447    65   5.1
  -1  28   71.825  -78.531  301.447   -0.00   4.451    66   5.1
  -1  29   71.837  -78.202  301.046    0.00   4.455    66   5.1
  -1  30   71.849  -78.511  300.636    0.00   4.459    68   5.1
  -1  31   71.860  -79.046  300.231    0.00   4.460    68   5.1
  -1  32   71.872  -78.802  299.793    0.00   4.461    69   5.1
  -1  33   71.884  -79.075  299.327    0.00   4.462    68   5.1
  -1  34   71.896  -79.111  298.967    0.00   4.462    69   5.1
  -1  35   71.907  -79.438  298.546    0.00   4.462    68   5.1
  -1  36   71.919  -79.580  298.140    0.00   4.460    67   5.1
  -1  37   71.931  -79.984  297.761    0.00   4.458    68   5.1
  -1  38   71.943  -80.016  297.331    0.00   4.455    68   5.1
  -1  39   71.954  -80.886  296.899   -0.00   4.448    70   5.1
  -1  40   71.966  -81.305  296.549    0.00   4.440    68   5.1
  -1  41   71.978  -81.188  296.166    0.00   4.431    69   5.1
  -1  42   71.990  -81.250  295.790   -0.00   4.422    69   5.1
  -1  43   72.001  -82.124  295.496    0.00   4.413    69   5.1
  -1  44   72.013  -82.736  295.110    0.00   4.400    69   5.1
  -1  45   72.025  -82.874  294.725    0.00   4.384    71   5.1
  -1  46   72.037  -84.447  294.374    0.00   4.364    69   5.1
  -1  47   72.048  -83.956  293.995    0.00   4.342    71   5.1
  -1  48   72.060  -83.619  293.630    0.00   4.323    69   5.1
  -1  49   72.072  -81.717  293.213   -0.00   4.307    67   5.1
  -1  50   72.084  -80.233  292.821    0.00   4.298    70   5.1
  -1  51   72.095  -80.146  292.483   -0.00   4.294    68   5.1
  -1  52   72.107  -77.657  292.032    0.00   4.297    68   5.1
  -1  53   72.119  -76.732  291.662    0.00   4.306    68   5.1
  -1  54   72.131  -77.366  291.350    0.00   4.314    69   5.1
  -1  55   72.143  -77.070  291.014    0.00   4.321    69   5.1
  -1  56   72.154  -76.274  290.647    0.00   4.333    68   5.1
  -1  57   72.166  -76.180  290.298    0.00   4.345    69   5.1
  -1  58   72.178  -75.949  290.888    0.00   4.325    71   5.1
  -1  59   72.190  -76.420  289.662    0.00   4.367    69   5.1
  -1  60   72.201  -75.073  289.292    0.00   4.379    67   5.1
  -1  61   72.213  -75.521  288.963    0.00   4.395    68   5.1
  -1  62   72.225  -75.614  288.680    0.00   4.406    69   5.1
  -1  63   72.237  -75.870  288.362    0.00   4.419    67   5.1
  -1  64   72.248  -75.570  288.048    0.00   4.431    68   5.1
  -1  65   72.260  -76.316  287.735    0.00   4.443    65   5.1
  -1  66   72.272  -76.221  287.408    0.00   4.454    67   5.1
  -1  67   72.284  -73.956  287.039   -0.00   4.472    66   5.1
  -1  68   72.295  -73.854  286.723    0.00   4.491    67   5.1
  -1  69   72.307  -73.809  286.451   -0.00   4.508    69   5.1
  -1  70   72.319  -72.943  286.175    0.00   4.525    70   5.1
  -1   1   72.444  -68.671  273.406    0.00   5.394    76   6.1
  -1   2   72.446  -68.985  273.216    0.00   5.416    74   6.1
  -1   3   72.447  -68.987  273.015    0.00   5.439    74   6.1
  -1   4   72.449  -69.030  272.840    0.00   5.459    74   6.1
  -1   5   72.450  -71.850  272.793    0.00   5.465    75   6.1
  -1   6   72.452  -72.530  272.681    0.00   5.474    75   6.1
  -1   7   72.453  -72.654  272.518   -0.00   5.486    73   6.1
  -1   8   72.455  -72.714  272.348    0.00   5.498    74   6.1
  -1   9   72.457  -72.729  272.195    0.00   5.509    73   6.1
  -1  10   72.458  -72.748  272.045    0.00   5.520    73   6.1
  -1  11   72.460  -72.780  271.889    0.00   5.532    75   6.1
  -1  12   72.461  -72.749  271.826   -0.00   5.536    74   6.1
  -1  13   72.463  -72.348  271.646    0.00   5.550    75   6.1
  -1  14   72.465  -72.313  271.481    0.00   5.562    76   6.1
  -1  15   72.466  -71.995  271.321    0.00   5.575    76   6.1
  -1  16   72.468  -71.969  271.230   -0.00   5.582    75   6.1
  -1  17   72.469  -72.350  271.092    0.00   5.593    75   6.1
  -1  18   72.471  -72.370  270.954    0.00   5.603    75   6.1
  -1  19   72.472  -72.543  270.809   -0.00   5.615    75   6.1
  -1  20   72.474  -72.575  270.674    0.00   5.625    76   6.1
  -1  21   72.476  -72.548  270.581    0.00   5.632    75   6.1
  -1  22   72.477  -72.655  270.446    0.00   5.642    77   6.1
  -1  23   72.479  -68.983  273.221    0.00   5.415    75   6.1
  -1  24   72.480  -73.052  270.162    0.00   5.662    76   6.1
  -1  25   72.482  -73.110  270.006   -0.00   5.673    76   6.1
  -1  26   72.483  -73.591  269.838    0.00   5.684    76   6.1
  -1  27   72.485  -73.703  269.723    0.00   5.691    77   6.1
  -1  28   72.487  -74.321  269.636    0.00   5.696    76   6.1
  -1  29   72.488  -74.461  269.479    0.00   5.704    76   6.1
  -1  30   72.490  -74.449  269.339    0.00   5.712    76   6.1
  -1  31   72.491  -74.466  269.270    0.00   5.716    77   6.1
  -1  32   72.493  -74.529  269.121    0.00   5.723    75   6.1
  -1  33   72.495  -74.555  268.938    0.00   5.733    74   6.1
  -1  34   72.496  -74.943  268.832    0.00   5.738    74   6.1
  -1  35   72.498  -74.985  268.709    0.00   5.744    74   6.1
  -1  36   72.499  -74.998  268.605    0.00   5.749    74   6.1
  -1  37   72.501  -75.010  268.484    0.00   5.755    75   6.1
  -1  38   72.502  -75.010  268.486    0.00   5.755    75   6.1
  -1  39   72.504  -75.367  268.378    0.00   5.760    74   6.1
  -1  40   72.506  -75.429  268.251    0.00   5.765    73   6.1
  -1  41   72.507  -75.447  268.090    0.00   5.772    72   6.1
  -1  42   72.509  -75.458  267.953    0.00   5.778    74   6.1
  -1  43   72.510  -75.121  267.815    0.00   5.784    74   6.1
  -1  44   72.512  -75.363  267.698    0.00   5.789    74   6.1
  -1  45   72.514  -75.170  267.544    0.00   5.796    73   6.1
  -1  46   72.515  -75.517  267.385    0.00   5.803    75   6.1
  -1  47   72.517  -75.575  267.263    0.00   5.808    74   6.1
  -1  48   72.518  -75.585  267.119    0.00   5.814    74   6.1
  -1  49   72.520  -75.575  266.999    0.00   5.819    75   6.1
  -1  50   72.521  -75.110  266.863    0.00   5.825    75   6.1
  -1  51   72.523  -75.082  266.813   -0.00   5.828    75   6.1
  -1  52   72.525  -75.053  266.698   -0.00   5.833    75   6.1
  -1  53   72.526  -75.038  266.566   -0.00   5.839    73   6.1
  -1  54   72.528  -75.038  266.448    0.00   5.845    74   6.1
  -1  55   72.529  -75.023  266.294    0.00   5.852    74   6.1
  -1  56   72.531  -75.047  266.194    0.00   5.857    74   6.1
  -1  57   72.533  -75.083  266.063    0.00   5.863    74   6.1
  -1  58   72.534  -75.130  265.918   -0.00   5.870    75   6.1
  -1  59   72.536  -75.512  265.794    0.00   5.875    75   6.1
  -1  60   72.537  -75.543  265.668    0.00   5.880    73   6.1
  -1  61   72.539  -75.549  265.580    0.00   5.884    74   6.1
  -1  62   72.540  -75.583  265.452    0.00   5.889    74   6.1
  -1  63   72.542  -76.113  265.319    0.00   5.894    72   6.1
  -1  64   72.544  -76.155  265.169    0.00   5.899    72   6.1
  -1  65   72.545  -76.162  265.041    0.00   5.903    72   6.1
  -1  66   72.547  -76.638  264.927    0.00   5.907    73   6.1
  -1  67   72.548  -77.373  264.826    0.00   5.910    76   6.1
  -1  68   72.550  -77.649  264.699    0.00   5.912    76   6.1
  -1  69   72.552  -77.681  264.622    0.00   5.913    76   6.1
  -1  70   72.553  -77.687  264.485    0.00   5.916    76   6.1
***  ray stopped - illegal reflection  ***
  -1   1   50.016   -3.053  346.197    3.49   1.460    17   4.1
***  ray stopped - illegal reflection  ***
  -1   2   50.162   -9.272  344.498    3.40   1.920    22   4.1
***  ray stopped - illegal reflection  ***
  -1   3   50.307  -13.350  343.354    3.28   2.230    26   4.1
***  ray stopped - illegal reflection  ***
  -1   4   50.453  -16.123  342.523    3.18   2.453    28   4.1
***  ray stopped - illegal reflection  ***
  -1   5   50.599  -17.244  342.115    3.14   2.561    28   4.1
***  ray stopped - illegal reflection  ***
  -1   6   50.745  -18.005  341.715    3.13   2.663    29   4.1
***  ray stopped - illegal reflection  ***
  -1   7   50.891  -18.220  341.437    3.15   2.730    29   4.1
***  ray stopped - illegal reflection  ***
  -1   8   51.037  -18.467  341.171    3.17   2.794    30   4.1
***  ray stopped - illegal reflection  ***
  -1   9   51.183  -18.743  340.915    3.19   2.855    30   4.1
***  ray stopped - illegal reflection  ***
  -1  10   51.328  -19.056  340.664    3.21   2.915    31   4.1
***  ray stopped - illegal reflection  ***
  -1  11   51.474  -19.376  340.422    3.23   2.973    31   4.1
***  ray stopped - illegal reflection  ***
  -1  12   51.620  -19.677  340.192    3.24   3.027    32   4.1
***  ray stopped - illegal reflection  ***
  -1  13   51.766  -20.015  339.962    3.26   3.081    32   4.1
***  ray stopped - illegal reflection  ***
  -1  14   51.912  -20.355  339.738    3.28   3.134    33   4.1
***  ray stopped - illegal reflection  ***
  -1  15   52.058  -20.749  339.488    3.30   3.192    32   4.1
***  ray stopped - illegal reflection  ***
  -1  16   52.203  -21.082  339.296    3.32   3.236    34   4.1
***  ray stopped - illegal reflection  ***
  -1  17   52.349  -21.672  339.046    3.32   3.297    35   4.1
***  ray stopped - illegal reflection  ***
  -1  18   52.495  -22.392  338.776    3.31   3.362    35   4.1
***  ray stopped - illegal reflection  ***
  -1  19   52.641  -27.507  336.726    3.26   3.846    38   4.1
***  ray stopped - illegal reflection  ***
  -1  20   52.787  -28.028  336.530    3.25   3.891    39   4.1
***  ray stopped - illegal reflection  ***
  -1  21   52.933  -28.586  336.312    3.24   3.941    41   4.1
***  ray stopped - illegal reflection  ***
  -1  22   53.078  -29.111  336.100    3.23   3.990    41   4.1
***  ray stopped - illegal reflection  ***
  -1  23   53.224  -29.669  335.879    3.22   4.040    41   4.1
***  ray stopped - illegal reflection  ***
  -1  24   53.370  -30.169  335.671    3.21   4.086    41   4.1
***  ray stopped - illegal reflection  ***
  -1  25   53.516  -30.682  335.459    3.20   4.134    41   4.1
***  ray stopped - illegal reflection  ***
  -1  26   53.662  -31.204  335.243    3.19   4.181    42   4.1
***  ray stopped - illegal reflection  ***
  -1  27   53.808  -31.601  335.050    3.19   4.223    43   4.1
***  ray stopped - illegal reflection  ***
  -1  28   53.954  -32.029  334.847    3.18   4.266    43   4.1
***  ray stopped - illegal reflection  ***
  -1  29   54.099  -32.506  334.619    3.18   4.314    43   4.1
***  ray stopped - illegal reflection  ***
  -1  30   54.245  -32.850  334.450    3.17   4.349    44   4.1
  -1  31   54.391  -62.768  330.950    0.00   6.537    66   4.1
  -1  32   54.537  -62.939  330.928    0.00   6.541    66   4.1
  -1  33   54.683  -63.149  330.857    0.00   6.554    64   4.1
  -1  34   54.829  -63.519  330.747    0.00   6.573    63   4.1
  -1  35   54.974  -63.821  330.658    0.00   6.588    63   4.1
***  ray stopped - illegal reflection  ***
  -1  36   55.120  -35.295  333.249    3.15   4.595    46   4.1
***  ray stopped - illegal reflection  ***
  -1  37   55.266  -35.890  333.028    3.12   4.643    46   4.1
***  ray stopped - illegal reflection  ***
  -1  38   55.412  -36.522  332.795    3.10   4.694    46   4.1
***  ray stopped - illegal reflection  ***
  -1  39   55.558  -37.086  332.573    3.07   4.742    47   4.1
  -1  40   55.704  -64.822  329.660    0.00   6.752    64   4.1
  -1  41   55.850  -64.841  329.579    0.00   6.765    65   4.1
  -1  42   55.995  -64.966  329.465    0.00   6.783    67   4.1
  -1  43   56.141  -64.962  329.304    0.00   6.808    64   4.1
  -1  44   56.287  -64.659  329.145    0.00   6.833    65   4.1
  -1  45   56.433  -64.550  328.984    0.00   6.859    66   4.1
  -1  46   56.579  -64.475  328.785    0.00   6.891    64   4.1
  -1  47   56.725  -65.539  328.799    0.00   6.888    63   4.1
  -1  48   56.870  -65.446  328.628    0.00   6.914    64   4.1
  -1  49   57.016  -65.422  328.427    0.00   6.945    63   4.1
  -1  50   57.162  -65.124  328.185    0.00   6.982    64   4.1
  -1  51   57.308  -65.192  327.995    0.00   7.011    65   4.1
  -1  52   57.454  -65.312  327.829    0.00   7.037    65   4.1
  -1  53   57.600  -65.528  327.620    0.00   7.068    65   4.1
  -1  54   57.746  -65.540  327.418    0.00   7.099    66   4.1
  -1  55   57.891  -66.093  327.289    0.00   7.118    65   4.1
  -1  56   58.037  -66.012  327.077   -0.00   7.149    63   4.1
  -1  57   58.183  -66.147  326.867    0.00   7.179    64   4.1
  -1  58   58.329  -66.086  326.660    0.00   7.209    65   4.1
  -1  59   58.475  -66.129  326.480    0.00   7.235    65   4.1
  -1  60   58.621  -66.341  326.273    0.00   7.265    65   4.1
  -1  61   58.766  -66.680  326.079    0.00   7.292    67   4.1
  -1  62   58.912  -66.948  325.841    0.00   7.325    67   4.1
  -1  63   59.058  -67.700  325.686    0.00   7.345    68   4.1
  -1  64   59.204  -67.786  325.394   -0.00   7.382    67   4.1
  -1  65   59.350  -67.852  325.224    0.00   7.403    67   4.1
  -1  66   59.496  -68.102  324.977    0.00   7.434    68   4.1
  -1  67   59.641  -68.470  324.807    0.00   7.455    69   4.1
  -1  68   59.787  -69.208  324.613    0.00   7.477    70   4.1
  -1  69   59.933  -69.847  324.408    0.00   7.499    70   4.1
***  ray stopped - illegal reflection  ***
  -1  70   60.079   -1.306  336.673    7.77   3.482    35   4.2
  -1   1   60.549  -68.759  316.667    0.00   8.403    64   5.1
  -1   2   60.572  -68.847  316.647    0.00   8.405    65   5.1
  -1   3   60.595  -68.890  314.193    0.00   8.692    63   5.1
  -1   4   60.618  -68.488  313.103    0.00   8.818    61   5.1
  -1   5   60.641  -68.489  313.081   -0.00   8.821    62   5.1
  -1   6   60.664  -68.109  312.204    0.00   8.924    66   5.1
  -1   7   60.686  -67.062  310.557    0.00   9.140    64   5.1
  -1   8   60.709  -67.056  310.531    0.00   9.144    66   5.1
  -1   9   60.732  -68.260  308.964    0.00   9.344    65   5.1
  -1  10   60.755  -68.769  308.238    0.00   9.431    65   5.1
  -1  11   60.778  -68.767  308.215    0.00   9.434    65   5.1
  -1  12   60.801  -66.613  307.396    0.00   9.537    66   5.1
  -1  13   60.824  -66.968  306.016    0.00   9.730    63   5.1
  -1  14   60.847  -67.110  305.463    0.00   9.805    64   5.1
  -1  15   60.870  -67.104  305.445    0.00   9.807    65   5.1
  -1  16   60.893  -67.135  304.294    0.00   9.963    65   5.1
  -1  17   60.916  -67.855  303.714    0.00  10.039    66   5.1
  -1  18   60.939  -67.917  303.226    0.00  10.100    67   5.1
  -1  19   60.962  -67.918  303.212    0.00  10.102    68   5.1
  -1  20   60.984  -68.388  302.233    0.00  10.220    65   5.1
  -1  21   61.007  -68.395  302.203    0.00  10.224    66   5.1
  -1  22   61.030  -68.315  301.664    0.00  10.289    67   5.1
  -1  23   61.053  -68.405  300.677    0.00  10.406    67   5.1
  -1  24   61.076  -68.601  300.288    0.00  10.452    68   5.1
  -1  25   61.099  -68.607  300.270    0.00  10.454    70   5.1
  -1  26   61.122  -68.327  299.560    0.00  10.538    68   5.1
  -1  27   61.145  -68.326  299.557    0.00  10.538    69   5.1
  -1  28   61.168  -68.838  298.715    0.00  10.637    68   5.1
  -1  29   61.191  -69.279  298.311    0.00  10.682    69   5.1
  -1  30   61.214  -69.274  298.303    0.00  10.683    70   5.1
  -1  31   61.237  -69.856  297.536    0.00  10.767    68   5.1
  -1  32   61.259  -69.865  297.525    0.00  10.768    69   5.1
  -1  33   61.282  -69.945  297.134    0.00  10.809    69   5.1
  -1  34   61.305  -70.713  296.737   -0.00  10.848    69   5.1
  -1  35   61.328  -71.332  296.324    0.00  10.885    69   5.1
  -1  36   61.351  -71.128  295.912    0.00  10.922    70   5.1
  -1  37   61.374  -71.171  295.522   -0.00  10.957    71   5.1
  -1  38   61.397  -71.043  295.137    0.00  10.992    69   5.1
  -1  39   61.420  -72.471  294.353    0.00  11.057    73   5.1
  -1  40   61.443  -72.410  293.925    0.00  11.088    72   5.1
  -1  41   61.466  -71.574  293.468   -0.00  11.126    71   5.1
  -1  42   61.489  -71.186  293.128    0.00  11.156    70   5.1
  -1  43   61.512  -69.967  292.755    0.00  11.190    71   5.1
  -1  44   61.535  -69.924  292.745    0.00  11.191    72   5.1
  -1  45   61.557  -70.076  292.437    0.00  11.223    72   5.1
  -1  46   61.580  -68.605  292.047    0.00  11.267    69   5.1
  -1  47   61.603  -67.336  291.671   -0.00  11.314    70   5.1
  -1  48   61.626  -67.605  290.936    0.00  11.409    70   5.1
  -1  49   61.649  -67.821  290.599   -0.00  11.452    68   5.1
  -1  50   61.672  -67.820  290.598    0.00  11.452    69   5.1
  -1  51   61.695  -68.107  290.294    0.00  11.490    69   5.1
  -1  52   61.718  -67.933  289.940    0.00  11.534    69   5.1
  -1  53   61.741  -65.787  289.208    0.00  11.630    69   5.1
  -1  54   61.764  -65.789  289.209    0.00  11.630    70   5.1
  -1  55   61.787  -66.217  288.522    0.00  11.732    69   5.1
  -1  56   61.810  -66.217  288.521    0.00  11.732    70   5.1
  -1  57   61.833  -66.479  288.215    0.00  11.775    68   5.1
  -1  58   61.855  -66.897  287.582    0.00  11.865    68   5.1
  -1  59   61.878  -66.897  287.585    0.00  11.865    68   5.1
  -1  60   61.901  -65.648  286.920    0.00  11.958    67   5.1
  -1  61   61.924  -65.965  286.638   -0.00  12.000    66   5.1
  -1  62   61.947  -65.965  286.637    0.00  12.000    67   5.1
  -1  63   61.970  -65.811  286.286    0.00  12.052    68   5.1
  -1  64   61.993  -64.862  286.000    0.00  12.096    69   5.1
  -1  65   62.016  -64.353  285.448    0.00  12.183    68   5.1
  -1  66   62.039  -64.352  285.450    0.00  12.183    70   5.1
  -1  67   62.062  -64.600  284.893    0.00  12.274    69   5.1
  -1  68   62.085  -64.364  284.588    0.00  12.323    70   5.1
  -1  69   62.108  -65.182  284.327    0.00  12.364    70   5.1
  -1  70   62.131  -65.223  284.040    0.00  12.408    67   5.1
  -1   1   62.256  -63.843  271.576    0.00  14.485    75   6.1
  -1   2   62.260  -62.636  272.867    0.00  14.263    76   6.1
  -1   3   62.264  -62.553  272.541    0.00  14.322    76   6.1
  -1   4   62.268  -63.587  272.376    0.00  14.351    76   6.1
  -1   5   62.272  -62.960  270.725    0.00  14.632    78   6.1
  -1   6   62.276  -63.774  271.743    0.00  14.457    76   6.1
  -1   7   62.280  -63.030  270.313    0.00  14.705    76   6.1
  -1   8   62.284  -63.766  271.313    0.00  14.530    76   6.1
  -1   9   62.288  -63.403  271.084    0.00  14.569    76   6.1
  -1  10   62.292  -62.986  270.866    0.00  14.607    76   6.1
  -1  11   62.296  -62.959  270.673    0.00  14.642    78   6.1
  -1  12   62.300  -64.316  269.408    0.00  14.862    80   6.1
  -1  13   62.304  -64.447  269.210    0.00  14.894    79   6.1
  -1  14   62.308  -64.569  269.044    0.00  14.921    77   6.1
  -1  15   62.312  -63.233  269.916    0.00  14.775    79   6.1
  -1  16   62.316  -64.464  268.634    0.00  14.988    78   6.1
  -1  17   62.320  -64.977  268.450    0.00  15.017    78   6.1
  -1  18   62.324  -65.143  268.236    0.00  15.050    78   6.1
  -1  19   62.328  -64.474  269.164    0.00  14.901    79   6.1
  -1  20   62.332  -65.673  267.863    0.00  15.107    75   6.1
  -1  21   62.337  -65.763  267.642    0.00  15.140    77   6.1
  -1  22   62.341  -64.504  268.570    0.00  14.998    80   6.1
  -1  23   62.345  -65.406  267.222    0.00  15.203    75   6.1
  -1  24   62.349  -65.608  267.063    0.00  15.228    75   6.1
  -1  25   62.353  -65.586  267.985    0.00  15.089    77   6.1
  -1  26   62.357  -65.993  266.742    0.00  15.275    75   6.1
  -1  27   62.361  -66.036  266.547   -0.00  15.303    75   6.1
  -1  28   62.365  -65.625  266.334    0.00  15.335    75   6.1
  -1  29   62.369  -65.585  266.150    0.00  15.363    74   6.1
  -1  30   62.373  -65.644  266.009    0.00  15.384    75   6.1
  -1  31   62.377  -65.630  265.853    0.00  15.407    75   6.1
  -1  32   62.381  -66.014  266.663    0.00  15.286    75   6.1
  -1  33   62.385  -65.667  266.445    0.00  15.318    77   6.1
  -1  34   62.389  -66.101  265.395    0.00  15.475    75   6.1
  -1  35   62.393  -65.581  266.092    0.00  15.371    76   6.1
  -1  36   62.397  -66.208  265.093    0.00  15.519    76   6.1
  -1  37   62.401  -66.193  264.904    0.00  15.546    76   6.1
  -1  38   62.405  -66.232  264.734    0.00  15.570    77   6.1
  -1  39   62.409  -65.682  265.498    0.00  15.460    77   6.1
  -1  40   62.413  -66.153  265.363    0.00  15.480    76   6.1
  -1  41   62.418  -66.199  265.195    0.00  15.504    76   6.1
  -1  42   62.422  -67.807  264.099    0.00  15.658    74   6.1
  -1  43   62.426  -66.200  264.842    0.00  15.555    77   6.1
  -1  44   62.430  -66.241  264.667    0.00  15.580    76   6.1
  -1  45   62.434  -69.076  263.577   -0.00  15.718    76   6.1
  -1  46   62.438  -66.770  264.322    0.00  15.628    77   6.1
  -1  47   62.442  -67.639  264.186   -0.00  15.647    77   6.1
  -1  48   62.446  -67.879  264.020    0.00  15.668    74   6.1
  -1  49   62.450  -67.478  262.643    0.00  15.828    76   6.1
  -1  50   62.454  -67.519  262.456    0.00  15.853    76   6.1
  -1  51   62.458  -67.587  262.263    0.00  15.878    76   6.1
  -1  52   62.462  -69.067  263.316    0.00  15.747    78   6.1
  -1  53   62.466  -68.707  263.123    0.00  15.769    77   6.1
  -1  54   62.470  -68.497  262.901    0.00  15.796    78   6.1
  -1  55   62.474  -65.222  261.414    0.00  15.994    75   6.1
  -1  56   62.478  -67.537  262.400    0.00  15.860    77   6.1
  -1  57   62.482  -67.612  262.206    0.00  15.885    77   6.1
  -1  58   62.486  -66.879  261.993    0.00  15.913    78   6.1
  -1  59   62.490  -66.785  261.780    0.00  15.942    74   6.1
  -1  60   62.494  -66.619  261.594    0.00  15.968    76   6.1
  -1  61   62.499  -65.044  261.359    0.00  16.003    75   6.1
  -1  62   62.503  -63.723  260.139    0.00  16.203    76   6.1
  -1  63   62.507  -64.929  260.996    0.00  16.060    76   6.1
  -1  64   62.511  -63.825  259.806    0.00  16.258    75   6.1
  -1  65   62.515  -63.953  260.610    0.00  16.123    76   6.1
  -1  66   62.519  -62.921  259.344    0.00  16.337    76   6.1
  -1  67   62.523  -62.789  259.189    0.00  16.365    75   6.1
  -1  68   62.527  -63.678  260.072    0.00  16.214    76   6.1
  -1  69   62.531  -64.242  259.964    0.00  16.232    78   6.1
  -1  70   62.535  -62.881  258.679    0.00  16.457    75   6.1
***  ray stopped - illegal reflection  ***
  -1   1   59.078  -31.928  331.891    3.01   4.258    49   4.1
***  ray stopped - illegal reflection  ***
  -1   2   59.139  -32.274  331.883    3.01   4.260    50   4.1
  -1   3   59.201  -62.697  327.966    0.00   6.429    70   4.1
  -1   4   59.263  -63.021  328.042    0.00   6.416    68   4.1
  -1   5   59.324  -63.143  328.076    0.00   6.410    67   4.1
  -1   6   59.386  -63.232  328.085    0.00   6.408    67   4.1
  -1   7   59.447  -63.308  328.080    0.00   6.409    68   4.1
  -1   8   59.509  -63.532  328.426    0.00   6.349    67   4.1
  -1   9   59.571  -63.557  328.399    0.00   6.354    67   4.1
  -1  10   59.632  -63.608  328.355    0.00   6.361    68   4.1
  -1  11   59.694  -63.615  328.314    0.00   6.368    67   4.1
  -1  12   59.756  -63.647  328.265    0.00   6.376    66   4.1
  -1  13   59.817  -63.660  328.215    0.00   6.385    65   4.1
  -1  14   59.879  -63.672  328.161    0.00   6.394    65   4.1
  -1  15   59.941  -63.679  328.113    0.00   6.402    67   4.1
  -1  16   60.002  -63.510  328.040    0.00   6.415    66   4.1
  -1  17   60.064  -63.559  327.990    0.00   6.423    66   4.1
  -1  18   60.126  -63.610  327.937    0.00   6.433    66   4.1
  -1  19   60.187  -63.669  327.889    0.00   6.441    67   4.1
  -1  20   60.249  -63.727  327.836    0.00   6.450    66   4.1
  -1  21   60.311  -63.812  327.771    0.00   6.461    66   4.1
  -1  22   60.372  -63.888  327.718    0.00   6.470    67   4.1
  -1  23   60.434  -63.967  327.656    0.00   6.480    66   4.1
  -1  24   60.496  -64.137  327.592    0.00   6.491    67   4.1
  -1  25   60.557  -64.169  327.532    0.00   6.501    67   4.1
  -1  26   60.619  -64.203  327.467    0.00   6.511    67   4.1
  -1  27   60.681  -64.232  327.407    0.00   6.521    68   4.1
  -1  28   60.742  -64.251  327.329    0.00   6.534    68   4.1
  -1  29   60.804  -64.269  327.270    0.00   6.544    68   4.1
  -1  30   60.866  -64.281  327.193    0.00   6.556    67   4.1
  -1  31   60.927  -64.928  327.221    0.00   6.552    68   4.1
  -1  32   60.989  -64.852  327.137    0.00   6.565    68   4.1
  -1  33   61.051  -65.433  326.089    0.00   6.729    70   4.1
  -1  34   61.112  -65.573  326.026    0.00   6.739    71   4.1
  -1  35   61.174  -65.634  325.964    0.00   6.748    72   4.1
  -1  36   61.236  -65.733  325.889    0.00   6.759    70   4.1
  -1  37   61.297  -65.843  325.820    0.00   6.769    70   4.1
  -1  38   61.359  -65.954  325.759    0.00   6.778    72   4.1
  -1  39   61.420  -66.107  325.692    0.00   6.788    70   4.1
  -1  40   61.482  -66.599  325.626    0.00   6.797    69   4.1
  -1  41   61.544  -66.861  325.563   -0.00   6.806    70   4.1
  -1  42   61.605  -67.011  325.493    0.00   6.816    70   4.1
  -1  43   61.667  -67.145  325.429    0.00   6.824    70   4.1
  -1  44   61.729  -67.292  325.356    0.00   6.834    71   4.1
  -1  45   61.790  -66.786  325.193    0.00   6.856    70   4.1
  -1  46   61.852  -66.932  325.138    0.00   6.863    71   4.1
  -1  47   61.914  -67.006  325.063    0.00   6.874    70   4.1
  -1  48   61.975  -67.147  324.974    0.00   6.885    71   4.1
  -1  49   62.037  -67.259  324.906    0.00   6.895    73   4.1
  -1  50   62.099  -67.550  324.828    0.00   6.905    70   4.1
  -1  51   62.160  -67.916  324.758    0.00   6.914    71   4.1
  -1  52   62.222  -68.085  324.694    0.00   6.922    71   4.1
  -1  53   62.284  -68.307  324.611    0.00   6.932    71   4.1
  -1  54   62.345  -68.473  324.545    0.00   6.940    72   4.1
  -1  55   62.407  -68.689  324.462    0.00   6.950    72   4.1
  -1  56   62.469  -69.037  324.404    0.00   6.956    74   4.1
  -1  57   62.530  -68.922  324.310    0.00   6.967    72   4.1
  -1  58   62.592  -68.887  324.218    0.00   6.978    72   4.1
  -1  59   62.654  -68.847  324.116    0.00   6.989    72   4.1
  -1  60   62.715  -69.306  324.053    0.00   6.996    73   4.1
  -1  61   62.777  -69.238  323.956    0.00   7.007    72   4.1
  -1  62   62.839  -69.363  323.870    0.00   7.017    73   4.1
  -1  63   62.900  -68.208  323.668    0.00   7.040    70   4.1
  -1  64   62.962  -68.080  323.577    0.00   7.051    71   4.1
  -1  65   63.024  -67.707  323.467    0.00   7.065    73   4.1
  -1  66   63.085  -67.751  323.385    0.00   7.076    71   4.1
  -1  67   63.147  -68.120  323.311    0.00   7.085    70   4.1
  -1  68   63.208  -68.246  323.239    0.00   7.094    71   4.1
  -1  69   63.270  -68.348  323.140    0.00   7.106    71   4.1
  -1  70   63.332  -68.392  323.055    0.00   7.116    71   4.1
  -1   1   63.674  -69.270  324.834    0.00   6.911    67   5.1
  -1   2   63.694  -68.746  322.834   -0.00   7.130    65   5.1
  -1   3   63.714  -68.694  320.370    0.00   7.407    66   5.1
  -1   4   63.735  -68.004  318.762    0.00   7.606    67   5.1
  -1   5   63.755  -68.000  317.016    0.00   7.829    66   5.1
  -1   6   63.775  -68.757  315.758    0.00   7.969    66   5.1
  -1   7   63.795  -68.826  314.334    0.00   8.145    64   5.1
  -1   8   63.815  -68.465  313.106    0.00   8.287    62   5.1
  -1   9   63.836  -68.099  312.254    0.00   8.387    66   5.1
  -1  10   63.856  -67.802  311.557    0.00   8.474    65   5.1
  -1  11   63.876  -67.036  310.752    0.00   8.584    63   5.1
  -1  12   63.896  -67.588  309.946    0.00   8.692    65   5.1
  -1  13   63.916  -68.280  309.229    0.00   8.782    64   5.1
  -1  14   63.937  -68.200  308.558    0.00   8.864    64   5.1
  -1  15   63.957  -67.851  307.869   -0.00   8.946    65   5.1
  -1  16   63.977  -66.208  307.107    0.00   9.049    65   5.1
  -1  17   63.997  -66.938  306.419    0.00   9.147    65   5.1
  -1  18   64.017  -66.925  305.843    0.00   9.225    67   5.1
  -1  19   64.038  -67.065  305.272    0.00   9.302    67   5.1
  -1  20   64.058  -66.727  304.659    0.00   9.385    66   5.1
  -1  21   64.078  -67.094  304.058    0.00   9.467    64   5.1
  -1  22   64.098  -67.842  303.497    0.00   9.539    67   5.1
  -1  23   64.118  -68.173  302.997    0.00   9.602    67   5.1
  -1  24   64.139  -68.436  302.537    0.00   9.657    66   5.1
  -1  25   64.159  -68.376  302.062    0.00   9.714    68   5.1
  -1  26   64.179  -70.634  296.790   -0.00  10.319    72   5.1
  -1  27   64.199  -71.264  296.388    0.00  10.356    71   5.1
  -1  28   64.219  -71.052  295.964    0.00  10.394    74   5.1
  -1  29   64.240  -71.102  295.604   -0.00  10.427    74   5.1
  -1  30   64.260  -70.816  295.229   -0.00  10.461    73   5.1
  -1  31   64.280  -71.617  294.833    0.00  10.495    73   5.1
  -1  32   64.300  -72.305  294.467    0.00  10.525    74   5.1
  -1  33   64.320  -72.883  294.077   -0.00  10.554    72   5.1
  -1  34   64.341  -71.464  293.585    0.00  10.594    73   5.1
  -1  35   64.361  -71.166  293.258    0.00  10.622    72   5.1
  -1  36   64.381  -71.115  292.950    0.00  10.650    73   5.1
  -1  37   64.401  -70.177  292.667    0.00  10.678    71   5.1
  -1  38   64.421  -69.029  292.323    0.00  10.713    72   5.1
  -1  39   64.442  -68.433  291.973    0.00  10.754    69   5.1
  -1  40   64.462  -67.229  291.622    0.00  10.799    71   5.1
  -1  41   64.482  -67.727  291.271   -0.00  10.846    70   5.1
  -1  42   64.502  -67.536  290.919   -0.00  10.891    73   5.1
  -1  43   64.522  -67.762  290.597    0.00  10.932    71   5.1
  -1  44   64.543  -68.055  290.301    0.00  10.969    71   5.1
  -1  45   64.563  -67.884  289.960    0.00  11.012    71   5.1
  -1  46   64.583  -67.394  289.603    0.00  11.058    71   5.1
  -1  47   64.603  -65.768  289.222    0.00  11.109    71   5.1
  -1  48   64.624  -65.584  288.870    0.00  11.162    69   5.1
  -1  49   64.644  -66.151  288.543    0.00  11.210    70   5.1
  -1  50   64.664  -66.416  288.256    0.00  11.251    68   5.1
  -1  51   64.684  -66.277  287.963    0.00  11.292    70   5.1
  -1  52   64.704  -66.748  287.672    0.00  11.334    68   5.1
  -1  53   64.725  -66.820  287.377    0.00  11.375    70   5.1
  -1  54   64.745  -66.130  287.065    0.00  11.418    68   5.1
  -1  55   64.765  -65.441  286.752    0.00  11.465    69   5.1
  -1  56   64.785  -65.826  286.483    0.00  11.505    68   5.1
  -1  57   64.805  -65.710  286.182    0.00  11.550    68   5.1
  -1  58   64.826  -64.763  285.912    0.00  11.592    70   5.1
  -1  59   64.846  -64.647  285.648    0.00  11.634    72   5.1
  -1  60   64.866  -64.254  285.390    0.00  11.676    71   5.1
  -1  61   64.886  -64.140  285.143    0.00  11.717    72   5.1
  -1  62   64.906  -64.524  284.881    0.00  11.759    71   5.1
  -1  63   64.927  -64.283  284.601    0.00  11.805    72   5.1
  -1  64   64.947  -65.100  284.355    0.00  11.844    74   5.1
  -1  65   64.967  -65.143  284.098    0.00  11.884    70   5.1
  -1  66   64.987  -65.177  283.821    0.00  11.927    73   5.1
  -1  67   65.007  -65.160  283.569    0.00  11.966    73   5.1
***  ray stopped - illegal reflection  ***
  -1  68   65.028   -5.017  307.533   11.45   6.894    43   6.1
***  ray stopped - illegal reflection  ***
  -1  69   65.048   -5.461  304.513   11.32   7.275    42   6.1
***  ray stopped - illegal reflection  ***
  -1  70   65.068   -6.364  300.711   11.15   7.753    44   6.1
  -1   1   65.084  -62.963  274.804    0.00  13.390    76   6.1
  -1   2   65.090  -62.329  274.090    0.00  13.522    74   6.1
  -1   3   65.096  -62.330  273.394    0.00  13.651    76   6.1
  -1   4   65.102  -62.593  272.728    0.00  13.773    77   6.1
  -1   5   65.108  -63.576  272.375    0.00  13.836    76   6.1
  -1   6   65.114  -63.672  271.949    0.00  13.908    78   6.1
  -1   7   65.120  -63.845  271.538    0.00  13.977    75   6.1
  -1   8   65.126  -63.675  271.223    0.00  14.031    75   6.1
  -1   9   65.132  -62.972  270.872    0.00  14.092    76   6.1
  -1  10   65.138  -62.956  270.575    0.00  14.145    76   6.1
  -1  11   65.145  -63.029  270.267    0.00  14.199    77   6.1
  -1  12   65.151  -63.148  269.994    0.00  14.248    77   6.1
  -1  13   65.157  -63.632  269.747    0.00  14.291    77   6.1
  -1  14   65.163  -64.216  269.484    0.00  14.335    77   6.1
  -1  15   65.169  -64.425  269.213    0.00  14.379    78   6.1
  -1  16   65.175  -64.312  268.894    0.00  14.431    77   6.1
  -1  17   65.181  -64.463  268.600    0.00  14.479    77   6.1
  -1  18   65.187  -65.071  268.319    0.00  14.524    78   6.1
  -1  19   65.193  -65.193  268.018    0.00  14.570    76   6.1
  -1  20   65.199  -65.731  267.698    0.00  14.618    77   6.1
  -1  21   65.205  -65.382  267.344    0.00  14.671    77   6.1
  -1  22   65.211  -65.825  267.011    0.00  14.722    76   6.1
  -1  23   65.218  -65.999  266.632    0.00  14.777    78   6.1
  -1  24   65.224  -65.577  266.236    0.00  14.836    76   6.1
  -1  25   65.230  -65.614  265.916    0.00  14.885    77   6.1
  -1  26   65.236  -65.632  265.590    0.00  14.933    78   6.1
  -1  27   65.242  -66.161  265.285    0.00  14.978    75   6.1
  -1  28   65.248  -66.178  265.004    0.00  15.018    76   6.1
  -1  29   65.254  -66.216  264.723    0.00  15.059    79   6.1
  -1  30   65.260  -66.742  264.473    0.00  15.094    75   6.1
  -1  31   65.266  -67.165  264.170    0.00  15.136    77   6.1
  -1  32   65.272  -69.044  263.943    0.00  15.165    79   6.1
  -1  33   65.278  -69.425  263.690    0.00  15.192    78   6.1
  -1  34   65.285  -69.043  263.354    0.00  15.230    76   6.1
  -1  35   65.291  -68.630  263.063    0.00  15.264    75   6.1
  -1  36   65.297  -67.460  262.643   -0.00  15.316    76   6.1
  -1  37   65.303  -67.526  262.363    0.00  15.352    76   6.1
  -1  38   65.309  -66.906  262.038    0.00  15.394    75   6.1
  -1  39   65.315  -66.754  261.741    0.00  15.435    74   6.1
  -1  40   65.321  -65.112  261.386    0.00  15.486    75   6.1
  -1  41   65.327  -64.971  261.119    0.00  15.528    75   6.1
  -1  42   65.333  -64.040  260.787    0.00  15.581    74   6.1
  -1  43   65.339  -63.902  260.514    0.00  15.627    75   6.1
  -1  44   65.345  -63.764  260.239    0.00  15.673    75   6.1
  -1  45   65.352  -64.265  260.054    0.00  15.705    76   6.1
  -1  46   65.358  -63.746  259.746    0.00  15.756    75   6.1
  -1  47   65.364  -62.902  259.347    0.00  15.825    76   6.1
  -1  48   65.370  -62.711  259.087    0.00  15.872    75   6.1
  -1  49   65.376  -62.581  258.820    0.00  15.920    77   6.1
  -1  50   65.382  -62.809  258.572    0.00  15.965    75   6.1
  -1  51   65.388  -62.413  258.290    0.00  16.016    77   6.1
  -1  52   65.394  -62.188  258.038    0.00  16.061    76   6.1
  -1  53   65.400  -61.942  257.762    0.00  16.113    76   6.1
  -1  54   65.406  -61.817  257.496    0.00  16.163    78   6.1
  -1  55   65.412  -61.848  257.250   -0.00  16.210    79   6.1
  -1  56   65.419  -61.080  256.968   -0.00  16.264    78   6.1
  -1  57   65.425  -60.952  256.701   -0.00  16.317    78   6.1
  -1  58   65.431  -61.077  256.474    0.00  16.362    78   6.1
  -1  59   65.437  -60.990  256.203    0.00  16.415    78   6.1
  -1  60   65.443  -61.051  255.982    0.00  16.459    76   6.1
  -1  61   65.449  -62.662  255.825    0.00  16.488    76   6.1
  -1  62   65.455  -62.639  255.567    0.00  16.535    76   6.1
  -1  63   65.461  -64.421  255.418    0.00  16.561    76   6.1
  -1  64   65.467  -64.494  255.160    0.00  16.602    76   6.1
  -1  65   65.473  -64.110  254.871    0.00  16.650    79   6.1
  -1  66   65.479  -63.441  254.493    0.00  16.714    79   6.1
  -1  67   65.485  -63.567  254.213    0.00  16.762    78   6.1
  -1  68   65.492  -63.662  253.954    0.00  16.807    80   6.1
  -1  69   65.498  -63.687  253.650    0.00  16.858    79   6.1
***  ray stopped - illegal reflection  ***
  -1  70   65.504  -11.548  273.326   11.85  11.069    51   7.1
   1   1    0.000   -2.794  389.564    0.00  22.227    86   1.2
   1   2    3.103   -5.898  367.951    0.00  10.556    42   1.2
   1   3    6.207   -9.001  361.216    0.00   6.944    29   1.2
   1   4    9.310  -12.104  357.915    0.00   5.193    22   1.2
   1   5   12.414  -15.208  355.947    0.00   4.163    18   1.2
   1   6   15.517  -18.312  354.633    0.00   3.488    16   1.2
   1   7   18.621  -21.415  353.690    0.00   3.014    14   1.2
   1   8   21.724  -24.518  352.975    0.00   2.665    12   1.2
   1   9   24.828  -27.622  352.412    0.00   2.398    11   1.2
   1  10   27.931  -30.724  351.955    0.00   2.189    10   1.2
   1  11   31.034  -33.829  351.574    0.00   2.022     9   1.2
   1  12   34.138  -36.933  351.251    0.00   1.886     9   1.2
   1  13   37.241  -40.035  350.971    0.00   1.775     8   1.2
   1  14   40.345  -43.139  350.724    0.00   1.683     8   1.2
   1  15   43.448  -46.242  350.505    0.00   1.607     8   1.2
   1  16   46.552  -49.345  350.308    0.00   1.543     7   1.2
   1  17   49.655  -52.449  350.128    0.00   1.490     7   1.2
   1  18   52.759  -55.552  349.962    0.00   1.445     6   1.2
   1  19   55.862  -58.655  349.808    0.00   1.409     6   1.2
   1  20   58.966  -61.759  349.664    0.00   1.379     6   1.2
   1  21   62.069  -64.862  349.529    0.00   1.356     6   1.2
   1  22   65.172  -67.965  349.400    0.00   1.337     5   1.2
   1  23   68.276  -71.068  349.276    0.00   1.324     5   1.2
   1  24   71.379  -74.172  349.157    0.00   1.315     5   1.2
   1  25   74.483  -77.275  349.042    0.00   1.310     5   1.2
   1  26   77.586  -80.370  348.929    0.00   1.310     5   1.2
   1  27   80.690  -83.469  348.819    0.00   1.313     5   1.2
   1  28   83.793  -86.565  348.710    0.00   1.321     5   1.2
   1  29   86.897  -88.726  348.634    0.00   1.329     4   1.2
   1  30   90.000   88.058  348.522    0.00   1.326     4   1.2
   1   1   82.184  -37.199  410.000   13.04   3.184    56   7.2
   1   2   82.194  -22.609  410.000   17.93   2.825    53   7.2
   1   3   82.221  -40.484  410.000   11.53   3.329    55   7.2
   1   4   82.268  -49.608  410.000    9.32   3.588    55   7.2
   1   5   82.333  -80.029  402.208    0.00   6.586    74   7.2
   1   6   82.417  -85.209  400.137    0.00   6.667    70   7.2
   1   7   82.519  -86.590  398.430    0.00   6.783    72   7.2
   1   8   82.640  -86.226  395.826    0.00   7.004    70   7.2
   1   9   82.779  -85.062  394.302    0.00   7.123    70   7.2
   1  10   82.937  -84.077  392.901    0.00   7.205    70   7.2
   1  11   83.114  -83.650  400.311   -0.00   6.767    69   7.2
   1  12   83.309  -84.636  397.955    0.00   6.886    69   7.2
   1  13   83.522  -83.328  395.698    0.00   7.010    68   7.2
   1  14   83.755  -81.098  393.763    0.00   7.082    67   7.2
   1  15   84.006  -76.690  392.207    0.00   7.090    68   7.2
   1  16   84.275  -74.355  390.511    0.00   7.012    69   7.2
   1  17   84.563  -81.601  396.570    0.00   7.051    67   7.2
   1  18   84.870  -79.604  394.258    0.00   7.100    65   7.2
   1  19   85.195  -74.865  392.357    0.00   7.066    65   7.2
   1  20   85.539  -73.324  389.746    0.00   6.876    65   7.2
   1  21   85.902  -86.262  385.434    0.00   6.900    56   7.2
   1  22   86.283   89.968  382.064    0.00   7.366    56   7.2
   1  23   86.682   86.886  378.942    0.00   7.845    61   7.2
   1  24   87.100  -89.148  381.627    0.00   7.420    55   7.2
   1  25   87.537   87.433  378.356    0.00   7.910    61   7.2
   1  26   87.993  -84.053  376.047    0.00   8.170    60   7.2
   1  27   88.467   87.369  372.336    0.00   8.521    54   7.2
   1  28   88.959  -82.535  370.110    0.00   8.706    56   7.2
***  ray stopped - illegal reflection  ***
   1  29   89.470   89.558  348.590    2.00   0.000     3   2.1
***  ray stopped - illegal reflection  ***
   1  30   90.000   89.494  348.590    2.39   0.189     7   2.1
   1   1   75.013  -74.402  356.458    0.00   3.024    41   4.1
   1   2   75.212  -66.302  359.360    0.00   3.314    46   4.1
   1   3   75.411  -63.842  360.730    0.00   3.535    47   4.1
   1   4   75.611  -64.858  361.602    0.00   3.682    49   4.1
   1   5   75.810  -62.637  362.671    0.00   3.862    50   4.1
   1   6   76.009  -61.738  363.522    0.00   4.021    53   4.1
   1   7   76.208  -62.864  364.187    0.00   4.140    54   4.1
   1   8   76.407  -62.620  364.870    0.00   4.263    55   4.1
   1   9   76.606  -63.687  365.435    0.00   4.360    53   4.1
   1  10   76.805  -65.259  365.980    0.00   4.452    55   4.1
   1  11   77.004  -66.900  366.515    0.00   4.530    58   4.1
   1  12   77.204  -67.990  367.103   -0.00   4.607    58   4.1
   1  13   77.403  -68.410  367.730    0.00   4.684    59   4.1
   1  14   77.602  -69.068  368.360    0.00   4.756    58   4.1
   1  15   77.801  -68.783  369.046    0.00   4.834    60   4.1
   1  16   78.000  -68.827  369.716    0.00   4.913    60   4.1
   1  17   78.199  -72.528  370.100    0.00   4.951    61   4.1
   1  18   78.398  -70.446  370.747    0.00   5.000    63   4.1
   1  19   78.598  -71.014  371.373    0.00   5.060    66   4.1
   1  20   78.797  -75.180  371.660    0.00   5.079    64   4.1
   1  21   78.996  -78.000  372.206    0.00   5.097    67   4.1
   1  22   79.195  -80.180  372.639    0.00   5.097    67   4.1
   1  23   79.394  -81.432  373.312    0.00   5.090    70   4.1
   1  24   79.593  -87.221  373.597    0.00   5.063    72   4.1
   1  25   79.792  -72.917  375.808    0.00   4.982    75   4.1
   1  26   79.992  -72.030  376.968    0.00   5.079    79   4.1
   1  27   80.191  -77.993  376.892    0.00   5.074    80   4.1
   1  28   80.390  -78.348  377.612    0.00   5.024    78   4.1
   1  29   80.589  -80.212  378.294    0.00   5.024    76   4.1
   1  30   80.788  -85.822  378.666    0.00   4.999    77   4.1
   1   1   75.013  -74.402  356.458    0.00   3.024    41   4.1
   1   2   75.097  -69.200  358.157    0.00   3.166    44   4.1
   1   3   75.180  -67.541  359.013    0.00   3.267    47   4.1
   1   4   75.264  -63.487  359.975    0.00   3.411    47   4.1
   1   5   75.348  -64.528  360.365    0.00   3.476    47   4.1
   1   6   75.432  -63.761  360.838    0.00   3.554    46   4.1
   1   7   75.515  -63.878  361.236    0.00   3.622    48   4.1
   1   8   75.599  -64.854  361.549    0.00   3.673    49   4.1
   1   9   75.683  -64.684  361.957    0.00   3.738    48   4.1
   1  10   75.766  -62.874  362.482    0.00   3.828    51   4.1
   1  11   75.850  -62.544  362.843    0.00   3.893    50   4.1
   1  12   75.934  -61.719  363.254    0.00   3.970    51   4.1
   1  13   76.017  -63.210  363.460    0.00   4.010    52   4.1
   1  14   76.101  -63.210  363.769    0.00   4.064    54   4.1
   1  15   76.185  -62.826  364.112    0.00   4.126    55   4.1
   1  16   76.269  -62.917  364.389    0.00   4.175    55   4.1
   1  17   76.352  -62.576  364.692    0.00   4.230    55   4.1
   1  18   76.436  -63.212  364.894    0.00   4.267    55   4.1
   1  19   76.520  -63.607  365.147    0.00   4.311    54   4.1
   1  20   76.603  -63.682  365.425    0.00   4.358    53   4.1
   1  21   76.687  -63.876  365.689    0.00   4.403    56   4.1
   1  22   76.771  -64.080  365.950    0.00   4.447    56   4.1
   1  23   76.854  -65.501  366.124    0.00   4.474    57   4.1
   1  24   76.938  -65.851  366.362   -0.00   4.509    57   4.1
   1  25   77.022  -66.956  366.572    0.00   4.538    57   4.1
   1  26   77.105  -67.183  366.832    0.00   4.573    58   4.1
   1  27   77.189  -67.960  367.058    0.00   4.602    58   4.1
   1  28   77.273  -68.120  367.328    0.00   4.635    57   4.1
   1  29   77.357  -68.383  367.574    0.00   4.665    59   4.1
   1  30   77.440  -68.907  367.826   -0.00   4.695    58   4.1
   1  31   77.524  -68.968  368.108    0.00   4.727    59   4.1
   1  32   77.608  -69.074  368.379    0.00   4.758    58   4.1
   1  33   77.691  -69.170  368.656    0.00   4.789    60   4.1
   1  34   77.775  -68.766  368.957    0.00   4.824    59   4.1
   1  35   77.859  -68.527  369.287    0.00   4.863    60   4.1
   1  36   77.942  -68.688  369.536    0.00   4.892    60   4.1
   1  37   78.026  -69.903  369.732    0.00   4.915    61   4.1
   1  38   78.110  -70.215  369.973    0.00   4.939    61   4.1
   1  39   78.194  -72.493  370.085    0.00   4.950    61   4.1
   1  40   78.277  -72.949  370.322    0.00   4.967    63   4.1
   1  41   78.361  -74.116  370.403    0.00   4.971    63   4.1
   1  42   78.445  -70.404  370.907    0.00   5.016    62   4.1
   1  43   78.528  -70.893  371.155    0.00   5.040    65   4.1
   1  44   78.612  -71.053  371.420    0.00   5.065    65   4.1
   1  45   78.696  -73.782  371.528    0.00   5.073    64   4.1
   1  46   78.779  -75.129  371.603    0.00   5.077    64   4.1
   1  47   78.863  -76.435  371.824    0.00   5.086    64   4.1
   1  48   78.947  -76.768  372.107    0.00   5.094    66   4.1
   1  49   79.031  -78.370  372.297    0.00   5.098    68   4.1
   1  50   79.114  -78.699  372.568    0.00   5.099    66   4.1
   1  51   79.198  -80.175  372.651    0.00   5.097    67   4.1
   1  52   79.282  -80.204  372.991    0.00   5.094    70   4.1
   1  53   79.365  -80.592  373.282    0.00   5.090    69   4.1
   1  54   79.449  -82.301  373.447    0.00   5.085    72   4.1
   1  55   79.533  -86.262  373.369    0.00   5.083    70   4.1
   1  56   79.616  -87.413  373.705    0.00   5.053    73   4.1
   1  57   79.700   89.075  373.583    0.00   5.073    72   4.1
   1  58   79.784  -82.047  374.911    0.00   4.964    72   4.1
   1  59   79.867  -72.726  376.154    0.00   5.005    77   4.1
   1  60   79.951  -71.024  376.935    0.00   5.076    78   4.1
   1  61   80.035  -72.811  377.038    0.00   5.084    80   4.1
   1  62   80.119  -77.708  376.679    0.00   5.072    80   4.1
   1  63   80.202  -81.653  376.451    0.00   5.077    77   4.1
   1  64   80.286   88.726  375.876    0.00   5.118    77   4.1
   1  65   80.370  -78.407  377.534    0.00   5.023    78   4.1
   1  66   80.453  -78.412  377.840    0.00   5.026    75   4.1
   1  67   80.537  -79.788  378.024    0.00   5.027    73   4.1
   1  68   80.621  -80.305  378.337    0.00   5.024    76   4.1
   1  69   80.704  -85.626  378.263    0.00   5.031    77   4.1
   1  70   80.788  -85.822  378.666    0.00   4.999    77   4.1
   1   1   81.132  -67.768  392.762    0.00   4.989    89   5.1
   1   2   81.141  -71.280  394.040    0.00   5.120    89   5.1
   1   3   81.149  -65.911  391.801    0.00   4.852    86   5.1
   1   4   81.157  -74.418  396.185    0.00   5.266    86   5.1
   1   5   81.165  -75.484  397.325    0.00   5.319    85   5.1
   1   6   81.173  -76.706  398.021    0.00   5.340    86   5.1
   1   7   81.181  -77.563  398.716    0.00   5.355    83   5.1
   1   8   81.189  -76.409  399.503    0.00   5.378    83   5.1
   1   9   81.198  -76.565  399.676    0.00   5.383    82   5.1
   1  10   81.206  -77.157  400.344    0.00   5.402    79   5.1
   1  11   81.214  -76.762  401.012    0.00   5.417    77   5.1
   1  12   81.222  -74.731  401.724    0.00   5.447    80   5.1
   1  13   81.230  -72.835  402.405    0.00   5.492    82   5.1
   1  14   81.238  -70.911  403.093    0.00   5.545    82   5.1
   1  15   81.246  -69.250  403.753    0.00   5.609    80   5.1
   1  16   81.255  -69.457  404.425    0.00   5.685    79   5.1
   1  17   81.263  -70.900  403.332    0.00   5.568    80   5.1
   1  18   81.271  -73.158  405.358    0.00   5.766    79   5.1
   1  19   81.279  -72.429  406.212    0.00   5.823    81   5.1
   1  20   81.287  -72.987  406.988    0.00   5.881    80   5.1
   1  21   81.295  -72.358  407.590    0.00   5.925    79   5.1
   1  22   81.303  -73.040  408.103    0.00   5.966    79   5.1
   1  23   81.311  -73.472  408.676    0.00   6.005    77   5.1
   1  24   81.320  -75.287  409.138    0.00   6.029    81   5.1
   1  25   81.328  -73.105  408.340    0.00   5.982    77   5.1
   1  26   81.336  -78.100  410.000    0.09   5.984    78   5.1
   1  27   81.344  -78.218  410.000    2.22   4.598    79   5.1
   1  28   81.352  -64.308  410.000    3.44   4.114    69   5.1
   1  29   81.360  -55.009  410.000    3.93   4.000    68   5.1
   1  30   81.368  -52.966  410.000    4.54   3.878    66   5.1
   1  31   81.377  -51.140  410.000    5.08   3.778    65   5.1
   1  32   81.385  -49.446  410.000    5.57   3.692    63   5.1
   1  33   81.393  -47.728  410.000    6.05   3.613    60   5.1
   1  34   81.401  -46.142  410.000    6.49   3.545    61   5.1
   1  35   81.409  -44.778  410.000    6.85   3.492    60   5.1
   1  36   81.417  -43.399  410.000    7.20   3.442    60   5.1
   1  37   81.425  -41.984  410.000    7.56   3.395    59   5.1
   1  38   81.434  -40.588  410.000    7.90   3.351    58   5.1
   1  39   81.442  -42.906  410.000    7.33   3.425    58   5.1
   1  40   81.450  -37.871  410.000    8.52   3.277    58   5.1
   1  41   81.458  -36.690  410.000    8.78   3.248    57   5.1
   1  42   81.466  -35.515  410.000    9.03   3.222    57   5.1
   1  43   81.474  -34.306  410.000    9.28   3.197    56   5.1
   1  44   81.482  -33.087  410.000    9.53   3.173    56   5.1
   1  45   81.491  -31.875  410.000    9.76   3.152    55   5.1
   1  46   81.499  -30.633  410.000    9.99   3.131    54   5.1
   1  47   81.507  -29.462  410.000   10.20   3.114    55   5.1
   1  48   81.515  -28.771  410.000   10.31   3.104    54   5.1
   1  49   81.523  -27.696  410.000   10.49   3.090    53   5.1
   1  50   81.531  -26.624  410.000   10.67   3.077    53   5.1
   1  51   81.539  -25.540  410.000   10.83   3.065    52   5.1
   1  52   81.547  -24.457  410.000   11.00   3.054    52   5.1
   1  53   81.556  -20.839  410.000   11.15   3.045    51   5.1
   1  54   81.564  -20.684  410.000   11.27   3.038    51   5.1
   1  55   81.572  -20.530  410.000   11.40   3.031    51   5.1
   1  56   81.580  -20.378  410.000   11.52   3.024    51   5.1
   1  57   81.588  -20.230  410.000   11.64   3.018    51   5.1
   1  58   81.596  -20.075  410.000   11.76   3.011    51   5.1
   1  59   81.604  -19.930  410.000   11.88   3.005    51   5.1
   1  60   81.613  -19.780  410.000   12.00   2.999    51   5.1
   1  61   81.621  -19.634  410.000   12.12   2.993    51   5.1
   1  62   81.629  -19.488  410.000   12.24   2.986    51   5.1
   1  63   81.637  -19.342  410.000   12.35   2.980    51   5.1
   1  64   81.645  -19.198  410.000   12.47   2.975    51   5.1
   1  65   81.653  -19.053  410.000   12.59   2.969    51   5.1
   1  66   81.661  -19.300  410.000   12.39   2.979    50   5.1
   1  67   81.670  -19.156  410.000   12.51   2.973    50   5.1
   1  68   81.678  -18.626  410.000   12.94   2.951    51   5.1
   1  69   81.686  -18.870  410.000   12.74   2.961    50   5.1
   1  70   81.694  -18.350  410.000   13.16   2.941    50   5.1
***  ray stopped - illegal reflection  ***
   1   1   81.756   -9.151  406.539   16.18   2.794    50   6.1
***  ray stopped - illegal reflection  ***
   1   2   81.758   -9.260  406.631   16.18   2.795    50   6.1
***  ray stopped - illegal reflection  ***
   1   3   81.760   -7.136  404.950   16.20   2.760    49   6.1
***  ray stopped - illegal reflection  ***
   1   4   81.761   -9.490  406.829   16.18   2.800    50   6.1
***  ray stopped - illegal reflection  ***
   1   5   81.763   -9.597  406.922   16.17   2.801    50   6.1
***  ray stopped - illegal reflection  ***
   1   6   81.764   -9.708  407.019   16.17   2.803    50   6.1
***  ray stopped - illegal reflection  ***
   1   7   81.766   -9.815  407.114   16.17   2.805    50   6.1
***  ray stopped - illegal reflection  ***
   1   8   81.768   -9.920  407.207   16.17   2.807    50   6.1
***  ray stopped - illegal reflection  ***
   1   9   81.769  -10.030  407.306   16.17   2.809    50   6.1
***  ray stopped - illegal reflection  ***
   1  10   81.771  -10.139  407.401   16.17   2.811    51   6.1
***  ray stopped - illegal reflection  ***
   1  11   81.772  -10.254  407.506   16.17   2.813    51   6.1
***  ray stopped - illegal reflection  ***
   1  12   81.774  -10.361  407.606   16.16   2.815    51   6.1
***  ray stopped - illegal reflection  ***
   1  13   81.775  -10.447  407.688   16.16   2.817    52   6.1
***  ray stopped - illegal reflection  ***
   1  14   81.777   -9.022  406.430   16.18   2.791    49   6.1
   1  15   81.779   -3.392  410.000   16.07   2.863    53   6.1
   1  16   81.780   -4.095  410.000   16.04   2.864    53   6.1
   1  17   81.782   -4.485  410.000   16.03   2.864    53   6.1
   1  18   81.783   -4.798  410.000   16.02   2.864    53   6.1
   1  19   81.785   -5.054  410.000   16.02   2.864    53   6.1
   1  20   81.786   -5.286  410.000   16.02   2.864    53   6.1
   1  21   81.788   -5.488  410.000   16.02   2.864    53   6.1
   1  22   81.790   -5.671  410.000   16.02   2.864    53   6.1
   1  23   81.791   -5.833  410.000   16.02   2.864    53   6.1
   1  24   81.793   -5.982  410.000   16.02   2.864    53   6.1
***  ray stopped - illegal reflection  ***
   1  25   81.794  -10.237  407.490   16.17   2.813    50   6.1
***  ray stopped - illegal reflection  ***
   1  26   81.796  -10.348  407.594   16.16   2.815    50   6.1
***  ray stopped - illegal reflection  ***
   1  27   81.798  -10.435  407.676   16.16   2.817    51   6.1
   1  28   81.799   -6.478  410.000   16.04   2.864    53   6.1
   1  29   81.801   -6.585  410.000   16.05   2.863    53   6.1
   1  30   81.802   -6.693  410.000   16.05   2.863    53   6.1
   1  31   81.804   -6.789  410.000   16.06   2.863    53   6.1
   1  32   81.805   -6.881  410.000   16.07   2.863    53   6.1
   1  33   81.807   -6.964  410.000   16.08   2.863    53   6.1
   1  34   81.809   -7.033  410.000   16.09   2.863    52   6.1
   1  35   81.810   -5.470  410.000   16.02   2.864    52   6.1
   1  36   81.812   -7.160  410.000   16.11   2.862    52   6.1
   1  37   81.813   -7.217  410.000   16.11   2.862    52   6.1
   1  38   81.815   -7.271  410.000   16.12   2.862    52   6.1
   1  39   81.817  -12.528  410.000   16.14   2.862    51   6.1
   1  40   81.818  -12.524  410.000   16.15   2.861    51   6.1
   1  41   81.820  -12.520  410.000   16.17   2.861    51   6.1
   1  42   81.821  -12.515  410.000   16.19   2.860    51   6.1
   1  43   81.823  -12.511  410.000   16.20   2.860    51   6.1
   1  44   81.824  -12.506  410.000   16.22   2.859    51   6.1
   1  45   81.826  -12.500  410.000   16.24   2.858    51   6.1
   1  46   81.828  -12.494  410.000   16.25   2.858    51   6.1
   1  47   81.829  -12.487  410.000   16.27   2.857    51   6.1
   1  48   81.831   -7.020  410.000   16.09   2.863    51   6.1
   1  49   81.832  -12.474  410.000   16.31   2.856    51   6.1
   1  50   81.834  -12.466  410.000   16.32   2.856    51   6.1
   1  51   81.836  -12.459  410.000   16.34   2.855    52   6.1
   1  52   81.837  -12.450  410.000   16.36   2.854    52   6.1
   1  53   81.839  -12.442  410.000   16.38   2.854    52   6.1
   1  54   81.840  -12.433  410.000   16.40   2.853    52   6.1
   1  55   81.842  -12.521  410.000   16.16   2.861    50   6.1
   1  56   81.843  -12.415  410.000   16.43   2.852    52   6.1
   1  57   81.845  -12.405  410.000   16.45   2.852    52   6.1
   1  58   81.847  -12.396  410.000   16.47   2.851    52   6.1
   1  59   81.848  -12.385  410.000   16.49   2.850    52   6.1
   1  60   81.850  -12.376  410.000   16.51   2.850    52   6.1
   1  61   81.851  -12.365  410.000   16.53   2.849    52   6.1
   1  62   81.853  -12.483  410.000   16.28   2.857    50   6.1
   1  63   81.855  -12.342  410.000   16.57   2.848    52   6.1
   1  64   81.856  -12.330  410.000   16.59   2.847    52   6.1
   1  65   81.858  -12.318  410.000   16.61   2.847    52   6.1
   1  66   81.859  -12.306  410.000   16.63   2.846    52   6.1
   1  67   81.861  -12.294  410.000   16.64   2.846    52   6.1
   1  68   81.862  -12.282  410.000   16.66   2.845    52   6.1
   1  69   81.864  -12.269  410.000   16.68   2.844    52   6.1
   1  70   81.866   -9.198  410.000   17.85   2.813    52   6.1
***  shot#   1 ray code  4.1 1 ray traced  ***
   1   1   85.226  -81.618  376.420    0.00   5.534    74   4.1
***  shot#   1 ray code  5.1 1 ray traced  ***
   1   1   86.444  -20.203  410.000   11.74   3.465    48   5.1
***  shot#   1 ray code  6.1 no rays traced  ***
***  shot#   1 ray code  4.1 1 ray traced  ***
***  ray stopped - illegal reflection  ***
   1   1   74.793  -45.921  377.552    4.12   7.568    68   4.1
***  shot#   1 ray code  5.1 1 ray traced  ***
   1   1   75.881  -64.486  409.354    0.00  14.411    81   5.1
   1   1*********   26.269  410.000   46.75  13.763    44   8.1
   1   2*********   56.424  344.773    0.00   4.340    28   3.1
   1   3*********    9.936  410.000   57.42  11.899    41   9.1
   1   4*********  -52.404  353.579    0.00   5.173    43   2.1
   1   5*********  -82.985  342.954   60.00  12.098    28   9.1
   1   6*********   55.318  341.885    0.00   5.858    38   3.1
   1   7*********  -82.012  376.988    0.00  11.315    74   4.1
***  ray stopped - illegal reflection  ***
   1   8*********   13.134  349.781    2.68   0.936    17   2.2
***  ray stopped - illegal reflection  ***
   1   9*********  -27.982  291.674   42.70  10.427    37   8.2
***  ray stopped - illegal reflection  ***
   1  10*********  -14.482  345.630    3.47   1.803    16   3.2
***  ray stopped - illegal reflection  ***
   1  11*********   46.352  349.809    3.66   1.241    14   3.2
   1  12*********  -59.965  357.451    0.00   6.915    46   3.1
   1  13*********   74.124  335.403    0.00   7.265    51   4.1
***  ray stopped - illegal reflection  ***
   1  14*********  -38.838  347.125    3.50   1.218    13   3.2
***  ray stopped - illegal reflection  ***
   1  15*********   18.272  351.418    3.73   1.853    19   3.2
***  ray stopped - illegal reflection  ***
   1  16*********   30.522  350.553    3.70   1.498    17   3.2
***  ray stopped - illegal reflection  ***
   1  17*********  -28.818  346.636    3.50   1.393    15   3.2
   1  18*********   78.104  325.930    0.00   8.669    66   4.1
***  ray stopped - illegal reflection  ***
   1  19*********   25.908  349.413    2.65   0.735    13   2.2
***  ray stopped - illegal reflection  ***
   1  20*********   53.876  349.529    3.63   1.158    13   3.2
   1  21*********   55.717  339.968    0.00   6.877    46   3.1
   1  22*********   79.206  142.535    0.00  14.216    84   9.1
   1  23*********  -53.483  353.742    0.00   5.266    44   2.1
   1  24*********   18.483  410.000   37.75  13.043    46   8.1
   1  25*********   56.443  344.395    0.00   4.534    30   3.1
***  ray stopped - illegal reflection  ***
   1  26*********   89.479  348.590    2.39   2.612     9   2.1
   1  27*********  -52.363  353.573    0.00   5.169    43   2.1
   1  28*********   87.296  348.857   60.00  12.744    27   9.1
   1  29*********   55.038  342.204    0.00   5.688    37   3.1
   1  30*********  -60.632  388.571    0.00  10.766    83   5.1
***  ray stopped - illegal reflection  ***
   1  31*********   10.557  349.875    2.69   0.989    18   2.2
***  ray stopped - illegal reflection  ***
   1  32*********  -35.085  303.670   42.22   9.702    33   8.2
***  ray stopped - illegal reflection  ***
   1  33*********  -11.515  345.371    3.45   1.913    17   3.2
***  ray stopped - illegal reflection  ***
   1  34*********   48.182  349.736    3.66   1.220    13   3.2
   1  35*********  -61.232  356.506    0.00   6.505    45   3.1
   1  36*********   74.712  333.434    0.00   7.607    55   4.1
***  ray stopped - illegal reflection  ***
   1  37*********  -36.913  347.044    3.50   1.245    12   3.2
***  ray stopped - illegal reflection  ***
   1  38*********   21.853  351.131    3.72   1.732    17   3.2
***  ray stopped - illegal reflection  ***
   1  39*********   27.777  350.716    3.71   1.562    17   3.2
***  ray stopped - illegal reflection  ***
   1  40*********  -30.831  346.747    3.50   1.351    14   3.2
   1  41*********   75.927  327.832    0.00   8.393    62   4.1
   1  42*********  -56.965  354.298    0.00   5.478    35   3.1
***  ray stopped - illegal reflection  ***
   1  43*********   51.975  349.595    3.64   1.177    13   3.2
   1  44*********   56.693  339.734    0.00   6.998    47   3.1
***  ray stopped - illegal reflection  ***
   1  45*********  -51.976  321.783   42.42   9.194    32   8.2
   1  46*********  -53.648  353.769   -0.00   5.281    45   2.1
   1  47*********    9.115  410.000   28.42  12.579    48   8.1
   1  48*********   55.990  343.933    0.00   4.773    32   3.1
   1  49*********   66.172  361.625   60.00  13.755    33   9.1
   1  50*********  -52.098  352.132    0.00   5.576    41   2.1
   1  51*********   79.550  353.521   60.00  12.220    30   9.1
   1  52*********   54.929  342.515    0.00   5.520    36   3.1
   1  53*********   -9.317  410.000   17.88  10.490    51   6.1
***  ray stopped - illegal reflection  ***
   1  54*********    6.197  350.054    2.70   1.091    20   2.2
***  ray stopped - illegal reflection  ***
   1  55*********  -41.631  311.689   42.25   9.373    31   8.2
***  ray stopped - illegal reflection  ***
   1  56*********   -7.893  345.019    3.43   2.068    19   3.2
***  ray stopped - illegal reflection  ***
   1  57*********   50.060  349.664    3.65   1.198    13   3.2
   1  58*********  -59.098  355.386    0.00   6.012    40   3.1
   1  59*********   77.409  331.779    0.00   7.882    59   4.1
***  ray stopped - illegal reflection  ***
   1  60*********  -35.016  346.958    3.50   1.275    13   3.2
***  ray stopped - illegal reflection  ***
   1  61*********   25.129  350.891    3.71   1.633    17   3.2
***  ray stopped - illegal reflection  ***
   1  62*********   24.850  350.911    3.72   1.641    18   3.2
***  ray stopped - illegal reflection  ***
   1  63*********  -32.860  346.853    3.50   1.313    13   3.2
   1  64*********   76.998  329.828    0.00   8.106    59   4.1
   1  65*********  -60.064  355.641    0.00   6.130    40   3.1
***  ray stopped - illegal reflection  ***
   1  66*********   50.086  349.663    3.65   1.197    13   3.2
***  ray stopped - illegal reflection  ***
   1  67*********    1.236  343.990    3.36   2.530    23   3.2
***  ray stopped - illegal reflection  ***
   1  68*********  -46.654  316.791   42.33   9.246    33   8.2
***  ray stopped - illegal reflection  ***
   1  69*********    9.504  349.916    2.69   1.012    18   2.2
   1  70   76.881   -9.431  410.000   17.93  10.489    51   6.1
***  ray stopped - illegal reflection  ***
   1   1   61.984  -20.612  367.401    4.98   4.810    54   4.1
***  ray stopped - illegal reflection  ***
   1   2   62.092  -21.171  367.226    4.94   4.773    52   4.1
***  ray stopped - illegal reflection  ***
   1   3   62.200  -21.621  367.168    4.92   4.760    53   4.1
***  ray stopped - illegal reflection  ***
   1   4   62.309  -21.967  367.162    4.92   4.759    53   4.1
***  ray stopped - illegal reflection  ***
   1   5   62.417  -22.263  367.166    4.92   4.760    51   4.1
***  ray stopped - illegal reflection  ***
   1   6   62.525  -22.562  367.202    4.93   4.767    52   4.1
***  ray stopped - illegal reflection  ***
   1   7   62.634  -25.467  368.860    5.22   5.119    54   4.1
***  ray stopped - illegal reflection  ***
   1   8   62.742  -25.621  368.836    5.22   5.115    53   4.1
***  ray stopped - illegal reflection  ***
   1   9   62.850  -25.813  368.833    5.22   5.114    53   4.1
***  ray stopped - illegal reflection  ***
   1  10   62.959  -26.023  368.848    5.22   5.117    53   4.1
***  ray stopped - illegal reflection  ***
   1  11   63.067  -26.265  368.888    5.23   5.125    52   4.1
***  ray stopped - illegal reflection  ***
   1  12   63.175  -26.528  368.955    5.24   5.139    53   4.1
***  ray stopped - illegal reflection  ***
   1  13   63.283  -26.783  369.027    5.25   5.154    55   4.1
***  ray stopped - illegal reflection  ***
   1  14   63.392  -27.013  369.096    5.26   5.169    54   4.1
***  ray stopped - illegal reflection  ***
   1  15   63.500  -27.273  369.180    5.27   5.186    55   4.1
***  ray stopped - illegal reflection  ***
   1  16   63.608  -27.572  369.270    5.27   5.206    55   4.1
***  ray stopped - illegal reflection  ***
   1  17   63.717  -27.955  369.385    5.27   5.232    56   4.1
***  ray stopped - illegal reflection  ***
   1  18   63.825  -28.291  369.491    5.28   5.256    55   4.1
***  ray stopped - illegal reflection  ***
   1  19   63.933  -28.620  369.600    5.28   5.280    54   4.1
***  ray stopped - illegal reflection  ***
   1  20   64.042  -26.860  369.024    5.25   5.154    55   4.1
***  ray stopped - illegal reflection  ***
   1  21   64.150  -27.135  369.110    5.26   5.172    54   4.1
***  ray stopped - illegal reflection  ***
   1  22   64.258  -27.448  369.212    5.27   5.193    55   4.1
***  ray stopped - illegal reflection  ***
   1  23   64.367  -27.856  369.335    5.27   5.221    55   4.1
***  ray stopped - illegal reflection  ***
   1  24   64.475  -28.275  369.469    5.28   5.251    55   4.1
***  ray stopped - illegal reflection  ***
   1  25   64.583  -28.686  369.606    5.28   5.281    55   4.1
***  ray stopped - illegal reflection  ***
   1  26   64.691  -29.077  369.739    5.28   5.311    54   4.1
***  ray stopped - illegal reflection  ***
   1  27   64.800  -29.489  369.884    5.28   5.343    54   4.1
***  ray stopped - illegal reflection  ***
   1  28   64.908  -29.902  370.037    5.29   5.376    55   4.1
***  ray stopped - illegal reflection  ***
   1  29   65.016  -30.292  370.184    5.29   5.407    56   4.1
***  ray stopped - illegal reflection  ***
   1  30   65.125  -30.697  370.339    5.29   5.441    56   4.1
***  ray stopped - illegal reflection  ***
   1  31   65.233  -31.108  370.499    5.30   5.475    56   4.1
***  ray stopped - illegal reflection  ***
   1  32   65.341  -31.487  370.646    5.30   5.507    58   4.1
***  ray stopped - illegal reflection  ***
   1  33   65.450  -34.195  371.681    5.20   5.746    59   4.1
***  ray stopped - illegal reflection  ***
   1  34   65.558  -34.628  371.842    5.18   5.782    59   4.1
***  ray stopped - illegal reflection  ***
   1  35   65.666  -35.291  372.054    5.14   5.834    61   4.1
***  ray stopped - illegal reflection  ***
   1  36   65.774  -36.261  372.312    5.06   5.904    61   4.1
***  ray stopped - illegal reflection  ***
   1  37   65.883  -37.188  372.569    4.98   5.973    61   4.1
***  ray stopped - illegal reflection  ***
   1  38   65.991  -37.954  372.795    4.91   6.033    60   4.1
***  ray stopped - illegal reflection  ***
   1  39   66.099  -38.859  373.070    4.82   6.106    61   4.1
***  ray stopped - illegal reflection  ***
   1  40   66.208  -39.985  373.358    4.69   6.191    61   4.1
***  ray stopped - illegal reflection  ***
   1  41   66.316  -42.820  373.927    4.32   6.386    63   4.1
   1  42   66.424  -65.887  377.762   -0.00   8.984    82   4.1
   1  43   66.533  -66.206  377.861    0.00   8.998    83   4.1
   1  44   66.641  -68.590  377.124    0.00   8.902    76   4.1
   1  45   66.749  -69.213  377.236    0.00   8.915    78   4.1
   1  46   66.857  -70.247  377.302    0.00   8.922    81   4.1
   1  47   66.966  -73.218  377.135    0.00   8.909    79   4.1
   1  48   67.074  -71.733  377.509    0.00   8.935    81   4.1
   1  49   67.182  -68.465  378.247    0.00   9.007    85   4.1
   1  50   67.291  -68.433  378.404    0.00   9.026    82   4.1
***  ray stopped - illegal reflection  ***
   1  51   67.399  -22.701  375.711    4.40   6.644    68   4.2
***  ray stopped - illegal reflection  ***
   1  52   67.507  -21.472  375.501    4.55   6.588    68   4.2
***  ray stopped - illegal reflection  ***
   1  53   67.616  -43.617  375.960    4.27   6.740    66   4.1
***  ray stopped - illegal reflection  ***
   1  54   67.724  -44.018  376.195    4.21   6.793    65   4.1
   1  55   67.832  -69.125  379.538    0.00   9.196    83   4.1
   1  56   67.941  -69.532  379.658    0.00   9.209    80   4.1
   1  57   68.049  -68.938  379.846    0.00   9.229    81   4.1
   1  58   68.157  -70.062  379.937    0.00   9.238    81   4.1
   1  59   68.265  -70.769  380.073    0.00   9.252    84   4.1
   1  60   68.374  -71.527  380.228    0.00   9.266    86   4.1
***  ray stopped - illegal reflection  ***
   1  61   68.482  -44.999  377.657    4.08   7.059    67   4.1
***  ray stopped - illegal reflection  ***
   1  62   68.590  -45.641  377.948    3.98   7.131    67   4.1
***  ray stopped - illegal reflection  ***
   1  63   68.699  -46.261  378.242    3.88   7.203    69   4.1
***  ray stopped - illegal reflection  ***
   1  64   68.807  -47.011  378.540    3.77   7.278    70   4.1
***  ray stopped - illegal reflection  ***
   1  65   68.915  -47.728  378.846    3.65   7.354    70   4.1
***  ray stopped - illegal reflection  ***
   1  66   69.024  -48.663  379.181    3.49   7.448    69   4.1
***  ray stopped - illegal reflection  ***
   1  67   69.132  -49.574  379.528    3.32   7.543    70   4.1
***  ray stopped - illegal reflection  ***
   1  68   69.240  -50.301  379.829    3.17   7.625    70   4.1
***  ray stopped - illegal reflection  ***
   1  69   69.348  -51.154  380.201    2.98   7.727    72   4.1
***  ray stopped - illegal reflection  ***
   1  70   69.457  -51.701  380.516    2.84   7.807    73   4.1
   1   1   69.986  -71.631  385.005    0.00   9.595    78   5.1
   1   2   70.004  -57.792  389.782    0.00  10.288    88   5.1
   1   3   70.022  -60.751  393.434    0.00  11.112    92   5.1
   1   4   70.040  -60.032  394.751    0.00  11.383    94   5.1
   1   5   70.058  -62.731  396.727    0.00  11.757    90   5.1
   1   6   70.076  -62.180  398.439    0.00  12.076    92   5.1
   1   7   70.094  -63.112  398.838    0.00  12.149    88   5.1
   1   8   70.112  -62.339  400.043    0.00  12.373    87   5.1
   1   9   70.130  -64.008  400.594    0.00  12.469    86   5.1
   1  10   70.148  -64.173  400.510    0.00  12.455    85   5.1
   1  11   70.166  -64.515  401.640    0.00  12.632    79   5.1
   1  12   70.184  -63.977  402.374    0.00  12.753    81   5.1
   1  13   70.202  -64.606  402.997    0.00  12.852    83   5.1
   1  14   70.220  -64.165  403.739    0.00  12.975    82   5.1
   1  15   70.238  -62.196  404.163    0.00  13.050    82   5.1
   1  16   70.256  -63.400  404.920    0.00  13.188    78   5.1
   1  17   70.273  -65.383  405.206    0.00  13.234    78   5.1
   1  18   70.291  -64.274  406.745    0.00  13.478    80   5.1
   1  19   70.309  -65.293  407.580    0.00  13.605    79   5.1
   1  20   70.327  -65.151  407.930    0.00  13.659    77   5.1
   1  21   70.345  -63.714  409.138    0.00  13.853    79   5.1
   1  22   70.363  -64.513  409.372    0.00  13.892    78   5.1
   1  23   70.381  -67.764  409.681    0.00  13.940    76   5.1
   1  24   70.399  -68.223  410.000    1.75  12.893    81   5.1
   1  25   70.417  -52.035  410.000    2.73  12.381    72   5.1
   1  26   70.435  -45.533  410.000    2.98  12.309    70   5.1
   1  27   70.453  -41.002  410.000    3.45  12.196    67   5.1
   1  28   70.471  -53.554  410.000    4.35  11.882    65   5.1
   1  29   70.489  -52.614  410.000    4.63  11.788    64   5.1
   1  30   70.507  -49.291  410.000    5.60  11.488    63   5.1
   1  31   70.525  -47.176  410.000    6.18  11.321    60   5.1
   1  32   70.543  -45.397  410.000    6.66  11.195    60   5.1
   1  33   70.560  -44.629  410.000    6.86  11.144    59   5.1
   1  34   70.578  -42.012  410.000    7.53  10.987    59   5.1
   1  35   70.596  -40.304  410.000    7.94  10.896    58   5.1
   1  36   70.614  -38.617  410.000    8.33  10.815    57   5.1
   1  37   70.632  -37.111  410.000    8.67  10.749    58   5.1
   1  38   70.650  -35.673  410.000    8.98  10.692    57   5.1
   1  39   70.668  -34.217  410.000    9.27  10.640    56   5.1
   1  40   70.686  -32.736  410.000    9.57  10.591    56   5.1
   1  41   70.704  -32.092  410.000    9.69  10.571    55   5.1
   1  42   70.722  -29.863  410.000   10.10  10.509    53   5.1
   1  43   70.740  -28.686  410.000   10.30  10.481    53   5.1
   1  44   70.758  -28.179  410.000   10.39  10.469    52   5.1
   1  45   70.776  -26.311  410.000   10.69  10.430    52   5.1
   1  46   70.794  -25.131  410.000   10.87  10.408    51   5.1
   1  47   70.812  -23.943  410.000   11.04  10.388    52   5.1
   1  48   70.830  -23.419  410.000   11.12  10.379    51   5.1
   1  49   70.848  -20.452  410.000   11.25  10.366    50   5.1
   1  50   70.865  -20.281  410.000   11.39  10.353    50   5.1
   1  51   70.883  -20.021  410.000   11.60  10.334    51   5.1
   1  52   70.901  -19.856  410.000   11.73  10.322    51   5.1
   1  53   70.919  -19.782  410.000   11.79  10.317    50   5.1
   1  54   70.937  -19.527  410.000   11.99  10.299    51   5.1
   1  55   70.955  -19.362  410.000   12.12  10.287    51   5.1
   1  56   70.973  -19.199  410.000   12.25  10.275    51   5.1
   1  57   70.991  -19.038  410.000   12.38  10.264    51   5.1
   1  58   71.009  -18.882  410.000   12.51  10.253    51   5.1
   1  59   71.027  -18.722  410.000   12.63  10.242    51   5.1
   1  60   71.045  -18.610  410.000   12.73  10.235    50   5.1
   1  61   71.063  -18.363  410.000   12.93  10.218    51   5.1
   1  62   71.081  -18.206  410.000   13.05  10.207    51   5.1
   1  63   71.099  -18.050  410.000   13.18  10.197    51   5.1
   1  64   71.117  -17.893  410.000   13.31  10.187    51   5.1
   1  65   71.135  -17.741  410.000   13.43  10.177    51   5.1
   1  66   71.152  -17.589  410.000   13.55  10.167    51   5.1
***  ray stopped - illegal reflection  ***
   1  67   71.170   -3.223  401.898   16.25   9.031    49   6.1
***  ray stopped - illegal reflection  ***
   1  68   71.188   -6.611  404.786   16.21   9.404    51   6.1
***  ray stopped - illegal reflection  ***
   1  69   71.206   -7.656  405.602   16.19   9.509    51   6.1
***  ray stopped - illegal reflection  ***
   1  70   71.224   -8.639  406.417   16.18   9.613    51   6.1
***  ray stopped - illegal reflection  ***
   1   1   71.256   -9.839  407.485   16.17   9.748    51   6.1
***  ray stopped - illegal reflection  ***
   1   2   71.259   -9.981  407.616   16.16   9.765    51   6.1
***  ray stopped - illegal reflection  ***
   1   3   71.263  -10.070  407.699   16.16   9.775    52   6.1
***  ray stopped - illegal reflection  ***
   1   4   71.267  -10.170  407.793   16.16   9.787    52   6.1
***  ray stopped - illegal reflection  ***
   1   5   71.271  -10.270  407.885   16.16   9.799    53   6.1
***  ray stopped - illegal reflection  ***
   1   6   71.275  -10.378  407.989   16.16   9.812    53   6.1
***  ray stopped - illegal reflection  ***
   1   7   71.278  -10.473  408.083   16.16   9.824    53   6.1
***  ray stopped - illegal reflection  ***
   1   8   71.282  -10.581  408.191   16.16   9.837    53   6.1
   1   9   71.286   -3.549  410.000   16.07  10.066    54   6.1
   1  10   71.290   -4.058  410.000   16.06  10.066    54   6.1
   1  11   71.294   -4.439  410.000   16.05  10.066    54   6.1
   1  12   71.298   -4.772  410.000   16.05  10.066    54   6.1
   1  13   71.301   -5.040  410.000   16.05  10.067    54   6.1
   1  14   71.305   -5.237  410.000   16.05  10.066    54   6.1
   1  15   71.309   -5.457  410.000   16.05  10.066    54   6.1
   1  16   71.313   -5.616  410.000   16.06  10.066    54   6.1
   1  17   71.317   -5.782  410.000   16.06  10.066    54   6.1
   1  18   71.321   -5.942  410.000   16.07  10.066    54   6.1
   1  19   71.324   -6.080  410.000   16.08  10.066    54   6.1
   1  20   71.328   -6.207  410.000   16.08  10.065    54   6.1
   1  21   71.332   -6.328  410.000   16.09  10.065    54   6.1
   1  22   71.336   -6.441  410.000   16.10  10.065    54   6.1
   1  23   71.340   -6.544  410.000   16.12  10.064    54   6.1
   1  24   71.343   -6.633  410.000   16.13  10.064    54   6.1
   1  25   71.347  -12.184  410.000   16.15  10.063    53   6.1
   1  26   71.351  -12.178  410.000   16.17  10.062    52   6.1
   1  27   71.355  -12.173  410.000   16.19  10.061    52   6.1
   1  28   71.359  -12.169  410.000   16.21  10.060    52   6.1
   1  29   71.363  -12.163  410.000   16.23  10.059    52   6.1
   1  30   71.366  -12.158  410.000   16.25  10.058    52   6.1
   1  31   71.370  -12.151  410.000   16.27  10.057    52   6.1
   1  32   71.374  -12.146  410.000   16.29  10.056    52   6.1
   1  33   71.378  -12.137  410.000   16.31  10.054    52   6.1
   1  34   71.382  -12.131  410.000   16.33  10.053    52   6.1
   1  35   71.386  -12.123  410.000   16.35  10.052    52   6.1
   1  36   71.389  -12.113  410.000   16.37  10.051    52   6.1
   1  37   71.393  -12.104  410.000   16.39  10.050    52   6.1
   1  38   71.397  -12.094  410.000   16.41  10.049    52   6.1
   1  39   71.401  -12.085  410.000   16.43  10.048    52   6.1
   1  40   71.405  -12.075  410.000   16.45  10.047    52   6.1
   1  41   71.408  -12.064  410.000   16.48  10.045    52   6.1
   1  42   71.412  -12.052  410.000   16.50  10.044    53   6.1
   1  43   71.416  -12.041  410.000   16.52  10.043    53   6.1
   1  44   71.420  -12.029  410.000   16.54  10.042    53   6.1
   1  45   71.424  -12.017  410.000   16.56  10.041    53   6.1
   1  46   71.428  -12.003  410.000   16.59  10.040    53   6.1
   1  47   71.431  -11.990  410.000   16.61  10.039    53   6.1
   1  48   71.435  -11.977  410.000   16.63  10.037    53   6.1
   1  49   71.439  -11.965  410.000   16.65  10.036    53   6.1
   1  50   71.443  -11.948  410.000   16.68  10.035    53   6.1
   1  51   71.447  -11.934  410.000   16.70  10.034    53   6.1
   1  52   71.451  -11.920  410.000   16.72  10.033    53   6.1
   1  53   71.454  -11.905  410.000   16.74  10.031    53   6.1
   1  54   71.458  -11.889  410.000   16.77  10.030    53   6.1
   1  55   71.462  -11.872  410.000   16.79  10.029    53   6.1
   1  56   71.466  -11.858  410.000   16.81  10.028    53   6.1
   1  57   71.470  -11.841  410.000   16.84  10.027    53   6.1
   1  58   71.473   -8.945  410.000   17.94   9.977    53   6.1
   1  59   71.477   -8.979  410.000   17.95   9.976    53   6.1
   1  60   71.481   -9.013  410.000   17.96   9.976    53   6.1
   1  61   71.485   -9.041  410.000   17.97   9.975    53   6.1
   1  62   71.489   -9.071  410.000   17.99   9.975    53   6.1
   1  63   71.493   -9.097  410.000   18.00   9.974    53   6.1
   1  64   71.496   -9.120  410.000   18.02   9.973    53   6.1
   1  65   71.500   -9.141  410.000   18.04   9.973    53   6.1
   1  66   71.504   -9.161  410.000   18.05   9.972    53   6.1
   1  67   71.508   -9.177  410.000   18.07   9.971    53   6.1
   1  68   71.512   -9.191  410.000   18.09   9.970    53   6.1
   1  69   71.516   -9.203  410.000   18.11   9.970    53   6.1
   1  70   71.519   -9.214  410.000   18.13   9.969    53   6.1

***  less than nray rays traced for    5 ray groups  ***

|----------------------------------------------------------------|
|                                                                |
| total of   2066 rays consisting of   109458 points were traced |
|                                                                |
|           model consists of  9 layers and *** blocks           |
|                                                                |
|----------------------------------------------------------------|

 
Number of data points used:      605
RMS traveltime residual:       0.199
Normalized chi-squared:       10.966
 
 phase    npts   Trms   chi-squared
-----------------------------------
     1      35   0.053     0.811
     5     386   0.124     4.285
     8     105   0.139     5.397
    10      44   0.049     0.670
    14      32   0.575    94.810
    24       3   1.304   708.537
 
     shot  dir   npts   Trms   chi-squared
------------------------------------------
   348.590 -1     450   0.210    12.300
   348.590  1     155   0.160     7.148
 
