row_index,id,v_lc_obs_km_s,f_lower,delta_vp_fc_km_s,v_bulk_lower_km_s,v_bulk_upper_km_s,n_feasible,p_mean_gpa,f_mean,p_min_gpa,p_max_gpa,f_min,f_max,nearest_distance_km_s,nearest_p_gpa,nearest_f,nearest_vp_km_s
0,profile_01,7.0,0.5,0.1484446399619506,6.925777680019024,7.0,55,0.8650909090909089,0.02556363636363636,0.8,1.0000000000000002,0.02,0.037999999999999985,,,,
1,profile_02,7.05,0.55,0.1484446399619506,6.968355448020927,7.05,180,0.9108888888888891,0.032477777777777765,0.8,1.1800000000000004,0.02,0.06399999999999996,,,,
2,profile_03,6.95,0.45,0.1484446399619506,6.883199912017123,6.95,7,0.8200000000000002,0.021142857142857137,0.8,0.8600000000000001,0.02,0.023999999999999997,,,,
