{
  "meta": {
    "source": "KKHS02 Fig.5a/b F-loci vs catalog FC (wl1990)",
    "fitted": "2026-07-03",
    "mineral_backend": "sb1994_fig2ol",
    "kd_engine": "langmuir",
    "note": "additive_correction = -mean(simulation - digitized F-locus @ same V_LC)"
  },
  "f_anchors": [
    0.5,
    0.6,
    0.7,
    0.8
  ],
  "p_fc_MPa": [
    100.0,
    400.0
  ],
  "additive_correction_km_s": {
    "100": [
      0.0999122392164015,
      0.07158165539317367,
      0.0667216131471466,
      0.041472372632923124
    ],
    "400": [
      0.07531292951970894,
      0.06371707732086708,
      0.055286260473765336,
      0.036302284999854426
    ]
  },
  "fit_stats": {
    "a_vlc_100": {
      "0.5": {
        "mean_bias_km_s": -0.0999122392164015,
        "rms_before_km_s": 0.13826115319858379,
        "additive_correction_km_s": 0.0999122392164015,
        "sigma_paper_km_s": 0.03,
        "n_points": 26
      },
      "0.6": {
        "mean_bias_km_s": -0.07158165539317367,
        "rms_before_km_s": 0.11367664486741604,
        "additive_correction_km_s": 0.07158165539317367,
        "sigma_paper_km_s": 0.026666666666666665,
        "n_points": 37
      },
      "0.7": {
        "mean_bias_km_s": -0.0667216131471466,
        "rms_before_km_s": 0.10963384185197164,
        "additive_correction_km_s": 0.0667216131471466,
        "sigma_paper_km_s": 0.023333333333333338,
        "n_points": 40
      },
      "0.8": {
        "mean_bias_km_s": -0.041472372632923124,
        "rms_before_km_s": 0.09858833288405962,
        "additive_correction_km_s": 0.041472372632923124,
        "sigma_paper_km_s": 0.02,
        "n_points": 40
      }
    },
    "b_vlc_400": {
      "0.5": {
        "mean_bias_km_s": -0.07531292951970894,
        "rms_before_km_s": 0.11867249184271086,
        "additive_correction_km_s": 0.07531292951970894,
        "sigma_paper_km_s": 0.03,
        "n_points": 28
      },
      "0.6": {
        "mean_bias_km_s": -0.06371707732086708,
        "rms_before_km_s": 0.11298889293613727,
        "additive_correction_km_s": 0.06371707732086708,
        "sigma_paper_km_s": 0.026666666666666665,
        "n_points": 39
      },
      "0.7": {
        "mean_bias_km_s": -0.055286260473765336,
        "rms_before_km_s": 0.10708368163883034,
        "additive_correction_km_s": 0.055286260473765336,
        "sigma_paper_km_s": 0.023333333333333338,
        "n_points": 40
      },
      "0.8": {
        "mean_bias_km_s": -0.036302284999854426,
        "rms_before_km_s": 0.10130008095235216,
        "additive_correction_km_s": 0.036302284999854426,
        "sigma_paper_km_s": 0.02,
        "n_points": 40
      }
    }
  },
  "validation": {
    "a_vlc_100": {
      "0.5": {
        "rms_before_km_s": 0.13826115319858379,
        "rms_after_km_s": 0.08684576757288474,
        "mean_bias_after_km_s": -0.00328132082005179
      },
      "0.6": {
        "rms_before_km_s": 0.11367664486741604,
        "rms_after_km_s": 0.08241916633873635,
        "mean_bias_after_km_s": 0.0063489845191223495
      },
      "0.7": {
        "rms_before_km_s": 0.10963384185197164,
        "rms_after_km_s": 0.09717371932028837,
        "mean_bias_after_km_s": -0.019120089289417736
      },
      "0.8": {
        "rms_before_km_s": 0.09858833288405962,
        "rms_after_km_s": 0.09411382744127932,
        "mean_bias_after_km_s": -0.009454756739103074
      }
    },
    "b_vlc_400": {
      "0.5": {
        "rms_before_km_s": 0.11867249184271086,
        "rms_after_km_s": 0.08436989384443476,
        "mean_bias_after_km_s": -0.0029240951490351495
      },
      "0.6": {
        "rms_before_km_s": 0.11298889293613727,
        "rms_after_km_s": 0.08416573420910053,
        "mean_bias_after_km_s": 0.018495436421133434
      },
      "0.7": {
        "rms_before_km_s": 0.10708368163883034,
        "rms_after_km_s": 0.09981703344997624,
        "mean_bias_after_km_s": -0.017055021597228073
      },
      "0.8": {
        "rms_before_km_s": 0.10130008095235216,
        "rms_after_km_s": 0.0999660847489762,
        "mean_bias_after_km_s": -0.009002120119959336
      }
    }
  }
}
