{
  "meta": {
    "source": "Fig.5 digitized F-loci (100Mpa.txt, 400Mpa.txt)",
    "model": "delta_vp += c0 + c1 * F_solid",
    "p_fc_tracks_MPa": [
      100,
      400
    ],
    "mineral_backend": "sb1994_fig2ol",
    "kd_engine": "langmuir",
    "catalog_n": 40
  },
  "tracks": {
    "100": {
      "panel": "a_vlc_100",
      "p_fc_MPa": 100.0,
      "coeff": [
        -0.16776466193586484,
        0.17756872953757558
      ],
      "f_nodes": [
        0.5,
        0.6,
        0.7,
        0.8
      ],
      "bias_sim_minus_paper": [
        -0.09561250763009922,
        -0.07082623646285753,
        -0.06652253082750074,
        -0.04112552219659651
      ],
      "correction_at_nodes": [
        0.09561250763009922,
        0.07082623646285753,
        0.06652253082750074,
        0.04112552219659651
      ]
    },
    "400": {
      "panel": "b_vlc_400",
      "p_fc_MPa": 400.0,
      "coeff": [
        -0.08780430493988632,
        0.10695223617850172
      ],
      "f_nodes": [
        0.5,
        0.6,
        0.7,
        0.8
      ],
      "bias_sim_minus_paper": [
        -0.07105755406569397,
        -0.03756514752246549,
        -0.05487582303338421,
        -0.03601922724875896
      ],
      "correction_at_nodes": [
        0.07105755406569397,
        0.03756514752246549,
        0.05487582303338421,
        0.03601922724875896
      ]
    }
  }
}
